"spelling","example_en","example_cn","source_sentence_id","license"
"abandon","Don't abandon me!","別放棄我!","tatoeba:606530/1351367","CC BY 2.0 FR"
"abandon","I won't abandon you.","我不会放弃你的。","tatoeba:2271940/11236338","CC BY 2.0 FR"
"abandon","I will not abandon you.","我不会丢下你。","tatoeba:5573296/5550018","CC BY 2.0 FR"
"abnormal","His view on marriage is abnormal.","他的婚姻觀很畸形。","tatoeba:7785145/6452361","CC BY 2.0 FR"
"abnormal","Environmental pollution is causing abnormal weather conditions.","環境污染正造成異常的天氣情況。","tatoeba:21016/797018","CC BY 2.0 FR"
"abolish","How can we abolish war?","我們怎樣才能停止戰爭？","tatoeba:38603/348394","CC BY 2.0 FR"
"abolish","We should abolish the death penalty.","我们应该废除死刑。","tatoeba:266987/2077797","CC BY 2.0 FR"
"abortion","Are you for or against abortion?","你支持还是反对堕胎？","tatoeba:1464223/332898","CC BY 2.0 FR"
"abortion","Do you support or oppose abortion?","你支持还是反对堕胎？","tatoeba:1544425/332898","CC BY 2.0 FR"
"absence","Did anyone come in my absence?","我不在的时候有没有人来？","tatoeba:252066/402916","CC BY 2.0 FR"
"absence","A Mr West called in your absence.","有个West先生在你不在的时候打过电话来。","tatoeba:325488/414215","CC BY 2.0 FR"
"absence","How do you account for your absence?","你怎麼解釋你缺席的原因？","tatoeba:16180/351042","CC BY 2.0 FR"
"absorb","I can't absorb all of the lesson in an hour.","我不能一小時內徹底的了解那堂課程。","tatoeba:252456/1996923","CC BY 2.0 FR"
"absorb","Trees give off oxygen and absorb carbon dioxide.","树木排出氧气，吸收二氧化碳。","tatoeba:266244/380720","CC BY 2.0 FR"
"absorb","It feels like it's going to absorb you into another world.","它的感觉像是它把你吸到了另外一个世界。","tatoeba:4835367/4844745","CC BY 2.0 FR"
"abstract","I made an abstract of a book.","我為一本書寫了內容提要。","tatoeba:322062/908533","CC BY 2.0 FR"
"abstract","This description is too abstract.","这个描述太抽象了。","tatoeba:4800241/8635820","CC BY 2.0 FR"
"abstract","Some abstract art is difficult to understand.","一些抽象藝術是很難理解的。","tatoeba:277567/798166","CC BY 2.0 FR"
"absurd","He is foolish and absurd.","他愚蠢且荒谬。","tatoeba:12080397/2188423","CC BY 2.0 FR"
"absurd","It's absurd of you to do that.","你那么做真是太过荒谬了.","tatoeba:17990/341930","CC BY 2.0 FR"
"absurd","It is absurd of you to do that.","你那么做真是太过荒谬了.","tatoeba:17991/341930","CC BY 2.0 FR"
"abundance","She lives in abundance.","她过着富足的日子。","tatoeba:317305/1394925","CC BY 2.0 FR"
"abundance","I prefer traditional characters. Due to the abundance of reading materials in simplified characters, I can recognize many of them too.","我偏愛繁體字。因為有大量的簡體字的閱讀材料，我也認識很多簡體字。","tatoeba:852279/852278","CC BY 2.0 FR"
"abundant","These fields yield an abundant harvest.","这些田有很多收获。","tatoeba:12114610/2879162","CC BY 2.0 FR"
"abundant","There is an abundant supply of foodstuffs.","糧食供應十分充足。","tatoeba:268802/633875","CC BY 2.0 FR"
"abundant","The United States is abundant in natural resources.","美国的自然资源很丰富。","tatoeba:320221/334791","CC BY 2.0 FR"
"abuse","Tom has a long history of drug abuse.","湯姆有長期濫用藥物的歷史。","tatoeba:7130832/13940637","CC BY 2.0 FR"
"abuse","We can only abuse of things that are good.","我们只能滥用善良的。","tatoeba:901867/2575652","CC BY 2.0 FR"
"abuse","How long, O Catiline, will you abuse our patience?","喀提林，你還會濫用我們的耐心多久呀？","tatoeba:1626988/10335181","CC BY 2.0 FR"
"academic","Academic fraud is more common than you might think.","学术造假比你想象的普遍。","tatoeba:3070175/5630453","CC BY 2.0 FR"
"academic","Schoolwork, cultural work and academic work should all be promoted together.","學生工作、文化工作和學術工作應該同時推進。","tatoeba:7782288/5649293","CC BY 2.0 FR"
"accelerate","The car continued to accelerate.","車子繼續加速。","tatoeba:3621197/1489766","CC BY 2.0 FR"
"access","Damiano can access Isabella's PC.","達米亞諾可以使用伊莎貝拉的電腦。","tatoeba:11694475/13527566","CC BY 2.0 FR"
"access","She gave me access to her records.","她允許了我對她的訪問紀錄。","tatoeba:312428/805213","CC BY 2.0 FR"
"access","Why is my internet access so slow?","我的网怎么会这么慢？","tatoeba:9535977/9526045","CC BY 2.0 FR"
"accident","He had an accident.","他遇到了事故。","tatoeba:947875/947986","CC BY 2.0 FR"
"accident","We met her by accident.","我们偶然碰到了她。","tatoeba:248601/332910","CC BY 2.0 FR"
"accident","Tom had a bad accident.","汤姆出了桩事故。","tatoeba:4660279/9968967","CC BY 2.0 FR"
"accommodate","The motel can accommodate as many as 400 guests.","汽车旅馆可以接待多达400名客人。","tatoeba:49843/799253","CC BY 2.0 FR"
"accommodate","This classroom can accommodate only thirty students.","這間班房只能容納三十個學生。","tatoeba:59669/546598","CC BY 2.0 FR"
"accommodation","Do you offer accommodation?","您提供住宿吗？","tatoeba:6105414/10752765","CC BY 2.0 FR"
"accomplish","We didn't accomplish much.","我們沒取得什麼成果。","tatoeba:7733449/13663168","CC BY 2.0 FR"
"accomplish","Did you accomplish the task?","你成功完成任務了嗎？","tatoeba:245448/339278","CC BY 2.0 FR"
"accomplish","How did you accomplish this?","你是怎麼完成的？","tatoeba:4127638/5632418","CC BY 2.0 FR"
"accord","I chose this dictionary of my own accord.","這本詞典是我自己選的。","tatoeba:253639/348403","CC BY 2.0 FR"
"accord","The story is not in accord with the facts.","这个故事与事实不符。","tatoeba:43284/1408089","CC BY 2.0 FR"
"accord","This measure is in accord with our policy.","這個議案合符我們的政策內容。","tatoeba:59726/361746","CC BY 2.0 FR"
"account","Your account is empty.","你的賬戶空了。","tatoeba:70339/5868149","CC BY 2.0 FR"
"account","I have a Twitter account.","我有一个推特账号。","tatoeba:3189179/9544130","CC BY 2.0 FR"
"account","I have a Facebook account.","我有一个Facebook的帐号。","tatoeba:436627/478841","CC BY 2.0 FR"
"accurate","My watch is very accurate.","我的手錶很準。","tatoeba:251021/6150021","CC BY 2.0 FR"
"accurate","My prediction was accurate.","我的预言是真确的。","tatoeba:6265809/6590315","CC BY 2.0 FR"
"accurate","My predictions were accurate.","我的預測是正確的。","tatoeba:3831722/10335027","CC BY 2.0 FR"
"accuse","Why do you accuse my son?","你为什么指责我儿子？","tatoeba:16453/471327","CC BY 2.0 FR"
"accuse","You can't accuse him of theft without having proof.","没有证据你们不能指责他偷东西。","tatoeba:5069928/1326493","CC BY 2.0 FR"
"accuse","How can you accuse me of such a thing? I would never lay a hand on my child.","你怎么敢指责我做这种事？我决不会动手打我的儿子。","tatoeba:741556/755892","CC BY 2.0 FR"
"accustomed","He's accustomed to traveling.","他習慣了旅行。","tatoeba:387430/825129","CC BY 2.0 FR"
"accustomed","I'm accustomed to the climate.","我对这气候习惯了。","tatoeba:7810469/5696835","CC BY 2.0 FR"
"accustomed","I am accustomed to the climate.","我对这气候习惯了。","tatoeba:1112777/5696835","CC BY 2.0 FR"
"achievement","The moon landing was a monumental achievement.","登月是一項里程碑式的成就。","tatoeba:238850/7832320","CC BY 2.0 FR"
"achievement","""Literary composition is a great achievement that concerns the ruling of a state, a splendid affair of eternal standing"".","""文學作品是關係到一個國家統治的偉大成就，以及永恆地位的輝煌事跡""。","tatoeba:828039/828688","CC BY 2.0 FR"
"acid","The acid ate into the metal.","酸性腐蚀了金属。","tatoeba:245176/2819994","CC BY 2.0 FR"
"acid","Tom fell into a vat of sulfuric acid.","Tom 摔倒进一桶硫酸中","tatoeba:5973391/5973392","CC BY 2.0 FR"
"acid","Acid rain isn't a natural phenomenon.","酸雨不是自然现象。","tatoeba:7493025/334644","CC BY 2.0 FR"
"acknowledge","You should acknowledge your failure.","你应该承认自己的失败。","tatoeba:16026/787947","CC BY 2.0 FR"
"acknowledge","Acknowledge your own faults before criticizing others.","要批評別人時，先想想自己是否完美無缺。","tatoeba:4761266/838327","CC BY 2.0 FR"
"acknowledge","First acknowledge, then deny – one for and one against – and then you are in a powerful position.","先肯定后否定，一正一反，就分外有力量。","tatoeba:2367505/2367504","CC BY 2.0 FR"
"acquaintance","I'm glad to make your acquaintance.","我很高興能夠認識您。","tatoeba:6873029/804958","CC BY 2.0 FR"
"acquaintance","Mr Smith is an acquaintance of hers.","史密斯先生是她的一个相识。","tatoeba:51599/792856","CC BY 2.0 FR"
"acquaintance","I am glad to make your acquaintance.","我很高興能夠認識您。","tatoeba:266997/804958","CC BY 2.0 FR"
"acquire","One can acquire this book in one store only.","只有一家商店卖这本书。","tatoeba:658673/1047372","CC BY 2.0 FR"
"acquire","They sent their son to Europe to acquire culture.","他們送他們的兒子到歐洲去學習文化。","tatoeba:306380/874169","CC BY 2.0 FR"
"acquire","Had I the money, I would immediately acquire this computer.","我要是有钱，立马就买这台电脑。","tatoeba:939354/7774776","CC BY 2.0 FR"
"acute","He's suffering from acute pain in his life.","他一生為急性疼痛所苦。","tatoeba:619125/781087","CC BY 2.0 FR"
"acute","A blind person's hearing is often very acute.","盲人的耳朵通常十分靈敏。","tatoeba:323722/672604","CC BY 2.0 FR"
"acute","Her acute observation skills make her a very suitable photographer.","她因为敏锐的观察力，很适合当一名摄影师。","tatoeba:2160731/2144025","CC BY 2.0 FR"
"adapt","You have to adapt to circumstances.","你必須隨機應變。","tatoeba:1058874/1059271","CC BY 2.0 FR"
"adapt","I'm slow to adapt to new situations.","我适应新环境很慢。","tatoeba:2173049/9526055","CC BY 2.0 FR"
"adapt","Some plants cannot adapt themselves to the cold.","有些植物无法适应寒冷。","tatoeba:67237/334064","CC BY 2.0 FR"
"addict","He's a meth addict.","他是个吸毒男。","tatoeba:1668567/2513911","CC BY 2.0 FR"
"addict","She's a blog addict.","她是一个微博控。","tatoeba:2149715/1703792","CC BY 2.0 FR"
"addict","Wan-chun’s a total drama addict — Korean, American, she watches them all.","婉君超愛追劇，韓劇、美劇她都看。","tatoeba:13523806/13523781","CC BY 2.0 FR"
"addition","In addition, I can fly.","除此之外，我還會飛。","tatoeba:3210935/10692073","CC BY 2.0 FR"
"addition","Do you need anything in addition?","你还有什么需要吗？","tatoeba:2264184/13878977","CC BY 2.0 FR"
"addition","My boy can't do addition properly yet.","我的兒子還不懂加法。","tatoeba:65536/424889","CC BY 2.0 FR"
"additional","We decided to stay an additional day.","我們決定多待一天。","tatoeba:13380651/13870988","CC BY 2.0 FR"
"additional","As a consequence, additional tests must be carried out to ensure complete security.","因此，必须进行额外的测试以确保完整的安全性。","tatoeba:2915520/2915519","CC BY 2.0 FR"
"additional","Customers who purchase a new device can enjoy additional trial period as a promotional offer.","購買新裝置的用戶可享有額外試用優惠。","tatoeba:13511559/13511557","CC BY 2.0 FR"
"adequate","This meal is adequate for three.","这饭足够三个人吃。","tatoeba:72682/1397137","CC BY 2.0 FR"
"adequate","We need not only adequate water but clean water.","我們不僅需要充足的水，還需要乾淨的水。","tatoeba:248858/1401678","CC BY 2.0 FR"
"adjacent","The stadium is adjacent to the school.","體育場毗鄰學校。","tatoeba:48721/13513759","CC BY 2.0 FR"
"adjacent","The post office is adjacent to the library.","郵局在圖書館旁邊。","tatoeba:324550/349719","CC BY 2.0 FR"
"adjacent","The living room is adjacent to the dining room.","客廳緊鄰著餐廳。","tatoeba:13559588/919610","CC BY 2.0 FR"
"adjust","I can adjust.","我可以去适应一下。","tatoeba:11894515/13878985","CC BY 2.0 FR"
"adjust","Our eyes take time to adjust to the dark.","我们的眼睛需要时间来适应黑暗。","tatoeba:482338/334396","CC BY 2.0 FR"
"adjust","I can't adjust myself to the climate here.","我不能適應這裡的氣候。","tatoeba:2264264/6091818","CC BY 2.0 FR"
"admit","I admit I'm wrong.","我承認我錯了。","tatoeba:713297/819339","CC BY 2.0 FR"
"admit","I'll admit I'm wrong.","我承認我錯了。","tatoeba:321323/819339","CC BY 2.0 FR"
"admit","I admit it's strange.","我承認這很奇怪。","tatoeba:7183778/13612518","CC BY 2.0 FR"
"adopt","Adopt his concepts.","採用他的理念。","tatoeba:12677920/13138960","CC BY 2.0 FR"
"adopt","My wife wants to adopt a child.","我妻子想收养一个孩子。","tatoeba:1413465/1415755","CC BY 2.0 FR"
"adopt","I think it's better for us to adopt his plan.","我认为采用他的计划对我们比较好。","tatoeba:395698/784516","CC BY 2.0 FR"
"adore","The students adore the new English teacher.","学生们崇拜新的英语老师。","tatoeba:271806/918428","CC BY 2.0 FR"
"advantage","It is to his advantage.","這對他有利。","tatoeba:42164/10478311","CC BY 2.0 FR"
"advantage","That's to our advantage.","那對我們有利。","tatoeba:10589458/10587671","CC BY 2.0 FR"
"advantage","I sold the house to advantage.","我把房子卖了个好价钱。","tatoeba:256510/1870318","CC BY 2.0 FR"
"advocate","I'm just playing the devil's advocate.","我在给魔鬼当辩护士。","tatoeba:2050654/5663585","CC BY 2.0 FR"
"advocate","China is an advocate for the Diaoyu Islands' sovereignty.","中国主张钓鱼岛的主权。","tatoeba:2042298/1861206","CC BY 2.0 FR"
"advocate","More and more environmentalists advocate and use environmentally friendly unleaded petrol in cars.","越来越多的环保者开始宣传和使用以环保的无铅汽油为燃料的汽车。","tatoeba:736843/736841","CC BY 2.0 FR"
"affection","He wants affection.","他要愛。","tatoeba:293463/780246","CC BY 2.0 FR"
"affection","Every mother has affection for her child.","每個母親都疼愛自己的孩子。","tatoeba:51687/349770","CC BY 2.0 FR"
"affection","Everyone knows of his affection for that dog.","人人都知道他對那狗的感情。","tatoeba:2264196/5856776","CC BY 2.0 FR"
"affirm","It doesn't matter how others see you. What is important is to be sure to affirm your own self.","别人怎样看自己不重要,重要的是要保证自己得到自己的认同。","tatoeba:7822990/1758134","CC BY 2.0 FR"
"aggressive","You need to be aggressive.","你需要更有进取心。","tatoeba:9080497/9970177","CC BY 2.0 FR"
"aggressive","He is an aggressive person.","他是个咄咄逼人的的人。","tatoeba:295953/787539","CC BY 2.0 FR"
"aggressive","Mary is very aggressive, isn't she?","玛丽有些咄咄逼人，不是吗？","tatoeba:6424148/8975258","CC BY 2.0 FR"
"agreeable","He is an agreeable person.","他是个好脾气的人。","tatoeba:300170/9012191","CC BY 2.0 FR"
"agreeable","She has an agreeable voice.","她的声音令人愉快。","tatoeba:309497/1397308","CC BY 2.0 FR"
"aid","Perhaps you will seek his aid.","你也许要寻求他的帮助。","tatoeba:2403393/2394810","CC BY 2.0 FR"
"aid","Doctor, please give this child first aid.","医生，请给这孩子急救。","tatoeba:272772/332451","CC BY 2.0 FR"
"aisle","Window or aisle?","窗戶還是走廊？","tatoeba:516633/9035055","CC BY 2.0 FR"
"aisle","I'd like an aisle seat, please.","請給我靠走道的位子。","tatoeba:278424/859040","CC BY 2.0 FR"
"aisle","Would you like a window or aisle seat?","你想靠窗還是走廊？","tatoeba:9408770/6559064","CC BY 2.0 FR"
"alarm","The fire alarm rang.","火警警报响了。","tatoeba:23849/334258","CC BY 2.0 FR"
"alarm","The fire alarm sounded.","火警警报响了。","tatoeba:23848/334258","CC BY 2.0 FR"
"alarm","Do you sell alarm clocks?","您賣鬧鐘嗎？","tatoeba:2264186/10270501","CC BY 2.0 FR"
"album","My album is here.","我的相簿在這裡。","tatoeba:449108/826033","CC BY 2.0 FR"
"album","I bought John an album.","我買了一張專輯給約翰。","tatoeba:253930/918077","CC BY 2.0 FR"
"album","He showed me his album.","他给我看了他的影集。","tatoeba:297473/657614","CC BY 2.0 FR"
"alcohol","Can I drink alcohol?","我可以喝酒吗？","tatoeba:64381/567980","CC BY 2.0 FR"
"alcohol","May I drink alcohol?","我可以喝酒吗？","tatoeba:1258667/567980","CC BY 2.0 FR"
"alcohol","Don't drink alcohol.","不要喝酒。","tatoeba:12680254/345668","CC BY 2.0 FR"
"alert","I'll alert Tom.","我会警告汤姆。","tatoeba:2235745/5903479","CC BY 2.0 FR"
"alert","You're very alert.","你真是警惕。","tatoeba:5199593/5613627","CC BY 2.0 FR"
"alert","The tsunami alert was cancelled.","海啸的警报解除了。","tatoeba:828794/829687","CC BY 2.0 FR"
"alien","I swear, I saw an alien!","我发誓我看到了外星人。","tatoeba:3348220/4759980","CC BY 2.0 FR"
"alien","If we ever came in contact with an alien race, how would we communicate with it?","如果有天我們真的和外星人有了接觸，我們應該怎樣和他們溝通呢？","tatoeba:520994/1083789","CC BY 2.0 FR"
"alleviate","This kind of medicine can temporarily alleviate pain. If you need it, just take it.","这种药可以暂时缓解身体的疼痛，你需要的话就拿去吧。","tatoeba:3537576/3537575","CC BY 2.0 FR"
"alleviate","In order to alleviate employment pressures, the nation has established a series of relevant policies.","为了缓解就业压力，国家已经制定了一系列相关政策。","tatoeba:3537574/3537572","CC BY 2.0 FR"
"alternate","Please list alternate dates.","請列出備選日期。","tatoeba:275386/13846667","CC BY 2.0 FR"
"alternative","They had no alternative but to retreat.","他们不得不后撤。","tatoeba:307088/616341","CC BY 2.0 FR"
"alternative","We have the alternative of death and submission.","我們要選擇是死亡還是臣服。","tatoeba:23486/5948459","CC BY 2.0 FR"
"alternative","Don't include multiple alternative words inside the same sentence.","在同一句中不要包含多个可选单词。","tatoeba:8395097/8463600","CC BY 2.0 FR"
"ambiguous","This sentence is ambiguous.","此句有歧義","tatoeba:6840666/7316730","CC BY 2.0 FR"
"ambition","He was a man of great ambition.","他是个很有野心的人。","tatoeba:301342/437937","CC BY 2.0 FR"
"ambition","He has ambition, so he works hard.","他有抱負，所以他很努力工作。","tatoeba:476491/875308","CC BY 2.0 FR"
"ambition","Mary wanted to marry a man with ambition.","以前，玛丽想和一位有雄心壮志的男人结婚。","tatoeba:1096131/7768248","CC BY 2.0 FR"
"ambitious","The difference between bragging and being ambitious is miniscule.","吹噓與雄心的差別甚小。","tatoeba:10262092/12986027","CC BY 2.0 FR"
"ambitious","I'm someone ambitious - someone who knows very well what he is after.","我是有志向的人——清楚自己的目標。","tatoeba:2169087/2166030","CC BY 2.0 FR"
"ambitious","I'm someone ambitious - someone who knows very well what she is after.","我是有志向的人——清楚自己的目標。","tatoeba:2169092/2166030","CC BY 2.0 FR"
"analysis","She maintains that her analysis is correct.","她堅持自己的分析是正確的。","tatoeba:2658079/2638735","CC BY 2.0 FR"
"analysis","We have to make a close analysis of the accident.","我們要詳細的分析一下意外發生的前因後果。","tatoeba:22940/422002","CC BY 2.0 FR"
"analysis","Survival analysis showed a significant reduction.","存活分析顯示，機率顯著減少。","tatoeba:4256890/13180318","CC BY 2.0 FR"
"ancient","These ruins are ancient.","这些废墟年代久远。","tatoeba:3231256/9475761","CC BY 2.0 FR"
"ancient","I bought an ancient lamp.","我买了一盏古老的灯。","tatoeba:4577232/332752","CC BY 2.0 FR"
"ancient","This is an ancient castle.","这是一座古老的城堡。","tatoeba:10673884/10199250","CC BY 2.0 FR"
"annoy","He made mistakes on purpose to annoy me.","他为了惹恼我故意犯错。","tatoeba:298134/1397133","CC BY 2.0 FR"
"annual","I don't know my father's annual income.","我不知到我爸的年收入是多少。","tatoeba:261552/2045080","CC BY 2.0 FR"
"annual","The Easter Egg Roll is an annual event that is held on the lawn of the White House each Easter Monday.","复活节滚彩蛋活动每年复活节周一都会在白宫的草地上举行。","tatoeba:5011230/13893668","CC BY 2.0 FR"
"annual","I counted. A pine tree like this has over three hundred annual rings, yet it took only 15 minutes to cut it down.","我数了一下，这样一棵松树有三百多圈年轮。而砍倒它只需要15分钟。","tatoeba:13896619/13896611","CC BY 2.0 FR"
"anonymous","You want to remain anonymous.","你想保持匿名身份。","tatoeba:1325448/7768398","CC BY 2.0 FR"
"anonymous","The questions will not take long, and everything would be kept completely anonymous.","问题不需要占用很多时间，也完全不要留名。","tatoeba:744252/744254","CC BY 2.0 FR"
"anticipate","I anticipate that there will be trouble.","我預料會有麻煩。","tatoeba:243440/941094","CC BY 2.0 FR"
"anticipate","We do not anticipate their buying a new car.","我們認為他們不會買新車。","tatoeba:305015/361747","CC BY 2.0 FR"
"anxiety","Mennad's anxiety was kicking.","梅納德的焦慮感湧了上來。","tatoeba:8017455/13867402","CC BY 2.0 FR"
"anxiety","She has anxiety for your safety.","她担心你的安全。","tatoeba:313368/614777","CC BY 2.0 FR"
"anxiety","He caused his parents a lot of anxiety.","他讓父母很擔心。","tatoeba:304719/425417","CC BY 2.0 FR"
"apartment","I live in an apartment.","我住在一間公寓裡。","tatoeba:252968/10363134","CC BY 2.0 FR"
"apartment","We rented an apartment.","我们租了公寓。","tatoeba:262701/10230453","CC BY 2.0 FR"
"apartment","We rented the apartment.","我们租了公寓。","tatoeba:649897/10230453","CC BY 2.0 FR"
"apology","We owe you an apology.","我们欠你个道歉。","tatoeba:2953748/5907641","CC BY 2.0 FR"
"apology","We didn't get an apology.","我们没有收到过道歉。","tatoeba:4529940/5091730","CC BY 2.0 FR"
"apology","I must make an apology to her.","我不得不向她道歉。","tatoeba:261191/339474","CC BY 2.0 FR"
"appeal","We made an appeal for support.","我們提出了請求支持的呼籲。","tatoeba:248777/908527","CC BY 2.0 FR"
"appeal","His music and words appeal to young people.","他的曲和詞都很受年輕人歡迎。","tatoeba:285641/343306","CC BY 2.0 FR"
"appeal","The defendant will appeal to a higher court.","被告会向上级法院上诉。","tatoeba:317889/2029437","CC BY 2.0 FR"
"appearance","Appearance isn't all.","外表并不是全部。","tatoeba:4761221/4267383","CC BY 2.0 FR"
"appearance","His appearance deceived me.","他的外表欺騙了我。","tatoeba:285783/346909","CC BY 2.0 FR"
"appearance","His appearance led me astray.","他的外表欺騙了我。","tatoeba:5073593/346909","CC BY 2.0 FR"
"applaud","All the students applaud.","所有的學生都拍手。","tatoeba:1866652/738511","CC BY 2.0 FR"
"applaud","The whole audience got up and started to applaud.","所有的观众都站起来鼓掌。","tatoeba:273824/2394584","CC BY 2.0 FR"
"appliance","This is an appliance for drying clothes.","這是一個晾衣服的器具。","tatoeba:7772915/5689265","CC BY 2.0 FR"
"application","This application is awesome.","這個應用好極了。","tatoeba:8783917/10308981","CC BY 2.0 FR"
"application","He's writing an application.","他在寫申請書呢。","tatoeba:10515987/10518663","CC BY 2.0 FR"
"application","Jane filled out an application.","珍填好了一張申請書。","tatoeba:53742/834883","CC BY 2.0 FR"
"apply","This rule does not apply in all cases.","这条规则不是任何情况下都奏效的。","tatoeba:60347/1424167","CC BY 2.0 FR"
"apply","This rule doesn't apply to every case.","這條規則不是甚麼時候都適用的。","tatoeba:61201/378275","CC BY 2.0 FR"
"apply","You can't apply this rule to every case.","你不能把這規則應用在所有事上。","tatoeba:70091/347731","CC BY 2.0 FR"
"approach","The president is difficult to approach.","总统很难接近。","tatoeba:68284/1541586","CC BY 2.0 FR"
"approach","That's the best approach to the study of English.","那是学英语最好的方法。","tatoeba:43126/426874","CC BY 2.0 FR"
"approach","We should approach this problem from different angles.","我們應該用各種不同的角度看待此問題","tatoeba:23236/6842399","CC BY 2.0 FR"
"appropriate","Local people can give appropriate advice.","當地人可以給予適切的建議。","tatoeba:7781100/1977877","CC BY 2.0 FR"
"appropriate","Do you think it's appropriate to talk like that?","你觉得说这种话合适吗？","tatoeba:10540376/9990126","CC BY 2.0 FR"
"appropriate","I need to configure this server with an appropriate firewall system.","我该在这个服务器上设置一个防火墙。","tatoeba:398288/426406","CC BY 2.0 FR"
"approve","I completely approve!","我完全贊同！","tatoeba:13531689/13531842","CC BY 2.0 FR"
"approve","I approve of your plan.","我贊成你的計劃。","tatoeba:17259/342716","CC BY 2.0 FR"
"approve","I'm sure Tom would approve.","我確定湯姆會同意。","tatoeba:3330681/6635876","CC BY 2.0 FR"
"apt","He is apt to forget.","他很善忘。","tatoeba:303687/345764","CC BY 2.0 FR"
"apt","He is apt to be late.","他很容易遲到。","tatoeba:301509/786101","CC BY 2.0 FR"
"apt","You're apt to be forgetful.","你很健忘。","tatoeba:8332983/2007070","CC BY 2.0 FR"
"arbitrary","My mother prefers the arbitrary selection of the lottery machines over my lucky numbers.","我母亲宁愿选彩票机上的任意数字，也不选我的幸运数字。","tatoeba:1932/502909","CC BY 2.0 FR"
"arbitrary","Godwin's law teaches us that any infinite discussion about an arbitrary subject converges to a Nazi comparison.","高德温法则告诉我们对任何主题的所有无休止的讨论会趋于和纳粹主义的类比。","tatoeba:790385/797512","CC BY 2.0 FR"
"arena","Tomorrow the Chinese national team play against the Korean national team in their home arena.","明天中國國家隊主場對陣韓國國家隊。","tatoeba:7265309/5968306","CC BY 2.0 FR"
"argue","Let's not argue.","我們別吵了。","tatoeba:2007873/2660863","CC BY 2.0 FR"
"argue","We don't have time to argue.","我們沒有時間來辯論。","tatoeba:7221544/6093897","CC BY 2.0 FR"
"argue","Tom and Mary argue with each other all the time.","汤姆和玛丽无时无刻不在辩论。","tatoeba:1096008/9970749","CC BY 2.0 FR"
"arouse","How to arouse a woman's desire?","如何引起女人的渴望？","tatoeba:508834/503272","CC BY 2.0 FR"
"arouse","Coffee does not arouse my interest.","咖啡不能引起我的兴趣。","tatoeba:1172855/918514","CC BY 2.0 FR"
"arrange","Can you arrange for a night tour bus?","你能安排一個晚上坐觀光巴士嗎?","tatoeba:323987/786105","CC BY 2.0 FR"
"arrange","In the afternoon I must arrange for the trip.","下午我必须为旅行做准备了。","tatoeba:240083/1397121","CC BY 2.0 FR"
"arrange","I'll arrange for someone to pick you up at your home.","我会安排一下，叫个人去你家接你。","tatoeba:40484/334326","CC BY 2.0 FR"
"arrangement","Flower arrangement is a part of Japanese culture.","花道是日本文化的一部分。","tatoeba:271735/9690028","CC BY 2.0 FR"
"array","The trigonometric functions satisfy a wide array of notable algebraic identities.","三角函數滿足各種代數恆等式。","tatoeba:13600283/13833974","CC BY 2.0 FR"
"array","Behind every animal on the Chinese zodiac lies an array of proverbs, sayings and stories.","每一個生肖的背後都有著數不盡的成語、諺語和故事。","tatoeba:737819/737813","CC BY 2.0 FR"
"arrest","Did the police arrest Tom?","警察逮捕了湯姆嗎？","tatoeba:1495817/10463267","CC BY 2.0 FR"
"arrest","Why don't the police arrest Tom?","为什么警察不逮捕Tom？","tatoeba:1092106/1328167","CC BY 2.0 FR"
"arrogant","How arrogant!","好自大啊！","tatoeba:1915781/841579","CC BY 2.0 FR"
"arrogant","Don't be so arrogant!","別那麼傲慢。","tatoeba:10363106/10320181","CC BY 2.0 FR"
"arrogant","Mary is very arrogant, isn't she?","玛丽太骄傲了，不是吗？","tatoeba:6425533/9401390","CC BY 2.0 FR"
"articulate","Sometimes he has difficulty being articulate about his views.","他有时候会难以清楚地表达他的意见。","tatoeba:1991/503008","CC BY 2.0 FR"
"artificial","It's an artificial flower.","這是朵人造花。","tatoeba:42254/1233792","CC BY 2.0 FR"
"artificial","I don't like artificial flowers.","我不喜歡假花。","tatoeba:259202/834588","CC BY 2.0 FR"
"artificial","AI means Artificial Intelligence.","AI是人工智能的略称。","tatoeba:427666/4104741","CC BY 2.0 FR"
"aspect","Only some students understand that aspect.","只有几个学生懂那个方面。","tatoeba:7768493/829297","CC BY 2.0 FR"
"aspect","Imagination affects every aspect of our lives.","想像力影响着我们生活的各个方面。","tatoeba:1601/334165","CC BY 2.0 FR"
"aspect","Do you think that you are qualified for that aspect of the work?","你认为可以胜任那些方面的工作？","tatoeba:7825913/420988","CC BY 2.0 FR"
"aspiration","Each has their aspiration.","人各有志。","tatoeba:9401846/1766311","CC BY 2.0 FR"
"assemble","They assemble planes.","他们组装飞机。","tatoeba:1709185/1928585","CC BY 2.0 FR"
"assemble","This bookcase is easy to assemble.","這個書架組裝起來很簡單。","tatoeba:56798/13108759","CC BY 2.0 FR"
"assess","She can assess investments very accurately.","她能很准确地评估投资。","tatoeba:802915/802914","CC BY 2.0 FR"
"assess","The purpose of this interview is to assess whether or not you are suitable for the company.","这次面试的意义是评断你适不适合这家公司。","tatoeba:803443/803441","CC BY 2.0 FR"
"asset","Youth is an asset.","年輕就是本錢。","tatoeba:11406547/11406546","CC BY 2.0 FR"
"asset","Trump is a Russian asset.","川普是俄羅斯的資產。","tatoeba:13151378/13519337","CC BY 2.0 FR"
"assignment","I was abroad on an assignment.","我在国外指派了。","tatoeba:257897/762795","CC BY 2.0 FR"
"assignment","The assignment took me longer than I had expected.","我用了比我预期更长的时间来完成作业。","tatoeba:46686/336492","CC BY 2.0 FR"
"assignment","It's necessary that we all work together to complete this assignment.","我们必须一起完成这个任务。","tatoeba:2347756/2347789","CC BY 2.0 FR"
"assistance","We need assistance.","我們需要幫助。","tatoeba:7781088/6284531","CC BY 2.0 FR"
"assistance","I need your assistance.","我需要你的帮助。","tatoeba:2387831/385201","CC BY 2.0 FR"
"assistance","I require your assistance.","我需要你的帮助。","tatoeba:2404152/385201","CC BY 2.0 FR"
"associate","He's just a business associate.","他只是個事業合夥人。","tatoeba:284432/4739245","CC BY 2.0 FR"
"associate","We associate Egypt with the Nile.","讲到埃及就想到了尼罗河。","tatoeba:247902/1946827","CC BY 2.0 FR"
"associate","We often associate black with death.","我们常把黑色跟死亡联系起来。","tatoeba:23228/335314","CC BY 2.0 FR"
"association","The association counts thirty members.","這個協會有三十個會員。","tatoeba:1636671/4739241","CC BY 2.0 FR"
"association","I applied for membership in the association.","我申請成為協會會員。","tatoeba:49184/4739246","CC BY 2.0 FR"
"association","No one may be compelled to belong to an association.","不可以强迫任何人加入某个协会。","tatoeba:554848/9961259","CC BY 2.0 FR"
"assume","Let's assume that'll happen.","讓我們假定那會發生。","tatoeba:5736648/6064674","CC BY 2.0 FR"
"assume","Let's assume this is correct for now.","我们姑且认为它是对的。","tatoeba:13998169/13998065","CC BY 2.0 FR"
"assume","I assume that you wouldn't want to do that.","我想你不会那么做的吧。","tatoeba:7190638/13881270","CC BY 2.0 FR"
"assumption","That's an assumption.","这是个假设。","tatoeba:10564953/11521701","CC BY 2.0 FR"
"assumption","That's a pretty big assumption.","假設得很大。","tatoeba:4529621/5691242","CC BY 2.0 FR"
"assure","I can assure success.","我可以确保成功。","tatoeba:6788011/10484083","CC BY 2.0 FR"
"athlete","Tom is a natural athlete.","汤姆天生就是个运动员。","tatoeba:1483064/2394464","CC BY 2.0 FR"
"athlete","That athlete won three times in a row in this tournament.","那位選手在這次比賽中取得了三連勝。","tatoeba:45654/364846","CC BY 2.0 FR"
"atmosphere","This place has a mysterious atmosphere.","这个地方有一种神秘的气氛。","tatoeba:2105/1778272","CC BY 2.0 FR"
"atmosphere","This place has a mysterious atmosphere to it.","这个地方的气氛很神秘。","tatoeba:1103169/343409","CC BY 2.0 FR"
"atmosphere","There was a different kind of atmosphere in the headquarters.","总部里有另外一种气氛。","tatoeba:2367552/2367550","CC BY 2.0 FR"
"attach","Please attach a certificate of quality.","請附上質量證明書。","tatoeba:318487/345696","CC BY 2.0 FR"
"attach","I forgot to attach a stamp to the envelope.","我忘记在信封上贴邮票了。","tatoeba:261578/342838","CC BY 2.0 FR"
"attach","You need to attach your photo to the application form.","你必须把你的照片贴在申请书上。","tatoeba:483621/8829221","CC BY 2.0 FR"
"attack","He launched an attack.","他發起攻擊。","tatoeba:12958839/13206703","CC BY 2.0 FR"
"attack","I had an asthma attack.","我哮喘发作了。","tatoeba:326617/9961656","CC BY 2.0 FR"
"attack","We didn't intend to attack him.","我們沒有打算要攻擊他。","tatoeba:410105/872165","CC BY 2.0 FR"
"attain","That aim is impossible to attain.","那個目標是無法達成的。","tatoeba:43772/372134","CC BY 2.0 FR"
"attempt","Tom didn't attempt to reply.","汤姆不企图回应。","tatoeba:3729916/9962262","CC BY 2.0 FR"
"attempt","She didn't even attempt to help him.","她连试图帮助他也没有。","tatoeba:8522495/9415044","CC BY 2.0 FR"
"attempt","His attempt to escape was successful.","他嘗試逃走而成功了。","tatoeba:287260/340119","CC BY 2.0 FR"
"attendant","Tom is a flight attendant.","湯姆是空服員。","tatoeba:6635270/13668346","CC BY 2.0 FR"
"attitude","I like Tom's attitude.","我喜歡Tom的態度。","tatoeba:3330673/4262701","CC BY 2.0 FR"
"attitude","My attitude towards him changed.","我对他的态度变了。","tatoeba:285120/333218","CC BY 2.0 FR"
"attitude","I hope to improve my attitude to work.","我希望改进自己的工作态度。","tatoeba:814215/814214","CC BY 2.0 FR"
"attract","Black Friday sales attract shoppers.","黑色星期五促銷活動吸引了許多購物者。","tatoeba:12079040/13552264","CC BY 2.0 FR"
"attractive","She has attractive eyes.","她有一双迷人的眼睛。","tatoeba:317194/1238192","CC BY 2.0 FR"
"attractive","I think Mary is very attractive.","我认为玛丽很有吸引力。","tatoeba:4664857/5983683","CC BY 2.0 FR"
"attractive","Jane is more attractive than Susan.","珍比蘇珊更吸引人。","tatoeba:53826/852129","CC BY 2.0 FR"
"attribute","It's not fair to attribute your failure to your parents.","把你的失败归咎于你的父母是不对的。","tatoeba:264973/1314192","CC BY 2.0 FR"
"attribute","Never attribute to malice that which is adequately explained by stupidity.","能解釋為愚蠢的，就不要解釋為惡意。","tatoeba:2570990/12419792","CC BY 2.0 FR"
"auction","The unclaimed items were sold at auction.","无人领取的物品被拍卖了。","tatoeba:12177559/757925","CC BY 2.0 FR"
"auction","The unclaimed items were sold off at auction.","无人领取的物品被拍卖了。","tatoeba:752991/757925","CC BY 2.0 FR"
"auction","Instead of preparing a dinner by candlelight, she put her boyfriend up for auction on eBay.","她没有准备烛光晚餐，而是把她的男友放到Ebay上拍卖。","tatoeba:828796/461568","CC BY 2.0 FR"
"audience","We had a large audience.","我们有很多听众。","tatoeba:274920/332601","CC BY 2.0 FR"
"audience","How large is the audience?","你估計聽眾有多少?","tatoeba:45031/793614","CC BY 2.0 FR"
"audience","The audience was very large.","观众人数庞大。","tatoeba:277929/332653","CC BY 2.0 FR"
"authentic","I really hope that I can speak authentic Chinese.","我很希望可以说一口地道的中文。","tatoeba:1498723/1182127","CC BY 2.0 FR"
"authentic","Are there authentic Chinese restaurants in France?","法国有正宗的中餐吗？","tatoeba:6849877/1131900","CC BY 2.0 FR"
"authentic","Following a wave of other recent sports simulations, this release offers ball game fans a more authentic management experience.","在多款體育類模擬遊戲陸續登場後，這款作品為熱愛球類運動的玩家帶來更真實的管理體驗。","tatoeba:13511530/13511528","CC BY 2.0 FR"
"author","He's an author.","他是作家。","tatoeba:593248/4970153","CC BY 2.0 FR"
"author","He is an author.","他是作家。","tatoeba:5082282/4970153","CC BY 2.0 FR"
"author","The author is Brazilian.","作者是巴西人。","tatoeba:703117/10522514","CC BY 2.0 FR"
"authority","He submits to authority.","他向权力屈服。","tatoeba:1481678/332460","CC BY 2.0 FR"
"authority","He succumbed to authority.","他向权力屈服。","tatoeba:295963/332460","CC BY 2.0 FR"
"authority","He has a lot of authority.","他有很多职权。","tatoeba:7828655/805182","CC BY 2.0 FR"
"avail","Crying is of no avail.","哭是无济于事的。","tatoeba:19570/429073","CC BY 2.0 FR"
"avail","You should avail yourself of every opportunity.","你應該好好利用一切的機會。","tatoeba:67404/344844","CC BY 2.0 FR"
"avail","He was glad to avail himself of any means to succeed in life.","他很高兴能通过各种方法在人生中取得成功。","tatoeba:300148/336006","CC BY 2.0 FR"
"available","Are you available?","您有空嗎？","tatoeba:1356749/10260309","CC BY 2.0 FR"
"available","Is this seat available?","这个位子空着吗？","tatoeba:1492938/471070","CC BY 2.0 FR"
"available","Tom could be available.","汤姆可能有空。","tatoeba:7116946/9400961","CC BY 2.0 FR"
"aviation","The aviation expert analyzed the statistics in detail.","航空专家详细分析了统计数据。","tatoeba:47957/5576759","CC BY 2.0 FR"
"avoid","I'd rather avoid it.","我宁愿避免这种事。","tatoeba:1298410/9489998","CC BY 2.0 FR"
"avoid","Nobody can avoid death.","没人能逃避死亡。","tatoeba:8534265/1313819","CC BY 2.0 FR"
"avoid","Don't avoid my question.","不要逃避我的問題。","tatoeba:33553/431535","CC BY 2.0 FR"
"award","In addition, we will issue the 'employee of the month' award afterwards.","另外，之后我们会颁发“每月最佳员工”奖。","tatoeba:2938697/2938696","CC BY 2.0 FR"
"aware","Be more aware!","留点儿神！","tatoeba:9408731/1216139","CC BY 2.0 FR"
"aware","I'm aware of it.","我意識到了。","tatoeba:2549517/10508848","CC BY 2.0 FR"
"aware","I'm aware of that.","我意識到了。","tatoeba:2549078/10508848","CC BY 2.0 FR"
"awkward","The girl made an awkward bow.","這個女孩做了一把很難使用的弓。","tatoeba:267839/908515","CC BY 2.0 FR"
"awkward","He is awkward in his movements.","他笨手笨脚的。","tatoeba:302034/8936248","CC BY 2.0 FR"
"awkward","Po-lin ran into his ex at the night market yesterday. It was super awkward.","柏霖昨天在夜市遇到前女友，尷尬到不行。","tatoeba:13523807/13523782","CC BY 2.0 FR"
"axis","The earth revolves on its axis once every 24 hours.","地球每二十四小時就會繞軸自轉一周。","tatoeba:689751/689822","CC BY 2.0 FR"
"background","Tom has a veterinary background.","Tom有獸醫背景。","tatoeba:4493586/4504477","CC BY 2.0 FR"
"background","In the background of the picture is a castle.","图片的背景是一座城堡。","tatoeba:12180926/1426555","CC BY 2.0 FR"
"background","There is a castle in the background of the picture.","图片的背景是一座城堡。","tatoeba:49018/1426555","CC BY 2.0 FR"
"bacteria","A cell phone is as contaminated with bacteria as a toilet is.","手机如同马桶一样被细菌污染。","tatoeba:10250986/2393046","CC BY 2.0 FR"
"bacteria","Bacteria are so small that they cannot be seen with the naked eye.","细菌微小到无法用肉眼看到。","tatoeba:11552042/1324904","CC BY 2.0 FR"
"ballet","My husband and I are going on Sunday to see the ballet, Carmen, performed by the National Ballet Company at the Four Seasons Centre.","我和丈夫周日要去四季演艺中心，去看国家芭蕾舞团表演的芭蕾舞剧《卡门》。","tatoeba:2475816/13894727","CC BY 2.0 FR"
"bamboo","Pandas feed on bamboo grass.","熊貓以竹為食。","tatoeba:34951/350663","CC BY 2.0 FR"
"bamboo","There's bamboo growing in the garden.","花園裡有竹子在生長。","tatoeba:522621/801334","CC BY 2.0 FR"
"bamboo","In spring, the bamboo grove outside Hsinchu City is especially green.","春天的時候，新竹城外的竹林特別翠綠。","tatoeba:13545738/13537653","CC BY 2.0 FR"
"band","I play in a band.","我在一個樂團裡演奏。","tatoeba:25513/836125","CC BY 2.0 FR"
"band","My school has a band.","我的学校里有个乐队。","tatoeba:250606/2357595","CC BY 2.0 FR"
"band","My band name's Red Hot.","我的樂隊名叫紅熱。","tatoeba:34940/5581599","CC BY 2.0 FR"
"bandage","He wound a bandage around the wound.","他用绷带包扎了伤口。","tatoeba:665541/2177504","CC BY 2.0 FR"
"bandage","The bandage was wound around the wound.","绷带把伤口包扎住了。","tatoeba:710612/2177507","CC BY 2.0 FR"
"bandage","The nurse gently put a bandage around my head.","护士轻柔地给我的头缠上绷带。","tatoeba:48869/5550308","CC BY 2.0 FR"
"barely","I can barely see you.","我快看不到你了。","tatoeba:2300615/6583892","CC BY 2.0 FR"
"barely","I barely made the train.","我差點趕不上火車。","tatoeba:3474163/13785709","CC BY 2.0 FR"
"barely","I barely passed the exam.","我差點没考過。","tatoeba:944561/12301431","CC BY 2.0 FR"
"bargain","It's a real bargain.","真是物美價廉。","tatoeba:435204/832770","CC BY 2.0 FR"
"bargain","This dress is a good bargain.","这条连衣裙很便宜。","tatoeba:56541/333160","CC BY 2.0 FR"
"bargain","The bargain sale will run for three days, beginning today.","这场减价活动会持续三天，从今天开始。","tatoeba:275933/5624976","CC BY 2.0 FR"
"barrier","Some birds can break the sound barrier.","有的鳥可以穿越音障。","tatoeba:1334452/12393577","CC BY 2.0 FR"
"basis","Your theory has no scientific basis.","你的理論並沒有科學根據。","tatoeba:1338143/1708490","CC BY 2.0 FR"
"basis","What is the basis of your assumptions?","您的假设是根据什么?","tatoeba:2110842/2110838","CC BY 2.0 FR"
"basis","We should judge matters on a broader basis.","要有大局观。","tatoeba:30394/1946810","CC BY 2.0 FR"
"batch","The third batch of vaccines provided by China to Colombia has arrived in Bogota, the capital of Colombia.","中国向哥伦比亚提供的第三批疫苗运抵哥伦比亚首都波哥大。","tatoeba:11548469/9857591","CC BY 2.0 FR"
"batter","To be a good batter, you've got to hang loose and follow your instincts.","想成為一個好的擊球手的話，你要在球場上時刻保持鎮定，還要學會相信自己的直覺。","tatoeba:30086/372364","CC BY 2.0 FR"
"beam","I'm checking for laser beam alarm triggers.","我在检查这里有没有激光警报装置。","tatoeba:4302152/4302150","CC BY 2.0 FR"
"beforehand","It had been arranged beforehand.","那事已提前安排好了。","tatoeba:6452051/6452049","CC BY 2.0 FR"
"beforehand","Please let me know the schedule beforehand.","請你事先把計劃告訴我。","tatoeba:67437/421771","CC BY 2.0 FR"
"beforehand","In case I can't come, I'll give you a call beforehand.","万一来不了，我会先给你打电话。","tatoeba:411259/411262","CC BY 2.0 FR"
"behave","Behave yourself.","规矩点。","tatoeba:64491/5092247","CC BY 2.0 FR"
"behave","Behave yourselves.","规矩点。","tatoeba:5268541/5092247","CC BY 2.0 FR"
"behave","Did you behave today?","你今天乖嗎？","tatoeba:242840/11577947","CC BY 2.0 FR"
"behavior","I was ashamed of my behavior.","我对自己的行为感到羞愧。","tatoeba:258250/604581","CC BY 2.0 FR"
"behavior","Your behavior is intolerable.","你的行为让人无法忍受。","tatoeba:4493988/8655341","CC BY 2.0 FR"
"behavior","I was offended by his behavior.","他的行為冒犯了我。","tatoeba:403310/850403","CC BY 2.0 FR"
"belly","I hit him in the belly.","我打了他的肚子。","tatoeba:401967/846375","CC BY 2.0 FR"
"belly","Koala bears do not have belly buttons.","无尾熊没有肚脐。","tatoeba:7592990/1750080","CC BY 2.0 FR"
"belly","He had an infection in his belly button.","他的肚脐发炎了。","tatoeba:8499451/9423276","CC BY 2.0 FR"
"beneficial","Walking is beneficial.","走路是有益的。","tatoeba:9414936/3713829","CC BY 2.0 FR"
"beneficial","Not all animals are beneficial.","不是所有的動物都是有益的。","tatoeba:13571387/10355188","CC BY 2.0 FR"
"beneficial","Others say it may even be beneficial.","其他人說它甚至可能是有益的。","tatoeba:727308/727309","CC BY 2.0 FR"
"benefit","Who stands to benefit?","这对谁有好处？","tatoeba:10475139/9857805","CC BY 2.0 FR"
"benefit","Doing things in this way has no benefit.","这么做没什么好处。","tatoeba:997909/335011","CC BY 2.0 FR"
"benefit","Does doing things in this way have a benefit?","这么做有什么好处吗？","tatoeba:997913/335010","CC BY 2.0 FR"
"betray","No one here will betray you.","這裡沒有人會背叛你。","tatoeba:2091187/6534801","CC BY 2.0 FR"
"betray","A true gentleman would not betray his friends.","一个真正的绅士不会出卖他的朋友。","tatoeba:322228/333581","CC BY 2.0 FR"
"betray","John isn't the kind of man who would betray you.","約翰不是那種會背叛你的人。","tatoeba:1101169/13882174","CC BY 2.0 FR"
"beyond","This work is beyond me.","我不懂这个工作。","tatoeba:59126/3106584","CC BY 2.0 FR"
"beyond","That's beyond our power.","我們做不到。","tatoeba:7789960/6098435","CC BY 2.0 FR"
"beyond","Beyond this I know nothing.","我知道的就這麼多了。","tatoeba:54918/402894","CC BY 2.0 FR"
"bibliography","Hand in a bibliography of your sources.","把书目提要交上。","tatoeba:842701/842772","CC BY 2.0 FR"
"bibliography","I will note down the recommended bibliography on the list and look for them next time I come to the library.","我會將推薦的書目記在清單上，下次來圖書館時看。","tatoeba:13575964/13151226","CC BY 2.0 FR"
"bizarre","This is bizarre.","真奇怪。","tatoeba:2233661/1705791","CC BY 2.0 FR"
"bizarre","What a bizarre tale!","多么荒唐的故事！","tatoeba:5340981/5691274","CC BY 2.0 FR"
"bizarre","What a bizarre story!","多么荒唐的故事！","tatoeba:4495392/5691274","CC BY 2.0 FR"
"blank","My mind was blank.","我的脑一片空白。","tatoeba:251238/9501483","CC BY 2.0 FR"
"blank","I'm in the habit of taking handwritten notes, yet I still often draw a blank when picking up a pen.","我有手写笔记的习惯，但依然经常提笔忘字。","tatoeba:14008284/14008279","CC BY 2.0 FR"
"blaze","The firemen quickly extinguished the blaze.","消防隊很快就把大火撲熄。","tatoeba:268158/596712","CC BY 2.0 FR"
"bleed","My gums bleed.","我的牙齦流血。","tatoeba:562267/4492477","CC BY 2.0 FR"
"bleed","Do your gums bleed?","你的牙齦流血嗎？","tatoeba:263621/4492486","CC BY 2.0 FR"
"bleed","I'm starting to bleed.","我开始流血了。","tatoeba:623170/466269","CC BY 2.0 FR"
"blink","He left in the blink of an eye.","他一转眼就跑了。","tatoeba:534718/8737036","CC BY 2.0 FR"
"blink","It happened in the blink of an eye.","它發生在一眨眼之間。","tatoeba:3131524/6535836","CC BY 2.0 FR"
"blink","How many times a minute does the average person blink?","人平均一分钟眨几次眼睛？","tatoeba:950918/10752782","CC BY 2.0 FR"
"blossom","The apple tree has a beautiful blossom.","苹果树上挂着美丽的花朵。","tatoeba:29623/2694358","CC BY 2.0 FR"
"blunt","My sword may be blunt, but that's more than enough for someone like you.","我的剑虽然是钝的，但应付你的话是绰绰有余的。","tatoeba:498428/498431","CC BY 2.0 FR"
"blunt","The knife was so blunt that I could not cut the meat with it and I resorted to my pocket knife.","那把刀太鈍了，根本切不動肉，我只好拿出我的小刀。","tatoeba:940939/13549536","CC BY 2.0 FR"
"booklet","This booklet is free of charge.","這本小冊子是免費的。","tatoeba:58503/769840","CC BY 2.0 FR"
"boom","He amassed a fortune in stock trading during the last boom.","他在上个景气时期炒股攒下了一笔钱。","tatoeba:300717/1395004","CC BY 2.0 FR"
"booth","Where's the nearest telephone booth?","最近的電話亭在哪裡？","tatoeba:540700/838546","CC BY 2.0 FR"
"booth","Tom ran and ran, until at last he saw the telephone booth.","湯姆跑啊跑, 直到他終於看到了電話亭。","tatoeba:37420/766766","CC BY 2.0 FR"
"border","Tom can't cross the border.","Tom没办法穿过边界。","tatoeba:4846788/4846807","CC BY 2.0 FR"
"border","This is a small border town.","這是一座邊境小城。","tatoeba:7834173/5951353","CC BY 2.0 FR"
"border","The USA and Canada share a border.","美國和加拿大接壤。","tatoeba:13088331/13549668","CC BY 2.0 FR"
"boring","I am boring.","我很乏味。","tatoeba:3668669/3668665","CC BY 2.0 FR"
"boring","Tom is boring.","汤姆是个无聊的人。","tatoeba:2202622/2440969","CC BY 2.0 FR"
"boring","It's so boring.","真的很无聊。","tatoeba:2249242/9965052","CC BY 2.0 FR"
"bounce","You'll bounce back.","你会东山再起的。","tatoeba:2255348/5094129","CC BY 2.0 FR"
"bound","Man is bound to die.","人必定要死的。","tatoeba:270314/347155","CC BY 2.0 FR"
"bound","He's bound to forget.","他准会忘。","tatoeba:2795200/5550267","CC BY 2.0 FR"
"bound","You're bound to fail.","你注定失败。","tatoeba:5715094/5715127","CC BY 2.0 FR"
"brand","It's brand new.","这是全新的。","tatoeba:34819/745869","CC BY 2.0 FR"
"brand","The brand new pen is easy to use.","新买的笔很好用。","tatoeba:10251023/9991890","CC BY 2.0 FR"
"brand","The brand new pen is really useful.","新买的笔很好用。","tatoeba:10251026/9991890","CC BY 2.0 FR"
"breakdown","As a result of the server breakdown, total PV of yesterday dropped by 30% compared with normal.","由于服务器故障，昨天的总PV与正常相比下降了30%。","tatoeba:2915511/2915509","CC BY 2.0 FR"
"bribe","The mayor denied having taken a bribe.","市长否认收受了贿赂。","tatoeba:246173/431520","CC BY 2.0 FR"
"brief","He gave his reasons in brief.","他简单地阐述了他的理由。","tatoeba:304629/332765","CC BY 2.0 FR"
"brief","Let's take a brief look at this topic.","讓我們來簡單地瞭解一下這個課題。","tatoeba:7800728/6316775","CC BY 2.0 FR"
"brief","Could you give us a brief introduction of yourself?","你能簡短地介紹一下你自己嗎？","tatoeba:7780988/13764555","CC BY 2.0 FR"
"brilliant","I've had a brilliant idea.","我有个不错的想法。","tatoeba:1176639/5574490","CC BY 2.0 FR"
"brilliant","Tom has a brilliant future.","湯姆前途無可限量。","tatoeba:5621415/7066677","CC BY 2.0 FR"
"brilliant","It was absolutely brilliant.","真是太妙了。","tatoeba:5736710/8570958","CC BY 2.0 FR"
"brink","First Contact became humanity's salvation as it was at the brink of self-destruction.","在人類自我毀滅的邊緣，第一次接觸成了福音。","tatoeba:1468143/5576778","CC BY 2.0 FR"
"brink","Due to total Russification in Belarus, the Belarusian language is on the brink of extinction.","由于白俄罗斯完全地俄罗斯化，白俄罗斯语在绝灭的边缘。","tatoeba:607450/8932431","CC BY 2.0 FR"
"brisk","Sales were brisk during the holiday season but have dropped off since.","假期期間銷售業績暢旺，但之後就下滑了。","tatoeba:7759675/13947123","CC BY 2.0 FR"
"bronze","The 5 yen coin is made from brass and the 10 yen coin is made from bronze.","5元硬币是黄铜做的，10元硬币是青铜做的。","tatoeba:2698591/4661402","CC BY 2.0 FR"
"bronze","The five yuan coins are brass, and the ten yuan coins are made out of bronze.","5元硬币是黄铜做的，10元硬币是青铜做的。","tatoeba:4728087/4661402","CC BY 2.0 FR"
"bronze","In Olympic competitions, a gold medal is for first place, a silver medal for second, and a bronze medal is for third place.","在奥运会的竞赛中，金牌代表第一名，银牌代表第二名，铜牌是第三名。","tatoeba:64816/334995","CC BY 2.0 FR"
"brutal","""Tom chopped up the manuscript like it was iceberg lettuce."" ""Sounds brutal."" ""It was, but it was also necessary.""","「湯姆像切捲心萵苣一樣，把手稿切碎了。」「聽起來很殘忍。」「沒錯，而且也沒有那個必要。」","tatoeba:10913354/13539359","CC BY 2.0 FR"
"buck","I'm tracking a buck.","我正在追踪一头公鹿。","tatoeba:1541641/1541646","CC BY 2.0 FR"
"bud","The trees have begun to bud.","树木开始抽芽。","tatoeba:2819573/10321000","CC BY 2.0 FR"
"bud","The trees are beginning to bud.","树木开始抽芽。","tatoeba:323661/10321000","CC BY 2.0 FR"
"budget","The price should fit my budget.","價格應該符合預算。","tatoeba:13190397/13190507","CC BY 2.0 FR"
"budget","We're traveling on a tight budget.","我們用少的預算旅行。","tatoeba:6874191/895652","CC BY 2.0 FR"
"budget","We are traveling on a tight budget.","我們很節省地旅行。","tatoeba:324689/895647","CC BY 2.0 FR"
"bug","You're a bug.","你是只虫。","tatoeba:1246751/1404401","CC BY 2.0 FR"
"bug","Don't bug me.","别来烦我。","tatoeba:1505979/1505477","CC BY 2.0 FR"
"bug","We're thoroughly prepared for the Y2K bug.","我們已經準備好應付千年蟲。","tatoeba:23542/389894","CC BY 2.0 FR"
"bull","He likes to throw the bull.","他喜欢吹牛。","tatoeba:710825/710823","CC BY 2.0 FR"
"bully","Don't bully me!","不要欺负我！","tatoeba:10251100/10184296","CC BY 2.0 FR"
"bully","The bully stomped on his schoolmate’s lunchbox out of spite.","惡霸惡劣地踐踏同學的午餐便當。","tatoeba:13153649/13153653","CC BY 2.0 FR"
"burden","That responsibility is a burden to him.","那个责任对他是个负担。","tatoeba:45877/336466","CC BY 2.0 FR"
"burden","Seeing those tasks, I did not feel the burden.","看到这些作业，我毫无压力。","tatoeba:1697718/1695437","CC BY 2.0 FR"
"burden","I know I'm a burden; you don't have to repeat it.","我知道自己是个累赘，你没必要反复提。","tatoeba:4756778/4757235","CC BY 2.0 FR"
"bureaucracy","Algeria needs to get rid of its bureaucracy.","阿尔及利亚需要摆脱官僚主义。","tatoeba:8558170/8558441","CC BY 2.0 FR"
"buzz","I'm getting a bit of a nicotine buzz.","我有點醉菸。","tatoeba:13970595/13970591","CC BY 2.0 FR"
"cabin","He built a cabin on the beach.","他在沙滩上建了座小屋。","tatoeba:8715959/11240802","CC BY 2.0 FR"
"cabin","Tom was waiting inside his cabin.","汤姆在他的小屋里等着。","tatoeba:3902422/5631905","CC BY 2.0 FR"
"cabin","The writer is living in a log cabin.","那个作家生活在小木屋中。","tatoeba:47782/1423323","CC BY 2.0 FR"
"cabinet","The book fell from the cabinet.","書從櫃子上掉下來。","tatoeba:12090947/520109","CC BY 2.0 FR"
"cabinet","The tablecloth is in the cabinet.","桌布在櫥櫃裡。","tatoeba:39640/868452","CC BY 2.0 FR"
"cafeteria","He eats lunch at a cafeteria.","他在自助餐廳吃午餐。","tatoeba:289576/864379","CC BY 2.0 FR"
"cafeteria","He was going to the cafeteria.","他要去自助餐厅。","tatoeba:8614533/8748494","CC BY 2.0 FR"
"cafeteria","I'd like to work at the cafeteria.","我想在餐廳工作。","tatoeba:63578/801394","CC BY 2.0 FR"
"calorie","High calorie foods are bad for my health.","高卡路里的食物對我的身體不好。","tatoeba:568953/556675","CC BY 2.0 FR"
"cancel","Should I cancel the call?","我该取消通话吗?","tatoeba:278426/333285","CC BY 2.0 FR"
"cancel","We should cancel the hike.","我們應該取消這次遠足。","tatoeba:632558/795227","CC BY 2.0 FR"
"cancel","I should cancel my L.A. trip.","我应该取消我到洛杉矶的旅行。","tatoeba:29361/4267353","CC BY 2.0 FR"
"cancer","I have cancer.","我有癌症。","tatoeba:2245875/10699402","CC BY 2.0 FR"
"cancer","He died of lung cancer.","他死於肺癌。","tatoeba:302426/767035","CC BY 2.0 FR"
"cancer","My father died of cancer.","我的父親是患癌症死的。","tatoeba:251635/346893","CC BY 2.0 FR"
"candidate","Strange to say, no one voted for the candidate.","奇怪的是，誰也沒有投那候選人一票。","tatoeba:20628/343099","CC BY 2.0 FR"
"candidate","He was the strongest candidate for the position.","他是那个职位最有希望的候选人。","tatoeba:291051/2411006","CC BY 2.0 FR"
"candidate","Ideally, a candidate for this job should have four years' work experience.","我们希望应聘者能有4年工作经验。","tatoeba:2418616/2426069","CC BY 2.0 FR"
"cane","Sugar cane is sweet.","甘蔗是甜的。","tatoeba:13189645/13189731","CC BY 2.0 FR"
"cane","Thoreau coveted the plant's strong purple stalk for a cane, and the robins eat its dark crimson-juiced berries.","梭羅垂涎於這種植物強壯的紫色莖稈，將其製成藤條，而知更鳥則以深紅色汁液的漿果為食。","tatoeba:11686683/13539943","CC BY 2.0 FR"
"cannon","Never use a cannon to kill a fly.","殺雞焉用牛刀。","tatoeba:458038/383707","CC BY 2.0 FR"
"capable","He is capable of robbery.","他能搶劫。","tatoeba:4398721/5613632","CC BY 2.0 FR"
"capable","He is capable of teaching Spanish.","他有能力教授西班牙文。","tatoeba:290331/4247391","CC BY 2.0 FR"
"capable","She is capable of teaching English.","她可以教英语。","tatoeba:309944/8877861","CC BY 2.0 FR"
"capacity","The bus was filled to capacity.","這輛公車客滿了。","tatoeba:35287/871220","CC BY 2.0 FR"
"capacity","The room has a seating capacity of 200.","这个房间能容纳200人。","tatoeba:319528/8589270","CC BY 2.0 FR"
"capacity","This factory's productive capacity is 250 cars a week.","这家工厂每周能够生产250台车。","tatoeba:59308/1889312","CC BY 2.0 FR"
"capsule","This building is a capsule hotel lodging men and women.","那个建筑物是男女都可以住宿的胶囊酒店。","tatoeba:109242/4104709","CC BY 2.0 FR"
"captive","Tom is being held captive.","汤姆被囚禁了。","tatoeba:3723593/8794851","CC BY 2.0 FR"
"cast","The cow cast a calf.","母牛流产了。","tatoeba:3385761/710672","CC BY 2.0 FR"
"cast","The cow cast her calf.","母牛流产了。","tatoeba:710673/710672","CC BY 2.0 FR"
"cast","Tom cast a spell on Mary.","湯姆在瑪麗身上施了咒語。","tatoeba:7367422/12412077","CC BY 2.0 FR"
"cathedral","I met her at 8:30p.m at the cathedral.","我和她約了今晚八點半在大教堂見。","tatoeba:7795868/6467537","CC BY 2.0 FR"
"catholic","In Colombia, Catholic customs prevail.","在哥伦比亚，天主教习俗盛行。","tatoeba:4445265/5692358","CC BY 2.0 FR"
"catholic","The Catholic Church is opposed to divorce.","天主教教会反对离婚。","tatoeba:63655/1244622","CC BY 2.0 FR"
"catholic","The Catholic Church doesn't condone the use of condoms.","天主教廷不同意避孕套的使用。","tatoeba:678316/9054929","CC BY 2.0 FR"
"caution","Caution.","注意。","tatoeba:5101021/5574658","CC BY 2.0 FR"
"caution","Use caution.","小心！","tatoeba:5758415/9419104","CC BY 2.0 FR"
"caution","Caution! Wet Paint","注意！油漆未乾","tatoeba:1888937/1891751","CC BY 2.0 FR"
"cautious","She's very cautious.","她很謹慎。","tatoeba:8645652/775888","CC BY 2.0 FR"
"cautious","You must be cautious.","您得小心。","tatoeba:1790758/10401626","CC BY 2.0 FR"
"cellar","Reception in the cellar is very poor.","地下室裏的信號很差。","tatoeba:10633030/10634200","CC BY 2.0 FR"
"cellar","The reception in the cellar is really bad.","地下室裏的信號很差。","tatoeba:10633031/10634200","CC BY 2.0 FR"
"cellar","I realized then that this awful cellar was the only place that could save our lives.","我意识到这个可怕的地下室是唯一可以救我们命的地方。","tatoeba:246381/353637","CC BY 2.0 FR"
"cemetery","J.F. Kennedy was buried in Arlington Cemetery.","约翰甘迺迪被安葬在阿靈頓公墓。","tatoeba:72213/801501","CC BY 2.0 FR"
"census","According to the latest census, the language's number of speakers appears to be stable, or even increasing.","根据最新的人口普查，语言的发言人人数好像稳定，或者是甚至在上升。","tatoeba:5924048/8889581","CC BY 2.0 FR"
"certainty","I can say with certainty that he hates me.","我能確定地說他恨我。","tatoeba:4106543/6103089","CC BY 2.0 FR"
"challenge","That's a huge challenge.","这是一个巨大的挑战。","tatoeba:4496374/4845054","CC BY 2.0 FR"
"challenge","We accept your challenge.","我們接受你們的挑戰。","tatoeba:5786313/6903848","CC BY 2.0 FR"
"challenge","Get ready to face the challenge!","准备好迎接挑战吧！","tatoeba:13803752/9991979","CC BY 2.0 FR"
"champagne","Champagne, please.","给我香槟，谢谢。","tatoeba:987485/5092411","CC BY 2.0 FR"
"champagne","Orange juice or champagne?","柳橙汁或香檳?","tatoeba:2658046/769681","CC BY 2.0 FR"
"champagne","This politician is a typical champagne socialist.","這箇政客是典型的香檳社會主義者。","tatoeba:432759/5574695","CC BY 2.0 FR"
"champion","During this competition, he won first place (became the champion).","他在这次比赛中获得了冠军。","tatoeba:14028316/14028315","CC BY 2.0 FR"
"champion","Everyone is anxious to know what has become of the former champion.","大家都渴望知道前冠军得主发生了什么。","tatoeba:68013/829691","CC BY 2.0 FR"
"champion","There can only be one world champion. The question is: Who will it be?","只有一个人能成为世界冠军。问题是：会是谁呢？","tatoeba:7782947/3367342","CC BY 2.0 FR"
"chapel","Tessa shared her experience in a chapel assembly this April.","今年四月，苔絲在教會集會上分享了她的經驗。","tatoeba:8242122/13575567","CC BY 2.0 FR"
"character","He's a strange character.","他的性情古怪。","tatoeba:288286/333195","CC BY 2.0 FR"
"character","He has a passive character.","他的性格很消极。","tatoeba:299643/2298446","CC BY 2.0 FR"
"character","Can he write this character?","他会不会写这个字？","tatoeba:57223/1368241","CC BY 2.0 FR"
"characteristic","I got over the difficulty with my characteristic tenacity.","我凭韧性克服了困难。","tatoeba:258109/5655348","CC BY 2.0 FR"
"characteristic","The aurora is a phenomenon characteristic of the polar regions.","極光是極地特有的自然現象。","tatoeba:65116/358494","CC BY 2.0 FR"
"charge","I need to charge it.","我得给它充电。","tatoeba:6576488/8748578","CC BY 2.0 FR"
"charge","Charge this bill to me.","将费用记在我的账上。","tatoeba:21111/348114","CC BY 2.0 FR"
"charge","I need to charge my mobile.","我需要給手機充電。","tatoeba:1021953/5254711","CC BY 2.0 FR"
"chase","This cat doesn't chase mice.","这只猫不抓老鼠。","tatoeba:3011192/8500215","CC BY 2.0 FR"
"chase","Let's chase out corrupt politicians!","让我们赶走腐败的政客！","tatoeba:838853/9959098","CC BY 2.0 FR"
"cherish","Cherish our cultural relics; it is all our duty.","爱护文物, 人人有责。","tatoeba:6089722/6089712","CC BY 2.0 FR"
"cherish","It is everyone's duty to cherish cultural relics.","爱护文物, 人人有责。","tatoeba:6089716/6089712","CC BY 2.0 FR"
"cherish","I still cherish the necklace you gave me ten years ago.","我至今还珍惜你十年前给我的项链。","tatoeba:9419243/9401695","CC BY 2.0 FR"
"chief","Hello, Chief!","首長好！","tatoeba:13111740/6143657","CC BY 2.0 FR"
"chief","He is the chief of my department.","他是我部門的主管。","tatoeba:283724/882509","CC BY 2.0 FR"
"chief","I got acquainted with the chief executive.","我認識了這位行政長官。","tatoeba:254455/804580","CC BY 2.0 FR"
"chip","Is this a chocolate chip cookie?","這是巧克力曲奇嗎？","tatoeba:10107379/13544098","CC BY 2.0 FR"
"chip","Tom baked some chocolate chip cookies.","汤姆烤了些巧克力脆饼。","tatoeba:8642045/9972422","CC BY 2.0 FR"
"chip","Yanni has a star chip in his windshield.","雅尼的擋風玻璃上有一顆星形碎片。","tatoeba:9977888/13544108","CC BY 2.0 FR"
"cholesterol","My cholesterol is high.","我的胆固醇很高。","tatoeba:56108/504890","CC BY 2.0 FR"
"chord","The piano is a chord instrument, while the flute is a monophonic instrument.","钢琴是和弦乐器，笛子是单音乐器。","tatoeba:13921104/13921101","CC BY 2.0 FR"
"chord","I can't quite figure out what that chord around 1:58 is. Can somebody help me out?","我聽來聽去也聽不到一分五十八秒左右的那個和弦是甚麼和弦，有人可以幫幫我嗎？","tatoeba:1326543/1326545","CC BY 2.0 FR"
"chunk","That boy threw a chunk of stone.","那个男孩抛了一块石头。","tatoeba:7768877/1790103","CC BY 2.0 FR"
"circulation","He works for a newspaper with a large circulation.","他为一份印刷量很大的报纸工作。","tatoeba:4755335/333462","CC BY 2.0 FR"
"circumstance","The new community center was inaugurated yesterday with pomp and circumstance.","新的社区中心在昨天隆重落成。","tatoeba:5344358/13893631","CC BY 2.0 FR"
"circus","That is a circus!","那是個馬戲團！","tatoeba:4779062/4504362","CC BY 2.0 FR"
"circus","Tom works as an elephant trainer in a circus.","汤姆在一个马戏团当训象师。","tatoeba:8742434/8744909","CC BY 2.0 FR"
"circus","At the age of six, I was taken to a circus for the first time.","在我六岁的时候，我第一次被带去看马戏。","tatoeba:321981/8792129","CC BY 2.0 FR"
"cite","Cite your sources.","請注明出處。","tatoeba:5758028/13928950","CC BY 2.0 FR"
"claim","May I see your claim tags?","我可以看看你的行李條嗎？","tatoeba:27153/858717","CC BY 2.0 FR"
"claim","Tom and Mary claim that they're happy.","湯姆和瑪麗聲稱他們很快樂。","tatoeba:7472585/13863129","CC BY 2.0 FR"
"claim","America likes to claim that it is a ""classless"" society.","美国是一个自称没有社会阶层的国家。","tatoeba:67536/812218","CC BY 2.0 FR"
"clan","The clan system is a key component of traditional Chinese culture.","宗族制度是中国传统文化的重要组成部分。","tatoeba:5313621/5090863","CC BY 2.0 FR"
"clash","Every now and then they clash over their differences.","他们有时候有矛盾冲突","tatoeba:5145568/5144753","CC BY 2.0 FR"
"clasp","He held her hand in a firm clasp.","他緊握她的手。","tatoeba:897439/897440","CC BY 2.0 FR"
"classic","Root beer is considered a classic American carbonated soft drink.","麥根沙士被視為一種經典的美式碳酸飲品。","tatoeba:1101266/1531627","CC BY 2.0 FR"
"classic","The qipao is a classic female garment that originated in 17th century China.","旗袍是一种17世纪起源于中国的传统式样的女性服装。","tatoeba:727677/727692","CC BY 2.0 FR"
"classic","Several classic, family-friendly games will also join the service next month.","多款經典家庭遊戲也將於下個月同步上架。","tatoeba:13511524/13511522","CC BY 2.0 FR"
"classical","I like classical music.","我喜欢古典音乐。","tatoeba:62942/1259913","CC BY 2.0 FR"
"classical","I speak Classical Greek.","我会说古典希腊语。","tatoeba:2436044/8931989","CC BY 2.0 FR"
"classical","Betty likes classical music.","貝蒂喜歡古典音樂。","tatoeba:33948/771648","CC BY 2.0 FR"
"clerk","I'm a bank clerk.","我是一名銀行職員。","tatoeba:256984/338738","CC BY 2.0 FR"
"clerk","She is a clerk in the supermarket.","她在超市做秘书。","tatoeba:310949/333668","CC BY 2.0 FR"
"clerk","Bob worked as a clerk in the grocery store on Saturday.","每周六鲍勃在杂货店做店员。","tatoeba:33166/864426","CC BY 2.0 FR"
"client","I'm a client.","我是个客户。","tatoeba:2247886/13911352","CC BY 2.0 FR"
"client","The investor stole the capital of his client.","投资者把他客户的资金窃取了.","tatoeba:1830205/1830203","CC BY 2.0 FR"
"client","The lawyer warned his client against testifying, but he did it anyway.","律師警告過他的當事人反對作證, 但是他還是這麼做了。","tatoeba:560314/772150","CC BY 2.0 FR"
"cliff","I nearly fell off the cliff.","我差点从悬崖上掉下去。","tatoeba:5298450/9931179","CC BY 2.0 FR"
"cliff","They climbed to the top of a cliff.","他们一直爬到悬崖顶上。","tatoeba:305351/333278","CC BY 2.0 FR"
"cliff","A single step, and you will fall over the cliff.","只迈一步，你就会落下悬崖。","tatoeba:27221/5611430","CC BY 2.0 FR"
"climate","What's your favorite climate?","你最喜歡什麼氣候？","tatoeba:680525/876149","CC BY 2.0 FR"
"climate","What's the climate there like?","那里的气候怎么样?","tatoeba:1481760/406353","CC BY 2.0 FR"
"climate","I'm accustomed to the climate.","我对这气候习惯了。","tatoeba:7810469/5696835","CC BY 2.0 FR"
"climax","I am reaching the climax.","我快要到高潮了。","tatoeba:9408765/6321862","CC BY 2.0 FR"
"closet","Hide in the closet.","你藏進櫃子裡去。","tatoeba:2648129/9046305","CC BY 2.0 FR"
"closet","What's in the closet?","橱柜里有什么？","tatoeba:2547473/7772329","CC BY 2.0 FR"
"closet","Tom searched inside the closet.","汤姆搜查了衣柜里面。","tatoeba:3736398/5091321","CC BY 2.0 FR"
"clue","I have no clue.","我一无所知。","tatoeba:2563243/7772071","CC BY 2.0 FR"
"clue","I haven't got a clue as to why he quit so suddenly.","我完全不明白他為甚麼會突然辭職。","tatoeba:432888/348183","CC BY 2.0 FR"
"clue","The authorities have no clue, but everyone else knows.","旁观者清，当局者迷。","tatoeba:8645614/1750405","CC BY 2.0 FR"
"coarse","Her dress was made of coarse wool.","她的裙子是用粗糙的羊毛造的。","tatoeba:309024/534354","CC BY 2.0 FR"
"cocktail","Lukas was at a cocktail party.","盧卡斯在雞尾酒派對。","tatoeba:11650326/13108947","CC BY 2.0 FR"
"cocktail","You can decorate the cocktail with a cherry or a pineapple.","你可以用一个樱桃或菠萝来装饰这杯鸡尾酒。","tatoeba:236600/407262","CC BY 2.0 FR"
"coherent","The two sentences are both coherent.","兩個句子是一致的。","tatoeba:5057632/3477042","CC BY 2.0 FR"
"coincide","Publication of the article was timed to coincide with the professor's birthday.","文章的发表被预定在教授生日那天。","tatoeba:43314/791400","CC BY 2.0 FR"
"coincidence","What a coincidence!","真是个巧合！","tatoeba:18131/12880279","CC BY 2.0 FR"
"coincidence","It must be a coincidence.","這一定是個巧合。","tatoeba:2645050/5542972","CC BY 2.0 FR"
"coincidence","It could be just a coincidence.","可能只是巧合。","tatoeba:2953038/5900173","CC BY 2.0 FR"
"collapse","It's going to collapse.","會塌的。","tatoeba:2891585/12316273","CC BY 2.0 FR"
"collapse","Algeria will not collapse.","阿爾及利亞不會倒下的。","tatoeba:8566051/14013584","CC BY 2.0 FR"
"collapse","His regime is bound to collapse.","他的政权必定会崩溃。","tatoeba:286949/332676","CC BY 2.0 FR"
"colleague","Minghui is my colleague.","明惠是我的同事。","tatoeba:6276535/6149266","CC BY 2.0 FR"
"colleague","I'm a colleague of Tom's.","我是汤姆的一位同事。","tatoeba:6710917/10696115","CC BY 2.0 FR"
"colleague","We have a colleague in Australia.","我們在澳洲有一位同事。","tatoeba:8224364/13753103","CC BY 2.0 FR"
"combat","Tom died in combat.","湯姆在戰鬥中死了。","tatoeba:1026251/6103232","CC BY 2.0 FR"
"combat","Ziri wore combat boots.","Ziri穿上了作战靴。","tatoeba:11241395/13107410","CC BY 2.0 FR"
"combat","Ziri cleaned his combat boots.","齊里擦拭他的軍靴。","tatoeba:11173963/13753058","CC BY 2.0 FR"
"combination","Jazz fusion is a combination of rock and jazz.","融合爵士是搖滾樂與爵士樂的融合。","tatoeba:681047/900017","CC BY 2.0 FR"
"combination","Cottage cheese and canned peaches are a delicious combination.","乾酪加桃子罐頭是美味的搭配。","tatoeba:8777341/13539451","CC BY 2.0 FR"
"combine","We may combine your personal information with other information.","我们可能会将你的私人信息和其他信息结合在一起。","tatoeba:1883461/9958577","CC BY 2.0 FR"
"combine","I know a lot of French words, but it's difficult for me to combine them into sentences.","我知道很多法语词汇但我很难将它们组成句子","tatoeba:5393303/5393356","CC BY 2.0 FR"
"comet","Halley's Comet will come back in 2061.","哈雷彗星將在2061回來。","tatoeba:34987/875268","CC BY 2.0 FR"
"comic","Do you know this comic?","你知道这部漫画吗？","tatoeba:2462806/10538257","CC BY 2.0 FR"
"comic","I borrowed this comic from his sister.","我向他的妹妹借了這個漫畫。","tatoeba:395669/926597","CC BY 2.0 FR"
"comic","I found the comic book very interesting.","我發現這本漫畫書非常有趣。","tatoeba:49861/805582","CC BY 2.0 FR"
"command","He has a good command of English.","他有很好的英語能力。","tatoeba:293942/881589","CC BY 2.0 FR"
"command","Take control of the command post.","掌管指揮所。","tatoeba:815762/816772","CC BY 2.0 FR"
"command","They had a good command of French.","他们对法语有很好的掌握度。","tatoeba:306011/787240","CC BY 2.0 FR"
"commercial","The economist and statistician based in Ivory Coast says commercial trade in the region is primarily conducted with France.","這位常駐科特迪瓦的經濟學家兼統計學家表示，該地區的商業貿易主要與法國進行。","tatoeba:12105135/13556565","CC BY 2.0 FR"
"commission","How much is the commission?","手续费是多少？","tatoeba:266029/530713","CC BY 2.0 FR"
"commit","She tried to commit suicide.","她企图自杀。","tatoeba:314568/397543","CC BY 2.0 FR"
"commit","I want you to commit seppuku.","我要你切腹。","tatoeba:792601/792600","CC BY 2.0 FR"
"commit","Why do people commit suicide?","为什么人们会自杀?","tatoeba:841010/1424341","CC BY 2.0 FR"
"committee","Are you on the committee?","你是委員會中的成員嗎？","tatoeba:16808/834318","CC BY 2.0 FR"
"committee","The committee has ten members.","這委員會有 10 位成員。","tatoeba:2082249/340147","CC BY 2.0 FR"
"committee","The committee meets twice a month.","委员会一个月召开两次。","tatoeba:28251/1501760","CC BY 2.0 FR"
"commonplace","Space travel will one day become commonplace.","太空旅行終有一天會成為平常事。","tatoeba:13561160/345685","CC BY 2.0 FR"
"commonplace","Rice and noodles are commonplace in Chinese cuisine.","中餐常有米饭或面条。","tatoeba:10581617/1602434","CC BY 2.0 FR"
"commonplace","Space travel will be commonplace some time in the future.","太空旅行終有一天會成為平常事。","tatoeba:27016/345685","CC BY 2.0 FR"
"communicate","Communicate.","交流。","tatoeba:10856717/13142071","CC BY 2.0 FR"
"communicate","Human beings communicate in many ways.","人和人之間溝通的方法有很多種。","tatoeba:270328/1327460","CC BY 2.0 FR"
"communicate","We have to try to communicate with them.","我们要设法跟他们交流。","tatoeba:5725328/5983609","CC BY 2.0 FR"
"communication","English is a communication tool.","英語是溝通的工具。","tatoeba:7768506/1423424","CC BY 2.0 FR"
"communication","English is a means of communication.","英語是一種溝通的手段。","tatoeba:26247/811870","CC BY 2.0 FR"
"communication","This is a fast and effective way of communication.","这是快速且有效的交流方式。","tatoeba:7819389/805590","CC BY 2.0 FR"
"community","Tom is an activist in his community.","湯姆是社群中的積極分子。","tatoeba:680074/13958093","CC BY 2.0 FR"
"community","Tom is part of the LGBTQ+ community.","汤姆是LGBTQ+群体中的一员。","tatoeba:5618340/11751285","CC BY 2.0 FR"
"community","The community is made up of individuals.","社會是由個人組成的。","tatoeba:22386/533744","CC BY 2.0 FR"
"commute","Do you commute to school by bus?","你搭公車上下學嗎？","tatoeba:407126/870323","CC BY 2.0 FR"
"compact","She gave me this compact disc.","她給了我這個光碟。","tatoeba:308314/805116","CC BY 2.0 FR"
"compact","I want a compact car with an air conditioner.","我想要一輛有空調的小型車。","tatoeba:65394/616124","CC BY 2.0 FR"
"compact","Compact discs have entirely taken the place of phonograph records.","CD已经完全取代了胶木唱片。","tatoeba:72241/858155","CC BY 2.0 FR"
"companion","His dog is his good companion.","他的狗是他的好伴侶。","tatoeba:285999/734932","CC BY 2.0 FR"
"companion","He and his companion asked me to come along with them.","他和他的伙伴让我跟他们一起去。","tatoeba:284405/1438474","CC BY 2.0 FR"
"compare","Compare your answer with Tom's.","比較你和湯姆的答案。","tatoeba:16945/834235","CC BY 2.0 FR"
"compare","Compare your translation with his.","比較你和他的翻譯。","tatoeba:70351/834234","CC BY 2.0 FR"
"compare","We often compare Japan with Britain.","我們常常把英國和日本作比較。","tatoeba:248384/400274","CC BY 2.0 FR"
"comparison","In comparison to him, I am still older.","我比他年纪还大。","tatoeba:943968/353506","CC BY 2.0 FR"
"comparison","In comparison with Tokyo, London is small.","和东京比，伦敦很小。","tatoeba:279731/784409","CC BY 2.0 FR"
"comparison","His brother is still taller in comparison.","他哥哥仍然比較高。","tatoeba:7782334/767064","CC BY 2.0 FR"
"compartment","I found the secret compartment quite by accident.","我完全是在偶然的情况下发现了密室。","tatoeba:623195/815299","CC BY 2.0 FR"
"compensate","You must compensate him for the money he lost.","你需要赔偿他损失的钱。","tatoeba:15828/10342272","CC BY 2.0 FR"
"competitive","She is overly competitive.","她是个任何事情都喜欢和别人一比高下的人。","tatoeba:2610591/2609573","CC BY 2.0 FR"
"competitive","Japan is highly competitive in high technology industries.","日本在高科技產業方面的競爭力很強。","tatoeba:281502/764070","CC BY 2.0 FR"
"competitive","To remain competitive, we've got to play to our strengths.","为了保持竞争力，我们得发挥我们的优势。","tatoeba:10642457/13363500","CC BY 2.0 FR"
"complain","Don't complain!","別抱怨！","tatoeba:6744889/3716312","CC BY 2.0 FR"
"complain","How dare he complain?","他怎么敢抱怨？","tatoeba:29966/683625","CC BY 2.0 FR"
"complain","They always complain.","他們總是抱怨。","tatoeba:662582/3713638","CC BY 2.0 FR"
"complaint","There is no cause for complaint.","没有理由抱怨。","tatoeba:318672/797118","CC BY 2.0 FR"
"complaint","Tom has already filed a complaint.","湯姆已經提出了申訴。","tatoeba:2641884/13779663","CC BY 2.0 FR"
"complaint","If I do not get the item this week, I will make a complaint to PayPal.","如果本周我收不到货，我就向paypal投诉。","tatoeba:1408723/1408726","CC BY 2.0 FR"
"complement","A complete intransitive verb takes neither complement nor object.","一个完完全全的不及物动词既没有补语，又没有宾语。","tatoeba:328554/463858","CC BY 2.0 FR"
"complex","How complex is it?","它有多複雜？","tatoeba:433853/824587","CC BY 2.0 FR"
"complex","This is a very complex problem.","這是一個非常複雜的問題。","tatoeba:5701399/5778120","CC BY 2.0 FR"
"complex","A computer is a complex machine.","电脑是个复杂的机器。","tatoeba:54545/335129","CC BY 2.0 FR"
"complicated","Life is so complicated.","生活多么复杂！","tatoeba:1745551/2177514","CC BY 2.0 FR"
"complicated","Arabic isn't complicated.","阿拉伯语并不复杂。","tatoeba:3355263/10740747","CC BY 2.0 FR"
"complicated","Grammar is very complicated.","语法非常复杂。","tatoeba:990384/10952154","CC BY 2.0 FR"
"compliment","He paid me a compliment.","他称赞了我。","tatoeba:297481/429427","CC BY 2.0 FR"
"compliment","I'll take that as a compliment.","我就当你夸我了。","tatoeba:367118/9968862","CC BY 2.0 FR"
"compliment","I will take that as a compliment.","我就当你夸我了。","tatoeba:5979445/9968862","CC BY 2.0 FR"
"comply","Hopefully you'll comply with traffic regulations after this.","希望你们以后严格遵守交通规则。","tatoeba:737177/737176","CC BY 2.0 FR"
"comply","Some beaches had failed to comply with environmental regulations.","一些海滩没能遵守环保规定。","tatoeba:3042310/3042328","CC BY 2.0 FR"
"component","The clan system is a key component of traditional Chinese culture.","宗族制度是中国传统文化的重要组成部分。","tatoeba:5313621/5090863","CC BY 2.0 FR"
"component","Many companies have attempted to manufacture this complex component at scale, but so far only ours has succeeded.","許多公司都嘗試過大規模生產這種複雜的零件，但目前只有我們成功了。","tatoeba:13686325/13845814","CC BY 2.0 FR"
"compound","Do you know what compound words are?","你知道什么是复合词吗？","tatoeba:10379305/10021317","CC BY 2.0 FR"
"comprehension","That was beyond my comprehension.","那超出了我的理解。","tatoeba:6017539/884669","CC BY 2.0 FR"
"comprehension","Good day, lords. In what way can I refine upon my adroitness in aural comprehension?","早安，师傅。我应该怎么样提高听力能力？","tatoeba:3923650/9400990","CC BY 2.0 FR"
"compromise","Can we effect a compromise?","我們不如各退一步吧。","tatoeba:64520/364925","CC BY 2.0 FR"
"compromise","We tried to compromise with them.","我們試著和他們妥協。","tatoeba:400281/871086","CC BY 2.0 FR"
"compromise","In the end, we reached a compromise.","最後我們達成了協議。","tatoeba:238660/779535","CC BY 2.0 FR"
"compulsory","Attendance is compulsory for all members.","全員均須出席。","tatoeba:273751/5804524","CC BY 2.0 FR"
"compute","Can you compute the distance of the moon from the earth?","你可以把地球和月亮之間的距離計算出來嗎？","tatoeba:277102/851686","CC BY 2.0 FR"
"compute","Scientists can easily compute the distance between planets.","科學家們可以很容易地計算出行星之間的距離。","tatoeba:23972/780251","CC BY 2.0 FR"
"conceive","I can't conceive of living without him.","我無法想像生命中沒有他。","tatoeba:317730/5496276","CC BY 2.0 FR"
"concentrate","Concentrate.","專心。","tatoeba:11915586/10706720","CC BY 2.0 FR"
"concentrate","He tried to concentrate on the letter.","他试图把注意力集中在信上。","tatoeba:402506/609885","CC BY 2.0 FR"
"concentrate","They're too noisy; I can't concentrate.","他们太吵了，我没办法集中精神了。","tatoeba:1266250/503116","CC BY 2.0 FR"
"concentration","Housing prices in Hsinchu City have risen sharply due to the concentration of the tech industry.","新竹市區的房價因為科技產業聚集而水漲船高。","tatoeba:13545816/13537652","CC BY 2.0 FR"
"concept","I understand the concept.","我明白这概念。","tatoeba:4666468/5911674","CC BY 2.0 FR"
"concept","The concept doesn’t make sense.","理念没有道理。","tatoeba:1208514/1208512","CC BY 2.0 FR"
"concept","I really like the concept of this website.","我觉得这个网站的概念非常好。","tatoeba:386740/332466","CC BY 2.0 FR"
"concern","That's my sole concern.","这是我唯一关心的。","tatoeba:42050/2032133","CC BY 2.0 FR"
"concern","This doesn't concern you.","跟你没半毛钱关系。","tatoeba:1889404/5091948","CC BY 2.0 FR"
"concern","I appreciate your concern.","我感謝你的關心。","tatoeba:20400/919955","CC BY 2.0 FR"
"concise","His comment was concise and to the point.","他的评论简洁且击中要害。","tatoeba:287381/1783896","CC BY 2.0 FR"
"concise","Either one is fine, but the former is more concise.","两者都可以，但是前者更简洁。","tatoeba:9981684/3480115","CC BY 2.0 FR"
"concise","I find words with concise definitions to be the easiest to remember.","我发现有明确定义的词最容易记住。","tatoeba:2015/503028","CC BY 2.0 FR"
"conclude","From this you can conclude that feminism is still necessary.","從這來看，你能因此論定女权主義還是必要的。","tatoeba:803472/803465","CC BY 2.0 FR"
"conclude","As he has done a lot of bad things, we can conclude that he is a bad person.","因為他做了不少壞事，我們可以斷定他不是個好人。","tatoeba:803462/803461","CC BY 2.0 FR"
"conclude","After looking at the research, most of us conclude that vaccines are a good thing.","看完研究以后，我们其中大部分人论定疫苗是件好事。","tatoeba:803471/803470","CC BY 2.0 FR"
"condemn","It is important to condemn racism, but that alone is not enough.","譴責種族主義很重要，但光是譴責種族主義是不夠的。","tatoeba:9777949/13524159","CC BY 2.0 FR"
"conduct","I don't approve of his conduct.","我不認可他的行為。","tatoeba:2258744/10299951","CC BY 2.0 FR"
"conduct","Your conduct is perfectly legal.","你的行为完全合法。","tatoeba:17153/334888","CC BY 2.0 FR"
"conduct","You must account for your conduct.","你必须为自己的行为负责。","tatoeba:16043/5581564","CC BY 2.0 FR"
"conference","He is in conference.","他正在开会。","tatoeba:710769/710768","CC BY 2.0 FR"
"conference","The conference ended at five.","會議在五點鐘結束。","tatoeba:478193/836411","CC BY 2.0 FR"
"conference","The conference closed at five.","會議在五點鐘結束。","tatoeba:22507/836411","CC BY 2.0 FR"
"confidence","I have confidence in you.","我對你有信心。","tatoeba:257142/834570","CC BY 2.0 FR"
"confidence","You have to have confidence.","你必须得自信。","tatoeba:5094811/5094939","CC BY 2.0 FR"
"confidence","Tom hasn't lost his confidence.","湯姆還沒有失去信心。","tatoeba:5732590/6145396","CC BY 2.0 FR"
"confident","We're confident of victory.","我們有信心獲勝。","tatoeba:1019893/1019894","CC BY 2.0 FR"
"confident","Tom is very confident, isn't he?","湯姆很有信心，不是麼？","tatoeba:3417279/6086874","CC BY 2.0 FR"
"confident","I'm feeling really confident now.","我現在自信感滿滿。","tatoeba:4904966/13109230","CC BY 2.0 FR"
"confidential","It's confidential.","这是机密。","tatoeba:1989669/5670858","CC BY 2.0 FR"
"confirm","Please confirm.","请确认。","tatoeba:54496/8703930","CC BY 2.0 FR"
"confirm","Confirm the order.","確認訂單。","tatoeba:4736970/781505","CC BY 2.0 FR"
"confirm","I can neither confirm nor deny that.","我既不能確認也不能否定。","tatoeba:2700655/5933767","CC BY 2.0 FR"
"conflict","I've never believed that conflict is good.","我从来没有相信过战争是好的。","tatoeba:8882713/462003","CC BY 2.0 FR"
"conflict","Diplomatic dialogue helped put an end to the conflict.","外交谈判帮助结束了冲突。","tatoeba:21962/332524","CC BY 2.0 FR"
"conflict","Euthanasia comes into conflict with the Hippocratic oath.","安樂死與希波克拉底誓言相衝突。","tatoeba:12244653/13929211","CC BY 2.0 FR"
"conform","We must conform to the rules.","我们必须遵守规则。","tatoeba:248558/334729","CC BY 2.0 FR"
"confront","I didn't confront them.","我没跟他们发生冲突。","tatoeba:3918741/5613720","CC BY 2.0 FR"
"confusion","The accident caused traffic confusion.","那場意外使交通大亂。","tatoeba:47202/372212","CC BY 2.0 FR"
"confusion","Every function should have comments describing its purpose in order to avoid confusion.","每一个函数都应该有描述其目的的注释以避免误解。","tatoeba:2915538/2915537","CC BY 2.0 FR"
"congress","Tom is running for Congress.","汤姆在竞选国会议员。","tatoeba:5992352/8750728","CC BY 2.0 FR"
"conscious","Tom is environmentally conscious.","湯姆有環保意識。","tatoeba:7564719/13180215","CC BY 2.0 FR"
"conscious","The warrior is conscious of both his strength and his weakness.","戰士知道自己的力量和弱點。","tatoeba:45742/772060","CC BY 2.0 FR"
"conscious","To make matters worse, he isn't even conscious of annoying his neighbors.","让事情更糟糕的是，他没有注意到他打扰到了邻居。","tatoeba:53970/1501645","CC BY 2.0 FR"
"consecutive","It snowed for ten consecutive days.","雪持续下了十天。","tatoeba:272527/429162","CC BY 2.0 FR"
"consent","Silence gives consent.","沉默就意味着同意。","tatoeba:1778/414244","CC BY 2.0 FR"
"consent","We will only consent on that condition.","我们只会在那样的条件下同意。","tatoeba:46178/336875","CC BY 2.0 FR"
"consent","Do you give your consent to the operation?","你是否同意手术？","tatoeba:5073894/8655329","CC BY 2.0 FR"
"consequence","It is of no consequence to me that he is coming.","他要來這件事對我而言無關緊要。","tatoeba:282983/793610","CC BY 2.0 FR"
"consequence","As a consequence, additional tests must be carried out to ensure complete security.","因此，必须进行额外的测试以确保完整的安全性。","tatoeba:2915520/2915519","CC BY 2.0 FR"
"consequence","In consequence of some badly coded functions, the system is unstable most of the time.","由于一些写得糟糕的函数，系统大多数情况下不稳定。","tatoeba:2915514/2915512","CC BY 2.0 FR"
"conservation","During the holidays, some university students go to Africa as volunteers and help to perfect local wildlife conservation.","一些大学生在假期去非洲做志愿者 ，帮助当地完善野生生物管理。","tatoeba:736740/736737","CC BY 2.0 FR"
"conservation","The giant panda is recognised as a national treasure of China, but in some conservation areas it is still killed by poachers.","大熊猫被认为是中国的国宝，但在一些保护区，它仍被偷猎。","tatoeba:736730/736728","CC BY 2.0 FR"
"conservative","We're conservative.","我们很保守。","tatoeba:2202680/4265158","CC BY 2.0 FR"
"conservative","We are conservative.","我们很保守。","tatoeba:4770656/4265158","CC BY 2.0 FR"
"conservative","Tom was conservative.","汤姆过去很保守。","tatoeba:4764560/4764654","CC BY 2.0 FR"
"considerable","A considerable amount of time and effort have been spent already.","已經花費了很多的時間和精力。","tatoeba:51898/830433","CC BY 2.0 FR"
"considerate","You are so considerate.","你真体贴。","tatoeba:9408750/1064576","CC BY 2.0 FR"
"considerate","You were considerate not to disturb us.","你考虑周到，没有打扰我们。","tatoeba:247391/332563","CC BY 2.0 FR"
"consist","What does aspirin consist of?","阿司匹林是用什么做的？","tatoeba:71823/4267324","CC BY 2.0 FR"
"consistent","Her behavior is consistent with her words.","她言行一致。","tatoeba:309291/7781869","CC BY 2.0 FR"
"consistent","His daily behavior is not consistent with his principles.","他的日常行为并不和他的原则相一致。","tatoeba:287282/1749242","CC BY 2.0 FR"
"console","Who will console me?","誰來安慰我？","tatoeba:3670924/6475464","CC BY 2.0 FR"
"console","Who will console her?","誰去安慰她？","tatoeba:3670926/6475458","CC BY 2.0 FR"
"console","She tried to console him.","她試著安慰他。","tatoeba:2346021/3163365","CC BY 2.0 FR"
"conspicuous","The scar on his forehead is conspicuous.","他額頭上的疤痕很醒目。","tatoeba:285795/4506255","CC BY 2.0 FR"
"constant","Change is the only constant.","凡事都會改變。","tatoeba:503629/1225703","CC BY 2.0 FR"
"constant","Constant effort yields sure success.","功到自然成。","tatoeba:408961/408959","CC BY 2.0 FR"
"constant","Constant dripping wears away a stone.","滴水穿石。","tatoeba:279051/1454468","CC BY 2.0 FR"
"constitute","These things constitute a balanced meal.","这些东西构成了一顿营养均衡的饭。","tatoeba:55277/1397099","CC BY 2.0 FR"
"constitution","The U.S. Constitution was poorly written.","美國憲法寫得很爛。","tatoeba:11559028/13958122","CC BY 2.0 FR"
"constitution","Equality is guaranteed by the Constitution.","平等是由宪法保障的。","tatoeba:320163/397099","CC BY 2.0 FR"
"constitution","Freedom of thought is guaranteed by the constitution.","思想自由為憲法所保障。","tatoeba:246236/3383957","CC BY 2.0 FR"
"construct","After reading his books I feel I can construct a house.","讀完他的書後，我覺得我可以構建一棟房子。","tatoeba:287554/830467","CC BY 2.0 FR"
"construct","The purpose of criticism is to construct, not to destroy.","批评的目的是建设而不是破坏。","tatoeba:13949300/13949298","CC BY 2.0 FR"
"construct","Take my hand. The two of us are going to construct a utopia.","握著我的手。我們兩個將要建立一個烏托邦。","tatoeba:775978/777037","CC BY 2.0 FR"
"consult","You should consult your doctor.","你應該諮詢你的醫生。","tatoeba:28066/842452","CC BY 2.0 FR"
"consult","You'd better consult the doctor.","您最好请教一下医生。","tatoeba:16317/469289","CC BY 2.0 FR"
"consult","You'd better consult your doctor.","你最好請教你的醫生。","tatoeba:28044/842332","CC BY 2.0 FR"
"consume","Zeal for your house will consume me.","我為你的殿，心裡焦急，如同火燒。","tatoeba:70794/793559","CC BY 2.0 FR"
"consume","The Swiss consume a large amount of beer.","瑞士人消耗不少啤酒。","tatoeba:1250599/1250601","CC BY 2.0 FR"
"consumer","Not being able to carry out payments on time can cause very large losses for the consumer.","不能按时交付货款的话会给客户带来很大损失。","tatoeba:2435880/2432825","CC BY 2.0 FR"
"consumption","Alcohol consumption is increasing every year.","酒的消费每年都在上升。","tatoeba:67312/401013","CC BY 2.0 FR"
"consumption","Limit the consumption of white sugar and salt.","限制白糖和盐的摄取量。","tatoeba:5085459/5085533","CC BY 2.0 FR"
"consumption","Alcohol consumption is higher in Eastern Europe than in Western Europe.","東歐的酒精消耗量比西歐高。","tatoeba:3364269/3364384","CC BY 2.0 FR"
"contact","Please contact us.","请联系我们。","tatoeba:2249773/5819705","CC BY 2.0 FR"
"contact","There's no contact.","没有联系。","tatoeba:5933572/8690281","CC BY 2.0 FR"
"contact","I wear contact lenses.","我戴隱形眼鏡。","tatoeba:253826/345966","CC BY 2.0 FR"
"contempt","He is below contempt.","他让人讨厌透顶。","tatoeba:1565758/1565713","CC BY 2.0 FR"
"contest","He endeavored to win the contest.","他试着赢得竞赛。","tatoeba:295283/784556","CC BY 2.0 FR"
"contest","She won the public speaking contest.","她在演講比賽中取得了第一名。","tatoeba:8770157/338734","CC BY 2.0 FR"
"contest","I said we're doing a staring contest!","說好要瞪眼比賽的呀！","tatoeba:12080277/1702813","CC BY 2.0 FR"
"contract","The contract was signed.","契約簽訂了。","tatoeba:2047559/6047485","CC BY 2.0 FR"
"contract","This contract is null and void.","这份合同没有法律效力。","tatoeba:7861634/9958559","CC BY 2.0 FR"
"contract","Metals contract when they cool.","金属冷却的时候会收缩。","tatoeba:13547965/405772","CC BY 2.0 FR"
"contradict","I cannot forbid a person to marry several wives, for it does not contradict Scripture.","我不能禁止一个人娶好几个妻子，因为这与圣经不矛盾。","tatoeba:733854/792804","CC BY 2.0 FR"
"contradiction","From what stems this contradiction between our hopes and our reality?","希望与现实之间的矛盾，因何而起？","tatoeba:2311318/2307152","CC BY 2.0 FR"
"contrast","The picture is colorful in contrast with this one.","和這幅比起上來，那幅畫的色彩鮮艷多了。","tatoeba:49013/418539","CC BY 2.0 FR"
"contribute","I will work hard to contribute!","我将会努力作贡献的！","tatoeba:10372256/9987116","CC BY 2.0 FR"
"contribute","How do I contribute audio in Tatoeba?","我如何在Tatoeba貢獻音頻?","tatoeba:735081/790893","CC BY 2.0 FR"
"contribute","And everyone has the ability to contribute.","每个人都有能力作贡献。","tatoeba:704151/811351","CC BY 2.0 FR"
"controversial","This theory is very controversial.","这个理论很有争议。","tatoeba:5568135/5568458","CC BY 2.0 FR"
"controversial","This movie is highly controversial.","这个电影很有争议。","tatoeba:1446472/3081237","CC BY 2.0 FR"
"controversial","He sows discord by raising controversial subjects.","他挑起爭議性高的話題，製造紛爭。","tatoeba:7465550/3408630","CC BY 2.0 FR"
"convenience","The convenience store ran out of business.","便利店出兑。","tatoeba:5920594/5920593","CC BY 2.0 FR"
"convenience","Why don't you drop in for tea at your convenience?","你有空的時候來喝杯茶吧。","tatoeba:54353/432351","CC BY 2.0 FR"
"convenience","It started raining on my way to the convenience store.","在我去便利商店的路上，天開始下雨了。","tatoeba:13155956/13519307","CC BY 2.0 FR"
"conventional","Plastics have taken the place of many conventional materials.","塑料代替了许多传统的原料。","tatoeba:34218/336863","CC BY 2.0 FR"
"conversion","Conversion therapy is torture.","扭转治疗是酷刑。","tatoeba:11470705/13835347","CC BY 2.0 FR"
"conversion","Sami's conversion to Islam was a life-changing thing.","薩米皈依伊斯蘭教對他的人生產生了深遠的影響。","tatoeba:7988234/13799569","CC BY 2.0 FR"
"convert","He is a recent convert to Catholicism.","他新近皈依的天主教徒。","tatoeba:387711/387710","CC BY 2.0 FR"
"convert","The cells have the capacity to convert food into energy.","細胞具有將食物轉化為能量的能力。","tatoeba:2818118/13753049","CC BY 2.0 FR"
"convey","Wires are used to convey electricity.","電線被用來運送電力。","tatoeba:269865/772100","CC BY 2.0 FR"
"convey","His words convey nothing at all to me.","他的話對我來說沒有任何意義。","tatoeba:286044/358446","CC BY 2.0 FR"
"convey","While dreams cannot tell you what will happen to you in reality, they are able to convey your innermost thoughts.","梦虽然不会告诉你现实中将要发生什么，却能告诉你内心的真实想法。","tatoeba:2476348/2456614","CC BY 2.0 FR"
"convince","I can't convince Tom.","我無法說服湯姆。","tatoeba:1951438/10471789","CC BY 2.0 FR"
"convince","I can't convince them.","我说服不了他们。","tatoeba:3918665/5554543","CC BY 2.0 FR"
"convince","It is hard to convince John.","John 這人不容易說服。","tatoeba:52504/348128","CC BY 2.0 FR"
"cooperative","I try to be cooperative.","我盡量保持合作。","tatoeba:8192308/13779672","CC BY 2.0 FR"
"cooperative","Tom has been quite cooperative.","汤姆很合作。","tatoeba:3431209/4972572","CC BY 2.0 FR"
"cope","She is unable to cope with stress.","她無法應付壓力。","tatoeba:311014/779009","CC BY 2.0 FR"
"cope","He can't cope with complicated situations.","他不能处理好复杂情况。","tatoeba:10540268/9932533","CC BY 2.0 FR"
"cope","We have to cope with hosts of difficulties.","我們要面對許多的困難。","tatoeba:23054/360687","CC BY 2.0 FR"
"cord","He caught the cord.","他抓住了绳子。","tatoeba:1008568/510886","CC BY 2.0 FR"
"cord","I need an extension cord.","我需要一條延長線。","tatoeba:2635008/12746700","CC BY 2.0 FR"
"cord","This extension cord is too short.","這條延長線太短了。","tatoeba:3962671/3763511","CC BY 2.0 FR"
"corporate","Corporate earnings in the first quarter improved sharply.","企业第一季度收益大幅增长。","tatoeba:20727/380727","CC BY 2.0 FR"
"corpse","Every man is a potential corpse.","每个人都可能变成尸体。","tatoeba:1331901/11243446","CC BY 2.0 FR"
"corrupt","The file is corrupt.","文件已损坏。","tatoeba:965928/7773121","CC BY 2.0 FR"
"corrupt","Let's chase out corrupt politicians!","让我们赶走腐败的政客！","tatoeba:838853/9959098","CC BY 2.0 FR"
"costume","Sami was the only one who could fit into the costume.","萨米是唯一一个能穿上这件衣服的人。","tatoeba:6552750/6553056","CC BY 2.0 FR"
"costume","He's taken off his mask, torn off his costume. There's no doubt now about what the far-right candidate intends.","他摘下了面具，卸下了偽裝。極右翼候選人的意圖已昭然若揭。","tatoeba:13446160/13907661","CC BY 2.0 FR"
"council","You should run for city council.","你应该去竞选城市委员会。","tatoeba:4834911/4844821","CC BY 2.0 FR"
"counter","Please pay at this counter.","請在這個櫃位付款。","tatoeba:61246/339435","CC BY 2.0 FR"
"counter","Where's the checkout counter?","結帳櫃台在哪裡?","tatoeba:29518/778513","CC BY 2.0 FR"
"counter","Sami walked up to the counter.","萨米走向了柜台。","tatoeba:7199711/8743572","CC BY 2.0 FR"
"coupon","May I have coupon tickets?","可以给我优惠券吗？","tatoeba:22312/4970000","CC BY 2.0 FR"
"court","Tom appeared in court on Monday.","汤姆在周一出庭了。","tatoeba:7126933/13880599","CC BY 2.0 FR"
"court","Have you met the new court jester?","你见过新来的那货了吗？","tatoeba:4275973/13892076","CC BY 2.0 FR"
"court","The court declared the defendant innocent.","法庭宣判被告无罪。","tatoeba:5906549/5906569","CC BY 2.0 FR"
"coward","He's a coward.","他是个胆小鬼。","tatoeba:8477281/1419948","CC BY 2.0 FR"
"coward","He is a coward.","他是个胆小鬼。","tatoeba:7782934/1419948","CC BY 2.0 FR"
"coward","Tom is a coward.","湯姆是膽小鬼。","tatoeba:2272781/10349201","CC BY 2.0 FR"
"cozy","He lives in a cozy little house.","他住在一個舒適的小房子裡。","tatoeba:637344/794080","CC BY 2.0 FR"
"cozy","His home is furnished in a very cozy way.","他家的布局非常温馨。","tatoeba:6218470/13881215","CC BY 2.0 FR"
"cradle","A baby is sleeping in the cradle.","一個嬰兒在搖籃裡睡覺。","tatoeba:272359/9046287","CC BY 2.0 FR"
"cradle","The baby fell asleep in the cradle.","宝宝在摇篮里入睡了。","tatoeba:45825/336584","CC BY 2.0 FR"
"cradle","The baby is sleeping in the cradle.","嬰兒正在搖籃裡睡覺。","tatoeba:272415/900701","CC BY 2.0 FR"
"crash","The plane crash was only last week.","上個星期這架飛機墜毀了。","tatoeba:318116/895808","CC BY 2.0 FR"
"crash","Tom died two years ago in a plane crash.","汤姆死于两年前的一次空难。","tatoeba:1543972/1878100","CC BY 2.0 FR"
"crash","She won't take an airplane for fear of a crash.","她不会乘飞机因为害怕坠机。","tatoeba:315878/332944","CC BY 2.0 FR"
"creation","Love is what gives joy to all creation.","爱把喜悦带给所有的生命。","tatoeba:6570013/6570014","CC BY 2.0 FR"
"creation","The creation of most schools was not to transform society, but to reconstruct society.","大部分学校的创建不是用来转变社会，而是用来重建社会的。","tatoeba:14036404/502744","CC BY 2.0 FR"
"credible","If you want to be credible, tell people only what they believe.","如果你想使他人相信你的话，那就只说他已经相信的东西吧。","tatoeba:1075916/1777919","CC BY 2.0 FR"
"credit","I lost my credit card.","我把我的信用卡搞丟了。","tatoeba:2819451/10314340","CC BY 2.0 FR"
"credit","Can I use a credit card?","我可以刷卡吗？","tatoeba:398976/399058","CC BY 2.0 FR"
"credit","Can I pay by credit card?","我可以用信用卡付帳嗎?","tatoeba:2238/765559","CC BY 2.0 FR"
"crew","Some of the crew were drowned.","有几个船员溺水而亡。","tatoeba:268427/1704341","CC BY 2.0 FR"
"crew","Modern ships only need a small crew.","現代船隻只需要一小組的船員。","tatoeba:243793/796976","CC BY 2.0 FR"
"crew","Captains have responsibility for ship and crew.","船長們對他們的船隻和船員負有責任。","tatoeba:273503/10299954","CC BY 2.0 FR"
"crime","This is a war crime.","這是戰爭罪。","tatoeba:5998346/13153248","CC BY 2.0 FR"
"crime","Underage drinking is a crime.","未满年龄饮酒是罪行。","tatoeba:1848864/5687003","CC BY 2.0 FR"
"crime","Bill did not commit the crime.","比爾沒有犯罪。","tatoeba:34546/836304","CC BY 2.0 FR"
"criminal","Putin is a war criminal.","普丁是戰犯。","tatoeba:11184336/13149223","CC BY 2.0 FR"
"criminal","Tom is a wanted criminal.","汤姆是通缉犯。","tatoeba:2644908/4405639","CC BY 2.0 FR"
"criminal","The criminal was arrested.","犯人被逮捕了。","tatoeba:777590/777589","CC BY 2.0 FR"
"crisis","His company didn't survive the crisis.","他的公司沒有從危機中倖存。","tatoeba:1530354/5496290","CC BY 2.0 FR"
"crisis","Algeria is in the midst of a political crisis.","阿尔及利亚正处于政治危机中。","tatoeba:8558146/8558447","CC BY 2.0 FR"
"crisis","Algeria is in the midst of an economic crisis.","阿尔及利亚正处于经济危机中。","tatoeba:8558147/8558446","CC BY 2.0 FR"
"criterion","Americans are said to regard the amount of money a man makes as a criterion of his ability.","据说美国人把一个人的收入视为评判他能力的重要尺度。","tatoeba:320225/437437","CC BY 2.0 FR"
"criterion","The criterion of the scientific status of a theory is its falsifiability, or refutability, or testability.","一个理论的科学地位的标准是它的可证伪性、可反驳性或可检验性。","tatoeba:13957908/13957909","CC BY 2.0 FR"
"critic","This famous mountain climber is a critic of mass tourism.","這位著名的登山家批評大眾旅遊。","tatoeba:13415748/13573234","CC BY 2.0 FR"
"critical","The situation there was critical.","那裡的情況很危急。","tatoeba:807166/1692130","CC BY 2.0 FR"
"critical","Your mother is in critical condition.","你母親現在情況危殆。","tatoeba:17403/874511","CC BY 2.0 FR"
"critical","I can't understand why you are so critical of him.","我不明白为什么你这么批评他。","tatoeba:36479/332635","CC BY 2.0 FR"
"criticism","He underwent severe criticism.","他被严历批评。","tatoeba:7765372/849516","CC BY 2.0 FR"
"criticism","You are too sensitive to criticism.","你對批評太敏感了。","tatoeba:9902/871154","CC BY 2.0 FR"
"criticism","Don't be too sensitive to criticism.","不要对批评太敏感了。","tatoeba:317780/335125","CC BY 2.0 FR"
"criticize","Few, if any, will criticize him.","很少有人会批评他，即使有也不多。","tatoeba:307916/336698","CC BY 2.0 FR"
"crowd","The crowd is going nuts.","大家都快疯了。","tatoeba:1400234/1946778","CC BY 2.0 FR"
"crowd","John passed among the crowd.","約翰穿越人群。","tatoeba:52621/898764","CC BY 2.0 FR"
"crowd","A crowd gathered at the scene.","一群人聚集在现场。","tatoeba:237748/8886337","CC BY 2.0 FR"
"crucial","This is a crucial point.","这是一个关键点。","tatoeba:8550226/8550380","CC BY 2.0 FR"
"crucial","The next four to six weeks are crucial in controlling the massive Ebola outbreak.","接下來的四到六週將對於控制伊波拉病毒的大爆發至關重要。","tatoeba:5186768/10268540","CC BY 2.0 FR"
"crumble","Algeria will not crumble.","阿尔及利亚不会崩溃。","tatoeba:12258112/8550358","CC BY 2.0 FR"
"crumble","Algeria isn't going to crumble.","阿尔及利亚不会崩溃。","tatoeba:12258113/8550358","CC BY 2.0 FR"
"crush","He has had a crush on her.","他一直暗恋着她。","tatoeba:1493274/1490518","CC BY 2.0 FR"
"crush","I think Tom has a crush on Mary.","我觉得汤姆爱上玛丽了。","tatoeba:2408241/8605874","CC BY 2.0 FR"
"crush","She has a crush on the boy next door.","她看上了隔壁的那个男孩。","tatoeba:2517782/13862497","CC BY 2.0 FR"
"cucumber","What a long cucumber!","那条黄瓜多长啊！","tatoeba:489020/489024","CC BY 2.0 FR"
"cucumber","This cucumber is very long!","這根黃瓜好長啊！","tatoeba:7794269/6937179","CC BY 2.0 FR"
"cucumber","Horses don't eat cucumber salad.","馬不吃黃瓜沙拉。","tatoeba:7805711/6937181","CC BY 2.0 FR"
"culture","Is PC culture good or bad?","電腦文化是好是壞？","tatoeba:6892215/13527567","CC BY 2.0 FR"
"culture","Youth has its own culture.","年轻人有自己的文化。","tatoeba:11243354/11243371","CC BY 2.0 FR"
"culture","They had a culture of their own.","他们有他们自己的文化。","tatoeba:307257/333199","CC BY 2.0 FR"
"current","This is my current address.","這是我現在的住址。","tatoeba:9272231/10269065","CC BY 2.0 FR"
"current","They swam against the current.","他们逆流而上。","tatoeba:8923429/2052113","CC BY 2.0 FR"
"current","The current era is the atomic era.","现在的时代是原子时代。","tatoeba:7767721/3526214","CC BY 2.0 FR"
"curse","Yes, people usually curse at someone they are acquainted with.","對，人通常會對自己的熟人口出惡言。","tatoeba:6153599/6153596","CC BY 2.0 FR"
"customary","In Asian culture it's customary to take one's shoes off before entering a house or temple.","在亚洲文化里，习惯在进一个房子或一座寺庙前先脱鞋子。","tatoeba:608950/817336","CC BY 2.0 FR"
"cute","So cute!","好可愛喔。","tatoeba:1636288/1636287","CC BY 2.0 FR"
"cute","How cute!","好可愛！","tatoeba:36097/931055","CC BY 2.0 FR"
"cute","It's so cute!","好可愛！","tatoeba:13170189/931055","CC BY 2.0 FR"
"cycle","I cycle to work.","我骑车去工作。","tatoeba:1211488/1187431","CC BY 2.0 FR"
"cycle","Usually I cycle or get the bus to work.","我通常骑自行车或乘公交车去上班。","tatoeba:1477325/1477273","CC BY 2.0 FR"
"cycle","Most of the pupils here cycle to school.","這兒的學生大多騎車上學。","tatoeba:10643377/10643748","CC BY 2.0 FR"
"cylinder","The piston does not come into contact with the cylinder cover.","这个活塞不接触汽缸盖。","tatoeba:1582776/1582772","CC BY 2.0 FR"
"cynical","People grow more cynical with age.","人會隨著年齡的增長而更加地玩世不恭。","tatoeba:790736/790758","CC BY 2.0 FR"
"cynical","In my soul there are many places that are cynical and arrogant, but at its core, it fears the darkness and is as weak as a sheep.","我的灵魂里有很多地方玩世不恭，对人傲慢无礼，但是它有一个核心，这个核心害怕黑暗，柔弱得像绵羊一样。","tatoeba:7797406/3130803","CC BY 2.0 FR"
"database","Just because it's in Tatoeba.org's database, doesn't mean it's a sentence.","在Tatoeba.org的数据库里并不意味着它是一个句子。","tatoeba:625903/1394912","CC BY 2.0 FR"
"database","We have optimized the database indexing, and as a result, system efficiency has improved by 50%.","我们优化了数据库索引，结果系统效率提高了50%。","tatoeba:2915518/2915517","CC BY 2.0 FR"
"deadline","She missed the deadline.","她錯過了最後期限。","tatoeba:1737140/5595160","CC BY 2.0 FR"
"deadline","The deadline is approaching.","期限近了。","tatoeba:1497746/335315","CC BY 2.0 FR"
"deadline","Tom didn't know the deadline was today.","汤姆不知道今天是期限。","tatoeba:1094718/2040277","CC BY 2.0 FR"
"deadly","To him this is a deadly blow.","这对他来说是致命的打击。","tatoeba:11272815/10028087","CC BY 2.0 FR"
"deadly","The tip of the spear was dipped in a deadly poison.","矛尖浸在一種致命的毒藥裡。","tatoeba:764188/765679","CC BY 2.0 FR"
"deadly","So it seems that cloud of odorless deadly gas had a silver lining after all.","只能说，致命煤气的雾团中，也定会有阳光的。","tatoeba:2453133/2453137","CC BY 2.0 FR"
"dean","He used to be a professor, but now he is the dean.","他以前是教授，后来当了系主任。","tatoeba:8645578/8645573","CC BY 2.0 FR"
"debate","We don't have time to debate.","我們沒有時間來辯論。","tatoeba:1110425/6093897","CC BY 2.0 FR"
"debate","It was an interesting debate.","这是场有趣的辩论。","tatoeba:6817300/9962337","CC BY 2.0 FR"
"debate","He participated in the debate.","他参加辩论","tatoeba:291193/5975067","CC BY 2.0 FR"
"decade","We have experienced many changes over the last decade.","我们最近十年经历了很多变化。","tatoeba:23616/754042","CC BY 2.0 FR"
"decay","Salt helps to preserve food from decay.","鹽可以幫助保存食物避免腐爛。","tatoeba:25752/798097","CC BY 2.0 FR"
"decay","The decay of the shrine is due, in part, to acid rain.","廟宇的毀壞有一部分要歸因於酸雨。","tatoeba:46055/4262184","CC BY 2.0 FR"
"decay","Many local traditions have fallen into decay in recent years.","近几年，很多当地的传统都衰败了。","tatoeba:18642/2077798","CC BY 2.0 FR"
"deceive","Don't deceive me.","不要骗我。","tatoeba:262454/818424","CC BY 2.0 FR"
"deceive","Don't deceive yourself.","不要欺骗你自己。","tatoeba:1481773/1272224","CC BY 2.0 FR"
"deceive","Don't let appearances deceive you.","不要被外貌蒙蔽了。","tatoeba:4728143/4517819","CC BY 2.0 FR"
"decent","Tom is a decent guy.","汤姆是好人。","tatoeba:5105759/6449458","CC BY 2.0 FR"
"decent","Tom is a decent sort of guy.","湯姆是箇誠實的孩子。","tatoeba:1144623/5576777","CC BY 2.0 FR"
"decent","Please keep your language decent while my parents are here.","我父母在的时候，请你言语注意分寸。","tatoeba:252072/848559","CC BY 2.0 FR"
"decisive","None of these considerations are decisive.","这些考虑没有一项是决定性的。","tatoeba:9306485/9306482","CC BY 2.0 FR"
"decorate","Tom helped Mary decorate her Christmas tree.","湯姆幫助瑪莉裝飾聖誕樹。","tatoeba:5712529/13665604","CC BY 2.0 FR"
"decorate","Many people decorate their homes for Christmas.","許多人都會在聖誕節期間裝飾自己的家。","tatoeba:12932142/13665607","CC BY 2.0 FR"
"decorate","You can decorate the cocktail with a cherry or a pineapple.","你可以用一个樱桃或菠萝来装饰这杯鸡尾酒。","tatoeba:236600/407262","CC BY 2.0 FR"
"decrease","This medicine will decrease your pain.","这种药会减轻你的疼痛。","tatoeba:56562/8709410","CC BY 2.0 FR"
"decree","Spirits of Heaven and Earth, heed my call; manifest swiftly by divine decree!","天靈靈，地靈靈；急急如律令！","tatoeba:13526401/13526399","CC BY 2.0 FR"
"default","I've heard that if you default on the water rates your water supply will be suspended, is that true?","聽說不交水費就會被停水，是真的嗎？","tatoeba:329184/385295","CC BY 2.0 FR"
"defeat","To those who would tear the world down: we will defeat you.","那些想要颠覆这个世界的人们，我们将击败你们。","tatoeba:347784/347869","CC BY 2.0 FR"
"defeat","Victory and defeat aren't solely decided by the size of your army.","胜败不能单靠兵力多少。","tatoeba:558520/558518","CC BY 2.0 FR"
"defeat","Both victory and defeat are but an everyday occurrence to a soldier.","胜败是兵家常事。","tatoeba:564634/564633","CC BY 2.0 FR"
"defect","To be perfect she lacked just one defect.","要变得完美，她就是少了一个缺点。","tatoeba:1636/65","CC BY 2.0 FR"
"defendant","The court declared the defendant innocent.","法庭宣判被告无罪。","tatoeba:5906549/5906569","CC BY 2.0 FR"
"defendant","The defendant will appeal to a higher court.","被告会向上级法院上诉。","tatoeba:317889/2029437","CC BY 2.0 FR"
"defendant","The news article painted the defendant as a guilty man, even though he had been proven innocent.","该报文章中将被告人描述成一个罪魁祸首，尽管他已经被证明是无辜的了。","tatoeba:2019/503034","CC BY 2.0 FR"
"defiance","She got married in defiance of her father.","她違背了她父親的意願結了婚。","tatoeba:10544585/802510","CC BY 2.0 FR"
"defiance","Rebels stomped on the enemy’s flags as a sign of defiance.","反叛者踐踏敵人的旗幟，以示挑釁。","tatoeba:13153672/13153676","CC BY 2.0 FR"
"define","How would you define ""happiness""?","你怎么定义“幸福”？","tatoeba:70271/397546","CC BY 2.0 FR"
"definitely","Definitely!","必须的！","tatoeba:30542/4505064","CC BY 2.0 FR"
"definitely","It'll definitely rain.","绝对将要下雨。","tatoeba:1263640/1780746","CC BY 2.0 FR"
"definitely","Tom will definitely come.","汤姆一定会来。","tatoeba:6271781/9475959","CC BY 2.0 FR"
"definition","What do you think of this word's definition?","你怎么看待这个词的定义？","tatoeba:10258726/10028117","CC BY 2.0 FR"
"definition","To give a definition of a word is more difficult than to give an illustration of its usage.","要為一個字下定義比為字的用法舉例更困難。","tatoeba:239792/761324","CC BY 2.0 FR"
"defy","The truth is the truth, even if you defy it and intentionally cover it up, it is still no different from daydreaming.","真理就是真理， 就算反其道而行故意掩盖它，这样的企图和白日做梦一样，不过是妄想而已。","tatoeba:12080274/2051476","CC BY 2.0 FR"
"deliberate","Every step in the experiment was deliberate.","该实验的每一步都是经过深思熟虑的。","tatoeba:2028057/2028055","CC BY 2.0 FR"
"delicate","That's a delicate matter.","那是个微妙的局势。","tatoeba:10266676/9637787","CC BY 2.0 FR"
"delicate","It's a delicate situation.","那是个微妙的局势。","tatoeba:2173701/9637787","CC BY 2.0 FR"
"delicate","It's a very delicate question.","這是條很微妙的問題。","tatoeba:42137/349752","CC BY 2.0 FR"
"demand","The demand is huge.","好大一颗钻。","tatoeba:1526299/1946780","CC BY 2.0 FR"
"demand","Price reflects demand.","價格反映著需求。","tatoeba:5073781/3149505","CC BY 2.0 FR"
"demand","We must reduce energy demand.","我們必須降低能源需求。","tatoeba:23261/5911627","CC BY 2.0 FR"
"demonstrate","Can you demonstrate it?","您可以示範一下嗎?","tatoeba:10541634/778001","CC BY 2.0 FR"
"denial","In its more extreme variants, cis ideology can include denial of the empirical reality of intersex and transgender people.","在更極端的變體中，順性別意識形態可能包括否認陰陽人和跨性別者的現實經歷。","tatoeba:11690633/13518881","CC BY 2.0 FR"
"dentist","He is a dentist.","他是牙科医生。","tatoeba:3303232/2200395","CC BY 2.0 FR"
"dentist","Tom is my dentist.","湯姆是我的牙醫。","tatoeba:2273300/10555755","CC BY 2.0 FR"
"dentist","I am at the dentist.","我在牙医那儿。","tatoeba:7790191/7781819","CC BY 2.0 FR"
"deny","I can't deny it.","我無法否認。","tatoeba:1951468/13524050","CC BY 2.0 FR"
"deny","No one would deny that.","沒人會否認的。","tatoeba:11864391/13138793","CC BY 2.0 FR"
"deny","No one can deny the fact.","誰也不能否定其事實。","tatoeba:47059/7752874","CC BY 2.0 FR"
"depict","I'm not a poet; I couldn't write a single line to depict its beauty.","我不是诗人，无法用一行文字描绘它的美丽。","tatoeba:1582785/1582762","CC BY 2.0 FR"
"depression","She's in a depression.","她抑郁了。","tatoeba:680668/9958155","CC BY 2.0 FR"
"depression","Tom struggles with depression.","湯姆飽受憂鬱症之苦。","tatoeba:11619336/13884917","CC BY 2.0 FR"
"depression","She sometimes goes into a mood of depression.","她偶爾有憂鬱的心情。","tatoeba:317289/908306","CC BY 2.0 FR"
"deprive","No one can deprive of your human rights.","沒有人能剝奪你的人權。","tatoeba:276518/1945987","CC BY 2.0 FR"
"deprive","This law will deprive us of our basic rights.","这项法律会剥夺我们的基本权利。","tatoeba:57140/1409040","CC BY 2.0 FR"
"derive","From reading good books we can derive pleasure, friendship, experience and instruction.","读书，可以获得乐趣、友谊、经验和指导。","tatoeba:1269252/1269251","CC BY 2.0 FR"
"derive","Superstitions derive from the inability of men to acknowledge that coincidences are merely coincidences.","迷信之所以存在，是因為人無法接受巧合只是巧合而已。","tatoeba:714931/10311643","CC BY 2.0 FR"
"describe","I can't really describe it.","我不知道該怎麼形容。","tatoeba:1096484/3477030","CC BY 2.0 FR"
"describe","Describe that accident in detail.","详细叙述一下这起事故吧。","tatoeba:47076/373470","CC BY 2.0 FR"
"describe","It's really difficult to describe.","很難描述。","tatoeba:3442509/12267195","CC BY 2.0 FR"
"deserve","They deserve it.","这是他们应得的。","tatoeba:2243096/3680887","CC BY 2.0 FR"
"deserve","I don't deserve it.","不敢当。","tatoeba:1815713/13111443","CC BY 2.0 FR"
"deserve","You don't deserve it.","你不配。","tatoeba:5715090/5715123","CC BY 2.0 FR"
"design","This is a stupid design.","这份设计很蠢。","tatoeba:4870312/5091289","CC BY 2.0 FR"
"design","The design itself is flawed.","設計本身有問題。","tatoeba:4870315/6728899","CC BY 2.0 FR"
"design","This design is very ergonomic.","這個設計很人性化。","tatoeba:10540341/6023203","CC BY 2.0 FR"
"desirable","It is the things that we do not possess which seem to us most desirable.","得不到的东西就最想得到。","tatoeba:237003/332950","CC BY 2.0 FR"
"desire","Follow your desire.","你想要的是最重要的。","tatoeba:756362/754959","CC BY 2.0 FR"
"desire","Don't confuse desire with love.","不要把欲望和爱情混为一谈。","tatoeba:324955/8798303","CC BY 2.0 FR"
"desire","How to arouse a woman's desire?","如何引起女人的渴望？","tatoeba:508834/503272","CC BY 2.0 FR"
"despise","I despise you.","我鄙视你。","tatoeba:2245678/5067373","CC BY 2.0 FR"
"despise","You despise Nick, don't you?","你看不起尼克对吧？","tatoeba:35970/8845134","CC BY 2.0 FR"
"despise","The rich sometimes despise the poor.","富人有时会看不起穷人。","tatoeba:18516/1998069","CC BY 2.0 FR"
"despite","I love him despite his faults.","他有他的缺点，但是我爱他。","tatoeba:238511/11698430","CC BY 2.0 FR"
"despite","Despite being rich, he is not happy.","虽然他很有钱，但他不幸福。","tatoeba:3289062/334255","CC BY 2.0 FR"
"despite","Despite all his faults he is popular.","他雖然有許多缺點，但卻很受人歡迎。","tatoeba:238513/1097884","CC BY 2.0 FR"
"destination","At last, we reached our destination.","我们终于达到了我们的目标。","tatoeba:39901/808213","CC BY 2.0 FR"
"destination","They made straight for their destination.","他們直奔目的地。","tatoeba:307613/796030","CC BY 2.0 FR"
"destination","Round-trip fares to each destination are as follows.","往返各地的收费如下。","tatoeba:21737/464866","CC BY 2.0 FR"
"destined","He was destined to become a great musician.","他命中注定要成為偉大的音樂家。","tatoeba:293548/361792","CC BY 2.0 FR"
"destiny","Do we all have a destiny to fulfill?","我們都有要實現的命運嗎？","tatoeba:12778522/13135831","CC BY 2.0 FR"
"destiny","You're the master of your own destiny.","你才是自己命运的主人。","tatoeba:8983794/1992648","CC BY 2.0 FR"
"destiny","You are the master of your own destiny.","你才是自己命运的主人。","tatoeba:16186/1992648","CC BY 2.0 FR"
"destruction","A nuclear war will bring about the destruction of mankind.","核戰爭將會為人類帶來滅亡。","tatoeba:21727/1399363","CC BY 2.0 FR"
"destruction","Nowadays it's not possible to protect oneself against weapons of mass destruction.","如今要保护自己不受大规模杀伤性武器的伤害是不可能的。","tatoeba:6024624/8751442","CC BY 2.0 FR"
"destructive","Suspicion is destructive of friendship.","怀疑会毁掉友情。","tatoeba:20044/13893803","CC BY 2.0 FR"
"detail","Please explain in detail.","请详细地解释。","tatoeba:327715/429463","CC BY 2.0 FR"
"detail","He explained it to me in detail.","他为我做了详细说明。","tatoeba:10540296/335328","CC BY 2.0 FR"
"detail","Describe that accident in detail.","详细叙述一下这起事故吧。","tatoeba:47076/373470","CC BY 2.0 FR"
"detect","Instead, they detect sounds through their tongues and feel vibrations through sense organs in the skull.","相反，他们通过舌头来侦测声音，并通过头骨内的感觉器官来感受震动。","tatoeba:1167124/1167175","CC BY 2.0 FR"
"detective","I'm a detective.","我是个侦探。","tatoeba:2247888/7774795","CC BY 2.0 FR"
"detective","She described him as a detective.","她把他形容为侦探。","tatoeba:316516/8589134","CC BY 2.0 FR"
"detective","He occasionally reads detective novels.","他偶尔会阅读一些侦探小说。","tatoeba:482308/2567442","CC BY 2.0 FR"
"deteriorate","If Tom doesn't take the prescribed medicine, his state of health might deteriorate.","如果汤姆不服用处方药，他的健康状况可能会恶化。","tatoeba:8554342/8554443","CC BY 2.0 FR"
"device","This is an old device.","这是台旧设备。","tatoeba:4756241/4757238","CC BY 2.0 FR"
"device","The device is portable.","设备是便携的。","tatoeba:3647304/3647401","CC BY 2.0 FR"
"device","This device is actuated by a switch.","這個裝置是用開關啟動的。","tatoeba:59173/342198","CC BY 2.0 FR"
"devote","She seems to devote all her effects to her career.","她似乎把自己所有的精力都投入到了事业上。","tatoeba:314691/1902268","CC BY 2.0 FR"
"devote","I intend to devote a few hours a day to the study of English.","我打算每天花幾個小時來學英文。","tatoeba:256221/489526","CC BY 2.0 FR"
"dictate","Gender norms should not dictate how individuals cope with and process their emotions.","性別規範不應該規定個人如何面對或處理自己的情緒。","tatoeba:12123551/13518837","CC BY 2.0 FR"
"digest","Wine helps digest food.","喝酒幫助消化。","tatoeba:29227/1470560","CC BY 2.0 FR"
"dignity","Treat me with dignity.","請以尊嚴對待我。","tatoeba:12116358/13863143","CC BY 2.0 FR"
"dignity","She has inherent dignity.","她有與生俱來的尊嚴。","tatoeba:308780/780241","CC BY 2.0 FR"
"dignity","Your action has offended his dignity.","你的行為已經冒犯了他的尊嚴。","tatoeba:17161/918099","CC BY 2.0 FR"
"dilemma","This is the dilemma.","这就是抉择所在。","tatoeba:1297653/4218454","CC BY 2.0 FR"
"diligent","Be diligent, don't worry.","要用心，不要操心、煩心。","tatoeba:9419695/838309","CC BY 2.0 FR"
"diligent","They say that he's very diligent.","他们说他非常勤奋。","tatoeba:2381337/2357597","CC BY 2.0 FR"
"diligent","Generally, the Japanese are diligent.","一般來說，日本人很勤奮。","tatoeba:9231734/14013603","CC BY 2.0 FR"
"dim","Ahh, it's dim sim time.","啊，吃點心的時間到了。","tatoeba:8640455/1670014","CC BY 2.0 FR"
"dim","Eating dim sims is a bad habit.","吃點心是壞習慣。","tatoeba:8640449/735122","CC BY 2.0 FR"
"dim","I love the Dim sims from Tim Ho Wan.","我爱添好运的点心。","tatoeba:8640461/8640459","CC BY 2.0 FR"
"dine","Even if they have a good wine menu, I will not want to dine here.","即使他们有很好的酒单，我也不想在这里用餐。","tatoeba:621809/332667","CC BY 2.0 FR"
"diploma","The principal presented each of the graduates with diploma.","校长向每个毕业生颁发了毕业证书。","tatoeba:240903/599697","CC BY 2.0 FR"
"diplomat","You should be a diplomat.","你应该做一个外交官。","tatoeba:4834914/4844783","CC BY 2.0 FR"
"diplomat","He is a diplomat at the American Embassy.","他是美国大使馆的外交官。","tatoeba:288865/404459","CC BY 2.0 FR"
"diplomat","He is about to become a diplomat at the Chinese Embassy in France.","他将要成为中国驻法国大使馆的外交官。","tatoeba:7781112/797297","CC BY 2.0 FR"
"directory","May I see the telephone directory?","我能看看电话簿吗？","tatoeba:279366/844210","CC BY 2.0 FR"
"disable","I wish I could figure out how to disable comments on my blog.","但愿我能找到在我的博客上屏蔽评论的办法。","tatoeba:953728/7771874","CC BY 2.0 FR"
"disaster","That was a disaster.","那是災難。","tatoeba:4494884/6111875","CC BY 2.0 FR"
"disaster","Sami's show was a disaster.","萨米的表演简直是灾难。","tatoeba:6456648/7976839","CC BY 2.0 FR"
"disaster","It's an environmental disaster.","這是環境災害。","tatoeba:8512634/13180224","CC BY 2.0 FR"
"disastrous","Pollution has a disastrous effect on the ecology of a region.","環境污染可以對一個區域的生態造成極大的影響。","tatoeba:25709/903228","CC BY 2.0 FR"
"discard","Discard a card.","丟棄一張手牌。","tatoeba:9358266/10563969","CC BY 2.0 FR"
"discharge","The crowd obstructed the police in the discharge of their duties.","群众妨碍了警员执行任务。","tatoeba:237763/602892","CC BY 2.0 FR"
"discipline","Translation is a scholarly discipline.","翻译是一门学问。","tatoeba:1689027/1672212","CC BY 2.0 FR"
"discount","Can you give me a discount?","能给我打个折么？","tatoeba:31283/1468433","CC BY 2.0 FR"
"discount","Could you give me a discount?","能给我打个折么？","tatoeba:276951/1468433","CC BY 2.0 FR"
"discount","Can I have a discount voucher?","可以给我优惠券吗？","tatoeba:12259803/4970000","CC BY 2.0 FR"
"discreet","Mary told me that she thought Tom would be discreet.","瑪麗跟我說他覺得湯姆很謹慎。","tatoeba:6411350/11945878","CC BY 2.0 FR"
"discriminate","I don't discriminate.","我不歧视人。","tatoeba:2245719/7767712","CC BY 2.0 FR"
"disease","What disease do I have?","我得了什麼病？","tatoeba:435201/836131","CC BY 2.0 FR"
"disease","You have heart disease.","你有心脏病。","tatoeba:7836722/1315942","CC BY 2.0 FR"
"disease","You have a brain disease.","你患了种脑部疾病。","tatoeba:10485493/13880772","CC BY 2.0 FR"
"disguise","Can't you just picture Ed in woman's disguise?","想像一下 Ed 男扮女裝之後會變成甚麼樣子。","tatoeba:267327/419290","CC BY 2.0 FR"
"disguise","You can't seriously expect that they won't recognize you in that disguise. That lopsided, dime store moustache is a dead giveaway!","你不能指望他们认不出你的伪装。那个歪半边的一角店胡子是致命漏洞！","tatoeba:605138/5698046","CC BY 2.0 FR"
"disgust","I didn't mean to disgust anyone.","我沒想讓人感到不適。","tatoeba:12281600/13137903","CC BY 2.0 FR"
"dismay","Tom gave a cry of dismay.","汤姆失望地叫了起来。","tatoeba:5746959/13894738","CC BY 2.0 FR"
"dismiss","By turning the page, we can dismiss the characters in a book without fear of hurting their feelings.","书页翻动之间，我们可以对书中的人物不予理会而不伤及他们的情感。","tatoeba:1269323/1269319","CC BY 2.0 FR"
"disorder","His room was in disorder.","他的房间乱七八糟。","tatoeba:287463/334282","CC BY 2.0 FR"
"disorder","Tom thinks Mary may have an eating disorder.","汤姆认为玛丽可能有进食障碍。","tatoeba:3067225/10086141","CC BY 2.0 FR"
"disorder","Tom thinks that Mary may have an eating disorder.","汤姆认为玛丽可能有进食障碍。","tatoeba:7175751/10086141","CC BY 2.0 FR"
"display","What's wrong with this projector? It won't display anything.","這個投影儀怎麼了？什麼都放不出來。","tatoeba:11672347/9149202","CC BY 2.0 FR"
"display","Sociopaths rarely display remorse or feelings of guilt for their crimes.","反社会者极少为他们的罪行显露懊悔或有罪恶的感觉。","tatoeba:3698200/5574891","CC BY 2.0 FR"
"disposal","My car is at your disposal.","你可以随便用我的车。","tatoeba:251074/343356","CC BY 2.0 FR"
"disposal","Oh, I almost forgot! Today is garbage disposal day!","啊！差点忘了。今天是扔垃圾的日子！","tatoeba:2401834/2394834","CC BY 2.0 FR"
"disregard","Disregard it.","不放在眼裡。","tatoeba:12080365/5396469","CC BY 2.0 FR"
"disrupt","Don't eat too much and disrupt the stomach's normal digestion process.","不要因为吃得太多而扰乱胃的正常消化。","tatoeba:3622633/3580020","CC BY 2.0 FR"
"disrupt","Software development as an industry is very adaptable, so it's unclear whether AI will significantly disrupt the programming job market.","軟體開發業的適應力很強，因此 AI 是否會對程式設計的就業市場造成重大衝擊，目前仍不明朗。","tatoeba:13822014/13845818","CC BY 2.0 FR"
"distinct","Horses are distinct from donkeys.","馬跟驢可分別。","tatoeba:282382/1178850","CC BY 2.0 FR"
"distinct","Those two ideas are quite distinct.","这完全是两个不同的观点。","tatoeba:44642/2444540","CC BY 2.0 FR"
"distinct","Europe, with its four distinct seasons, is the most suitable environment for the human race to live in.","歐洲四季分明，是最適合人類居住的地區。","tatoeba:6142143/6142125","CC BY 2.0 FR"
"distinguish","Can you distinguish silver from tin?","你能分辨銀和錫嗎?","tatoeba:18461/875254","CC BY 2.0 FR"
"distinguish","I can't distinguish a frog from a toad.","我无法区分青蛙和蟾蜍。","tatoeba:63783/490102","CC BY 2.0 FR"
"distinguish","I cannot distinguish a frog from a toad.","我无法区分青蛙和蟾蜍。","tatoeba:664980/490102","CC BY 2.0 FR"
"distract","Don't distract me while I am studying.","我学习的时候不要打扰我。","tatoeba:320429/510769","CC BY 2.0 FR"
"distribution","Ubuntu is a popular Linux distribution.","Ubuntu是一个流行的Linux发行版。","tatoeba:1006075/1006073","CC BY 2.0 FR"
"diverse","It's fertile land inhabited by diverse nations.","這是一片肥沃的土地，居住著不同的民族。","tatoeba:12424440/13525770","CC BY 2.0 FR"
"divine","The cake tastes divine!","这蛋糕吃起来不同一般。","tatoeba:61172/336480","CC BY 2.0 FR"
"divine","That meal was simply divine.","那頓飯簡直好極了。","tatoeba:1019975/1019977","CC BY 2.0 FR"
"divine","Dante wrote ""The Divine Comedy.""","但丁写了《神曲》。","tatoeba:11748069/11748067","CC BY 2.0 FR"
"divorce","Our divorce was amicable.","我們好聚好散。","tatoeba:12265885/13906423","CC BY 2.0 FR"
"divorce","I think she will divorce him.","我想她會和他離婚。","tatoeba:325384/786128","CC BY 2.0 FR"
"divorce","She intends to get a divorce.","她打算离婚。","tatoeba:8585262/10002087","CC BY 2.0 FR"
"dizzy","I'm dizzy.","我頭暈。","tatoeba:2111740/1180683","CC BY 2.0 FR"
"dizzy","I feel dizzy.","我頭暈。","tatoeba:436583/1180683","CC BY 2.0 FR"
"dizzy","I'm feeling dizzy.","我頭暈。","tatoeba:1519789/1180683","CC BY 2.0 FR"
"dock","The huge tanker has just left the dock.","一艘巨大的液货船刚刚启航。","tatoeba:1222850/12382219","CC BY 2.0 FR"
"dock","A huge tanker just pulled out from the dock.","一艘巨大的液货船刚刚启航。","tatoeba:1222851/12382219","CC BY 2.0 FR"
"dodge","Don't dodge my question.","不要回避我的问题。","tatoeba:14028767/14028765","CC BY 2.0 FR"
"dodge","Don't dodge the issue, I want you to answer my question.","不要逃避，我要你回答我的問題。","tatoeba:328272/344773","CC BY 2.0 FR"
"dole","Tom has been on the dole since the 6th of August when he lost his job.","Tom從八月六號他失業那天，開始領失業救濟金。","tatoeba:5496185/5496239","CC BY 2.0 FR"
"dolphin","A dolphin is a mammal.","海豚是哺乳動物。","tatoeba:65812/834381","CC BY 2.0 FR"
"dolphin","Tom is a dolphin trainer.","汤姆是海豚训练员。","tatoeba:6044303/10006979","CC BY 2.0 FR"
"dolphin","He can swim like a dolphin.","他能像海豚一樣游泳。","tatoeba:13187808/13519161","CC BY 2.0 FR"
"domain","A holomorphic function can be expressed as a convergent power series in a neighborhood of any point in its domain.","全純函數在其定義域內任意一點的鄰域中都可以表示為收斂的冪級數。","tatoeba:13627667/13835787","CC BY 2.0 FR"
"dome","What's the number for the Tokyo Dome?","东京巨蛋的电话号码是多少？","tatoeba:279729/540157","CC BY 2.0 FR"
"domestic","I wrote a post to my blog encouraging men to report experiences with domestic abuse.","我在部落格上發表了一篇文章，鼓勵男性舉報自己遭受家庭虐待的經歷。","tatoeba:3791495/14000024","CC BY 2.0 FR"
"donate","I donate blood every three months.","我每三个月献一次血。","tatoeba:8446071/8692453","CC BY 2.0 FR"
"donate","How much money do you donate every year?","你每年捐多少钱？","tatoeba:7807338/771056","CC BY 2.0 FR"
"donate","I'm not sure how much they are expecting me to donate.","我不太确定他希望我捐多少。","tatoeba:1891066/13914734","CC BY 2.0 FR"
"donation","Would the girls please bring the donation boxes up to the stage?","我们请女孩带着募捐箱来到舞台。","tatoeba:4008869/3767507","CC BY 2.0 FR"
"draft","We don't sell draft beer.","我们不卖生啤酒。","tatoeba:9972236/7771982","CC BY 2.0 FR"
"draft","I am writing a draft of the speech.","我在寫演講的草稿。","tatoeba:254018/6633873","CC BY 2.0 FR"
"draft","Draft beer tastes especially good on a hot day.","生啤酒在大熱天時特別好喝。","tatoeba:267093/342686","CC BY 2.0 FR"
"drag","The stage charisma of drag performers compels audiences to reconsider their own stereotypes.","反串秀者的舞台魅力使觀眾不禁重新審視自己的刻板印象。","tatoeba:13513553/13129761","CC BY 2.0 FR"
"drastic","The invention of TV caused a drastic change in our daily life.","電視的發明為我們的生活模式帶來了巨大的變化。","tatoeba:39210/418569","CC BY 2.0 FR"
"drawback","Brilliant people have one major drawback - they don't know how to lose.","天才们有一个重要的缺点：他们不会输。","tatoeba:580957/580963","CC BY 2.0 FR"
"dread","Why do you think animals dread fire?","你覺得動物為什麼會怕火呢？","tatoeba:280243/10362593","CC BY 2.0 FR"
"dread","My writing desk, a place of dread: an incredible number of incredibly useful drawers - combined with incredibly little legspace.","我的書桌很嚇人：那麼多那麼有用抽屜，放在那麼小、剛夠伸腿的地方。","tatoeba:2905002/5624921","CC BY 2.0 FR"
"dreadful","The consequences of Sendai's earthquake were dreadful!","仙台地震的结果很恐怖。","tatoeba:792504/792783","CC BY 2.0 FR"
"drill","We had a fire drill yesterday.","我們昨天進行了火警演習。","tatoeba:248746/503214","CC BY 2.0 FR"
"drought","Last year the region was visited by the worst drought in 60 years.","去年那个地区遭受了60年来最严重的干旱。","tatoeba:1577224/1577186","CC BY 2.0 FR"
"dual","Microsoft recently unveiled two new dual screen devices.","Microsoft 近期新推出了兩款雙螢幕裝置。","tatoeba:8351020/13175451","CC BY 2.0 FR"
"dubious","Their relationship is dubious.","他们的关系有些暧昧。","tatoeba:7781145/3054543","CC BY 2.0 FR"
"dubious","Tom got a computer virus while he was watching videos on dubious Internet sites.","汤姆在可疑的网站上看视频的时候中了电脑病毒。","tatoeba:8743632/8744726","CC BY 2.0 FR"
"dwarf","Indeed, dwarf tossing is an Olympic sport!","事實上，投擲侏儒是奧運會的運動項目。","tatoeba:708881/727961","CC BY 2.0 FR"
"dwarf","Once upon a time there was a dwarf that lived in the forest.","從前有個侏儒住在森林裡。","tatoeba:1745236/4272242","CC BY 2.0 FR"
"dwarf","The populations of China and India dwarf those of every other nation.","中国和印度的人口超过了其他任何国家。","tatoeba:608965/817349","CC BY 2.0 FR"
"eagle","This isn't an eagle.","这不是一只鹰。","tatoeba:12128658/9972852","CC BY 2.0 FR"
"eagle","​This eagle caught a mouse.","這隻鷹抓到一隻老鼠。","tatoeba:13990003/810713","CC BY 2.0 FR"
"eagle","The eagle does not catch flies.","老鷹不會去抓蒼蠅。","tatoeba:21232/806680","CC BY 2.0 FR"
"easter","Happy Easter!","复活节快乐。","tatoeba:66762/4063182","CC BY 2.0 FR"
"easter","Tomorrow is Easter Monday.","明天星期一是復活節。","tatoeba:8328070/13556480","CC BY 2.0 FR"
"easter","The Easter Egg Roll is an annual event that is held on the lawn of the White House each Easter Monday.","复活节滚彩蛋活动每年复活节周一都会在白宫的草地上举行。","tatoeba:5011230/13893668","CC BY 2.0 FR"
"eccentric","My mother is eccentric.","我母亲是个奇特的人。","tatoeba:5272714/8936658","CC BY 2.0 FR"
"eclipse","Did you see yesterday's eclipse?","你看了昨天的月蝕了嗎？","tatoeba:7767806/6961326","CC BY 2.0 FR"
"eclipse","Did you see the eclipse yesterday?","你看了昨天的月蝕了嗎？","tatoeba:3552394/6961326","CC BY 2.0 FR"
"eclipse","An eclipse of the sun is a rare appearance.","日蝕只會偶爾發生。","tatoeba:281147/6961318","CC BY 2.0 FR"
"ecology","I asked him many questions about ecology.","我問了他許多關於生態環境的問題。","tatoeba:258992/926842","CC BY 2.0 FR"
"ecology","Pollution has a disastrous effect on the ecology of a region.","環境污染可以對一個區域的生態造成極大的影響。","tatoeba:25709/903228","CC BY 2.0 FR"
"ecology","It was through his influence that she became interested in ecology.","她开始对生态学感兴趣，是受到他的影响。","tatoeba:308387/333785","CC BY 2.0 FR"
"economic","The economic situation grew worse.","經濟情況惡化。","tatoeba:807193/1928587","CC BY 2.0 FR"
"economic","Algeria has unveiled a new economic plan.","阿爾及利亞公布了新的經濟計畫。","tatoeba:10838453/13175449","CC BY 2.0 FR"
"economic","We studied the government's economic policy.","我们研究了政府的经济政策。","tatoeba:22865/2028011","CC BY 2.0 FR"
"economical","This car is very economical on gas.","这辆车很省油。","tatoeba:58738/791419","CC BY 2.0 FR"
"economical","A small car is more economical than a large one.","小車比大車經濟。","tatoeba:267527/340133","CC BY 2.0 FR"
"economical","London was very important for economical and cultural reasons.","倫敦過去因為經濟和文化的緣故，十分重要。","tatoeba:3134498/5494311","CC BY 2.0 FR"
"economy","How is the economy?","经济怎么样？","tatoeba:237943/10340656","CC BY 2.0 FR"
"economy","The economy is picking up.","经济在复苏之中。","tatoeba:237950/2030817","CC BY 2.0 FR"
"economy","Dubai is a low-tax economy.","迪拜是一个低税收的经济体。","tatoeba:8580382/8581011","CC BY 2.0 FR"
"edible","Is this edible?","这个能吃吗？","tatoeba:2719776/5100266","CC BY 2.0 FR"
"edible","This fish isn't edible.","这条鱼不能吃了。","tatoeba:7492818/9961334","CC BY 2.0 FR"
"edible","This fish is not edible.","这条鱼不能吃了。","tatoeba:504361/9961334","CC BY 2.0 FR"
"effective","It's not very effective.","不怎麼見效。","tatoeba:12554010/12538425","CC BY 2.0 FR"
"effective","This medicine is very effective.","這個藥很得力。","tatoeba:7767756/1133131","CC BY 2.0 FR"
"effective","Patience is sometimes the most effective weapon.","耐心有时候是最有效的武器。","tatoeba:281976/335870","CC BY 2.0 FR"
"efficiency","The challenge we are going to face is how to increase work efficiency.","如何提高工作效率是我们现在要面临的难题。","tatoeba:9408515/2442099","CC BY 2.0 FR"
"efficiency","We have optimized the database indexing, and as a result, system efficiency has improved by 50%.","我们优化了数据库索引，结果系统效率提高了50%。","tatoeba:2915518/2915517","CC BY 2.0 FR"
"efficient","There is no denying that she is very efficient.","无可否认她非常有能力。","tatoeba:308467/333786","CC BY 2.0 FR"
"efficient","These students work hard, but it's not that much efficient.","这些学生很努力，但效率不太高。","tatoeba:1463235/1463233","CC BY 2.0 FR"
"efficient","As people get older, their brain cells become less efficient.","隨著人們年齡的增長，其腦細胞就變得比較沒有效率。","tatoeba:810542/810619","CC BY 2.0 FR"
"ego","You can never have too much ego.","你永远都不能太自我。","tatoeba:1247917/1397316","CC BY 2.0 FR"
"elaborate","Please elaborate.","願聞其詳。","tatoeba:6569012/7066707","CC BY 2.0 FR"
"elaborate","She made elaborate preparations for the party.","她精心籌備了這個派對。","tatoeba:311932/834704","CC BY 2.0 FR"
"elaborate","In this album all the sounds that you hear are really elaborate computer voices.","在這張專輯裡, 所有你聽到的聲音都是用電腦精密製作出的聲音。","tatoeba:663484/785201","CC BY 2.0 FR"
"electric","This clock is electric.","這個鐘是電動的。","tatoeba:58915/851659","CC BY 2.0 FR"
"electric","I bought an electric car.","我买了辆电车。","tatoeba:1655737/13893784","CC BY 2.0 FR"
"electric","I bought an electric bike.","我买了一辆电动自行车。","tatoeba:5969806/8589630","CC BY 2.0 FR"
"electrical","Tom is an electrical engineer.","湯姆是一個電子工程師。","tatoeba:37055/836161","CC BY 2.0 FR"
"electrical","Keep away from the electrical equipment.","遠離電器設備。","tatoeba:279133/797069","CC BY 2.0 FR"
"electrical","Sharks are sensitive to electrical impulses as well as sound.","鯊魚對電子信號和噪音很敏感。","tatoeba:54017/765689","CC BY 2.0 FR"
"electrician","I'm an electrician.","我是一名電工。","tatoeba:6873285/881277","CC BY 2.0 FR"
"electrician","I am an electrician.","我是一名電工。","tatoeba:785458/881277","CC BY 2.0 FR"
"electrician","Sami is an electrician.","薩米是名電工。","tatoeba:6575333/10342218","CC BY 2.0 FR"
"electricity","We have no electricity.","我們沒有電。","tatoeba:4493661/6293084","CC BY 2.0 FR"
"electricity","Please save electricity.","请节约用电。","tatoeba:10540297/1750423","CC BY 2.0 FR"
"electricity","Electricity is very useful.","电很有用。","tatoeba:279145/1397334","CC BY 2.0 FR"
"electronic","Clive wants to be an electronic engineer.","克里夫想成為一名電子工程師。","tatoeba:62956/870149","CC BY 2.0 FR"
"electronic","This man is like a filthy electronic without a battery.","这个男人简直像一台被扯掉了电源的肮脏电器。","tatoeba:11290403/3130788","CC BY 2.0 FR"
"electronic","The first electronic computers went into operation in 1945.","最早一批电脑1945年投入使用。","tatoeba:1565742/1565723","CC BY 2.0 FR"
"elegant","She looks very elegant.","她看上去十分优雅。","tatoeba:311814/1733274","CC BY 2.0 FR"
"elegant","I prefer Noh to Kabuki because I find the former to be more elegant than the latter.","比起歌舞伎，我更喜欢能乐表演，因为我觉得后者比前者优雅。","tatoeba:10253656/333336","CC BY 2.0 FR"
"element","Hydrogen is the lightest element.","氢是最轻的元素。","tatoeba:1345299/5670790","CC BY 2.0 FR"
"element","Self-confidence is the principal element of any great endeavor.","自信是伟大事业的第一要素。","tatoeba:2695845/2694370","CC BY 2.0 FR"
"element","It is highly probable that the deletion of element C will still yield the same result.","很有可能去掉C元素会得出同样的结果。","tatoeba:324914/333782","CC BY 2.0 FR"
"elementary","I miss my elementary school teachers.","我很想念我小學的老師。","tatoeba:267584/492891","CC BY 2.0 FR"
"elementary","I went to elementary school in Nagoya.","我在名古屋读的小学。","tatoeba:261902/689265","CC BY 2.0 FR"
"elementary","They became friends in elementary school.","他們在小學時就是朋友了。","tatoeba:681020/899971","CC BY 2.0 FR"
"eligible","He's eligible for the presidency.","他有資格當選總統。","tatoeba:288237/833175","CC BY 2.0 FR"
"eligible","If he were a little younger, he would be eligible for the post.","如果他年轻一点，他将很适合这个职位。","tatoeba:283299/332456","CC BY 2.0 FR"
"eliminate","The American mission is to eliminate communism from the world.","美国的任务是将共产主义从世界上消除。","tatoeba:5136440/5105880","CC BY 2.0 FR"
"eliminate","If mankind doesn't take care of the environment, the environment may eliminate mankind.","如果人類不好好保護大自然，大自然說不定會反過來把人類毀滅。","tatoeba:270640/1269939","CC BY 2.0 FR"
"eliminate","The sports world should, at this time, eliminate the collusion with criminal organizations.","在这个时候，体育世界应当减少犯罪组织的勾结。","tatoeba:643023/1873121","CC BY 2.0 FR"
"eloquent","Tom certainly is an eloquent speaker.","汤姆的确是个很会讲话的人。","tatoeba:1095436/7771889","CC BY 2.0 FR"
"eloquent","We were deeply impressed by the lecturer's eloquent speech.","演讲者精彩的演说给我们留下了深刻的印象。","tatoeba:263020/1737951","CC BY 2.0 FR"
"embarrass","You'll embarrass her.","你會令她害羞。","tatoeba:3918517/8280964","CC BY 2.0 FR"
"embarrass","I didn't mean to embarrass you.","我沒想要讓你難堪。","tatoeba:1887196/13138228","CC BY 2.0 FR"
"emergency","Where's the emergency exit?","緊急出口在哪裏？","tatoeba:317955/616424","CC BY 2.0 FR"
"emergency","Where is the emergency exit?","緊急出口在哪裏？","tatoeba:450773/616424","CC BY 2.0 FR"
"emergency","In case of emergency, call 119.","在緊急情況下，可撥打 119。","tatoeba:18801/794046","CC BY 2.0 FR"
"emotion","Any emotion, if it is sincere, is involuntary.","任何情绪，只要它是真诚的，就说明它是发自内心的自然流露。","tatoeba:667888/2426075","CC BY 2.0 FR"
"emphasis","This point deserves special emphasis.","這個論點值得強調。","tatoeba:57717/805708","CC BY 2.0 FR"
"emphasis","He placed emphasis on the importance of education.","他强调了教育的重要性。","tatoeba:295335/1350119","CC BY 2.0 FR"
"emphasis","I would like to place particular emphasis on this point.","我想特别强调这一点。","tatoeba:2368808/2368479","CC BY 2.0 FR"
"emphasize","I want to emphasize this point in particular.","我想特别强调这一点。","tatoeba:33531/2368479","CC BY 2.0 FR"
"empirical","In its more extreme variants, cis ideology can include denial of the empirical reality of intersex and transgender people.","在更極端的變體中，順性別意識形態可能包括否認陰陽人和跨性別者的現實經歷。","tatoeba:11690633/13518881","CC BY 2.0 FR"
"employment","She found employment as a typist.","她找到打字員的工作。","tatoeba:311513/5496242","CC BY 2.0 FR"
"employment","The employment policy is a failure.","工作政策是个失败。","tatoeba:810897/805126","CC BY 2.0 FR"
"employment","They guaranteed regular employment to their workers.","他們對他們的員工保證就業。","tatoeba:307689/801938","CC BY 2.0 FR"
"encounter","His encounter with her is enriching his inner life.","与她的相遇丰富了他的精神生活。","tatoeba:327957/792800","CC BY 2.0 FR"
"encounter","Did you have any romantic encounter at the bar last night?","昨天去酒吧有艳遇吗？","tatoeba:11698273/1806546","CC BY 2.0 FR"
"encounter","When you encounter difficulties, friends can help you deal with them.","你遇到苦难的时候，朋友们可以帮助你经受住。","tatoeba:915623/915622","CC BY 2.0 FR"
"encourage","Encourage others.","多多鼓励他人。","tatoeba:6599055/10099056","CC BY 2.0 FR"
"encourage","Encourage him to do it.","鼓励他做那件事。","tatoeba:2258210/10099064","CC BY 2.0 FR"
"encourage","Me? Encourage you to work? Blasphemy!","我？鼓励你去工作？不可能！","tatoeba:1400913/10099068","CC BY 2.0 FR"
"endeavor","Self-confidence is the principal element of any great endeavor.","自信是伟大事业的第一要素。","tatoeba:2695845/2694370","CC BY 2.0 FR"
"endure","Can she endure a long trip?","她能忍受長途旅行嗎？","tatoeba:388303/836424","CC BY 2.0 FR"
"endure","I cannot endure being disturbed in my work.","我无法容忍别人打扰我的工作。","tatoeba:245347/1501721","CC BY 2.0 FR"
"endure","It's hard to endure the boastings of the French.","法国人的自以为是真是让人难以忍受。","tatoeba:4736727/745872","CC BY 2.0 FR"
"energetic","He's a bit energetic.","他有点活泼。","tatoeba:551530/336451","CC BY 2.0 FR"
"energetic","I feel more energetic now.","變得更有精神了","tatoeba:11552630/5843660","CC BY 2.0 FR"
"energetic","He isn't as energetic as he once was.","他不像从前那样精力充沛了。","tatoeba:292552/2397081","CC BY 2.0 FR"
"engage","This app attracts over 10,000 users each day who engage with its features.","這個應用程式每日吸引超過一萬位使用者使用其功能。","tatoeba:13513559/13199844","CC BY 2.0 FR"
"engagement","They called off their engagement.","他們解除了婚約。","tatoeba:306581/845998","CC BY 2.0 FR"
"engagement","He announced his engagement to her.","他宣布与她订婚。","tatoeba:302612/12686959","CC BY 2.0 FR"
"engagement","They've announced their engagement.","他們已經宣布訂婚了。","tatoeba:9649530/840671","CC BY 2.0 FR"
"engine","The engine died.","发动机坏掉了。","tatoeba:65220/4265153","CC BY 2.0 FR"
"engine","The engine works well.","引擎運轉良好。","tatoeba:2877175/13564370","CC BY 2.0 FR"
"engine","Tom started the engine.","湯姆發動了引擎。","tatoeba:18968/795271","CC BY 2.0 FR"
"enormous","That plane is enormous!","那飞机真大！","tatoeba:705438/1399602","CC BY 2.0 FR"
"enormous","He has enormous potential.","他有极大的潜力。","tatoeba:4091839/805205","CC BY 2.0 FR"
"enormous","The elephant is an enormous creature.","大象是巨大的动物。","tatoeba:1211462/1202559","CC BY 2.0 FR"
"enrich","You should enrich your mind when young.","年轻的时候你应该开拓你的思想。","tatoeba:265701/334903","CC BY 2.0 FR"
"enroll","I want to enroll at graduate school.","我想在研究生院註冊。","tatoeba:7156259/6999515","CC BY 2.0 FR"
"entertainment","She is reading one entertainment magazine.","她在看一本娛樂雜誌。","tatoeba:7767800/7011755","CC BY 2.0 FR"
"entertainment","She just bought two entertainment magazines.","她剛剛買了兩本娛樂雜誌。","tatoeba:7767799/7011754","CC BY 2.0 FR"
"entertainment","Australians excel at sports and entertainment.","澳大利亚人擅长体育和娱乐。","tatoeba:51638/8555760","CC BY 2.0 FR"
"enthusiasm","Enthusiasm is contagious.","热情具有传染性。","tatoeba:1010972/1788036","CC BY 2.0 FR"
"enthusiasm","Tom doesn't share Mary's enthusiasm.","汤姆没有感受到玛丽的热情。","tatoeba:2400163/4799110","CC BY 2.0 FR"
"enthusiastic","George is very enthusiastic about his new job.","乔治对自己的新工作充满热情。","tatoeba:242321/784989","CC BY 2.0 FR"
"enthusiastic","This book is a result of his enthusiastic research.","這本書是他熱心研究的成果。","tatoeba:56865/433473","CC BY 2.0 FR"
"enthusiastic","My older brother is a very enthusiastic soccer fan.","我的哥哥是很狂热的足球迷。","tatoeba:3274464/5574352","CC BY 2.0 FR"
"entrepreneur","Everyone is an entrepreneur.","大家都是企業家。","tatoeba:40377/1178841","CC BY 2.0 FR"
"entrepreneur","Silvio Berlusconi is an Italian politician, the current Prime Minister of Italy, as well as a successful entrepreneur.","西爾維奧·貝盧斯科尼除了是一位意大利政治家和現任的意大利總理，也是一個成功的商人。","tatoeba:390714/1329551","CC BY 2.0 FR"
"environment","They live in a good environment.","他们的生活环境很好。","tatoeba:426015/426018","CC BY 2.0 FR"
"environment","They have no impact on the environment.","它们对环境一点都没有影响。","tatoeba:840148/839173","CC BY 2.0 FR"
"environment","Eating meat is bad for the environment.","吃肉对环境不利。","tatoeba:1641536/5663594","CC BY 2.0 FR"
"equality","The love of democracy is that of equality.","爱民主就是爱平等。","tatoeba:1260076/1323653","CC BY 2.0 FR"
"equality","Equality is guaranteed by the Constitution.","平等是由宪法保障的。","tatoeba:320163/397099","CC BY 2.0 FR"
"equality","The heart of Esperanto ideology is the equality of all languages and cultures.","世界语的思想核心在于一切语言文化的平等。","tatoeba:8395032/10066360","CC BY 2.0 FR"
"equator","That ship crossed the equator yesterday.","那条船昨天穿过了赤道。","tatoeba:45682/846789","CC BY 2.0 FR"
"equator","The equator divides the globe into two hemispheres.","赤道把地球分为两个半球。","tatoeba:272449/746060","CC BY 2.0 FR"
"equator","The equator divides the earth into two hemispheres.","赤道把地球分为两个半球。","tatoeba:1008611/746060","CC BY 2.0 FR"
"equivalent","One dollar is equivalent to 110 yen.","1美元相当于110日元。","tatoeba:73212/782274","CC BY 2.0 FR"
"equivalent","That Japanese word has no equivalent in English.","那个日文词汇没有对应的英文。","tatoeba:44570/3380491","CC BY 2.0 FR"
"equivalent","A kilo of ketchup is equivalent to two kilos of tomatoes.","一公斤的番茄酱等于两公斤的西红柿。","tatoeba:934017/923640","CC BY 2.0 FR"
"essence","That is the essence of the matter.","这就是事情的本质。","tatoeba:2889550/3068709","CC BY 2.0 FR"
"essence","The essence of liberty is mathematics.","自由的本质就是数学。","tatoeba:2138/404340","CC BY 2.0 FR"
"essence","It's really unfortunate. You don't understand at all its essence.","太可惜了，你一点也不懂它的精髓。","tatoeba:794455/794454","CC BY 2.0 FR"
"essential","Water is essential to life.","水是生命所不可缺少的。","tatoeba:270818/5698033","CC BY 2.0 FR"
"essential","The camera was essential for me.","摄像机对我而言是必需品。","tatoeba:63561/333763","CC BY 2.0 FR"
"essential","Effort is essential to studying.","學習時努力是不可或缺的。","tatoeba:320412/10650263","CC BY 2.0 FR"
"establish","Our ultimate goal is to establish world peace.","我们的究极目标是树立世界和平。","tatoeba:23432/6483612","CC BY 2.0 FR"
"estimate","Try to estimate how much you spent on books.","算一算你花了多少錢買書。","tatoeba:17974/422037","CC BY 2.0 FR"
"estimate","How much time do you estimate it'll take you to do that?","你估计做那件事需要花费你多少时间呢？","tatoeba:6229900/8751437","CC BY 2.0 FR"
"estimate","At a rough estimate, I would say the job will take two weeks.","我想這工作粗略估計得花上兩個星期的時間。","tatoeba:54088/1945960","CC BY 2.0 FR"
"eternal","I am an eternal PC-newbie.","我永遠是一個電腦新手。","tatoeba:504623/13527568","CC BY 2.0 FR"
"eternal","Do you believe in eternal life after death?","你相信死后永生吗？","tatoeba:4755420/4764666","CC BY 2.0 FR"
"eternal","The eternal silence of these infinite spaces terrifies me.","這些無限空間的永恆沉默使我恐懼。","tatoeba:56788/340097","CC BY 2.0 FR"
"ethnic","There are 56 ethnic groups in China.","中国有56个民族。","tatoeba:3486670/3483153","CC BY 2.0 FR"
"ethnic","Hanfu is the traditional clothing used by the ethnic Han of China, before the Qing dynasty.","漢服是中國漢族于清以前的傳統服飾。","tatoeba:5651216/5649287","CC BY 2.0 FR"
"evidence","I need evidence.","我需要證據。","tatoeba:2246003/6293115","CC BY 2.0 FR"
"evidence","The evidence is clear.","证据确凿了。","tatoeba:268226/8688061","CC BY 2.0 FR"
"evidence","Tom found new evidence.","汤姆发现了新的证据。","tatoeba:2645899/8697595","CC BY 2.0 FR"
"evident","He spoke with evident glee.","他说话时，显然带着高兴的表情。","tatoeba:1565747/1565721","CC BY 2.0 FR"
"evident","It is evident that he has made a mistake.","很明顯的是他犯了錯。","tatoeba:283628/775900","CC BY 2.0 FR"
"evident","As is evident from the data, smoking is not decreasing among the young.","数据表明年轻人抽烟的现象没有减少。","tatoeba:39652/332928","CC BY 2.0 FR"
"evil","She's an evil witch.","她是很邪惡的女巫。","tatoeba:2588735/10355422","CC BY 2.0 FR"
"evil","It was an evil bunny.","那隻兔子有惡意。","tatoeba:1757075/13233748","CC BY 2.0 FR"
"evil","That was an evil bunny.","那是一隻有惡意的兔子。","tatoeba:1289/14","CC BY 2.0 FR"
"evolution","They opposed Darwin's theory of evolution.","他們反對達爾文的進化論。","tatoeba:305892/611547","CC BY 2.0 FR"
"evolution","We associate Darwin with the theory of evolution.","一提到進化論，我們就會想起達爾文。","tatoeba:23153/1746110","CC BY 2.0 FR"
"exaggerate","Don't exaggerate.","不要再夸张了。","tatoeba:2111916/9965302","CC BY 2.0 FR"
"exaggerate","Don't exaggerate now.","现在你别夸张了。","tatoeba:1302399/1302424","CC BY 2.0 FR"
"exaggerate","It seems to me that she has a tendency to exaggerate.","在我看來，她有一種誇張的傾向。","tatoeba:308756/919618","CC BY 2.0 FR"
"exceed","Don't exceed the speed limit.","不要超速。","tatoeba:2734388/790852","CC BY 2.0 FR"
"exceed","We're sorry, Ami, but you can't be part of our group because it would... you know... exceed the 5-people-per-group limit.","我们很抱歉，Ami，但是你不能加入我们的小组因为..你知道的...小组成员不能超过五个人。","tatoeba:4843716/4844650","CC BY 2.0 FR"
"exception","That's an exception.","那是例外。","tatoeba:4947885/6077477","CC BY 2.0 FR"
"exception","I can't make an exception.","我不能破例。","tatoeba:1954624/6832183","CC BY 2.0 FR"
"exception","This rule allows no exception.","这条规定不许例外。","tatoeba:59768/1517779","CC BY 2.0 FR"
"excess","Excess of politeness is annoying.","禮貌過度是煩人的。","tatoeba:3733936/6089960","CC BY 2.0 FR"
"excess","The load of the truck was in excess of three tons.","貨車的載貨量超過了三噸。","tatoeba:50165/1324139","CC BY 2.0 FR"
"excessive","The government's expenditures are a bit excessive.","政府的开支有些过头了。","tatoeba:2311298/2307199","CC BY 2.0 FR"
"excessive","Excessive choice results in the inability to choose.","选择太多导致无法选择。","tatoeba:1689020/1672239","CC BY 2.0 FR"
"excessive","Excessive drinking is one of the causes of impotence.","酗酒是导致阳痿的一个因素。","tatoeba:402580/796378","CC BY 2.0 FR"
"exchange","What is the exchange rate?","汇率是多少？","tatoeba:464594/465003","CC BY 2.0 FR"
"exchange","What's the exchange rate today?","今天的匯率是多少？","tatoeba:2713011/871097","CC BY 2.0 FR"
"exchange","What is the exchange rate today?","今天的匯率是多少？","tatoeba:242502/871097","CC BY 2.0 FR"
"excursion","A travel agent will arrange an excursion to Andalusia for you.","旅行社會爲你安排去安達盧西亞的旅行。","tatoeba:434154/5550107","CC BY 2.0 FR"
"execute","Execute him.","处死他。","tatoeba:6121160/8800298","CC BY 2.0 FR"
"execute","We must execute his orders.","我们必须执行他的命令。","tatoeba:287670/8800301","CC BY 2.0 FR"
"execute","His only hope of winning the pool game at that point was to successfully execute a complex trick shot.","那時他贏得撞球比賽的唯一希望，就是成功打出一記複雜的花式擊球。","tatoeba:13441798/13838899","CC BY 2.0 FR"
"execution","The melody's execution was flawless.","这段旋律的演绎真是完美无瑕。","tatoeba:9814480/13971865","CC BY 2.0 FR"
"execution","A stay of execution was ordered at the eleventh hour.","缓期执行在最后关头决定了下来。","tatoeba:601962/818818","CC BY 2.0 FR"
"executive","I trust his executive ability.","我相信他的执行能力。","tatoeba:260647/8800300","CC BY 2.0 FR"
"executive","One must be an executive in some company.","我们在任何公司都应该是执行者。","tatoeba:292008/334978","CC BY 2.0 FR"
"executive","I got acquainted with the chief executive.","我認識了這位行政長官。","tatoeba:254455/804580","CC BY 2.0 FR"
"exempt","Nothing is exempt from Murphy's Law.","沒有任何事物能逃脫墨菲定律。","tatoeba:10217015/13884531","CC BY 2.0 FR"
"exhaust","The air was polluted by exhaust gas.","空氣被廢氣污染了。","tatoeba:275646/1692103","CC BY 2.0 FR"
"exhaust","Car exhaust causes serious pollution in towns.","汽车尾气在城镇里造成了严重的污染。","tatoeba:265533/5715189","CC BY 2.0 FR"
"exhibit","I'm going to exhibit my roses at the flower show.","我要把我的玫瑰拿到花展上展示。","tatoeba:256545/357951","CC BY 2.0 FR"
"existence","What's the point of existence?","存在的意义是什么？","tatoeba:4144749/4147256","CC BY 2.0 FR"
"existence","How can he deny God's existence?","他怎麼否定上帝的存在。","tatoeba:9415010/1963387","CC BY 2.0 FR"
"existence","A new law has come into existence.","一项新的法律生效了。","tatoeba:269231/13878938","CC BY 2.0 FR"
"expand","He really needs to expand his Berber vocabulary.","他真的很需要擴大自己的柏柏語詞彙量。","tatoeba:8257912/13249543","CC BY 2.0 FR"
"expansion","The expansion of the building's west end is being studied.","西面大楼的扩建在研究中。","tatoeba:4736840/805203","CC BY 2.0 FR"
"expedition","They went on an expedition to the Antarctic.","他们出发去南极探险。","tatoeba:307262/397545","CC BY 2.0 FR"
"expedition","We encountered a lot of difficulties on the expedition.","我们在探险的时候遇到了很多困难。","tatoeba:49469/9007539","CC BY 2.0 FR"
"expend","I knew since middle school that only because I was so lonely was I able to expend so much energy on studying.","从中学的时候我就知道，我能够花很多功夫去学习仅仅是因为我过得很寂寞。","tatoeba:10276529/1700169","CC BY 2.0 FR"
"expense","I don't care about the expense.","我不在乎花多少钱。","tatoeba:317907/2301991","CC BY 2.0 FR"
"expense","I had a good dinner at his expense.","他請我吃了頓美味的晚飯。","tatoeba:285179/414819","CC BY 2.0 FR"
"expense","He did it at the expense of his health.","他以牺牲自己的健康为代价完成了这项工作。","tatoeba:295939/333400","CC BY 2.0 FR"
"expert","She said she's no expert.","她说她并非专家。","tatoeba:7405111/9969975","CC BY 2.0 FR"
"expert","He is an expert at fishing.","他是个钓鱼专家。","tatoeba:291803/335088","CC BY 2.0 FR"
"expert","He's an expert in astronomy.","他是个天文学专家。","tatoeba:10593002/469573","CC BY 2.0 FR"
"exploit","The capitalists tend to exploit the working people.","资本家倾向于压榨工人。","tatoeba:12568732/12568730","CC BY 2.0 FR"
"explore","I want to explore the world. It’s my dream.","我想要去探索世界。那是我的夢想。","tatoeba:8986739/10327558","CC BY 2.0 FR"
"expose","We should sometimes expose our bodies to the sun.","我們閒時應該出外曬曬太陽。","tatoeba:22936/375239","CC BY 2.0 FR"
"exposition","The exposition will be held for six months.","博览会将举行六个月。","tatoeba:282562/389835","CC BY 2.0 FR"
"expression","That expression is archaic.","那種表達方式已經過時了。","tatoeba:6033827/13513756","CC BY 2.0 FR"
"expression","He saw my expression change.","他看到我脸色变了。","tatoeba:9777109/9779600","CC BY 2.0 FR"
"expression","This expression is very Chinese.","这种表达方式很中国化。","tatoeba:4932076/1100846","CC BY 2.0 FR"
"exquisite","The tourists were fascinated with the exquisite scenery.","觀光客被獨特的景致所吸引。","tatoeba:20915/1238324","CC BY 2.0 FR"
"extensive","She has extensive knowledge of birds, flowers, and plants.","她对鸟类和花草很有研究。","tatoeba:13577812/2411911","CC BY 2.0 FR"
"extensive","Those selected will have to face extensive medical and psychological tests.","被选上的将会面临大量的医学和精神测试。","tatoeba:1731/501706","CC BY 2.0 FR"
"extent","I agree with you to some extent.","我在一定程度上同意你的意見。","tatoeba:67189/926568","CC BY 2.0 FR"
"extent","To what extent can he be trusted?","可以相信他到什麼程度？","tatoeba:37472/3982114","CC BY 2.0 FR"
"extent","I can understand you to some extent.","在某種程度上我能了解你。","tatoeba:252795/919881","CC BY 2.0 FR"
"external","Save it on the external hard drive.","把它保存在外接式硬碟。","tatoeba:21846/798183","CC BY 2.0 FR"
"external","External air conditioners are quite cheap.","室外的空调很便宜。","tatoeba:3672954/3672953","CC BY 2.0 FR"
"extinct","The dodo is an extinct animal.","渡渡鸟是已灭绝的动物。","tatoeba:14016226/1245078","CC BY 2.0 FR"
"extinct","The dodo is an already extinct species.","渡渡鳥是已經滅絕的物種。","tatoeba:1248757/13867433","CC BY 2.0 FR"
"extinct","Butterflies of this species are now extinct.","這品種的蝴蝶現在已經絕種了。","tatoeba:65888/475392","CC BY 2.0 FR"
"extinguish","Don't forget to extinguish your cigarette.","别忘了把香烟熄掉。","tatoeba:25896/432896","CC BY 2.0 FR"
"extinguish","The rain wasn't heavy enough to extinguish the fire.","雨沒大到能把火澆滅。","tatoeba:10600691/10600789","CC BY 2.0 FR"
"extraordinary","Tom is an extraordinary man.","汤姆是个不寻常的人。","tatoeba:4014636/5911656","CC BY 2.0 FR"
"extraordinary","Rosa Montero is an extraordinary woman.","Rosa Montero是个不同寻常的女人。","tatoeba:138746/349677","CC BY 2.0 FR"
"extraordinary","The iPhone is an extraordinary cell phone.","苹果是非凡的手机。","tatoeba:518931/3780471","CC BY 2.0 FR"
"extravagant","This diamond ring is too extravagant for me.","我覺得這鑽石戒指太奢侈了。","tatoeba:60917/364917","CC BY 2.0 FR"
"extreme","Extreme joy begets sorrow.","乐极生悲。","tatoeba:9711746/1350142","CC BY 2.0 FR"
"extreme","Extreme cold covered Europe.","一股寒流侵袭了欧洲。","tatoeba:1499052/335283","CC BY 2.0 FR"
"extreme","Your proposal is a bit extreme.","你的建議有點極端。","tatoeba:16974/870317","CC BY 2.0 FR"
"fabric","Do we still have this fabric?","我們還有這種布料嗎？","tatoeba:10526018/14012304","CC BY 2.0 FR"
"fabric","The dress is made of a thin fabric.","這件衣服是由薄織物製成的。","tatoeba:682177/881159","CC BY 2.0 FR"
"fabric","The suits in this row are all made of imported European fabric.","这里一排都是进口面料欧版的西装。","tatoeba:1480941/420170","CC BY 2.0 FR"
"factor","Honesty was the most important factor in his success.","誠實是他成功最重要的因素。","tatoeba:271653/337246","CC BY 2.0 FR"
"factor","When applying to American universities, your TOEFL score is only one factor.","当您登记美国大学时，您考TOEFL获得的分数只是所选因素的其中一个。","tatoeba:67563/856486","CC BY 2.0 FR"
"factor","Another factor to be taken into consideration is that the present situation is favourable to us.","将要考虑的另一个重要因素是，目前的情况对我们有利。","tatoeba:1565735/1565729","CC BY 2.0 FR"
"faculty","I study comparative religion in the arts faculty of the University of Turku.","我在图尔库大学文化系学习宗教比较学。","tatoeba:3378089/3378088","CC BY 2.0 FR"
"faculty","I am Du Yu, a student at the Faculty of Computer Science and Technology, Qilu University of Technology (Shandong Academy of Sciences).","我是杜宇，是一名来自齐鲁工业大学（山东省科学院）计算机科学与技术学部的学生。","tatoeba:12680952/12680942","CC BY 2.0 FR"
"faith","Have faith.","有信念。","tatoeba:6480956/13138801","CC BY 2.0 FR"
"faith","I've lost faith in you.","我對你失去信心","tatoeba:2252822/11841628","CC BY 2.0 FR"
"faith","I have absolute faith in you.","我百分之百相信你。","tatoeba:7236785/3675073","CC BY 2.0 FR"
"fake","It's a fake.","这是一个伪造品。","tatoeba:2249002/630264","CC BY 2.0 FR"
"fake","Is this fake?","这个是假的吗?","tatoeba:2021213/2021497","CC BY 2.0 FR"
"fake","They're fake.","它们是假的。","tatoeba:2111296/7769298","CC BY 2.0 FR"
"fantastic","Fantastic!","好棒！","tatoeba:433511/4970070","CC BY 2.0 FR"
"fantastic","You are fantastic.","你真是不可思议。","tatoeba:1255541/1408009","CC BY 2.0 FR"
"fantastic","The rocks are weathered into fantastic forms.","岩石經過風化後，形成了各種奇特的形狀。","tatoeba:20788/380255","CC BY 2.0 FR"
"fantasy","He lives in a world of fantasy.","他住在一個奇幻世界裡。","tatoeba:295592/801969","CC BY 2.0 FR"
"fantasy","Reality and fantasy are hard to distinguish.","現實和幻想是很難區分的。","tatoeba:239598/757459","CC BY 2.0 FR"
"fantasy","You're just comforting yourself with a fantasy!","你这样就是畫餅充飢！","tatoeba:1613647/1613643","CC BY 2.0 FR"
"fascinate","Slavic languages fascinate me.","斯拉夫语让我着迷。","tatoeba:5617647/9963081","CC BY 2.0 FR"
"fatal","Life is a fatal sexually transmitted disease.","生命是一種致命的性傳染病。","tatoeba:1871/766932","CC BY 2.0 FR"
"fatal","As long as it's not a fatal mistake, it is ok to fail.","只要不是致命性的错误，失败也没关系。","tatoeba:8640248/1501625","CC BY 2.0 FR"
"fatal","A slip of the tongue is sometimes fatal to a politician.","有时候口误对政治家来说是致命的。","tatoeba:264954/335325","CC BY 2.0 FR"
"fatigue","What with fatigue and lack of sleep, he has fallen ill at last.","他疲勞過度，又睡眠不足，最後便病倒了。","tatoeba:23600/367844","CC BY 2.0 FR"
"feasible","It is feasible.","要得。","tatoeba:6037987/7886603","CC BY 2.0 FR"
"feasible","We have come to the conclusion that this plan is not feasible currently.","我们得出结论，这个计划目前是不可行的。","tatoeba:2915560/2915559","CC BY 2.0 FR"
"feature","It's not a bug, it's an undocumented feature.","这不是一个漏洞，而是一个没有写进文档的特性。","tatoeba:426498/480651","CC BY 2.0 FR"
"feature","It isn't a bug. It's an undocumented feature.","这不是一个漏洞，而是一个没有写进文档的特性。","tatoeba:7198903/480651","CC BY 2.0 FR"
"feature","It's not a bug. It's an undocumented feature.","这不是一个漏洞，而是一个没有写进文档的特性。","tatoeba:10077792/480651","CC BY 2.0 FR"
"federal","The Federal Republic of Germany was established in 1949.","德意志联邦共和国建立于1949年。","tatoeba:1555177/1186906","CC BY 2.0 FR"
"federal","Federal, state, and community officials immediately pledged to rebuild it.","聯邦、州及地方官員立即承諾將其重建。","tatoeba:11121334/13904504","CC BY 2.0 FR"
"fellowship","I bid you greetings and may there be peace through fellowship between us.","我向你們致以問候，願我們之間的友誼帶來和平。","tatoeba:3446490/13977160","CC BY 2.0 FR"
"ferry","Your ferry is not big.","你的船不大。","tatoeba:7796499/3376512","CC BY 2.0 FR"
"ferry","There were not more than one hundred passengers on board the ferry.","渡輪上的乘客不多於一百人。","tatoeba:34394/668921","CC BY 2.0 FR"
"fertilizer","Ziri applies fertilizer monthly.","莎莉每天施肥。","tatoeba:10860375/13109043","CC BY 2.0 FR"
"fiction","Tom likes science fiction.","湯姆喜歡科幻。","tatoeba:3478121/5640729","CC BY 2.0 FR"
"fiction","He prefers poetry to fiction.","比起小说，他更喜欢诗歌。","tatoeba:299554/787311","CC BY 2.0 FR"
"fiction","I like science fiction better.","我比較喜歡科幻小說。","tatoeba:72185/763095","CC BY 2.0 FR"
"figure","I can't figure him out.","我不了解他。","tatoeba:283243/917793","CC BY 2.0 FR"
"figure","I really can't figure out why.","我真的搞不懂为什么。","tatoeba:10276472/9991950","CC BY 2.0 FR"
"figure","I can't figure out what he means.","我不懂他的意思。","tatoeba:38379/875343","CC BY 2.0 FR"
"finance","He claimed to be an expert in finance.","他自稱為金融專家。","tatoeba:296848/346710","CC BY 2.0 FR"
"financial","Tom is a financial analyst.","汤姆是一名金融分析师。","tatoeba:2957002/10193685","CC BY 2.0 FR"
"financial","This depleted his financial resources.","這件事耗盡了他的財力。","tatoeba:7798505/6142065","CC BY 2.0 FR"
"financial","Russia is facing great financial difficulties.","俄罗斯面临着严重的财政困难。","tatoeba:29368/405750","CC BY 2.0 FR"
"fitting","The fitting room is occupied.","试衣室正在占用着。","tatoeba:2714666/839200","CC BY 2.0 FR"
"fitting","I'd like to try this on. Where are the fitting rooms?","我想试试这件。请问哪里是试衣间？","tatoeba:4208292/4208536","CC BY 2.0 FR"
"fitting","That piece of furniture is not fitting for the living room.","那件家具不适合摆在客厅。","tatoeba:5085450/5085554","CC BY 2.0 FR"
"flask","He took a swig from his flask.","他从酒壶里喝了一大口。","tatoeba:7391334/8741562","CC BY 2.0 FR"
"flat","My tire's flat.","我有个轮胎瘪了。","tatoeba:6009168/9955915","CC BY 2.0 FR"
"flat","My tyre's flat.","我有个轮胎瘪了。","tatoeba:10119591/9955915","CC BY 2.0 FR"
"flat","I live in a flat.","我住在一間公寓裡。","tatoeba:436773/10363134","CC BY 2.0 FR"
"flatter","You flatter me!","哪裡哪裡！","tatoeba:13189787/13189784","CC BY 2.0 FR"
"flaw","I can't find a single flaw in his theory.","我在他的理論中找不到任何問題。","tatoeba:562258/5688986","CC BY 2.0 FR"
"flaw","Because of a flaw in the original design, our website is vulnerable to SQL injection attacks.","由于最初设计中的一个缺陷，我们的网站易受到SQL注入攻击。","tatoeba:2915506/2915505","CC BY 2.0 FR"
"flip","Unable to find a spatula, Tom used tongs to flip the pancakes.","湯姆找不到鍋鏟了，只好用夾子為煎餅翻面。","tatoeba:10775019/13552273","CC BY 2.0 FR"
"float","Oil will float on water.","油漂浮在水上。","tatoeba:324266/10696011","CC BY 2.0 FR"
"float","He was the first man to float in space.","他是世上第一個在太空中飄浮的人。","tatoeba:293861/1132256","CC BY 2.0 FR"
"float","Bill, if you'll come with me, you'll float, too.","比爾，如果你跟我來，你也會飄。","tatoeba:6309882/6309906","CC BY 2.0 FR"
"flush","Sami needs to flush the toilet.","薩米需要沖廁所。","tatoeba:7215165/13552133","CC BY 2.0 FR"
"flush","Don't forget to flush the toilet.","別忘了沖廁。","tatoeba:38940/345838","CC BY 2.0 FR"
"flush","The toilet doesn't flush properly.","厕所冲水不正常。","tatoeba:38948/332804","CC BY 2.0 FR"
"focus","Focus on progress.","專注於進展上。","tatoeba:11500445/13180243","CC BY 2.0 FR"
"focus","Focus on your studies.","专注学业。","tatoeba:8534620/9401168","CC BY 2.0 FR"
"focus","I want to just focus on the positive.","我只想注意积极方面。","tatoeba:5193450/5631888","CC BY 2.0 FR"
"fold","Do not fold!","请勿折叠！","tatoeba:280843/699144","CC BY 2.0 FR"
"fold","Fold the quilt.","折被子。","tatoeba:13559022/9046299","CC BY 2.0 FR"
"fold","Teach me how to fold a paper crane. I forgot how to fold it.","教我怎么折纸鹤吧。我忘记怎么折了。","tatoeba:888647/1235271","CC BY 2.0 FR"
"force","Don't force me!","别逼我！","tatoeba:12667075/4950232","CC BY 2.0 FR"
"force","Don't try to force me!","别逼我！","tatoeba:4950233/4950232","CC BY 2.0 FR"
"force","I went into the air force.","我加入了空軍。","tatoeba:256998/348898","CC BY 2.0 FR"
"foresee","Nobody can foresee when the war will end.","沒有人知道戰爭何時會完結。","tatoeba:65988/472116","CC BY 2.0 FR"
"formal","What is the formal name?","大名是什么？","tatoeba:12624893/374855","CC BY 2.0 FR"
"formal","How formal is this ceremony?","这个典礼有多正式?","tatoeba:37469/341934","CC BY 2.0 FR"
"formal","You don't have to be so formal.","你没必要那么正式。","tatoeba:239894/343952","CC BY 2.0 FR"
"formula","The chemical formula for water is H-O-H.","水的化學式為H-O-H。","tatoeba:270773/769687","CC BY 2.0 FR"
"formula","This formula is valid for all complex numbers z with a real part greater than zero.","此公式對所有實部大於零的複數 z 均成立。","tatoeba:13600298/13857121","CC BY 2.0 FR"
"formula","Heron's Formula shows how the area of a triangle can be expressed as a function of its side lengths.","海龍公式說明了三角形的面積如何表示為其邊長的函數。","tatoeba:13391975/13835770","CC BY 2.0 FR"
"fossil","Lignite is a fossil fuel.","褐煤是一种化石燃料。","tatoeba:797339/2028045","CC BY 2.0 FR"
"fossil","What I have in my hand is a fossil seashell.","在我手裡的是一個貝殼化石。","tatoeba:246809/775393","CC BY 2.0 FR"
"fossil","As a result of some factories using fossil fuels, chemical emissions have already caused serious environmental problems.","由于一些工厂使用矿物燃料，化学品的排放已经产生严重的环境问题。","tatoeba:736847/736845","CC BY 2.0 FR"
"foster","This song was written by Foster.","這首歌曲是由福斯特所寫的。","tatoeba:60112/865371","CC BY 2.0 FR"
"foul","You have foul breath.","你有口臭。","tatoeba:15928/810739","CC BY 2.0 FR"
"foul","No love is foul nor prison fair.","沒有骯髒的愛情, 也沒有美麗的監獄。","tatoeba:2372/772001","CC BY 2.0 FR"
"foul","I just opened the lid, and a foul smell filled my nose.","我刚打开锅盖，一股恶臭就扑鼻而来。","tatoeba:395941/347043","CC BY 2.0 FR"
"fragile","He stomped on the fragile box, destroying its contents.","他踐踏那箱易碎品，毀壞了裡面的物品。","tatoeba:13153635/13153637","CC BY 2.0 FR"
"fragile","All of the longing and wishes for good fortune are wrapped up in the fragile skin of the dumplings.","所有的思念与祝福都包进了那薄薄的饺子皮里。","tatoeba:757025/757023","CC BY 2.0 FR"
"fragrance","This flower gives off a strong fragrance.","这朵花散发出强烈的香味。","tatoeba:60058/465933","CC BY 2.0 FR"
"fragrance","These flowers have a really nice fragrance.","花真的好香。","tatoeba:2347862/2347863","CC BY 2.0 FR"
"fragrance","I like to add a couple pods of star anise when cooking rice. It has a slightly sweet flavor and a licorice-like fragrance.","我喜歡煮飯時加幾粒八角。它帶有淡淡的甜味和類似甘草的香氣。","tatoeba:10867856/13884543","CC BY 2.0 FR"
"fraud","Academic fraud is more common than you might think.","学术造假比你想象的普遍。","tatoeba:3070175/5630453","CC BY 2.0 FR"
"frequency","The recent frequency of earthquakes makes us nervous.","最近频繁的地震让我们很焦虑。","tatoeba:18689/796120","CC BY 2.0 FR"
"frequent","They make frequent trips to Europe.","他們經常去歐洲。","tatoeba:305646/870053","CC BY 2.0 FR"
"frequent","She's a frequent visitor to this country.","她经常来这个国家。","tatoeba:312396/8893583","CC BY 2.0 FR"
"frequent","His visits became less frequent as time passed.","他渐渐地不常登门了.","tatoeba:1597396/1597395","CC BY 2.0 FR"
"fuel","Lignite is a fossil fuel.","褐煤是一种化石燃料。","tatoeba:797339/2028045","CC BY 2.0 FR"
"fuel","The fuel gauge is broken.","燃油表坏了。","tatoeba:1545434/1873096","CC BY 2.0 FR"
"fuel","There was a shortage of fuel.","燃料短缺。","tatoeba:282241/801472","CC BY 2.0 FR"
"fulfill","Do we all have a destiny to fulfill?","我們都有要實現的命運嗎？","tatoeba:12778522/13135831","CC BY 2.0 FR"
"function","The function f vanishes on the set X.","函數 f 在集合 X 上為零。","tatoeba:13600323/13854217","CC BY 2.0 FR"
"function","A quadratic function cannot be used here.","二次函数在这里是不可用的。","tatoeba:2467696/2467695","CC BY 2.0 FR"
"function","The function of the brake is to stop the car.","刹车的功能是使车停下。","tatoeba:34105/410844","CC BY 2.0 FR"
"fund","Lobbyists for the bill funneled bribes into a campaign fund.","該法案的說客把遊說賄款匯入了競選基金。","tatoeba:321030/775487","CC BY 2.0 FR"
"fund","When the World Wildlife Fund was founded in 1961, it took the panda as its symbol.","国际野生动物基金在一九六一年创办的时候，以熊猫为象征。","tatoeba:766001/766000","CC BY 2.0 FR"
"fundamental","These are fundamental questions.","這些都是基本問題。","tatoeba:10608620/13799566","CC BY 2.0 FR"
"fundamental","Math is fundamental to any science.","數學是所有科學的基礎。","tatoeba:2155906/798107","CC BY 2.0 FR"
"fundamental","Let's address the fundamental issues.","我们从根本问题入手吧。","tatoeba:5725546/13901072","CC BY 2.0 FR"
"furious","I'm furious!","我很生气！","tatoeba:5229007/13052744","CC BY 2.0 FR"
"furious","I knew you'd be furious.","我知道你会生气。","tatoeba:9408640/9410025","CC BY 2.0 FR"
"furious","She'd be furious if she knew.","如果她知道的话，一定会很生气。","tatoeba:7392294/10249576","CC BY 2.0 FR"
"furniture","He moved the furniture.","他移动了家具。","tatoeba:5551011/5551010","CC BY 2.0 FR"
"furniture","We had a lot of furniture.","我們有很多家具。","tatoeba:24246/796068","CC BY 2.0 FR"
"furniture","Wooden furniture is heavy.","木质家具沉甸甸的。","tatoeba:11272591/9991942","CC BY 2.0 FR"
"furthermore","Furthermore, I still don't think this a huge cultural difference.","而且，我还是认为这准不是个巨大的文化区别。","tatoeba:888464/888461","CC BY 2.0 FR"
"fury","But I dare to say that it is better to face those few but powerful interests, rather than eventually facing the fury of society.","但我敢说解决这些少数群体的利益问题—虽然这些利益很大，但总比以后面对社会的愤怒好。","tatoeba:1225011/9970170","CC BY 2.0 FR"
"fuse","No sooner had Tom turned on the TV than the fuse blew.","湯姆一打開電視，保險絲就燒了。","tatoeba:37421/389555","CC BY 2.0 FR"
"fusion","Jazz fusion is a combination of rock and jazz.","融合爵士是搖滾樂與爵士樂的融合。","tatoeba:681047/900017","CC BY 2.0 FR"
"galaxy","Astronomers have discovered a galaxy that has almost no dark matter.","天文學家們發現了一個幾乎沒有暗物質的星系。","tatoeba:6805554/10268713","CC BY 2.0 FR"
"gamble","Do you like to gamble?","你喜欢赌博吗?","tatoeba:3390698/3577756","CC BY 2.0 FR"
"gamble","After Tom lost his job, he started to gamble to cope with his depression.","湯姆失業後，為了排遣鬱悶的心情而開始了賭博。","tatoeba:7812230/2757133","CC BY 2.0 FR"
"garbage","Don't forget to take out the garbage.","别忘了把垃圾拿出去。","tatoeba:3667566/5091101","CC BY 2.0 FR"
"garbage","In her home, kitchen garbage was fed to the pigs.","在她家，泔水被喂给猪吃。","tatoeba:309092/1394965","CC BY 2.0 FR"
"garbage","Oh, I almost forgot! Today is garbage disposal day!","啊！差点忘了。今天是扔垃圾的日子！","tatoeba:2401834/2394834","CC BY 2.0 FR"
"garment","The qipao is a classic female garment that originated in 17th century China.","旗袍是一种17世纪起源于中国的传统式样的女性服装。","tatoeba:727677/727692","CC BY 2.0 FR"
"gauge","The fuel gauge is broken.","燃油表坏了。","tatoeba:1545434/1873096","CC BY 2.0 FR"
"gauge","When did the fuel gauge stop working?","油表是什麼時候壞的？","tatoeba:10758435/10759816","CC BY 2.0 FR"
"gauge","When did the petrol gauge stop working?","油表是什麼時候壞的？","tatoeba:10758434/10759816","CC BY 2.0 FR"
"gaze","I felt her gaze from behind.","背後感受到她的目光。","tatoeba:13538325/13155816","CC BY 2.0 FR"
"gear","Do you have rain gear with you?","你有沒有帶雨具？","tatoeba:26680/857767","CC BY 2.0 FR"
"generalize","Don't generalize individual behavior to an entire group.","不要把个人行为上升到集体。","tatoeba:14028764/14028761","CC BY 2.0 FR"
"generate","An electric current can generate magnetism.","電流可以產生磁性。","tatoeba:279237/796023","CC BY 2.0 FR"
"generate","By 2025, Indonesia is expected to generate 150 thousand tons of trash per day.","到 2025 年，印尼預計每天將產生 15 萬公噸垃圾。","tatoeba:8723502/13175417","CC BY 2.0 FR"
"generous","You're too generous.","你太大方了。","tatoeba:2218447/6127311","CC BY 2.0 FR"
"generous","Mother Nature is generous.","大自然很慷慨。","tatoeba:792819/794063","CC BY 2.0 FR"
"generous","Tom is a very generous man.","湯姆是個大方的人。","tatoeba:5825687/6068355","CC BY 2.0 FR"
"genetic","Should we use genetic engineering on people?","我们应该对人使用基因编辑吗？","tatoeba:681070/9970747","CC BY 2.0 FR"
"genetic","Through genetic modification, we can improve crops.","通过遗传修饰，我们可以改良农作物。","tatoeba:814168/814167","CC BY 2.0 FR"
"genetic","Is it true that our genetic heritage is almost the same as that of chimpanzees?","我们的遗传基因真的和黑猩猩几乎一样吗？","tatoeba:6855737/6857077","CC BY 2.0 FR"
"genuine","I believe it is a genuine Picasso.","我认为是一幅毕加索的原画。","tatoeba:254776/958201","CC BY 2.0 FR"
"genuine","This might not be a genuine diamond.","這可能不是真的鑽石。","tatoeba:788247/781552","CC BY 2.0 FR"
"genuine","These pearls are genuine, not artificial.","这些珍珠是真的，不是人造的。","tatoeba:55161/791686","CC BY 2.0 FR"
"given","What's Tom given us?","汤姆给了我们什么？","tatoeba:3151174/5933802","CC BY 2.0 FR"
"given","She has a rare given name.","她有一个少见的名字。","tatoeba:596345/10513373","CC BY 2.0 FR"
"given","Have you given Tom the key?","你把钥匙给汤姆了吗？","tatoeba:3153713/4881632","CC BY 2.0 FR"
"glance","He took a glance at the girl.","他瞥了那个女孩一眼。","tatoeba:299613/1950509","CC BY 2.0 FR"
"glance","She cast a shy glance on the youth.","她羞怯地看了一眼那個年輕人。","tatoeba:12426327/804946","CC BY 2.0 FR"
"glance","With a glance of her, he left swiftly.","他看了她一眼就马上离开了。","tatoeba:11272679/1753206","CC BY 2.0 FR"
"gleam","We saw the gleam of a distant lighthouse.","我們看到了遠方燈塔的微光。","tatoeba:25857/780341","CC BY 2.0 FR"
"gleam","A gleam of real pride quickened most ingenuously in the Older Man's pale blue eyes.","老人淡藍色的眼睛閃過一絲真誠的驕傲。","tatoeba:11822323/13539351","CC BY 2.0 FR"
"glitter","This ring has lost its glitter.","指環沒了光澤。","tatoeba:2904444/5663514","CC BY 2.0 FR"
"gloomy","The future looked very gloomy.","前途一片阴暗。","tatoeba:2268150/10019645","CC BY 2.0 FR"
"gloomy","The smoggy air of Beijing makes me feel gloomy.","北京的雾霾天气让我心情不太好。","tatoeba:4621420/4620888","CC BY 2.0 FR"
"gloomy","Sunshine is a warm burst of joy after a gloomy, rainy week.","陰雨連綿的一週後，陽光讓人感到一陣溫暖喜悅。","tatoeba:11746170/13552240","CC BY 2.0 FR"
"gorgeous","Your outfit today is so gorgeous!","你今天穿得非常漂亮啊！","tatoeba:10266673/3702750","CC BY 2.0 FR"
"gorgeous","She is wearing gorgeous silk clothes.","她穿著華麗的絲綢服飾。","tatoeba:7840471/6081688","CC BY 2.0 FR"
"gossip","The only time people dislike gossip is when you gossip about them.","人們不喜歡流言蜚語的唯一時間是當你閒聊他們的事。","tatoeba:425402/844521","CC BY 2.0 FR"
"gown","Life is a magnificent gown full of lice.","生命是一袭华美的袍子，爬满了虱子。","tatoeba:4645653/3130822","CC BY 2.0 FR"
"gracious","She is gracious to everyone.","她对谁都很和蔼可亲。","tatoeba:315735/333661","CC BY 2.0 FR"
"graduate","Tom will graduate in October.","汤姆将在10月毕业。","tatoeba:4921440/9932503","CC BY 2.0 FR"
"graduate","I hope to graduate at the exams.","我希望考试能录取。","tatoeba:810884/805121","CC BY 2.0 FR"
"graduate","When did you graduate from Oxford?","你什麼時候從牛津大學畢業的？","tatoeba:64993/868476","CC BY 2.0 FR"
"grain","Waste not a single grain of rice!","一粒米都不要浪费!","tatoeba:534640/829721","CC BY 2.0 FR"
"grain","Rye was called the grain of poverty.","黑麦被称为贫穷的谷物。","tatoeba:1533/334454","CC BY 2.0 FR"
"grain","There isn't a grain of truth in what he says.","他说的话全不可信。","tatoeba:286027/3523959","CC BY 2.0 FR"
"grant","He received a grant to study in Germany.","他獲得了一份去德國留學的獎學金。","tatoeba:10534815/6069412","CC BY 2.0 FR"
"grant","He was awarded a grant to study in Germany.","他獲得了一份去德國留學的獎學金。","tatoeba:10534814/6069412","CC BY 2.0 FR"
"grant","Even if I grant that what you say is true, it is no excuse.","即使我承认你说的是真的，但这并不是借口。","tatoeba:25332/353581","CC BY 2.0 FR"
"graphic","There were some graphic novels mixed into the pile of specialty books on the desk.","书桌上一叠专业书里有几本卡通书混在里面。","tatoeba:1180730/420088","CC BY 2.0 FR"
"grave","Let moss cover my grave.","让苔藓盖上我的坟墓吧。","tatoeba:7850321/4439896","CC BY 2.0 FR"
"grave","They were buried in a mass grave.","他们被埋在一座大坟墓里。","tatoeba:7120423/8748608","CC BY 2.0 FR"
"grave","She carried that habit to her grave.","她到死都改不了那個習慣。","tatoeba:311294/779054","CC BY 2.0 FR"
"grease","Grease the waffle maker.","給鬆餅機塗上油。","tatoeba:825463/827654","CC BY 2.0 FR"
"grief","She was filled with deep grief to hear of her father's sudden death.","她得知父親突然離世，不禁心如刀割。","tatoeba:316801/351256","CC BY 2.0 FR"
"grim","Marilla's face was rather grim.","瑪莉拉陰沉著臉。","tatoeba:7917489/12369743","CC BY 2.0 FR"
"grin","We just have to grin and bear it.","我們只能強忍著。","tatoeba:9816906/13753064","CC BY 2.0 FR"
"grip","I'm losing my grip.","我失去了控制。","tatoeba:2548703/3779054","CC BY 2.0 FR"
"grip","Get a grip on yourself!","冷静下来！","tatoeba:1866444/5640761","CC BY 2.0 FR"
"grip","Get a grip on yourself.","冷静下来！","tatoeba:2986061/5640761","CC BY 2.0 FR"
"gross","So gross!","真恶心！","tatoeba:10251045/9989934","CC BY 2.0 FR"
"gross","He is gross, man!","他是个粗鲁的人。","tatoeba:292527/862689","CC BY 2.0 FR"
"guarantee","They guarantee this clock for a year.","他們保證這個時鐘可用一年。","tatoeba:58948/801932","CC BY 2.0 FR"
"guarantee","We guarantee our products for one year.","我們保證我們的產品一年。","tatoeba:320483/802016","CC BY 2.0 FR"
"guarantee","I guarantee that this information is correct.","我保證這些資料是無誤的。","tatoeba:58402/346184","CC BY 2.0 FR"
"guardian","I regard myself as your guardian.","我把自己当成你的监护人。","tatoeba:253387/2029453","CC BY 2.0 FR"
"handicap","Having no will is the worst handicap.","没有愿望是最大的障碍。","tatoeba:28216/1394908","CC BY 2.0 FR"
"harmony","Harmony brings wealth.","家和万事兴。","tatoeba:13277866/2555373","CC BY 2.0 FR"
"harmony","We must learn to live in harmony with nature.","我们必须学会与自然和谐共处。","tatoeba:248821/5613678","CC BY 2.0 FR"
"harmony","Harmony in the family leads to success in everything.","家和万事兴。","tatoeba:13277864/2555373","CC BY 2.0 FR"
"hasty","I ate a hasty lunch.","我匆忙的吃了午餐。","tatoeba:256851/866298","CC BY 2.0 FR"
"hasty","Don't do anything hasty.","不要慌張喔。","tatoeba:2270350/13108749","CC BY 2.0 FR"
"hawk","The hawk caught a mouse.","這隻鷹抓到一隻老鼠。","tatoeba:810698/810713","CC BY 2.0 FR"
"hawk","The bird was half the size of a hawk.","那只鸟的体积有半只老鹰那么大。","tatoeba:45010/604476","CC BY 2.0 FR"
"hemisphere","Japan is located in the Northern Hemisphere.","日本位於北半球。","tatoeba:281608/798334","CC BY 2.0 FR"
"herb","The herb used in that pasta sauce might be parsley.","用於那個義大利醬的香草可能是荷蘭芹。","tatoeba:781129/781537","CC BY 2.0 FR"
"heritage","Ironbridge Gorge is a Unesco world heritage site.","鐵橋峽谷是聯合國教科文組織世界遺產。","tatoeba:12463734/13153774","CC BY 2.0 FR"
"heritage","Is it true that our genetic heritage is almost the same as that of chimpanzees?","我们的遗传基因真的和黑猩猩几乎一样吗？","tatoeba:6855737/6857077","CC BY 2.0 FR"
"hesitate","Don't hesitate to ask questions.","不要猶豫去問問題。","tatoeba:265037/834365","CC BY 2.0 FR"
"hesitate","Reporters do not hesitate to intrude into people's privacy.","记者没有犹豫地去干涉了人们的私生活。","tatoeba:20190/614789","CC BY 2.0 FR"
"hesitate","When facing this opportunity, you can't hesitate to take advantage of it.","面对这个机会不能犹豫，要赶快行动。","tatoeba:7766833/1584521","CC BY 2.0 FR"
"hike","Do you hike?","您遠足嗎？","tatoeba:6614564/10536281","CC BY 2.0 FR"
"hike","We should cancel the hike.","我們應該取消這次遠足。","tatoeba:632558/795227","CC BY 2.0 FR"
"hinder","Nothing will hinder my malicious plan.","没有什么能阻碍我邪恶的计划。","tatoeba:2186969/4436124","CC BY 2.0 FR"
"hitherto","Karl Marx says, ""The history of all hitherto existing societies is the history of class struggles.""","卡尔·马克思说：“ 到目前为止的一切社会的历史都是阶级斗争的历史。”","tatoeba:326920/1750378","CC BY 2.0 FR"
"hop","Let me know beforehand instead of catching me on the hop at the last minute.","事先打个招呼，别叫我临时抓瞎。","tatoeba:10551475/3709297","CC BY 2.0 FR"
"hospitality","All the guests were touched by her hospitality.","所有的客人都被她的好客感动了。","tatoeba:268109/408260","CC BY 2.0 FR"
"hostage","Russia expresses regret for those lost in the hostage incident.","俄罗斯对在人质事件中牺牲的人们表示哀悼。","tatoeba:327355/2028050","CC BY 2.0 FR"
"hostile","We, ACME Ltd., hereby announce that we will resist with all our strength this hostile takeover.","我們ACME有限公司，特此宣布，我們將盡我們的力量抵制這種惡意收購。","tatoeba:328392/881840","CC BY 2.0 FR"
"hound","What beast dost thou think thou art? Art thou a hound or a rat?","你認為你是什麼野獸？獵犬還是老鼠？","tatoeba:10482352/13109809","CC BY 2.0 FR"
"household","She was busy with household work.","她忙於家務。","tatoeba:388637/845995","CC BY 2.0 FR"
"household","More and more married couples share household chores.","夫妻分擔家務的情況愈來愈普遍。","tatoeba:24099/1450197","CC BY 2.0 FR"
"household","However, I've never been a guest in an English household that wasn't generous.","不过，我从来没有在一个小气的英国家庭做过客。","tatoeba:888427/888424","CC BY 2.0 FR"
"hug","Hug Tom.","抱抱汤姆！","tatoeba:2203860/4759957","CC BY 2.0 FR"
"hug","I want a hug.","我想要个抱抱。","tatoeba:9999115/10006480","CC BY 2.0 FR"
"hug","Give me a hug.","抱我。","tatoeba:1844203/9409421","CC BY 2.0 FR"
"hum","Om mani padme hum.","唵嘛呢叭咪吽。","tatoeba:13960819/13960816","CC BY 2.0 FR"
"humanity","Cancer is a great enemy of humanity.","癌症是人类的大敌。","tatoeba:63419/346838","CC BY 2.0 FR"
"humanity","Slavery is a crime against humanity.","奴役制是一种危害人类罪。","tatoeba:877881/10752758","CC BY 2.0 FR"
"humanity","Music is a common speech for humanity.","音乐是人类共通的语言。","tatoeba:25412/333312","CC BY 2.0 FR"
"humble","I'm humble.","我是謙虛的。","tatoeba:2202962/5611553","CC BY 2.0 FR"
"humble","Tom was humble.","湯姆曾是謙遜的。","tatoeba:3171136/7980250","CC BY 2.0 FR"
"humble","Be it ever so humble, there's no place like home.","金窝银窝不如自己的狗窝。","tatoeba:36695/333947","CC BY 2.0 FR"
"hurricane","After the hurricane, their house was a wreck.","暴风雨过后，他们的房子成了废墟。","tatoeba:682498/816508","CC BY 2.0 FR"
"hypothesis","This is just a hypothesis.","这只是个假设。","tatoeba:2110836/1316987","CC BY 2.0 FR"
"hypothesis","The result confirmed my hypothesis.","这一结果证实了我的猜想。","tatoeba:48379/528035","CC BY 2.0 FR"
"hypothesis","We have sufficient evidence to prove this hypothesis.","我們有充分的理由論證這個假設。","tatoeba:8732690/5985457","CC BY 2.0 FR"
"ideal","He proved to be an ideal husband.","他被证实是个理想丈夫。","tatoeba:304626/343979","CC BY 2.0 FR"
"ideal","A warm, sunny day is ideal for a picnic.","温暖的晴天最适合野餐。","tatoeba:276791/13752037","CC BY 2.0 FR"
"ideal","He's making it clear that he's an ideal husband.","他表明自己是一個理想的丈夫。","tatoeba:5955023/769855","CC BY 2.0 FR"
"identical","He is identical to his older brother.","他跟哥哥一模一样。","tatoeba:674442/9415407","CC BY 2.0 FR"
"identical","No two words are identical in meaning.","每一個字的意思都是獨特的。","tatoeba:273674/5804522","CC BY 2.0 FR"
"identification","Do you have your student identification card?","你有學生證嗎？","tatoeba:9402022/6284495","CC BY 2.0 FR"
"identify","You can identify children's voices without any problem.","你可以毫无问题地辨别孩子们的声音。","tatoeba:245890/334749","CC BY 2.0 FR"
"ideology","This is the ideology to which my speech is written.","我的演讲稿就是依据这个理论写的。","tatoeba:56208/336853","CC BY 2.0 FR"
"ideology","The heart of Esperanto ideology is the equality of all languages and cultures.","世界语的思想核心在于一切语言文化的平等。","tatoeba:8395032/10066360","CC BY 2.0 FR"
"ideology","In its more extreme variants, cis ideology can include denial of the empirical reality of intersex and transgender people.","在更極端的變體中，順性別意識形態可能包括否認陰陽人和跨性別者的現實經歷。","tatoeba:11690633/13518881","CC BY 2.0 FR"
"idiom","""Having a clear conscience"" is an idiom.","问心无愧是一个成语。","tatoeba:11277886/9817742","CC BY 2.0 FR"
"idiot","You idiot!","蠢货！","tatoeba:418475/462028","CC BY 2.0 FR"
"idiot","What an idiot!","真是个傻子!","tatoeba:1929761/11509256","CC BY 2.0 FR"
"idiot","You're an idiot.","你是一個笨蛋。","tatoeba:461945/1960230","CC BY 2.0 FR"
"ignore","Ignore it.","不放在眼裡。","tatoeba:2649249/5396469","CC BY 2.0 FR"
"ignore","Ignore Tom.","别理汤姆。","tatoeba:1868480/5102314","CC BY 2.0 FR"
"ignore","Ignore Tom and me.","无视汤姆和我。","tatoeba:8426677/9955815","CC BY 2.0 FR"
"illegal","Gambling is illegal.","赌博是非法的。","tatoeba:1777594/10190471","CC BY 2.0 FR"
"illegal","Was what Ziri was doing illegal?","子瑞做的事違法嗎？","tatoeba:11239744/12097681","CC BY 2.0 FR"
"illegal","It's illegal to park your car here.","把車停在這裡是違法的。","tatoeba:61753/890608","CC BY 2.0 FR"
"illusion","Was it all an illusion?","那全是幻觉吗？","tatoeba:1125479/5576775","CC BY 2.0 FR"
"illusion","Everything you saw was an illusion.","你看到的都是幻觉。","tatoeba:3962752/3710642","CC BY 2.0 FR"
"illusion","He had the illusion that he was a genius.","他幻想自己是個天才。","tatoeba:298547/886528","CC BY 2.0 FR"
"illustrate","Artists illustrate.","画家画画。","tatoeba:13233319/9700539","CC BY 2.0 FR"
"illustrate","Painters illustrate.","画家画画。","tatoeba:13233326/9700539","CC BY 2.0 FR"
"illustrate","He likes to illustrate.","他酷爱画画。","tatoeba:13233332/414017","CC BY 2.0 FR"
"imaginary","It's just imaginary.","这只是脑子想象出来的。","tatoeba:4287286/4859610","CC BY 2.0 FR"
"imaginary","The dragon is an imaginary creature.","龍是人幻想出來的生物。","tatoeba:325503/459980","CC BY 2.0 FR"
"imaginary","I don't believe Santa Claus is imaginary.","我不認為聖誕老人是虛構的。","tatoeba:8222863/13665579","CC BY 2.0 FR"
"imaginative","He is a very imaginative writer.","他是非常有想像力的作家。","tatoeba:291588/737167","CC BY 2.0 FR"
"imaginative","He used to be an imaginative boy.","他曾經是一個富有想像力的男孩。","tatoeba:300820/786103","CC BY 2.0 FR"
"imitate","Just imitate what he does.","只要他怎么做就怎么做就好了。","tatoeba:40848/8865130","CC BY 2.0 FR"
"imitate","Parrots imitate human speech.","鸚鵡懂得模仿人類說話。","tatoeba:65169/435238","CC BY 2.0 FR"
"imitate","A parrot can imitate human speech.","鸚鵡會模仿人的聲音。","tatoeba:65171/796974","CC BY 2.0 FR"
"imitation","That's an imitation.","那是一個仿造品。","tatoeba:435733/825940","CC BY 2.0 FR"
"imitation","What is the difference between imitation and real diamonds?","假的鑽石和真的鑽石有甚麼分別？","tatoeba:20058/616240","CC BY 2.0 FR"
"immune","Everybody is immune to smallpox nowadays.","現今每個人都對天花免疫了。","tatoeba:241685/793345","CC BY 2.0 FR"
"immune","Every person in this community is like a cell in the immune system of a healthy human body.","这个团体内的每个人，像是一个健康的人体内免疫系统里的细胞。","tatoeba:57917/2513905","CC BY 2.0 FR"
"impact","What about the environmental impact?","那環境影響呢？","tatoeba:11591944/13180222","CC BY 2.0 FR"
"impact","They have no impact on the environment.","它们对环境一点都没有影响。","tatoeba:840148/839173","CC BY 2.0 FR"
"impact","The blizzard has already had a severe impact on the economy.","这场暴风雪已经对经济造成了很严重的影响。","tatoeba:13556982/2581508","CC BY 2.0 FR"
"impatient","I'm impatient.","我是个急性子。","tatoeba:2111721/1766126","CC BY 2.0 FR"
"impatient","You're impatient.","你缺乏耐心。","tatoeba:2202976/4970090","CC BY 2.0 FR"
"impatient","Dad's in an impatient mood today.","爸爸今天很不耐烦。","tatoeba:242967/332864","CC BY 2.0 FR"
"imperative","It is imperative for you to act at once.","你必须马上行动。","tatoeba:17650/819699","CC BY 2.0 FR"
"imperative","It is imperative for you to finish by Sunday.","你必須在星期日前完成。","tatoeba:281879/346918","CC BY 2.0 FR"
"imperial","Meet me at the lobby of the Imperial Hotel at 6:30 p.m.","下午六点半到帝国酒店的大堂找我。","tatoeba:240055/342845","CC BY 2.0 FR"
"imperial","Aristocrats lived to the east and west of the imperial palace.","贵族住在故宫的东边和西边。","tatoeba:747885/747889","CC BY 2.0 FR"
"imperial","During the 15th century, the Ryukyu Kingdom was a tributary state of Imperial China.","在15世紀，琉球王國是中國帝國的附庸國。","tatoeba:814509/816913","CC BY 2.0 FR"
"implement","Our company will implement new price standards regarding this product.","关于这个产品，我公司将执行新的价格标准。","tatoeba:7768927/2482670","CC BY 2.0 FR"
"implement","The company is starting to implement the new management system from next month.","公司从下个月开始推行新的管理制度。","tatoeba:3537563/3537562","CC BY 2.0 FR"
"implement","Although the decision to implement this plan has already been made, the finer points still need to be planned out.","这个计划虽然已经决定实施了，但是具体细节还需要从长计议。","tatoeba:3537596/3537595","CC BY 2.0 FR"
"implication","The implication was that where there was a well, there were residents.","含義是哪裡有水井，哪裡就有居民。","tatoeba:747611/747612","CC BY 2.0 FR"
"imply","What do his words imply?","他的话暗示着什么？","tatoeba:286155/333658","CC BY 2.0 FR"
"imply","I didn't mean to imply that.","我沒想暗示那件事。","tatoeba:8063699/13137945","CC BY 2.0 FR"
"imply","What are you trying to imply?","你是什么意思？","tatoeba:5647120/5581093","CC BY 2.0 FR"
"impulse","I felt an impulse to cry out loud.","我突然好想大叫。","tatoeba:275778/1228939","CC BY 2.0 FR"
"impulse","He told his wife not to buy on impulse.","他叫自己的妻子不要衝動購物。","tatoeba:296787/3149362","CC BY 2.0 FR"
"incident","That incident made him famous.","這起事件使他一舉成名。","tatoeba:400142/840429","CC BY 2.0 FR"
"incident","They reported seeing the incident.","他们报告目击了事故。","tatoeba:305622/5574372","CC BY 2.0 FR"
"incident","She is the victim of this incident.","她是這件事的受害者。","tatoeba:7789282/5685753","CC BY 2.0 FR"
"incidentally","Incidentally, I have to tell you something.","我得順便給你講件事。","tatoeba:5179702/8726141","CC BY 2.0 FR"
"incredible","Friday evening was incredible.","週五晚上真是太棒了。","tatoeba:8613670/13552262","CC BY 2.0 FR"
"incredible","This matter is of incredible urgency!","这件事十万火急！","tatoeba:10372309/9990192","CC BY 2.0 FR"
"incredible","It's incredible that your mother speaks six languages!","你母亲说六种语言真是让人难以置信！","tatoeba:1481101/461664","CC BY 2.0 FR"
"independence","Our people thirst for independence.","我们的人民渴望独立。","tatoeba:29186/1397115","CC BY 2.0 FR"
"independence","India gained independence from Britain in 1947.","印度於1947年脫離英國獲得獨立。","tatoeba:65728/798321","CC BY 2.0 FR"
"independence","Chechens have inclinations towards independence.","车臣人倾向独立。","tatoeba:946982/7771957","CC BY 2.0 FR"
"indifferent","I am indifferent to others' opinions.","我對其他人的意見並不關心。","tatoeba:259261/1112830","CC BY 2.0 FR"
"indifferent","You are too indifferent to those around you.","你对待身边的人太冷漠了。","tatoeba:7885847/2042179","CC BY 2.0 FR"
"indifferent","The majority of people are quite indifferent.","大部分人都挺冷漠。","tatoeba:11602008/11380931","CC BY 2.0 FR"
"indispensable","Tom is indispensable.","汤姆是必不可少的。","tatoeba:2203001/5856757","CC BY 2.0 FR"
"indispensable","Air is indispensable to life.","空氣是生命中不可或缺的。","tatoeba:18240/339489","CC BY 2.0 FR"
"indispensable","Water is indispensable to life.","水是生命所不可缺少的。","tatoeba:270822/5698033","CC BY 2.0 FR"
"individual","Each individual is different.","每個人都是不同的。","tatoeba:239821/346891","CC BY 2.0 FR"
"individual","Each individual person is unique.","每一個人都是獨一無二的。","tatoeba:13980345/13246540","CC BY 2.0 FR"
"individual","She had an individual style of speaking.","她说话有自己的风格。","tatoeba:313510/345751","CC BY 2.0 FR"
"industrial","She is an industrial designer.","她是工業設計師。","tatoeba:897536/897537","CC BY 2.0 FR"
"industrial","Many people work in industrial towns.","许多人在工业城市工作。","tatoeba:274906/332869","CC BY 2.0 FR"
"industrial","Industrial production rose sharply in July.","7月份工业生产大幅增长。","tatoeba:72372/12686143","CC BY 2.0 FR"
"inevitable","War is not inevitable.","战争并非不可避免。","tatoeba:273316/335257","CC BY 2.0 FR"
"inevitable","Accidents are inevitable.","事故无法避免。","tatoeba:263740/1516175","CC BY 2.0 FR"
"inevitable","Their meeting was inevitable.","他們的相遇是必然的。","tatoeba:547045/767126","CC BY 2.0 FR"
"infant","You should really take an infant CPR class.","你应该去上婴儿心肺复苏课程。","tatoeba:6583382/8741556","CC BY 2.0 FR"
"infant","The young woman was carrying an infant in her arms.","那個年輕女人手抱著嬰兒。","tatoeba:46804/348496","CC BY 2.0 FR"
"infant","Not far away, screened by the forest, crouched Shiegra, the lioness, intent upon devouring the infant for her evening meal.","不遠處，母獅謝格拉匍匐著，隱匿於林間，正伺機將嬰兒吞食，作為她的晚餐。","tatoeba:7564642/13933540","CC BY 2.0 FR"
"infectious","Tom's laughter is infectious.","汤姆的笑声很有感染力。","tatoeba:13148984/13278101","CC BY 2.0 FR"
"inferior","You are inferior to me.","你不如我。","tatoeba:527259/527258","CC BY 2.0 FR"
"inferior","She is inferior to him in math.","她在数学上不如他。","tatoeba:310013/396113","CC BY 2.0 FR"
"inferior","He is inferior to you in all respects.","他在各方面都比不上你。","tatoeba:288884/718453","CC BY 2.0 FR"
"infinite","But the universe is infinite.","但宇宙無限。","tatoeba:1635/13115785","CC BY 2.0 FR"
"infinite","There's no doubt: the universe is infinite.","宇宙毫无疑问是无限的。","tatoeba:414845/64","CC BY 2.0 FR"
"infinite","There's no doubt that the universe is infinite.","宇宙毫无疑问是无限的。","tatoeba:413823/64","CC BY 2.0 FR"
"ingenious","How ingenious!","多妙啊！","tatoeba:1894177/12487862","CC BY 2.0 FR"
"ingenious","Everyone's tricks are different; each differs in ingenious ways.","戲法人人會變，各有巧妙不同。","tatoeba:11272588/917819","CC BY 2.0 FR"
"ingredient","He added another ingredient to the pot.","他又往鍋裡加了一種食材。","tatoeba:12850328/13882172","CC BY 2.0 FR"
"ingredient","Cookies may contain nuts or peanuts, even if not included in the ingredient list.","雖然配料表中未列出堅果和花生，但餅乾中仍可能含有這些成分。。","tatoeba:6308611/6308618","CC BY 2.0 FR"
"inherent","She has inherent dignity.","她有與生俱來的尊嚴。","tatoeba:308780/780241","CC BY 2.0 FR"
"inherent","We must never forget the inherent value of every human being.","我们一定不能忘记每个人的内在价值。","tatoeba:5937798/8748584","CC BY 2.0 FR"
"inherent","The Chinese government issued a white paper entitled ""Diaoyu Islands are China's inherent territory"" on the 25th.","中国政府25日发布了《钓鱼岛是中国的固有领土》白皮书。","tatoeba:1867278/1862814","CC BY 2.0 FR"
"inherit","What did Tom inherit?","湯姆繼承了什麼？","tatoeba:11966102/13138872","CC BY 2.0 FR"
"initial","Your initial order is subject to a special discount of 5%.","首次訂購可獲九五折的特別優惠。","tatoeba:267001/503137","CC BY 2.0 FR"
"initiative","Local businesses are teaming up for a charity initiative.","當地企業正在聯手舉辦一項慈善活動。","tatoeba:13190435/13190525","CC BY 2.0 FR"
"initiative","He takes the initiative in helping his mother do the housework.","他主动帮他妈妈做家务。","tatoeba:400044/400041","CC BY 2.0 FR"
"initiative","The initiative measurably improved quality of life for the villagers.","計劃使村民的生活改善了不少。","tatoeba:934451/1455142","CC BY 2.0 FR"
"inland","Chinese coastal cities are generally more developed than the inland ones.","中国大陆的沿海城市普遍比内陆城市发达。","tatoeba:7805682/1746077","CC BY 2.0 FR"
"inland","Three soldiers who came back from the war are renting a house at the edge of a small town on the shore of the Inland Sea and live together.","三个退伍军人在内海一个小镇边上租了一套房子，并生活在一起。","tatoeba:1245099/3648067","CC BY 2.0 FR"
"innumerable","I have tried innumerable times to contact him.","我找過他很多次。","tatoeba:256443/372157","CC BY 2.0 FR"
"input","The input method also works with this version.","此輸入法也適用於這個版本。","tatoeba:483258/772381","CC BY 2.0 FR"
"insane","Tom's insane.","湯姆是個瘋子。","tatoeba:2107553/13549558","CC BY 2.0 FR"
"insane","Tom is insane.","湯姆是個瘋子。","tatoeba:2236741/13549558","CC BY 2.0 FR"
"insane","That's insane.","那是瘋狂的。","tatoeba:9483418/826184","CC BY 2.0 FR"
"insect","Did an insect bite you?","你被蟲咬了嗎？","tatoeba:12080265/10356788","CC BY 2.0 FR"
"insect","Have you been bitten by an insect?","你被蟲咬了嗎？","tatoeba:12080266/10356788","CC BY 2.0 FR"
"insect","What do you call this insect in English?","这种昆虫在英语中叫什么？","tatoeba:26378/1790171","CC BY 2.0 FR"
"insert","Insert it!","插进去!","tatoeba:13111739/9833788","CC BY 2.0 FR"
"insist","They insist that he should go.","他们坚持让他走。","tatoeba:307324/333037","CC BY 2.0 FR"
"insist","They will insist on her staying there longer.","他们会坚持要她逗留久一点。","tatoeba:305387/9409414","CC BY 2.0 FR"
"insist","They insist that daily exercise is an action that must be done.","他们坚持认为日常锻练是必得表出的行为。","tatoeba:9589461/846312","CC BY 2.0 FR"
"inspiration","I lost my inspiration.","我丢了我的灵感。","tatoeba:1892/389799","CC BY 2.0 FR"
"inspiration","My inspiration has run dry.","我灵感枯竭了。","tatoeba:10551456/9990044","CC BY 2.0 FR"
"inspiration","Suddenly she had a brilliant inspiration.","她突然有了一个绝妙的灵感。","tatoeba:316039/10273870","CC BY 2.0 FR"
"install","Install Linux!","请安装 Linux!","tatoeba:799919/1417594","CC BY 2.0 FR"
"install","The man tried to install his own antenna.","这男人试着安装他自己的天线。","tatoeba:45368/5965724","CC BY 2.0 FR"
"instinct","Animals act on instinct.","動物依靠牠們的本能行動。","tatoeba:280249/10355180","CC BY 2.0 FR"
"instinct","Most animals have an instinct to protect their young.","大多数动物都有保护幼仔的本能。","tatoeba:12568675/12568674","CC BY 2.0 FR"
"institute","A new classroom building was built in our institute last year.","去年我们学院建了一个新教学楼。","tatoeba:1577215/1577196","CC BY 2.0 FR"
"institute","At The Happiness Institute in Australia, a couple of hundred dollars may do the trick.","在澳大利亚的快乐协会，两百块钱可能达到效果。","tatoeba:743054/743062","CC BY 2.0 FR"
"instrument","Is mayonnaise an instrument?","蛋黄酱是一种乐器吗？","tatoeba:10087522/10621715","CC BY 2.0 FR"
"instrument","Do you play a musical instrument?","你演奏樂器嗎？","tatoeba:21260/842247","CC BY 2.0 FR"
"instrument","Is mayonnaise a musical instrument?","蛋黄酱是一种乐器吗？","tatoeba:13540166/10621715","CC BY 2.0 FR"
"instrumental","I like instrumental music.","我喜歡器樂。","tatoeba:321747/771445","CC BY 2.0 FR"
"insurance","I have life insurance.","我買了人壽保險。","tatoeba:258997/339487","CC BY 2.0 FR"
"insurance","Do you have medical insurance?","你有醫療保險嗎？","tatoeba:27892/833004","CC BY 2.0 FR"
"insurance","Can I use my medical insurance?","我可以使用我的醫療保險嗎？","tatoeba:27890/845443","CC BY 2.0 FR"
"intact","You can write a sentence in a lot of ways and still keep the general message intact.","同一个含义可以用很多不同方式写的句子来表示。","tatoeba:10085643/10085659","CC BY 2.0 FR"
"integrity","In our society we find men of integrity along with crooks.","我們的社會良莠不齊。","tatoeba:28884/506827","CC BY 2.0 FR"
"intellectual","In terms of intellectual hobbies, I really like learning Chinese characters.","对知识的爱好而言，我真的喜欢学汉字。","tatoeba:899111/899110","CC BY 2.0 FR"
"intellectual","An intellectual is a person who has discovered something more interesting than sex.","一个知识分子是发现到一种比性行为更有意思的活动的人。","tatoeba:690971/966570","CC BY 2.0 FR"
"intellectual","In my view, everyone should have intellectual hobbies as well as an interest in physical activities.","对我自己来说，每个人应该有学知识的爱好，也应该对体育活动感兴趣。","tatoeba:899109/899108","CC BY 2.0 FR"
"intelligent","Tom is intelligent.","湯姆很聰明。","tatoeba:1024985/10543825","CC BY 2.0 FR"
"intelligent","She is very intelligent.","她很聪明。","tatoeba:311795/638556","CC BY 2.0 FR"
"intelligent","That boy is intelligent.","那个男孩儿很聪明.","tatoeba:397883/2158924","CC BY 2.0 FR"
"intense","How are you keeping off this intense heat?","你是怎么避开这酷暑的？","tatoeba:323551/1395065","CC BY 2.0 FR"
"intent","That wasn't my intent.","那不是我的本意。","tatoeba:2646523/461600","CC BY 2.0 FR"
"intent","The only difference between a bad cook and a poisoner is the intent.","一個差勁的廚師和下毒者唯一的不同在於他們的意圖。","tatoeba:529768/727906","CC BY 2.0 FR"
"intent","Not far away, screened by the forest, crouched Shiegra, the lioness, intent upon devouring the infant for her evening meal.","不遠處，母獅謝格拉匍匐著，隱匿於林間，正伺機將嬰兒吞食，作為她的晚餐。","tatoeba:7564642/13933540","CC BY 2.0 FR"
"interact","You should interact with the local culture more, to better understand some traditions.","你应该多接触本文化，多了解一些传统习俗。","tatoeba:9419226/9401742","CC BY 2.0 FR"
"interfere","I had no right to interfere.","我没有权利干涉。","tatoeba:2331702/8635485","CC BY 2.0 FR"
"interfere","Tom won't interfere with you.","汤姆不会干涉你的。","tatoeba:6036341/8635811","CC BY 2.0 FR"
"interfere","Don't interfere in my affairs.","不要插手我的事。","tatoeba:321454/333204","CC BY 2.0 FR"
"internal","The button battery in the PC's internal timer has gone flat.","電腦內部計時器內的紐扣電池沒電了。","tatoeba:329695/13527600","CC BY 2.0 FR"
"interpret","How do you interpret these words?","這幾個字該怎麼解釋？","tatoeba:7768800/6467552","CC BY 2.0 FR"
"interpret","This moment will nap, you will have a dream; But this moment study,you will interpret a dream.","此刻打盹，你将做梦；而此刻学习，你将圆梦。","tatoeba:3086816/3086817","CC BY 2.0 FR"
"interrupt","Don't interrupt!","别打岔!","tatoeba:7766371/4271755","CC BY 2.0 FR"
"interrupt","Please don't interrupt me.","请不要打断我。","tatoeba:2120494/1889625","CC BY 2.0 FR"
"interrupt","I didn't mean to interrupt.","我無意打擾。","tatoeba:2269326/13137891","CC BY 2.0 FR"
"intersection","Turn right at the intersection.","在十字路口右转。","tatoeba:722540/389828","CC BY 2.0 FR"
"intersection","This intersection is dangerous.","這個十字路口很危險。","tatoeba:3226540/9176191","CC BY 2.0 FR"
"intersection","Turn right at the next intersection.","请在下一个十字路口右转。","tatoeba:658059/4147433","CC BY 2.0 FR"
"intervene","We must intervene.","我们必须介入。","tatoeba:2241174/5576792","CC BY 2.0 FR"
"intimate","We're intimate friends.","我們是親密的朋友。","tatoeba:4728285/4189974","CC BY 2.0 FR"
"intimidate","Don't try to intimidate me.","别想吓唬我。","tatoeba:2270541/5556135","CC BY 2.0 FR"
"intricate","Great thoughts are created through intricate details.","细节成就伟大的想法。","tatoeba:11290400/1272208","CC BY 2.0 FR"
"intrigue","Foreign people intrigue me.","外国人很有意思。","tatoeba:1471/380261","CC BY 2.0 FR"
"intuition","By intuition he knew she was lying.","他凭直觉发现她在撒谎。","tatoeba:301664/9955893","CC BY 2.0 FR"
"invalid","My credit card was invalid.","我的信用卡无效。","tatoeba:11750250/11750249","CC BY 2.0 FR"
"invaluable","His help has been invaluable.","他的援助真是雪中送炭。","tatoeba:285581/2393874","CC BY 2.0 FR"
"invaluable","The Internet is an invaluable source of information.","互联网是一种无法估量的信息资源。","tatoeba:65745/335324","CC BY 2.0 FR"
"invest","Let's invest in Taiwan.","讓我們投資台灣。","tatoeba:13247869/13259733","CC BY 2.0 FR"
"invest","Don't be afraid to invest time and energy.","不要害怕付出。","tatoeba:735158/735157","CC BY 2.0 FR"
"invest","The government should invest more money in agriculture.","政府应该加大对农业的投资。","tatoeba:1210696/2515316","CC BY 2.0 FR"
"investigate","Investigate first, then ask others.","先做調查，再問別人。","tatoeba:13537450/13519140","CC BY 2.0 FR"
"investigate","We have to thoroughly investigate it.","我们必须把它彻底检查一下。","tatoeba:5313631/4952815","CC BY 2.0 FR"
"investigate","A committee was constituted to investigate prices.","为了调查物价，成立了一个委员会。","tatoeba:319939/351235","CC BY 2.0 FR"
"invisible","Air is invisible.","空气是无形的。","tatoeba:18231/12880280","CC BY 2.0 FR"
"invisible","Magnetic fields are invisible.","磁场是看不见的。","tatoeba:6551474/9475779","CC BY 2.0 FR"
"invisible","The moon is invisible behind the clouds.","在雲的遮蔽下無法見到月亮。","tatoeba:26518/337299","CC BY 2.0 FR"
"involve","I didn't mean to involve you.","我沒想要讓你牽扯進來。","tatoeba:2290416/13138195","CC BY 2.0 FR"
"involve","Whichever way we choose will involve danger.","不管我们选哪条路，都会有危险。","tatoeba:37492/846752","CC BY 2.0 FR"
"involve","Does your family background involve Chinese medicine?","您的家族史跟中医有没有关系？","tatoeba:827187/827186","CC BY 2.0 FR"
"irrespective","She voted for Mr Nishioka irrespective of party lines.","她不論黨派把票投給了西岡先生。","tatoeba:315323/904867","CC BY 2.0 FR"
"isle","They were marooned on a desert isle.","她们被抛弃在一座荒岛上。","tatoeba:610679/817247","CC BY 2.0 FR"
"issue","This is a serious issue.","这个问题很严重。","tatoeba:3113285/2051009","CC BY 2.0 FR"
"issue","I agree with you on this issue.","我同意你對這問題的看法。","tatoeba:253590/883498","CC BY 2.0 FR"
"issue","How do you feel about the issue?","你對這個問題有甚麼感受？","tatoeba:59469/6101334","CC BY 2.0 FR"
"item","What's your favorite item of clothing?","你最喜欢哪类的衣服？","tatoeba:906790/2002962","CC BY 2.0 FR"
"item","The first item he bought was an alarm clock.","他买的第一项东西是一个闹钟。","tatoeba:284097/2052492","CC BY 2.0 FR"
"item","I called customer service because they sent me the wrong item.","我給客服打電話，因為他們給我寄錯貨了。","tatoeba:5935073/13527766","CC BY 2.0 FR"
"ivory","The economist and statistician based in Ivory Coast says commercial trade in the region is primarily conducted with France.","這位常駐科特迪瓦的經濟學家兼統計學家表示，該地區的商業貿易主要與法國進行。","tatoeba:12105135/13556565","CC BY 2.0 FR"
"jeopardize","Will this stuff jeopardize my health?","这些东西对健康有害吗？","tatoeba:1872151/1872166","CC BY 2.0 FR"
"jerk","You're such a jerk.","你真是個傻子。","tatoeba:2220319/6147573","CC BY 2.0 FR"
"jog","I jog in the morning.","我上午慢跑。","tatoeba:3695647/3695646","CC BY 2.0 FR"
"jog","The man next door said he goes for a jog every morning.","隔壁帅哥说他每天都去慢跑。","tatoeba:325956/1899619","CC BY 2.0 FR"
"junction","This junction is notorious for accidents.","這個路口因頻繁的事故而臭名昭著。","tatoeba:10537154/10541559","CC BY 2.0 FR"
"junction","We need to go right at the next junction.","我們得在下一個路口右拐。","tatoeba:10652742/10654550","CC BY 2.0 FR"
"junction","We need to turn right at the next junction.","我們得在下一個路口右拐。","tatoeba:10652741/10654550","CC BY 2.0 FR"
"junk","I don't eat junk food.","我不吃垃圾食品。","tatoeba:7961349/13748472","CC BY 2.0 FR"
"junk","Tom has accumulated a lot of junk.","湯姆屯了很多垃圾。","tatoeba:1025447/9170399","CC BY 2.0 FR"
"junk","Tom used to eat a lot of junk food.","汤姆以前经常吃很多垃圾食品。","tatoeba:1830450/8931400","CC BY 2.0 FR"
"jury","The jury looked shocked.","陪審團看起來很震驚。","tatoeba:3721521/13504855","CC BY 2.0 FR"
"keen","The knife has a keen blade.","这把刀的刀锋很利。","tatoeba:50147/336720","CC BY 2.0 FR"
"keen","Dogs have a keen sense of smell.","狗的嗅觉灵敏。","tatoeba:387379/333227","CC BY 2.0 FR"
"keen","You have a keen sense of direction.","你的方向感很好。","tatoeba:794744/1241264","CC BY 2.0 FR"
"kit","Don't forget to take the first-aid kit.","别忘了带上急救箱。","tatoeba:2649680/5640745","CC BY 2.0 FR"
"knit","Tom likes to knit.","湯姆喜歡編織。","tatoeba:37015/825945","CC BY 2.0 FR"
"knit","She knit him a sweater.","她给他织了件毛衣。","tatoeba:887267/8743955","CC BY 2.0 FR"
"knit","Tom tried to convince Mary to knit him a scarf.","湯姆想說服瑪麗給他織一條圍巾。","tatoeba:3157436/8679923","CC BY 2.0 FR"
"knob","Turn the knob and open the door.","轉動門把，把門打開。","tatoeba:35749/798237","CC BY 2.0 FR"
"label","Tom picked up the jar and read the label.","汤姆拿起罐子读标签。","tatoeba:3498545/5900409","CC BY 2.0 FR"
"label","The contents of the box are listed on the label.","箱子的内容在标签上面写着。","tatoeba:282652/455323","CC BY 2.0 FR"
"label","The contents of the box are indicated on the label.","箱子的内容在标签上面写着。","tatoeba:7738659/455323","CC BY 2.0 FR"
"lace","She has this pretty lace nightgown with straps.","她的這件吊帶蕾絲睡衣很漂亮。","tatoeba:7241284/5854735","CC BY 2.0 FR"
"lame","The new Harry Potter movie is pretty lame.","哈利波特的新片十分差。","tatoeba:652489/812369","CC BY 2.0 FR"
"lane","Leaves lay thick in the lane.","小路上舖滿了落葉。","tatoeba:267658/410564","CC BY 2.0 FR"
"lane","Get into the left lane to make room for the guy who's trying to merge.","移到左線，為想併入的那輛車騰出空間。","tatoeba:13458144/13865937","CC BY 2.0 FR"
"lane","Hi, I need a taxi to come to the entrance of No.40, Lane 200, Huashan Road right now.","喂，我要一辆的士，现在就到华山路200弄40号门口。","tatoeba:13911407/420624","CC BY 2.0 FR"
"layer","Gently layer gold eyeshadow on the eyelids.","在眼皮上輕輕疊加金色眼影。","tatoeba:13543226/13514575","CC BY 2.0 FR"
"layer","I have a dull pain in my temples and my mind feels like its covered with a thin layer of fog.","太阳穴钝钝地痛，意识似乎被笼罩上了一层薄薄的雾霭。","tatoeba:5932946/3130778","CC BY 2.0 FR"
"lease","I signed the lease today.","我今天签了租约。","tatoeba:2406519/5670779","CC BY 2.0 FR"
"leather","My wallet is made of leather.","我的钱包是皮制的。","tatoeba:9189555/13109449","CC BY 2.0 FR"
"leather","These boots are made of leather.","這靴是用皮革做的。","tatoeba:8836874/339300","CC BY 2.0 FR"
"leather","I bought a pair of leather gloves.","我買了一雙皮手套。","tatoeba:2540706/10276218","CC BY 2.0 FR"
"legal","Is this legal?","这样合法吗？","tatoeba:1682863/2307505","CC BY 2.0 FR"
"legal","Taxes are just legal robbery.","税收就是合法的抢劫。","tatoeba:10276498/1409119","CC BY 2.0 FR"
"legal","""The accused"" is a legal term.","「被告人」一詞是法律用語。","tatoeba:73537/340178","CC BY 2.0 FR"
"legend","""Anyone can be a legend.""","“每个人都能成为奇迹。”","tatoeba:10379462/10204358","CC BY 2.0 FR"
"legend","President Kennedy was killed, but his legend will live on forever.","肯尼迪总统被刺杀了，但是他的传奇会永久长存。","tatoeba:62577/512445","CC BY 2.0 FR"
"legislation","The President of the United States has the power to veto and send back legislation.","美國總統有權否決與退回法案。","tatoeba:10251096/6142490","CC BY 2.0 FR"
"leisure","Is there any leisure in China?","中国有什么闲暇吗？","tatoeba:858938/858937","CC BY 2.0 FR"
"leisure","She spends her leisure time making dolls.","她利用空闲时间做布娃娃。","tatoeba:317325/2004692","CC BY 2.0 FR"
"leisure","I often spend my leisure time listening to the radio.","我常常在我的闲暇时候听广播。","tatoeba:256527/357935","CC BY 2.0 FR"
"lens","I'm looking for my contact lens.","我在找我的隱形眼鏡。","tatoeba:54811/851542","CC BY 2.0 FR"
"lens","Through the lens the image was inverted.","图像在镜片中呈反向。","tatoeba:29482/1192575","CC BY 2.0 FR"
"liable","You're liable for the debt.","你有义务还债。","tatoeba:8332962/332812","CC BY 2.0 FR"
"liable","You are liable for the debt.","你有义务还债。","tatoeba:69941/332812","CC BY 2.0 FR"
"liable","We're all liable to make mistakes.","我們都會犯錯。","tatoeba:6874197/367843","CC BY 2.0 FR"
"liberal","There are two major political parties in the United States: the conservative Republican Party, and the liberal Democratic Party.","美国有两大政党，一是较为保守的共和党，一是较为自由的民主党。","tatoeba:1126262/1957391","CC BY 2.0 FR"
"likelihood","In all likelihood, this means war.","这很可能意味着战争。","tatoeba:10515984/335256","CC BY 2.0 FR"
"linear","Is the system linear?","系统是线性的吗？","tatoeba:781654/784497","CC BY 2.0 FR"
"linen","I want to buy new bed linen.","我想买一个新床单。","tatoeba:6451974/6451973","CC BY 2.0 FR"
"linger","There are rumors that some evil spirits linger around here.","传闻这附近有些脏东西。","tatoeba:13952926/13952924","CC BY 2.0 FR"
"literal","Your interpretation is a bit too literal.","你的理解有点望文生义了。","tatoeba:13912956/13896561","CC BY 2.0 FR"
"literal","He explained the literal meaning of the sentence.","他解释了句子的字面意思。","tatoeba:838878/7772575","CC BY 2.0 FR"
"literal","He explained the literal meaning of the sentences.","他解释了句子的字面意思。","tatoeba:305848/7772575","CC BY 2.0 FR"
"literary","Noted literary personalities gathered together last evening.","知名文学界人士昨晚齐聚一堂。","tatoeba:277060/345730","CC BY 2.0 FR"
"literary","Prominent figures in the literary world gathered together last night.","知名文学界人士昨晚齐聚一堂。","tatoeba:13990014/345730","CC BY 2.0 FR"
"literary","Well-known figures from the literary world gathered together last night.","知名文学界人士昨晚齐聚一堂。","tatoeba:13990015/345730","CC BY 2.0 FR"
"literature","Literature is beautiful.","文学是美丽的。","tatoeba:10372241/9987085","CC BY 2.0 FR"
"literature","Give a lecture on literature.","做一次文学讲座。","tatoeba:320038/353867","CC BY 2.0 FR"
"literature","He majors in English literature.","他主修英國文學。","tatoeba:294075/832984","CC BY 2.0 FR"
"litter","A lot of people climb the railing, and even litter.","很多人跳過欄杆，還丟垃圾。","tatoeba:5573313/5505598","CC BY 2.0 FR"
"lofty","No matter what grand and lofty reason you have, it's not right to do this.","不管你有什么冠冕堂皇的理由，这样做是不对的。","tatoeba:11263536/1743524","CC BY 2.0 FR"
"logical","That's logical.","那符合逻辑。","tatoeba:2187259/7068906","CC BY 2.0 FR"
"logical","This seems logical to me.","我覺得很有邏輯。","tatoeba:13237744/13519327","CC BY 2.0 FR"
"logical","What you're saying isn't logical.","你说的话在逻辑上有问题。","tatoeba:792465/792464","CC BY 2.0 FR"
"loyal","To whom are you loyal: me or the king?","你忠于我还是国王？","tatoeba:8557772/8558106","CC BY 2.0 FR"
"luggage","I lost my luggage.","我的行李丢了。","tatoeba:1960219/794187","CC BY 2.0 FR"
"luggage","Here's my luggage.","這是我的行李。","tatoeba:7071677/10276232","CC BY 2.0 FR"
"luggage","Which is your luggage?","哪个是你的行李？","tatoeba:2218/389811","CC BY 2.0 FR"
"lunar","Did you see yesterday's total lunar eclipse?","你看到昨天的日全食了嗎？","tatoeba:1293228/13919370","CC BY 2.0 FR"
"lunar","In China, they celebrate New Year by the lunar calendar.","中国按阴历过新年。","tatoeba:277480/7781507","CC BY 2.0 FR"
"lunar","2010 was the Year of the Tiger in the Chinese lunar calendar.","2010年是農曆的虎年。","tatoeba:737780/737779","CC BY 2.0 FR"
"lure","No man can resist the lure of a woman.","没有男人能够抵挡女人的诱惑。","tatoeba:537795/1561580","CC BY 2.0 FR"
"luxury","Travelling is a luxury I can't afford.","旅遊對我來說是付不起的奢侈。","tatoeba:12091420/14014421","CC BY 2.0 FR"
"luxury","On the seventh floor, you can find four luxury restaurants.","在七楼，你可以找到四个豪华餐厅。","tatoeba:3243828/8968582","CC BY 2.0 FR"
"luxury","In the United States the automobile is a necessity and not a luxury.","在美國，汽車並不是奢華的象徵，而是生活的必需品。","tatoeba:67623/472892","CC BY 2.0 FR"
"machinery","Something must be wrong with the machinery.","這個機器一定有什麼地方不對勁。","tatoeba:38216/772168","CC BY 2.0 FR"
"machinery","An old worker was found repairing machinery in the workshop.","有人发现一个老工人在车间修机器。","tatoeba:1577217/1577191","CC BY 2.0 FR"
"machinery","Then arose the question of where we were to get the necessary machinery.","于是出现了一个问题，哪里能找我们需要的机器。","tatoeba:1577250/1577235","CC BY 2.0 FR"
"magnet","Earth is like a big magnet.","地球像一块大吸铁石一样。","tatoeba:3973221/12497641","CC BY 2.0 FR"
"magnet","The earth is like a big magnet.","地球像一块大吸铁石一样。","tatoeba:7884597/12497641","CC BY 2.0 FR"
"magnetic","Magnetic fields are invisible.","磁场是看不见的。","tatoeba:6551474/9475779","CC BY 2.0 FR"
"magnificent","Magnificent!","壯麗！","tatoeba:12204738/13112129","CC BY 2.0 FR"
"magnificent","Life is a magnificent gown full of lice.","生命是一袭华美的袍子，爬满了虱子。","tatoeba:4645653/3130822","CC BY 2.0 FR"
"magnificent","A magnificent idea materialized in front of him.","一个绝妙的想法浮现在他的脑海。","tatoeba:8249342/7781753","CC BY 2.0 FR"
"magnitude","A massive earthquake of magnitude 8.8 hit the Japanese islands today.","今天，8.8级的强大地震袭击了日本的岛屿。","tatoeba:789593/794123","CC BY 2.0 FR"
"maintain","Maintain rational thought.","保持理性的思维。","tatoeba:7834033/1779287","CC BY 2.0 FR"
"maintain","It's hard to maintain one's reputation.","維持一個人的聲譽是很難的。","tatoeba:9699040/798116","CC BY 2.0 FR"
"maintain","It is hard to maintain one's reputation.","維持一個人的聲譽是很難的。","tatoeba:322923/798116","CC BY 2.0 FR"
"majority","The majority of people marry sooner or later.","大部分人迟早要结婚。","tatoeba:275831/792840","CC BY 2.0 FR"
"majority","The majority of people are quite indifferent.","大部分人都挺冷漠。","tatoeba:11602008/11380931","CC BY 2.0 FR"
"majority","Democracy is the dictatorship of the majority.","民主主义是多数选举的独裁。","tatoeba:443628/774709","CC BY 2.0 FR"
"mall","Tom went to the mall.","湯姆去了商場。","tatoeba:6105959/13598168","CC BY 2.0 FR"
"mall","Is there a mall near here?","附近是不是有一間購物商場？","tatoeba:59634/348942","CC BY 2.0 FR"
"mall","I'd like to go to the mall.","我想去商场。","tatoeba:1936463/5556118","CC BY 2.0 FR"
"management","Sami doesn't know anything about management.","薩米對管理一竅不通。","tatoeba:7201766/14013508","CC BY 2.0 FR"
"management","Management of a company is different from ownership of a company.","管理一間公司和擁有一間公司是不能相提並論的兩回事。","tatoeba:22360/793862","CC BY 2.0 FR"
"management","Japanese management must learn how to deal with American workers, he said.","他说：“日本管理层必须学会如何处理美国员工。”","tatoeba:73585/336860","CC BY 2.0 FR"
"maneuver","Do you know the Heimlich maneuver?","你知道海姆利克急救法吗？","tatoeba:6583591/8791853","CC BY 2.0 FR"
"maneuver","Sami didn't have time to maneuver.","萨米没有时间移动。","tatoeba:7989703/8791854","CC BY 2.0 FR"
"manifest","Spirits of Heaven and Earth, heed my call; manifest swiftly by divine decree!","天靈靈，地靈靈；急急如律令！","tatoeba:13526401/13526399","CC BY 2.0 FR"
"manipulate","Some teachers instinctively know how to play “favorites” to manipulate the other students.","有些老师本能地知道怎么去利用“偏心”去控制其他学生。","tatoeba:7229596/8743621","CC BY 2.0 FR"
"mansion","He lived in a big mansion.","他住在大宅邸里。","tatoeba:12920222/13069580","CC BY 2.0 FR"
"mansion","Compared to our house, yours is a mansion.","跟我们的房子比，你的就是个豪宅。","tatoeba:1196580/5993958","CC BY 2.0 FR"
"mansion","The mansion was so cheap because it was known to be haunted.","那別墅因為聽說鬧鬼所以很便宜。","tatoeba:11511469/11958947","CC BY 2.0 FR"
"manual","I'm unable to do manual labour.","我不能做體力勞動。","tatoeba:7766336/7752868","CC BY 2.0 FR"
"manual","She was reading a gardening manual.","她正在讀一本園藝手冊。","tatoeba:312709/861292","CC BY 2.0 FR"
"manual","Can you drive a manual transmission?","你會開手排車嗎?","tatoeba:601741/780047","CC BY 2.0 FR"
"manufacture","The date of manufacture is shown on the lid.","生产日期在盖子上。","tatoeba:271939/4621020","CC BY 2.0 FR"
"manufacture","You'll have to manufacture some kind of excuse.","你不得不制造一些借口。","tatoeba:16439/332430","CC BY 2.0 FR"
"manufacture","Many companies have attempted to manufacture this complex component at scale, but so far only ours has succeeded.","許多公司都嘗試過大規模生產這種複雜的零件，但目前只有我們成功了。","tatoeba:13686325/13845814","CC BY 2.0 FR"
"manuscript","He showed me the manuscript of his new play.","他给我看了他最新剧的底稿。","tatoeba:302502/2393391","CC BY 2.0 FR"
"manuscript","After today, I want to send the manuscript to a publishing house.","天好以后，我要把稿子送到出版社去。","tatoeba:5901290/420130","CC BY 2.0 FR"
"manuscript","""Tom chopped up the manuscript like it was iceberg lettuce."" ""Sounds brutal."" ""It was, but it was also necessary.""","「湯姆像切捲心萵苣一樣，把手稿切碎了。」「聽起來很殘忍。」「沒錯，而且也沒有那個必要。」","tatoeba:10913354/13539359","CC BY 2.0 FR"
"marble","Thousands of laborers and craftsmen toiled for 22 years to craft the stunning white marble edifice.","數千名工人和工匠辛勤工作了 22 年，才打造出這座令人驚嘆的白色大理石建築。","tatoeba:12043694/13578074","CC BY 2.0 FR"
"marble","Thousands of workers and artisans toiled for 22 years to create this breathtaking white marble structure.","數千名工人和工匠辛勤工作了 22 年，才打造出這座令人驚嘆的白色大理石建築。","tatoeba:13587220/13578074","CC BY 2.0 FR"
"marginal","There is only a marginal difference between the two.","兩者之間只有很小的差別。","tatoeba:72913/506818","CC BY 2.0 FR"
"marsh","Lots of herons live in the marsh.","许多苍鹭在沼泽地中生活。","tatoeba:46267/10513294","CC BY 2.0 FR"
"masculine","There is no ""masculine"" way of learning.","所谓的＂男性特色教育学＂根本就不存在。","tatoeba:3407099/3407141","CC BY 2.0 FR"
"masculine","Confidence and courage are not just masculine traits; they are values anyone can strive for.","自信與勇氣不僅是男性特質，也可以是所有人都能追求的價值。","tatoeba:13593696/13233307","CC BY 2.0 FR"
"masculine","Confidence and courage are not exclusively masculine traits—they are values that everyone can aspire to.","自信與勇氣不僅是男性特質，也可以是所有人都能追求的價值。","tatoeba:13511586/13233307","CC BY 2.0 FR"
"mask","Where's my mask?","我的口罩在哪？","tatoeba:8919271/13118965","CC BY 2.0 FR"
"mask","Tom took his mask off.","汤姆脱了口罩。","tatoeba:8510430/9489493","CC BY 2.0 FR"
"mask","Tom took off his mask.","汤姆脱了口罩。","tatoeba:8510433/9489493","CC BY 2.0 FR"
"mass","They were buried in a mass grave.","他们被埋在一座大坟墓里。","tatoeba:7120423/8748608","CC BY 2.0 FR"
"mass","A cloud is a mass of vapor in the sky.","云是天空中的水汽团。","tatoeba:4936115/4936113","CC BY 2.0 FR"
"mass","There is a mass of dark clouds in the sky.","空中有一大片乌云。","tatoeba:18326/336887","CC BY 2.0 FR"
"massacre","The Chinese government controlled the internet to prevent the people from knowing the truth of the Tiananmen Square Massacre.","中国政府控制了网络，以免让人民知道六四事件的真相。","tatoeba:502700/383128","CC BY 2.0 FR"
"massive","Hey, look! Look! There's a massive rainbow!","喏，快看快看！那有一道巨大的彩虹！","tatoeba:12190297/9932494","CC BY 2.0 FR"
"massive","This is the most massive structure I've ever seen.","这是我所见过的最大型的构造了。","tatoeba:9001354/333573","CC BY 2.0 FR"
"massive","This is the most massive structure I have ever seen.","这是我所见过的最大型的构造了。","tatoeba:55682/333573","CC BY 2.0 FR"
"masterpiece","This really is a masterpiece.","这真是个杰作。","tatoeba:8885809/8877860","CC BY 2.0 FR"
"masterpiece","That painting is a masterpiece of impressionist art.","那幅畫是印象派的大師級作品。","tatoeba:68492/403601","CC BY 2.0 FR"
"masterpiece","I think that Liszt's ""Forgotten Waltz No.3"" is a hidden masterpiece.","我觉得李斯特的《被遗忘的圆舞曲第三首》是个被埋没的名曲。","tatoeba:2678454/8671376","CC BY 2.0 FR"
"mature","Wine is put in barrels to mature.","酒被放在桶里发酵。","tatoeba:8292330/8795200","CC BY 2.0 FR"
"mature","He grew a beard to look more mature.","他留了胡子，为了让自己看起来更成熟。","tatoeba:293142/363880","CC BY 2.0 FR"
"maximum","Mark your maximum efforts.","尽力而为。","tatoeba:244092/1946777","CC BY 2.0 FR"
"maximum","This truck has a maximum load of 5 tons.","这辆卡车最大的载重量是5吨。","tatoeba:1582777/1582771","CC BY 2.0 FR"
"maximum","Note that the maximum doesn't always exist.","注意，最大值不总是存在的。","tatoeba:391678/1785897","CC BY 2.0 FR"
"meadow","Cows are grazing in the meadow.","牛在草地上吃牧草。","tatoeba:5258216/471043","CC BY 2.0 FR"
"meadow","Sheep are feeding in the meadow.","羊群在草地上吃着草。","tatoeba:324868/1016761","CC BY 2.0 FR"
"meadow","Cows are eating grass in the meadow.","牛在草地上吃牧草。","tatoeba:19510/471043","CC BY 2.0 FR"
"mechanical","I got a piece of lead for my mechanical pencil from her.","我从她那里拿了一根自动铅笔芯。","tatoeba:562816/8734943","CC BY 2.0 FR"
"mechanical","The result of the invention of the steam engine was that human power was replaced by mechanical power.","机械力代替人力, 这是蒸汽机发明的结果。","tatoeba:1577213/1577200","CC BY 2.0 FR"
"medium","My gloves are size medium.","我的手套尺寸是中号。","tatoeba:1589734/1589733","CC BY 2.0 FR"
"medium","You only need a medium size.","您只要中号就够了。","tatoeba:1589741/1589740","CC BY 2.0 FR"
"medium","I believe the medium size will fit you better.","我认为中号会更适合您。","tatoeba:5313710/1589747","CC BY 2.0 FR"
"melody","I love this melody.","我很喜欢这个旋律。","tatoeba:6691433/13971764","CC BY 2.0 FR"
"melody","I know this melody.","我知道这个旋律。","tatoeba:13156746/13971758","CC BY 2.0 FR"
"melody","What a beautiful melody!","多么美妙的旋律啊！","tatoeba:10450452/13971851","CC BY 2.0 FR"
"melt","Snow has begun to melt.","雪已經開始溶了。","tatoeba:272532/342698","CC BY 2.0 FR"
"melt","The snow began to melt.","雪開始融化了。","tatoeba:7964399/13531821","CC BY 2.0 FR"
"melt","The snow has begun to melt.","雪開始融化了。","tatoeba:7965163/13531821","CC BY 2.0 FR"
"memorize","You should memorize a piece of classical literature every day.","你必须每天背一篇古典文献。","tatoeba:11552074/9975372","CC BY 2.0 FR"
"memorize","We raced against our deskmate to see who could memorize the text faster, and I lost.","我們和同桌比賽看誰背書快，結果我輸了。","tatoeba:13537685/13535350","CC BY 2.0 FR"
"memorize","If you study new words, then use them more so that you will be able to more quickly memorize them.","如果你学习了新的单词，就多多去用它们，这样能够更快地帮你记住它们。","tatoeba:5330090/5330089","CC BY 2.0 FR"
"mental","His trouble was chiefly mental.","他主要是心理的問題。","tatoeba:287391/770992","CC BY 2.0 FR"
"mental","Mental health is as important as physical health.","精神的健康和身體的健康一樣重要。","tatoeba:271907/616869","CC BY 2.0 FR"
"mental","The emigrants have endured physical and mental pain.","移民们忍受着肉体和精神的痛苦。","tatoeba:28165/1395055","CC BY 2.0 FR"
"mercury","Mercury is a planet.","水星是一顆行星。","tatoeba:7156296/6961320","CC BY 2.0 FR"
"mercury","That one over there is Mercury.","那邊那顆是水星。","tatoeba:1258813/6961323","CC BY 2.0 FR"
"mercury","Mercury is the smallest planet in our solar system.","水星是我們的太陽系中最小的行星。","tatoeba:3955439/5419050","CC BY 2.0 FR"
"mere","She is a mere child.","她只是個孩子。","tatoeba:312199/884731","CC BY 2.0 FR"
"mere","You're no longer a mere child.","你不再只是一个孩子了。","tatoeba:9684752/2007067","CC BY 2.0 FR"
"mere","You are no longer a mere child.","你不再只是一个孩子了。","tatoeba:16346/2007067","CC BY 2.0 FR"
"merely","He said it merely as a joke.","他这么说就是为了开玩笑。","tatoeba:301417/829322","CC BY 2.0 FR"
"merely","Labor is not merely a necessity but a pleasure.","劳动不仅是一种需要，而还是一种愉快。","tatoeba:326334/760653","CC BY 2.0 FR"
"merely","Don't look down on him merely because he is poor.","不要因為他窮就看不起他。","tatoeba:318501/1329545","CC BY 2.0 FR"
"merge","Get into the left lane to make room for the guy who's trying to merge.","移到左線，為想併入的那輛車騰出空間。","tatoeba:13458144/13865937","CC BY 2.0 FR"
"merit","Charms strike the sight, but merit wins the soul.","魅力冲击视觉，美德征服心灵。","tatoeba:411986/464955","CC BY 2.0 FR"
"merit","Investing money in your home has some merit; when it is time to sell it you can get more money.","多花點錢在房子上，也有一些好處 ﹣ 例如，賣的時候可以賣個比較好的價錢。","tatoeba:24201/1135283","CC BY 2.0 FR"
"midst","Algeria is in the midst of a political crisis.","阿尔及利亚正处于政治危机中。","tatoeba:8558146/8558447","CC BY 2.0 FR"
"midst","Algeria is in the midst of an economic crisis.","阿尔及利亚正处于经济危机中。","tatoeba:8558147/8558446","CC BY 2.0 FR"
"midst","Even if one is to ""believe"", there is still a ""lie"" in the midst.","就算是believe，中間也藏著一個lie。","tatoeba:1795960/838464","CC BY 2.0 FR"
"migrate","These birds don't migrate.","这些鸟不转移。","tatoeba:6926573/8930117","CC BY 2.0 FR"
"mild","We had a mild winter last year.","去年冬天很暖和。","tatoeba:19427/900230","CC BY 2.0 FR"
"mild","This country has a mild climate.","這個國家的氣候很溫和。","tatoeba:59251/372183","CC BY 2.0 FR"
"mild","It's fairly mild for this time of year.","就现在这个节气来说天气是相当温和了。","tatoeba:1605895/1605892","CC BY 2.0 FR"
"military","There is a military base near here.","這附近有一個軍事基地。","tatoeba:59631/903626","CC BY 2.0 FR"
"military","The military power of this country is very advanced.","这个国家的军事力量很先进。","tatoeba:3544975/3544974","CC BY 2.0 FR"
"military","Every male Algerian citizen must do military service.","每个阿尔及尼亚的男性市民都需要服兵役。","tatoeba:7856802/9690030","CC BY 2.0 FR"
"millionaire","I'd like to be a millionaire.","我想做一個百萬富翁。","tatoeba:703109/708795","CC BY 2.0 FR"
"millionaire","Who wants to be a millionaire?","谁想当百万富翁？","tatoeba:1334439/4265116","CC BY 2.0 FR"
"millionaire","I'm going to be a millionaire.","我就要成为百万富翁了。","tatoeba:2542451/5091599","CC BY 2.0 FR"
"minibus","This minibus holds 25 persons.","这辆迷你巴士能容纳25个人。","tatoeba:60470/476236","CC BY 2.0 FR"
"minimum","What is the minimum wage in Georgia?","请问乔治亚洲的最低工资是多少？","tatoeba:7784728/8743781","CC BY 2.0 FR"
"minimum","Today's minimum temperature was 3 °C.","今天的最低氣溫是三度。","tatoeba:242565/349874","CC BY 2.0 FR"
"minimum","What's the minimum wage in your country?","你的国家的最低工资是多少？","tatoeba:1534782/8863035","CC BY 2.0 FR"
"minority","April is the national minority health month.","四月是全國弱勢團體醫療月。","tatoeba:827250/827523","CC BY 2.0 FR"
"minority","Han, Manchu, Mongol, Hui and Tibetan people (as well as other minority groups in China) are kins in one family.","漢滿蒙回藏（以及中國的其他少數族裔們）一家親。","tatoeba:7780089/7780088","CC BY 2.0 FR"
"misery","His illness caused her great misery.","他的病使她非常傷心。","tatoeba:287383/337361","CC BY 2.0 FR"
"misery","Money won't make you merry, but it eases your misery.","鈔能力不等於幸福，但可以暫時解決很多麻煩。","tatoeba:13904091/13535216","CC BY 2.0 FR"
"misfortune","A misfortune befell him.","不幸降临到他的头上。","tatoeba:318608/347712","CC BY 2.0 FR"
"misfortune","What greater misfortune is there than to go blind?","有什么比失明更不幸的呢？","tatoeba:264975/332798","CC BY 2.0 FR"
"mission","Mission accomplished.","任务完成。","tatoeba:4706619/7768129","CC BY 2.0 FR"
"mission","He accomplished his mission.","他完成了他的使命。","tatoeba:302296/1450478","CC BY 2.0 FR"
"mission","This is a dangerous mission.","這是個危險的任務。","tatoeba:3226504/6633896","CC BY 2.0 FR"
"missionary","In 1807, Robert Morrison, the first British Protestant missionary to China arrived in Guangzhou.","一八零七年，第一个到中国的英国新教徒传教士罗伯特马礼逊到了广州。","tatoeba:898051/898050","CC BY 2.0 FR"
"mob","The mob put a price on Tom's head.","黑幫懸賞捉拿湯姆。","tatoeba:11696352/13940540","CC BY 2.0 FR"
"mobile","He has no mobile.","他沒有手機。","tatoeba:9957644/10320830","CC BY 2.0 FR"
"mobile","Do you have a mobile?","您有手机吗？","tatoeba:10131876/745160","CC BY 2.0 FR"
"mobile","Have you got a mobile?","你有没有手机？","tatoeba:10131877/745159","CC BY 2.0 FR"
"mock","The future pilot is trained in a mock cockpit.","未来飞行员将在模拟操作室中训练。","tatoeba:322663/2027995","CC BY 2.0 FR"
"modest","Be more modest.","謙虛一點。","tatoeba:8105204/4754662","CC BY 2.0 FR"
"modest","You're too modest.","你太谦虚了。","tatoeba:2218451/4760086","CC BY 2.0 FR"
"modest","The result was modest.","結果並不可觀。","tatoeba:10515979/10518665","CC BY 2.0 FR"
"modify","We want to modify the regulations of our school.","我们想修改学校的规章制度。","tatoeba:263017/1737909","CC BY 2.0 FR"
"modify","Things that modify nouns (adjective, or adjectival equivalent).","修飾名詞的東西（形容詞，或形容詞相等語）。","tatoeba:328621/884214","CC BY 2.0 FR"
"molecule","A water molecule has two hydrogen atoms and one oxygen atom.","一個水分子是由兩個氫原子和一個氧原子組成的。","tatoeba:270937/481454","CC BY 2.0 FR"
"monitor","I'll monitor your progress from my computer.","我會用我的電腦監察你的進度。","tatoeba:673310/1572651","CC BY 2.0 FR"
"monitor","Whilst at university, Xiaowang held the post of class monitor.","上大學的时候，小王擔任過班長。","tatoeba:717409/717407","CC BY 2.0 FR"
"monitor","The USS Monitor was designated the first National Marine Sanctuary on January 30, 1975.","莫尼特號戰艦於 1975 年 1 月 30 日被指定為美國第一個國家海洋保護區。","tatoeba:6675786/13967751","CC BY 2.0 FR"
"monopoly","Monopoly is a popular game for families to play.","大富翁是一個家庭玩的熱門遊戲。","tatoeba:681052/900026","CC BY 2.0 FR"
"monster","There's a monster under my bed.","我的床下有怪兽。","tatoeba:371429/9467048","CC BY 2.0 FR"
"monster","There is a monster under my bed.","我的床下有怪兽。","tatoeba:1186030/9467048","CC BY 2.0 FR"
"monster","The unicorn is a fabulous monster.","獨角獸是一種美麗的怪物。","tatoeba:540060/1227141","CC BY 2.0 FR"
"moral","He lived a moral life.","他以君子之道生活。","tatoeba:293223/1394950","CC BY 2.0 FR"
"moral","Moral evil is the result of ignorance.","道德上的恶乃是无知的后果。","tatoeba:7844505/3130823","CC BY 2.0 FR"
"moral","This school sets high moral standards for pupils.","这个学校对学生的道德标准要求很高。","tatoeba:271857/8709503","CC BY 2.0 FR"
"morality","Gentleness and cheerfulness, these come before all morality; they are the perfect duties.","良善和喜樂比道德更加重要，是我們所應盡的絕對義務。","tatoeba:906662/1238365","CC BY 2.0 FR"
"moreover","Moreover, I can fly.","此外，我能飞。","tatoeba:3210934/10484110","CC BY 2.0 FR"
"moreover","It's a cat, and moreover an orange one.","這是一隻貓，而且是一隻橘色的貓。","tatoeba:11374896/13539899","CC BY 2.0 FR"
"moreover","The house looked good; moreover, the price was right.","屋子物美价廉。","tatoeba:24151/10484113","CC BY 2.0 FR"
"mortal","Man is mortal.","人固有一死。","tatoeba:270072/5091165","CC BY 2.0 FR"
"mortal","The flesh is mortal.","肉體終有一死。","tatoeba:281026/881757","CC BY 2.0 FR"
"mortal","We know that all men are mortal.","我們知道人皆難免一死。","tatoeba:269999/885373","CC BY 2.0 FR"
"motel","The motel can accommodate as many as 400 guests.","汽车旅馆可以接待多达400名客人。","tatoeba:49843/799253","CC BY 2.0 FR"
"motel","It was in 1832 that Evariste Galois fell in love with Stephanie-Felicie Poterin du Motel.","1832年Evariste Galois和Stephanie-Felicie Poterin du Motel陷入熱戀。","tatoeba:564319/772391","CC BY 2.0 FR"
"motive","What was his motive for doing it?","他那樣做有甚麼動機？","tatoeba:291467/346148","CC BY 2.0 FR"
"motive","Jealousy was the motive for the murder.","嫉妒是謀殺的動機。","tatoeba:265007/801436","CC BY 2.0 FR"
"motive","What's his motive for committing murder?","他殺人的動機是甚麼？","tatoeba:286414/6114408","CC BY 2.0 FR"
"muddy","The passing car splashed muddy water on me.","車子經過的時候把泥水濺到了我的身上。","tatoeba:265443/1345617","CC BY 2.0 FR"
"muddy","Because it had been raining for a couple of days, the pitch was muddy and difficult to play on.","球队已经训练了几天，所以这个足球场有些泥泞，不太好用了。","tatoeba:3579556/3579555","CC BY 2.0 FR"
"multiple","Tom has multiple talents.","汤姆有很多才华。","tatoeba:2754415/13880625","CC BY 2.0 FR"
"multiple","He committed multiple crimes.","他犯下了多项罪行。","tatoeba:10733723/10733733","CC BY 2.0 FR"
"multiple","He has committed multiple crimes.","他犯下了多项罪行。","tatoeba:10733724/10733733","CC BY 2.0 FR"
"multitude","It is a great joy to see your own sentences translated into a multitude of other languages.","看到你自己的句子被翻译成多种语言是一件很开心的事情。","tatoeba:4456136/4456359","CC BY 2.0 FR"
"murmur","The murmur of the brook lulls me to sleep.","溪流潺潺，催我入眠。","tatoeba:2230009/2221100","CC BY 2.0 FR"
"muscular","Gabor's Rottweiler was massively muscular.","加博養的羅威納犬肌肉極其發達。","tatoeba:11968435/14013611","CC BY 2.0 FR"
"mute","Tom is deaf and mute.","汤姆是聋哑人。","tatoeba:3222859/4267384","CC BY 2.0 FR"
"mute","She was blind, deaf, and mute.","她又盲又聾又啞。","tatoeba:3940337/478590","CC BY 2.0 FR"
"mute","Helen Keller was blind, deaf and mute.","海伦·凯勒眼盲、耳聋并且不能说话。","tatoeba:4289162/4859633","CC BY 2.0 FR"
"mutual","Our love is mutual.","我們的愛是相互的。","tatoeba:7829846/5689303","CC BY 2.0 FR"
"mutual","They have mutual respect.","他们互相尊重。","tatoeba:306493/787298","CC BY 2.0 FR"
"mutual","Mutual understanding promotes peace.","相互理解能促进和平。","tatoeba:274110/5576762","CC BY 2.0 FR"
"myth","Paul's success was a myth.","保罗的成功是一个神话。","tatoeba:33686/380732","CC BY 2.0 FR"
"myth","The myth offers insights into the ancient civilization.","神話讓我們能透悉古文明。","tatoeba:46053/458579","CC BY 2.0 FR"
"naive","You're so naive.","你太天真了。","tatoeba:2218385/9958569","CC BY 2.0 FR"
"naive","You're too naive.","你太天真了。","tatoeba:3331002/9958569","CC BY 2.0 FR"
"naive","She's a bit naive.","她有点天真。","tatoeba:1633863/8714975","CC BY 2.0 FR"
"napkin","May I have a napkin, please?","請給我一張餐巾紙好嗎？","tatoeba:36286/850354","CC BY 2.0 FR"
"nasty","She gives me a nasty look every time she sees me.","她每次看見我都給露出厭惡的眼神。","tatoeba:314306/5405477","CC BY 2.0 FR"
"nasty","Regardless how many times I try to solve this nasty problem, I always end up failing.","对于这个棘手的问题，无论我尝试多少次，结果都会以失败告终。","tatoeba:2432235/2431781","CC BY 2.0 FR"
"navigation","Early explorers used the stars for navigation.","古代的探險家用星星來辨別方向。","tatoeba:272150/779859","CC BY 2.0 FR"
"negative","Let go of your negative outlook on life.","請拋開你那些負面的人生觀。","tatoeba:317770/1225637","CC BY 2.0 FR"
"negative","Smiling is the best remedy for negative emotions.","笑容是壞心情的最佳藥方。","tatoeba:12080315/4455633","CC BY 2.0 FR"
"negative","It's stable because all the roots of this equation are negative.","它是可靠的, 因為這個方程式所有的根都是負的。","tatoeba:775764/777059","CC BY 2.0 FR"
"neglect","You are not to neglect your duty.","你不能漠視你的責任。","tatoeba:20030/339465","CC BY 2.0 FR"
"neglect","Thanks to television, boys and girls are apt to neglect reading books.","拜電視所賜，現在的小孩都不喜歡看書了。","tatoeba:39229/415926","CC BY 2.0 FR"
"neglect","Those people did not neglect their child because they used the Internet too much.","那两个人不是因为过于上网而忽视他们的孩子。","tatoeba:1208549/1208548","CC BY 2.0 FR"
"neutral","Switzerland is a neutral country.","瑞士是一个中立的国家。","tatoeba:52442/427562","CC BY 2.0 FR"
"nickname","What's your nickname?","你的昵稱是什麼？","tatoeba:2646730/6105110","CC BY 2.0 FR"
"nickname","My nickname is ""Itch.""","我的綽號是“Itch。""","tatoeba:435595/824494","CC BY 2.0 FR"
"nickname","What is your nickname?","你的昵稱是什麼？","tatoeba:3373322/6105110","CC BY 2.0 FR"
"nil","This means nil.","這是零的意思。","tatoeba:56001/780079","CC BY 2.0 FR"
"nonetheless","Carrefour's Ham offcuts are not expensive at all, but are nonetheless delicious.","家乐福的火腿剩料一点都不贵，然而却很好吃。","tatoeba:334466/334566","CC BY 2.0 FR"
"norm","A vector is a unit vector if its norm is 1.","模为1的向量是单位向量。","tatoeba:2017397/2017399","CC BY 2.0 FR"
"notable","The trigonometric functions satisfy a wide array of notable algebraic identities.","三角函數滿足各種代數恆等式。","tatoeba:13600283/13833974","CC BY 2.0 FR"
"notify","I will notify you of the arrival of the goods.","货物运到，我会通知你们的。","tatoeba:318489/782098","CC BY 2.0 FR"
"notify","Please fill out this form and wait for us to notify you.","请你把这张表填一下，等我们的通知。","tatoeba:476440/421022","CC BY 2.0 FR"
"notify","If you have any other issues, please notify me through the form.","如果你有其他问题，请通过表格发给我。","tatoeba:7773703/470972","CC BY 2.0 FR"
"notorious","This junction is notorious for accidents.","這個路口因頻繁的事故而臭名昭著。","tatoeba:10537154/10541559","CC BY 2.0 FR"
"notorious","Ms. Eichler had a notorious reputation for being austere to her students.","艾希勒女士对学生严厉是出了名的。","tatoeba:1928/502898","CC BY 2.0 FR"
"nourish","The role of the placenta is to nourish the foetus.","胎盘的角色是滋养胎儿。","tatoeba:4131557/8899420","CC BY 2.0 FR"
"novelty","Some people prefer conformity, while others seek novelty.","有些人喜欢循规蹈矩，而有些人总喜欢寻求刺激。","tatoeba:4554854/4549647","CC BY 2.0 FR"
"numerous","Tom had numerous girlfriends.","Tom有很多女友。","tatoeba:4493603/4504492","CC BY 2.0 FR"
"numerous","They are too numerous to enumerate.","他们人太多了，数不过来。","tatoeba:41937/2318409","CC BY 2.0 FR"
"numerous","I have numerous books on my bookshelf.","我有大量的书在我的书架上。","tatoeba:1697745/1695387","CC BY 2.0 FR"
"nutrition","She is careful about her child's nutrition.","她很关心孩子的营养问题。","tatoeba:313982/345694","CC BY 2.0 FR"
"oak","It's an oak tree.","這是一棵橡樹。","tatoeba:5951637/13573832","CC BY 2.0 FR"
"oak","What is the fruit of the oak?","橡樹的果實是什麼？","tatoeba:11988346/13543158","CC BY 2.0 FR"
"oak","The oak tree was no longer there.","那棵橡樹已經不在了。","tatoeba:11224654/13573833","CC BY 2.0 FR"
"oath","The knight swore an oath of allegiance to the king.","騎士宣誓效忠於國王。","tatoeba:25630/7753622","CC BY 2.0 FR"
"oath","The knight swears an oath of allegiance to the King.","騎士宣誓效忠於國王。","tatoeba:7766334/7753622","CC BY 2.0 FR"
"oath","Euthanasia comes into conflict with the Hippocratic oath.","安樂死與希波克拉底誓言相衝突。","tatoeba:12244653/13929211","CC BY 2.0 FR"
"obedient","He was a great teacher so his children were very obedient.","他很会教育人, 所以他的孩子都很听话.","tatoeba:1489966/1489965","CC BY 2.0 FR"
"obedient","When you go to play at a friend's house, you need to be well behaved and obedient.","你去朋友家玩要守規矩，要聽話。","tatoeba:2094649/2047868","CC BY 2.0 FR"
"object","Pass me that object.","拿給我那件東西。","tatoeba:11291129/5113320","CC BY 2.0 FR"
"object","Some object to Tom's opinion.","有些人反对汤姆的意见。","tatoeba:1027337/8720485","CC BY 2.0 FR"
"object","I may not object to him going.","我也许不会反对他去。","tatoeba:7244649/419938","CC BY 2.0 FR"
"objection","As for me, I have no objection.","对于我，我不反对。","tatoeba:255143/5842620","CC BY 2.0 FR"
"objection","I have no objection to your plan.","我不反對你的計劃。","tatoeba:252826/875333","CC BY 2.0 FR"
"objection","She has a strong objection to my plan.","她強烈反對我的計畫。","tatoeba:314313/5405500","CC BY 2.0 FR"
"objective","Does objective history exist?","客观的历史存在吗？","tatoeba:392317/392320","CC BY 2.0 FR"
"objective","The objective of law is justice.","法律的目標是正義。","tatoeba:321021/775466","CC BY 2.0 FR"
"objective","In the end he achieved his objective.","他终于完成了他的目标。","tatoeba:995301/335107","CC BY 2.0 FR"
"obligation","It is our obligation to help.","幫助是我們的義務。","tatoeba:267184/907299","CC BY 2.0 FR"
"obligation","I actually don't have an obligation to help you.","我并没有义务帮助你。","tatoeba:11290618/9989940","CC BY 2.0 FR"
"obligation","Every player is under obligation to keep the rules.","每一位選手都有義務遵守規則。","tatoeba:273550/672821","CC BY 2.0 FR"
"obscene","One must be respectful when speaking, and not say obscene things.","开口要有礼貌，不讲下流话。","tatoeba:474605/421250","CC BY 2.0 FR"
"obscure","The meaning of this sentence is obscure.","这句句子意思模糊。","tatoeba:44123/802879","CC BY 2.0 FR"
"obscure","The two scholars wrangled over the meaning of an obscure Tibetan phrase.","兩位學者為一句意思含糊的藏文句子爭論了一番。","tatoeba:1534334/1573291","CC BY 2.0 FR"
"obstacle","He can overcome any obstacle.","他能夠超越所有困難。","tatoeba:4757642/4743922","CC BY 2.0 FR"
"obstacle","Tom was the biggest obstacle for them.","湯姆是他們最大的障礙。","tatoeba:8509990/13958067","CC BY 2.0 FR"
"obtain","I am able to obtain a registration form for free.","我可以免费获取一份注册表格。","tatoeba:279402/389382","CC BY 2.0 FR"
"obtain","It is necessary to obtain the sanction of the authorities to enter this building.","必須獲得有關當局的批准才能進入這座建築物。","tatoeba:59448/917890","CC BY 2.0 FR"
"occasional","I have occasional pains in the stomach.","我的胃偶尔会阵痛。","tatoeba:258149/2567422","CC BY 2.0 FR"
"occasional","Even superheroes need an occasional break.","连超级英雄们也该偶尔休息一下。","tatoeba:408566/408569","CC BY 2.0 FR"
"occasional","Even now there are occasional aftershocks.","即使现在，偶尔还是会有余震。","tatoeba:789594/2567453","CC BY 2.0 FR"
"occupation","What's your occupation?","您的職業是什麼？","tatoeba:410787/832460","CC BY 2.0 FR"
"occupation","What is your occupation?","你做什么工作？","tatoeba:731142/3378243","CC BY 2.0 FR"
"occupation","The ""family manager"" is a profession, occupation, vocation.","“一家之主”是一份专业工作、事业和使命。","tatoeba:4826874/5093970","CC BY 2.0 FR"
"occupy","Books occupy most of his room.","書堆滿了他的房間。","tatoeba:322048/13668381","CC BY 2.0 FR"
"occur","When did this occur?","这事是什么时候发生的？","tatoeba:440015/440016","CC BY 2.0 FR"
"occur","That did occur to me.","那就發生在我身上。","tatoeba:3594049/6682287","CC BY 2.0 FR"
"occur","When did the error occur?","问题是怎么出现的？","tatoeba:749406/749407","CC BY 2.0 FR"
"odor","The attic was a long, low-ceilinged room, dark and fragrant with the odor of the cedar.","閣樓是一個狹長的低矮房間，光線昏暗，瀰漫著雪松的香氣。","tatoeba:11917400/13573852","CC BY 2.0 FR"
"offense","No offense!","无意冒犯！","tatoeba:1532936/10064220","CC BY 2.0 FR"
"offense","That is a criminal offense, and you will surely be punished!","那是犯罪行为，你肯定会受到惩罚的!","tatoeba:42184/829305","CC BY 2.0 FR"
"offensive","The speaker's comments were highly offensive.","发言人的评论极有攻击性。","tatoeba:681610/5611472","CC BY 2.0 FR"
"offspring","The atomic bomb is the offspring of 20th century physics.","原子弹是二十世纪物理学的产物。","tatoeba:239463/2186458","CC BY 2.0 FR"
"olive","We'd like to order 18 tonnes of olive oil.","我们要订18吨橄榄油。","tatoeba:64822/334998","CC BY 2.0 FR"
"olive","Slice the kale, and add it to a pan, with olive oil, garlic, salt and pepper, and wait until it is soft and tasty.","將羽衣甘藍切片，放入鍋中，加入橄欖油、大蒜、鹽和胡椒，煮至軟嫩可口。","tatoeba:8288206/13539371","CC BY 2.0 FR"
"opponent","He knocked his opponent out.","他把對手擊倒了。","tatoeba:300851/363994","CC BY 2.0 FR"
"opponent","Our team defeated our opponent 5-4.","我們這隊5-4擊敗對手。","tatoeba:247402/785291","CC BY 2.0 FR"
"oppose","Do you support or oppose abortion?","你支持还是反对堕胎？","tatoeba:1544425/332898","CC BY 2.0 FR"
"oppose","The city government wants to set up special cycle lanes. However, a lot of drivers oppose the idea.","市政府想建设专门的自行车道。但是，很多司机反对这个主意。","tatoeba:1477326/1477272","CC BY 2.0 FR"
"optimism","Optimism is like the lamp of hope. Pessimism [or negativity] is like a drug of sorrow.","樂觀如明燈,照亮希望的前程. 消極如毒品,腐蝕健康的心靈.","tatoeba:1502741/1502735","CC BY 2.0 FR"
"optimistic","Tom won't be optimistic.","汤姆不会乐观。","tatoeba:8933704/9408577","CC BY 2.0 FR"
"optimistic","I think Tom is optimistic.","我認為湯姆樂觀。","tatoeba:3184031/6077356","CC BY 2.0 FR"
"optimistic","Others are less optimistic.","其他人不那么乐观。","tatoeba:5738032/5945159","CC BY 2.0 FR"
"option","What other option is there?","還有其他選擇嗎？","tatoeba:4012787/13736380","CC BY 2.0 FR"
"option","Veggie burgers are a plant-based option.","素食漢堡是一種蔬食選擇。","tatoeba:12106586/13543136","CC BY 2.0 FR"
"option","In the U.S., you have the option, when you enter a restaurant, to sit in the smoking or non-smoking section.","在美国，当你进入餐厅时，你可选择坐在吸烟区或是禁烟区。","tatoeba:67640/826541","CC BY 2.0 FR"
"orbit","Many moons orbit Saturn.","許多衛星繞著土星運行。","tatoeba:13541142/918539","CC BY 2.0 FR"
"orbit","Planets orbit around the Sun.","行星繞著太陽轉。","tatoeba:13543060/869956","CC BY 2.0 FR"
"orbit","Many moons orbit around Saturn.","許多衛星繞著土星運行。","tatoeba:681652/918539","CC BY 2.0 FR"
"orchestra","I'm going to join the school orchestra.","我打算加入學校的管弦樂團。","tatoeba:21577/618213","CC BY 2.0 FR"
"orchestra","This is the fifth concert by this orchestra.","這是管弦樂團的第五場音樂會。","tatoeba:55948/340170","CC BY 2.0 FR"
"orchestra","Do you know the concert schedule of London Symphony Orchestra?","你知道伦敦交响乐团的演奏会行程吗？","tatoeba:29284/791577","CC BY 2.0 FR"
"oriental","It's a slow Oriental rhythm.","這是舒緩的東方節奏。","tatoeba:1953313/14007081","CC BY 2.0 FR"
"oriental","I'm interested in oriental pottery.","我对東方陶瓷有兴趣。","tatoeba:1023151/4761589","CC BY 2.0 FR"
"oriental","I have an interest in oriental ceramics.","我对東方陶瓷有兴趣。","tatoeba:279842/4761589","CC BY 2.0 FR"
"orientation","This room's orientation is great.","这间房间朝向很好。","tatoeba:1481771/119952","CC BY 2.0 FR"
"origin","That word is of Greek origin.","那個詞源於希臘。","tatoeba:703054/3470139","CC BY 2.0 FR"
"origin","What is the origin of the universe?","宇宙何以開端？","tatoeba:27035/12387035","CC BY 2.0 FR"
"origin","This word is also French in origin.","這個字也是由法語衍生出來的。","tatoeba:59337/1572653","CC BY 2.0 FR"
"original","You're original.","你很有独创性。","tatoeba:2628683/7767732","CC BY 2.0 FR"
"original","That's an original idea.","那是原创的想法。","tatoeba:2784324/5613646","CC BY 2.0 FR"
"original","He stuck to the original plan.","他堅持原來的計畫。","tatoeba:1363614/805729","CC BY 2.0 FR"
"outbreak","The next four to six weeks are crucial in controlling the massive Ebola outbreak.","接下來的四到六週將對於控制伊波拉病毒的大爆發至關重要。","tatoeba:5186768/10268540","CC BY 2.0 FR"
"outbreak","The authorities disclosed little useful information about the spread of COVID-19 at the beginning of the outbreak.","当局在疫情之初几乎没有透露关于新型冠状病毒的有用信息。","tatoeba:8558488/8563310","CC BY 2.0 FR"
"outfit","Your outfit today is so gorgeous!","你今天穿得非常漂亮啊！","tatoeba:10266673/3702750","CC BY 2.0 FR"
"outfit","You look great in that white outfit.","你穿那件白色的衣服很好看。","tatoeba:13587238/895788","CC BY 2.0 FR"
"outfit","The king, convinced, told the tailors to prepare the outfit, but he also couldn't see this material.","國王聽信了騙子的話，吩咐裁縫師準備這套服裝，但其實裁縫師也看不見這塊布料。","tatoeba:1349127/13663149","CC BY 2.0 FR"
"outline","Line art emphasizes form and outline, over color, shading, and texture.","線條藝術強調形式和輪廓，而不是顏色、陰影和紋理。","tatoeba:11119807/13543156","CC BY 2.0 FR"
"overcome","Overcome weakness.","克服弱点。","tatoeba:1159469/353882","CC BY 2.0 FR"
"overcome","He was overcome by numbers.","他被數字征服了。","tatoeba:300225/342689","CC BY 2.0 FR"
"overcome","They can overcome their fear.","他们可以克服恐惧。","tatoeba:2581635/334641","CC BY 2.0 FR"
"overhead","I saw a helicopter flying overhead.","我看见一架直升飞机在头顶飞。","tatoeba:2406061/4845009","CC BY 2.0 FR"
"overhead","The city should subsidize small businesses in industries with large overhead costs.","市府應補貼經常性開支龐大的產業中的小型企業。","tatoeba:13646906/13849247","CC BY 2.0 FR"
"overhead","I usually stand with one hand on the overhead bar, but if my legs get too tired, sometimes I sit down on the train.","搭車的時候，我通常一隻手抓著頭頂的扶桿站著，但如果腿太痠了，有時候也會坐下來。","tatoeba:13489504/13852513","CC BY 2.0 FR"
"overlap","Their two shadows overlap.","他们俩的影子重叠在一起。","tatoeba:1747284/458041","CC BY 2.0 FR"
"overlook","This kind of mistake is easy to overlook.","这种错误很容易被人忽视。","tatoeba:2275445/845118","CC BY 2.0 FR"
"overlook","These kinds of mistakes are easy to overlook.","这种错误很容易被人忽视。","tatoeba:2275446/845118","CC BY 2.0 FR"
"overlook","Making this matter public would have an effect on our sales, so we're going to overlook it this once.","公开此事会影响我们的销售，所以我们将忽略它一次。","tatoeba:241967/1394836","CC BY 2.0 FR"
"overwhelm","I didn't mean to overwhelm you.","我沒有想要讓你不知所措。","tatoeba:2290418/13138190","CC BY 2.0 FR"
"owe","I owe her one.","我欠她一个人情.","tatoeba:2021203/2021501","CC BY 2.0 FR"
"owe","I owe him $100.","我欠他一百元。","tatoeba:260482/718416","CC BY 2.0 FR"
"owe","I owe you $1,000.","我欠你一千美元。","tatoeba:436909/932037","CC BY 2.0 FR"
"owl","I'm a night owl.","我是個夜貓子。","tatoeba:321972/825924","CC BY 2.0 FR"
"owl","What's the difference between an eagle-owl and a barn owl?","雕鸮和仓鸮有什么区别？","tatoeba:5996363/6075175","CC BY 2.0 FR"
"owl","You stay up until two in the morning. You're such a night owl!","两点怎么还不睡觉，你这个夜猫子！","tatoeba:584201/584155","CC BY 2.0 FR"
"oxygen","Love is like oxygen.","爱就像氧气。","tatoeba:1670129/5794118","CC BY 2.0 FR"
"oxygen","This guy needs oxygen.","這個人需要氧氣。","tatoeba:7319939/13959011","CC BY 2.0 FR"
"oxygen","Iron and oxygen are elements.","鐵和氧都是化學元素。","tatoeba:278753/343294","CC BY 2.0 FR"
"ozone","The ozone in the stratosphere absorbs ultraviolet radiation.","平流層的臭氧會吸收紫外線。","tatoeba:10540285/6151835","CC BY 2.0 FR"
"package","Where's my package?","我的包裹到哪里了？","tatoeba:10968467/10913660","CC BY 2.0 FR"
"package","Where is your package?","你的包在哪裡？","tatoeba:7773822/5713529","CC BY 2.0 FR"
"package","Help me lift the package.","帮我抬包裹。","tatoeba:320951/5856739","CC BY 2.0 FR"
"pact","They still attacked us, despite clearly agreeing to sign the non-aggression pact.","明明签订了互不侵犯条约，竟然还来攻击我们。","tatoeba:1539022/1501684","CC BY 2.0 FR"
"pamphlet","This pamphlet is free of charge.","這本小冊子是免費的。","tatoeba:376834/769840","CC BY 2.0 FR"
"panic","Don't panic!","不要恐慌！","tatoeba:810774/6119462","CC BY 2.0 FR"
"panic","Don't panic.","不要慌張喔。","tatoeba:1634525/13108749","CC BY 2.0 FR"
"panic","Last night, I fell into a panic.","昨天晚上，我惊慌失措。","tatoeba:5651840/726739","CC BY 2.0 FR"
"paradise","This beach is a paradise for surfers.","这个海滩是冲浪者的天堂。","tatoeba:60622/335513","CC BY 2.0 FR"
"paradise","This park is a little kid's paradise.","這個公園是小孩子的天堂。","tatoeba:2761819/2757179","CC BY 2.0 FR"
"paradise","The island is a paradise for children.","这个岛是孩子们的天堂。","tatoeba:44738/2218911","CC BY 2.0 FR"
"paradox","This is a paradox.","这是悖论。","tatoeba:11290476/9955768","CC BY 2.0 FR"
"paragraph","This paragraph is vague.","這一個段落是模糊不清的。","tatoeba:57952/778548","CC BY 2.0 FR"
"parallel","The road is parallel to the river.","這條路與河流平行。","tatoeba:44667/6477585","CC BY 2.0 FR"
"parallel","The tracks run parallel to the road.","铁路与公路平行。","tatoeba:457120/5670798","CC BY 2.0 FR"
"parallel","The road runs parallel to the river.","這條路與河流平行。","tatoeba:1216275/6477585","CC BY 2.0 FR"
"parasite","Tom is a parasite.","湯姆是個寄生蟲。","tatoeba:8438971/13861339","CC BY 2.0 FR"
"partial","It was only a partial success.","那只是部分的成功。","tatoeba:42123/8756330","CC BY 2.0 FR"
"partial","Departure is a partial death but death in essence is not only departure.","离开是部分的死亡，而死亡不仅仅是离开。","tatoeba:11272464/10696073","CC BY 2.0 FR"
"passion","Music is his passion.","他對音樂情有獨鍾。","tatoeba:1059323/1059366","CC BY 2.0 FR"
"passion","Music is her passion.","她對音樂情有獨鍾。","tatoeba:1059324/1059368","CC BY 2.0 FR"
"passion","Music is your passion.","你對音樂情有獨鍾。","tatoeba:1059327/1059369","CC BY 2.0 FR"
"passive","He has a passive character.","他的性格很消极。","tatoeba:299643/2298446","CC BY 2.0 FR"
"passive","Watching TV is a passive activity.","看電視是一種被動的活動。","tatoeba:39161/797044","CC BY 2.0 FR"
"passive","Tzu-hsiang's way too honest. He's hopelessly passive in relationships.","子翔那個人太老實了，談戀愛都被動得要命。","tatoeba:13523822/13523793","CC BY 2.0 FR"
"pastime","My pastime is reading.","我的爱好是阅读。","tatoeba:2473537/9955772","CC BY 2.0 FR"
"pastime","Playing cards is a popular pastime.","打牌是一種流行的消遣方式。","tatoeba:36918/861087","CC BY 2.0 FR"
"pastime","My favorite pastime is strolling along the shore.","我閒時最喜歡到海邊散步。","tatoeba:250459/647691","CC BY 2.0 FR"
"pastry","Roll the pastry into a rectangle.","把麵團擀成方形。","tatoeba:10639863/10643768","CC BY 2.0 FR"
"pastry","From childhood I dreamed of being a pastry cook.","我从小的梦想就是做一名糕点师。","tatoeba:62628/348911","CC BY 2.0 FR"
"pasture","That pasture is ten acres.","那個牧場有十英畝大。","tatoeba:470994/836374","CC BY 2.0 FR"
"pasture","The pasture has an area of 10 acres.","牧场的面积有10英亩。","tatoeba:43965/471048","CC BY 2.0 FR"
"patriot","I'm not a nationalist, I'm a patriot.","我不是个民族主义者，我是爱国者。","tatoeba:11291143/9963191","CC BY 2.0 FR"
"patriot","The president speaks as a real patriot.","总统作为一位真正的爱国者发言。","tatoeba:882949/9961482","CC BY 2.0 FR"
"patriot","It is the duty of every patriot to protect his country from its government.","爱国者的责任就是保护国家不受政府侵犯。","tatoeba:2160042/2145068","CC BY 2.0 FR"
"patriotic","Chinese people have the most patriotic stomachs.","中国人的胃最爱国了。","tatoeba:7780683/747628","CC BY 2.0 FR"
"pattern","I noticed a pattern.","我注意到一個圖案。","tatoeba:5958597/6103177","CC BY 2.0 FR"
"pattern","India ink produces an interesting pattern when used as a dye.","墨汁用作染料时会产生有趣的图案。","tatoeba:322032/10201155","CC BY 2.0 FR"
"pattern","There's a fear that the snow will strengthen amid the strong winter pressure pattern.","人們擔心在強勁的冬季氣壓模式下，降雪量會增加。","tatoeba:11232897/13580031","CC BY 2.0 FR"
"peak","The excitement reached its peak.","兴奋到了极点。","tatoeba:18932/2906684","CC BY 2.0 FR"
"peak","The peak of Fujiyama was covered with snow.","富士山顶盖满了雪。","tatoeba:2889407/349929","CC BY 2.0 FR"
"pearl","His teeth are white like a pearl.","他的牙齿白得像珍珠一样。","tatoeba:873996/7768145","CC BY 2.0 FR"
"pearl","Hong Kong is referred to as the Pearl of Asia.","香港被稱作東方之珠。","tatoeba:241211/461627","CC BY 2.0 FR"
"pearl","The jeweler mounted a big pearl in the brooch.","寶石師傅在胸針上鑲了一枚大珍珠。","tatoeba:320987/522035","CC BY 2.0 FR"
"peculiar","That's peculiar.","奇怪。","tatoeba:3636097/917754","CC BY 2.0 FR"
"peculiar","Language is peculiar to man.","语言是人类特有的。","tatoeba:239736/1454420","CC BY 2.0 FR"
"peculiar","This milk has a peculiar smell.","这牛奶有特殊的气味。","tatoeba:60454/340643","CC BY 2.0 FR"
"pedestrian","The interface of this website is somewhat pedestrian, but it’s simple.","這個網站的介面沒有甚麼新意，但是卻很簡潔。","tatoeba:1393462/1393466","CC BY 2.0 FR"
"peel","Peel the apple.","將蘋果削皮。","tatoeba:6116196/13166875","CC BY 2.0 FR"
"peel","Peel the apples.","將蘋果削皮。","tatoeba:10557750/13166875","CC BY 2.0 FR"
"peel","Please peel the potatoes.","請把馬鈴薯的皮削掉。","tatoeba:852616/874715","CC BY 2.0 FR"
"peg","I hung my hat on the peg.","我把我的帽子掛在掛鉤上。","tatoeba:321122/888470","CC BY 2.0 FR"
"penalty","We should abolish the death penalty.","我们应该废除死刑。","tatoeba:266987/2077797","CC BY 2.0 FR"
"penalty","Is the incurrence of this penalty correct?","這個點球的判罰正確嗎？","tatoeba:7791041/7745185","CC BY 2.0 FR"
"penalty","The death penalty had been done away with in many states in the USA.","死刑在美国的很多州都被废除了。","tatoeba:67568/333229","CC BY 2.0 FR"
"penguin","This baby penguin is too cute!","这只企鹅宝宝太可爱了！","tatoeba:1848/502796","CC BY 2.0 FR"
"peninsula","Italy is a peninsula.","意大利是一个半岛。","tatoeba:690740/690735","CC BY 2.0 FR"
"peninsula","Have you ever been to the Korean Peninsula?","你去过朝鲜半岛吗？","tatoeba:277825/2023522","CC BY 2.0 FR"
"peninsula","Have you already been to the Korean Peninsula?","你去过朝鲜半岛吗？","tatoeba:498012/2023522","CC BY 2.0 FR"
"perception","Perception is reality.","感知即现实。","tatoeba:2464842/5581761","CC BY 2.0 FR"
"perfection","Perfection isn't good enough.","完美還不夠好。","tatoeba:1333449/2638694","CC BY 2.0 FR"
"perfection","Mayuko always aims for perfection.","麻由子总是追求完美。","tatoeba:32403/2045073","CC BY 2.0 FR"
"perfection","His martial arts prowess has already reached a level of sublime perfection.","他的武功已经达到了出神入化的境界。","tatoeba:485720/485715","CC BY 2.0 FR"
"performance","Her performance is really good.","她表演得真好。","tatoeba:9419250/9203451","CC BY 2.0 FR"
"performance","When does the performance begin?","演出甚麼時候開始？","tatoeba:2270161/10645546","CC BY 2.0 FR"
"performance","What time is the next performance?","下一場表演在幾點鐘？","tatoeba:264285/870181","CC BY 2.0 FR"
"perfume","The perfume of roses filled the room.","玫瑰的香氣在房間的每一個角落裏飄蕩著。","tatoeba:35080/664523","CC BY 2.0 FR"
"perfume","Do you know what it means for a man to give a woman perfume?","你知道男孩子送女孩子香水代表什么吗？","tatoeba:3060482/3060481","CC BY 2.0 FR"
"periodic","He learnt the periodic table by heart just for fun.","他背週期表只是為了好玩。","tatoeba:727759/727892","CC BY 2.0 FR"
"perish","Why, if man must perish, is he born?","如果人注定死去的话，那为什么要出生呢？","tatoeba:7564705/7774424","CC BY 2.0 FR"
"perish","We must learn to live together as brothers, or we will perish together as fools.","我们必须学会像兄弟一样共同生活，要么就像傻子一样同归于尽。","tatoeba:1509/334481","CC BY 2.0 FR"
"permanent","Please give me your permanent address.","請給我你的永久地址。","tatoeba:16859/859134","CC BY 2.0 FR"
"permanent","Form is temporary, class is permanent.","形式是暂时的，等级才是永恒的。","tatoeba:1501667/2431737","CC BY 2.0 FR"
"permanent","Absolutely nothing is permanent in life.","生活中绝对没有什么是持久的。","tatoeba:741534/799269","CC BY 2.0 FR"
"perpetual","The idea of perpetual motion is an absurd hypothesis.","永动机这个概念是个荒唐的假说。","tatoeba:12614941/12615498","CC BY 2.0 FR"
"persistent","Be patient and persistent. These things take time.","耐心地坚持下去，这些事急不来。","tatoeba:272223/334397","CC BY 2.0 FR"
"persistent","His success is due more to his persistent hard work than to his talent.","他的成功來自他不斷的努力多於來自他的才能。","tatoeba:2164542/2138662","CC BY 2.0 FR"
"perspective","We need at least one policymaker on the committee to provide the perspective of someone who can help make decisions about the research.","我們需要至少一個關於委員會的政策制定者，提供有助於做出關於該研究的決策者觀點。","tatoeba:8987965/11841623","CC BY 2.0 FR"
"persuasion","I was born into the Hebrew persuasion, but when I got older I converted to narcissism.","我天生是猶太人，但當我年紀大了的時候，我把它轉換成了自戀。","tatoeba:433711/873447","CC BY 2.0 FR"
"pessimistic","Don't be so pessimistic.","不要感觉那么悲观。","tatoeba:3603648/8850437","CC BY 2.0 FR"
"pessimistic","Everyone feels pessimistic.","每个人都感到悲观。","tatoeba:1193327/1397013","CC BY 2.0 FR"
"pessimistic","You're being too pessimistic.","你太悲觀了。","tatoeba:5938033/13921571","CC BY 2.0 FR"
"phase","The first phase of construction has been completed.","工程的第一階段已經完成了。","tatoeba:239063/688273","CC BY 2.0 FR"
"phase","Cancer can be cured easily if it is found in its first phase.","癌症如果在第一阶段被发现的话是很容易治愈的。","tatoeba:63418/346884","CC BY 2.0 FR"
"phase","Since all tasks have been completed without delay, we are ready to start the next phase of development.","既然所有的任务都按时完成了，我们已经准备好开始下一阶段的开发了。","tatoeba:2938647/2938646","CC BY 2.0 FR"
"phenomenon","A rainbow is a natural phenomenon.","彩虹是一種自然現象。","tatoeba:281038/565438","CC BY 2.0 FR"
"phenomenon","Acid rain isn't a natural phenomenon.","酸雨不是自然现象。","tatoeba:7493025/334644","CC BY 2.0 FR"
"phenomenon","Acid rain is not a natural phenomenon.","酸雨不是自然现象。","tatoeba:245182/334644","CC BY 2.0 FR"
"pirate","This map is a pirate map.","这张地图是海盗的地图。","tatoeba:11548464/3700441","CC BY 2.0 FR"
"pirate","Do you like pirate movies?","你喜欢盗版电影吗？","tatoeba:2951751/5670767","CC BY 2.0 FR"
"pirate","Tom was dressed like a pirate.","Tom穿得像个海盗。","tatoeba:2958521/4844995","CC BY 2.0 FR"
"pistol","Tom got a pistol.","湯姆得到了一把槍。","tatoeba:11787422/13210545","CC BY 2.0 FR"
"pistol","Give me your pistol.","把槍給我。","tatoeba:12091533/13210544","CC BY 2.0 FR"
"pistol","The pistol misfired.","槍走火了。","tatoeba:12186658/13210542","CC BY 2.0 FR"
"pitch","It is pitch dark.","天色漆黑。","tatoeba:269556/9490204","CC BY 2.0 FR"
"pitch","It's pitch black.","天色漆黑。","tatoeba:2249158/9490204","CC BY 2.0 FR"
"pitch","It's pitch black outside.","外面一片漆黑。","tatoeba:1053374/503068","CC BY 2.0 FR"
"plague","She avoided him like the plague.","她像躲避疾病一樣躲開了他。","tatoeba:10529658/10530854","CC BY 2.0 FR"
"planet","Mars is a planet.","火星是一顆行星。","tatoeba:5603251/6961328","CC BY 2.0 FR"
"planet","Earth is a planet.","地球是一個行星。","tatoeba:681736/4261695","CC BY 2.0 FR"
"planet","Saturn is a planet.","土星是一顆行星。","tatoeba:7156304/6961296","CC BY 2.0 FR"
"pledge","I pledge allegiance to the flag.","我向國旗宣誓效忠。","tatoeba:6583861/13869030","CC BY 2.0 FR"
"pledge","Unity, justice and freedom are the pledge of fortune.","团结、公正和自由是幸福的保证。","tatoeba:433822/785816","CC BY 2.0 FR"
"poetry","Wine is bottled poetry.","酒是灌入瓶中的诗。","tatoeba:560974/389787","CC BY 2.0 FR"
"poetry","Wine is poetry in bottles.","酒是灌入瓶中的诗。","tatoeba:1782/389787","CC BY 2.0 FR"
"poetry","He prefers poetry to fiction.","比起小说，他更喜欢诗歌。","tatoeba:299554/787311","CC BY 2.0 FR"
"poisonous","Is it poisonous?","它有毒嗎？","tatoeba:2248466/8215687","CC BY 2.0 FR"
"poisonous","He ate poisonous mushrooms.","他吃了毒蘑菇。","tatoeba:4728630/3537855","CC BY 2.0 FR"
"poisonous","Are there many poisonous snakes in Australia?","澳大利亞有很多毒蛇嗎？","tatoeba:8212953/12990151","CC BY 2.0 FR"
"poke","It's best if you don't poke your nose into other people's business.","你最好不要插手别人的事务。","tatoeba:7785502/1409391","CC BY 2.0 FR"
"polar","The polar bears are dying.","北极熊正在死去。","tatoeba:5739549/6094894","CC BY 2.0 FR"
"polar","The aurora is a phenomenon characteristic of the polar regions.","極光是極地特有的自然現象。","tatoeba:65116/358494","CC BY 2.0 FR"
"polar","Melting polar icecaps could also contribute to an increase in sea levels.","融化中的极地冰盖也可以使海平面上涨的势态更加严重。","tatoeba:727317/727334","CC BY 2.0 FR"
"pole","She is learning pole dancing.","她在學鋼管舞。","tatoeba:7822999/6017399","CC BY 2.0 FR"
"pole","Santa lives at the North Pole.","聖誕老人住在北極。","tatoeba:3716026/3716040","CC BY 2.0 FR"
"pole","To reach the North Pole is not easy.","到北极可不容易。","tatoeba:321293/9958353","CC BY 2.0 FR"
"polish","Do you speak Polish?","你会说波兰语吗？","tatoeba:4754760/9927151","CC BY 2.0 FR"
"polish","Timuçin learns Polish.","Timuçin在学波兰语。","tatoeba:920283/7768215","CC BY 2.0 FR"
"polish","I got him to polish my shoes.","我要他擦亮我的皮鞋。","tatoeba:260378/804543","CC BY 2.0 FR"
"pope","The Pope has no right to marry.","罗马教皇无权结婚。","tatoeba:528243/829614","CC BY 2.0 FR"
"pope","I don't care that you're the Pope; you can't touch my feet.","我才不管您是不是個甚麼教皇，我的腳您別碰。","tatoeba:11561191/12903256","CC BY 2.0 FR"
"pope","Even people who don't believe in the Catholic church venerate the Pope as a symbolic leader.","甚至是不相信天主教的人也把教皇敬为一个象征性的领导者。","tatoeba:1940/502925","CC BY 2.0 FR"
"porch","Yanni left the flowers on Skura's porch.","雅尼把花放在了斯庫拉家的門廊上。","tatoeba:9388351/13561192","CC BY 2.0 FR"
"porch","Three men are waiting for you on the porch.","三个男人在门廊上在等你。","tatoeba:8034470/8932006","CC BY 2.0 FR"
"pose","Strike a pose.","擺一個 Pose。","tatoeba:6601888/13181813","CC BY 2.0 FR"
"pose","When you pose a question, you expect an answer.","當你提出一個問題，你期望得到答案。","tatoeba:809215/810070","CC BY 2.0 FR"
"positive","Are you positive?","你肯定吗？","tatoeba:1886326/43","CC BY 2.0 FR"
"positive","I can't be positive.","我不能肯定。","tatoeba:2303555/13544669","CC BY 2.0 FR"
"positive","Try to stay positive.","儘量保持樂觀。","tatoeba:8597947/14008218","CC BY 2.0 FR"
"possess","It is the things that we do not possess which seem to us most desirable.","得不到的东西就最想得到。","tatoeba:237003/332950","CC BY 2.0 FR"
"possess","I believe you already possess all the qualities needed to go undercover.","我认为，你已经完全具备了潜伏的资质。","tatoeba:13513547/13111467","CC BY 2.0 FR"
"potential","She is full of potential.","她充滿潛力。","tatoeba:2628155/4083588","CC BY 2.0 FR"
"potential","He has enormous potential.","他有极大的潜力。","tatoeba:4091839/805205","CC BY 2.0 FR"
"potential","Every man is a potential corpse.","每个人都可能变成尸体。","tatoeba:1331901/11243446","CC BY 2.0 FR"
"poverty","Capitalism is poverty.","资本主义是贫穷。","tatoeba:7865536/8930187","CC BY 2.0 FR"
"poverty","Rye was called the grain of poverty.","黑麦被称为贫穷的谷物。","tatoeba:1533/334454","CC BY 2.0 FR"
"poverty","How did he make his living in such poverty?","他怎么在这样的贫困中谋生？","tatoeba:291557/336965","CC BY 2.0 FR"
"preach","The main duty of a priest is to preach in church.","牧師的主要職責是在教堂裏講道。","tatoeba:322034/616372","CC BY 2.0 FR"
"precedent","He set a precedent.","他開了先河。","tatoeba:2184591/2177323","CC BY 2.0 FR"
"precedent","It's totally without precedent for the suspect's attorney to be the true culprit.","這前所未聞, 犯罪嫌疑人的律師竟然是真正的罪魁禍首。","tatoeba:282809/761270","CC BY 2.0 FR"
"precious","My precious!","寶貝！","tatoeba:9131377/13210541","CC BY 2.0 FR"
"precious","My precious.","寶貝。","tatoeba:12854833/13210537","CC BY 2.0 FR"
"precious","Time is precious.","时间是宝贵的。","tatoeba:3565106/3565105","CC BY 2.0 FR"
"precise","Be more precise.","更清晰些。","tatoeba:2244994/9961446","CC BY 2.0 FR"
"precise","My watch is very precise.","我的手表很精准。","tatoeba:666060/9432350","CC BY 2.0 FR"
"precise","He gave me precise instructions to do the job.","他给我的工作作出了明确指示。","tatoeba:297501/332459","CC BY 2.0 FR"
"predecessor","Floppy disks are the predecessor of hard disks.","软盘是硬盘的前身。","tatoeba:13803763/9955923","CC BY 2.0 FR"
"predict","Nobody can predict the future.","沒人能預測未來。","tatoeba:6995688/10706722","CC BY 2.0 FR"
"predict","No one can predict the future.","沒人能預測未來。","tatoeba:7009034/10706722","CC BY 2.0 FR"
"predict","I can't predict what'll happen.","我不能預言會發生甚麼。","tatoeba:1954687/6077435","CC BY 2.0 FR"
"preferable","I think death is preferable to shame.","我覺得士可殺不可辱。","tatoeba:33481/346013","CC BY 2.0 FR"
"prejudice","I have no prejudice.","我没有偏见。","tatoeba:2912868/8928654","CC BY 2.0 FR"
"prejudice","He has a prejudice against foreigners.","他对外国人有偏见。","tatoeba:2253144/8928655","CC BY 2.0 FR"
"prejudice","People tend to look at others with prejudice.","人们趋向于带着偏见看待他人。","tatoeba:2438206/1783884","CC BY 2.0 FR"
"premature","There is no greater insult to life than premature ejaculation.","没有什么比早泄更糟蹋生活的了","tatoeba:997789/996461","CC BY 2.0 FR"
"premier","All the top teams in England are in the Premier League.","英国所有的顶尖球队都在超级联赛中。","tatoeba:13562314/3579616","CC BY 2.0 FR"
"premier","All the top teams of the UK are in the premier division.","英国所有的顶尖球队都在超级联赛中。","tatoeba:3579617/3579616","CC BY 2.0 FR"
"premier","Because all of the teams in the Premier League are really strong, the goal difference is usually small.","因为在甲级联赛中，所有队伍都很有实力，净胜球差异很小。","tatoeba:3579589/3579588","CC BY 2.0 FR"
"premise","What's the premise of the TV show ""The Bachelor""?","《單身漢》這個電視節目的基本設定是什麼？","tatoeba:13496120/13844448","CC BY 2.0 FR"
"prescription","I'll give you a prescription.","我会给你开个药方。","tatoeba:266989/332958","CC BY 2.0 FR"
"prescription","Please read the prescription.","請閱讀處方。","tatoeba:13121420/13519254","CC BY 2.0 FR"
"prescription","You can't buy this medicine without a prescription.","那个药的话没有处方是买不到的。","tatoeba:1008018/8700794","CC BY 2.0 FR"
"presentation","Mennad's presentation was perfect.","门纳德的演讲非常完美。","tatoeba:8009821/9963234","CC BY 2.0 FR"
"presentation","I'll keep the tips you shared for improving my presentation skills.","你對提升我演講能力的建議，我會記下來。","tatoeba:13151220/13151232","CC BY 2.0 FR"
"preserve","Salt helps to preserve food from decay.","鹽可以幫助保存食物避免腐爛。","tatoeba:25752/798097","CC BY 2.0 FR"
"preserve","Preserve life; please don't waste water.","关爱生命，请勿嬉水。","tatoeba:6089677/6089670","CC BY 2.0 FR"
"preserve","More recently, some hutongs have been designated as protected areas in an attempt to preserve this aspect of Chinese cultural history.","最近，有些胡同被指定为保护区，以试图保存这方面的中国文化历史。","tatoeba:747929/747931","CC BY 2.0 FR"
"pressure","My blood pressure is low.","我的血压很低。","tatoeba:7051162/399949","CC BY 2.0 FR"
"pressure","I have low blood pressure.","我的血压很低。","tatoeba:257206/399949","CC BY 2.0 FR"
"pressure","I have high blood pressure.","我有高血压。","tatoeba:241256/815684","CC BY 2.0 FR"
"prestige","His prestige is fading.","他的威信日渐衰落。","tatoeba:11263528/1982653","CC BY 2.0 FR"
"pretext","He came to my house on the pretext of seeing me.","他打着见我的幌子来了我家。","tatoeba:297581/1394977","CC BY 2.0 FR"
"pretext","Jonas left under the pretext of going to the bathroom.","喬納斯以去洗手間為藉口離開了。","tatoeba:13556996/13552135","CC BY 2.0 FR"
"prevail","Truth will always prevail.","真理必胜。","tatoeba:7532842/7781531","CC BY 2.0 FR"
"prevail","Justice will prevail in the end.","正义终将胜利。","tatoeba:243905/5907524","CC BY 2.0 FR"
"prevail","In Colombia, Catholic customs prevail.","在哥伦比亚，天主教习俗盛行。","tatoeba:4445265/5692358","CC BY 2.0 FR"
"prevalent","It is a prevalent belief, according to a nationwide poll in the United States, that Muslims are linked with terrorism.","根据美国国民的一个投票，人们普遍认为穆斯林人和恐怖主义有关。","tatoeba:1958/502962","CC BY 2.0 FR"
"previous","I like the previous person.","喜歡上一個人。","tatoeba:13721194/13721189","CC BY 2.0 FR"
"previous","I met him on the previous day.","我前一天遇見了他。","tatoeba:254531/345693","CC BY 2.0 FR"
"previous","He died previous to my arrival.","他在我來到之前就死了。","tatoeba:297304/349986","CC BY 2.0 FR"
"prey","The lion is stalking its prey.","狮子在跟踪它的猎物。","tatoeba:8742992/8744840","CC BY 2.0 FR"
"prey","Prey does not wait for the hunter.","獵物可不會等獵人。","tatoeba:11552513/10533272","CC BY 2.0 FR"
"prey","Men are hunters, and women are prey.","男人是獵人, 女人是獵物。","tatoeba:7784658/750351","CC BY 2.0 FR"
"priest","The priest spoke to them.","牧師跟他們説了話。","tatoeba:13909946/13909944","CC BY 2.0 FR"
"priest","My brother became a priest.","我哥哥成了牧師。","tatoeba:7768559/5552160","CC BY 2.0 FR"
"priest","My brother has become a priest.","我的兄弟已经成为了牧师。","tatoeba:649936/1417539","CC BY 2.0 FR"
"primarily","The economist and statistician based in Ivory Coast says commercial trade in the region is primarily conducted with France.","這位常駐科特迪瓦的經濟學家兼統計學家表示，該地區的商業貿易主要與法國進行。","tatoeba:12105135/13556565","CC BY 2.0 FR"
"primarily","If economic globalization is inevitable, it should primarily serve humanity rather than the interests of trans-national corporations.","如果全球化无法避免，应该首先为人服务而不是为跨国公司的利益服务。","tatoeba:8853762/8853763","CC BY 2.0 FR"
"primary","My primary concern is your safety.","我最關心的是你的安全。","tatoeba:251103/342434","CC BY 2.0 FR"
"primary","Honesty is the primary reason for his success.","誠實是他成功的主要原因。","tatoeba:1159357/765532","CC BY 2.0 FR"
"primary","This problem is too difficult for primary school children to solve.","这个问题让小学生解决太难了。","tatoeba:56676/336874","CC BY 2.0 FR"
"prime","The prime minister dissolved the Diet.","首相解散了国会。","tatoeba:266155/4764642","CC BY 2.0 FR"
"prime","The set of prime numbers is countable.","素数集是可数的。","tatoeba:812045/1738298","CC BY 2.0 FR"
"prime","The country respects the Prime Minister.","全國上下無不尊重首相。","tatoeba:241443/10617583","CC BY 2.0 FR"
"primitive","Magic plays an important part in primitive society.","巫術在原始社會扮演重要角色。","tatoeba:266199/884702","CC BY 2.0 FR"
"principal","He must be the principal.","他一定是校長。","tatoeba:413023/832969","CC BY 2.0 FR"
"principal","He has just become a principal.","他剛成為一名校長。","tatoeba:296329/836355","CC BY 2.0 FR"
"principal","Our school's principal is very old.","我校校长很老了。","tatoeba:426384/1468435","CC BY 2.0 FR"
"principle","Everyone will accept that idea in principle.","每个人都将在原则上同意那个想法。","tatoeba:276530/1428120","CC BY 2.0 FR"
"principle","It is a matter of principle with him to answer your questions honestly.","诚实地回答你的问题对他来说是个原则问题。","tatoeba:70602/1958199","CC BY 2.0 FR"
"principle","Then I'll work on the principle that deference is no substitute for obedience.","那我就恭敬不如从命啦。","tatoeba:756900/756898","CC BY 2.0 FR"
"priority","Camera quality is a top priority for me.","相機品質是我的優先考量。","tatoeba:13190421/13190518","CC BY 2.0 FR"
"privacy","He intruded on her privacy.","他侵犯了她的隐私。","tatoeba:302793/1780725","CC BY 2.0 FR"
"privacy","Personal privacy is a joke.","个人隐私就是一个笑话。","tatoeba:4844618/4813406","CC BY 2.0 FR"
"privacy","Don't intrude on her privacy.","不要侵犯她的隐私。","tatoeba:309040/1780724","CC BY 2.0 FR"
"privilege","It's a privilege to meet you.","幸会。","tatoeba:2713170/9541552","CC BY 2.0 FR"
"privilege","It is a privilege to meet you.","幸会。","tatoeba:71173/9541552","CC BY 2.0 FR"
"privilege","He had the privilege of a private education.","他享有私人教学的特权。","tatoeba:306470/465835","CC BY 2.0 FR"
"probability","Tomorrow there's a high probability it will rain.","明天很有可能下雨。","tatoeba:5399394/6152995","CC BY 2.0 FR"
"probability","How high is the probability that two out of twenty people have the same birthday? It can be assumed that a year has 365 days.","假設一年有 365 天，20 個人中有 2 個人同一天生日的機率是多少？","tatoeba:8969978/13561220","CC BY 2.0 FR"
"probe","The probe is equipped with a microphone.","探头配有麦克风。","tatoeba:9779148/9956043","CC BY 2.0 FR"
"probe","I dare not probe too deeply, lest I uncover the awful truth!","我不敢探查得太深, 以免發現可怕的事實。","tatoeba:618674/760946","CC BY 2.0 FR"
"probe","The space probe Lucy is expected to arrive in 2025 to the proximity of the asteroid Donaldjohanson.","太空探測器露西預計將於 2025 年抵達小行星唐納德約翰遜附近。","tatoeba:11358517/13175418","CC BY 2.0 FR"
"procedure","The procedure is painless.","该手术无痛。","tatoeba:5739548/2188454","CC BY 2.0 FR"
"procedure","You don't understand the procedure.","你不明白流程。","tatoeba:2283689/5983598","CC BY 2.0 FR"
"process","Learning is a gradual process.","学习是一个循序渐进的过程。","tatoeba:13277862/2555339","CC BY 2.0 FR"
"process","I explained the process to him.","我向他解釋了這個過程。","tatoeba:49197/848652","CC BY 2.0 FR"
"process","The whole process will take months.","整个过程需要耗费数月。","tatoeba:7120443/8744964","CC BY 2.0 FR"
"productive","You are really very productive today.","你今天真的很有生產力。","tatoeba:1966668/1966667","CC BY 2.0 FR"
"productive","This factory's productive capacity is 250 cars a week.","这家工厂每周能够生产250台车。","tatoeba:59308/1889312","CC BY 2.0 FR"
"profession","My profession is my hobby.","我的职业正是我的爱好。","tatoeba:6442732/10713324","CC BY 2.0 FR"
"profession","He's a doctor by profession.","他的职业是医生。","tatoeba:11129690/347089","CC BY 2.0 FR"
"profession","He is a doctor by profession.","他的职业是医生。","tatoeba:286778/347089","CC BY 2.0 FR"
"professional","They're professional singers.","他们是职业歌手。","tatoeba:1211482/1188440","CC BY 2.0 FR"
"professional","Tom is a professional killer.","湯姆是職業殺手。","tatoeba:2276352/12896904","CC BY 2.0 FR"
"professional","Tom is a professional magician.","汤姆是个专业的魔术师。","tatoeba:6657715/8854614","CC BY 2.0 FR"
"profitable","We'll be profitable this year.","今年我们会盈利的。","tatoeba:5731850/8508415","CC BY 2.0 FR"
"profound","Tom wrote a very profound report.","汤姆写了篇非常有深度的报道。","tatoeba:8249326/7787472","CC BY 2.0 FR"
"profound","The patient is in a state of profound stupor.","患者现在处于深度昏迷状态。","tatoeba:1804144/8743959","CC BY 2.0 FR"
"profound","If a person doesn't have a strong will, he will be unable to embrace profound wisdom.","如果一个人没有坚强的意志，那么他也不会拥有高深的智慧。","tatoeba:5896555/1185732","CC BY 2.0 FR"
"progressive","The grammatical form employed here is the present progressive.","在这儿使用的语法形式是现在进行时。","tatoeba:329515/8749651","CC BY 2.0 FR"
"prohibit","Who would prohibit such a thing?","谁会禁止这样的事情呢？","tatoeba:10742657/10742655","CC BY 2.0 FR"
"project","This is my project.","這是我的項目。","tatoeba:2648005/5673825","CC BY 2.0 FR"
"project","The project is ongoing.","该项目正在进行中。","tatoeba:7964846/8563442","CC BY 2.0 FR"
"project","How's your project going?","你的项目进展得怎么样？","tatoeba:9684795/8792027","CC BY 2.0 FR"
"prominent","Prominent figures in the literary world gathered together last night.","知名文学界人士昨晚齐聚一堂。","tatoeba:13990014/345730","CC BY 2.0 FR"
"promising","He is a promising youth.","他是个有为的青年。","tatoeba:304447/432999","CC BY 2.0 FR"
"promising","He is a promising student.","他是一位有前途的学生。","tatoeba:1565835/1565682","CC BY 2.0 FR"
"promising","He is a promising young man.","他是个有为的青年。","tatoeba:300724/432999","CC BY 2.0 FR"
"promote","They implemented a communication policy so as to promote their new concept.","他们到位了实行新概念的广告策略。","tatoeba:863167/862672","CC BY 2.0 FR"
"prone","Taiwan is prone to earthquakes.","台灣容易發生地震。","tatoeba:13247816/13259736","CC BY 2.0 FR"
"proof","We have no proof.","我們沒有証據。","tatoeba:2549212/10351916","CC BY 2.0 FR"
"proof","Mary wanted proof.","玛丽想要证据。","tatoeba:2867178/9958283","CC BY 2.0 FR"
"proof","We don't have any proof.","我們沒有証據。","tatoeba:2401253/10351916","CC BY 2.0 FR"
"propaganda","I'm in charge of the propaganda.","宣传由我来负责。","tatoeba:812453/812454","CC BY 2.0 FR"
"propaganda","Elon Musk embodies the conservative propaganda tactic of calling everyone who crosses you a pedophile.","伊隆馬斯克將「凡是與你作對的人都是戀童癖」這一保守派慣用的抹黑手法發揮得淋漓盡致。","tatoeba:11319212/13884923","CC BY 2.0 FR"
"propaganda","The ""anti-woke"" propaganda being imported into your country's media comes straight from actual fascists.","你們國家媒體中輸入的「反覺醒」宣傳，是直接來自真正的法西斯的。","tatoeba:11451337/13556600","CC BY 2.0 FR"
"property","This is my property.","這是我的財產。","tatoeba:895085/757489","CC BY 2.0 FR"
"property","I entrusted my property to him.","我把我的财产托付给他。","tatoeba:285067/783005","CC BY 2.0 FR"
"property","That tree is on Tom's property.","那樹是湯姆的財産。","tatoeba:5849178/6325101","CC BY 2.0 FR"
"proposition","An interesting proposition is raised in your book.","你书中提出了个有意思的命题。","tatoeba:11553576/9969197","CC BY 2.0 FR"
"prose","He isn't a poet; he's a prose writer.","他不是诗人；他写的是散文。","tatoeba:298219/799239","CC BY 2.0 FR"
"prose","Our beloved father would read us some prose every week to better our understanding of the world's beauty.","我們親愛的父親每週都會給我們閱讀散文，好讓我們認識到世界的美好之處。","tatoeba:11274676/10260063","CC BY 2.0 FR"
"prosperous","The city is becoming more and more prosperous.","这个城市越来越繁盛了。","tatoeba:12568782/12568779","CC BY 2.0 FR"
"prosperous","Shanghai is so prosperous; notably it was after the port was opened for trade one hundred and sixty years ago that things started to change.","上海那么繁荣，主要是一百六十年前开埠以后发生的变化。","tatoeba:7251756/421226","CC BY 2.0 FR"
"protest","American workers began to protest.","美国的工人开始抗议。","tatoeba:805252/10188034","CC BY 2.0 FR"
"protest","Their small protest triggered a mass demonstration.","他們小型的示威引發了一場大規模的遊行。","tatoeba:305225/1241912","CC BY 2.0 FR"
"protest","The school won't turn on the air conditioning, so the students are going to throw their hot water flasks off of the balcony in protest.","学校不给开空调，学生们就会从阳台上扔热水瓶抗议。","tatoeba:4728813/1759596","CC BY 2.0 FR"
"provided","I provided him with food.","我提供了他食物。","tatoeba:285102/810590","CC BY 2.0 FR"
"provided","Training will be provided.","会有训练。","tatoeba:4501576/5670733","CC BY 2.0 FR"
"provided","Materials will be provided.","材料将被提供。","tatoeba:4501574/11240799","CC BY 2.0 FR"
"provoke","Don't provoke me.","别惹我了。","tatoeba:2184756/2184750","CC BY 2.0 FR"
"proximity","The space probe Lucy is expected to arrive in 2025 to the proximity of the asteroid Donaldjohanson.","太空探測器露西預計將於 2025 年抵達小行星唐納德約翰遜附近。","tatoeba:11358517/13175418","CC BY 2.0 FR"
"proximity","Blind people sometimes develop a compensatory ability to sense the proximity of objects around them.","某些失明者会产生一个弥补性的能力，这个能力让他们察觉到他们与离他们很近的物体的距离。","tatoeba:1965/457033","CC BY 2.0 FR"
"prune","Ziri showed Rima how to properly prune her palm trees.","齊里向里瑪示範如何正確修剪棕櫚樹。","tatoeba:10532895/13867665","CC BY 2.0 FR"
"psychiatrist","Mahfoud Boucebci was a great Kabyle psychiatrist murdered by Islamist terrorism in 1993.","馬哈福德布塞布奇是偉大的卡拜爾心理醫師，於 1993 年遭伊斯蘭恐怖分子謀殺。","tatoeba:7364060/13109178","CC BY 2.0 FR"
"psychological","Those selected will have to face extensive medical and psychological tests.","被选上的将会面临大量的医学和精神测试。","tatoeba:1731/501706","CC BY 2.0 FR"
"pudding","Here's your pudding.","这是你的布丁。","tatoeba:34125/8761486","CC BY 2.0 FR"
"pudding","This is your pudding.","这是你的布丁。","tatoeba:10657427/8761486","CC BY 2.0 FR"
"pudding","Did you just eat forty servings of pudding?","你刚刚吃了四十份布丁吗？","tatoeba:8634809/8634849","CC BY 2.0 FR"
"pumpkin","I like to drink pumpkin soup.","我喜歡喝南瓜湯。","tatoeba:5573356/5401363","CC BY 2.0 FR"
"purchase","I would like to purchase some boots.","我想买些靴子。","tatoeba:34403/336688","CC BY 2.0 FR"
"purchase","They are saving their money for the purchase of a house.","他們在儲錢買房子。","tatoeba:306243/340121","CC BY 2.0 FR"
"purchase","You cannot purchase this medicine without a prescription.","那个药的话没有处方是买不到的。","tatoeba:5992302/8700794","CC BY 2.0 FR"
"pursue","Some people pursue only pleasure.","有些人只追求快乐。","tatoeba:22297/336696","CC BY 2.0 FR"
"pursue","The police will pursue her for a long time.","警察会追捕她很长时间。","tatoeba:1305885/1305882","CC BY 2.0 FR"
"pursue","She especially likes to pursue questions till the very end.","她呢就是喜欢打破沙锅问到底。","tatoeba:9400901/693912","CC BY 2.0 FR"
"pursuit","In fact, love is the only genuinely precious thing in life; it's also the only thing worthy of pursuit.","其實愛情是人生唯一的、真正珍貴的；也是唯一的、真正值得追求的東西。","tatoeba:735271/735268","CC BY 2.0 FR"
"quart","I want a quart of milk.","我要一夸脫的牛奶。","tatoeba:19459/864272","CC BY 2.0 FR"
"queer","He has queer ideas.","他有着奇妙的想法。","tatoeba:1046758/3630238","CC BY 2.0 FR"
"queer","Tom identifies as queer.","汤姆认为是酷儿。","tatoeba:4435132/8853807","CC BY 2.0 FR"
"queer","He is really a queer fellow!","他可真是個怪人！","tatoeba:290175/12963964","CC BY 2.0 FR"
"quench","Do you have a drink to help quench my thirst?","你有没有什么喝的给我解渴吗？","tatoeba:7816295/1424386","CC BY 2.0 FR"
"quest","Gulliver traveled in quest of adventure.","格列佛为寻求探险而旅行。","tatoeba:63514/1394899","CC BY 2.0 FR"
"racial","Garvey speaks up for racial pride.","Garvey毫无保留地宣扬种族主义。","tatoeba:270377/1397025","CC BY 2.0 FR"
"racial","He's opposed to racial discrimination.","他反对种族歧视。","tatoeba:600855/464747","CC BY 2.0 FR"
"racial","He fought against racial discrimination.","他反对种族歧视。","tatoeba:300140/464747","CC BY 2.0 FR"
"racket","How much is this racket?","這塊球拍多少錢？","tatoeba:60367/501206","CC BY 2.0 FR"
"racket","Choose your favorite racket.","選擇你喜歡的球拍。","tatoeba:17187/819473","CC BY 2.0 FR"
"racket","He hit the ball with his racket.","他用他的球拍擊球。","tatoeba:293331/876740","CC BY 2.0 FR"
"radical","What's radical today may be cliché tomorrow.","今天的激进也许是明天的老生常谈。","tatoeba:415427/415429","CC BY 2.0 FR"
"radical","She has a very radical opinion about the problem.","她對於這個問題有很激進的意見。","tatoeba:311425/338974","CC BY 2.0 FR"
"radical","The radical in the Chinese character for ""good"" is the character for ""woman"".","“好”的部首是女。","tatoeba:6900306/6900283","CC BY 2.0 FR"
"radius","Find the radius of the incircle of the triangle.","求三角形內切圓的半徑。","tatoeba:2570030/13861335","CC BY 2.0 FR"
"random","You are random.","你隨意。","tatoeba:7779326/6290249","CC BY 2.0 FR"
"random","He fired a shot at random.","他随便开了一枪。","tatoeba:291846/335081","CC BY 2.0 FR"
"random","Choose three books at random.","隨便選三本書。","tatoeba:36849/1179150","CC BY 2.0 FR"
"rank","He is immediately above me in rank.","他的軍階比我高一級。","tatoeba:298048/475207","CC BY 2.0 FR"
"rank","My brother’s in the army. He was just promoted to the rank of major.","我的哥哥在军队里.他刚刚被提升为少校.","tatoeba:2857879/2857894","CC BY 2.0 FR"
"rap","Do you like rap?","你喜欢说唱音乐吗？","tatoeba:2310/1776572","CC BY 2.0 FR"
"rap","I don't care a rap.","我一点也不在乎。","tatoeba:258661/1394987","CC BY 2.0 FR"
"rarely","She is rarely late.","她很少迟到。","tatoeba:497352/354513","CC BY 2.0 FR"
"rarely","She rarely goes out.","她很少出去。","tatoeba:1185341/354509","CC BY 2.0 FR"
"rarely","I'm rarely this angry.","我很少这么生气。","tatoeba:1211468/1201922","CC BY 2.0 FR"
"rash","I got a makeup-induced rash.","我因为化妆品皮肤过敏了。","tatoeba:427030/426897","CC BY 2.0 FR"
"rational","His argument is rational.","他的观点是合理的。","tatoeba:285874/912637","CC BY 2.0 FR"
"rational","Maintain rational thought.","保持理性的思维。","tatoeba:7834033/1779287","CC BY 2.0 FR"
"reaction","Let's see what the reaction is.","看看反應如何。","tatoeba:13341960/13861308","CC BY 2.0 FR"
"reaction","What kind of reaction did you have when he came looking for you?","他来找你的时候，当时你是什么反应？","tatoeba:3060486/3060485","CC BY 2.0 FR"
"readily","Although Hiroko dislikes cigarette smoke, she readily goes out drinking with friends.","虽然弘子不喜欢香烟的烟雾，她却乐意和朋友出去喝酒。","tatoeba:34451/1394850","CC BY 2.0 FR"
"readily","People will accept your idea much more readily if you tell them Benjamin Franklin said it first.","如果你告訴他們富蘭克林是第一個這麼說的, 人們會更樂意接受你的想法。","tatoeba:2341/771905","CC BY 2.0 FR"
"readily","We all know that blue-eyed red-heads are sensitive to sunshine, burning more readily than dark-skinned people.","我們都知道，藍眼睛紅頭髮的人對陽光敏感，比深色皮膚的人更容易曬傷。","tatoeba:4670380/13539348","CC BY 2.0 FR"
"realistic","Be realistic!","现实点！","tatoeba:1063982/5092420","CC BY 2.0 FR"
"realistic","Be realistic.","现实点！","tatoeba:3821244/5092420","CC BY 2.0 FR"
"realistic","Let's be realistic.","現實點吧。","tatoeba:2007801/6091801","CC BY 2.0 FR"
"reap","You reap what you sow.","种瓜得瓜，种豆得豆。","tatoeba:32882/333123","CC BY 2.0 FR"
"reap","As you sow, so will you reap.","种瓜得瓜，种豆得豆。","tatoeba:266082/333123","CC BY 2.0 FR"
"reap","As you sow, so shall you reap.","种瓜得瓜，种豆得豆。","tatoeba:406268/333123","CC BY 2.0 FR"
"rebel","Who doesn't love a rebel?","谁不喜欢反叛者呢？","tatoeba:405677/405680","CC BY 2.0 FR"
"rebellion","The army quelled the rebellion.","军队镇压了叛乱。","tatoeba:480044/463905","CC BY 2.0 FR"
"recall","I can't recall the last time we met.","我想不起來我們上次見面的情况了。","tatoeba:1954755/6728910","CC BY 2.0 FR"
"recall","I can't recall her name at the moment.","我突然想不起她的名字。","tatoeba:257621/363565","CC BY 2.0 FR"
"recall","I recall less and less of my childhood.","我对童年的记忆越来越模糊了.","tatoeba:246027/342109","CC BY 2.0 FR"
"recede","My memory of her has begun to recede.","我對於她的記憶開始消散。","tatoeba:314307/5405480","CC BY 2.0 FR"
"recede","She had begun to recede in my memory.","她開始在我的記憶中消散。","tatoeba:314308/5405483","CC BY 2.0 FR"
"receipt","Have you a receipt?","你有没有收据？","tatoeba:397449/397448","CC BY 2.0 FR"
"receipt","I'd like a receipt, please.","麻煩我要一張收據。","tatoeba:325901/835852","CC BY 2.0 FR"
"receipt","I lost my receipt and had to call customer service at both IKEA and the bank.","我遺失了收據，不得不給 IKEA 和銀行的客服部門打電話。","tatoeba:11461347/13527815","CC BY 2.0 FR"
"reception","Reception in the cellar is very poor.","地下室裏的信號很差。","tatoeba:10633030/10634200","CC BY 2.0 FR"
"reception","My mobile doesn't have any reception.","我手機没信號。","tatoeba:11373077/11371523","CC BY 2.0 FR"
"reception","My cell phone doesn't have any reception.","我手機没信號。","tatoeba:10857146/11371523","CC BY 2.0 FR"
"recession","The unemployment rate went up to 5% because of the recession.","經濟不景氣失業率上升到了5％。","tatoeba:318602/904908","CC BY 2.0 FR"
"recession","Recession is a temporary falling off of business activity during a period when such activity is generally increasing.","经济萧条是一段时间内，当这样的经济活动普遍增长而造成的一种临时性的经济活动衰退。","tatoeba:29685/336867","CC BY 2.0 FR"
"recipe","This recipe is my grandmother's.","这是我奶奶的食谱。","tatoeba:4133555/10340680","CC BY 2.0 FR"
"recipe","This recipe requires acorn squash.","这个菜谱需要一些青南瓜。","tatoeba:5754008/13943490","CC BY 2.0 FR"
"recipe","The frog and I took turns guessing what the secret recipe was.","青蛙和我轮流猜了秘方是什么。","tatoeba:928612/928613","CC BY 2.0 FR"
"recipient","Don't flip-flop the addresses of the sender and recipient!","不要把寄件人、收件人地址的姓名填反了！","tatoeba:13803770/420558","CC BY 2.0 FR"
"recite","His daughter is able to recite a lot of poems.","他的女儿能背诵很多诗。","tatoeba:867949/867947","CC BY 2.0 FR"
"recite","What I hate most of all is having to recite texts from memory.","我最讨厌背诵课文了。","tatoeba:7829891/1750554","CC BY 2.0 FR"
"reckless","It was reckless of her to trust him.","她比较鲁莽的相信了他。","tatoeba:2940571/3780484","CC BY 2.0 FR"
"reckless","Reckless driving can easily lead to an accident.","鲁莽的开车容易造成交通事故","tatoeba:2311489/2298533","CC BY 2.0 FR"
"reckless","If you swear reckless oaths, lightning will strike you.","乱发誓会遭雷劈的。","tatoeba:14003279/14003270","CC BY 2.0 FR"
"reckon","I reckon he will be back soon.","我想他会很快回来的。","tatoeba:4757710/4757654","CC BY 2.0 FR"
"recognition","Recognition fuels progress.","認同推動進步。","tatoeba:12766662/13180238","CC BY 2.0 FR"
"recognition","He gave me a smile of recognition.","他給了我一個認可的微笑。","tatoeba:297747/805224","CC BY 2.0 FR"
"recognition","She gave me a smile of recognition.","她給了我一個認可的微笑。","tatoeba:249547/805222","CC BY 2.0 FR"
"recognize","Do you recognize it?","你認得它嗎？","tatoeba:3439466/12086894","CC BY 2.0 FR"
"recognize","I don't recognize anyone.","我誰也不認識。","tatoeba:1538327/13807605","CC BY 2.0 FR"
"recognize","We didn't recognize each other.","我們没認出對方。","tatoeba:5774493/11374788","CC BY 2.0 FR"
"reconcile","I would rather kill myself than reconcile myself to my fate.","与其向命运妥协，我宁可自杀。","tatoeba:26538/623217","CC BY 2.0 FR"
"recover","He'll recover.","他會痊癒的。","tatoeba:8477254/13210565","CC BY 2.0 FR"
"recover","Business will recover soon.","事业会很快重振。","tatoeba:237946/5555553","CC BY 2.0 FR"
"recover","You will recover very soon.","你很快就會康復的。","tatoeba:11698355/10305851","CC BY 2.0 FR"
"recovery","I wish you a speedy recovery!","祝你早日痊愈!","tatoeba:1304730/1304727","CC BY 2.0 FR"
"recovery","I wish you a speedy recovery.","祝你早日痊愈!","tatoeba:5168857/1304727","CC BY 2.0 FR"
"recovery","There is no hope of his recovery.","他沒有希望痊癒了。","tatoeba:283478/900724","CC BY 2.0 FR"
"recreation","People who cannot find time for recreation are obliged sooner or later to find time for illness.","没工夫休息的人，早晚会有工夫生病的。","tatoeba:7773938/7774415","CC BY 2.0 FR"
"recruit","The plan is to recruit 5 Java engineers before the end of next month.","计划是在下月底之前招聘5名Java工程师。","tatoeba:2938675/2938674","CC BY 2.0 FR"
"recycle","We must make the utmost effort to reduce the use of plastic packaging, and also to recycle all waste plastic.","我们应该尽我们最大的努力减少塑料包装的使用，并回收所有的塑料废物。","tatoeba:736854/736853","CC BY 2.0 FR"
"redundant","I'm sorry to have to tell you that you've been made redundant.","非常不幸地通知您，您被辞退了。","tatoeba:10540342/1501780","CC BY 2.0 FR"
"reel","The films shown in this modest cinema had an intermission during which the projectionist changed the reel.","這座規模不大的電影院在放映影片時會有一段中場休息，期間放映師負責換片。","tatoeba:8893124/13913226","CC BY 2.0 FR"
"referee","They seemed to offend the referee.","他们似乎得罪了裁判。","tatoeba:7767804/7015501","CC BY 2.0 FR"
"referee","The referee blew the whistle and called a hand ball on him.","裁判吹响了口哨，判定他手球。","tatoeba:3579530/3579529","CC BY 2.0 FR"
"referee","The referee blew his whistle twice to tell everyone it was full-time.","裁判吹哨两次，向大家宣布已经终场。","tatoeba:3579524/3579522","CC BY 2.0 FR"
"reference","Anonymity or detailed reference are both fine.","不留名或详细的参考什么都可以。","tatoeba:827108/827105","CC BY 2.0 FR"
"reference","I'll keep this information handy for future reference.","我會將這則資訊記下來，以便未來參考。","tatoeba:13151221/13151233","CC BY 2.0 FR"
"reference","Pei-rong, can I take a look at your report for reference?","佩蓉，你那份報告可以借我參考一下嗎？","tatoeba:13523801/13523777","CC BY 2.0 FR"
"reflect","Reflect and respond.","反思並回應。","tatoeba:12669556/13244332","CC BY 2.0 FR"
"reflect","The manners and customs of a country reflect its culture.","一个国家的风俗习惯反映了它的文化。","tatoeba:67247/344419","CC BY 2.0 FR"
"reform","I support political reform.","我支持政治改革。","tatoeba:7819964/5384769","CC BY 2.0 FR"
"reform","I am against political reform.","我反對政治改革。","tatoeba:7784664/5384768","CC BY 2.0 FR"
"reform","He proposed a reform in the educational system.","他提议对教育系统进行改革。","tatoeba:295342/8655644","CC BY 2.0 FR"
"refrain","She could not refrain from tears.","她不得不哭。","tatoeba:317473/1740904","CC BY 2.0 FR"
"refrain","Please refrain from disturbing me.","請不要打擾我。","tatoeba:6534878/876387","CC BY 2.0 FR"
"refrain","Please refrain from smoking in the elevator.","電梯內不准吸煙。","tatoeba:10651489/523893","CC BY 2.0 FR"
"refresh","Moderate exercise will refresh both mind and body.","适度的运动让身心焕然一新。","tatoeba:278714/10460424","CC BY 2.0 FR"
"refuge","My room is an inviolable refuge.","我的房間是不可侵犯的避難所。","tatoeba:251785/788827","CC BY 2.0 FR"
"refuge","We took refuge from the storm in a nearby barn.","为躲避风暴，我们躲到了附近的一个谷仓内。","tatoeba:325314/2298341","CC BY 2.0 FR"
"refund","Can I get a refund for this train ticket?","這張火車票能報銷嗎？","tatoeba:5924925/5924726","CC BY 2.0 FR"
"refund","I had words with the manager of that store, because he refused to refund my money for the TV set that wasn't operating properly.","我找商店经理谈了话，因为他拒绝为那不能用的电视退钱。","tatoeba:252960/736542","CC BY 2.0 FR"
"refusal","I interpreted her silence as a refusal.","我認為她的沉默就是表示拒絕。","tatoeba:261297/889599","CC BY 2.0 FR"
"refusal","Tom's bout with diarrhea was foreordained due to Mary's refusal to clean any cookware.","瑪麗拒絕洗炊具，湯姆注定會鬧肚子。","tatoeba:10890272/13908419","CC BY 2.0 FR"
"refute","Then, you can refute it.","那你就可以反駁他。","tatoeba:5733652/13876586","CC BY 2.0 FR"
"refute","Nobody can refute that fact.","誰也不能否定其事實。","tatoeba:7766335/7752874","CC BY 2.0 FR"
"refute","I won't try to refute your theses.","我不打算反駁你的論點。","tatoeba:5711369/13876601","CC BY 2.0 FR"
"regime","His regime is bound to collapse.","他的政权必定会崩溃。","tatoeba:286949/332676","CC BY 2.0 FR"
"region","It is an arid region, almost a desert.","这是片干燥地区，几乎是一片荒漠。","tatoeba:4817809/10011733","CC BY 2.0 FR"
"region","A string of disasters struck the region.","一連串的災難襲擊這個地區。","tatoeba:244189/797066","CC BY 2.0 FR"
"region","India is a region rich in culinary culture.","印度是一个烹饪文化丰富的地区。","tatoeba:2898132/487621","CC BY 2.0 FR"
"register","Can I register for that class?","我可以登記這堂課嗎？","tatoeba:2738934/5422702","CC BY 2.0 FR"
"register","You need to register by Monday.","你需要在星期一前註冊。","tatoeba:4501098/5422705","CC BY 2.0 FR"
"register","I'm going to register at a gym.","我去註冊一家健身房。","tatoeba:7156267/6999507","CC BY 2.0 FR"
"regulation","From today on this regulation is history.","從今天開始，這項規定成為了歷史。","tatoeba:12225048/6146028","CC BY 2.0 FR"
"rehearsal","Tomorrow there will be no normal lessons, in view of the athletic meet rehearsal.","明天是运动会的排练，没有往常的课程。","tatoeba:533370/6484853","CC BY 2.0 FR"
"reign","It is generally believed that Buddhism first came to China in 67 A.D. during the reign of Emperor Mingdi of the Eastern Han Dynasty.","普遍认为佛教公元六七年在东汉明帝的统治时先来中国。","tatoeba:898035/898032","CC BY 2.0 FR"
"rejoice","I rejoice in your success.","我为你的成功感到高兴。","tatoeba:70902/1415731","CC BY 2.0 FR"
"relative","Time is relative.","時間是相對的。","tatoeba:6311022/13199809","CC BY 2.0 FR"
"relative","Wealth is relative.","財富是相對的。","tatoeba:2662467/13199812","CC BY 2.0 FR"
"relative","Everything is relative.","一切事物皆是相對的。","tatoeba:1869625/13199813","CC BY 2.0 FR"
"release","Release him.","放开他。","tatoeba:1841180/5092602","CC BY 2.0 FR"
"release","Is death the only release?","死是唯一的解脱吗？","tatoeba:246340/333959","CC BY 2.0 FR"
"release","Don't release that prisoner.","別放了那箇犯人。","tatoeba:2270525/6131463","CC BY 2.0 FR"
"relevant","That would be relevant.","那可能有關係。","tatoeba:2891967/5969430","CC BY 2.0 FR"
"relevant","I thought his opinion was relevant.","我認為他的意見很中肯。","tatoeba:403305/849826","CC BY 2.0 FR"
"relevant","Comments must be relevant to the topic.","评论要与主题相关。","tatoeba:3300215/7771971","CC BY 2.0 FR"
"reliable","You're reliable.","你很可靠。","tatoeba:1691831/1692199","CC BY 2.0 FR"
"reliable","This man is not reliable.","这个人靠不住的。","tatoeba:1750564/1750560","CC BY 2.0 FR"
"reliable","They aren't very reliable, are they?","他们不是很可靠，是吗？","tatoeba:7441239/8589278","CC BY 2.0 FR"
"relief","She gave out a sigh of relief.","她鬆了一口氣。","tatoeba:312489/805103","CC BY 2.0 FR"
"relief","I sighed with relief to hear it.","我听到消息松了一口气。","tatoeba:41766/1397332","CC BY 2.0 FR"
"relief","Who is to say this isn't a relief?","这何尝不是一种解脱？","tatoeba:11545902/10021292","CC BY 2.0 FR"
"relieve","How do you relieve stress?","你怎么释放压力？","tatoeba:9955799/9955800","CC BY 2.0 FR"
"relieve","I exercise to relieve stress.","我通过运动来缓解压力。","tatoeba:9956959/9956961","CC BY 2.0 FR"
"relieve","Let me relieve you of your suitcase.","讓我替你拿手提箱。","tatoeba:52367/781197","CC BY 2.0 FR"
"religion","Why is religion necessary?","为什么宗教是必要的？","tatoeba:8271916/10192307","CC BY 2.0 FR"
"religion","I don't follow any religion.","我不信宗教。","tatoeba:12643063/769836","CC BY 2.0 FR"
"religion","Making money is his religion.","挣钱是他的宗教。","tatoeba:18569/10192308","CC BY 2.0 FR"
"religious","He is not religious.","他不信教。","tatoeba:1265295/462045","CC BY 2.0 FR"
"religious","You can't really be Algerian and not religious.","只要是阿尔及利亚人，不信教是不可能的。","tatoeba:8248686/13050417","CC BY 2.0 FR"
"religious","I'm a deeply religious man and believe in life after death.","我是一個虔誠的教徒，我相信死後的生命。","tatoeba:258759/583743","CC BY 2.0 FR"
"reluctant","Tom is reluctant to talk about it.","湯姆不太願意談這件事。","tatoeba:6258793/13854225","CC BY 2.0 FR"
"rely","You can rely on him.","你可以依靠他。","tatoeba:9905/1780770","CC BY 2.0 FR"
"rely","We can rely on his judgement.","我們可以信賴他的判斷。","tatoeba:22732/802022","CC BY 2.0 FR"
"rely","Don't rely too much on others.","别老依赖别人。","tatoeba:67674/2031426","CC BY 2.0 FR"
"remain","Please remain calm.","請保持冷靜。","tatoeba:1225118/1399251","CC BY 2.0 FR"
"remain","Only two days remain.","只剩下两天了。","tatoeba:8160397/939892","CC BY 2.0 FR"
"remain","Words fly, texts remain.","說話就如過眼雲煙，文字卻能流傳千古。","tatoeba:664069/1752450","CC BY 2.0 FR"
"remedy","Smiling is the best remedy for negative emotions.","笑容是壞心情的最佳藥方。","tatoeba:12080315/4455633","CC BY 2.0 FR"
"remote","Hand me the remote.","把遥控器递给我。","tatoeba:1522624/8589622","CC BY 2.0 FR"
"remote","Give me back the remote!","把遙控器還給我！","tatoeba:10558933/10563986","CC BY 2.0 FR"
"remote","It's quite a remote spot.","那个位置很偏僻。","tatoeba:13713955/11706409","CC BY 2.0 FR"
"renaissance","With Renaissance, scholastic ideas gave place to positive ideas.","隨著文藝復興，學院派的想法被積極的想法取而代之了。","tatoeba:809876/810029","CC BY 2.0 FR"
"repay","I must repay the debt.","我得還債。","tatoeba:258421/5617152","CC BY 2.0 FR"
"repay","Repay your sins with your life.","納命來贖罪。","tatoeba:13161039/13519312","CC BY 2.0 FR"
"repay","Lend money only to such as will repay it.","只借錢給會還錢的人。","tatoeba:64586/350660","CC BY 2.0 FR"
"repertoire","Her repertoire on the piano is not very large, but she has learned every piece by heart.","虽然在钢琴上她的造诣不是很深，但是她勤而好学。","tatoeba:2366882/2432799","CC BY 2.0 FR"
"represent","The blue lines on the map represent rivers.","地图上的蓝线代表河流。","tatoeba:277229/835557","CC BY 2.0 FR"
"represent","The red lines on the map represent a railway.","地圖上的紅線代表鐵路。","tatoeba:470840/470882","CC BY 2.0 FR"
"represent","He was accredited to the United States to represent Japan.","他被任命为驻美日本大使。","tatoeba:301570/4104704","CC BY 2.0 FR"
"reputation","He has a good reputation.","他的名声很好。","tatoeba:303085/718424","CC BY 2.0 FR"
"reputation","Tom has a bad reputation.","Tom的名声不好。","tatoeba:1025516/1928570","CC BY 2.0 FR"
"reputation","I'll stake my reputation on it.","我赌上我的名声。","tatoeba:3728386/5624893","CC BY 2.0 FR"
"resemblance","The resemblance between Sean and Conner is striking!","Sean 和 Conner 長得真像！","tatoeba:327049/349867","CC BY 2.0 FR"
"resemblance","I was surprised at his strong resemblance to his father.","他像极了他父亲，这让我震惊。","tatoeba:398831/1397359","CC BY 2.0 FR"
"resemblance","No matter how close the resemblance, there's always a difference.","事物无论多相似还是会有点差异的。","tatoeba:10275283/10265795","CC BY 2.0 FR"
"resent","Why do you resent me?","你为什么恨我？","tatoeba:3822513/8589273","CC BY 2.0 FR"
"reservation","Tom has a reservation.","汤姆有预约。","tatoeba:1177490/5983689","CC BY 2.0 FR"
"reservation","Do I need a reservation?","我需要預約位子嗎?","tatoeba:3710663/3710662","CC BY 2.0 FR"
"reservation","I'd like a hotel reservation.","我想要订房。","tatoeba:33360/794165","CC BY 2.0 FR"
"reserve","I want to reserve a room.","我想預定一個房間。","tatoeba:1020024/1020025","CC BY 2.0 FR"
"reserve","I'd like to reserve a hotel room.","我想要订房。","tatoeba:599205/794165","CC BY 2.0 FR"
"reserve","I'd like to reserve a single room.","我想預訂一間單人房。","tatoeba:52465/894047","CC BY 2.0 FR"
"residential","Please write down your residential address and home number.","请写下住址和家庭电话。","tatoeba:7795828/1490471","CC BY 2.0 FR"
"resign","I resign.","我放弃。","tatoeba:731590/5102250","CC BY 2.0 FR"
"resign","She decided to resign.","她決定辭職了。","tatoeba:521662/824635","CC BY 2.0 FR"
"resign","My boss was forced to resign.","我的上司被逼迫辞职。","tatoeba:251220/3065605","CC BY 2.0 FR"
"resolve","I hope they can resolve it amicably.","我希望他们能和平地解决。","tatoeba:13732593/8775779","CC BY 2.0 FR"
"resolve","If you don't resolve to become a good man, then you just won't get a good woman.","如果你沒決心做好男人,那你就得不到好女人。","tatoeba:735227/735184","CC BY 2.0 FR"
"resolve","Only when the Party Committee Secretary came in person to resolve it was this point of view dispelled entirely.","直到党委书记出面加以解释，才算打消了这种想法。","tatoeba:2367450/2367446","CC BY 2.0 FR"
"resort","Hawaii is a popular tourist resort.","夏威夷是一个大众化旅游圣地。","tatoeba:34964/770859","CC BY 2.0 FR"
"resort","Karuizawa is famous as a summer resort.","輕井澤是著名的避暑勝地。","tatoeba:238417/797041","CC BY 2.0 FR"
"resort","When only death remains, the last resort is to beg for food.","除死无大事，讨饭到了家。","tatoeba:997785/997589","CC BY 2.0 FR"
"respective","Go to your respective seats.","請回到你們各自的座位。","tatoeba:21752/372123","CC BY 2.0 FR"
"respond","Respond.","回答。","tatoeba:3077876/10983902","CC BY 2.0 FR"
"respond","Did Tom respond?","汤姆有回应了吗？","tatoeba:2235681/4885087","CC BY 2.0 FR"
"respond","Reflect and respond.","反思並回應。","tatoeba:12669556/13244332","CC BY 2.0 FR"
"response","I'm sorry for the late response.","我很抱歉回复晚了。","tatoeba:1039687/4468894","CC BY 2.0 FR"
"response","She made no response to my question.","她沒有回答我的問題。","tatoeba:251061/801944","CC BY 2.0 FR"
"response","Too bad I didn't wait for your response before I added the sentences.","我没在等到你的回应之前添加了句子，真是糟糕。","tatoeba:2003081/5624936","CC BY 2.0 FR"
"responsible","I'm responsible for that.","我对此负有责任。","tatoeba:2904404/7772147","CC BY 2.0 FR"
"responsible","We're partly responsible.","我們對此有一定的責任。","tatoeba:10515995/10518661","CC BY 2.0 FR"
"responsible","I am responsible for that.","我对此负有责任。","tatoeba:7427052/7772147","CC BY 2.0 FR"
"restrain","You should learn to restrain yourself.","你應該學習控制自己的情緒。","tatoeba:16033/406578","CC BY 2.0 FR"
"resume","I asked the company for his resume.","我向他公司询问了他的经历。","tatoeba:403300/2032295","CC BY 2.0 FR"
"resume","I don't worry so much about my resume.","我對自己的履歷不那麼在意。","tatoeba:541016/8679963","CC BY 2.0 FR"
"reunion","Tom went to Australia for a family reunion.","湯姆去澳大利亞與家人團聚。","tatoeba:7149909/13117588","CC BY 2.0 FR"
"reunion","This means that eating dumplings on New Year's eve is a symbol of family reunion.","说明年夜饭的饺子是亲人团聚的象征。","tatoeba:757006/757003","CC BY 2.0 FR"
"reveal","Who is able to reveal the mysteries of the sea?","谁能揭开海洋的奥秘？","tatoeba:401544/5574498","CC BY 2.0 FR"
"reveal","Adversity and prosperity reveal one's breadth of mind; joy and anger test one's self-restraint.","逆境顺境看襟度，临喜临怒看涵养。","tatoeba:13277876/2555520","CC BY 2.0 FR"
"revenge","Tom wanted revenge.","湯姆想報仇。","tatoeba:1092536/6093363","CC BY 2.0 FR"
"revenge","You killed my father. Today, I want revenge.","你杀了我的父亲，今天我要报仇。","tatoeba:7782281/1514210","CC BY 2.0 FR"
"revenge","They set fire to their neighbor's house in revenge.","為了報仇，他們放火燒了鄰居的家。","tatoeba:9145785/1227115","CC BY 2.0 FR"
"revenue","Many websites are supported by revenue from advertising.","許多網站都是靠廣告收入來維持的。","tatoeba:5277798/13526166","CC BY 2.0 FR"
"reverse","He did the reverse of what I asked.","他做的和我要求的相反。","tatoeba:297317/8605871","CC BY 2.0 FR"
"reverse","You need to reverse your vest. It's inside-out!","背心反了， 要翻一個面。","tatoeba:10548221/8356145","CC BY 2.0 FR"
"reverse","You need to reverse your vest, it's back to front.","背心反了， 要翻一個面。","tatoeba:34010/8356145","CC BY 2.0 FR"
"revive","You'll never be able to revive someone who is only pretending to be dead.","你永远都无法救活一个装死的人。","tatoeba:2229502/2221203","CC BY 2.0 FR"
"revolutionary","The statue of the Minute Man commemorates the valiant soldiers who fought in the Revolutionary War.","民兵雕像是为了纪念独立战争中英勇作战的士兵。","tatoeba:2001/503015","CC BY 2.0 FR"
"revolve","The planets revolve around the sun.","行星繞著太陽轉。","tatoeba:326589/869956","CC BY 2.0 FR"
"revolve","The world doesn't revolve around you.","世界不是围着你转的。","tatoeba:2101/503197","CC BY 2.0 FR"
"reward","No risk, no reward.","没有挑战就没有收获。","tatoeba:2119616/8715858","CC BY 2.0 FR"
"reward","Let's split the reward fifty-fifty.","讓我們平分這個報酬吧。","tatoeba:320973/835767","CC BY 2.0 FR"
"reward","He is entitled to receive the reward.","他有权得到奖励。","tatoeba:291268/9959101","CC BY 2.0 FR"
"rhythm","It's a slow Oriental rhythm.","這是舒緩的東方節奏。","tatoeba:1953313/14007081","CC BY 2.0 FR"
"ridiculous","Ridiculous!","荒唐！","tatoeba:695668/12880269","CC BY 2.0 FR"
"ridiculous","Ridiculous.","真滑稽。","tatoeba:11180419/13142067","CC BY 2.0 FR"
"ridiculous","It was ridiculous.","滑稽可笑。","tatoeba:2248877/11231383","CC BY 2.0 FR"
"rigorous","As I've already mentioned before, after a rigorous investigation, we have found nothing wrong with our company's management.","正如我之前提到的，经过严格的调查后，我们发现公司的管理层没有任何问题。","tatoeba:6744603/6744758","CC BY 2.0 FR"
"rim","Mary took an egg and cracked it open on the rim of the bowl.","瑪麗婭拿了一個雞蛋，並將它在碗沿上敲開。","tatoeba:9460356/9135860","CC BY 2.0 FR"
"ritual","The ritual was completed.","仪式完成了。","tatoeba:5856676/8753718","CC BY 2.0 FR"
"ritual","The sky cleared up after the ritual was over.","祭祀結束之後，天就晴了。","tatoeba:11545922/7497326","CC BY 2.0 FR"
"ritual","A sacred ritual took place in the magnificent temple.","一个神圣的仪式在庄严的庙宇中举行。","tatoeba:269693/332779","CC BY 2.0 FR"
"rival","Don't hold your rival cheap.","不要轻视了对手。","tatoeba:275283/933954","CC BY 2.0 FR"
"rival","He was hired away by a rival company.","他被竞争公司挖去了。","tatoeba:1440206/2076293","CC BY 2.0 FR"
"rival","Lincoln greeted his former political rival.","林肯向前政敌行礼。","tatoeba:4563723/5685910","CC BY 2.0 FR"
"robust","Full oxidation gives black tea its deep, robust flavor and dark amber color.","充分氧化反應賦予紅茶濃鬱醇厚的風味和深琥珀色。","tatoeba:12001342/13549587","CC BY 2.0 FR"
"romance","Romanian is a Romance language.","罗马尼亚语是一种罗曼语族的语言。","tatoeba:5370383/9971637","CC BY 2.0 FR"
"romance","Can you recommend a romance novel for me?","有什么言情小说推荐吗？","tatoeba:3448577/8806669","CC BY 2.0 FR"
"romance","The Romanian language is part of the Romance language family.","羅馬尼亞語屬於羅曼語族。","tatoeba:6142966/6142577","CC BY 2.0 FR"
"rot","Fruits tend to rot quickly.","水果一般不久就会腐烂。","tatoeba:23939/1737865","CC BY 2.0 FR"
"rot","This apple is starting to rot.","这个苹果开始腐烂了。","tatoeba:6900113/6884326","CC BY 2.0 FR"
"routine","Such questioning is routine police business.","这样讯问只是警察例行公事。","tatoeba:4555725/4549646","CC BY 2.0 FR"
"routine","Ten years after the wedding, everything is just routine.","婚姻走过十个年头一切只是例行公事。","tatoeba:4728334/4549645","CC BY 2.0 FR"
"royalty","Intel gets a huge royalty from the invention.","英特尔公司由那个发明取得着巨大的专利权收入","tatoeba:65734/2409695","CC BY 2.0 FR"
"ruin","Life's a ruin without you.","没有你的话，我的生命就毁灭了。","tatoeba:392269/392272","CC BY 2.0 FR"
"ruin","I think exams ruin education.","我认为考试破坏教育。","tatoeba:1230707/334155","CC BY 2.0 FR"
"ruin","He will eventually ruin himself.","他会最终毁了自己的。","tatoeba:277330/1394893","CC BY 2.0 FR"
"sacred","Every day is a sacred day.","每天都是神聖的一天。","tatoeba:7782290/884682","CC BY 2.0 FR"
"sacred","Cows are sacred animals in India.","在印度，牛是一種神聖的動物。","tatoeba:9666913/10355206","CC BY 2.0 FR"
"sacred","In India, cows are sacred animals.","在印度，牛是一種神聖的動物。","tatoeba:1885725/10355206","CC BY 2.0 FR"
"sacrifice","""Intestinal fat"" is a kind of sacrifice.","“膟”是一種用牲法。","tatoeba:6293539/6159425","CC BY 2.0 FR"
"sacrifice","Would it be ethical to sacrifice one person to save many?","为了救许多人牺牲一个人是否道德？","tatoeba:652444/812366","CC BY 2.0 FR"
"sacrifice","He did not sacrifice his life, nor did he sell out his organization.","他没有牺牲生命，也没有出卖组织。","tatoeba:8932627/8709527","CC BY 2.0 FR"
"sake","For fuck's sake.","操他媽的。","tatoeba:13366901/13838905","CC BY 2.0 FR"
"sake","Art for art's sake.","為藝術而藝術。","tatoeba:349458/727778","CC BY 2.0 FR"
"sake","Tofu goes well with good sake.","豆腐配清酒很合適。","tatoeba:1133493/7980268","CC BY 2.0 FR"
"salvation","""God is our salvation,"" said the priest.","“天主是我们的救援。”，牧师说。","tatoeba:73627/604484","CC BY 2.0 FR"
"salvation","First Contact became humanity's salvation as it was at the brink of self-destruction.","在人類自我毀滅的邊緣，第一次接觸成了福音。","tatoeba:1468143/5576778","CC BY 2.0 FR"
"sample","The sample isn't pure enough.","样本不够纯净。","tatoeba:7492892/1787958","CC BY 2.0 FR"
"sample","The sample is not pure enough.","样本不够纯净。","tatoeba:1112077/1787958","CC BY 2.0 FR"
"sanction","It is necessary to obtain the sanction of the authorities to enter this building.","必須獲得有關當局的批准才能進入這座建築物。","tatoeba:59448/917890","CC BY 2.0 FR"
"scale","Please put your baggage on this scale.","请把你的行李放在这秤上。","tatoeba:23678/340642","CC BY 2.0 FR"
"scale","I want a map of Texas on a scale of 1 to 250000.","我想要一张1比250000的得克萨斯州的地图。","tatoeba:39574/473029","CC BY 2.0 FR"
"scale","On a scale from 1 to 10, how have you been feeling?","從一到十分，你最近感覺如何？","tatoeba:12475072/13863144","CC BY 2.0 FR"
"scandal","What a scandal!","真是個醜聞！","tatoeba:9795555/13139011","CC BY 2.0 FR"
"scandal","It was a national scandal.","这是一件全国性的丑闻。","tatoeba:1649988/2023315","CC BY 2.0 FR"
"scandal","That scandal cost him his reputation.","丑闻让他付出了失去声誉的代价。","tatoeba:50306/427625","CC BY 2.0 FR"
"scar","Will I have a scar?","我会留疤吗？","tatoeba:267343/5094118","CC BY 2.0 FR"
"scar","Tom has a scar on his cheek.","湯姆的臉頰上有一塊傷痕。","tatoeba:4016726/10514083","CC BY 2.0 FR"
"scar","The scar on his forehead is conspicuous.","他額頭上的疤痕很醒目。","tatoeba:285795/4506255","CC BY 2.0 FR"
"scatter","Scatter!","散開！","tatoeba:12506664/13111563","CC BY 2.0 FR"
"scatter","Don't scatter your things about.","不要把你的東西四處亂放。","tatoeba:64293/414813","CC BY 2.0 FR"
"scent","The scent of cedar repels moths.","雪松的氣味可以驅趕飛蛾。","tatoeba:5351565/13573855","CC BY 2.0 FR"
"scent","After washing, the cat's fur is soft and fluffy, and has a faint scent.","洗过澡后，猫咪的毛柔软又蓬松，还有淡淡的香味。","tatoeba:8932631/8701022","CC BY 2.0 FR"
"scent","On the country path, a gentle breeze blows, and the scent of night-blooming jasmine reminds one of childhood nights.","鄉間小路上，微風拂過，夜來香的香味讓人想起童年的夜晚。","tatoeba:13559264/13533996","CC BY 2.0 FR"
"schedule","We're behind schedule.","我们落后于原定计划。","tatoeba:2240805/9974944","CC BY 2.0 FR"
"schedule","We are behind schedule.","我们落后于原定计划。","tatoeba:1186660/9974944","CC BY 2.0 FR"
"schedule","May I have a bus schedule?","我可以有張公車的時刻表嗎？","tatoeba:35354/856397","CC BY 2.0 FR"
"scheme","He carried out the scheme faithfully.","他忠实地实行了该计划。","tatoeba:290732/2029327","CC BY 2.0 FR"
"scheme","Your help is indispensable for the success of the scheme.","沒有你幫忙，計劃就不能成功了。","tatoeba:48481/403772","CC BY 2.0 FR"
"scope","This is beyond the scope of my imagination.","這超出了我的想像範圍。","tatoeba:55613/781190","CC BY 2.0 FR"
"score","Damn, she's going to score.","壞了，她要得分了。","tatoeba:13557597/13504687","CC BY 2.0 FR"
"score","He got a better score than us.","他得到了比我们还高的分数。","tatoeba:402777/402781","CC BY 2.0 FR"
"score","I got a low score on the test.","测试我考了低分。","tatoeba:8359751/9415229","CC BY 2.0 FR"
"scrap","Please get me a scrap of paper.","請給我一張廢紙。","tatoeba:503026/893347","CC BY 2.0 FR"
"scrap","There is not a scrap of truth in his words.","他說的話沒有一句是真的。","tatoeba:286143/346852","CC BY 2.0 FR"
"scrape","Please scrape the skin off the potatoes.","請把馬鈴薯的皮削掉。","tatoeba:53188/874715","CC BY 2.0 FR"
"scrape","He uses a spatula to scrape off advertisements that were stuck on the ground.","他用鏟子刮掉黏在地上的廣告單。","tatoeba:10968747/13552275","CC BY 2.0 FR"
"scrape","I sold my house and furniture, together with my jewelry, in order to scrape together a half a million.","我卖了房子和家具，连同我的手饰一起才凑了五十万。","tatoeba:757347/757346","CC BY 2.0 FR"
"scratch","Have I got to do it from scratch?","我得從頭開始做嗎？","tatoeba:11982592/13807612","CC BY 2.0 FR"
"screw","Now all you have to do is tighten the screw, and Bob's your uncle.","現在你只要擰緊螺絲，就大功告成了。","tatoeba:5442735/13545651","CC BY 2.0 FR"
"screw","He drilled a hole in the wall, pushed a Rawlplug into it, screwed in a screw, and hung on the screw a picture of the Alps.","他在牆上鑽了個洞，把膨脹螺栓塞進去，擰上一顆螺絲，然後在螺絲上掛了一幅阿爾卑斯山的畫。","tatoeba:10558868/13575763","CC BY 2.0 FR"
"security","Call security!","叫保安来！","tatoeba:1682859/5092526","CC BY 2.0 FR"
"security","Is there a security problem?","有安全問題嗎？","tatoeba:6101743/13512173","CC BY 2.0 FR"
"security","Please get me hotel security.","请帮我叫宾馆保安。","tatoeba:33362/794185","CC BY 2.0 FR"
"semester","Second semester has ended.","第二學期結束了。","tatoeba:494252/771384","CC BY 2.0 FR"
"semester","I'm taking Spanish this semester.","我這學期修西班牙文。","tatoeba:241989/835379","CC BY 2.0 FR"
"semester","The new school semester has started.","新的學期開始了。","tatoeba:7822980/6316769","CC BY 2.0 FR"
"senator","The senator was censured by the congressional ethics committee.","议员受到了议会道德委员会的谴责。","tatoeba:640841/812281","CC BY 2.0 FR"
"sensation","The hair style of the Beatles created a sensation.","披头士的发型引起了轰动。","tatoeba:34863/333820","CC BY 2.0 FR"
"sensible","His advice is always very sensible.","他的忠告总是很明智。","tatoeba:287149/332936","CC BY 2.0 FR"
"sensible","It was sensible of you to follow her advice.","你聽從她的忠告是明智的。","tatoeba:71312/785149","CC BY 2.0 FR"
"sensible","A sensible man wouldn't say such a thing in public.","稍有頭腦的人都不會在公眾場合裏說出這種話來。","tatoeba:320014/1574173","CC BY 2.0 FR"
"sensitive","He is very sensitive.","他很敏感。","tatoeba:729951/729952","CC BY 2.0 FR"
"sensitive","I'm very sensitive to heat.","我對熱氣很敏感。","tatoeba:6873123/1180692","CC BY 2.0 FR"
"sensitive","I am very sensitive to heat.","我對熱氣很敏感。","tatoeba:258588/1180692","CC BY 2.0 FR"
"sentiment","Anti-Chinese sentiment is on the rise in Myanmar.","缅甸反华情绪正在增长。","tatoeba:3275886/3275885","CC BY 2.0 FR"
"serial","Betty is a serial killer.","贝蒂是连环杀手。","tatoeba:423490/1019304","CC BY 2.0 FR"
"serial","Tom had no idea Mary was a serial killer.","汤姆不知道玛丽是个连环杀手。","tatoeba:8186073/8638443","CC BY 2.0 FR"
"serial","Tom had no idea that Mary was a serial killer.","汤姆不知道玛丽是个连环杀手。","tatoeba:1042558/8638443","CC BY 2.0 FR"
"series","They gave a series of concerts.","他們辦了一系列的音樂會。","tatoeba:306172/818948","CC BY 2.0 FR"
"series","They watched a TV series tonight.","他们今晚看了电视连续剧。","tatoeba:13252876/1489522","CC BY 2.0 FR"
"series","I like watching Korean TV series.","我很喜歡看韓國的電視劇。","tatoeba:13252920/6952651","CC BY 2.0 FR"
"settle","Fighting won't settle anything.","打架解決不了問題。","tatoeba:239044/662794","CC BY 2.0 FR"
"settle","I need to settle in here first.","我需要先在這裡安頓下來。","tatoeba:13429045/13526201","CC BY 2.0 FR"
"settle","Alright, let's settle on that one!","對了，就用那個吧！","tatoeba:7856289/1670037","CC BY 2.0 FR"
"severe","He underwent severe criticism.","他被严历批评。","tatoeba:7765372/849516","CC BY 2.0 FR"
"severe","He was severe with his children.","他对自己的孩子很严格。","tatoeba:297156/343706","CC BY 2.0 FR"
"severe","That country has a severe climate.","那国家的气候很严峻。","tatoeba:47910/1408330","CC BY 2.0 FR"
"shabby","The room was empty except for a shabby bed.","房間除了一張破舊的床以外，就甚麼也沒有了。","tatoeba:44241/503161","CC BY 2.0 FR"
"shabby","In the end, we ended up eating at that shabby restaurant.","结果，我们在那破破烂烂的餐馆里吃了饭。","tatoeba:953977/2045069","CC BY 2.0 FR"
"shark","The skin of a shark is much rougher than that of a tuna fish.","鯊魚的皮比鮪魚的皮粗糙多了。","tatoeba:54018/1567823","CC BY 2.0 FR"
"shed","She shed tears.","她流淚了。","tatoeba:317479/10700112","CC BY 2.0 FR"
"shed","Tom hid in the shed.","汤姆躲在棚里。","tatoeba:8580457/8580985","CC BY 2.0 FR"
"shed","You need to shed some pounds.","你需要甩掉几磅。","tatoeba:8743427/8744746","CC BY 2.0 FR"
"sheer","It is a sheer waste of time.","這完全是浪費時間。","tatoeba:42273/918098","CC BY 2.0 FR"
"sheer","She put two pairs of sheer tights in the suitcase.","她在行李箱中放進了兩條褲襪。","tatoeba:6075489/6075267","CC BY 2.0 FR"
"shepherd","A shepherd drove his snow-covered goat into an abandoned cave to take shelter from the blizzard.","一个牧羊人把他一身白雪的山羊赶进被遗弃的山洞躲避暴风雪。","tatoeba:13556636/1582761","CC BY 2.0 FR"
"shipment","In case the shipment is delayed, we have special delay insurance.","万一船运迟了，我们有特别的迟到保险。","tatoeba:23689/812222","CC BY 2.0 FR"
"shove","Shove a stick up your ass.","把一根棍子塞进你的屁股里。","tatoeba:462426/8753766","CC BY 2.0 FR"
"shrink","Fruit that has been left for a long time will shrink.","水果放久了，就会萎縮。","tatoeba:7767713/1587783","CC BY 2.0 FR"
"shuttle","How long does it take for the airport shuttle to get to the airport?","穿梭班车到机场需要多长时间？","tatoeba:1315823/1316049","CC BY 2.0 FR"
"signal","Catch a signal.","收到一個信號。","tatoeba:241339/825934","CC BY 2.0 FR"
"signal","The signal was red.","信號是紅色的。","tatoeba:268855/13539262","CC BY 2.0 FR"
"signal","My mobile hasn't got a signal.","我手機没信號。","tatoeba:11373078/11371523","CC BY 2.0 FR"
"significant","We sustained significant losses.","我們遭受了重大損失。","tatoeba:11523241/13956922","CC BY 2.0 FR"
"significant","Survival analysis showed a significant reduction.","存活分析顯示，機率顯著減少。","tatoeba:4256890/13180318","CC BY 2.0 FR"
"significant","As everyone knows, today is a very significant day for us.","大家知道，今天对我们来说是一个很有意义的日子。","tatoeba:397977/397973","CC BY 2.0 FR"
"signify","This is because you approach everything as a total person, with no loose ends hanging out to signify divided intentions.","这是因为你总是全身心处理每一件事情，没有让鸡毛蒜皮的问题分散了你的目标。","tatoeba:1501674/1501676","CC BY 2.0 FR"
"similar","Arabic is similar to Hebrew.","阿拉伯语和希伯来语是相似的。","tatoeba:8013633/10194208","CC BY 2.0 FR"
"similar","I also heard a similar story.","我也听过一个类似的故事。","tatoeba:262360/333510","CC BY 2.0 FR"
"similar","Your chair is similar to mine.","你的椅子和我的很像。","tatoeba:11272470/1225645","CC BY 2.0 FR"
"sip","He savored a sip of coffee.","他細細地品了一口咖啡。","tatoeba:12634015/13544322","CC BY 2.0 FR"
"situated","Japan is situated in Asia.","日本在亚洲。","tatoeba:794745/1415769","CC BY 2.0 FR"
"situated","The town is situated 1,500 meters above sea level.","这个镇海拔1500米。","tatoeba:48966/1468431","CC BY 2.0 FR"
"situated","Switzerland is situated between France, Italy, Austria and Germany.","瑞士位于法国、意大利、奥地利和德国之间。","tatoeba:52443/333951","CC BY 2.0 FR"
"skeleton","Tom found a skeleton in the cave.","汤姆在洞穴里找到了一具骨架。","tatoeba:8560547/8560799","CC BY 2.0 FR"
"skeleton","The explorers discovered a skeleton in the cave.","探险家们在洞穴里发现了骸骨。","tatoeba:276708/4760083","CC BY 2.0 FR"
"skeptical","We're very skeptical.","我们非常怀疑。","tatoeba:2240686/8753731","CC BY 2.0 FR"
"skeptical","Many people are skeptical about the actual effects of traditional Chinese medicine.","很多人对中药的真实效果持怀疑态度。","tatoeba:14028851/14028850","CC BY 2.0 FR"
"skip","Skip it.","不管它。","tatoeba:1953076/5102320","CC BY 2.0 FR"
"skip","Let's skip class.","让我们翘课吧。","tatoeba:2007840/8934153","CC BY 2.0 FR"
"skip","Let's skip class!","我们逃课吧！","tatoeba:12886014/12886017","CC BY 2.0 FR"
"skull","Is your skull broken?","你的脑袋坏了吗？","tatoeba:7782262/1977297","CC BY 2.0 FR"
"skull","Tom has a tattoo of a skull on his chest.","湯姆在胸上有個頭骨文身。","tatoeba:4501225/6119479","CC BY 2.0 FR"
"skull","After careful examination, it can be seen that the skull was smashed to pieces.","仔細檢查後發現，該頭骨被重擊碎裂。","tatoeba:7805674/765686","CC BY 2.0 FR"
"slap","She gave him a slap in the face.","她打了他一巴掌。","tatoeba:806765/1059436","CC BY 2.0 FR"
"slap","Guards! Slap that vile woman's face!","來人，給我掌這賤女人嘴巴！","tatoeba:13550712/13549766","CC BY 2.0 FR"
"slaughter","Many conservationists fear the continuing slaughter of whales is pushing these animals towards extinction.","许多自然环境保护主义者担心持续屠杀鲸鱼正推动这些动物走向灭绝。","tatoeba:2805224/8794840","CC BY 2.0 FR"
"slice","I eat a slice of bread.","我吃一片面包。","tatoeba:3378094/3378093","CC BY 2.0 FR"
"slice","Who wants a slice of pie?","谁想来一块派？","tatoeba:3821501/8511067","CC BY 2.0 FR"
"slice","Tom ate a slice of pizza.","湯姆吃了一片比薩餅。","tatoeba:6026668/6482302","CC BY 2.0 FR"
"slight","I have a slight fever.","我有點發燒。","tatoeba:39956/10515480","CC BY 2.0 FR"
"slight","I have a slight fever today.","我今天有點發燒。","tatoeba:242900/848733","CC BY 2.0 FR"
"slight","I have a slight headache now.","现在我有些许头痛。","tatoeba:257502/333997","CC BY 2.0 FR"
"slip","Don't slip on the ice.","不要在冰上滑倒啊。","tatoeba:3022625/3364555","CC BY 2.0 FR"
"slip","It's a slip of the pen.","那是一个笔误。","tatoeba:4215930/4218621","CC BY 2.0 FR"
"slip","Don't let this chance slip by.","不要让这个机会溜走。","tatoeba:59314/13907693","CC BY 2.0 FR"
"slippery","The road is slippery.","车行道滑的。","tatoeba:4855610/836904","CC BY 2.0 FR"
"slippery","The street is slippery.","马路是滑的。","tatoeba:837412/836905","CC BY 2.0 FR"
"slippery","Be careful. It's slippery here.","小心地滑。","tatoeba:10631799/10635236","CC BY 2.0 FR"
"slope","We climbed a sharp slope.","我們爬上陡坡。","tatoeba:248578/1238444","CC BY 2.0 FR"
"slope","The path zigzagged up the steep slope.","這條小路沿著陡峭的斜坡蜿蜒而上。","tatoeba:327880/876188","CC BY 2.0 FR"
"slum","Tom lives in a slum.","汤姆住在贫民窟里。","tatoeba:1555504/10182796","CC BY 2.0 FR"
"slum","If you ever saw the slums in the poor countries, you would feel that you're really not so poor. Those slum dwellers are human, too.","你如果看過貧窮國家的貧民窟，就會覺得自己其實沒那麼窮。那些貧民窟的居民也是人。","tatoeba:10748022/13832438","CC BY 2.0 FR"
"slump","The Taiwanese dollar appreciated, causing Taiwanese exports to slump.","台幣上漲，造成台灣的出口貿易萎靡不振。","tatoeba:1969277/1969274","CC BY 2.0 FR"
"smash","Smash someone else's phone.","摔壞別人的手機。","tatoeba:10632775/6142487","CC BY 2.0 FR"
"smash","I am really extremely angry, so I plan to smash things to vent my anger.","我實在氣得不得了，所以打算砸東西發洩。","tatoeba:12627162/1667396","CC BY 2.0 FR"
"snack","Buy me a snack.","帮我买点零食吧。","tatoeba:5320767/9838191","CC BY 2.0 FR"
"snack","Ahhh, it's snack time.","啊，吃點心的時間到了。","tatoeba:8640454/1670014","CC BY 2.0 FR"
"snack","Popcorn is my favorite snack.","爆米花是我最喜欢的零食。","tatoeba:3820754/5993948","CC BY 2.0 FR"
"sneak","David decided to sneak into the kitchen and find something delicious to eat.","大衛決定偷偷溜進廚房，找點好吃的吃。","tatoeba:11503808/13556633","CC BY 2.0 FR"
"sneak","Every night, when all was quiet, he would sneak into his neighbour's garden to nick an apple.","每天晚上，当周围安静下来，他就会偷溜进邻居的花园里偷走一颗苹果。","tatoeba:11593549/13050390","CC BY 2.0 FR"
"soar","The birds soar in the air.","鸟儿在空中飞翔。","tatoeba:4736908/2254097","CC BY 2.0 FR"
"sober","I'm sober.","我很清醒。","tatoeba:2361904/9961281","CC BY 2.0 FR"
"sober","I was as sober as a judge.","我当时非常清醒。","tatoeba:2908810/3068706","CC BY 2.0 FR"
"sober","I was very sober at the time.","我当时非常清醒。","tatoeba:4986522/3068706","CC BY 2.0 FR"
"sociology","That student's studying sociology.","那个学生正在学习社会学。","tatoeba:429351/429352","CC BY 2.0 FR"
"sociology","The student is working at sociology.","那个学生正在学习社会学。","tatoeba:48904/429352","CC BY 2.0 FR"
"sociology","Frank majored in sociology at university.","弗蘭克在大學主修社會學。","tatoeba:34194/836169","CC BY 2.0 FR"
"solidarity","What can we do to strengthen the movement of solidarity with the Palestinian people?","我們能做些什麼來加強聲援巴勒斯坦人民的運動？","tatoeba:6960249/13580029","CC BY 2.0 FR"
"solitary","I like a solitary walk.","我喜歡一個人散步。","tatoeba:293732/348498","CC BY 2.0 FR"
"solitary","Bears are solitary animals.","熊是一種獨居動物。","tatoeba:6331043/10355172","CC BY 2.0 FR"
"solo","I hope you practiced your flute solo!","我希望你練習了你的長笛獨奏！","tatoeba:814555/816906","CC BY 2.0 FR"
"solo","Famous vibraphonist Stefon Harris has recorded at least one balafon solo.","著名的鐵琴演奏家Stefon Harris已經錄製了至少一個巴拉風獨奏。","tatoeba:814497/816924","CC BY 2.0 FR"
"solo","Charles Lindbergh made the first solo flight across the Atlantic Ocean in 1927.","Charles Lindbergh於1927年成功完成了第一次獨自飛越大西洋。","tatoeba:40208/866177","CC BY 2.0 FR"
"soluble","Sugar is soluble in water.","糖溶于水。","tatoeba:2225415/736554","CC BY 2.0 FR"
"solution","There isn't any solution.","无解。","tatoeba:2362/1776593","CC BY 2.0 FR"
"solution","We hope a solution is found.","我们希望找到解決方法。","tatoeba:5780473/5780496","CC BY 2.0 FR"
"solution","Surgery is the best solution.","手術是最佳解決方案。","tatoeba:266015/769653","CC BY 2.0 FR"
"sophisticated","A vast and sophisticated system is usually based on a few simple rules.","庞大而精妙的体系往往建立在几个简单的规则之上。","tatoeba:13902344/13902321","CC BY 2.0 FR"
"sour","Lemon is sour.","柠檬很酸。","tatoeba:29487/8934441","CC BY 2.0 FR"
"sour","Lemons are sour.","檸檬是酸的。","tatoeba:435751/826253","CC BY 2.0 FR"
"sour","The milk is sour.","牛奶酸了。","tatoeba:3132271/3140026","CC BY 2.0 FR"
"sovereign","Ukraine is a sovereign country.","烏克蘭是一個主權國家。","tatoeba:13203669/13203683","CC BY 2.0 FR"
"sovereign","Puerto Rico is not a sovereign state.","波多黎各不是一個主權國家。","tatoeba:814574/816827","CC BY 2.0 FR"
"sovereign","I hope for Taiwan to be a sovereign democratic country.","我希望台灣是主權獨立的民主國家。","tatoeba:10251091/1225719","CC BY 2.0 FR"
"spacious","The living room in my new house is very spacious.","我新家的客厅很宽敞。","tatoeba:13559590/336086","CC BY 2.0 FR"
"span","The life span of a butterfly is short.","蝴蝶的寿命短。","tatoeba:1874077/5863256","CC BY 2.0 FR"
"sparkle","I count the sparkle of constellations to foretell the future of my love.","我數著星宿的星光來預測我愛情的未來。","tatoeba:489765/778700","CC BY 2.0 FR"
"specialist","He's a specialist in economics.","他是经济学的专家。","tatoeba:2232689/2220860","CC BY 2.0 FR"
"specialty","Fashion isn't my specialty.","时装不是我的天分。","tatoeba:7493075/920833","CC BY 2.0 FR"
"specialty","Fashion is not my specialty.","时装不是我的天分。","tatoeba:920834/920833","CC BY 2.0 FR"
"specialty","What is the specialty food here?","這裡的特色菜是什麼？","tatoeba:6276489/6158457","CC BY 2.0 FR"
"species","It is an endangered species.","这是一个濒临灭绝的物种。","tatoeba:797152/797541","CC BY 2.0 FR"
"species","Salmon are a keystone species.","鮭魚是關鍵物種。","tatoeba:8894590/13893336","CC BY 2.0 FR"
"species","There are many endangered species.","有許多瀕危物种。","tatoeba:1488123/6309825","CC BY 2.0 FR"
"specific","Can you be more specific?","可以更具体些吗？","tatoeba:3125720/3327522","CC BY 2.0 FR"
"specific","Let's study a specific example.","讓我們來研究一個具體的例子。","tatoeba:38253/876623","CC BY 2.0 FR"
"specific","Could you tell me what your specific requirements are?","可以说说您的具体要求吗？","tatoeba:747526/747525","CC BY 2.0 FR"
"spectacle","I need to buy new spectacle frames.","我需要购买新的镜架。","tatoeba:258800/332790","CC BY 2.0 FR"
"spice","You smell it. Do five spice tea eggs smell good?","你闻闻香味，五香茶叶蛋香不香？","tatoeba:7251760/420342","CC BY 2.0 FR"
"spine","The terrible scene sent shivers down his spine.","恐怖的场面让了他颤抖。","tatoeba:1316055/1316087","CC BY 2.0 FR"
"spine","A chill ran down his spine as he crossed the park.","他穿過公園時，一陣寒意順著脊背蔓延而下。","tatoeba:13175472/13933597","CC BY 2.0 FR"
"spiral","A snail's shell is spiral in form.","蜗牛壳是螺旋形的.","tatoeba:1593722/1593713","CC BY 2.0 FR"
"spite","I don't mean to spite you.","我不想惹你生氣。","tatoeba:10051999/13137924","CC BY 2.0 FR"
"spite","I went out in spite of the rain.","尽管下着雨，我还是出了门。","tatoeba:256137/1948821","CC BY 2.0 FR"
"spite","He went out in spite of the rain.","尽管下着雨，他还是出去了。","tatoeba:26774/375288","CC BY 2.0 FR"
"spoil","You should not spoil a kid too much.","孩子不能太惯了。","tatoeba:11291112/3698022","CC BY 2.0 FR"
"spoil","I don't want to spoil the ending for you.","我不想把結局提前透露給你。","tatoeba:1515899/6073883","CC BY 2.0 FR"
"sponge","A sponge absorbs water.","海绵吸水。","tatoeba:51613/677985","CC BY 2.0 FR"
"spouse","Tom found a wonderful spouse in Mary.","湯姆認識了瑪莉這麼個好老婆。","tatoeba:9370759/13321257","CC BY 2.0 FR"
"sprinkle","I'll sauté a few sweet potatoes and sprinkle them with sugar.","我去炸一點紅薯，然後在上面撒上糖。","tatoeba:10534817/6937166","CC BY 2.0 FR"
"spy","One of them is a spy.","他們其中一人是間諜。","tatoeba:68748/797075","CC BY 2.0 FR"
"spy","He believes there is a spy among us.","他相信我们中间有间谍。","tatoeba:7790235/1454465","CC BY 2.0 FR"
"spy","He was under suspicion of being a spy.","人们怀疑他是间谍。","tatoeba:290311/1371220","CC BY 2.0 FR"
"stab","Tom tried to stab me.","湯姆企圖刺我。","tatoeba:5573992/5574476","CC BY 2.0 FR"
"stab","I'll take a stab at it.","我试试。","tatoeba:1517845/8870261","CC BY 2.0 FR"
"stable","A stable economy is the aim of every government.","經濟繁榮穩定，是每個政府都想達到的目標。","tatoeba:237988/373395","CC BY 2.0 FR"
"stable","He is a man of strong, stable and trustworthy character.","他是個性格強、穩定且可靠的男人。","tatoeba:719772/719776","CC BY 2.0 FR"
"stable","It's stable because all the roots of this equation are negative.","它是可靠的, 因為這個方程式所有的根都是負的。","tatoeba:775764/777059","CC BY 2.0 FR"
"stack","Tom put a stack of letters on Mary's desk.","湯姆把一疊信放在瑪麗桌上。","tatoeba:3086922/5640737","CC BY 2.0 FR"
"stack","Hey, could you send over a stack of manuscripts straight away?","喂，请问现在能给我马上送一叠稿子吗？","tatoeba:7784665/420628","CC BY 2.0 FR"
"stack","She's a professor whose works you could stack up to head height.","那位是一个著作等身的教授。","tatoeba:10551453/1324833","CC BY 2.0 FR"
"stalk","Thoreau coveted the plant's strong purple stalk for a cane, and the robins eat its dark crimson-juiced berries.","梭羅垂涎於這種植物強壯的紫色莖稈，將其製成藤條，而知更鳥則以深紅色汁液的漿果為食。","tatoeba:11686683/13539943","CC BY 2.0 FR"
"stall","For years he has been at the market every Tuesday morning with his fish stall.","他在街市賣魚賣了許多年了，這些年來每逢星期二都會在街市見到他。","tatoeba:400426/400649","CC BY 2.0 FR"
"staple","In China, southern people eat rice as staple food; northern people eat wheaten food as staple food.","在中国，南方人以米饭为主食，北方人以面食为主食。","tatoeba:7251695/1780834","CC BY 2.0 FR"
"startle","Avoid sudden movements around the rabbit, they can startle them.","避免在兔子旁邊突然做出動作，以免嚇到牠們。","tatoeba:11892998/13858733","CC BY 2.0 FR"
"statement","She acknowledged that my statement was true.","她承認我的聲明是真實的。","tatoeba:314321/5405564","CC BY 2.0 FR"
"statement","I would like to retract my previous statement.","我想撤回我之前的陈述。","tatoeba:1981/1778278","CC BY 2.0 FR"
"statement","This statement is actually kind of suspicious.","这种说法其实有点可疑。","tatoeba:9981702/7218807","CC BY 2.0 FR"
"statesman","The boy grew up to be a great statesman.","这个孩子长大后成为了一个伟大的政治家。","tatoeba:47465/8936503","CC BY 2.0 FR"
"statesman","He is the greatest statesman that ever lived.","他是古今无匹的伟大政治家。","tatoeba:296133/2029371","CC BY 2.0 FR"
"statesman","The name of this statesman is known to everybody in Japan.","这位政治家的名字在日本人人皆知。","tatoeba:45953/7054981","CC BY 2.0 FR"
"status","Can you tell me about your marital status?","能告诉我你的婚姻状况吗？","tatoeba:10645555/4313856","CC BY 2.0 FR"
"status","Obviously, they are jealous of his wealth and status.","他们很明显在嫉妒他的财富和地位。","tatoeba:322990/3667823","CC BY 2.0 FR"
"status","I believe that a fine education can change one's social status.","我相信良好的教育能改变人的社会地位。","tatoeba:13906262/13906261","CC BY 2.0 FR"
"stereo","Put a record on the stereo.","往立体声音响上放一枚唱片。","tatoeba:51894/1395050","CC BY 2.0 FR"
"stereotype","It is a stereotype that police officers always eat doughnuts.","警察總吃甜甜圈是一種刻板印象。","tatoeba:662342/1238417","CC BY 2.0 FR"
"stern","The teacher gave his pupils a stern telling-off.","老師把學生狠狠地罵了一頓。","tatoeba:11994496/488485","CC BY 2.0 FR"
"stern","The teacher gave her pupils a stern telling-off.","老師把學生狠狠地罵了一頓。","tatoeba:11994503/488485","CC BY 2.0 FR"
"stock","Stock prices dropped.","股價下跌了。","tatoeba:21218/1572641","CC BY 2.0 FR"
"stock","We're out of stock now.","我们现在缺乏库存。","tatoeba:40894/4845135","CC BY 2.0 FR"
"stock","Have you got that in stock?","你们有现货吗？","tatoeba:714953/9012189","CC BY 2.0 FR"
"straightforward","He's very straightforward.","他说话很直接。","tatoeba:2311496/2298338","CC BY 2.0 FR"
"straightforward","People who can express their thoughts in a clear-cut way are very straightforward.","能够直截了当地表达自己想法的人很直爽。","tatoeba:11272838/10041933","CC BY 2.0 FR"
"strain","The rope broke under the strain.","繩子被拉斷了。","tatoeba:240989/866182","CC BY 2.0 FR"
"strain","Tom has been under a great deal of strain lately.","汤姆最近压力特别大。","tatoeba:3442165/5576819","CC BY 2.0 FR"
"strategy","Hope is not a strategy.","希望不是一种策略。","tatoeba:2298/437957","CC BY 2.0 FR"
"strategy","Amateurs talk strategy, professionals talk logistics.","外行谈策略，内行谈后勤。","tatoeba:11191494/13204746","CC BY 2.0 FR"
"strategy","Real-time strategy games usually include arcade elements.","即時策略遊戲通常會融入街機元素。","tatoeba:10764825/13958988","CC BY 2.0 FR"
"stray","He's careful of stray dogs.","他对流浪狗很小心。","tatoeba:12948333/13278108","CC BY 2.0 FR"
"stray","Tom has found another stray dog.","汤姆又遇到野狗。","tatoeba:8455867/9415389","CC BY 2.0 FR"
"stream","He sat next to the stream.","他坐在溪流旁邊。","tatoeba:530769/848446","CC BY 2.0 FR"
"stream","The stream is not very swift.","水流不是很急。","tatoeba:325455/1516225","CC BY 2.0 FR"
"stream","The stream flows into the pond.","溪水流進這個池塘裡。","tatoeba:495618/868280","CC BY 2.0 FR"
"stride","I don't know what to do with that guy. No matter how mad I get at him he just takes it in stride and pays no attention.","我不知道對那個傢伙該怎麼辦。不論我對他生多大的氣, 他就是蠻不在乎而且置之不理。","tatoeba:72045/781173","CC BY 2.0 FR"
"string","String is sold by the metre.","繩子按米賣。","tatoeba:10516010/10518640","CC BY 2.0 FR"
"string","I broke a string on my guitar.","我弄断了我吉他的一根弦。","tatoeba:340462/392250","CC BY 2.0 FR"
"string","She tied up the parcel with string.","她用繩子把包裹緊緊綁好了。","tatoeba:311300/337219","CC BY 2.0 FR"
"strive","No matter how hard I strive, I fail to achieve my parents' requirements.","不管我怎么努力，也达不到父母的要求。","tatoeba:717384/717383","CC BY 2.0 FR"
"strive","Confidence and courage are not just masculine traits; they are values anyone can strive for.","自信與勇氣不僅是男性特質，也可以是所有人都能追求的價值。","tatoeba:13593696/13233307","CC BY 2.0 FR"
"stroke","Tom had a heat stroke.","汤姆中暑了。","tatoeba:5085391/5085417","CC BY 2.0 FR"
"stroke","Could you tell me the stroke order of the character ""老"" in the word ""年老""?","你能告诉我“年老”的“老”字的笔顺吗？","tatoeba:13947296/13947294","CC BY 2.0 FR"
"stroke","Could you tell me the stroke order of the character ""lǎo"" in the word ""niánlǎo""?","你能告诉我“年老”的“老”字的笔顺吗？","tatoeba:13947295/13947294","CC BY 2.0 FR"
"stroll","Friend, how about we stroll through the Chinatown?","朋友，我請你去唐人街逛逛怎麼樣？","tatoeba:12080391/10457260","CC BY 2.0 FR"
"stroll","Spaniards love to stroll around in the evening cool.","西班牙人最愛在晚上外出散散步、乘乘涼。","tatoeba:51799/400367","CC BY 2.0 FR"
"stroll","Would you like to take a stroll around the park with me?","你想陪我逛公园吗？","tatoeba:1966436/1966435","CC BY 2.0 FR"
"stubborn","He's stubborn.","他很倔。","tatoeba:6710460/4440129","CC BY 2.0 FR"
"stubborn","He is stubborn.","他很倔。","tatoeba:7035598/4440129","CC BY 2.0 FR"
"stubborn","She is stubborn.","她很倔。","tatoeba:1152188/4218322","CC BY 2.0 FR"
"sturdy","This is a sturdy handrail.","那是個堅固的欄杆。","tatoeba:7797407/5505594","CC BY 2.0 FR"
"sturdy","This kind of cloth is both cheap and sturdy.","这种布既便宜又结实。","tatoeba:3622904/3538027","CC BY 2.0 FR"
"subjective","His writing is very subjective.","他寫文章寫得很主觀。","tatoeba:287478/389946","CC BY 2.0 FR"
"submarine","Russia is sending battleships, marines, and landing craft tanks against Syria, and submarine equiment against Iran.","俄羅斯正向敘利亞派遣戰艦、海軍陸戰隊和登陸艇坦克，並向伊朗派遣潛艦裝備。","tatoeba:2883588/13578076","CC BY 2.0 FR"
"submit","Please submit the homework.","请你补交作业。","tatoeba:7784626/1750551","CC BY 2.0 FR"
"submit","Edit your work better before you submit it, it's sloppy.","提交工作内容之前请仔细检查，这里有疏忽的地方。","tatoeba:868260/2455632","CC BY 2.0 FR"
"submit","Don't change sentences that are correct. You can, instead, submit natural-sounding alternative translations.","请勿更改没有错误的句子。请添加一个新的更自然的翻译。","tatoeba:611373/613614","CC BY 2.0 FR"
"subscribe","Subscribe!","歡迎訂閱！","tatoeba:12886320/13111519","CC BY 2.0 FR"
"subscribe","I subscribe to two newspapers.","我訂閱了兩份報紙。","tatoeba:258831/835375","CC BY 2.0 FR"
"subscribe","Do you subscribe to any magazines?","你有訂閱任何雜誌嗎？","tatoeba:25104/840518","CC BY 2.0 FR"
"subsidy","She turned down the subsidy that I offered.","她拒绝了我的资助。","tatoeba:432828/334379","CC BY 2.0 FR"
"substance","There is no substance in his speech.","他言之無物。","tatoeba:287913/340087","CC BY 2.0 FR"
"substance","It was an argument of little substance.","這是一場沒有實質內容的爭論。","tatoeba:33278/13990823","CC BY 2.0 FR"
"substance","The substance is light enough to float on the water.","這種物質很輕，可以浮在水面上。","tatoeba:44134/410560","CC BY 2.0 FR"
"substitute","Then I'll work on the principle that deference is no substitute for obedience.","那我就恭敬不如从命啦。","tatoeba:756900/756898","CC BY 2.0 FR"
"subtle","There are subtle differences between the two pictures.","这两张图片之间有细致的差异。","tatoeba:50742/1426551","CC BY 2.0 FR"
"subtract","Subtract two from ten and you have eight.","十减二等于八。","tatoeba:73472/9084064","CC BY 2.0 FR"
"subtract","Subtract three from eight and you get five.","八减去三就能得到五。","tatoeba:72333/8727890","CC BY 2.0 FR"
"suburb","Helen and Kathy rented an apartment in a suburb of Tokyo.","海伦和凯蒂在东京郊区租了个套间。","tatoeba:33853/804816","CC BY 2.0 FR"
"suburb","The other day something horrible happened in a Tokyo suburb.","前幾天，東京郊外發生了件可怕的事情。","tatoeba:273090/339861","CC BY 2.0 FR"
"successive","It rained five successive days.","雨一連下了五天。","tatoeba:72494/472634","CC BY 2.0 FR"
"sue","I'll sue you.","我要告你。","tatoeba:237678/825768","CC BY 2.0 FR"
"sue","I will sue you.","我要控告你。","tatoeba:64269/793531","CC BY 2.0 FR"
"sue","Did you sue her?","你告她了嗎？","tatoeba:3909300/10369287","CC BY 2.0 FR"
"suffice","Would it suffice if I came around 7?","我七点左右来就可以了吧？","tatoeba:1256187/2052282","CC BY 2.0 FR"
"sufficient","The room lighting is sufficient.","室内的光线很充足。","tatoeba:9401978/2490081","CC BY 2.0 FR"
"sufficient","We have sufficient evidence to prove this hypothesis.","我們有充分的理由論證這個假設。","tatoeba:8732690/5985457","CC BY 2.0 FR"
"sufficient","I haven't yet collected sufficient materials to write a book.","我還沒有收集到足夠的材料來寫一本書。","tatoeba:10284752/737169","CC BY 2.0 FR"
"sulfur","Sulfur burns with a blue flame.","硫磺燃燒著藍色的火焰。","tatoeba:325501/798050","CC BY 2.0 FR"
"summit","The air is thin at the summit.","山頂上空氣稀薄。","tatoeba:12882963/6120787","CC BY 2.0 FR"
"summit","The summit of Mt. Fuji was covered in snow.","富士山顶盖满了雪。","tatoeba:388015/349929","CC BY 2.0 FR"
"summit","Who first reached the summit of Mt. Everest?","最先登上珠穆朗瑪峰的人是誰？","tatoeba:276326/494464","CC BY 2.0 FR"
"summon","He gained the power to summon ghost trains.","他獲得了召喚幽靈列車的能力。","tatoeba:11189375/13860192","CC BY 2.0 FR"
"superficial","He has only a superficial knowledge of Japanese.","他對日文只是略懂皮毛。","tatoeba:302242/387605","CC BY 2.0 FR"
"superficial","You have to acquire real skills, not just superficial knowledge.","你要學的是實實在在的技能，而不單是表面的知識。","tatoeba:644323/1345603","CC BY 2.0 FR"
"superficial","One must have conviction in law, or its existence will be superficial only.","法律必须被信仰，否则形同虚设。","tatoeba:2176042/2165984","CC BY 2.0 FR"
"superior","He is superior to me in English.","他的英文比我好。","tatoeba:293960/373195","CC BY 2.0 FR"
"superior","This carpet is superior to that one in quality.","這地毯在質量上比那箇好得多。","tatoeba:61254/5691281","CC BY 2.0 FR"
"superior","He is superior to his opponents in all respects.","他在各方面都超出他的對手。","tatoeba:4736797/1071021","CC BY 2.0 FR"
"suppress","Tom tried to suppress a smile.","湯姆試著克制笑容。","tatoeba:3495005/12850468","CC BY 2.0 FR"
"suppress","Heathers help to suppress weeds in your garden.","石楠花有助於抑制花園裡的雜草。","tatoeba:10860566/13117596","CC BY 2.0 FR"
"suppress","Is France trying to suppress Algeria's development?","法国是在试图压制阿尔及利亚的发展吗？","tatoeba:8560306/8560567","CC BY 2.0 FR"
"supreme","The embassy is located next to the Supreme Court.","大使馆就在最高法院旁边。","tatoeba:275707/2680428","CC BY 2.0 FR"
"supreme","Cyber activists want to meet with the Supreme Leader.","网络积极分子想跟最高领袖见面。","tatoeba:1067750/2286071","CC BY 2.0 FR"
"surgeon","My father is an expert surgeon.","我父亲是一名外科专家。","tatoeba:319271/334239","CC BY 2.0 FR"
"surgeon","He's an excellent brain surgeon.","他是一個優秀的腦外科醫生。","tatoeba:304339/833258","CC BY 2.0 FR"
"surgeon","There are two doctors in his circle of friends, a surgeon and an ophthalmologist.","他的圈子裏有兩人是醫生，一個是外科醫生，另一個是眼科醫生。","tatoeba:287727/337261","CC BY 2.0 FR"
"surgery","Do I need surgery?","我需要做手术吗？","tatoeba:434516/367904","CC BY 2.0 FR"
"surgery","Surgery is the best solution.","手術是最佳解決方案。","tatoeba:266015/769653","CC BY 2.0 FR"
"surgery","This clinic is doing laser surgery.","这个诊所正在做激光手术。","tatoeba:8780250/8654617","CC BY 2.0 FR"
"surpass","The reason the Northern and Southern Dynasties had failed in their rule was that they allowed literary splendor to surpass real substance.","南北朝在他們的統治之下失敗了的原因是他們讓文學的光輝超越了實質內容。","tatoeba:828055/828687","CC BY 2.0 FR"
"surplus","Our surplus has swelled by nearly ten percent in this quarter.","我們公司今季的赤字上漲了差不多一成。","tatoeba:241994/1304761","CC BY 2.0 FR"
"survival","I gave up all hope of survival.","我放棄了所有生存的希望。","tatoeba:31321/805079","CC BY 2.0 FR"
"survival","His own survival is more important now.","他自己的生存现在更重要了。","tatoeba:794184/795224","CC BY 2.0 FR"
"survival","Air pollution will be a threat to our survival.","空气污染将会威胁我们的生存。","tatoeba:275656/604468","CC BY 2.0 FR"
"survive","He will survive.","他會倖存。","tatoeba:2025437/6151302","CC BY 2.0 FR"
"survive","She will survive.","她会活下来。","tatoeba:2025438/10301646","CC BY 2.0 FR"
"survive","Layla will survive.","蕾拉会活下来的。","tatoeba:6069595/8589635","CC BY 2.0 FR"
"susceptible","She was susceptible to colds.","她易患感冒。","tatoeba:388662/840517","CC BY 2.0 FR"
"suspicion","I have a suspicion about his death.","我覺得他的死有點可疑。","tatoeba:260633/346683","CC BY 2.0 FR"
"suspicion","He was under suspicion of being a spy.","人们怀疑他是间谍。","tatoeba:290311/1371220","CC BY 2.0 FR"
"suspicion","Suspicion is destructive of friendship.","怀疑会毁掉友情。","tatoeba:20044/13893803","CC BY 2.0 FR"
"suspicious","He looks suspicious.","他看起来很可疑。","tatoeba:72055/9540496","CC BY 2.0 FR"
"suspicious","It looks suspicious.","看上去很可疑。","tatoeba:2248776/9961397","CC BY 2.0 FR"
"suspicious","I am suspicious of him.","我覺得他有點可疑。","tatoeba:283480/1567827","CC BY 2.0 FR"
"sustain","I sustain my family.","我赚钱养家。","tatoeba:246652/332858","CC BY 2.0 FR"
"swamp","I don't mean to swamp you.","我不想把你淹死。","tatoeba:10545400/13137914","CC BY 2.0 FR"
"swamp","He lives alone in a little cottage in the swamp.","他獨自一人住在沼澤地裡的一棟小屋裡。","tatoeba:4751743/10459888","CC BY 2.0 FR"
"symbol","A flag is a national symbol.","旗帜是国家象征。","tatoeba:7805713/2520860","CC BY 2.0 FR"
"symbol","Mt. Fuji is a symbol of Japan.","富士山是日本的象徵。","tatoeba:9275531/13575863","CC BY 2.0 FR"
"symbol","The ☭ is a symbol of communism.","☭ 是一个共产主义的符号。","tatoeba:1257568/8930177","CC BY 2.0 FR"
"sympathy","You have my sympathy.","我同情你。","tatoeba:1565751/762968","CC BY 2.0 FR"
"sympathy","Sympathy is for chumps.","傻子才同情。","tatoeba:4622553/13118946","CC BY 2.0 FR"
"sympathy","I feel no sympathy for Tom.","我不同情湯姆。","tatoeba:5836402/6624663","CC BY 2.0 FR"
"symphony","Do you know the concert schedule of London Symphony Orchestra?","你知道伦敦交响乐团的演奏会行程吗？","tatoeba:29284/791577","CC BY 2.0 FR"
"tackle","To begin with, we must tackle the problem.","首先我們必須處理這個問題。","tatoeba:32762/343117","CC BY 2.0 FR"
"tackle","When Mike tried to tackle the other player, he pushed him and he was given a yellow card and a warning.","当迈克试图铲球的时候，他用手推了对方球员一把，结果得到了黄牌警告。","tatoeba:3579575/3579574","CC BY 2.0 FR"
"tan","He doesn't tan.","他晒不黑。","tatoeba:454617/454618","CC BY 2.0 FR"
"tan","The plane is landing in Tan Son Nhat airport.","飞机降落在新山一机场。","tatoeba:7816791/3537951","CC BY 2.0 FR"
"tanker","Oil is transported by tanker.","石油被油船运输。","tatoeba:272253/9956359","CC BY 2.0 FR"
"tanker","A huge tanker cast off just now.","一艘巨大的液货船刚刚启航。","tatoeba:19396/12382219","CC BY 2.0 FR"
"tanker","The huge tanker has just left the dock.","一艘巨大的液货船刚刚启航。","tatoeba:1222850/12382219","CC BY 2.0 FR"
"target","I aimed my gun at the target.","我把我的手枪指向了目标。","tatoeba:321899/438491","CC BY 2.0 FR"
"target","The first attack missed the target.","第一次攻击错过了目标。","tatoeba:244025/335859","CC BY 2.0 FR"
"target","Her success made her the target of jealousy.","她的成功讓她受盡嫉妒。","tatoeba:309492/5698048","CC BY 2.0 FR"
"temper","He said he lost his temper.","他说他生气了。","tatoeba:7389482/13285172","CC BY 2.0 FR"
"temper","Yanni was losing his temper.","燕妮要发脾气了。","tatoeba:8792812/9400763","CC BY 2.0 FR"
"temper","Mary loses her temper easily.","瑪麗很容易發脾氣。","tatoeba:31988/835358","CC BY 2.0 FR"
"tempt","I didn't mean to tempt you.","我沒想誘惑你。","tatoeba:5215559/13138116","CC BY 2.0 FR"
"tendency","It seems to me that she has a tendency to exaggerate.","在我看來，她有一種誇張的傾向。","tatoeba:308756/919618","CC BY 2.0 FR"
"tendency","There is a tendency for people to think that hang gliding is dangerous.","人们普遍认为悬挂式滑翔运动是危险的。","tatoeba:270429/1408104","CC BY 2.0 FR"
"terrain","The rugged terrain made the troops' advance difficult.","地面高低不平，給部隊前進帶來了困難。","tatoeba:10540362/5370741","CC BY 2.0 FR"
"terrific","Terrific!","很棒！","tatoeba:52022/5092136","CC BY 2.0 FR"
"terrific","A car went by at terrific speed.","車子極速飆過。","tatoeba:265448/348413","CC BY 2.0 FR"
"territory","Hey, twirp! This here is our territory!","喂，小鬼！这里是我们的地盘！","tatoeba:776661/776659","CC BY 2.0 FR"
"territory","You're stepping into dangerous territory.","你進入了危險區。","tatoeba:16222/760740","CC BY 2.0 FR"
"territory","They increased the territory of the empire.","他們擴闊了帝國的領土。","tatoeba:307190/763064","CC BY 2.0 FR"
"testify","He is not willing to testify for his compatriot.","他不願意為同胞作證。","tatoeba:7841353/6292467","CC BY 2.0 FR"
"testify","We speak that we do know, and testify that we have seen; and ye receive not our witness.","我們說我們所知道的，為我們所看到的作證；你們卻不接受我們的見證。","tatoeba:29100/834534","CC BY 2.0 FR"
"testimony","In Islam, the shahada is the testimony of faith.","萨哈达在伊斯兰教是信仰的证明。","tatoeba:8254445/13104192","CC BY 2.0 FR"
"texture","Line art emphasizes form and outline, over color, shading, and texture.","線條藝術強調形式和輪廓，而不是顏色、陰影和紋理。","tatoeba:11119807/13543156","CC BY 2.0 FR"
"theft","The police accused him of theft.","警察起诉他盗窃。","tatoeba:238360/2031291","CC BY 2.0 FR"
"theft","Betty has a previous conviction for theft.","贝蒂有盗窃前科。","tatoeba:426652/8727925","CC BY 2.0 FR"
"theft","You can't accuse him of theft without having proof.","没有证据你们不能指责他偷东西。","tatoeba:5069928/1326493","CC BY 2.0 FR"
"theme","Is this an anime theme song?","这首曲子，是动漫主题曲吗？","tatoeba:9423006/10538261","CC BY 2.0 FR"
"theme","What is the theme of his latest novel?","他最后一本小说的主题是什么？","tatoeba:285210/846795","CC BY 2.0 FR"
"theme","The principal theme of the book is the American Revolution.","这本书的主题是美国革命。","tatoeba:43943/465899","CC BY 2.0 FR"
"thereafter","Thereafter we heard no more from him.","从那时以后，我们再也没听到他的任何音讯。","tatoeba:48098/336627","CC BY 2.0 FR"
"therefore","I think, therefore I am.","我思故我在。","tatoeba:454514/392689","CC BY 2.0 FR"
"therefore","I write, therefore I am.","我寫，故我在。","tatoeba:13249888/13249864","CC BY 2.0 FR"
"therefore","Therefore, other people's ways of thinking might not be suited to you.","所以别人的思想方法用在你身上不一定有效。","tatoeba:7797078/1787944","CC BY 2.0 FR"
"thermal","The atomic reactor generates enormous amounts of thermal energy.","原子反应堆发出大量的热能。","tatoeba:12568755/12568754","CC BY 2.0 FR"
"thesis","Have you finished writing your thesis?","你的论文写完了吗？","tatoeba:326502/12686912","CC BY 2.0 FR"
"thesis","Are you preparing for your thesis defense?","你在准备论文答辩吗？","tatoeba:13803765/9962477","CC BY 2.0 FR"
"thesis","I'll need at least three days to translate that thesis.","要翻译那篇论文，我最少需要三天时间。","tatoeba:43312/1879954","CC BY 2.0 FR"
"thorn","Every rose has its thorn.","沒有不帶刺的玫瑰。","tatoeba:38252/806751","CC BY 2.0 FR"
"thorn","I have a thorn in my finger.","我的手指頭有一根刺。","tatoeba:2266988/2638715","CC BY 2.0 FR"
"thorn","She pulled a thorn out of the tyre.","她拔出了一根兒扎在輪胎裡的刺。","tatoeba:10492859/10530864","CC BY 2.0 FR"
"threaten","Did Tom ever threaten you?","湯姆威脅過你嗎？","tatoeba:3818060/6728900","CC BY 2.0 FR"
"threaten","Don't threaten me with a good time.","用這種好事來威脅我？我巴不得呢。","tatoeba:13551479/13837441","CC BY 2.0 FR"
"threshold","Tom has a high threshold for pain.","湯姆很耐痛。","tatoeba:1415699/10472677","CC BY 2.0 FR"
"thrive","He that will thrive must ask leave of his wife.","會成功的男人必須請求妻子讓他離開出外打拼。","tatoeba:271292/772102","CC BY 2.0 FR"
"throne","He will succeed to the throne.","他会继承王位。","tatoeba:294164/5794153","CC BY 2.0 FR"
"throne","The prince succeeded to the throne.","王子继承了王位。","tatoeba:25624/845127","CC BY 2.0 FR"
"throne","Prince William is second in line to the English throne.","威廉王子是英国王位第二顺位继承人。","tatoeba:727118/864291","CC BY 2.0 FR"
"tick","I like to take things apart to see what makes them tick.","我喜歡把東西拆開，看看裏面的結構。","tatoeba:637199/1746109","CC BY 2.0 FR"
"timely","A timely snow promises a good harvest.","瑞雪兆丰年。","tatoeba:4728166/4515801","CC BY 2.0 FR"
"timid","He is a timid man.","他是個膽小怕事的人。","tatoeba:7819959/6292468","CC BY 2.0 FR"
"timid","She is timid like a rabbit.","她像兔子一样胆小。","tatoeba:10743865/13278112","CC BY 2.0 FR"
"timid","A mouse is a timid creature.","老鼠是胆小的生物。","tatoeba:35792/8795175","CC BY 2.0 FR"
"tissue","Human tissue is made up of cells.","人体的组织是由细胞构成的。","tatoeba:3567595/3567594","CC BY 2.0 FR"
"tissue","I think I'm gonna sneeze. Give me a tissue.","我想我要打喷嚏了。。。给我张纸巾。","tatoeba:2027/503045","CC BY 2.0 FR"
"token","On leaving school, we presented him with a table clock as a token of our thanks.","我們畢業的時候送了一個桌上時鐘給他作為謝禮。","tatoeba:274534/400167","CC BY 2.0 FR"
"tolerant","It is said that Dutch are tolerant.","人們常說荷蘭人很寬容。","tatoeba:765400/765395","CC BY 2.0 FR"
"toll","We must pay a toll to drive on this road.","我们必得缴通行税才能在这条道路上行驶。","tatoeba:57571/863175","CC BY 2.0 FR"
"toll","This mountain was opened by me; this tree was planted by me. If you wish to pass through here, leave behind your toll money.","此山是我開，此樹是我栽，要想從此過，留下買路財。","tatoeba:14011854/14011852","CC BY 2.0 FR"
"toss","Let's toss up for it.","讓我們擲幣決定?","tatoeba:62416/772067","CC BY 2.0 FR"
"toss","Toss it in the trash.","給丟到垃圾桶裡去。","tatoeba:10568316/10569499","CC BY 2.0 FR"
"toss","Toss it into the trash.","給丟到垃圾桶裡去。","tatoeba:5923953/10569499","CC BY 2.0 FR"
"tow","The policeman didn't tow your car away.","警察沒有拖走你的車。","tatoeba:1573750/6624651","CC BY 2.0 FR"
"tragic","They both cried after hearing the tragic news.","聽到這件悲劇，他倆盡皆哭泣。","tatoeba:682218/4104424","CC BY 2.0 FR"
"transfer","Do I need to transfer?","我需要换乘吗?","tatoeba:268383/1423977","CC BY 2.0 FR"
"transfer","We will make the payment by bank transfer.","我们会用银行转帐付款。","tatoeba:18411/10021153","CC BY 2.0 FR"
"transfer","Could you please transfer me to Mr. Smith?","請幫我轉接Smith先生。","tatoeba:4756025/4743926","CC BY 2.0 FR"
"transform","Comrades! Let's transform Moscow into a model communist city.","同志们，让我们转换莫斯科为理想的共产主义城市。","tatoeba:8856857/10188593","CC BY 2.0 FR"
"transform","The creation of most schools was not to transform society, but to reconstruct society.","大部分学校的创建不是用来转变社会，而是用来重建社会的。","tatoeba:14036404/502744","CC BY 2.0 FR"
"transistor","The invention of the transistor marked a new era.","晶體管的發明標誌著一個新時代的開始。","tatoeba:36922/340174","CC BY 2.0 FR"
"transition","The transition from hardware to software happened gradually.","由硬體到軟體的轉變是緩慢的。","tatoeba:12381648/13118956","CC BY 2.0 FR"
"transmission","Can you drive a manual transmission?","你會開手排車嗎?","tatoeba:601741/780047","CC BY 2.0 FR"
"transport","By using this banana case, you can transport bananas without squashing them.","使用這個香蕉盒，可以讓您運送香蕉時不會壓扁它們。","tatoeba:10768162/13539443","CC BY 2.0 FR"
"transport","It’s like saying that someone is addicted to “transport”, “art” or “politics”.","这个好像说一个人上瘾了“交通”，“艺术”或“政治”。","tatoeba:1208529/1208525","CC BY 2.0 FR"
"transport","For example, China's public transport is without a doubt better than the UK's, but the UK's public welfare may be better than China's.","例如，中国的公共交通毫不怀疑比英国的好，但英国的公益事业可能比中国的好。","tatoeba:905850/905849","CC BY 2.0 FR"
"treaty","The treaty was not a success.","谈判没有成功。","tatoeba:4764628/4764645","CC BY 2.0 FR"
"treaty","The Sioux had signed a treaty with the government in 1868.","蘇族於 1868 年與政府簽訂了一項條約。","tatoeba:805493/13847484","CC BY 2.0 FR"
"treaty","In 1978 a peace treaty was concluded between Japan and China.","1978年中国和日本签署了和平条约。","tatoeba:73276/1314147","CC BY 2.0 FR"
"tremendous","The pressure was tremendous.","壓力很巨大。","tatoeba:4494048/5350376","CC BY 2.0 FR"
"tremendous","The rocket travels at a tremendous speed.","火箭飞得极快。","tatoeba:29382/2031451","CC BY 2.0 FR"
"tremendous","Coming out of the closet requires tremendous courage.","出柜需要莫大的勇气。","tatoeba:11272863/10041977","CC BY 2.0 FR"
"trial","The truth finally came out at his trial.","在他的裁判下，真相終於大白。","tatoeba:286381/340146","CC BY 2.0 FR"
"trial","Tom's trial will continue on October 20th.","湯姆的審判將於 10 月 20 日繼續進行。","tatoeba:7737180/13148082","CC BY 2.0 FR"
"trial","The subscription service is available for a fixed monthly fee with a one-month free trial.","此訂閱服務的月費為固定金額，並提供免費試用一個月。","tatoeba:13511556/13511555","CC BY 2.0 FR"
"tribe","Europeans tried to civilize the tribe.","欧洲人试着去教化部落的人","tatoeba:30008/4871203","CC BY 2.0 FR"
"tribe","Europeans tried to civilise the tribe.","欧洲人试着去教化部落的人","tatoeba:4871047/4871203","CC BY 2.0 FR"
"tribe","Members of that tribe settled along the river.","部落成员沿着河岸定居了。","tatoeba:44185/955378","CC BY 2.0 FR"
"trifle","You should not trifle with his feelings.","你不该玩弄他的感情。","tatoeba:69026/970191","CC BY 2.0 FR"
"trigger","Tom put the gun to his own head and pulled the trigger.","汤姆把枪顶到了自己头上，扣动了扳机。","tatoeba:3124779/13993777","CC BY 2.0 FR"
"triple","Tom hit a triple.","湯姆擊出三壘安打。","tatoeba:37128/769677","CC BY 2.0 FR"
"triumph","I believe he will triumph.","我相信他會獲勝。","tatoeba:4736903/786627","CC BY 2.0 FR"
"triumph","As long as good people do nothing, evil will triumph.","只要好人袖手旁观，恶人就会得胜。","tatoeba:1477305/1477294","CC BY 2.0 FR"
"trivial","This isn't a trivial matter.","這不是雞毛蒜皮的事。","tatoeba:5090019/5611646","CC BY 2.0 FR"
"trivial","Forget it, those are just trivial details.","別想了，那不過是些無關緊要的細節。","tatoeba:1283594/10323890","CC BY 2.0 FR"
"tub","Since it's my day off today, I'm going to treat myself to a family-sized tub of walnut ice cream.","今天是我的休息日，我要買一整桶家庭裝的核桃冰淇淋犒勞自己。","tatoeba:11078463/13543770","CC BY 2.0 FR"
"tuck","Tuck in!","掖著！","tatoeba:7006046/13180339","CC BY 2.0 FR"
"tuition","I am working to save for my college tuition.","我工作是为了攒大学学费。","tatoeba:275597/1417579","CC BY 2.0 FR"
"tuition","Today is the last day to pay tuition fees, and my credit card has no money on it.","今天是交学费的最后一天，我银行卡里没钱了。","tatoeba:756890/756889","CC BY 2.0 FR"
"tunnel","Where is the longest tunnel in Japan?","日本最长的隧道在哪里？","tatoeba:281174/811035","CC BY 2.0 FR"
"tunnel","This tunnel is twice as long as that one.","這條隧道是那條的兩倍長。","tatoeba:60768/1239333","CC BY 2.0 FR"
"tunnel","The sightseeing bus ran through a long tunnel.","觀光巴士穿過了一條長長的隧道。","tatoeba:20929/729492","CC BY 2.0 FR"
"turbulent","The turbulent sands above our heads, the flinging of our swords... they're naught but falling stars in the night sky.","在我們頭頂飛舞著的沙粒，在我們手中揮動著的刀劍……它們不是甚麼，只不過是在夜空中擦過的一朵朵流星。","tatoeba:527619/716872","CC BY 2.0 FR"
"turnover","This company achieved a remarkable increase in turnover last year.","这家公司去年获得显著的营业额增长。","tatoeba:2311308/2307195","CC BY 2.0 FR"
"tutor","He is a tutor for the math department.","他是数学系的导师。","tatoeba:4261682/4262367","CC BY 2.0 FR"
"twist","Don't twist my words.","不要扭曲我說的話。","tatoeba:9704995/12850471","CC BY 2.0 FR"
"twist","Don't twist my words around.","不要扭曲我說的話。","tatoeba:656865/12850471","CC BY 2.0 FR"
"ultimate","What is the ultimate purpose of education?","教育的最终目的到底是什么?","tatoeba:19127/342158","CC BY 2.0 FR"
"ultimate","Our ultimate goal is to establish world peace.","我们的究极目标是树立世界和平。","tatoeba:23432/6483612","CC BY 2.0 FR"
"ultraviolet","Ultraviolet rays can cause skin cancer.","紫外線可導致皮膚癌。","tatoeba:263366/796940","CC BY 2.0 FR"
"ultraviolet","The ozone in the stratosphere absorbs ultraviolet radiation.","平流層的臭氧會吸收紫外線。","tatoeba:10540285/6151835","CC BY 2.0 FR"
"unanimous","The vote is unanimous.","选举一致通过了。","tatoeba:1241214/805192","CC BY 2.0 FR"
"unanimous","The election was unanimous.","选举一致通过了。","tatoeba:1538931/805192","CC BY 2.0 FR"
"underestimate","Don't underestimate us.","别瞧不起人。","tatoeba:459047/459046","CC BY 2.0 FR"
"underestimate","Don't underestimate me.","别瞧不起人。","tatoeba:459048/459046","CC BY 2.0 FR"
"underestimate","Never underestimate Tom.","千万不可低估汤姆。","tatoeba:2235867/7885807","CC BY 2.0 FR"
"undergo","Father is going to undergo an operation.","父亲将会接受手术。","tatoeba:319267/334235","CC BY 2.0 FR"
"underlying","The underlying causes of the problem are widely known.","这个问题的根本原因广为人知。","tatoeba:3960839/10635227","CC BY 2.0 FR"
"underlying","They used the Internet too much because they had some underlying problem that also caused them to neglect their child.","他们是因为患有一种使他门忽视孩子的基础精神病而过于上网。","tatoeba:1208552/1208550","CC BY 2.0 FR"
"unemployment","The unemployment rate went up to 5%.","失业率上升到5%。","tatoeba:264951/8935387","CC BY 2.0 FR"
"unemployment","The discussion focused on unemployment.","討論的重點是失業問題。","tatoeba:13427540/344245","CC BY 2.0 FR"
"unemployment","What is the unemployment rate at the moment?","目前的失業率是多少？","tatoeba:239563/616617","CC BY 2.0 FR"
"unique","I'm unique.","我很獨特。","tatoeba:9741287/13214821","CC BY 2.0 FR"
"unique","It's unique.","它很獨特。","tatoeba:12198115/13214809","CC BY 2.0 FR"
"unique","Tom is unique.","湯姆很獨特。","tatoeba:10507854/13214817","CC BY 2.0 FR"
"unity","Unity, justice and freedom are the pledge of fortune.","团结、公正和自由是幸福的保证。","tatoeba:433822/785816","CC BY 2.0 FR"
"universe","The universe is endless.","宇宙无穷无尽。","tatoeba:682267/1471141","CC BY 2.0 FR"
"universe","The universe is limitless.","宇宙浩瀚無邊。","tatoeba:928899/928900","CC BY 2.0 FR"
"universe","How was the universe formed?","宇宙是怎样形成的？","tatoeba:358137/358138","CC BY 2.0 FR"
"update","Let it update.","讓它更新。","tatoeba:8633834/13175373","CC BY 2.0 FR"
"update","Update the app.","更新應用程式。","tatoeba:9935336/13175369","CC BY 2.0 FR"
"update","Update my software.","更新我的軟體。","tatoeba:4515224/13175380","CC BY 2.0 FR"
"upgrade","You can upgrade your computer with more random access memory to make the PC faster.","您可以使用更多任何存取記憶體來升級您的電腦，以提高 PC 的運行速度。","tatoeba:3486985/13527700","CC BY 2.0 FR"
"upgrade","With this upgrade, one obvious impact is that users will be obliged to reset their passwords.","这次升级的一个明显影响是用户会被强制重置密码。","tatoeba:2938661/2938660","CC BY 2.0 FR"
"urban","Traffic is a major urban problem.","交通是都市的一個主要問題。","tatoeba:240309/786118","CC BY 2.0 FR"
"urban","Urban sprawl is environmentally damaging.","城市擴張會對環境造成破壞。","tatoeba:5924180/13180229","CC BY 2.0 FR"
"urban","What's new about this way of urban living?","这种新型的城市生活有什么特点？","tatoeba:765139/765138","CC BY 2.0 FR"
"urge","I urge you to tell him the truth.","我勸你告訴他實話。","tatoeba:285118/1178213","CC BY 2.0 FR"
"urge","Advertisements urge us to buy luxuries.","廣告慫恿我們買奢侈品。","tatoeba:273148/919907","CC BY 2.0 FR"
"urge","Lawyers will urge the parents to take further legal action.","律师们会力劝家长们采取进一步的法律行动。","tatoeba:4932026/4932027","CC BY 2.0 FR"
"utmost","This is a matter of the utmost importance.","这件事至关重要。","tatoeba:55708/332559","CC BY 2.0 FR"
"utmost","I see him eating and sleeping, sleeping and eating, playing games whenever, lazy in the utmost!","我看他，吃了又睡，睡了又吃，游戏打了又打，懒得不得了！","tatoeba:10631485/420136","CC BY 2.0 FR"
"utmost","We must make the utmost effort to reduce the use of plastic packaging, and also to recycle all waste plastic.","我们应该尽我们最大的努力减少塑料包装的使用，并回收所有的塑料废物。","tatoeba:736854/736853","CC BY 2.0 FR"
"vacant","There were several rooms still vacant.","还有几间空房。","tatoeba:32625/5900388","CC BY 2.0 FR"
"vacant","He was standing there with a vacant look.","他站在那里,一脸茫然。","tatoeba:292718/602901","CC BY 2.0 FR"
"vacant","Rooms should be left vacant by eleven a.m. on the day of departure.","走的那天，房间11点要空出来。","tatoeba:792265/804884","CC BY 2.0 FR"
"vain","He didn't die in vain.","他没有白死。","tatoeba:3962751/3710646","CC BY 2.0 FR"
"vain","Your death was not in vain.","你沒白死。","tatoeba:2062574/7558329","CC BY 2.0 FR"
"vain","All our efforts were in vain.","我们所有的努力都白费了。","tatoeba:23353/349673","CC BY 2.0 FR"
"valid","Valid until March 31, 1997.","有效期到1997年3月31日为止。","tatoeba:13246854/332767","CC BY 2.0 FR"
"valid","This ticket is valid for three days.","這張票的有效期是三天。","tatoeba:530682/905793","CC BY 2.0 FR"
"valid","This passport is valid for five years.","這本護照的有用期限為五年。","tatoeba:60673/358493","CC BY 2.0 FR"
"van","Don't you live in a van?","你不是住在货车里吗？","tatoeba:11619714/13881518","CC BY 2.0 FR"
"van","That red car hit the blue van.","那辆红色的汽车撞到了蓝色的卡车。","tatoeba:1242098/1242097","CC BY 2.0 FR"
"van","He imitated the works of Van Gogh.","他模仿了梵高的作品。","tatoeba:289854/430959","CC BY 2.0 FR"
"various","Tom has various bank accounts.","汤姆有多个银行账户。","tatoeba:3163026/10193691","CC BY 2.0 FR"
"various","She kept various kinds of pets.","她养各种不同的宠物。","tatoeba:310511/333709","CC BY 2.0 FR"
"various","Air is a mixture of various gases.","空氣是由許多種氣體組成的混合物。","tatoeba:18239/589826","CC BY 2.0 FR"
"vary","Opinions vary from person to person.","观点因人而异。","tatoeba:269908/1695461","CC BY 2.0 FR"
"vary","Social customs vary from country to country.","国家不同，习俗各异。","tatoeba:265341/334128","CC BY 2.0 FR"
"vary","China's territory is vast, thus the types of tea vary.","中国幅员辽阔,因而茶的品种繁多。","tatoeba:11274931/1700074","CC BY 2.0 FR"
"vast","The Sahara is a vast desert.","撒哈拉沙漠广袤无垠。","tatoeba:54060/1454464","CC BY 2.0 FR"
"vast","China's territory is vast, thus the types of tea vary.","中国幅员辽阔,因而茶的品种繁多。","tatoeba:11274931/1700074","CC BY 2.0 FR"
"vast","However vast the darkness, we must supply our own light.","不論黑暗多麼遼闊，我們都必須提供自身的光明。","tatoeba:4581040/4581045","CC BY 2.0 FR"
"vehicle","Lightning struck the vehicle.","閃電擊中了車子。","tatoeba:11772023/13807631","CC BY 2.0 FR"
"vehicle","Edmundo threw Rima off the vehicle.","埃德蒙多把里瑪從車上推下去了。","tatoeba:11753452/13861345","CC BY 2.0 FR"
"vent","I am really extremely angry, so I plan to smash things to vent my anger.","我實在氣得不得了，所以打算砸東西發洩。","tatoeba:12627162/1667396","CC BY 2.0 FR"
"vent","To have someone you can vent to nonstop, saying absolutely anything on your mind, this is rarer than anything else.","能向别人自顾自地单向倾诉、想说什么就说什么，这比什么都难得。","tatoeba:13979533/13979532","CC BY 2.0 FR"
"venture","Who will provide capital for the venture?","谁来为风险投资提供资金？","tatoeba:47257/332673","CC BY 2.0 FR"
"verbal","I don't need your verbal gentleness.","我不需要你口頭上的溫柔。","tatoeba:11149155/11122919","CC BY 2.0 FR"
"verdict","The jury's guilty verdict gave rise to widespread debate.","陪审团作出的犯罪判决激起了很大的争论。","tatoeba:282537/802860","CC BY 2.0 FR"
"verge","She was on the verge of crying.","她要哭出来了。","tatoeba:313675/796633","CC BY 2.0 FR"
"verge","He was just on the verge of going to sleep.","他快要睡了。","tatoeba:292808/8621495","CC BY 2.0 FR"
"verge","The poor child was on the verge of starvation.","那可憐的孩子快餓死了。","tatoeba:63451/1223762","CC BY 2.0 FR"
"verify","I can verify that that's the truth myself.","我自己能够证实那是真的。","tatoeba:5896421/1790109","CC BY 2.0 FR"
"verify","Concerning the content below, I want to verify two things.","关于下面的内容，我想确认两件事情。","tatoeba:7834137/1506939","CC BY 2.0 FR"
"versatile","The programming language Java is highly versatile.","编程语言JAVA非常多用途的。","tatoeba:2420824/8928662","CC BY 2.0 FR"
"verse","He translated the verse into English.","他把诗翻译成英语。","tatoeba:1315801/10021369","CC BY 2.0 FR"
"version","Buy the full version.","买完整版","tatoeba:1103947/1103944","CC BY 2.0 FR"
"version","I prefer this version.","我更偏向於這個版本。","tatoeba:1272070/10557501","CC BY 2.0 FR"
"version","I've heard the French version of this song.","我听过这首歌的法语版。","tatoeba:1318696/334620","CC BY 2.0 FR"
"veto","The President of the United States has the power to veto and send back legislation.","美國總統有權否決與退回法案。","tatoeba:10251096/6142490","CC BY 2.0 FR"
"vice","They nominated Calvin Coolidge for vice president.","他们提名卡尔文•柯立芝为副总统。","tatoeba:802664/5640773","CC BY 2.0 FR"
"vice","To change the units from metric to imperial and vice versa, the 'menu' button must be clicked.","要把公制單位換算成英制或反過來操作，鬚點擊“菜單”按鈕。","tatoeba:1131482/1170075","CC BY 2.0 FR"
"vicinity","We live in the vicinity of the school.","我們住在學校附近。","tatoeba:1042308/415941","CC BY 2.0 FR"
"vicious","The answer leads us to a vicious circle.","回答把我们带入了一个恶性循环。","tatoeba:2154/503262","CC BY 2.0 FR"
"victim","She is not the victim.","她不是受害者。","tatoeba:1159733/382441","CC BY 2.0 FR"
"victim","Who would be its next victim?","誰會是下一個受害者?","tatoeba:276338/779034","CC BY 2.0 FR"
"victim","She is the victim of this incident.","她是這件事的受害者。","tatoeba:7789282/5685753","CC BY 2.0 FR"
"violate","I'll never violate a law again.","我不会再违法了。","tatoeba:9807293/1408100","CC BY 2.0 FR"
"violate","I will never violate a law again.","我不会再违法了。","tatoeba:321796/1408100","CC BY 2.0 FR"
"violent","We weren't violent enough.","我们不够强硬。","tatoeba:13054824/13054871","CC BY 2.0 FR"
"violent","She's violent right now. It'd be better to avoid her.","她现在很暴力。最好避着点。","tatoeba:398725/796803","CC BY 2.0 FR"
"violent","Cruelty in young people is fostered by violent movies and PC games.","暴力電影和電腦遊戲助長了年輕人的殘暴行為。","tatoeba:8119371/13527594","CC BY 2.0 FR"
"virgin","Are you still a virgin?","你還是處男嗎?","tatoeba:1647222/1647221","CC BY 2.0 FR"
"virtual","Have you ever tried virtual reality?","你有沒有體驗過虛擬實境？","tatoeba:6025325/13109193","CC BY 2.0 FR"
"virtue","Honesty is a virtue.","誠實是一種美德。","tatoeba:271659/433922","CC BY 2.0 FR"
"virtue","Frugality is a virtue.","节约是一种美德。","tatoeba:10673885/1570793","CC BY 2.0 FR"
"virtue","Honesty is a capital virtue.","诚信是一种重要的美德。","tatoeba:271678/332612","CC BY 2.0 FR"
"visa","I applied for a visa.","我申请了签证。","tatoeba:34786/512510","CC BY 2.0 FR"
"visa","You don't need a visa.","你不需要簽證。","tatoeba:9627619/10335154","CC BY 2.0 FR"
"visa","I beg you, give me a visa.","拜托您，请给我一张签证。","tatoeba:392292/392293","CC BY 2.0 FR"
"vision","I had a vision.","我有一个设想。","tatoeba:1887332/5091184","CC BY 2.0 FR"
"vision","Please check my vision.","請驗驗我的視力。","tatoeba:263383/344970","CC BY 2.0 FR"
"vision","I'll check your vision.","我要來檢查你的視力。","tatoeba:263384/1221044","CC BY 2.0 FR"
"vital","The elevators in a skyscraper are vital systems.","摩天大厦里的电梯是至关重要的。","tatoeba:2186/718422","CC BY 2.0 FR"
"vocal","Public feeling against air pollution has at last become vocal.","公众终于对关于空气污染的意见直言不讳了。","tatoeba:275652/2145918","CC BY 2.0 FR"
"vocational","Do you enjoy your vocational field?","你喜欢你的职业吗？","tatoeba:3446742/3378238","CC BY 2.0 FR"
"void","This contract is null and void.","这份合同没有法律效力。","tatoeba:7861634/9958559","CC BY 2.0 FR"
"void","Her words were wholly void of meaning.","她的話毫無意義。","tatoeba:309258/13958065","CC BY 2.0 FR"
"volume","Could you lower the volume?","你可以把音量調低一點嗎？","tatoeba:7774153/692051","CC BY 2.0 FR"
"volume","Where's the volume control?","音量調節在哪裡？","tatoeba:8511001/13108740","CC BY 2.0 FR"
"volume","Turn down the volume, please.","麻煩你把音量調低一點。","tatoeba:25380/394912","CC BY 2.0 FR"
"voluntary","She can only go to the company to do voluntary work on Sundays.","她星期天也只能去公司做义务劳动了。","tatoeba:7790148/900749","CC BY 2.0 FR"
"volunteer","Tom was the first person to volunteer.","汤姆是第一个志愿参与的人。","tatoeba:5915633/13897755","CC BY 2.0 FR"
"vulgar","Her behaviour is very vulgar.","她的行为很粗俗。","tatoeba:7800738/2081717","CC BY 2.0 FR"
"vulgar","She is extremely vulgar in her speech.","她讲话非常俗气。","tatoeba:317520/2031459","CC BY 2.0 FR"
"vulgar","You could say it that way, but it's quite vulgar.","可以这样说，但是太不文明了。","tatoeba:2306772/2298597","CC BY 2.0 FR"
"vulnerable","We're still vulnerable.","我们还是脆弱不堪。","tatoeba:2240668/5613651","CC BY 2.0 FR"
"vulnerable","Because of a flaw in the original design, our website is vulnerable to SQL injection attacks.","由于最初设计中的一个缺陷，我们的网站易受到SQL注入攻击。","tatoeba:2915506/2915505","CC BY 2.0 FR"
"wallet","I lost my wallet.","我掉了我的钱包。","tatoeba:436781/344189","CC BY 2.0 FR"
"wallet","I've lost my wallet.","我掉了我的钱包。","tatoeba:2674574/344189","CC BY 2.0 FR"
"wallet","I have lost my wallet.","我掉了我的钱包。","tatoeba:1666/344189","CC BY 2.0 FR"
"warehouse","Hide it inside the warehouse for now.","暫時藏在倉庫裡好了。","tatoeba:11272607/1667237","CC BY 2.0 FR"
"warehouse","Tom waited for Mary in front of the warehouse.","湯姆在倉庫前等瑪麗。","tatoeba:2988562/6630019","CC BY 2.0 FR"
"warehouse","Who was it that forgot to lock the door of the warehouse?","是誰忘了把倉庫的門鎖上？","tatoeba:273976/679835","CC BY 2.0 FR"
"warfare","The art of modern warfare does not necessarily require soldiers to be armed to the teeth to be effective as combatants.","現代戰術並無指明士兵必須全副武裝上陣才能發揮其最大的戰鬥力。","tatoeba:18656/1097586","CC BY 2.0 FR"
"warrant","We have a warrant to search your apartment.","我们有权搜查你的公寓。","tatoeba:3728635/5631908","CC BY 2.0 FR"
"wealth","Wealth is relative.","財富是相對的。","tatoeba:2662467/13199812","CC BY 2.0 FR"
"wealth","Harmony brings wealth.","家和万事兴。","tatoeba:13277866/2555373","CC BY 2.0 FR"
"wealth","Health is above wealth.","健康比财富重要。","tatoeba:238971/346072","CC BY 2.0 FR"
"wealthy","They were wealthy.","他們曾經很富有。","tatoeba:3729804/10299955","CC BY 2.0 FR"
"wealthy","She's quite wealthy.","她挺富有。","tatoeba:2661987/6307286","CC BY 2.0 FR"
"wealthy","I think Tom is wealthy.","我觉得汤姆很富。","tatoeba:3183938/8881248","CC BY 2.0 FR"
"weapon","It's a weapon.","这是一种武器。","tatoeba:1894603/1894913","CC BY 2.0 FR"
"weapon","Give me that weapon.","把那件武器給我。","tatoeba:3151484/10706719","CC BY 2.0 FR"
"weapon","Put your weapon down.","把你的武器放下。","tatoeba:3155585/6678460","CC BY 2.0 FR"
"weary","A foolish head makes for weary feet.","愚笨的頭腦使腿受苦。","tatoeba:8658244/771098","CC BY 2.0 FR"
"web","He studies French and web design.","他又学法语，又学怎么做网站。","tatoeba:414890/380550","CC BY 2.0 FR"
"web","What's your favorite web browser?","你最喜欢哪一个网络浏览器？","tatoeba:906941/948006","CC BY 2.0 FR"
"web","Perhaps it's because the web is slow.","可能是因为网速太慢。","tatoeba:4736767/1766302","CC BY 2.0 FR"
"weird","How weird!","真奇怪。","tatoeba:4462562/1705791","CC BY 2.0 FR"
"weird","That's weird.","奇怪。","tatoeba:320329/917754","CC BY 2.0 FR"
"weird","This is weird.","奇怪。","tatoeba:1898083/917754","CC BY 2.0 FR"
"whereas","Mary is a very promising student, whereas Tom promises much but achieves little.","瑪麗是個很有前途的學生，而湯姆則是光說不練。","tatoeba:11742838/13858609","CC BY 2.0 FR"
"withdraw","Excuse me, can I withdraw some money?","不好意思，我可以取一點錢嗎？","tatoeba:13238027/13519199","CC BY 2.0 FR"
"withdraw","I'm going to the bank to withdraw money.","我去银行取钱。","tatoeba:9307604/8423582","CC BY 2.0 FR"
"withdraw","You may as well withdraw from the club right away.","你還不如立刻退出這個俱樂部。","tatoeba:15890/772040","CC BY 2.0 FR"
"witness","Have you ever served as a witness in a court case?","你曾是一宗司法案件的证人？","tatoeba:1299114/1284197","CC BY 2.0 FR"
"witness","We speak that we do know, and testify that we have seen; and ye receive not our witness.","我們說我們所知道的，為我們所看到的作證；你們卻不接受我們的見證。","tatoeba:29100/834534","CC BY 2.0 FR"
"worthwhile","I think it is worthwhile to see this film twice.","我覺得這部電影值得一看再看。","tatoeba:60256/385961","CC BY 2.0 FR"
"worthwhile","The hard work was worthwhile because I passed the exam.","努力是值得的，因为我考过关了。","tatoeba:323554/7012157","CC BY 2.0 FR"
"worthy","His behavior is worthy of respect.","他的行为值得尊重。","tatoeba:286814/1395067","CC BY 2.0 FR"
"worthy","Your proposal is worthy of being considered.","你的提议值得考虑。","tatoeba:70452/332904","CC BY 2.0 FR"
"worthy","He thought, If I don't study hard, how can I be worthy of my countrymen?","他想，如果不好好学习，怎么对得起祖国的人民呢？","tatoeba:8640056/3709356","CC BY 2.0 FR"
"wreck","A stewardess was rescued from the wreck.","一名空姐從飛機殘骸中被救出來了。","tatoeba:51965/801462","CC BY 2.0 FR"
"wreck","A hundred people were hurt in a train wreck.","一百多个人在一个火车事故中受了伤。","tatoeba:682499/816524","CC BY 2.0 FR"
"wreck","After the hurricane, their house was a wreck.","暴风雨过后，他们的房子成了废墟。","tatoeba:682498/816508","CC BY 2.0 FR"
"yacht","Our yacht club has ten members.","我们的游艇俱乐部里有十个会员。","tatoeba:23451/4262253","CC BY 2.0 FR"
"yacht","The yacht sailed around a buoy.","游艇绕浮标航行。","tatoeba:29895/9974952","CC BY 2.0 FR"
"yell","Don't yell at me.","別對著我吼。","tatoeba:250169/1422756","CC BY 2.0 FR"
"yell","I didn't mean to yell.","我沒想叫的。","tatoeba:2275892/13137889","CC BY 2.0 FR"
"yell","Do not yell into my ear.","別在我耳邊大叫。","tatoeba:5573316/5500591","CC BY 2.0 FR"
"yield","I would rather die than yield.","我寧可死也不屈服。","tatoeba:241204/789318","CC BY 2.0 FR"
"yield","You must not yield to temptation.","你不應該屈服在誘惑之下。","tatoeba:324512/1228964","CC BY 2.0 FR"
"yield","These fields yield an abundant harvest.","这些田有很多收获。","tatoeba:12114610/2879162","CC BY 2.0 FR"
