spelling,phonetic,part_of_speech,definition_cn,example_en,example_cn,tags
abandon,ә'bændәn,vt.,"vt. 放弃, 抛弃, 遗弃, 使屈从, 沉溺, 放纵\nn. 放任, 无拘束, 狂热","The word ""abandon"" appears in many academic texts.||Try to use ""abandon"" in a sentence.",“abandon”常见于学术阅读中。||请尝试用“abandon”造句。,cet6-core source:ecdict family:abandoned family:abandoning family:abandons
abnormal,æb'nɒ:mәl,adj.,"a. 反常的, 不规则的, 变态的, 畸形的\nn. 畸形的人","The word ""abnormal"" appears in many academic texts.||Try to use ""abnormal"" in a sentence.",“abnormal”常见于学术阅读中。||请尝试用“abnormal”造句。,cet6-core source:ecdict family:abnormals
abolish,ә'bɒliʃ,vt.,"vt. 废止, 革除, 消灭\n[经] 废除, 取消, 裁撤","The word ""abolish"" appears in many academic texts.||Try to use ""abolish"" in a sentence.",“abolish”常见于学术阅读中。||请尝试用“abolish”造句。,cet6-core source:ecdict family:abolished family:abolishing family:abolishes
abortion,ә'bɒ:ʃәn,n.,"n. 流产, 堕胎, 失败, 夭折, 中止\n[医] 流产, 小产; 顿挫","The word ""abortion"" appears in many academic texts.||Try to use ""abortion"" in a sentence.",“abortion”常见于学术阅读中。||请尝试用“abortion”造句。,cet6-core source:ecdict family:abortions
abrupt,ә'brʌpt,adj.,"a. 突然的, 唐突的, 陡峭的, 不连贯的","The word ""abrupt"" appears in many academic texts.||Try to use ""abrupt"" in a sentence.",“abrupt”常见于学术阅读中。||请尝试用“abrupt”造句。,cet6-core source:ecdict
absence,'æbsәns,n.,"n. 缺席, 缺乏, 没有\n[医] 失神","The word ""absence"" appears in many academic texts.||Try to use ""absence"" in a sentence.",“absence”常见于学术阅读中。||请尝试用“absence”造句。,cet6-core source:ecdict family:absences
absorb,әb'sɒ:b,vt.,"vt. 吸收, 使全神贯注, 同化, 买进, 理解, 承受, 忍受, 承担\n[医] 吸收","The word ""absorb"" appears in many academic texts.||Try to use ""absorb"" in a sentence.",“absorb”常见于学术阅读中。||请尝试用“absorb”造句。,cet6-core source:ecdict family:absorbed family:absorbs family:absorbing
abstract,'æbstrækt,adj.,"a. 抽象的, 深奥的\nn. 摘要, 抽象概念\nvt. 摘要, 提炼, 使抽象化\n[计] 摘录; 摘要; 抽象","The word ""abstract"" appears in many academic texts.||Try to use ""abstract"" in a sentence.",“abstract”常见于学术阅读中。||请尝试用“abstract”造句。,cet6-core source:ecdict family:abstracts family:abstracted family:abstracting
absurd,әb'sә:d,adj.,"a. 荒谬的, 不合理的, 可笑的\nn. 荒诞","The word ""absurd"" appears in many academic texts.||Try to use ""absurd"" in a sentence.",“absurd”常见于学术阅读中。||请尝试用“absurd”造句。,cet6-core source:ecdict family:absurds
abundance,ә'bʌndәns,n.,"n. 丰富, 充足, 大量\n[经] 丰富, 充裕","The word ""abundance"" appears in many academic texts.||Try to use ""abundance"" in a sentence.",“abundance”常见于学术阅读中。||请尝试用“abundance”造句。,cet6-core source:ecdict family:abundances
abundant,ә'bʌndәnt,adj.,"a. 丰富的, 充分的, 大量的","The word ""abundant"" appears in many academic texts.||Try to use ""abundant"" in a sentence.",“abundant”常见于学术阅读中。||请尝试用“abundant”造句。,cet6-core source:ecdict
abuse,ә'bju:s.ә'bju:z,n.,"n. 滥用, 虐待, 恶习, 辱骂\nvt. 滥用, 辱骂, 虐待","The word ""abuse"" appears in many academic texts.||Try to use ""abuse"" in a sentence.",“abuse”常见于学术阅读中。||请尝试用“abuse”造句。,cet6-core source:ecdict family:abused family:abuses family:abusing
academic,.ækә'demik,adj.,"a. 学院的, 学术的, 不切实际的\nn. 大学生, 大学教师, 学者, 学会会员","The word ""academic"" appears in many academic texts.||Try to use ""academic"" in a sentence.",“academic”常见于学术阅读中。||请尝试用“academic”造句。,cet6-core source:ecdict family:academics
accelerate,әk'selәreit,v.,"v. 加速, 促进","The word ""accelerate"" appears in many academic texts.||Try to use ""accelerate"" in a sentence.",“accelerate”常见于学术阅读中。||请尝试用“accelerate”造句。,cet6-core source:ecdict family:accelerated family:accelerating family:accelerates
acceptance,әk'septәns,n.,"n. 接受, 接纳, 承认, 同意, 赞同, 容忍, 相信\n[经] 承兑, 认付, (工程)验收","The word ""acceptance"" appears in many academic texts.||Try to use ""acceptance"" in a sentence.",“acceptance”常见于学术阅读中。||请尝试用“acceptance”造句。,cet6-core source:ecdict family:acceptances
access,'ækses,n.,"n. 通路, 入口, 接近, 进入, 使用权, 发作\nvt. 访问, 存取, 接近, 使用\n[计] 访问, 存取","The word ""access"" appears in many academic texts.||Try to use ""access"" in a sentence.",“access”常见于学术阅读中。||请尝试用“access”造句。,cet6-core source:ecdict family:accessed family:accessing family:accesses
accessory,әk'sesәri,n.,"n. 附件, 零件, 附加物, 从犯, 同谋\na. 附属的, 补充的, 同谋的, 帮凶的, 非主要的, 副的\n[计] 附件","The word ""accessory"" appears in many academic texts.||Try to use ""accessory"" in a sentence.",“accessory”常见于学术阅读中。||请尝试用“accessory”造句。,cet6-core source:ecdict family:accessories
accident,'æksidәnt,n.,"n. 意外事件, 机遇, 事故, 次要方面\n[化] 意外事故; 事故","The word ""accident"" appears in many academic texts.||Try to use ""accident"" in a sentence.",“accident”常见于学术阅读中。||请尝试用“accident”造句。,cet6-core source:ecdict family:accidents
accommodate,ә'kɒmәdeit,vt.,"vt. 使适应, 调和, 通融, 容纳, 向...提供\nvi. 适应","The word ""accommodate"" appears in many academic texts.||Try to use ""accommodate"" in a sentence.",“accommodate”常见于学术阅读中。||请尝试用“accommodate”造句。,cet6-core source:ecdict family:accommodated family:accommodating family:accommodates
accommodation,ә.kɒmә'deiʃәn,n.,"n. 膳宿, 预订铺位, 适应性调节, 调和, 贷款\n[医] 调节(眼); 适应","The word ""accommodation"" appears in many academic texts.||Try to use ""accommodation"" in a sentence.",“accommodation”常见于学术阅读中。||请尝试用“accommodation”造句。,cet6-core source:ecdict family:accommodations
accomplish,ә'kʌmpliʃ,vt.,"vt. 完成, 达到, 实现, 使完美","The word ""accomplish"" appears in many academic texts.||Try to use ""accomplish"" in a sentence.",“accomplish”常见于学术阅读中。||请尝试用“accomplish”造句。,cet6-core source:ecdict family:accomplished family:accomplishing family:accomplishes
accord,ә'kɒ:d,n.,"n. 一致, 调和, 协定\nvt. 给与, 使一致\nvi. 相符合","The word ""accord"" appears in many academic texts.||Try to use ""accord"" in a sentence.",“accord”常见于学术阅读中。||请尝试用“accord”造句。,cet6-core source:ecdict family:according family:accorded family:accords
accordance,ә'kɒ:dәns,n.,"n. 一致, 和谐","The word ""accordance"" appears in many academic texts.||Try to use ""accordance"" in a sentence.",“accordance”常见于学术阅读中。||请尝试用“accordance”造句。,cet6-core source:ecdict
account,ә'kaunt,n.,"n. 报告, 解释, 估价, 理由, 利润, 算账, 帐目\nvi. 报帐, 解释, 导致, 报偿, 占, 杀死\nvt. 认为\n[计] 帐户, 帐号","The word ""account"" appears in many academic texts.||Try to use ""account"" in a sentence.",“account”常见于学术阅读中。||请尝试用“account”造句。,cet6-core source:ecdict family:accounts family:accounted family:accounting
accumulate,ә'kju:mjuleit,v.,"v. 积聚, 堆积","The word ""accumulate"" appears in many academic texts.||Try to use ""accumulate"" in a sentence.",“accumulate”常见于学术阅读中。||请尝试用“accumulate”造句。,cet6-core source:ecdict family:accumulated family:accumulating family:accumulates
accurate,'ækjurәt,adj.,"a. 正确的, 精确的\n[经] 准确的, 精确的","The word ""accurate"" appears in many academic texts.||Try to use ""accurate"" in a sentence.",“accurate”常见于学术阅读中。||请尝试用“accurate”造句。,cet6-core source:ecdict
accuse,ә'kju:z,vt.,"vt. 指责, 控告, 归咎于\nvi. 指责, 控告","The word ""accuse"" appears in many academic texts.||Try to use ""accuse"" in a sentence.",“accuse”常见于学术阅读中。||请尝试用“accuse”造句。,cet6-core source:ecdict family:accused family:accusing family:accuses
accustomed,ә'kʌstәmd,adj.,"a. 惯常的, 习惯了的","The word ""accustomed"" appears in many academic texts.||Try to use ""accustomed"" in a sentence.",“accustomed”常见于学术阅读中。||请尝试用“accustomed”造句。,cet6-core source:ecdict family:dp
achievement,ә'tʃi:vmәnt,n.,"n. 完成, 成就, 功业","The word ""achievement"" appears in many academic texts.||Try to use ""achievement"" in a sentence.",“achievement”常见于学术阅读中。||请尝试用“achievement”造句。,cet6-core source:ecdict family:achievements
acid,'æsid,n.,"n. 酸, 酸类物质, 尖刻, 迷幻药\na. 酸的, 酸性的, 尖刻的, 敏锐的\n[计] 自动文档互参与索引生成程序","The word ""acid"" appears in many academic texts.||Try to use ""acid"" in a sentence.",“acid”常见于学术阅读中。||请尝试用“acid”造句。,cet6-core source:ecdict family:acids
acknowledge,әk'nɒlidʒ,vt.,"vt. 承认, 告知收悉, 答谢, 报偿\n[经] 承认, 答谢, 收到的通知","The word ""acknowledge"" appears in many academic texts.||Try to use ""acknowledge"" in a sentence.",“acknowledge”常见于学术阅读中。||请尝试用“acknowledge”造句。,cet6-core source:ecdict family:acknowledged family:acknowledges family:acknowledging
acquaint,ә'kweint,vt.,"vt. 使认识, 介绍","The word ""acquaint"" appears in many academic texts.||Try to use ""acquaint"" in a sentence.",“acquaint”常见于学术阅读中。||请尝试用“acquaint”造句。,cet6-core source:ecdict family:acquainted family:acquainting family:acquaints
acquaintance,ә'kweintәns,n.,"n. 认识, 相识者","The word ""acquaintance"" appears in many academic texts.||Try to use ""acquaintance"" in a sentence.",“acquaintance”常见于学术阅读中。||请尝试用“acquaintance”造句。,cet6-core source:ecdict family:acquaintances
acquire,ә'kwaiә,vt.,"vt. 获得, 学到\n[电] 目标锁定","The word ""acquire"" appears in many academic texts.||Try to use ""acquire"" in a sentence.",“acquire”常见于学术阅读中。||请尝试用“acquire”造句。,cet6-core source:ecdict family:acquired family:acquiring family:acquires
activate,'æktiveit,vt.,"vt. 使活动, 使激活, 正式建成\nvi. 有活力","The word ""activate"" appears in many academic texts.||Try to use ""activate"" in a sentence.",“activate”常见于学术阅读中。||请尝试用“activate”造句。,cet6-core source:ecdict family:activated family:activating family:activates
acute,ә'kju:t,adj.,"a. 尖锐的, 敏锐的, 激烈的, 严重的, 急性的\n[医] 急性的; 尖锐的","The word ""acute"" appears in many academic texts.||Try to use ""acute"" in a sentence.",“acute”常见于学术阅读中。||请尝试用“acute”造句。,cet6-core source:ecdict family:acutes family:acutest
adapt,ә'dæpt,vt.,"vt. 使适应, 改编\nvi. 适应","The word ""adapt"" appears in many academic texts.||Try to use ""adapt"" in a sentence.",“adapt”常见于学术阅读中。||请尝试用“adapt”造句。,cet6-core source:ecdict family:adapted family:adapting family:adapts
addict,ә'dikt,vt.,"vt. 使沉溺, 使上瘾\nn. 入迷的人, 上瘾者","The word ""addict"" appears in many academic texts.||Try to use ""addict"" in a sentence.",“addict”常见于学术阅读中。||请尝试用“addict”造句。,cet6-core source:ecdict family:addicted family:addicts family:addicting
addition,ә'diʃәn,n.,"n. 加法, 增加的人(或物)\n[计] 加法","The word ""addition"" appears in many academic texts.||Try to use ""addition"" in a sentence.",“addition”常见于学术阅读中。||请尝试用“addition”造句。,cet6-core source:ecdict family:additions
additional,ә'diʃәnәl,adj.,"a. 附加的, 另外的, 额外的\n[机] 加添的, 附加的","The word ""additional"" appears in many academic texts.||Try to use ""additional"" in a sentence.",“additional”常见于学术阅读中。||请尝试用“additional”造句。,cet6-core source:ecdict
adequate,'ædikwәt,adj.,"a. 适当的, 足够的\n[法] 胜任的, 适当的, 充分的","The word ""adequate"" appears in many academic texts.||Try to use ""adequate"" in a sentence.",“adequate”常见于学术阅读中。||请尝试用“adequate”造句。,cet6-core source:ecdict
adhere,әd'hiә,vi.,"vi. 依附, 粘着, 坚持, 追随, 拥护\nvt. 使粘附","The word ""adhere"" appears in many academic texts.||Try to use ""adhere"" in a sentence.",“adhere”常见于学术阅读中。||请尝试用“adhere”造句。,cet6-core source:ecdict family:adhered family:adhering family:adheres
adjacent,ә'dʒeisәnt,adj.,"a. 毗连的, 邻近的, 连接的\n[机] 相邻的, 邻位的, 交界的","The word ""adjacent"" appears in many academic texts.||Try to use ""adjacent"" in a sentence.",“adjacent”常见于学术阅读中。||请尝试用“adjacent”造句。,cet6-core source:ecdict
adjoin,ә'dʒɒin,v.,"v. 邻接, 毗连","The word ""adjoin"" appears in many academic texts.||Try to use ""adjoin"" in a sentence.",“adjoin”常见于学术阅读中。||请尝试用“adjoin”造句。,cet6-core source:ecdict family:adjoining family:adjoins family:adjoined
adjust,ә'dʒʌst,vt.,"vt. 调整, 使适应于, 校准\nvi. 适应于, 被调节, 相互熟悉而适应","The word ""adjust"" appears in many academic texts.||Try to use ""adjust"" in a sentence.",“adjust”常见于学术阅读中。||请尝试用“adjust”造句。,cet6-core source:ecdict family:adjusted family:adjusting family:adjusts
administration,әd.mini'streiʃәn,n.,"n. 行政, 管理, 政府机关\n[化] 给药","The word ""administration"" appears in many academic texts.||Try to use ""administration"" in a sentence.",“administration”常见于学术阅读中。||请尝试用“administration”造句。,cet6-core source:ecdict family:administrations
admit,әd'mit,vt.,"vt. 承认, 接受, 允许进入, 容许\nvi. 开向, 容许, 承认","The word ""admit"" appears in many academic texts.||Try to use ""admit"" in a sentence.",“admit”常见于学术阅读中。||请尝试用“admit”造句。,cet6-core source:ecdict family:admitted family:admits family:admitting
adolescent,.ædәu'lesәnt,adj.,"a. 青春期的, 青少年的\nn. 青少年","The word ""adolescent"" appears in many academic texts.||Try to use ""adolescent"" in a sentence.",“adolescent”常见于学术阅读中。||请尝试用“adolescent”造句。,cet6-core source:ecdict family:adolescents
adopt,ә'dɒpt,vt.,"vt. 采用, 正式通过, 收养, 接受\n[医] 采取","The word ""adopt"" appears in many academic texts.||Try to use ""adopt"" in a sentence.",“adopt”常见于学术阅读中。||请尝试用“adopt”造句。,cet6-core source:ecdict family:adopted family:adopting family:adopts
adore,ә'dɒ:,vt.,"vt. 崇拜, 爱慕, 喜爱\nvi. 崇拜, 爱慕","The word ""adore"" appears in many academic texts.||Try to use ""adore"" in a sentence.",“adore”常见于学术阅读中。||请尝试用“adore”造句。,cet6-core source:ecdict family:adored family:adores family:adoring
advantage,әd'vɑ:ntidʒ,n.,"n. 优点, 便利, 好处, 优势\nvt. 有助于","The word ""advantage"" appears in many academic texts.||Try to use ""advantage"" in a sentence.",“advantage”常见于学术阅读中。||请尝试用“advantage”造句。,cet6-core source:ecdict family:advantages family:advantaged family:advantaging
adverse,'ædvә:s,adj.,"a. 不利的, 敌对的, 相反的, 逆的\n[法] 相反的, 敌对的, 逆的","The word ""adverse"" appears in many academic texts.||Try to use ""adverse"" in a sentence.",“adverse”常见于学术阅读中。||请尝试用“adverse”造句。,cet6-core source:ecdict
advocate,'ædvәkeit,n.,"n. 提倡者, 拥护者\nvt. 主张, 提倡","The word ""advocate"" appears in many academic texts.||Try to use ""advocate"" in a sentence.",“advocate”常见于学术阅读中。||请尝试用“advocate”造句。,cet6-core source:ecdict family:advocated family:advocates family:advocating
aerial,'єәriәl,adj.,"a. 空中的, 航空的, 空气的, 空想的\nn. 天线","The word ""aerial"" appears in many academic texts.||Try to use ""aerial"" in a sentence.",“aerial”常见于学术阅读中。||请尝试用“aerial”造句。,cet6-core source:ecdict family:aerials
aesthetic,i:s'θetik,adj.,"a. 美学的, 审美的, 有美感的","The word ""aesthetic"" appears in many academic texts.||Try to use ""aesthetic"" in a sentence.",“aesthetic”常见于学术阅读中。||请尝试用“aesthetic”造句。,cet6-core source:ecdict
affection,ә'fekʃәn,n.,"n. 影响, 病, 喜爱, 情感, 倾向\n[医] 疾患, 病变, 病; 感情","The word ""affection"" appears in many academic texts.||Try to use ""affection"" in a sentence.",“affection”常见于学术阅读中。||请尝试用“affection”造句。,cet6-core source:ecdict family:affections
affiliate,ә'filieit,vt.,"vt. 使紧密联系, 使附属, 接纳, 收养\nvi. 发生联系, 参加","The word ""affiliate"" appears in many academic texts.||Try to use ""affiliate"" in a sentence.",“affiliate”常见于学术阅读中。||请尝试用“affiliate”造句。,cet6-core source:ecdict family:affiliated family:affiliates family:affiliating
affirm,ә'fә:m,v.,"v. 断言, 确认","The word ""affirm"" appears in many academic texts.||Try to use ""affirm"" in a sentence.",“affirm”常见于学术阅读中。||请尝试用“affirm”造句。,cet6-core source:ecdict family:affirmed family:affirming family:affirms
afflict,ә'flikt,vt.,"vt. 使苦恼, 折磨","The word ""afflict"" appears in many academic texts.||Try to use ""afflict"" in a sentence.",“afflict”常见于学术阅读中。||请尝试用“afflict”造句。,cet6-core source:ecdict family:afflicted family:afflicts family:afflicting
aggregate,'ægrigәt,n.,"n. 合计, 总计, 聚集体\na. 合计的, 聚集的\nv. 聚集, 集合, 合计达\n[计] 聚合体; 聚集","The word ""aggregate"" appears in many academic texts.||Try to use ""aggregate"" in a sentence.",“aggregate”常见于学术阅读中。||请尝试用“aggregate”造句。,cet6-core source:ecdict family:aggregates family:aggregated family:aggregating
aggressive,ә'gresiv,adj.,"a. 侵略的, 挑畔的, 进取的\n[法] 侵略的, 爱挑衅的, 行为过火的","The word ""aggressive"" appears in many academic texts.||Try to use ""aggressive"" in a sentence.",“aggressive”常见于学术阅读中。||请尝试用“aggressive”造句。,cet6-core source:ecdict
agony,'ægәni,n.,"n. 极大的痛苦, 挣扎\n[医] 濒死苦闷; 剧痛","The word ""agony"" appears in many academic texts.||Try to use ""agony"" in a sentence.",“agony”常见于学术阅读中。||请尝试用“agony”造句。,cet6-core source:ecdict family:agonies
agreeable,ә'griәbl,adj.,"a. 令人愉快的, 同意的\n[医] 佳适的","The word ""agreeable"" appears in many academic texts.||Try to use ""agreeable"" in a sentence.",“agreeable”常见于学术阅读中。||请尝试用“agreeable”造句。,cet6-core source:ecdict
aid,eid,n.,"n. 帮助, 外援, 助手\nvt. 援助, 帮助, 有助于\nvi. 帮助\n[计] 自动内部诊断","The word ""aid"" appears in many academic texts.||Try to use ""aid"" in a sentence.",“aid”常见于学术阅读中。||请尝试用“aid”造句。,cet6-core source:ecdict family:aids family:aided family:aiding
air-condition,"'eәkәn,diʃən",vt.,"vt. 设以空调设备, 用空调调节","The word ""air-condition"" appears in many academic texts.||Try to use ""air-condition"" in a sentence.",“air-condition”常见于学术阅读中。||请尝试用“air-condition”造句。,cet6-core source:ecdict family:air-conditioning family:air-conditioned family:air-conditions
aisle,ail,n.,"n. 走廊, 侧廊, 过道\n[机] 走道","The word ""aisle"" appears in many academic texts.||Try to use ""aisle"" in a sentence.",“aisle”常见于学术阅读中。||请尝试用“aisle”造句。,cet6-core source:ecdict family:aisles
alarm,ә'lɑ:m,n.,"n. 惊恐, 警报, 警钟\nvt. 使惊恐, 警告\n[计] 报警信号","The word ""alarm"" appears in many academic texts.||Try to use ""alarm"" in a sentence.",“alarm”常见于学术阅读中。||请尝试用“alarm”造句。,cet6-core source:ecdict family:alarms family:alarmed family:alarming
album,'ælbәm,n.,"n. 粘贴簿, 唱片套\n[医] 白色物","The word ""album"" appears in many academic texts.||Try to use ""album"" in a sentence.",“album”常见于学术阅读中。||请尝试用“album”造句。,cet6-core source:ecdict family:albums
alcohol,'ælkәhɒl,n.,"n. 酒精, 酒\n[化] 醇; 乙醇; 酒精","The word ""alcohol"" appears in many academic texts.||Try to use ""alcohol"" in a sentence.",“alcohol”常见于学术阅读中。||请尝试用“alcohol”造句。,cet6-core source:ecdict family:alcohols
alert,ә'lә:t,adj.,"a. 警觉的, 灵敏的, 留心的\nn. 警报\nvt. 使警觉, 通知, 使意识到","The word ""alert"" appears in many academic texts.||Try to use ""alert"" in a sentence.",“alert”常见于学术阅读中。||请尝试用“alert”造句。,cet6-core source:ecdict family:alerted family:alerting family:alerts
alien,'eiljәn,n.,"n. 外国人, 外侨\na. 外国的, 相异的","The word ""alien"" appears in many academic texts.||Try to use ""alien"" in a sentence.",“alien”常见于学术阅读中。||请尝试用“alien”造句。,cet6-core source:ecdict family:aliens family:aliening family:aliened
alienate,'eiljәneit,vt.,"vt. 使疏远, 离间, 转让\n[法] 转让, 让与, 疏远","The word ""alienate"" appears in many academic texts.||Try to use ""alienate"" in a sentence.",“alienate”常见于学术阅读中。||请尝试用“alienate”造句。,cet6-core source:ecdict family:alienated family:alienating family:alienates
allege,ә'ledʒ,vt.,"vt. 宣称, 主张, 提出, 断言\n[法] 断言, 指称, 指证","The word ""allege"" appears in many academic texts.||Try to use ""allege"" in a sentence.",“allege”常见于学术阅读中。||请尝试用“allege”造句。,cet6-core source:ecdict family:alleged family:alleging family:alleges
alleviate,ә'li:vieit,vt.,"vt. 减轻, 使缓和","The word ""alleviate"" appears in many academic texts.||Try to use ""alleviate"" in a sentence.",“alleviate”常见于学术阅读中。||请尝试用“alleviate”造句。,cet6-core source:ecdict family:alleviated family:alleviating family:alleviates
alliance,ә'laiәns,n.,"n. 联盟, 联合\n[法] 同盟, 联盟, 联姻","The word ""alliance"" appears in many academic texts.||Try to use ""alliance"" in a sentence.",“alliance”常见于学术阅读中。||请尝试用“alliance”造句。,cet6-core source:ecdict family:alliances
allocate,'ælәukeit,vt.,"vt. 分派, 分配\n[计] 分配","The word ""allocate"" appears in many academic texts.||Try to use ""allocate"" in a sentence.",“allocate”常见于学术阅读中。||请尝试用“allocate”造句。,cet6-core source:ecdict family:allocated family:allocating family:allocates
alloy,'ælɒi. ә'lɒi,n.,"n. 合金\nvt. 将...铸成合金, 减低成色\nvi. 合铸","The word ""alloy"" appears in many academic texts.||Try to use ""alloy"" in a sentence.",“alloy”常见于学术阅读中。||请尝试用“alloy”造句。,cet6-core source:ecdict family:alloys family:alloying family:alloyed
alter,'ɒ:ltә,v.,v. 改变,"The word ""alter"" appears in many academic texts.||Try to use ""alter"" in a sentence.",“alter”常见于学术阅读中。||请尝试用“alter”造句。,cet6-core source:ecdict family:altered family:altering family:alters
alternate,'ɒ:ltәnәt,adj.,"a. 交替的, 轮流的, 间隔的\nv. 轮流, (使)交替","The word ""alternate"" appears in many academic texts.||Try to use ""alternate"" in a sentence.",“alternate”常见于学术阅读中。||请尝试用“alternate”造句。,cet6-core source:ecdict family:alternating family:alternated family:alternates
alternative,ɒ:l'tә:nәtiv,n.,"n. 两者择一, 供替代的选择\na. 两者择一的, 供选择的\n[计] 选择对象","The word ""alternative"" appears in many academic texts.||Try to use ""alternative"" in a sentence.",“alternative”常见于学术阅读中。||请尝试用“alternative”造句。,cet6-core source:ecdict family:alternatives
ambiguous,æm'bigjuәs,adj.,"a. 不明确的, 模棱两可的\n[法] 意思含糊的, 模棱两可的, 暧昧的","The word ""ambiguous"" appears in many academic texts.||Try to use ""ambiguous"" in a sentence.",“ambiguous”常见于学术阅读中。||请尝试用“ambiguous”造句。,cet6-core source:ecdict
ambition,æm'biʃәn,n.,"n. 野心, 志向","The word ""ambition"" appears in many academic texts.||Try to use ""ambition"" in a sentence.",“ambition”常见于学术阅读中。||请尝试用“ambition”造句。,cet6-core source:ecdict family:ambitions
ambitious,æm'biʃәs,adj.,"a. 有野心的, 抱负不凡的, 雄心勃勃的","The word ""ambitious"" appears in many academic texts.||Try to use ""ambitious"" in a sentence.",“ambitious”常见于学术阅读中。||请尝试用“ambitious”造句。,cet6-core source:ecdict
amend,ә'mend,vt.,"vt. 修改, 改善, 改良\nvi. 改过自新","The word ""amend"" appears in many academic texts.||Try to use ""amend"" in a sentence.",“amend”常见于学术阅读中。||请尝试用“amend”造句。,cet6-core source:ecdict family:amended family:amending family:amends
ammunition,.æmju'niʃәn,n.,"n. 军火, 弹药\n[机] 弹药","The word ""ammunition"" appears in many academic texts.||Try to use ""ammunition"" in a sentence.",“ammunition”常见于学术阅读中。||请尝试用“ammunition”造句。,cet6-core source:ecdict family:ammunitions
amplify,'æmplifai,vt.,"vt. 增强, 放大, 扩大, 详述\nvi. 引伸","The word ""amplify"" appears in many academic texts.||Try to use ""amplify"" in a sentence.",“amplify”常见于学术阅读中。||请尝试用“amplify”造句。,cet6-core source:ecdict family:amplified family:amplifying family:amplifies
analogy,ә'nælәdʒi,n.,"n. 相似, 类似\n[计] 模拟","The word ""analogy"" appears in many academic texts.||Try to use ""analogy"" in a sentence.",“analogy”常见于学术阅读中。||请尝试用“analogy”造句。,cet6-core source:ecdict family:analogies
analyse,'ænәlaiz,vt.,"vt. 分析, 细察, 分解\n[经] 分析","The word ""analyse"" appears in many academic texts.||Try to use ""analyse"" in a sentence.",“analyse”常见于学术阅读中。||请尝试用“analyse”造句。,cet6-core source:ecdict family:analysed family:analysing family:analyses
analysis,ә'nælәsis,n.,n. 分析\n[计] 分析机; 分析员; 分析; 分析程序,"The word ""analysis"" appears in many academic texts.||Try to use ""analysis"" in a sentence.",“analysis”常见于学术阅读中。||请尝试用“analysis”造句。,cet6-core source:ecdict family:analyses
ancestor,'ænsestә,n.,"n. 祖先, 祖宗","The word ""ancestor"" appears in many academic texts.||Try to use ""ancestor"" in a sentence.",“ancestor”常见于学术阅读中。||请尝试用“ancestor”造句。,cet6-core source:ecdict family:ancestors
ancient,'einʃәnt,adj.,"a. 古代的, 古老的, 年老的, 旧的","The word ""ancient"" appears in many academic texts.||Try to use ""ancient"" in a sentence.",“ancient”常见于学术阅读中。||请尝试用“ancient”造句。,cet6-core source:ecdict family:ancients
annoy,ә'nɒi,vt.,"vt. 使恼怒, 骚扰","The word ""annoy"" appears in many academic texts.||Try to use ""annoy"" in a sentence.",“annoy”常见于学术阅读中。||请尝试用“annoy”造句。,cet6-core source:ecdict family:annoyed family:annoys family:annoying
annual,'ænjuәl,n.,"n. 年刊, 年报\na. 每年的, 一年一次的, 全年的, 一年生的","The word ""annual"" appears in many academic texts.||Try to use ""annual"" in a sentence.",“annual”常见于学术阅读中。||请尝试用“annual”造句。,cet6-core source:ecdict family:annuals
anonymous,ә'nɒnimәs,adj.,"a. 姓氏不详的, 无名的, 无特色的\n[计] 无记录","The word ""anonymous"" appears in many academic texts.||Try to use ""anonymous"" in a sentence.",“anonymous”常见于学术阅读中。||请尝试用“anonymous”造句。,cet6-core source:ecdict
anticipate,æn'tisipeit,vt.,"vt. 预期, 占先, 加速, 提前使用\n[医] 提前出现, 先期发生","The word ""anticipate"" appears in many academic texts.||Try to use ""anticipate"" in a sentence.",“anticipate”常见于学术阅读中。||请尝试用“anticipate”造句。,cet6-core source:ecdict family:anticipated family:anticipating family:anticipates
anxiety,æŋ'zaiәti,n.,"n. 焦虑, 忧虑, 令人焦虑的事\n[医] 焦虑","The word ""anxiety"" appears in many academic texts.||Try to use ""anxiety"" in a sentence.",“anxiety”常见于学术阅读中。||请尝试用“anxiety”造句。,cet6-core source:ecdict family:anxieties
apartment,ә'pɑ:tmәnt,n.,"n. 房间, 公寓","The word ""apartment"" appears in many academic texts.||Try to use ""apartment"" in a sentence.",“apartment”常见于学术阅读中。||请尝试用“apartment”造句。,cet6-core source:ecdict family:apartments
apology,ә'pɒlәdʒi,n.,"n. 道歉, 辩护\n[法] 道歉, 谢罪, 辩解者","The word ""apology"" appears in many academic texts.||Try to use ""apology"" in a sentence.",“apology”常见于学术阅读中。||请尝试用“apology”造句。,cet6-core source:ecdict family:apologies
apparatus,.æpә'reitәs,n.,"n. 装置, 器具, 器官\n[化] 仪器; 器械","The word ""apparatus"" appears in many academic texts.||Try to use ""apparatus"" in a sentence.",“apparatus”常见于学术阅读中。||请尝试用“apparatus”造句。,cet6-core source:ecdict
appeal,ә'pi:l,n.,"n. 恳求, 诉请, 上诉, 吸引力\nvi. 呼吁, 诉请, 要求, 上诉, 有吸引力\nvt. 将...上诉","The word ""appeal"" appears in many academic texts.||Try to use ""appeal"" in a sentence.",“appeal”常见于学术阅读中。||请尝试用“appeal”造句。,cet6-core source:ecdict family:appeals family:appealed family:appealing
appearance,ә'piәrәns,n.,"n. 出现, 露面, 外观, 外表, 出版\n[计] 外观, 版面","The word ""appearance"" appears in many academic texts.||Try to use ""appearance"" in a sentence.",“appearance”常见于学术阅读中。||请尝试用“appearance”造句。,cet6-core source:ecdict family:appearances
appease,ә'pi:z,vt.,"vt. 抚慰, 缓解, 平息, 姑息\n[法] 使和缓, 使满足, 姑息","The word ""appease"" appears in many academic texts.||Try to use ""appease"" in a sentence.",“appease”常见于学术阅读中。||请尝试用“appease”造句。,cet6-core source:ecdict family:appeased family:appeasing family:appeases
appendix,ә'pendiks,n.,"n. 附录, 附加物, 阑尾\n[化] 增补","The word ""appendix"" appears in many academic texts.||Try to use ""appendix"" in a sentence.",“appendix”常见于学术阅读中。||请尝试用“appendix”造句。,cet6-core source:ecdict family:appendices
applaud,ә'plɒ:d,v.,"v. 拍手喝彩, 称赞, 赞同","The word ""applaud"" appears in many academic texts.||Try to use ""applaud"" in a sentence.",“applaud”常见于学术阅读中。||请尝试用“applaud”造句。,cet6-core source:ecdict family:applauded family:applauding family:applauds
appliance,ә'plaiәns,n.,"n. 器械, 用具, 应用\n[医] 矫正器; 器","The word ""appliance"" appears in many academic texts.||Try to use ""appliance"" in a sentence.",“appliance”常见于学术阅读中。||请尝试用“appliance”造句。,cet6-core source:ecdict family:appliances
application,.æpli'keiʃәn,n.,"n. 应用, 申请, 志愿书, 应用程序\n[计] 应用, 应用程序","The word ""application"" appears in many academic texts.||Try to use ""application"" in a sentence.",“application”常见于学术阅读中。||请尝试用“application”造句。,cet6-core source:ecdict family:applications
apply,ә'plai,vt.,"vt. 涂, 应用\nvi. 申请, 适用","The word ""apply"" appears in many academic texts.||Try to use ""apply"" in a sentence.",“apply”常见于学术阅读中。||请尝试用“apply”造句。,cet6-core source:ecdict family:applied family:applies family:applying
appraisal,ә'preizәl,n.,"n. 评价, 估价\n[经] 评价, 评估","The word ""appraisal"" appears in many academic texts.||Try to use ""appraisal"" in a sentence.",“appraisal”常见于学术阅读中。||请尝试用“appraisal”造句。,cet6-core source:ecdict family:appraisals
approach,ә'prәutʃ,n.,"n. 接近, 入门\nvt. 接近, 近似, 找...商量\nvi. 靠近","The word ""approach"" appears in many academic texts.||Try to use ""approach"" in a sentence.",“approach”常见于学术阅读中。||请尝试用“approach”造句。,cet6-core source:ecdict family:approaches family:approached family:approaching
appropriate,ә'prәupriәt,adj.,"a. 适当的\n[经] 适当的, 拨出, 占用","The word ""appropriate"" appears in many academic texts.||Try to use ""appropriate"" in a sentence.",“appropriate”常见于学术阅读中。||请尝试用“appropriate”造句。,cet6-core source:ecdict family:appropriated family:appropriates family:appropriating
approve,ә'pru:v,vt.,"vt. 赞同, 核准, 为...提供证据\nvi. 赞许","The word ""approve"" appears in many academic texts.||Try to use ""approve"" in a sentence.",“approve”常见于学术阅读中。||请尝试用“approve”造句。,cet6-core source:ecdict family:approved family:approving family:approves
apt,æpt,adj.,"a. 有...倾向的, 易于的, 恰当的, 聪明的\n[计] 自动数控语言, 自动图象传输, 自动程序控制, 自动程序设计工具","The word ""apt"" appears in many academic texts.||Try to use ""apt"" in a sentence.",“apt”常见于学术阅读中。||请尝试用“apt”造句。,cet6-core source:ecdict family:apts family:apter family:aptest
arbitrary,'ɑ:bitrәri,adj.,"a. 任意的, 武断的, 专治的, 霸道的","The word ""arbitrary"" appears in many academic texts.||Try to use ""arbitrary"" in a sentence.",“arbitrary”常见于学术阅读中。||请尝试用“arbitrary”造句。,cet6-core source:ecdict
arc,ɑ:k,n.,"n. 弧, 弧形, 弓形, 弧光\n[化] 弧","The word ""arc"" appears in many academic texts.||Try to use ""arc"" in a sentence.",“arc”常见于学术阅读中。||请尝试用“arc”造句。,cet6-core source:ecdict family:arcs family:arcking family:arcked
arena,ә'ri:nә,n.,"n. 角斗场, 舞台, 场地\n[医] 尿沉渣, 尿沙; 脑沙","The word ""arena"" appears in many academic texts.||Try to use ""arena"" in a sentence.",“arena”常见于学术阅读中。||请尝试用“arena”造句。,cet6-core source:ecdict family:arenas
argue,'ɑ:gju,vi.,"vi. 提出理由, 争论, 辩论\nvt. 主张, 辩论, 证明, 说服","The word ""argue"" appears in many academic texts.||Try to use ""argue"" in a sentence.",“argue”常见于学术阅读中。||请尝试用“argue”造句。,cet6-core source:ecdict family:argued family:argues family:arguing
armor,'ɑ:mә,n.,"n. 盔甲, 潜水服, 装甲\nvt. 为...装甲","The word ""armor"" appears in many academic texts.||Try to use ""armor"" in a sentence.",“armor”常见于学术阅读中。||请尝试用“armor”造句。,cet6-core source:ecdict family:armoring family:armored family:armors
arouse,ә'rauz,vt.,"vt. 唤醒, 鼓励, 引起\nvi. 醒来","The word ""arouse"" appears in many academic texts.||Try to use ""arouse"" in a sentence.",“arouse”常见于学术阅读中。||请尝试用“arouse”造句。,cet6-core source:ecdict family:aroused family:arousing family:arouses
arrange,ә'reindʒ,v.,"v. 安排, 排列, 达成协议\n[计] 重排","The word ""arrange"" appears in many academic texts.||Try to use ""arrange"" in a sentence.",“arrange”常见于学术阅读中。||请尝试用“arrange”造句。,cet6-core source:ecdict family:arranged family:arranging family:arranges
arrangement,ә'reindʒmәnt,n.,"n. 排列, 整齐, 安排\n[计] 排列","The word ""arrangement"" appears in many academic texts.||Try to use ""arrangement"" in a sentence.",“arrangement”常见于学术阅读中。||请尝试用“arrangement”造句。,cet6-core source:ecdict family:arrangements
array,ә'rei,n.,"n. 排列, 衣服, 大批, 军队\nvt. 布署, 打扮, 排列\n[计] 数组; 阵列","The word ""array"" appears in many academic texts.||Try to use ""array"" in a sentence.",“array”常见于学术阅读中。||请尝试用“array”造句。,cet6-core source:ecdict family:arrays family:arrayed family:arraying
arrest,ә'rest,n.,"n. 逮捕, 监禁\nvt. 拘捕, 抑制, 吸引, 阻止","The word ""arrest"" appears in many academic texts.||Try to use ""arrest"" in a sentence.",“arrest”常见于学术阅读中。||请尝试用“arrest”造句。,cet6-core source:ecdict family:arrested family:arrests family:arresting
arrogant,'ærәɡәnt,adj.,"a. 自大的, 傲慢的","The word ""arrogant"" appears in many academic texts.||Try to use ""arrogant"" in a sentence.",“arrogant”常见于学术阅读中。||请尝试用“arrogant”造句。,cet6-core source:ecdict
artery,'ɑ:tәri,n.,"n. 动脉, 干道, 要道\n[医] 动脉","The word ""artery"" appears in many academic texts.||Try to use ""artery"" in a sentence.",“artery”常见于学术阅读中。||请尝试用“artery”造句。,cet6-core source:ecdict family:arteries
articulate,ɑ:'tikjulit,adj.,"a. 发音清晰的, 口才好的\nvt. 明白地说, 以关节连接, 使成为系统的整体","The word ""articulate"" appears in many academic texts.||Try to use ""articulate"" in a sentence.",“articulate”常见于学术阅读中。||请尝试用“articulate”造句。,cet6-core source:ecdict family:articulated family:articulating family:articulates
artificial,.ɑ:ti'fiʃәl,adj.,"a. 人造的, 假的, 非原地产的\n[医] 人工的, 人造的, 伟牟","The word ""artificial"" appears in many academic texts.||Try to use ""artificial"" in a sentence.",“artificial”常见于学术阅读中。||请尝试用“artificial”造句。,cet6-core source:ecdict family:artificials
artillery,ɑ:'tilәri,n.,"n. 火炮, 炮兵, 炮术\n[机] 火炮, 炮兵","The word ""artillery"" appears in many academic texts.||Try to use ""artillery"" in a sentence.",“artillery”常见于学术阅读中。||请尝试用“artillery”造句。,cet6-core source:ecdict family:artilleries
ascend,ә'send,vi.,"vi. 上升, 追溯, 登高\nvt. 攀登","The word ""ascend"" appears in many academic texts.||Try to use ""ascend"" in a sentence.",“ascend”常见于学术阅读中。||请尝试用“ascend”造句。,cet6-core source:ecdict family:ascended family:ascends family:ascending
ascertain,.æsә'tein,vt.,"vt. 确定, 查明\n[法] 查明, 弄清, 确定","The word ""ascertain"" appears in many academic texts.||Try to use ""ascertain"" in a sentence.",“ascertain”常见于学术阅读中。||请尝试用“ascertain”造句。,cet6-core source:ecdict family:ascertained family:ascertaining family:ascertains
ascribe,ә'skraib,vt.,"vt. 归因于, 归咎于\n[法] 归咎于","The word ""ascribe"" appears in many academic texts.||Try to use ""ascribe"" in a sentence.",“ascribe”常见于学术阅读中。||请尝试用“ascribe”造句。,cet6-core source:ecdict family:ascribed family:ascribing family:ascribes
aspect,'æspekt,n.,"n. 外观, 方面, 面貌, 方向\n[医] 方面, 局面; 外观","The word ""aspect"" appears in many academic texts.||Try to use ""aspect"" in a sentence.",“aspect”常见于学术阅读中。||请尝试用“aspect”造句。,cet6-core source:ecdict family:aspects
aspiration,.æspә'reiʃәn,n.,"n. 热望, 志向, 渴望\n[医] 吸入; 吸[引], 吸引术","The word ""aspiration"" appears in many academic texts.||Try to use ""aspiration"" in a sentence.",“aspiration”常见于学术阅读中。||请尝试用“aspiration”造句。,cet6-core source:ecdict family:aspirations
assassination,ә.sæsi'neiʃәn,n.,"n. 暗杀\n[法] 暗杀, 行刺","The word ""assassination"" appears in many academic texts.||Try to use ""assassination"" in a sentence.",“assassination”常见于学术阅读中。||请尝试用“assassination”造句。,cet6-core source:ecdict family:assassinations
assault,ә'sɒ:t,n.,"n. 攻击, 袭击\nvt. 袭击, 攻击\nvi. 发动攻击","The word ""assault"" appears in many academic texts.||Try to use ""assault"" in a sentence.",“assault”常见于学术阅读中。||请尝试用“assault”造句。,cet6-core source:ecdict family:assaults family:assaulted family:assaulting
assemble,ә'sembl,vt.,"vt. 集合, 收集, 装配\nvi. 集合\n[计] 汇编","The word ""assemble"" appears in many academic texts.||Try to use ""assemble"" in a sentence.",“assemble”常见于学术阅读中。||请尝试用“assemble”造句。,cet6-core source:ecdict family:assembled family:assembling family:assembles
assert,ә'sә:t,vt.,"vt. 主张, 坚称, 断言\n[法] 宣称, 断言, 维护","The word ""assert"" appears in many academic texts.||Try to use ""assert"" in a sentence.",“assert”常见于学术阅读中。||请尝试用“assert”造句。,cet6-core source:ecdict family:asserted family:asserting family:asserts
assess,ә'ses,vt.,"vt. 估定, 对...征税, 评定\n[经] 估计, 估价, 确定(税款罚款等)的金额","The word ""assess"" appears in many academic texts.||Try to use ""assess"" in a sentence.",“assess”常见于学术阅读中。||请尝试用“assess”造句。,cet6-core source:ecdict family:assessed family:assessing family:assesses
asset,'æset,n.,"n. 资产, 有益的东西","The word ""asset"" appears in many academic texts.||Try to use ""asset"" in a sentence.",“asset”常见于学术阅读中。||请尝试用“asset”造句。,cet6-core source:ecdict family:assets
assign,ә'sain,vt.,"vt. 分配, 指派, 赋值\n[计] 赋值","The word ""assign"" appears in many academic texts.||Try to use ""assign"" in a sentence.",“assign”常见于学术阅读中。||请尝试用“assign”造句。,cet6-core source:ecdict family:assigned family:assigning family:assigns
assignment,ә'sainmәnt,n.,"n. 分配, 功课, 任务, 转让, 归因, 陈述\n[计] 赋值","The word ""assignment"" appears in many academic texts.||Try to use ""assignment"" in a sentence.",“assignment”常见于学术阅读中。||请尝试用“assignment”造句。,cet6-core source:ecdict family:assignments
assimilate,ә'simileit,vt.,"vt. 使同化, 吸收, 使相拟, 把...比作\nvi. 被吸收, 被同化","The word ""assimilate"" appears in many academic texts.||Try to use ""assimilate"" in a sentence.",“assimilate”常见于学术阅读中。||请尝试用“assimilate”造句。,cet6-core source:ecdict family:assimilated family:assimilating family:assimilates
assistance,ә'sistәns,n.,"n. 协助, 援助\n[经] 援助, 帮助","The word ""assistance"" appears in many academic texts.||Try to use ""assistance"" in a sentence.",“assistance”常见于学术阅读中。||请尝试用“assistance”造句。,cet6-core source:ecdict
associate,ә'sәuʃieit,n.,"n. 同伴, 伙伴, 关联的事物\nvt. 使联合, 使发生联系\nvi. 交往\n[计] 关联","The word ""associate"" appears in many academic texts.||Try to use ""associate"" in a sentence.",“associate”常见于学术阅读中。||请尝试用“associate”造句。,cet6-core source:ecdict family:associated family:associates family:associating
association,ә.sәuʃә'eiʃәn,n.,n. 协会\n[计] 关联,"The word ""association"" appears in many academic texts.||Try to use ""association"" in a sentence.",“association”常见于学术阅读中。||请尝试用“association”造句。,cet6-core source:ecdict family:associations
assume,ә'sju:m,vt.,"vt. 假定, 承担, 呈现\nvi. 装腔作势, 僭越","The word ""assume"" appears in many academic texts.||Try to use ""assume"" in a sentence.",“assume”常见于学术阅读中。||请尝试用“assume”造句。,cet6-core source:ecdict family:assumed family:assuming family:assumes
assumption,ә'sʌmpʃәn,n.,"n. 假定, 自负, 担任, 假装\n[经] 假定, 承担","The word ""assumption"" appears in many academic texts.||Try to use ""assumption"" in a sentence.",“assumption”常见于学术阅读中。||请尝试用“assumption”造句。,cet6-core source:ecdict family:assumptions
assurance,ә'ʃuәrәns,n.,"n. 保证, 把握, 信心, 保险\n[经] 保证, 担保, 保险","The word ""assurance"" appears in many academic texts.||Try to use ""assurance"" in a sentence.",“assurance”常见于学术阅读中。||请尝试用“assurance”造句。,cet6-core source:ecdict family:assurances
assure,ә'ʃuә,vt.,"vt. 保证, 使确信, 弄清楚, 担保\n[法] 确信, 保证, 保障","The word ""assure"" appears in many academic texts.||Try to use ""assure"" in a sentence.",“assure”常见于学术阅读中。||请尝试用“assure”造句。,cet6-core source:ecdict family:assured family:assures family:assuring
athlete,'æθli:t,n.,"n. 运动员, 运动选手\n[医] 运动员","The word ""athlete"" appears in many academic texts.||Try to use ""athlete"" in a sentence.",“athlete”常见于学术阅读中。||请尝试用“athlete”造句。,cet6-core source:ecdict family:athletes
atlas,'ætlәs,n.,"n. 地图集, 图表集\n[计] 自动测试和负载分析系统","The word ""atlas"" appears in many academic texts.||Try to use ""atlas"" in a sentence.",“atlas”常见于学术阅读中。||请尝试用“atlas”造句。,cet6-core source:ecdict
atmosphere,'ætmәsfiә,n.,"n. 大气, 空气, 气氛\n[医] 大气; 大气压","The word ""atmosphere"" appears in many academic texts.||Try to use ""atmosphere"" in a sentence.",“atmosphere”常见于学术阅读中。||请尝试用“atmosphere”造句。,cet6-core source:ecdict family:atmospheres
attach,ә'tætʃ,vt.,"vt. 附上, 使依附, 使附属, 使喜爱, 系, 缚\nvi. 附属, 归属, 联系在一起\n[计] 挂接服务器命令, 关联, 挂接, 附加","The word ""attach"" appears in many academic texts.||Try to use ""attach"" in a sentence.",“attach”常见于学术阅读中。||请尝试用“attach”造句。,cet6-core source:ecdict family:attached family:attaching family:attaches
attack,ә'tæk,n.,"n. 攻击, 抨击\nvt. 攻击, 抨击, 动手干\nvi. 攻击","The word ""attack"" appears in many academic texts.||Try to use ""attack"" in a sentence.",“attack”常见于学术阅读中。||请尝试用“attack”造句。,cet6-core source:ecdict family:attacks family:attacked family:attacking
attain,ә'tein,vt.,"vt. 达到, 获得\nvi. 达到","The word ""attain"" appears in many academic texts.||Try to use ""attain"" in a sentence.",“attain”常见于学术阅读中。||请尝试用“attain”造句。,cet6-core source:ecdict family:attained family:attaining family:attains
attempt,ә'tempt,n.,"n. 尝试, 企图\nvt. 尝试, 企图","The word ""attempt"" appears in many academic texts.||Try to use ""attempt"" in a sentence.",“attempt”常见于学术阅读中。||请尝试用“attempt”造句。,cet6-core source:ecdict family:attempts family:attempting family:attempted
attendant,ә'tendәnt,n.,"n. 随从, 侍者, 出席者\na. 侍候的, 伴随的, 出席的, 在场的","The word ""attendant"" appears in many academic texts.||Try to use ""attendant"" in a sentence.",“attendant”常见于学术阅读中。||请尝试用“attendant”造句。,cet6-core source:ecdict family:attendants
attitude,'ætitju:d,n.,"n. 态度, 看法, 姿势\n[医] 体态, 姿势, 态度","The word ""attitude"" appears in many academic texts.||Try to use ""attitude"" in a sentence.",“attitude”常见于学术阅读中。||请尝试用“attitude”造句。,cet6-core source:ecdict family:attitudes
attract,ә'trækt,vt.,"vt. 吸引, 诱惑\nvi. 有吸引力","The word ""attract"" appears in many academic texts.||Try to use ""attract"" in a sentence.",“attract”常见于学术阅读中。||请尝试用“attract”造句。,cet6-core source:ecdict family:attracted family:attracts family:attracting
attractive,ә'træktiv,adj.,"a. 吸引人的, 有魅力的\n[法] 有吸引力的, 有迷惑力的","The word ""attractive"" appears in many academic texts.||Try to use ""attractive"" in a sentence.",“attractive”常见于学术阅读中。||请尝试用“attractive”造句。,cet6-core source:ecdict
attribute,ә'tribju:t,n.,"n. 属性, 标志, 定语\nvt. 把...归于, 认为...属于\n[计] 属性","The word ""attribute"" appears in many academic texts.||Try to use ""attribute"" in a sentence.",“attribute”常见于学术阅读中。||请尝试用“attribute”造句。,cet6-core source:ecdict family:attributed family:attributes family:attributing
auction,'ɒ:kʃәn,n.,n. 拍卖\nvt. 拍卖,"The word ""auction"" appears in many academic texts.||Try to use ""auction"" in a sentence.",“auction”常见于学术阅读中。||请尝试用“auction”造句。,cet6-core source:ecdict family:auctions family:auctioned family:auctioning
audience,'ɒ:diәns,n.,"n. 听众, 观众, 读者\n[法] 听讼, 观众, 听众","The word ""audience"" appears in many academic texts.||Try to use ""audience"" in a sentence.",“audience”常见于学术阅读中。||请尝试用“audience”造句。,cet6-core source:ecdict family:audiences
authentic,ɒ:'θentik,adj.,"a. 可靠的, 可信的, 真正的\n[法] 被认证的, 确认的, 可信的","The word ""authentic"" appears in many academic texts.||Try to use ""authentic"" in a sentence.",“authentic”常见于学术阅读中。||请尝试用“authentic”造句。,cet6-core source:ecdict family:authentics
author,'ɒ:θә,n.,"n. 作家, 作家的著作, 创始人\n[法] 作者, 著作人, 本人","The word ""author"" appears in many academic texts.||Try to use ""author"" in a sentence.",“author”常见于学术阅读中。||请尝试用“author”造句。,cet6-core source:ecdict family:authors family:authoring family:authored
authoritative,ɒ:'θɒritәtiv,adj.,"a. 权威性的, 官方的, 命令式的\n[法] 官方的, 当局的, 权威的","The word ""authoritative"" appears in many academic texts.||Try to use ""authoritative"" in a sentence.",“authoritative”常见于学术阅读中。||请尝试用“authoritative”造句。,cet6-core source:ecdict
authority,ɒ:'θɒriti,n.,"n. 权力, 当权者, 当局, 权威, 专家\n[经] 代理权, 授权, 权威","The word ""authority"" appears in many academic texts.||Try to use ""authority"" in a sentence.",“authority”常见于学术阅读中。||请尝试用“authority”造句。,cet6-core source:ecdict family:authorities
authorize,'ɒ:θәraiz,vt.,"vt. 授权, 批准, 委托\n[经] 授权, 委任, 认可","The word ""authorize"" appears in many academic texts.||Try to use ""authorize"" in a sentence.",“authorize”常见于学术阅读中。||请尝试用“authorize”造句。,cet6-core source:ecdict family:authorized family:authorizing family:authorizes
autonomous,ɒ:'tɒnәmәs,adj.,a. 自治的\n[医] 自主的,"The word ""autonomous"" appears in many academic texts.||Try to use ""autonomous"" in a sentence.",“autonomous”常见于学术阅读中。||请尝试用“autonomous”造句。,cet6-core source:ecdict
autonomy,ɒ:'tɒnәmi,n.,"n. 自治, 自治权\n[医] 自主性","The word ""autonomy"" appears in many academic texts.||Try to use ""autonomy"" in a sentence.",“autonomy”常见于学术阅读中。||请尝试用“autonomy”造句。,cet6-core source:ecdict family:autonomies
avail,ә'veil,vi.,"vi. 有用, 有利\nvt. 有利于\nn. 效用, 利益","The word ""avail"" appears in many academic texts.||Try to use ""avail"" in a sentence.",“avail”常见于学术阅读中。||请尝试用“avail”造句。,cet6-core source:ecdict family:availed family:availing family:avails
available,ә'veilәbl,adj.,"a. 可利用的, 可获得的, 有效的\n[医] 有效的, 可得的","The word ""available"" appears in many academic texts.||Try to use ""available"" in a sentence.",“available”常见于学术阅读中。||请尝试用“available”造句。,cet6-core source:ecdict
avert,ә'vә:t,vt.,"vt. 转开, 避免, 防止","The word ""avert"" appears in many academic texts.||Try to use ""avert"" in a sentence.",“avert”常见于学术阅读中。||请尝试用“avert”造句。,cet6-core source:ecdict family:averted family:averting family:averts
aviation,.eivi'eiʃәn,n.,"n. 航空, 航空学, 飞行术\n[法] 航空, 飞行, 飞行术","The word ""aviation"" appears in many academic texts.||Try to use ""aviation"" in a sentence.",“aviation”常见于学术阅读中。||请尝试用“aviation”造句。,cet6-core source:ecdict
avoid,ә'vɒid,vt.,"vt. 避免, 防止, 撤消\n[法] 避免, 回避, 躲开","The word ""avoid"" appears in many academic texts.||Try to use ""avoid"" in a sentence.",“avoid”常见于学术阅读中。||请尝试用“avoid”造句。,cet6-core source:ecdict family:avoided family:avoiding family:avoids
award,ә'wɒ:d,n.,"n. 奖品, 裁定, 判决\nvt. 授予, 给予","The word ""award"" appears in many academic texts.||Try to use ""award"" in a sentence.",“award”常见于学术阅读中。||请尝试用“award”造句。,cet6-core source:ecdict family:awarded family:awards family:awarding
aware,ә'wєә,adj.,"a. 知道的, 有觉悟的","The word ""aware"" appears in many academic texts.||Try to use ""aware"" in a sentence.",“aware”常见于学术阅读中。||请尝试用“aware”造句。,cet6-core source:ecdict
awkward,'ɒ:kwәd,adj.,"a. 笨拙的, 棘手的","The word ""awkward"" appears in many academic texts.||Try to use ""awkward"" in a sentence.",“awkward”常见于学术阅读中。||请尝试用“awkward”造句。,cet6-core source:ecdict
axis,'æksis,n.,n. 轴\n[计] 坐标轴,"The word ""axis"" appears in many academic texts.||Try to use ""axis"" in a sentence.",“axis”常见于学术阅读中。||请尝试用“axis”造句。,cet6-core source:ecdict
background,'bækgraund,n.,"n. 背景, 背景资料\n[计] 背景, 后台","The word ""background"" appears in many academic texts.||Try to use ""background"" in a sentence.",“background”常见于学术阅读中。||请尝试用“background”造句。,cet6-core source:ecdict family:backgrounds
bacteria,bæk'tiәriә,n.,"pl. 细菌\n[医] 细菌, [无芽胞]杆菌","The word ""bacteria"" appears in many academic texts.||Try to use ""bacteria"" in a sentence.",“bacteria”常见于学术阅读中。||请尝试用“bacteria”造句。,cet6-core source:ecdict family:bacterium family:s
ballet,'bælei,n.,n. 芭蕾舞,"The word ""ballet"" appears in many academic texts.||Try to use ""ballet"" in a sentence.",“ballet”常见于学术阅读中。||请尝试用“ballet”造句。,cet6-core source:ecdict family:ballets
bamboo,bæm'bu:,n.,n. 竹子\n[医] 竹类,"The word ""bamboo"" appears in many academic texts.||Try to use ""bamboo"" in a sentence.",“bamboo”常见于学术阅读中。||请尝试用“bamboo”造句。,cet6-core source:ecdict family:bamboos
band,bænd,n.,"n. 带子, 队, 乐队\nv. 联合, 结合\n[计] 频带; 波段; 区","The word ""band"" appears in many academic texts.||Try to use ""band"" in a sentence.",“band”常见于学术阅读中。||请尝试用“band”造句。,cet6-core source:ecdict family:bands family:banded family:banding
bandage,'bændidʒ,n.,n. 绷带\n[化] 帘布筒; 实心轮胎; 紧带; 绷带,"The word ""bandage"" appears in many academic texts.||Try to use ""bandage"" in a sentence.",“bandage”常见于学术阅读中。||请尝试用“bandage”造句。,cet6-core source:ecdict family:bandages family:bandaged family:bandaging
bang,bæŋ,n.,"n. 重击, 突然巨响, 刘海\nv. 发巨响, 重击\nadv. 砰然地, 突然巨响地, 直接地\n[计] 撞击符","The word ""bang"" appears in many academic texts.||Try to use ""bang"" in a sentence.",“bang”常见于学术阅读中。||请尝试用“bang”造句。,cet6-core source:ecdict family:banging family:banged family:bangs
banquet,'bæŋkwit,n.,n. 宴会,"The word ""banquet"" appears in many academic texts.||Try to use ""banquet"" in a sentence.",“banquet”常见于学术阅读中。||请尝试用“banquet”造句。,cet6-core source:ecdict family:banquets family:banquetting family:banqueted
barely,'bєәli,adv.,adv. 几乎不,"The word ""barely"" appears in many academic texts.||Try to use ""barely"" in a sentence.",“barely”常见于学术阅读中。||请尝试用“barely”造句。,cet6-core source:ecdict
bargain,'bɑ:gin,n.,"n. 交易, 买卖协定, 特价商品\nv. 讲价, 交易","The word ""bargain"" appears in many academic texts.||Try to use ""bargain"" in a sentence.",“bargain”常见于学术阅读中。||请尝试用“bargain”造句。,cet6-core source:ecdict family:bargains family:bargaining family:bargained
barren,'bærәn,adj.,"a. 不育的, 贫瘠的\nn. 荒地","The word ""barren"" appears in many academic texts.||Try to use ""barren"" in a sentence.",“barren”常见于学术阅读中。||请尝试用“barren”造句。,cet6-core source:ecdict family:barrens
barricade,.bæri'keid,n.,"n. 路障, 障碍\nvt. 设路障于, 阻碍","The word ""barricade"" appears in many academic texts.||Try to use ""barricade"" in a sentence.",“barricade”常见于学术阅读中。||请尝试用“barricade”造句。,cet6-core source:ecdict family:barricades family:barricaded family:barricading
barrier,'bæriә,n.,"n. 障碍, 栅栏\n[化] 势垒; 阻片; 阻挡层","The word ""barrier"" appears in many academic texts.||Try to use ""barrier"" in a sentence.",“barrier”常见于学术阅读中。||请尝试用“barrier”造句。,cet6-core source:ecdict family:barriers
basis,'beisis,n.,"n. 基础, 主要成分\n[化] 基底","The word ""basis"" appears in many academic texts.||Try to use ""basis"" in a sentence.",“basis”常见于学术阅读中。||请尝试用“basis”造句。,cet6-core source:ecdict
batch,bætʃ,n.,"n. 一次所烘的面包, 一次所制之量, 一组, 批, 成批, 分批\nv. 成批, 分批处理\n[计] 一批","The word ""batch"" appears in many academic texts.||Try to use ""batch"" in a sentence.",“batch”常见于学术阅读中。||请尝试用“batch”造句。,cet6-core source:ecdict family:batches family:batching family:batched
batter,'bætә,v.,v. 连续猛打（尤其指妇女），猛击\nn. 面糊（食物），击球员，打击手,"The word ""batter"" appears in many academic texts.||Try to use ""batter"" in a sentence.",“batter”常见于学术阅读中。||请尝试用“batter”造句。,cet6-core source:ecdict family:battered family:battering family:batters
beam,bi:m,n.,"n. 横梁, 杆, 光线, 容光焕发\nvi. 用梁支承, 微笑, 射出光线\nvt. 照耀, 感到欣喜\n[计] 束","The word ""beam"" appears in many academic texts.||Try to use ""beam"" in a sentence.",“beam”常见于学术阅读中。||请尝试用“beam”造句。,cet6-core source:ecdict family:beams family:beamed family:beaming
beforehand,bi'fɒ:hænd,adv.,adv. 预先,"The word ""beforehand"" appears in many academic texts.||Try to use ""beforehand"" in a sentence.",“beforehand”常见于学术阅读中。||请尝试用“beforehand”造句。,cet6-core source:ecdict
behave,bi'heiv,vi.,"vi. 举止端正, 行为规矩\nvt. 检点(自己的)行为, 使表现好","The word ""behave"" appears in many academic texts.||Try to use ""behave"" in a sentence.",“behave”常见于学术阅读中。||请尝试用“behave”造句。,cet6-core source:ecdict family:behaving family:behaved family:behaves
behavior,bi'heivjә,n.,"n. 行为, 举止\n[医] 行为","The word ""behavior"" appears in many academic texts.||Try to use ""behavior"" in a sentence.",“behavior”常见于学术阅读中。||请尝试用“behavior”造句。,cet6-core source:ecdict family:behaviors
belly,'beli,n.,"n. 腹部, 食欲\nvt. 使鼓起\nvi. 鼓起, 匍匐前进","The word ""belly"" appears in many academic texts.||Try to use ""belly"" in a sentence.",“belly”常见于学术阅读中。||请尝试用“belly”造句。,cet6-core source:ecdict family:bellies family:bellied family:bellying
beneficial,.beni'fiʃәl,adj.,"a. 有益的, 受益的\n[经] 有使用权的, 可享利益的","The word ""beneficial"" appears in many academic texts.||Try to use ""beneficial"" in a sentence.",“beneficial”常见于学术阅读中。||请尝试用“beneficial”造句。,cet6-core source:ecdict
benefit,'benifit,n.,n. 利益\nvt. 有益于\nvi. 受益,"The word ""benefit"" appears in many academic texts.||Try to use ""benefit"" in a sentence.",“benefit”常见于学术阅读中。||请尝试用“benefit”造句。,cet6-core source:ecdict family:benefits family:benefited family:benefiting
betray,bi'trei,vt.,"vt. 出卖, 背叛, 辜负, 暴露\n[法] 出卖, 背叛, 泄漏","The word ""betray"" appears in many academic texts.||Try to use ""betray"" in a sentence.",“betray”常见于学术阅读中。||请尝试用“betray”造句。,cet6-core source:ecdict family:betrayed family:betraying family:betrays
bewilder,bi'wildә,vt.,"vt. 使迷惑, 使不知所措","The word ""bewilder"" appears in many academic texts.||Try to use ""bewilder"" in a sentence.",“bewilder”常见于学术阅读中。||请尝试用“bewilder”造句。,cet6-core source:ecdict family:bewildered family:bewilders family:bewildering
beyond,bi'jɒnd,prep.,"prep. 超过, 在那一边, 迟于\nadv. 在远处\nn. 更远处","The word ""beyond"" appears in many academic texts.||Try to use ""beyond"" in a sentence.",“beyond”常见于学术阅读中。||请尝试用“beyond”造句。,cet6-core source:ecdict
bibliography,.bibli'ɒgrәfi,n.,n. 参考书目\n[计] 书目; 文献目录,"The word ""bibliography"" appears in many academic texts.||Try to use ""bibliography"" in a sentence.",“bibliography”常见于学术阅读中。||请尝试用“bibliography”造句。,cet6-core source:ecdict family:bibliographies
biography,bai'ɒgrәfi,n.,n. 传记,"The word ""biography"" appears in many academic texts.||Try to use ""biography"" in a sentence.",“biography”常见于学术阅读中。||请尝试用“biography”造句。,cet6-core source:ecdict family:biographies
bizarre,bi'zɑ:,adj.,a. 奇异的,"The word ""bizarre"" appears in many academic texts.||Try to use ""bizarre"" in a sentence.",“bizarre”常见于学术阅读中。||请尝试用“bizarre”造句。,cet6-core source:ecdict
blank,blæŋk,n.,"n. 空格, 空白\na. 空白的, 空虚的, 完全的, 无色的\nvi. 消失, 成为空白\nvt. 使无效, 取消, 封锁\n[计] 空白","The word ""blank"" appears in many academic texts.||Try to use ""blank"" in a sentence.",“blank”常见于学术阅读中。||请尝试用“blank”造句。,cet6-core source:ecdict family:blanks family:blanked family:blanking family:blanker
blaze,bleiz,n.,"n. 火焰, 烈火, 光辉\nvi. 燃烧, 发光\nvt. 使燃烧, 宣布, 在树皮上刻痕","The word ""blaze"" appears in many academic texts.||Try to use ""blaze"" in a sentence.",“blaze”常见于学术阅读中。||请尝试用“blaze”造句。,cet6-core source:ecdict family:blazing family:blazed family:blazes
bleed,bli:d,vi.,"vi. 流血, 悲痛, 渗出\nvt. 使出血, 榨取","The word ""bleed"" appears in many academic texts.||Try to use ""bleed"" in a sentence.",“bleed”常见于学术阅读中。||请尝试用“bleed”造句。,cet6-core source:ecdict family:bleeding family:bleeds family:bled
blink,bliŋk,vi.,"vi. 眨眼, 闪亮\nvt. 眨眼, 使闪亮\nn. 眨眼, 瞬间, 闪光, 闪烁\n[计] 闪烁","The word ""blink"" appears in many academic texts.||Try to use ""blink"" in a sentence.",“blink”常见于学术阅读中。||请尝试用“blink”造句。,cet6-core source:ecdict family:blinked family:blinking family:blinks
blossom,'blɒsәm,n.,"n. 花, 花开的状态, 兴旺期\nvi. 开花, 兴旺, 发展","The word ""blossom"" appears in many academic texts.||Try to use ""blossom"" in a sentence.",“blossom”常见于学术阅读中。||请尝试用“blossom”造句。,cet6-core source:ecdict family:blossoms family:blossomed family:blossoming
blunder,'blʌndә,n.,"n. 大错, 大失策\nvi. 失策, 跌跌撞撞地走, 犯错\nvt. 做错","The word ""blunder"" appears in many academic texts.||Try to use ""blunder"" in a sentence.",“blunder”常见于学术阅读中。||请尝试用“blunder”造句。,cet6-core source:ecdict family:blunders family:blundering family:blundered
blunt,blʌnt,adj.,"a. 钝的, 坦率的, 麻痹的","The word ""blunt"" appears in many academic texts.||Try to use ""blunt"" in a sentence.",“blunt”常见于学术阅读中。||请尝试用“blunt”造句。,cet6-core source:ecdict family:blunter family:blunted family:blunts family:blunting family:bluntest
blur,blә:,vt.,"vt. 使模糊, 弄脏\nvi. 弄脏, 模糊","The word ""blur"" appears in many academic texts.||Try to use ""blur"" in a sentence.",“blur”常见于学术阅读中。||请尝试用“blur”造句。,cet6-core source:ecdict family:blurred family:blurring family:blurs
blush,blʌʃ,vi.,"vi. 脸红, 羞愧\nvt. 弄成红色\nn. 脸红","The word ""blush"" appears in many academic texts.||Try to use ""blush"" in a sentence.",“blush”常见于学术阅读中。||请尝试用“blush”造句。,cet6-core source:ecdict family:blushed family:blushing family:blushes
bonus,'bәunәs,n.,"n. 奖金, 红利\n[经] 奖金, 红利, 额外补贴","The word ""bonus"" appears in many academic texts.||Try to use ""bonus"" in a sentence.",“bonus”常见于学术阅读中。||请尝试用“bonus”造句。,cet6-core source:ecdict family:bonuses
booklet,'buklit,n.,n. 小册子,"The word ""booklet"" appears in many academic texts.||Try to use ""booklet"" in a sentence.",“booklet”常见于学术阅读中。||请尝试用“booklet”造句。,cet6-core source:ecdict family:booklets
boom,bu:m,n.,"n. 繁荣, 隆隆声\nvi. 急速发展, 发隆隆声\nvt. 使兴旺, 发隆隆声","The word ""boom"" appears in many academic texts.||Try to use ""boom"" in a sentence.",“boom”常见于学术阅读中。||请尝试用“boom”造句。,cet6-core source:ecdict family:boomed family:booms family:booming
booth,bu:θ,n.,"n. 亭, 摊棚\n[经] 货摊, 电话间","The word ""booth"" appears in many academic texts.||Try to use ""booth"" in a sentence.",“booth”常见于学术阅读中。||请尝试用“booth”造句。,cet6-core source:ecdict family:booths
border,'bɒ:dә,n.,"n. 边缘, 边境, 边界, 花坛\nvt. 在...上镶边, 接近\nvi. 接界, 近似\n[计] 边框","The word ""border"" appears in many academic texts.||Try to use ""border"" in a sentence.",“border”常见于学术阅读中。||请尝试用“border”造句。,cet6-core source:ecdict family:borders family:bordering family:bordered
boring,'bɒ:riŋ,adj.,"a. 烦人的, 无聊的, 无趣的\n[机] 成孔期, 搪孔","The word ""boring"" appears in many academic texts.||Try to use ""boring"" in a sentence.",“boring”常见于学术阅读中。||请尝试用“boring”造句。,cet6-core source:ecdict family:i family:borings
bounce,bauns,n.,"n. 跳, 跳跃, 弹力, 撞击\nvi. 反跳, 弹跳\nvt. 使跳回, 撞击\n[计] 打回","The word ""bounce"" appears in many academic texts.||Try to use ""bounce"" in a sentence.",“bounce”常见于学术阅读中。||请尝试用“bounce”造句。,cet6-core source:ecdict family:bounced family:bouncing family:bounces
bound,baund,n.,"n. 跃, 回跳, 范围, 边界\na. 受约束的, 装有封面的, 有义务的, 关联的, 被束缚的, 准备去...的, 便秘的\nvi. 跳跃, 弹起\nvt. 使跳, 限制, 形成...的疆界\nbind过去式和过去分词\n[计] 装订的","The word ""bound"" appears in many academic texts.||Try to use ""bound"" in a sentence.",“bound”常见于学术阅读中。||请尝试用“bound”造句。,cet6-core source:ecdict family:bind family:dp family:bounds family:bounded family:bounding
bowel,'bauәl,n.,"n. 肠, 内脏, 内部\nvt. 挖...的内脏","The word ""bowel"" appears in many academic texts.||Try to use ""bowel"" in a sentence.",“bowel”常见于学术阅读中。||请尝试用“bowel”造句。,cet6-core source:ecdict family:bowels
boycott,'bɒikɒt,n.,n. 联合抵制\nvt. 联合抵制,"The word ""boycott"" appears in many academic texts.||Try to use ""boycott"" in a sentence.",“boycott”常见于学术阅读中。||请尝试用“boycott”造句。,cet6-core source:ecdict family:boycotted family:boycotting family:boycotts
brace,breis,n.,"n. 支柱, 曲柄, 支撑, 一对\nvt. 紧缚, 支撑, 激励\nvi. 打起精神\n[计] 花括号","The word ""brace"" appears in many academic texts.||Try to use ""brace"" in a sentence.",“brace”常见于学术阅读中。||请尝试用“brace”造句。,cet6-core source:ecdict family:braces family:braced family:bracing
bracket,'brækit,n.,"n. 支架, 括弧, 托架\nvt. 装托架, 括入括弧\n[计] 方括号; 括号","The word ""bracket"" appears in many academic texts.||Try to use ""bracket"" in a sentence.",“bracket”常见于学术阅读中。||请尝试用“bracket”造句。,cet6-core source:ecdict family:brackets family:bracketed family:bracketing
brand,brænd,n.,"n. 商标, 牌子, 烙印\nvt. 打烙印于","The word ""brand"" appears in many academic texts.||Try to use ""brand"" in a sentence.",“brand”常见于学术阅读中。||请尝试用“brand”造句。,cet6-core source:ecdict family:brands family:branded family:branding
breach,bri:tʃ,n.,"n. 裂口, 违背, 破坏, 违反, 突破, 破裂\nvt. 攻破, 突破\nvi. 跳出水面","The word ""breach"" appears in many academic texts.||Try to use ""breach"" in a sentence.",“breach”常见于学术阅读中。||请尝试用“breach”造句。,cet6-core source:ecdict family:breaches family:breached family:breaching
breakdown,'breikdaun,n.,"n. 崩溃, 故障\n[化] 事故; 击穿","The word ""breakdown"" appears in many academic texts.||Try to use ""breakdown"" in a sentence.",“breakdown”常见于学术阅读中。||请尝试用“breakdown”造句。,cet6-core source:ecdict family:breakdowns
breakthrough,'breikθru:,n.,"n. 突破\n[经] 突破, 新发现, 新进展","The word ""breakthrough"" appears in many academic texts.||Try to use ""breakthrough"" in a sentence.",“breakthrough”常见于学术阅读中。||请尝试用“breakthrough”造句。,cet6-core source:ecdict family:breakthroughs
breed,bri:d,n.,"n. 种类, 品种\nv. 养育, 引起, 饲养, 繁殖","The word ""breed"" appears in many academic texts.||Try to use ""breed"" in a sentence.",“breed”常见于学术阅读中。||请尝试用“breed”造句。,cet6-core source:ecdict family:breeds family:bred family:breeding
brew,bru:,n.,"n. 酿造酒, 酝酿\nv. 酿造, 酝酿","The word ""brew"" appears in many academic texts.||Try to use ""brew"" in a sentence.",“brew”常见于学术阅读中。||请尝试用“brew”造句。,cet6-core source:ecdict family:brewed family:brewing family:brews
bribe,braib,n.,"n. 贿赂\nvt. 贿赂, 收买\nvi. 行贿","The word ""bribe"" appears in many academic texts.||Try to use ""bribe"" in a sentence.",“bribe”常见于学术阅读中。||请尝试用“bribe”造句。,cet6-core source:ecdict family:bribes family:bribed family:bribing
brief,bri:f,n.,"n. 摘要, 简报\na. 简短的, 短暂的\nvt. 对...作简报, 摘要, 节录","The word ""brief"" appears in many academic texts.||Try to use ""brief"" in a sentence.",“brief”常见于学术阅读中。||请尝试用“brief”造句。,cet6-core source:ecdict family:briefed family:briefs family:briefing family:briefest family:briefer
brilliant,'briljәnt,adj.,"a. 光辉的, 灿烂的, 有才气的\n[机] 亮的","The word ""brilliant"" appears in many academic texts.||Try to use ""brilliant"" in a sentence.",“brilliant”常见于学术阅读中。||请尝试用“brilliant”造句。,cet6-core source:ecdict family:brilliants
brink,briŋk,n.,"n. 边缘, 陡岸","The word ""brink"" appears in many academic texts.||Try to use ""brink"" in a sentence.",“brink”常见于学术阅读中。||请尝试用“brink”造句。,cet6-core source:ecdict family:brinks
brisk,brisk,adj.,"a. 强烈的, 寒冷而干燥的, 活泼的\nvt. 使活泼\nvi. 活跃起来","The word ""brisk"" appears in many academic texts.||Try to use ""brisk"" in a sentence.",“brisk”常见于学术阅读中。||请尝试用“brisk”造句。,cet6-core source:ecdict family:brisker family:brisking family:briskest
bronze,brɒnz,n.,"n. 青铜, 铜像\na. 青铜色的","The word ""bronze"" appears in many academic texts.||Try to use ""bronze"" in a sentence.",“bronze”常见于学术阅读中。||请尝试用“bronze”造句。,cet6-core source:ecdict family:bronzes family:bronzing family:bronzed
brood,bru:d,n.,"n. 一窝, 一伙\nvt. 孵, 沉思","The word ""brood"" appears in many academic texts.||Try to use ""brood"" in a sentence.",“brood”常见于学术阅读中。||请尝试用“brood”造句。,cet6-core source:ecdict family:brooded family:broods family:brooding
bruise,bru:z,n.,"n. 青肿, 挫伤, 擦伤\nvi. 受伤, 擦伤\nvt. 使受伤, 研碎","The word ""bruise"" appears in many academic texts.||Try to use ""bruise"" in a sentence.",“bruise”常见于学术阅读中。||请尝试用“bruise”造句。,cet6-core source:ecdict family:bruises family:bruised family:bruising
brutal,'bru:tәl,adj.,"a. 残忍的, 野蛮的, 不讲理的","The word ""brutal"" appears in many academic texts.||Try to use ""brutal"" in a sentence.",“brutal”常见于学术阅读中。||请尝试用“brutal”造句。,cet6-core source:ecdict family:brutals
buck,bʌk,n.,"n. 元, 雄鹿, 纨绔子弟, 鞍马, 培克(赌博时的庄家标志), 碱水, 自夸, 谈话\nvi. 马背突然拱起, 反对, 吹牛, 闲聊\nvt. 马背突然拱起将骑手摔下, 反对, 用碱水洗\na. 雄的","The word ""buck"" appears in many academic texts.||Try to use ""buck"" in a sentence.",“buck”常见于学术阅读中。||请尝试用“buck”造句。,cet6-core source:ecdict family:bucks family:bucking family:bucked
bud,bʌd,n.,"n. 芽, 花蕾\nvi. 发芽, 萌芽\nvt. 使发芽","The word ""bud"" appears in many academic texts.||Try to use ""bud"" in a sentence.",“bud”常见于学术阅读中。||请尝试用“bud”造句。,cet6-core source:ecdict family:buds family:budding family:budded
budget,'bʌdʒit,n.,"n. 预算\nvi. 编预算\nvt. 编入预算, 安排\na. 廉价的","The word ""budget"" appears in many academic texts.||Try to use ""budget"" in a sentence.",“budget”常见于学术阅读中。||请尝试用“budget”造句。,cet6-core source:ecdict family:budgets family:budgeted family:budgeting
bug,bʌg,n.,"n. 错误, 虫, 病菌, 缺陷, 窃听器, 癖好, 防盗报警器, 双座小汽车, 要人\nvt. 装防盗报警器, 装窃听器, 激怒\nvi. 捉虫, 暴突\n[计] 缺点, 错误","The word ""bug"" appears in many academic texts.||Try to use ""bug"" in a sentence.",“bug”常见于学术阅读中。||请尝试用“bug”造句。,cet6-core source:ecdict family:bugs family:bugged family:bugging
bulk,bʌlk,n.,"n. 大小, 体积, 大块, 大多数\nvt. 显得大, 显得重要","The word ""bulk"" appears in many academic texts.||Try to use ""bulk"" in a sentence.",“bulk”常见于学术阅读中。||请尝试用“bulk”造句。,cet6-core source:ecdict family:bulked family:bulking family:bulks
bull,bul,n.,"n. 公牛\n[法] 买方, 买空者","The word ""bull"" appears in many academic texts.||Try to use ""bull"" in a sentence.",“bull”常见于学术阅读中。||请尝试用“bull”造句。,cet6-core source:ecdict family:bulls family:bulling family:bulled
bulletin,'bulitin,n.,"n. 公告, 布告, 公报\n[电] 电子布告栏","The word ""bulletin"" appears in many academic texts.||Try to use ""bulletin"" in a sentence.",“bulletin”常见于学术阅读中。||请尝试用“bulletin”造句。,cet6-core source:ecdict family:bulletins family:bulletining family:bulletined
bully,'buli,n.,"n. 欺凌弱小者, 土霸\nvt. 威胁, 恐吓, 欺负\nvi. 欺负\na. 特好的, 第一流的\nadv. 十分","The word ""bully"" appears in many academic texts.||Try to use ""bully"" in a sentence.",“bully”常见于学术阅读中。||请尝试用“bully”造句。,cet6-core source:ecdict family:bullied family:bullies family:bullying
bump,bʌmp,n.,"n. 撞击, 肿块\nvt. 碰撞\nvi. 撞, 颠簸而行","The word ""bump"" appears in many academic texts.||Try to use ""bump"" in a sentence.",“bump”常见于学术阅读中。||请尝试用“bump”造句。,cet6-core source:ecdict family:bumping family:bumped family:bumps
burden,'bә:dn,n.,"n. 负担, 重载, 担子, 责任\nvt. 装货于, 烦扰, 使负担","The word ""burden"" appears in many academic texts.||Try to use ""burden"" in a sentence.",“burden”常见于学术阅读中。||请尝试用“burden”造句。,cet6-core source:ecdict family:burdens family:burdened family:burdening
bureaucracy,bjuә'rɒkrәsi,n.,"n. 官僚, 官吏\n[法] 官僚主义, 官僚政治, 官僚机构","The word ""bureaucracy"" appears in many academic texts.||Try to use ""bureaucracy"" in a sentence.",“bureaucracy”常见于学术阅读中。||请尝试用“bureaucracy”造句。,cet6-core source:ecdict family:bureaucracies
burial,'beriәl,n.,"n. 埋葬, 葬礼\n[法] 埋葬, 葬礼","The word ""burial"" appears in many academic texts.||Try to use ""burial"" in a sentence.",“burial”常见于学术阅读中。||请尝试用“burial”造句。,cet6-core source:ecdict family:burials
bust,bʌst,n.,"n. 半身像, 胸部, 失败, 殴打\nvt. 使爆裂, 使破产\nvi. 爆裂, 破产\n[计] 操作错","The word ""bust"" appears in many academic texts.||Try to use ""bust"" in a sentence.",“bust”常见于学术阅读中。||请尝试用“bust”造句。,cet6-core source:ecdict family:busts family:busting family:busted family:dp family:buster
buzz,bʌz,n.,"n. 嗡嗡声, 流言\nvi. 发出嗡嗡声, 说闲话\nvt. 使嗡嗡叫, 散布","The word ""buzz"" appears in many academic texts.||Try to use ""buzz"" in a sentence.",“buzz”常见于学术阅读中。||请尝试用“buzz”造句。,cet6-core source:ecdict family:buzzes family:buzzing family:buzzed
bypass,'baipɑ:s,n.,"n. 旁路\nvt. 省略, 绕过, 忽视, 回避","The word ""bypass"" appears in many academic texts.||Try to use ""bypass"" in a sentence.",“bypass”常见于学术阅读中。||请尝试用“bypass”造句。,cet6-core source:ecdict family:bypassing family:bypassed family:bypasses
cabin,'kæbin,n.,"n. 小屋, 客舱\nvt. 关在小屋","The word ""cabin"" appears in many academic texts.||Try to use ""cabin"" in a sentence.",“cabin”常见于学术阅读中。||请尝试用“cabin”造句。,cet6-core source:ecdict family:cabins family:cabining family:cabined
cabinet,'kæbinit,n.,"n. 橱柜, 内阁\na. 内阁的, 细木工做的\n[计] 机柜","The word ""cabinet"" appears in many academic texts.||Try to use ""cabinet"" in a sentence.",“cabinet”常见于学术阅读中。||请尝试用“cabinet”造句。,cet6-core source:ecdict family:cabinets
cable,'keibl,n.,"n. 电缆, 海底电报, 缆, 索\nvi. 打海底电报\nvt. 发海底电报, 缚住\n[计] 电缆","The word ""cable"" appears in many academic texts.||Try to use ""cable"" in a sentence.",“cable”常见于学术阅读中。||请尝试用“cable”造句。,cet6-core source:ecdict family:cables family:cabled family:cabling
cafeteria,.kæfi'tiәriә,n.,n. 自助餐厅\n[经] 自助餐厅,"The word ""cafeteria"" appears in many academic texts.||Try to use ""cafeteria"" in a sentence.",“cafeteria”常见于学术阅读中。||请尝试用“cafeteria”造句。,cet6-core source:ecdict family:cafeterias
calcium,'kælsiәm,n.,n. 钙\n[化] 钙Ca,"The word ""calcium"" appears in many academic texts.||Try to use ""calcium"" in a sentence.",“calcium”常见于学术阅读中。||请尝试用“calcium”造句。,cet6-core source:ecdict
calorie,'kælәri,n.,n. 卡路里（热量单位）,"The word ""calorie"" appears in many academic texts.||Try to use ""calorie"" in a sentence.",“calorie”常见于学术阅读中。||请尝试用“calorie”造句。,cet6-core source:ecdict
cancel,'kænsәl,n.,"n. 取消, 撤消, 盖销(邮票)\nvt. 取消, 删去, 抵销, 盖销\nvi. 相互抵销\n[计] 作废","The word ""cancel"" appears in many academic texts.||Try to use ""cancel"" in a sentence.",“cancel”常见于学术阅读中。||请尝试用“cancel”造句。,cet6-core source:ecdict family:cancelled family:cancelling family:cancels
cancer,'kænsә,n.,"n. 癌, 恶性肿瘤\n[医] 癌","The word ""cancer"" appears in many academic texts.||Try to use ""cancer"" in a sentence.",“cancer”常见于学术阅读中。||请尝试用“cancer”造句。,cet6-core source:ecdict family:cancers
candidate,'kændideit,n.,"n. 候选人, 投考者\n[法] 候选, 候补者","The word ""candidate"" appears in many academic texts.||Try to use ""candidate"" in a sentence.",“candidate”常见于学术阅读中。||请尝试用“candidate”造句。,cet6-core source:ecdict family:candidates
cane,kein,n.,"n. 手杖, 细长的茎, 藤条\nvt. 以杖击, 以藤编制","The word ""cane"" appears in many academic texts.||Try to use ""cane"" in a sentence.",“cane”常见于学术阅读中。||请尝试用“cane”造句。,cet6-core source:ecdict family:canes family:caned family:caning
cannon,'kænәn,n.,"n. 大炮, 加农炮\nv. 炮轰","The word ""cannon"" appears in many academic texts.||Try to use ""cannon"" in a sentence.",“cannon”常见于学术阅读中。||请尝试用“cannon”造句。,cet6-core source:ecdict family:cannons family:cannoned family:cannoning
canon,'kænәn,n.,"n. 教会法规, 圣典, 准则, 标准, 教士\n[医] 规范, [加农]炮","The word ""canon"" appears in many academic texts.||Try to use ""canon"" in a sentence.",“canon”常见于学术阅读中。||请尝试用“canon”造句。,cet6-core source:ecdict family:canons
canvas,'kænvәs,n.,"n. 帆布, 画布, 油画\n[化] 帆布","The word ""canvas"" appears in many academic texts.||Try to use ""canvas"" in a sentence.",“canvas”常见于学术阅读中。||请尝试用“canvas”造句。,cet6-core source:ecdict family:canvases family:canvassing family:canvassed
capable,'keipәbl,adj.,"a. 有能力的, 能的, 能干的","The word ""capable"" appears in many academic texts.||Try to use ""capable"" in a sentence.",“capable”常见于学术阅读中。||请尝试用“capable”造句。,cet6-core source:ecdict
capacity,kә'pæsiti,n.,"n. 容量, 能力, 才能, 资格\n[计] 容量","The word ""capacity"" appears in many academic texts.||Try to use ""capacity"" in a sentence.",“capacity”常见于学术阅读中。||请尝试用“capacity”造句。,cet6-core source:ecdict family:capacities
cape,keip,n.,"n. 岬, 海角, 披肩, 斗蓬","The word ""cape"" appears in many academic texts.||Try to use ""cape"" in a sentence.",“cape”常见于学术阅读中。||请尝试用“cape”造句。,cet6-core source:ecdict family:capes family:caping
capsule,'kæpsju:l,n.,"n. 胶囊, 蒴果, 瓶帽, 航天舱\n[化] 胶囊剂","The word ""capsule"" appears in many academic texts.||Try to use ""capsule"" in a sentence.",“capsule”常见于学术阅读中。||请尝试用“capsule”造句。,cet6-core source:ecdict family:capsules family:capsuling family:capsuled
caption,'kæpʃәn,n.,"n. 说明, 字幕, 标题\nvt. 加上标题, 加上说明\n[计] 标题","The word ""caption"" appears in many academic texts.||Try to use ""caption"" in a sentence.",“caption”常见于学术阅读中。||请尝试用“caption”造句。,cet6-core source:ecdict family:captions family:captioned family:captioning
captive,'kæptiv,n.,"n. 俘虏, 迷恋者\na. 被俘的, 被迷住的","The word ""captive"" appears in many academic texts.||Try to use ""captive"" in a sentence.",“captive”常见于学术阅读中。||请尝试用“captive”造句。,cet6-core source:ecdict family:captives
cardinal,'kɑ:dinәl,n.,"n. 红衣主教, 鲜红色\na. 主要的, 深红色的","The word ""cardinal"" appears in many academic texts.||Try to use ""cardinal"" in a sentence.",“cardinal”常见于学术阅读中。||请尝试用“cardinal”造句。,cet6-core source:ecdict family:cardinals
carve,kɑ:v,v.,"v. 雕刻, 切开","The word ""carve"" appears in many academic texts.||Try to use ""carve"" in a sentence.",“carve”常见于学术阅读中。||请尝试用“carve”造句。,cet6-core source:ecdict family:carved family:carving family:carves
cast,kɑ:st. kæst,n.,"n. 演员阵容, 投掷, 铸件, 预测, 特性\nvt. 投, 掷, 抛, 脱落, 铸, 使弯曲, 计算\nvi. 投, 计算, 浇铸成型","The word ""cast"" appears in many academic texts.||Try to use ""cast"" in a sentence.",“cast”常见于学术阅读中。||请尝试用“cast”造句。,cet6-core source:ecdict family:dp family:casting family:casts
casual,'kæʒjuәl,adj.,"a. 偶然的, 不经意的, 便装的\nn. 临时工, 待命士兵","The word ""casual"" appears in many academic texts.||Try to use ""casual"" in a sentence.",“casual”常见于学术阅读中。||请尝试用“casual”造句。,cet6-core source:ecdict family:casuals
casualty,'kæʒjuәlti,n.,"n. 意外事故, 伤亡, 受害者\n[化] 事故","The word ""casualty"" appears in many academic texts.||Try to use ""casualty"" in a sentence.",“casualty”常见于学术阅读中。||请尝试用“casualty”造句。,cet6-core source:ecdict family:casualties
catastrophe,kә'tæstrәfi,n.,"n. 大灾难, 大祸\n[化] 突变","The word ""catastrophe"" appears in many academic texts.||Try to use ""catastrophe"" in a sentence.",“catastrophe”常见于学术阅读中。||请尝试用“catastrophe”造句。,cet6-core source:ecdict family:catastrophes
cater,'keitә,v.,"v. 提供饮食及服务, 投合, 迎合","The word ""cater"" appears in many academic texts.||Try to use ""cater"" in a sentence.",“cater”常见于学术阅读中。||请尝试用“cater”造句。,cet6-core source:ecdict family:catering family:catered family:caters
cathedral,kә'θi:drәl,n.,n. 大教堂,"The word ""cathedral"" appears in many academic texts.||Try to use ""cathedral"" in a sentence.",“cathedral”常见于学术阅读中。||请尝试用“cathedral”造句。,cet6-core source:ecdict family:cathedrals
catholic,'kæθәlik,n.,"n. 天主教徒\na. 天主教的, 普遍的, 广泛的, 宽宏大量的","The word ""catholic"" appears in many academic texts.||Try to use ""catholic"" in a sentence.",“catholic”常见于学术阅读中。||请尝试用“catholic”造句。,cet6-core source:ecdict family:catholics
caution,'kɒ:ʃәn,n.,"n. 小心, 慎重, 警示\nvt. 警告\n[计] 警告","The word ""caution"" appears in many academic texts.||Try to use ""caution"" in a sentence.",“caution”常见于学术阅读中。||请尝试用“caution”造句。,cet6-core source:ecdict family:cautioned family:cautions family:cautioning
cautious,'kɒ:ʃәs,adj.,"a. 谨慎的, 小心的","The word ""cautious"" appears in many academic texts.||Try to use ""cautious"" in a sentence.",“cautious”常见于学术阅读中。||请尝试用“cautious”造句。,cet6-core source:ecdict
cavity,'kæviti,n.,"n. 洞, 空穴, 腔\n[化] 空穴","The word ""cavity"" appears in many academic texts.||Try to use ""cavity"" in a sentence.",“cavity”常见于学术阅读中。||请尝试用“cavity”造句。,cet6-core source:ecdict family:cavities
cellar,'selә,n.,"n. 地窖, 地下室, 藏酒","The word ""cellar"" appears in many academic texts.||Try to use ""cellar"" in a sentence.",“cellar”常见于学术阅读中。||请尝试用“cellar”造句。,cet6-core source:ecdict family:cellars
cemetery,'semitәri,n.,"n. 墓地, 公墓\n[法] 公墓, 墓地","The word ""cemetery"" appears in many academic texts.||Try to use ""cemetery"" in a sentence.",“cemetery”常见于学术阅读中。||请尝试用“cemetery”造句。,cet6-core source:ecdict family:cemeteries
census,'sensәs,n.,n. 户口普查\nvt. 实施统计调查,"The word ""census"" appears in many academic texts.||Try to use ""census"" in a sentence.",“census”常见于学术阅读中。||请尝试用“census”造句。,cet6-core source:ecdict family:censuses
ceramic,si'ræmik,adj.,a. 陶瓷的\nn. 陶瓷制品,"The word ""ceramic"" appears in many academic texts.||Try to use ""ceramic"" in a sentence.",“ceramic”常见于学术阅读中。||请尝试用“ceramic”造句。,cet6-core source:ecdict family:ceramics
cereal,'siәriәl,n.,"n. 谷类食品, 谷类植物\na. 谷类的","The word ""cereal"" appears in many academic texts.||Try to use ""cereal"" in a sentence.",“cereal”常见于学术阅读中。||请尝试用“cereal”造句。,cet6-core source:ecdict family:cereals
certainty,'sә:tәnti,n.,"n. 确定, 确实的事情\n[法] 确定, 肯定, 必然的事","The word ""certainty"" appears in many academic texts.||Try to use ""certainty"" in a sentence.",“certainty”常见于学术阅读中。||请尝试用“certainty”造句。,cet6-core source:ecdict family:certainties
certify,'sә:tifai,v.,"v. 证明, 保证","The word ""certify"" appears in many academic texts.||Try to use ""certify"" in a sentence.",“certify”常见于学术阅读中。||请尝试用“certify”造句。,cet6-core source:ecdict family:certified family:certifying family:certifies
challenge,'tʃælindʒ,n.,"n. 挑战, 盘问\nvt. 向...挑战, 要求, 怀疑\nvi. 挑战, 对(证据等)表示异议","The word ""challenge"" appears in many academic texts.||Try to use ""challenge"" in a sentence.",“challenge”常见于学术阅读中。||请尝试用“challenge”造句。,cet6-core source:ecdict family:challenges family:challenged family:challenging
champagne,ʃæm'pein,n.,"n. 香槟酒, 香槟酒色\n[化] 香槟酒","The word ""champagne"" appears in many academic texts.||Try to use ""champagne"" in a sentence.",“champagne”常见于学术阅读中。||请尝试用“champagne”造句。,cet6-core source:ecdict family:champagnes
champion,'tʃæmpiәn,n.,"n. 冠军, 拥护者, 战士\nvt. 保卫, 拥护\na. 优胜的","The word ""champion"" appears in many academic texts.||Try to use ""champion"" in a sentence.",“champion”常见于学术阅读中。||请尝试用“champion”造句。,cet6-core source:ecdict family:champions family:championed family:championing
chant,tʃænt. tʃɑ:nt,n.,"n. 圣歌, 赞美诗\nv. 吟唱, 诵扬","The word ""chant"" appears in many academic texts.||Try to use ""chant"" in a sentence.",“chant”常见于学术阅读中。||请尝试用“chant”造句。,cet6-core source:ecdict family:chanting family:chanted family:chants
chapel,'tʃæpәl,n.,"n. 小教堂, 礼拜式","The word ""chapel"" appears in many academic texts.||Try to use ""chapel"" in a sentence.",“chapel”常见于学术阅读中。||请尝试用“chapel”造句。,cet6-core source:ecdict family:chapels
character,'kærәktә,n.,"n. 个性, 字符, 人物, 性质, 品格, 资格\n[计] 字符","The word ""character"" appears in many academic texts.||Try to use ""character"" in a sentence.",“character”常见于学术阅读中。||请尝试用“character”造句。,cet6-core source:ecdict family:characters family:charactering family:charactered
characteristic,.kærәktә'ristik,n.,"n. 特性, 特征, 特色\na. 特性的, 特有的, 有特色的\n[计] 阶; 指数","The word ""characteristic"" appears in many academic texts.||Try to use ""characteristic"" in a sentence.",“characteristic”常见于学术阅读中。||请尝试用“characteristic”造句。,cet6-core source:ecdict family:characteristics
characterize,'kærәktәraiz,vt.,"vt. 描绘...的特性, 刻划...的性格","The word ""characterize"" appears in many academic texts.||Try to use ""characterize"" in a sentence.",“characterize”常见于学术阅读中。||请尝试用“characterize”造句。,cet6-core source:ecdict family:characterized family:characterizes family:characterizing
charge,tʃɑ:dʒ,n.,"n. 指控, 费用, 冲锋, 电荷, 炸药, 主管, 被托管人, 命令\nvt. 控诉, 加罪于, 使充满, 使充电, 使承担\nvi. 冲锋, 要价, 收费","The word ""charge"" appears in many academic texts.||Try to use ""charge"" in a sentence.",“charge”常见于学术阅读中。||请尝试用“charge”造句。,cet6-core source:ecdict family:charges family:charged family:charging
chase,tʃeis,n.,"n. 追求, 狩猎, 追逐\nvt. 追捕, 追逐, 雕刻, 在...上镶嵌宝石\nvi. 追赶, 奔跑","The word ""chase"" appears in many academic texts.||Try to use ""chase"" in a sentence.",“chase”常见于学术阅读中。||请尝试用“chase”造句。,cet6-core source:ecdict family:chasing family:chased family:chases
cherish,'tʃeriʃ,vt.,"vt. 珍爱, 怀有, 爱护","The word ""cherish"" appears in many academic texts.||Try to use ""cherish"" in a sentence.",“cherish”常见于学术阅读中。||请尝试用“cherish”造句。,cet6-core source:ecdict family:cherished family:cherishes family:cherishing
chief,tʃi:f,n.,"n. 领袖, 酋长, 长官, 主要部分\na. 主要的, 首位的","The word ""chief"" appears in many academic texts.||Try to use ""chief"" in a sentence.",“chief”常见于学术阅读中。||请尝试用“chief”造句。,cet6-core source:ecdict family:chiefs
chip,tʃip,n.,"n. 屑片, 薄片, 碎片\nvt. 削, 切, 削成碎片, 使摔倒, 凿\nvi. 削下屑片\n[计] 孔屑; 组件; 晶片; 芯片","The word ""chip"" appears in many academic texts.||Try to use ""chip"" in a sentence.",“chip”常见于学术阅读中。||请尝试用“chip”造句。,cet6-core source:ecdict family:chips family:chipped family:chipping
cholesterol,kә'lestәrɒl,n.,n. 胆固醇\n[化] 胆固醇; 胆固醇,"The word ""cholesterol"" appears in many academic texts.||Try to use ""cholesterol"" in a sentence.",“cholesterol”常见于学术阅读中。||请尝试用“cholesterol”造句。,cet6-core source:ecdict
chord,kɒ:d,n.,"n. 弦, 和音\n[医] 索, 带","The word ""chord"" appears in many academic texts.||Try to use ""chord"" in a sentence.",“chord”常见于学术阅读中。||请尝试用“chord”造句。,cet6-core source:ecdict family:chords family:chording family:chorded
chorus,'kɒ:rәs,n.,"n. 合唱队, 齐声\nv. 齐声说道, 合唱","The word ""chorus"" appears in many academic texts.||Try to use ""chorus"" in a sentence.",“chorus”常见于学术阅读中。||请尝试用“chorus”造句。,cet6-core source:ecdict family:choruses family:chorused family:chorusing
chronic,'krɒnik,adj.,"a. 慢性的, 习惯性的\nn. 慢性病患者","The word ""chronic"" appears in many academic texts.||Try to use ""chronic"" in a sentence.",“chronic”常见于学术阅读中。||请尝试用“chronic”造句。,cet6-core source:ecdict
chunk,tʃʌŋk,n.,"n. 大块, 矮胖的人(或物)\n[经] 定样","The word ""chunk"" appears in many academic texts.||Try to use ""chunk"" in a sentence.",“chunk”常见于学术阅读中。||请尝试用“chunk”造句。,cet6-core source:ecdict family:chunks family:chunking family:chunked
circulation,.sә:kju'leiʃәn,n.,"n. 流通, 循环, 发行量\n[化] 环流","The word ""circulation"" appears in many academic texts.||Try to use ""circulation"" in a sentence.",“circulation”常见于学术阅读中。||请尝试用“circulation”造句。,cet6-core source:ecdict family:circulations
circumstance,'sә:kәmstәns,n.,"n. 环境, 状况, 事件","The word ""circumstance"" appears in many academic texts.||Try to use ""circumstance"" in a sentence.",“circumstance”常见于学术阅读中。||请尝试用“circumstance”造句。,cet6-core source:ecdict family:circumstances
circus,'sә:kәs,n.,"n. 马戏团, 马戏, 竞技场","The word ""circus"" appears in many academic texts.||Try to use ""circus"" in a sentence.",“circus”常见于学术阅读中。||请尝试用“circus”造句。,cet6-core source:ecdict family:circuses
cite,sait,vt.,"vt. 引用, 引证, 表彰\n[建] 引证, 指引","The word ""cite"" appears in many academic texts.||Try to use ""cite"" in a sentence.",“cite”常见于学术阅读中。||请尝试用“cite”造句。,cet6-core source:ecdict family:cited family:cites family:citing
claim,kleim,n.,"n. 要求, 要求权, 断言, 权利\nvt. 要求, 认领, 主张\nvi. 提出要求, 主张, 断言","The word ""claim"" appears in many academic texts.||Try to use ""claim"" in a sentence.",“claim”常见于学术阅读中。||请尝试用“claim”造句。,cet6-core source:ecdict family:claimed family:claims family:claiming
clamp,klæmp,n.,"n. 夹钳\nvt. 夹紧, 强加","The word ""clamp"" appears in many academic texts.||Try to use ""clamp"" in a sentence.",“clamp”常见于学术阅读中。||请尝试用“clamp”造句。,cet6-core source:ecdict family:clamped family:clamping family:clamps
clan,klæn,n.,"n. 氏族, 宗族, 集团\n[医] 支","The word ""clan"" appears in many academic texts.||Try to use ""clan"" in a sentence.",“clan”常见于学术阅读中。||请尝试用“clan”造句。,cet6-core source:ecdict family:clans
clarity,'klærәti,n.,"n. 清楚, 明晰\n[化] 透明度; 透明性; 清晰性","The word ""clarity"" appears in many academic texts.||Try to use ""clarity"" in a sentence.",“clarity”常见于学术阅读中。||请尝试用“clarity”造句。,cet6-core source:ecdict family:clarities
clash,klæʃ,n.,"n. 冲突, 撞击声, 抵触\nvi. 冲突, 抵触\nvt. 使发出撞击声\n[计] 对撞","The word ""clash"" appears in many academic texts.||Try to use ""clash"" in a sentence.",“clash”常见于学术阅读中。||请尝试用“clash”造句。,cet6-core source:ecdict family:clashes family:clashed family:clashing
clasp,klɑ:sp,n.,"n. 扣子, 钩, 紧握\nv. 扣紧, 紧握","The word ""clasp"" appears in many academic texts.||Try to use ""clasp"" in a sentence.",“clasp”常见于学术阅读中。||请尝试用“clasp”造句。,cet6-core source:ecdict family:clasped family:clasping family:clasps
classic,'klæsik,n.,"n. 古典作品, 杰作, 大艺术家\na. 第一流的, 最优秀的, 古典的","The word ""classic"" appears in many academic texts.||Try to use ""classic"" in a sentence.",“classic”常见于学术阅读中。||请尝试用“classic”造句。,cet6-core source:ecdict family:classics
classical,'klæsikl,adj.,"a. 古典的, 正统派的, 经典的\n[医] 古典的; 标准的, 典型的","The word ""classical"" appears in many academic texts.||Try to use ""classical"" in a sentence.",“classical”常见于学术阅读中。||请尝试用“classical”造句。,cet6-core source:ecdict family:classicals
classification,.klæsifi'keiʃәn,n.,"n. 分类, 分级\n[化] 分级; 分粒; 分类","The word ""classification"" appears in many academic texts.||Try to use ""classification"" in a sentence.",“classification”常见于学术阅读中。||请尝试用“classification”造句。,cet6-core source:ecdict family:classifications
clearance,'kliәrәns,n.,"n. 清除, 间隙\n[化] 间隙; 空隙","The word ""clearance"" appears in many academic texts.||Try to use ""clearance"" in a sentence.",“clearance”常见于学术阅读中。||请尝试用“clearance”造句。,cet6-core source:ecdict family:clearances
clerk,klә:k,n.,"n. 办事员, 职员, 文书\nvi. 当店员","The word ""clerk"" appears in many academic texts.||Try to use ""clerk"" in a sentence.",“clerk”常见于学术阅读中。||请尝试用“clerk”造句。,cet6-core source:ecdict family:clerks family:clerking family:clerked
client,'klaiәnt,n.,"n. 客户, 顾客, 委托人\n[计] 客户, 客户机, 客户机程序","The word ""client"" appears in many academic texts.||Try to use ""client"" in a sentence.",“client”常见于学术阅读中。||请尝试用“client”造句。,cet6-core source:ecdict family:clients
cliff,klif,n.,"n. 悬崖, 绝壁","The word ""cliff"" appears in many academic texts.||Try to use ""cliff"" in a sentence.",“cliff”常见于学术阅读中。||请尝试用“cliff”造句。,cet6-core source:ecdict family:cliffs
climate,'klaimit,n.,"n. 气候, 社会趋势, 气候区\n[医] 气候","The word ""climate"" appears in many academic texts.||Try to use ""climate"" in a sentence.",“climate”常见于学术阅读中。||请尝试用“climate”造句。,cet6-core source:ecdict family:climates
climax,'klaimæks,n.,"n. 高潮, 极点, 层进法\nv. (使)达到顶点, (使)达到高潮","The word ""climax"" appears in many academic texts.||Try to use ""climax"" in a sentence.",“climax”常见于学术阅读中。||请尝试用“climax”造句。,cet6-core source:ecdict family:climaxes family:climaxed family:climaxing
cling,kliŋ,vi.,"vi. 粘紧, 附着, 紧贴, 坚持","The word ""cling"" appears in many academic texts.||Try to use ""cling"" in a sentence.",“cling”常见于学术阅读中。||请尝试用“cling”造句。,cet6-core source:ecdict family:clung family:clinging family:clings
clip,klip,n.,"n. 修剪, 夹子, 回形针, 剪下来的东西\nvt. 修剪, 痛打, 夹牢, 剪报\nvi. 剪报","The word ""clip"" appears in many academic texts.||Try to use ""clip"" in a sentence.",“clip”常见于学术阅读中。||请尝试用“clip”造句。,cet6-core source:ecdict family:clips family:clipped family:clipping
clockwise,'klɒkwaiz,adj.,a. 顺时针方向的\nadv. 顺时针方向地,"The word ""clockwise"" appears in many academic texts.||Try to use ""clockwise"" in a sentence.",“clockwise”常见于学术阅读中。||请尝试用“clockwise”造句。,cet6-core source:ecdict
clone,klәun,n.,n. 无性系\n[计] 代用件,"The word ""clone"" appears in many academic texts.||Try to use ""clone"" in a sentence.",“clone”常见于学术阅读中。||请尝试用“clone”造句。,cet6-core source:ecdict family:clones family:cloning family:cloned
closet,'klɒzit,n.,"n. 壁橱, 小室\na. 秘密的, 空谈的\nvt. 把...关入小室","The word ""closet"" appears in many academic texts.||Try to use ""closet"" in a sentence.",“closet”常见于学术阅读中。||请尝试用“closet”造句。,cet6-core source:ecdict family:closets family:closeted family:closetting
clue,klu:,n.,"n. 线索, 暗示\nvt. 暗示, 提供线索","The word ""clue"" appears in many academic texts.||Try to use ""clue"" in a sentence.",“clue”常见于学术阅读中。||请尝试用“clue”造句。,cet6-core source:ecdict family:clues family:clued family:cluing
cluster,'klʌstә,n.,"n. 串, 丛, 群, 簇\nvi. 成串, 丛生\nvt. 使聚集\n[计] 簇","The word ""cluster"" appears in many academic texts.||Try to use ""cluster"" in a sentence.",“cluster”常见于学术阅读中。||请尝试用“cluster”造句。,cet6-core source:ecdict family:clusters family:clustered family:clustering
clutch,klʌtʃ,n.,"n. 抓紧, 掌握, 离合器, 一窝小鸡\nvt. 抓住, 踩汽车离合器踏板\nvi. 抓\n[计] 联轴器; 离合器","The word ""clutch"" appears in many academic texts.||Try to use ""clutch"" in a sentence.",“clutch”常见于学术阅读中。||请尝试用“clutch”造句。,cet6-core source:ecdict family:clutching family:clutched family:clutches
coalition,.kәuә'liʃәn,n.,"n. 结合体, 结合, 联合\n[经] 联合, 联盟","The word ""coalition"" appears in many academic texts.||Try to use ""coalition"" in a sentence.",“coalition”常见于学术阅读中。||请尝试用“coalition”造句。,cet6-core source:ecdict family:coalitions
coarse,kɒ:s,adj.,"a. 粗糙的, 下等的, 粗俗的\n[计] 粗略的","The word ""coarse"" appears in many academic texts.||Try to use ""coarse"" in a sentence.",“coarse”常见于学术阅读中。||请尝试用“coarse”造句。,cet6-core source:ecdict family:coarser family:coarsest family:coarsing
cocaine,kә'kein,n.,"n. 可卡因, 古柯碱\n[化] 可卡因; 古柯碱","The word ""cocaine"" appears in many academic texts.||Try to use ""cocaine"" in a sentence.",“cocaine”常见于学术阅读中。||请尝试用“cocaine”造句。,cet6-core source:ecdict
cocktail,'kɒkteil,n.,"n. 鸡尾酒, 开味品\na. 鸡尾酒会的","The word ""cocktail"" appears in many academic texts.||Try to use ""cocktail"" in a sentence.",“cocktail”常见于学术阅读中。||请尝试用“cocktail”造句。,cet6-core source:ecdict family:cocktails
cognitive,'kɒgnitiv,adj.,"a. 认知的, 认识的","The word ""cognitive"" appears in many academic texts.||Try to use ""cognitive"" in a sentence.",“cognitive”常见于学术阅读中。||请尝试用“cognitive”造句。,cet6-core source:ecdict
coherent,kәu'hiәrәnt,adj.,"a. 互相耦合的, 清晰的, 明了的，凝聚性的, 连贯的","The word ""coherent"" appears in many academic texts.||Try to use ""coherent"" in a sentence.",“coherent”常见于学术阅读中。||请尝试用“coherent”造句。,cet6-core source:ecdict
coincide,.kәuin'said,vi.,"vi. 一致, 符合\n[化] 重合","The word ""coincide"" appears in many academic texts.||Try to use ""coincide"" in a sentence.",“coincide”常见于学术阅读中。||请尝试用“coincide”造句。,cet6-core source:ecdict family:coincided family:coincides family:coinciding
coincidence,kәu'insidәns,n.,"n. 巧合, 同时发生\n[电] 符合计数器","The word ""coincidence"" appears in many academic texts.||Try to use ""coincidence"" in a sentence.",“coincidence”常见于学术阅读中。||请尝试用“coincidence”造句。,cet6-core source:ecdict family:coincidences
collaboration,kә.læbә'ræʃәn,n.,"n. 合作, 勾结\n[法] 通敌卖国者, 奸细","The word ""collaboration"" appears in many academic texts.||Try to use ""collaboration"" in a sentence.",“collaboration”常见于学术阅读中。||请尝试用“collaboration”造句。,cet6-core source:ecdict family:collaborations
collapse,kә'læps,n.,"n. 崩溃, 倒塌, 虚脱\nvi. 倒塌, 崩溃, 瓦解\nvt. 使倒塌, 折叠\n[计] 折叠","The word ""collapse"" appears in many academic texts.||Try to use ""collapse"" in a sentence.",“collapse”常见于学术阅读中。||请尝试用“collapse”造句。,cet6-core source:ecdict family:collapsed family:collapsing family:collapses
colleague,'kɒli:g,n.,"n. 同事, 同僚","The word ""colleague"" appears in many academic texts.||Try to use ""colleague"" in a sentence.",“colleague”常见于学术阅读中。||请尝试用“colleague”造句。,cet6-core source:ecdict family:colleagues
collide,kә'laid,vi.,"vi. 碰撞, 互撞, 抵触","The word ""collide"" appears in many academic texts.||Try to use ""collide"" in a sentence.",“collide”常见于学术阅读中。||请尝试用“collide”造句。,cet6-core source:ecdict family:collided family:colliding family:collides
collision,kә'liʒәn,n.,"n. 碰撞, 冲突, 抵触\n[计] 冲突","The word ""collision"" appears in many academic texts.||Try to use ""collision"" in a sentence.",“collision”常见于学术阅读中。||请尝试用“collision”造句。,cet6-core source:ecdict family:collisions
colonial,kә'lәunjәl,adj.,"a. 殖民的, 殖民地的\n[法] 殖民地居民","The word ""colonial"" appears in many academic texts.||Try to use ""colonial"" in a sentence.",“colonial”常见于学术阅读中。||请尝试用“colonial”造句。,cet6-core source:ecdict family:colonials
combat,'kɒmbæt,n.,"n. 争斗, 战斗\nvi. 战斗, 争斗\nvt. 与...战斗, 与...斗争","The word ""combat"" appears in many academic texts.||Try to use ""combat"" in a sentence.",“combat”常见于学术阅读中。||请尝试用“combat”造句。,cet6-core source:ecdict family:combating family:combats family:combatted family:combated
combination,.kɒmbi'neiʃәn,n.,"n. 组合, 合并, 联合\n[计] 组合图","The word ""combination"" appears in many academic texts.||Try to use ""combination"" in a sentence.",“combination”常见于学术阅读中。||请尝试用“combination”造句。,cet6-core source:ecdict family:combinations
combine,kәm'bain,v.,"v. (使)联合, (使)结合\nn. (企业的)联合, 联合收割机","The word ""combine"" appears in many academic texts.||Try to use ""combine"" in a sentence.",“combine”常见于学术阅读中。||请尝试用“combine”造句。,cet6-core source:ecdict family:combined family:combining family:combines
comet,'kɒmit,n.,n. 彗星,"The word ""comet"" appears in many academic texts.||Try to use ""comet"" in a sentence.",“comet”常见于学术阅读中。||请尝试用“comet”造句。,cet6-core source:ecdict family:comets
comic,'kɒmik,n.,"n. 连环漫画, 喜剧演员, 滑稽的人\na. 滑稽的, 有趣的, 喜剧的","The word ""comic"" appears in many academic texts.||Try to use ""comic"" in a sentence.",“comic”常见于学术阅读中。||请尝试用“comic”造句。,cet6-core source:ecdict family:comics
command,kә'mɑ:nd,n.,"n. 命令, 指挥, 控制, 部队, 司令部\nv. 命令, 指挥, 控制\n[计] 命令; 指令; DOS外部命令:启动新的命令处理器","The word ""command"" appears in many academic texts.||Try to use ""command"" in a sentence.",“command”常见于学术阅读中。||请尝试用“command”造句。,cet6-core source:ecdict family:commands family:commanded family:commanding
commemorate,kә'memәreit,vt.,vt. 纪念,"The word ""commemorate"" appears in many academic texts.||Try to use ""commemorate"" in a sentence.",“commemorate”常见于学术阅读中。||请尝试用“commemorate”造句。,cet6-core source:ecdict family:commemorating family:commemorated family:commemorates
commence,kә'mens,v.,"v. (使)开始, 得学位","The word ""commence"" appears in many academic texts.||Try to use ""commence"" in a sentence.",“commence”常见于学术阅读中。||请尝试用“commence”造句。,cet6-core source:ecdict family:commenced family:commencing family:commences
commend,kә'mend,vt.,"vt. 嘉奖, 委托给, 推荐","The word ""commend"" appears in many academic texts.||Try to use ""commend"" in a sentence.",“commend”常见于学术阅读中。||请尝试用“commend”造句。,cet6-core source:ecdict family:commended family:commends family:commending
commentary,'kɒmәntәri,n.,"n. 注释, 评论, 说明\n[法] 注释, 评注, 评论","The word ""commentary"" appears in many academic texts.||Try to use ""commentary"" in a sentence.",“commentary”常见于学术阅读中。||请尝试用“commentary”造句。,cet6-core source:ecdict family:commentaries
commercial,kә'mә:ʃәl,adj.,"a. 商业的, 商用的, 商品化的\nn. 商业广告节目","The word ""commercial"" appears in many academic texts.||Try to use ""commercial"" in a sentence.",“commercial”常见于学术阅读中。||请尝试用“commercial”造句。,cet6-core source:ecdict family:commercials
commission,kә'miʃәn,n.,"n. 委任状, 任官令, 所委职责, 佣金, 犯, 委托, 所托之事\nvt. 委任, 委托制作, 使服役","The word ""commission"" appears in many academic texts.||Try to use ""commission"" in a sentence.",“commission”常见于学术阅读中。||请尝试用“commission”造句。,cet6-core source:ecdict family:commissioned family:commissions family:commissioning
commit,kә'mit,vt.,"vt. 委托(托付), 犯罪, 指派...作战, 使承担义务\n[法] 犯, 做, 把...交托给","The word ""commit"" appears in many academic texts.||Try to use ""commit"" in a sentence.",“commit”常见于学术阅读中。||请尝试用“commit”造句。,cet6-core source:ecdict family:committed family:committing family:commits
commitment,kә'mitmәnt,n.,"n. 委托, 交押, 承担义务, 赞助\n[医] 院禁","The word ""commitment"" appears in many academic texts.||Try to use ""commitment"" in a sentence.",“commitment”常见于学术阅读中。||请尝试用“commitment”造句。,cet6-core source:ecdict family:commitments
committee,kә'miti,n.,n. 委员会\n[经] 委员会,"The word ""committee"" appears in many academic texts.||Try to use ""committee"" in a sentence.",“committee”常见于学术阅读中。||请尝试用“committee”造句。,cet6-core source:ecdict family:committees
commodity,kә'mɒditi,n.,"n. 农产品, 商品, 有用的物品\n[经] 商品, 货物, 日用品","The word ""commodity"" appears in many academic texts.||Try to use ""commodity"" in a sentence.",“commodity”常见于学术阅读中。||请尝试用“commodity”造句。,cet6-core source:ecdict family:commodities
commonplace,'kɒmәnpleis,n.,"n. 寻常事, 老生常谈, 普通的东西\na. 平凡的, 普通的","The word ""commonplace"" appears in many academic texts.||Try to use ""commonplace"" in a sentence.",“commonplace”常见于学术阅读中。||请尝试用“commonplace”造句。,cet6-core source:ecdict family:commonplaces
commonwealth,'kɔmәnwelθ,n.,n. 共和国；联邦；国民整体,"The word ""commonwealth"" appears in many academic texts.||Try to use ""commonwealth"" in a sentence.",“commonwealth”常见于学术阅读中。||请尝试用“commonwealth”造句。,cet6-core source:ecdict
communicate,kә'mju:nikeit,vt.,"vt. 显露, 传达, 感染\nvi. 通讯","The word ""communicate"" appears in many academic texts.||Try to use ""communicate"" in a sentence.",“communicate”常见于学术阅读中。||请尝试用“communicate”造句。,cet6-core source:ecdict family:communicated family:communicating family:communicates
communication,kә.mju:ni'keiʃәn,n.,"n. 交流, 交通, 通讯\n[计] 通信","The word ""communication"" appears in many academic texts.||Try to use ""communication"" in a sentence.",“communication”常见于学术阅读中。||请尝试用“communication”造句。,cet6-core source:ecdict family:communications
community,kә'mju:niti,n.,"n. 社区, 公众, 共有, 共同体\n[经] 公众, 共有, 社会","The word ""community"" appears in many academic texts.||Try to use ""community"" in a sentence.",“community”常见于学术阅读中。||请尝试用“community”造句。,cet6-core source:ecdict family:communities
commute,kә'mju:t,vt.,"vt. 交换, 折偿, 减轻\nvi. 代偿, 经常乘车来往","The word ""commute"" appears in many academic texts.||Try to use ""commute"" in a sentence.",“commute”常见于学术阅读中。||请尝试用“commute”造句。,cet6-core source:ecdict family:commuting family:commuted family:commutes
compact,kәm'pækt,adj.,"a. 紧凑的, 紧密的, 简洁的\nvt. 使紧密结合, 压缩\nvi. 变坚实","The word ""compact"" appears in many academic texts.||Try to use ""compact"" in a sentence.",“compact”常见于学术阅读中。||请尝试用“compact”造句。,cet6-core source:ecdict family:compacts family:compacted family:compacting family:compacter
companion,kәm'pænjәn,n.,"n. 朋友, 陪伴, 指南, 升降口围罩\nvt. 陪伴","The word ""companion"" appears in many academic texts.||Try to use ""companion"" in a sentence.",“companion”常见于学术阅读中。||请尝试用“companion”造句。,cet6-core source:ecdict family:companions family:companioning family:companioned
comparable,'kɒmpәrәbl,adj.,"a. 可比较的, 比得上的","The word ""comparable"" appears in many academic texts.||Try to use ""comparable"" in a sentence.",“comparable”常见于学术阅读中。||请尝试用“comparable”造句。,cet6-core source:ecdict
compare,kәm'pєә,vt.,"vt. 比较, 比喻, 对照\nvi. 相比\nn. 比较\n[计] 比较","The word ""compare"" appears in many academic texts.||Try to use ""compare"" in a sentence.",“compare”常见于学术阅读中。||请尝试用“compare”造句。,cet6-core source:ecdict family:compared family:comparing family:compares
comparison,kәm'pærisn,n.,"n. 比较, 对照, 比喻\n[经] 比较, 对比","The word ""comparison"" appears in many academic texts.||Try to use ""comparison"" in a sentence.",“comparison”常见于学术阅读中。||请尝试用“comparison”造句。,cet6-core source:ecdict family:comparisons
compartment,kәm'pɑ:tmәnt,n.,"n. 分隔间, 卧车包房, 防水舱隔\n[医] 隔室, 隔间","The word ""compartment"" appears in many academic texts.||Try to use ""compartment"" in a sentence.",“compartment”常见于学术阅读中。||请尝试用“compartment”造句。,cet6-core source:ecdict family:compartments family:compartmented
compatible,kәm'pætәbl,adj.,"a. 能共处的, 可并立的, 适合的\n[计] 相容的; 兼容的","The word ""compatible"" appears in many academic texts.||Try to use ""compatible"" in a sentence.",“compatible”常见于学术阅读中。||请尝试用“compatible”造句。,cet6-core source:ecdict family:compatibles
compel,kәm'pel,vt.,"vt. 强迫, 迫使","The word ""compel"" appears in many academic texts.||Try to use ""compel"" in a sentence.",“compel”常见于学术阅读中。||请尝试用“compel”造句。,cet6-core source:ecdict family:compelled family:compelling family:compels
compensate,'kɒmpenseit,v.,"v. 偿还, 补偿, 付报酬","The word ""compensate"" appears in many academic texts.||Try to use ""compensate"" in a sentence.",“compensate”常见于学术阅读中。||请尝试用“compensate”造句。,cet6-core source:ecdict family:compensated family:compensating family:compensates
compete,kәm'pi:t,vi.,"vi. 竞争, 对抗","The word ""compete"" appears in many academic texts.||Try to use ""compete"" in a sentence.",“compete”常见于学术阅读中。||请尝试用“compete”造句。,cet6-core source:ecdict family:competing family:competed family:competes
competence,'kɒmpitәns,n.,"n. 胜任, 职称, 能力\n[医] 能力, 活性","The word ""competence"" appears in many academic texts.||Try to use ""competence"" in a sentence.",“competence”常见于学术阅读中。||请尝试用“competence”造句。,cet6-core source:ecdict family:competences
competitive,kәm'petitiv,adj.,a. 竞争的\n[经] 竞争的,"The word ""competitive"" appears in many academic texts.||Try to use ""competitive"" in a sentence.",“competitive”常见于学术阅读中。||请尝试用“competitive”造句。,cet6-core source:ecdict
compile,kәm'pail,vt.,"vt. 编译, 编辑, 编纂, 收集\n[计] 编译","The word ""compile"" appears in many academic texts.||Try to use ""compile"" in a sentence.",“compile”常见于学术阅读中。||请尝试用“compile”造句。,cet6-core source:ecdict family:compiled family:compiling family:compiles
complain,kәm'plein,v.,"v. 抱怨, 抗议, 控诉","The word ""complain"" appears in many academic texts.||Try to use ""complain"" in a sentence.",“complain”常见于学术阅读中。||请尝试用“complain”造句。,cet6-core source:ecdict family:complained family:complaining family:complains
complaint,kәm'pleint,n.,"n. 诉苦, 抱怨, 控诉\n[医] 陈诉; 病","The word ""complaint"" appears in many academic texts.||Try to use ""complaint"" in a sentence.",“complaint”常见于学术阅读中。||请尝试用“complaint”造句。,cet6-core source:ecdict family:complaints
complement,'kɒmplimәnt,n.,"n. 补足物, 补语, 补数\nvt. 补充, 补足\n[计] 补码; 反相器; 补数","The word ""complement"" appears in many academic texts.||Try to use ""complement"" in a sentence.",“complement”常见于学术阅读中。||请尝试用“complement”造句。,cet6-core source:ecdict family:complemented family:complements family:complementing
complex,kәm'pleks,n.,"n. 综合体, 情结, 络合物\na. 复杂的, 组合的","The word ""complex"" appears in many academic texts.||Try to use ""complex"" in a sentence.",“complex”常见于学术阅读中。||请尝试用“complex”造句。,cet6-core source:ecdict family:complexes family:complexed
complexion,kәm'plekʃn,n.,"n. 肤色, 情况, 局面\n[医] 体质; 面色, 面容","The word ""complexion"" appears in many academic texts.||Try to use ""complexion"" in a sentence.",“complexion”常见于学术阅读中。||请尝试用“complexion”造句。,cet6-core source:ecdict family:complexions
complicated,'kɒmplikeitid,adj.,a. 复杂的\n[医] 并发的,"The word ""complicated"" appears in many academic texts.||Try to use ""complicated"" in a sentence.",“complicated”常见于学术阅读中。||请尝试用“complicated”造句。,cet6-core source:ecdict family:dp
complication,.kɒmpli'keiʃәn,n.,"n. 复杂化, 复杂情况\n[医] 并发症, 并发病","The word ""complication"" appears in many academic texts.||Try to use ""complication"" in a sentence.",“complication”常见于学术阅读中。||请尝试用“complication”造句。,cet6-core source:ecdict family:complications
compliment,'kɒmplimәnt,n.,"n. 称赞, 恭维, 敬意\nvt. 称赞, 褒扬, 恭维","The word ""compliment"" appears in many academic texts.||Try to use ""compliment"" in a sentence.",“compliment”常见于学术阅读中。||请尝试用“compliment”造句。,cet6-core source:ecdict family:compliments family:complimented family:complimenting
comply,kәm'plai,vi.,"vi. 顺从, 依从\n[法] 遵守, 承诺, 照做","The word ""comply"" appears in many academic texts.||Try to use ""comply"" in a sentence.",“comply”常见于学术阅读中。||请尝试用“comply”造句。,cet6-core source:ecdict family:complied family:complying family:complies
component,kәm'pәunәnt,n.,"n. 元件, 组件, 成分\na. 组成的, 构成的\n[计] 组件","The word ""component"" appears in many academic texts.||Try to use ""component"" in a sentence.",“component”常见于学术阅读中。||请尝试用“component”造句。,cet6-core source:ecdict family:components
compose,kәm'pәuz,vt.,"vt. 组成, 写作, 作曲, 使平静\nvi. 创作, 排字\n[计] 编写","The word ""compose"" appears in many academic texts.||Try to use ""compose"" in a sentence.",“compose”常见于学术阅读中。||请尝试用“compose”造句。,cet6-core source:ecdict family:composed family:composing family:composes
composite,kәm'pɒzit,adj.,"a. 合成的, 混合成的, 菊科的\nn. 合成物, 复合材料, 菊科","The word ""composite"" appears in many academic texts.||Try to use ""composite"" in a sentence.",“composite”常见于学术阅读中。||请尝试用“composite”造句。,cet6-core source:ecdict family:composites
compound,kәm'paund,n.,"n. 混合物, 复合词, 化合物, 院子\na. 复合的, 混合的, 化合的\nvi. 化合, 和解, 妥协\nvt. 使复合, 使化合","The word ""compound"" appears in many academic texts.||Try to use ""compound"" in a sentence.",“compound”常见于学术阅读中。||请尝试用“compound”造句。,cet6-core source:ecdict family:compounds family:compounded family:compounding
comprehension,.kɒmpri'henʃәn,n.,"n. 理解, 包含","The word ""comprehension"" appears in many academic texts.||Try to use ""comprehension"" in a sentence.",“comprehension”常见于学术阅读中。||请尝试用“comprehension”造句。,cet6-core source:ecdict
comprehensive,.kɒmpri'hensiv,adj.,"a. 广泛的, 有理解力的, 综合的\n[经] 广泛的, 综合的, 全面的","The word ""comprehensive"" appears in many academic texts.||Try to use ""comprehensive"" in a sentence.",“comprehensive”常见于学术阅读中。||请尝试用“comprehensive”造句。,cet6-core source:ecdict family:comprehensives
compromise,'kɒmprәmaiz,n.,"n. 妥协, 折中, 折中方案, 和解\nvi. 妥协处理\nvt. 危害","The word ""compromise"" appears in many academic texts.||Try to use ""compromise"" in a sentence.",“compromise”常见于学术阅读中。||请尝试用“compromise”造句。,cet6-core source:ecdict family:compromises family:compromised family:compromising
compulsory,kәm'pʌlsәri,adj.,"a. 被强制的, 强迫的, 义务的\n[经] 强迫的, 强制的","The word ""compulsory"" appears in many academic texts.||Try to use ""compulsory"" in a sentence.",“compulsory”常见于学术阅读中。||请尝试用“compulsory”造句。,cet6-core source:ecdict
compute,kәm'pju:t,v.,"v. 计算, 估算\nn. 计算, 估算","The word ""compute"" appears in many academic texts.||Try to use ""compute"" in a sentence.",“compute”常见于学术阅读中。||请尝试用“compute”造句。,cet6-core source:ecdict family:computed family:computing family:computes
concede,kәn'si:d,vt.,"vt. 承认, 退让\nvi. 让步","The word ""concede"" appears in many academic texts.||Try to use ""concede"" in a sentence.",“concede”常见于学术阅读中。||请尝试用“concede”造句。,cet6-core source:ecdict family:conceded family:conceding family:concedes
conceive,kәn'si:v,vt.,"vt. 构思, 认为\nvi. 怀孕","The word ""conceive"" appears in many academic texts.||Try to use ""conceive"" in a sentence.",“conceive”常见于学术阅读中。||请尝试用“conceive”造句。,cet6-core source:ecdict family:conceived family:conceives family:conceiving
concentrate,'kɒnsәntreit,n.,"n. 浓缩, 精选\nv. 集中, 专心","The word ""concentrate"" appears in many academic texts.||Try to use ""concentrate"" in a sentence.",“concentrate”常见于学术阅读中。||请尝试用“concentrate”造句。,cet6-core source:ecdict family:concentrated family:concentrating family:concentrates
concentration,.kɒnsәn'treiʃәn,n.,"n. 集中, 专心\n[化] 浓度; 浓缩","The word ""concentration"" appears in many academic texts.||Try to use ""concentration"" in a sentence.",“concentration”常见于学术阅读中。||请尝试用“concentration”造句。,cet6-core source:ecdict family:concentrations
concept,'kɒnsept,n.,"n. 观念, 概念\n[医] 概念","The word ""concept"" appears in many academic texts.||Try to use ""concept"" in a sentence.",“concept”常见于学术阅读中。||请尝试用“concept”造句。,cet6-core source:ecdict family:concepts
conception,kɒn'sepʃәn,n.,"n. 观念, 概念\n[医] 妊娠, 受孕; 概念","The word ""conception"" appears in many academic texts.||Try to use ""conception"" in a sentence.",“conception”常见于学术阅读中。||请尝试用“conception”造句。,cet6-core source:ecdict family:conceptions
concern,kәn'sә:n,n.,"n. 关心, 忧虑\nvt. 与...有关, 使担心, 使挂念","The word ""concern"" appears in many academic texts.||Try to use ""concern"" in a sentence.",“concern”常见于学术阅读中。||请尝试用“concern”造句。,cet6-core source:ecdict family:concerns family:concerned family:concerning
concise,kәn'sais,adj.,"a. 简洁的, 简明的","The word ""concise"" appears in many academic texts.||Try to use ""concise"" in a sentence.",“concise”常见于学术阅读中。||请尝试用“concise”造句。,cet6-core source:ecdict
conclude,kәn'klu:d,vt.,"vt. 结束, 作结论, 推断\nvi. 结束, 推断","The word ""conclude"" appears in many academic texts.||Try to use ""conclude"" in a sentence.",“conclude”常见于学术阅读中。||请尝试用“conclude”造句。,cet6-core source:ecdict family:concluded family:concludes family:concluding
condemn,kәn'dem,vt.,"vt. 判刑, 责备, 谴责\n[法] 定罪, 判刑, 宣告有罪","The word ""condemn"" appears in many academic texts.||Try to use ""condemn"" in a sentence.",“condemn”常见于学术阅读中。||请尝试用“condemn”造句。,cet6-core source:ecdict family:condemned family:condemning family:condemns
condense,kәn'dens,vt.,"vt. 使浓缩, 使压缩, 缩短\nvi. 浓缩, 凝结","The word ""condense"" appears in many academic texts.||Try to use ""condense"" in a sentence.",“condense”常见于学术阅读中。||请尝试用“condense”造句。,cet6-core source:ecdict family:condensed family:condensing family:condenses
conduct,"'kɔndʌkt, -dәkt",n.,"n. 行为, 举动, 指导\nvt. 为人, 指挥, 管理, 实施\nvi. 领导, 传导, 指挥","The word ""conduct"" appears in many academic texts.||Try to use ""conduct"" in a sentence.",“conduct”常见于学术阅读中。||请尝试用“conduct”造句。,cet6-core source:ecdict family:conducted family:conducting family:conducts
confer,kәn'fә:,vt.,"vt. 授予, 带来\nvi. 协商","The word ""confer"" appears in many academic texts.||Try to use ""confer"" in a sentence.",“confer”常见于学术阅读中。||请尝试用“confer”造句。,cet6-core source:ecdict family:conferred family:confers family:conferring
conference,'kɒnfәrәns,n.,"n. 会议\n[经] 会议, 讨论会, 协商会","The word ""conference"" appears in many academic texts.||Try to use ""conference"" in a sentence.",“conference”常见于学术阅读中。||请尝试用“conference”造句。,cet6-core source:ecdict family:conferences
confidence,'kɒnfidәns,n.,n. 信心\n[电] 可靠,"The word ""confidence"" appears in many academic texts.||Try to use ""confidence"" in a sentence.",“confidence”常见于学术阅读中。||请尝试用“confidence”造句。,cet6-core source:ecdict family:confidences
confident,'kɒnfidәnt,adj.,"a. 有信心的, 有把握的","The word ""confident"" appears in many academic texts.||Try to use ""confident"" in a sentence.",“confident”常见于学术阅读中。||请尝试用“confident”造句。,cet6-core source:ecdict
confidential,.kɒnfi'denʃәl,adj.,"a. 机密的, 获他人信赖的, 易于信任他人的\n[经] 秘密件","The word ""confidential"" appears in many academic texts.||Try to use ""confidential"" in a sentence.",“confidential”常见于学术阅读中。||请尝试用“confidential”造句。,cet6-core source:ecdict
configuration,kәn.figju'reiʃәn,n.,"n. 结构, 表面配置, 外形, 配置\n[计] 配置","The word ""configuration"" appears in many academic texts.||Try to use ""configuration"" in a sentence.",“configuration”常见于学术阅读中。||请尝试用“configuration”造句。,cet6-core source:ecdict family:configurations
confine,kәn'fain,vt.,"vt. 限制, 使不外出, 禁闭\nvi. 邻接, 交界\nn. 边缘, 范围, 区域","The word ""confine"" appears in many academic texts.||Try to use ""confine"" in a sentence.",“confine”常见于学术阅读中。||请尝试用“confine”造句。,cet6-core source:ecdict family:confined family:confines family:confining
confirm,kәn'fә:m,vt.,"vt. 证实, 确定, 批准, 使巩固\n[计] 确认","The word ""confirm"" appears in many academic texts.||Try to use ""confirm"" in a sentence.",“confirm”常见于学术阅读中。||请尝试用“confirm”造句。,cet6-core source:ecdict family:confirmed family:confirms family:confirming
conflict,'kɒnflikt,n.,"n. 战斗, 冲突, 矛盾, 争执\nvi. 争执, 战斗, 冲突, 抵触\n[计] 冲突","The word ""conflict"" appears in many academic texts.||Try to use ""conflict"" in a sentence.",“conflict”常见于学术阅读中。||请尝试用“conflict”造句。,cet6-core source:ecdict family:conflicts family:conflicted family:conflicting
conform,kәn'fɒ:m,vt.,"vt. 使一致, 使遵守, 使符合\nvi. 一致, 符合, 适应","The word ""conform"" appears in many academic texts.||Try to use ""conform"" in a sentence.",“conform”常见于学术阅读中。||请尝试用“conform”造句。,cet6-core source:ecdict family:conforms family:conforming family:conformed
confront,kәn'frʌnt,vt.,"vt. 使面对, 对抗, 遭遇, 使对质, 比较\n[法] 对证, 使对质, 比较","The word ""confront"" appears in many academic texts.||Try to use ""confront"" in a sentence.",“confront”常见于学术阅读中。||请尝试用“confront”造句。,cet6-core source:ecdict family:confronted family:confronting family:confronts
confusion,kәn'fju:ʒәn,n.,"n. 混乱, 混淆, 无秩序\n[计] 含混","The word ""confusion"" appears in many academic texts.||Try to use ""confusion"" in a sentence.",“confusion”常见于学术阅读中。||请尝试用“confusion”造句。,cet6-core source:ecdict family:confusions
congress,'kɒŋgres,n.,"n. 国会, 会议, 讨论会\n[医] 会议, 会合","The word ""congress"" appears in many academic texts.||Try to use ""congress"" in a sentence.",“congress”常见于学术阅读中。||请尝试用“congress”造句。,cet6-core source:ecdict family:congresses
conscientious,.kɒnʃi'enʃәs,adj.,"a. 有责任心的, 负责的, 本着良心的\n[法] 凭良心做的, 有道德感的","The word ""conscientious"" appears in many academic texts.||Try to use ""conscientious"" in a sentence.",“conscientious”常见于学术阅读中。||请尝试用“conscientious”造句。,cet6-core source:ecdict
conscious,'kɒnʃәs,adj.,"a. 有意识的, 知觉的, 觉察的\n[医] 有意识的, 清醒的","The word ""conscious"" appears in many academic texts.||Try to use ""conscious"" in a sentence.",“conscious”常见于学术阅读中。||请尝试用“conscious”造句。,cet6-core source:ecdict
consecutive,kәn'sekjutiv,adj.,"a. 连续的, 联贯的\n[计] 连续的; 连接的","The word ""consecutive"" appears in many academic texts.||Try to use ""consecutive"" in a sentence.",“consecutive”常见于学术阅读中。||请尝试用“consecutive”造句。,cet6-core source:ecdict
consensus,kәn'sensәs,n.,"n. 合意, 一致, 同感\n[计] 合意","The word ""consensus"" appears in many academic texts.||Try to use ""consensus"" in a sentence.",“consensus”常见于学术阅读中。||请尝试用“consensus”造句。,cet6-core source:ecdict
consent,kәn'sent,n.,"n. 同意, 许可\nvi. 同意, 赞同","The word ""consent"" appears in many academic texts.||Try to use ""consent"" in a sentence.",“consent”常见于学术阅读中。||请尝试用“consent”造句。,cet6-core source:ecdict family:consented family:consents family:consenting
consequence,'kɒnsikwәns,n.,"n. 结果, 重要性\n[法] 结果, 后果, 推断","The word ""consequence"" appears in many academic texts.||Try to use ""consequence"" in a sentence.",“consequence”常见于学术阅读中。||请尝试用“consequence”造句。,cet6-core source:ecdict family:consequences
consequent,'kɒnsikwәnt,n.,"n. 随后发生的事情, 结果\na. 作为结果的, 合乎逻辑的","The word ""consequent"" appears in many academic texts.||Try to use ""consequent"" in a sentence.",“consequent”常见于学术阅读中。||请尝试用“consequent”造句。,cet6-core source:ecdict family:consequents
consequently,'kɒnsikwәntli,adv.,adv. 所以,"The word ""consequently"" appears in many academic texts.||Try to use ""consequently"" in a sentence.",“consequently”常见于学术阅读中。||请尝试用“consequently”造句。,cet6-core source:ecdict
conservation,.kɒnsә'veiʃәn,n.,"n. 保护, 保存\n[医] 保存","The word ""conservation"" appears in many academic texts.||Try to use ""conservation"" in a sentence.",“conservation”常见于学术阅读中。||请尝试用“conservation”造句。,cet6-core source:ecdict
conservative,kәn'sә:vәtiv,adj.,"a. 保守的, 守旧的, 有保存力的\n[化] 防腐剂; 保存剂","The word ""conservative"" appears in many academic texts.||Try to use ""conservative"" in a sentence.",“conservative”常见于学术阅读中。||请尝试用“conservative”造句。,cet6-core source:ecdict family:conservatives
conserve,kәn'sә:v,n.,"n. 蜜饯, 果酱\nvt. 保存, 使(能量等)守恒","The word ""conserve"" appears in many academic texts.||Try to use ""conserve"" in a sentence.",“conserve”常见于学术阅读中。||请尝试用“conserve”造句。,cet6-core source:ecdict family:conserved family:conserving family:conserves
considerable,kәn'sidәrәbl,adj.,"a. 相当的, 可观的, 重要的","The word ""considerable"" appears in many academic texts.||Try to use ""considerable"" in a sentence.",“considerable”常见于学术阅读中。||请尝试用“considerable”造句。,cet6-core source:ecdict
considerate,kәn'sidәrit,adj.,"a. 体贴的, 体谅的, 考虑周到的","The word ""considerate"" appears in many academic texts.||Try to use ""considerate"" in a sentence.",“considerate”常见于学术阅读中。||请尝试用“considerate”造句。,cet6-core source:ecdict
consist,kәn'sist,vi.,"vi. 组成, 存在于, 一致","The word ""consist"" appears in many academic texts.||Try to use ""consist"" in a sentence.",“consist”常见于学术阅读中。||请尝试用“consist”造句。,cet6-core source:ecdict family:consists family:consisting family:consisted
consistent,kәn'sistәnt,adj.,"a. 一致的, 坚持的, 并立的, 坚固的","The word ""consistent"" appears in many academic texts.||Try to use ""consistent"" in a sentence.",“consistent”常见于学术阅读中。||请尝试用“consistent”造句。,cet6-core source:ecdict
console,kәn'sәul,vt.,"vt. 安慰, 藉慰\nn. 控制台\n[计] 控制台","The word ""console"" appears in many academic texts.||Try to use ""console"" in a sentence.",“console”常见于学术阅读中。||请尝试用“console”造句。,cet6-core source:ecdict family:consoled family:consoles family:consoling
consolidate,kәn'sɒlideit,vt.,"vt. 巩固, 使联合, 统一\nvi. 巩固\n[计] 合并计算","The word ""consolidate"" appears in many academic texts.||Try to use ""consolidate"" in a sentence.",“consolidate”常见于学术阅读中。||请尝试用“consolidate”造句。,cet6-core source:ecdict family:consolidated family:consolidating family:consolidates
conspicuous,kәn'spikjuәs,adj.,"a. 显著的, 显眼的, 出众的","The word ""conspicuous"" appears in many academic texts.||Try to use ""conspicuous"" in a sentence.",“conspicuous”常见于学术阅读中。||请尝试用“conspicuous”造句。,cet6-core source:ecdict
constant,'kɒnstәnt,n.,"n. 常数, 恒量\na. 不变的, 一定的, 时常的\n[计] 常量; 常数; 恒值","The word ""constant"" appears in many academic texts.||Try to use ""constant"" in a sentence.",“constant”常见于学术阅读中。||请尝试用“constant”造句。,cet6-core source:ecdict family:constants
constituent,kәn'stitjuәnt,n.,"n. 成分, 选民, 构成物\na. 构成的, 组织的, 选举的","The word ""constituent"" appears in many academic texts.||Try to use ""constituent"" in a sentence.",“constituent”常见于学术阅读中。||请尝试用“constituent”造句。,cet6-core source:ecdict family:constituents
constitute,kәn'stitjut,vt.,"vt. 构成, 组成, 任命\n[建] 构造, 组成","The word ""constitute"" appears in many academic texts.||Try to use ""constitute"" in a sentence.",“constitute”常见于学术阅读中。||请尝试用“constitute”造句。,cet6-core source:ecdict family:constitutes family:constituted family:constituting
constitution,.kɒnsti'tju:ʃәn,n.,"n. 构成, 宪法, 体格\n[医] 体质; 结构, 组织","The word ""constitution"" appears in many academic texts.||Try to use ""constitution"" in a sentence.",“constitution”常见于学术阅读中。||请尝试用“constitution”造句。,cet6-core source:ecdict family:constitutions
constrain,kәn'strein,vt.,"vt. 强迫, 限制, 关押","The word ""constrain"" appears in many academic texts.||Try to use ""constrain"" in a sentence.",“constrain”常见于学术阅读中。||请尝试用“constrain”造句。,cet6-core source:ecdict family:constrained family:constraining family:constrains
construct,kәn'strʌkt,vt.,"vt. 构造, 建造, 对...进行构思, 作图\nn. 构成物","The word ""construct"" appears in many academic texts.||Try to use ""construct"" in a sentence.",“construct”常见于学术阅读中。||请尝试用“construct”造句。,cet6-core source:ecdict family:constructed family:constructing family:constructs
consult,kәn'sʌlt,vi.,"vi. 商讨, 商量, 协商, 会诊\nvt. 向...请教, 查阅, 考虑","The word ""consult"" appears in many academic texts.||Try to use ""consult"" in a sentence.",“consult”常见于学术阅读中。||请尝试用“consult”造句。,cet6-core source:ecdict family:consulted family:consulting family:consults
consultant,kәn'sʌltәnt,n.,"n. 顾问, 征询意见者\n[医] 顾问医师","The word ""consultant"" appears in many academic texts.||Try to use ""consultant"" in a sentence.",“consultant”常见于学术阅读中。||请尝试用“consultant”造句。,cet6-core source:ecdict family:consultants
consume,kәn'sju:m,vt.,"vt. 消耗, 消费, 消灭\nvi. 耗尽, 毁灭","The word ""consume"" appears in many academic texts.||Try to use ""consume"" in a sentence.",“consume”常见于学术阅读中。||请尝试用“consume”造句。,cet6-core source:ecdict family:consumed family:consuming family:consumes
consumer,kәn'sju:mә,n.,"n. 消费者\n[经] 消费者, 用户","The word ""consumer"" appears in many academic texts.||Try to use ""consumer"" in a sentence.",“consumer”常见于学术阅读中。||请尝试用“consumer”造句。,cet6-core source:ecdict family:consumers
consumption,kәn'sʌmpʃәn,n.,"n. 消费, 消费量, 痨病\n[化] 消耗量; 耗量","The word ""consumption"" appears in many academic texts.||Try to use ""consumption"" in a sentence.",“consumption”常见于学术阅读中。||请尝试用“consumption”造句。,cet6-core source:ecdict
contact,'kɒntækt,n.,"n. 联系, 交际, 熟人, 接触\nvi. 接触, 联系\nvt. 使接触","The word ""contact"" appears in many academic texts.||Try to use ""contact"" in a sentence.",“contact”常见于学术阅读中。||请尝试用“contact”造句。,cet6-core source:ecdict family:contacts family:contacted family:contacting
contaminate,kәn'tæmineit,vt.,"vt. 弄污, 弄脏, 污染, 毒害\n[化] 污染","The word ""contaminate"" appears in many academic texts.||Try to use ""contaminate"" in a sentence.",“contaminate”常见于学术阅读中。||请尝试用“contaminate”造句。,cet6-core source:ecdict family:contaminated family:contaminating family:contaminates
contemplate,'kɒntempleit,vt.,"vt. 注视, 沉思, 盘算\nvi. 冥思苦想","The word ""contemplate"" appears in many academic texts.||Try to use ""contemplate"" in a sentence.",“contemplate”常见于学术阅读中。||请尝试用“contemplate”造句。,cet6-core source:ecdict family:contemplating family:contemplated family:contemplates
contempt,kәn'tempt,n.,"n. 轻视, 轻蔑\n[法] 藐视, 侮辱, 轻视","The word ""contempt"" appears in many academic texts.||Try to use ""contempt"" in a sentence.",“contempt”常见于学术阅读中。||请尝试用“contempt”造句。,cet6-core source:ecdict family:contempts
contend,kәn'tend,vi.,"vi. 奋斗, 斗争, 竞争\nvt. 为...斗争","The word ""contend"" appears in many academic texts.||Try to use ""contend"" in a sentence.",“contend”常见于学术阅读中。||请尝试用“contend”造句。,cet6-core source:ecdict family:contends family:contended family:contending
contention,kәn'teinʃәn,n.,"n. 争论, 争辩, 所持的论点\n[计] 争用","The word ""contention"" appears in many academic texts.||Try to use ""contention"" in a sentence.",“contention”常见于学术阅读中。||请尝试用“contention”造句。,cet6-core source:ecdict family:contentions
contest,'kɒntest,n.,"n. 竞赛, 争论\nvt. 竞争, 争取, 争辩\nvi. 竞争","The word ""contest"" appears in many academic texts.||Try to use ""contest"" in a sentence.",“contest”常见于学术阅读中。||请尝试用“contest”造句。,cet6-core source:ecdict family:contests family:contested family:contesting
continual,kәn'tinjuәl,adj.,"a. 持续不断的, 继续的\n[建] 连续的","The word ""continual"" appears in many academic texts.||Try to use ""continual"" in a sentence.",“continual”常见于学术阅读中。||请尝试用“continual”造句。,cet6-core source:ecdict
continuity,.kɒnti'nju:iti,n.,n. 连续性\n[化] 连续性,"The word ""continuity"" appears in many academic texts.||Try to use ""continuity"" in a sentence.",“continuity”常见于学术阅读中。||请尝试用“continuity”造句。,cet6-core source:ecdict family:continuities
contract,'kɒntrækt,n.,"n. 合约, 婚约, 契约\nvt. 使皱缩, 使缩短, 感染, 订约, 缔结\nvi. 皱缩, 订约, 收缩","The word ""contract"" appears in many academic texts.||Try to use ""contract"" in a sentence.",“contract”常见于学术阅读中。||请尝试用“contract”造句。,cet6-core source:ecdict family:contracts family:contracted family:contracting
contradict,.kɒntrә'dikt,vt.,"vt. 反驳, 与...抵触, 与...矛盾\nvi. 反驳","The word ""contradict"" appears in many academic texts.||Try to use ""contradict"" in a sentence.",“contradict”常见于学术阅读中。||请尝试用“contradict”造句。,cet6-core source:ecdict family:contradicts family:contradicted family:contradicting
contradiction,.kɒntrә'dikʃәn,n.,"n. 反驳, 矛盾\n[法] 矛盾, 否认, 反驳","The word ""contradiction"" appears in many academic texts.||Try to use ""contradiction"" in a sentence.",“contradiction”常见于学术阅读中。||请尝试用“contradiction”造句。,cet6-core source:ecdict family:contradictions
contrast,kәn'træst,n.,"n. 差别, 对比, 对照物\nvt. 使对比\nvi. 成对照\n[计] 反差; 对比度","The word ""contrast"" appears in many academic texts.||Try to use ""contrast"" in a sentence.",“contrast”常见于学术阅读中。||请尝试用“contrast”造句。,cet6-core source:ecdict family:contrasts family:contrasted family:contrasting
contribute,kәn'tribju:t,vt.,"vt. 有助于, 捐助, 投稿\nvi. 出力, 捐献, 投稿","The word ""contribute"" appears in many academic texts.||Try to use ""contribute"" in a sentence.",“contribute”常见于学术阅读中。||请尝试用“contribute”造句。,cet6-core source:ecdict family:contributed family:contributing family:contributes
contribution,.kɒntri'bju:ʃәn,n.,"n. 捐助, 捐助之物, 贡献\n[经] 贡献, 捐款, 补助品","The word ""contribution"" appears in many academic texts.||Try to use ""contribution"" in a sentence.",“contribution”常见于学术阅读中。||请尝试用“contribution”造句。,cet6-core source:ecdict family:contributions
contrive,kәn'traiv,v.,"v. 发明, 设计, 图谋","The word ""contrive"" appears in many academic texts.||Try to use ""contrive"" in a sentence.",“contrive”常见于学术阅读中。||请尝试用“contrive”造句。,cet6-core source:ecdict family:contrived family:contriving family:contrives
controversial,.kɒntrә'vә:ʃәl,adj.,"a. 争论的, 论争的, 被议论的","The word ""controversial"" appears in many academic texts.||Try to use ""controversial"" in a sentence.",“controversial”常见于学术阅读中。||请尝试用“controversial”造句。,cet6-core source:ecdict
controversy,'kɒntrәvә:si,n.,"n. 论争, 辩论, 论战, 争论\n[法] 论战, 争论, 争吵","The word ""controversy"" appears in many academic texts.||Try to use ""controversy"" in a sentence.",“controversy”常见于学术阅读中。||请尝试用“controversy”造句。,cet6-core source:ecdict family:controversies
convene,kәn'vi:n,vt.,"vt. 集合, 召集, 召唤\nvi. 聚集, 集合","The word ""convene"" appears in many academic texts.||Try to use ""convene"" in a sentence.",“convene”常见于学术阅读中。||请尝试用“convene”造句。,cet6-core source:ecdict family:convened family:convenes family:convening
convenience,kә'vi:njәns,n.,"n. 方便, 便利的事物, 方便的时候","The word ""convenience"" appears in many academic texts.||Try to use ""convenience"" in a sentence.",“convenience”常见于学术阅读中。||请尝试用“convenience”造句。,cet6-core source:ecdict family:conveniences
convention,kәn'venʃәn,n.,"n. 大会, 协定, 惯例, 约定\n[计] 约定","The word ""convention"" appears in many academic texts.||Try to use ""convention"" in a sentence.",“convention”常见于学术阅读中。||请尝试用“convention”造句。,cet6-core source:ecdict family:conventions
conventional,kәn'venʃәnl,adj.,"a. 传统的, 习惯的, 约定的\n[经] 惯例的, 常规的, 传统的","The word ""conventional"" appears in many academic texts.||Try to use ""conventional"" in a sentence.",“conventional”常见于学术阅读中。||请尝试用“conventional”造句。,cet6-core source:ecdict
converge,kәn'vә:dʒ,vi.,"vi. 聚合, 集中于一点\nvt. 使集合","The word ""converge"" appears in many academic texts.||Try to use ""converge"" in a sentence.",“converge”常见于学术阅读中。||请尝试用“converge”造句。,cet6-core source:ecdict family:converged family:converging family:converges
conversion,kәn'vә:ʃәn,n.,"n. 转变, 转换, 改变宗教信仰, 换位法\n[计] 转换","The word ""conversion"" appears in many academic texts.||Try to use ""conversion"" in a sentence.",“conversion”常见于学术阅读中。||请尝试用“conversion”造句。,cet6-core source:ecdict family:conversions
convert,kәn'vә:t,n.,"n. 皈依者, 改变宗教信仰者\nvt. 使改变信仰, 转换, 兑换, 倒置\nvi. 皈依\n[计] 转换","The word ""convert"" appears in many academic texts.||Try to use ""convert"" in a sentence.",“convert”常见于学术阅读中。||请尝试用“convert”造句。,cet6-core source:ecdict family:converted family:converting family:converts
convey,kәn'vei,vt.,"vt. 传达, 运输, 转让\n[经] 转让(财产等), 搬运","The word ""convey"" appears in many academic texts.||Try to use ""convey"" in a sentence.",“convey”常见于学术阅读中。||请尝试用“convey”造句。,cet6-core source:ecdict family:conveyed family:conveying family:conveys
convict,kәn'vikt,n.,"n. 囚犯, 罪犯\nvt. 宣告有罪, 使知罪","The word ""convict"" appears in many academic texts.||Try to use ""convict"" in a sentence.",“convict”常见于学术阅读中。||请尝试用“convict”造句。,cet6-core source:ecdict family:convicted family:convicts family:convicting
convince,kәn'vins,vt.,"vt. 说服, 使相信\n[法] 使确信, 使信服, 使人认识错误","The word ""convince"" appears in many academic texts.||Try to use ""convince"" in a sentence.",“convince”常见于学术阅读中。||请尝试用“convince”造句。,cet6-core source:ecdict family:convinced family:convincing family:convinces
cooperative,kәu'ɔpәrәtiv,adj.,a. 合作的；合作社的,"The word ""cooperative"" appears in many academic texts.||Try to use ""cooperative"" in a sentence.",“cooperative”常见于学术阅读中。||请尝试用“cooperative”造句。,cet6-core source:ecdict family:cooperatives
cope,kәup,vi.,"vi. 竞争, 应付\nn. 长袍","The word ""cope"" appears in many academic texts.||Try to use ""cope"" in a sentence.",“cope”常见于学术阅读中。||请尝试用“cope”造句。,cet6-core source:ecdict family:coping family:coped family:copes
cord,kɒ:d,n.,"n. 绳索, 束缚\n[医] 索, 带","The word ""cord"" appears in many academic texts.||Try to use ""cord"" in a sentence.",“cord”常见于学术阅读中。||请尝试用“cord”造句。,cet6-core source:ecdict family:cords family:corded family:cording
cordial,'kɒ:djәl,n.,"n. 兴奋剂, 补品\na. 热忱的, 诚恳的, 有兴奋作用的","The word ""cordial"" appears in many academic texts.||Try to use ""cordial"" in a sentence.",“cordial”常见于学术阅读中。||请尝试用“cordial”造句。,cet6-core source:ecdict family:cordials
cork,kɒ:k,n.,"n. 软木塞, 软木树, 软木\n[化] 木栓","The word ""cork"" appears in many academic texts.||Try to use ""cork"" in a sentence.",“cork”常见于学术阅读中。||请尝试用“cork”造句。,cet6-core source:ecdict family:corks family:corked family:corking
corporate,'kɒ:pәrit,adj.,"a. 社团的, 合伙的, 公司的\n[经] 团体的, 法人的, 社团的","The word ""corporate"" appears in many academic texts.||Try to use ""corporate"" in a sentence.",“corporate”常见于学术阅读中。||请尝试用“corporate”造句。,cet6-core source:ecdict family:corporates
corps,kɒ:,n.,"n. 军, 队, 部队, 兵种\n[医] 对, 团; 体, 物体","The word ""corps"" appears in many academic texts.||Try to use ""corps"" in a sentence.",“corps”常见于学术阅读中。||请尝试用“corps”造句。,cet6-core source:ecdict
corpse,kɒ:ps,n.,n. 尸体\n[医] 尸体,"The word ""corpse"" appears in many academic texts.||Try to use ""corpse"" in a sentence.",“corpse”常见于学术阅读中。||请尝试用“corpse”造句。,cet6-core source:ecdict family:corpses
correlate,'kɒrәleit,n.,"n. 有相互关系的东西, 相关物\nvt. 使有相互关系\nvi. 相关","The word ""correlate"" appears in many academic texts.||Try to use ""correlate"" in a sentence.",“correlate”常见于学术阅读中。||请尝试用“correlate”造句。,cet6-core source:ecdict family:correlated family:correlates family:correlating
correspondent,.kɒri'spɒndәnt,n.,"n. 通讯记者, 通信者\n[经] 客户, 代理商行, 代理银行","The word ""correspondent"" appears in many academic texts.||Try to use ""correspondent"" in a sentence.",“correspondent”常见于学术阅读中。||请尝试用“correspondent”造句。,cet6-core source:ecdict family:correspondents
corresponding,.kɒri'spɒndiŋ,adj.,"a. 相当的, 一致的, 通信的\n[计] 对应","The word ""corresponding"" appears in many academic texts.||Try to use ""corresponding"" in a sentence.",“corresponding”常见于学术阅读中。||请尝试用“corresponding”造句。,cet6-core source:ecdict family:correspond family:i
corrode,kә'rәud,vt.,"vt. 使腐蚀, 侵蚀, 破坏\nvi. 被侵蚀, 起腐蚀作用","The word ""corrode"" appears in many academic texts.||Try to use ""corrode"" in a sentence.",“corrode”常见于学术阅读中。||请尝试用“corrode”造句。,cet6-core source:ecdict family:corroded family:corrodes family:corroding
corrupt,kә'rʌpt,adj.,"a. 腐败的, 贪污的, 讹误充斥的\nvt. 使腐烂, 腐蚀, 使恶化\nvi. 腐烂, 堕落","The word ""corrupt"" appears in many academic texts.||Try to use ""corrupt"" in a sentence.",“corrupt”常见于学术阅读中。||请尝试用“corrupt”造句。,cet6-core source:ecdict family:corrupted family:corrupting family:corrupts family:corrupter
costume,'kɒstju:m,n.,"n. 装束, 服装","The word ""costume"" appears in many academic texts.||Try to use ""costume"" in a sentence.",“costume”常见于学术阅读中。||请尝试用“costume”造句。,cet6-core source:ecdict family:costumes family:costumed family:costuming
council,'kaunsәl,n.,"n. 会议, 委员会\n[经] 委员会","The word ""council"" appears in many academic texts.||Try to use ""council"" in a sentence.",“council”常见于学术阅读中。||请尝试用“council”造句。,cet6-core source:ecdict family:councils
counsel,'kaunsәl,n.,"n. 商议, 忠告, 法律顾问\nv. 商议, 劝告","The word ""counsel"" appears in many academic texts.||Try to use ""counsel"" in a sentence.",“counsel”常见于学术阅读中。||请尝试用“counsel”造句。,cet6-core source:ecdict family:counselling family:counselled family:counsels
counter,'kauntә,n.,"n. 计算器, 计算者, 柜台, 筹码\na. 反方向的, 相反的\nadv. 反方向地, 相反地\n[计] 计数器; 计数字","The word ""counter"" appears in many academic texts.||Try to use ""counter"" in a sentence.",“counter”常见于学术阅读中。||请尝试用“counter”造句。,cet6-core source:ecdict family:countered family:counters family:countering
counterpart,'kauntәpɑ:t,n.,"n. 副本, 复本, 配对物, 相应物\n[经] 副本, 正副二份中之一","The word ""counterpart"" appears in many academic texts.||Try to use ""counterpart"" in a sentence.",“counterpart”常见于学术阅读中。||请尝试用“counterpart”造句。,cet6-core source:ecdict family:counterparts
coupon,'ku:pɒn,n.,"n. 息票, 赠券\n[经] 息票, 利息单, 联票","The word ""coupon"" appears in many academic texts.||Try to use ""coupon"" in a sentence.",“coupon”常见于学术阅读中。||请尝试用“coupon”造句。,cet6-core source:ecdict family:coupons
court,kɒ:t,n.,"n. 法院, 庭院, 奉承\nvt. 献殷勤, 追求, 招致\nvi. 求爱","The word ""court"" appears in many academic texts.||Try to use ""court"" in a sentence.",“court”常见于学术阅读中。||请尝试用“court”造句。,cet6-core source:ecdict family:courts family:courting family:courted
courtesy,'kә:tisi,n.,"n. 礼貌, 谦恭, 好意\n[法] 优待, 礼貌, 恩惠","The word ""courtesy"" appears in many academic texts.||Try to use ""courtesy"" in a sentence.",“courtesy”常见于学术阅读中。||请尝试用“courtesy”造句。,cet6-core source:ecdict family:courtesies
coverage,'kʌvәridʒ,n.,"n. 覆盖的范围, 保险总额, 新闻报导\n[化] 可达范围; 覆盖度","The word ""coverage"" appears in many academic texts.||Try to use ""coverage"" in a sentence.",“coverage”常见于学术阅读中。||请尝试用“coverage”造句。,cet6-core source:ecdict family:coverages
coward,'kauәd,n.,"n. 懦弱的人, 胆小的人","The word ""coward"" appears in many academic texts.||Try to use ""coward"" in a sentence.",“coward”常见于学术阅读中。||请尝试用“coward”造句。,cet6-core source:ecdict family:cowards
cozy,'kәuzi,adj.,"a. 舒适的, 安逸的, 惬意的\nn. (茶壶等的)保暖罩, 舒适的座位\nvt. 以假话使安心","The word ""cozy"" appears in many academic texts.||Try to use ""cozy"" in a sentence.",“cozy”常见于学术阅读中。||请尝试用“cozy”造句。,cet6-core source:ecdict family:cozying family:cozier
cradle,'kreidl,n.,"n. 摇篮, 发祥地, 孩提时代\nvt. 放在摇篮内, 抚育\nvi. 刈割","The word ""cradle"" appears in many academic texts.||Try to use ""cradle"" in a sentence.",“cradle”常见于学术阅读中。||请尝试用“cradle”造句。,cet6-core source:ecdict family:cradling family:cradled family:cradles
crash,kræʃ,n.,"n. 哗啦声, 猛撞, 崩溃, 粗布\nv. 撞碎, 破碎, (使)...坠毁\na. 速成的\n[计] 崩溃","The word ""crash"" appears in many academic texts.||Try to use ""crash"" in a sentence.",“crash”常见于学术阅读中。||请尝试用“crash”造句。,cet6-core source:ecdict family:crashed family:crashing family:crashes
creation,kri:'eiʃәn,n.,"n. 创造, 创作物, 发明\n[化] 产生","The word ""creation"" appears in many academic texts.||Try to use ""creation"" in a sentence.",“creation”常见于学术阅读中。||请尝试用“creation”造句。,cet6-core source:ecdict family:creations
credible,'kredәbl,adj.,"a. 可信的, 可靠的\n[法] 可信的, 可靠的","The word ""credible"" appears in many academic texts.||Try to use ""credible"" in a sentence.",“credible”常见于学术阅读中。||请尝试用“credible”造句。,cet6-core source:ecdict
credit,'kredit,n.,"n. 信用, 信任, 荣誉, 贷款, 学分\nvt. 归功于, 赞颂, 信任, 相信\n[计] 信用量","The word ""credit"" appears in many academic texts.||Try to use ""credit"" in a sentence.",“credit”常见于学术阅读中。||请尝试用“credit”造句。,cet6-core source:ecdict family:credited family:credits family:crediting
crew,kru:,n.,"n. 全体人员, 一群人, 全体队员\ncrow的过去式","The word ""crew"" appears in many academic texts.||Try to use ""crew"" in a sentence.",“crew”常见于学术阅读中。||请尝试用“crew”造句。,cet6-core source:ecdict family:crews family:crewed family:crewing
crime,kraim,n.,"n. 犯罪, 罪行, 罪恶\n[法] 犯罪, 罪, 罪恶","The word ""crime"" appears in many academic texts.||Try to use ""crime"" in a sentence.",“crime”常见于学术阅读中。||请尝试用“crime”造句。,cet6-core source:ecdict family:crimes
criminal,'kriminәl,n.,"n. 罪犯, 犯人, 刑事\na. 犯了罪的, 刑事的, 有罪的","The word ""criminal"" appears in many academic texts.||Try to use ""criminal"" in a sentence.",“criminal”常见于学术阅读中。||请尝试用“criminal”造句。,cet6-core source:ecdict family:criminals
cripple,'kripl,n.,"n. 跛者, 残废\nvt. 使跛, 使成残废, 削弱\na. 跛的, 残废的","The word ""cripple"" appears in many academic texts.||Try to use ""cripple"" in a sentence.",“cripple”常见于学术阅读中。||请尝试用“cripple”造句。,cet6-core source:ecdict family:crippled family:cripples family:crippling
crisis,'kraisis,n.,"n. 危机, 危险期, 紧要关头\n[医] 危象; 骤退, 临界, 极期","The word ""crisis"" appears in many academic texts.||Try to use ""crisis"" in a sentence.",“crisis”常见于学术阅读中。||请尝试用“crisis”造句。,cet6-core source:ecdict family:crises
crisp,krisp,adj.,"a. 脆的, 新鲜的, 活泼的\nv. (使)烘脆, (使)拳曲, (使)起皱\nn. 松脆物","The word ""crisp"" appears in many academic texts.||Try to use ""crisp"" in a sentence.",“crisp”常见于学术阅读中。||请尝试用“crisp”造句。,cet6-core source:ecdict family:crisps family:crisper family:crisping family:crisped family:crispest
criterion,krai'tiәriәn,n.,"n. 标准, 准则, 规范\n[化] 判据","The word ""criterion"" appears in many academic texts.||Try to use ""criterion"" in a sentence.",“criterion”常见于学术阅读中。||请尝试用“criterion”造句。,cet6-core source:ecdict family:criteria
critic,'kritik,n.,"n. 批评家, 鉴定家","The word ""critic"" appears in many academic texts.||Try to use ""critic"" in a sentence.",“critic”常见于学术阅读中。||请尝试用“critic”造句。,cet6-core source:ecdict family:critics
critical,'kritikәl,adj.,"a. 批评的, 决定性的, 危险的, 临界的\n[医] 危象的; 临界的, 极期的","The word ""critical"" appears in many academic texts.||Try to use ""critical"" in a sentence.",“critical”常见于学术阅读中。||请尝试用“critical”造句。,cet6-core source:ecdict
criticism,'kritisizm,n.,"n. 批评, 评论, 非难\n[法] 批判, 批评, 评论","The word ""criticism"" appears in many academic texts.||Try to use ""criticism"" in a sentence.",“criticism”常见于学术阅读中。||请尝试用“criticism”造句。,cet6-core source:ecdict family:criticisms
criticize,'kritisaiz,v.,"v. 批评, 吹毛求疵, 非难","The word ""criticize"" appears in many academic texts.||Try to use ""criticize"" in a sentence.",“criticize”常见于学术阅读中。||请尝试用“criticize”造句。,cet6-core source:ecdict family:criticized family:criticizing family:criticizes
crowd,kraud,n.,"n. 群众, 一伙人\nvt. 拥挤, 挤满, 挤进","The word ""crowd"" appears in many academic texts.||Try to use ""crowd"" in a sentence.",“crowd”常见于学术阅读中。||请尝试用“crowd”造句。,cet6-core source:ecdict family:crowds family:crowded family:crowding
crucial,'kru:ʃәl,adj.,"a. 决定性的, 重要的, 严厉的\n[医] 十字形的; 决断的, 定局的","The word ""crucial"" appears in many academic texts.||Try to use ""crucial"" in a sentence.",“crucial”常见于学术阅读中。||请尝试用“crucial”造句。,cet6-core source:ecdict
crumble,'krʌmbl,v.,"v. (使)粉碎, (使)成为碎屑, 瓦解, 崩溃, 败落","The word ""crumble"" appears in many academic texts.||Try to use ""crumble"" in a sentence.",“crumble”常见于学术阅读中。||请尝试用“crumble”造句。,cet6-core source:ecdict family:crumbling family:crumbled family:crumbles
crush,krʌʃ,n.,"n. 压碎, 粉碎, 群众, 迷恋\nvt. 压破, 征服, 塞, 弄皱, 榨出\nvi. 被压碎, 起皱, 挤","The word ""crush"" appears in many academic texts.||Try to use ""crush"" in a sentence.",“crush”常见于学术阅读中。||请尝试用“crush”造句。,cet6-core source:ecdict family:crushed family:crushing family:crushes
cucumber,'kju:kәmbә,n.,"n. 黄瓜\n[医] 黄瓜, 胡瓜","The word ""cucumber"" appears in many academic texts.||Try to use ""cucumber"" in a sentence.",“cucumber”常见于学术阅读中。||请尝试用“cucumber”造句。,cet6-core source:ecdict family:cucumbers
culminate,'kʌlmineit,vi.,"vi. 到绝顶, 达于极点, 达到高潮\nvt. 使到绝顶, 使达到高潮","The word ""culminate"" appears in many academic texts.||Try to use ""culminate"" in a sentence.",“culminate”常见于学术阅读中。||请尝试用“culminate”造句。,cet6-core source:ecdict family:culminating family:culminated family:culminates
culture,'kʌltʃә,n.,"n. 文化, 修养, 耕种\nvt. 耕种, 培养","The word ""culture"" appears in many academic texts.||Try to use ""culture"" in a sentence.",“culture”常见于学术阅读中。||请尝试用“culture”造句。,cet6-core source:ecdict family:cultures family:cultured family:culturing
cumulative,'kju:mjulәtiv,adj.,"a. 累积的\n[医] 蓄积的, 累积的","The word ""cumulative"" appears in many academic texts.||Try to use ""cumulative"" in a sentence.",“cumulative”常见于学术阅读中。||请尝试用“cumulative”造句。,cet6-core source:ecdict
curb,kә:b,n.,"n. 抑制, 勒马绳, 边石\nvt. 抑制, 束缚, 勒住","The word ""curb"" appears in many academic texts.||Try to use ""curb"" in a sentence.",“curb”常见于学术阅读中。||请尝试用“curb”造句。,cet6-core source:ecdict family:curbing family:curbs family:curbed
current,'kʌrәnt,n.,"n. 涌流, 趋势, 流\na. 流通的, 现在的, 当前的, 流行的\n[计] 当前的","The word ""current"" appears in many academic texts.||Try to use ""current"" in a sentence.",“current”常见于学术阅读中。||请尝试用“current”造句。,cet6-core source:ecdict family:currents
curse,kә:s,n.,"n. 咒骂, 诅咒\nvt. 诅咒, 咒骂","The word ""curse"" appears in many academic texts.||Try to use ""curse"" in a sentence.",“curse”常见于学术阅读中。||请尝试用“curse”造句。,cet6-core source:ecdict family:cursing family:cursed family:curses
customary,'kʌstәmәri,adj.,"a. 习惯的, 惯常的\n[经] 通常的, 习惯的","The word ""customary"" appears in many academic texts.||Try to use ""customary"" in a sentence.",“customary”常见于学术阅读中。||请尝试用“customary”造句。,cet6-core source:ecdict
cute,kju:t,adj.,"a. 可爱的, 聪明的, 伶俐的\n[医] 品他病","The word ""cute"" appears in many academic texts.||Try to use ""cute"" in a sentence.",“cute”常见于学术阅读中。||请尝试用“cute”造句。,cet6-core source:ecdict family:cutest family:cuter
cycle,'saikl,n.,"n. 周期, 循环, 自行车, 一段时间, 整套\nvi. 循环, 轮转, 骑自行车\nvt. 使循环, 使轮转\n[计] 环路; 周期; 循环","The word ""cycle"" appears in many academic texts.||Try to use ""cycle"" in a sentence.",“cycle”常见于学术阅读中。||请尝试用“cycle”造句。,cet6-core source:ecdict family:cycles family:cycling family:cycled
cylinder,'silindә,n.,"n. 圆筒, 圆筒状物, 汽缸, 柱面\n[计] 柱面","The word ""cylinder"" appears in many academic texts.||Try to use ""cylinder"" in a sentence.",“cylinder”常见于学术阅读中。||请尝试用“cylinder”造句。,cet6-core source:ecdict family:cylinders
cynical,'sinikәl,adj.,"a. 愤世嫉俗的, 讽刺的, 冷嘲的","The word ""cynical"" appears in many academic texts.||Try to use ""cynical"" in a sentence.",“cynical”常见于学术阅读中。||请尝试用“cynical”造句。,cet6-core source:ecdict
dart,dɑ:t,n.,"n. 飞镖, 投射\nvt. 投射\nvi. 疾走, 突进","The word ""dart"" appears in many academic texts.||Try to use ""dart"" in a sentence.",“dart”常见于学术阅读中。||请尝试用“dart”造句。,cet6-core source:ecdict family:darted family:darts family:darting
database,'deitәbeis,n.,n. 数据库\n[计] 数据库,"The word ""database"" appears in many academic texts.||Try to use ""database"" in a sentence.",“database”常见于学术阅读中。||请尝试用“database”造句。,cet6-core source:ecdict family:databases
dazzle,'dæzl,v.,"v. (使)眼花, 炫耀\nn. 耀眼","The word ""dazzle"" appears in many academic texts.||Try to use ""dazzle"" in a sentence.",“dazzle”常见于学术阅读中。||请尝试用“dazzle”造句。,cet6-core source:ecdict family:dazzled family:dazzling family:dazzles
deadline,'dedlain,n.,"n. 最后期限, 截止期限\n[经] 截止日期","The word ""deadline"" appears in many academic texts.||Try to use ""deadline"" in a sentence.",“deadline”常见于学术阅读中。||请尝试用“deadline”造句。,cet6-core source:ecdict family:deadlines
deadly,'dedli,adj.,"a. 致命的, 致死的\nadv. 非常, 如死一般地","The word ""deadly"" appears in many academic texts.||Try to use ""deadly"" in a sentence.",“deadly”常见于学术阅读中。||请尝试用“deadly”造句。,cet6-core source:ecdict family:deadliest family:deadlier
dean,di:n,n.,"n. 院长, 主持牧师\n[法] 外交团长, 学院院长, 教务长","The word ""dean"" appears in many academic texts.||Try to use ""dean"" in a sentence.",“dean”常见于学术阅读中。||请尝试用“dean”造句。,cet6-core source:ecdict family:deans
debate,di'beit,n.,"n. 辩论, 讨论\nv. 争论, 辩论","The word ""debate"" appears in many academic texts.||Try to use ""debate"" in a sentence.",“debate”常见于学术阅读中。||请尝试用“debate”造句。,cet6-core source:ecdict family:debates family:debated family:debating
decade,'dekeid,n.,"n. 十年, 十","The word ""decade"" appears in many academic texts.||Try to use ""decade"" in a sentence.",“decade”常见于学术阅读中。||请尝试用“decade”造句。,cet6-core source:ecdict family:decades
decay,di'kei,n.,"n. 衰退, 腐败\nv. (使)衰退, (使)腐败","The word ""decay"" appears in many academic texts.||Try to use ""decay"" in a sentence.",“decay”常见于学术阅读中。||请尝试用“decay”造句。,cet6-core source:ecdict family:decaying family:decayed family:decays
deceive,di'si:v,v.,"v. 欺骗, 行骗","The word ""deceive"" appears in many academic texts.||Try to use ""deceive"" in a sentence.",“deceive”常见于学术阅读中。||请尝试用“deceive”造句。,cet6-core source:ecdict family:deceived family:deceiving family:deceives
decent,'di:sәnt,adj.,"a. 有分寸的, 得体的, 大方的","The word ""decent"" appears in many academic texts.||Try to use ""decent"" in a sentence.",“decent”常见于学术阅读中。||请尝试用“decent”造句。,cet6-core source:ecdict
decimal,'desimәl,adj.,"a. 十进位的, 小数的\nn. 十进制, 小数\n[计] 十进制, 小数点","The word ""decimal"" appears in many academic texts.||Try to use ""decimal"" in a sentence.",“decimal”常见于学术阅读中。||请尝试用“decimal”造句。,cet6-core source:ecdict family:decimals
decisive,di'saisiv,adj.,"a. 决定性的, 坚定的, 果断的","The word ""decisive"" appears in many academic texts.||Try to use ""decisive"" in a sentence.",“decisive”常见于学术阅读中。||请尝试用“decisive”造句。,cet6-core source:ecdict
decorate,'dekәreit,v.,v. 装饰,"The word ""decorate"" appears in many academic texts.||Try to use ""decorate"" in a sentence.",“decorate”常见于学术阅读中。||请尝试用“decorate”造句。,cet6-core source:ecdict family:decorated family:decorating family:decorates
decrease,'di:kri:s,n.,"n. 减少, 减少量\nv. 减少","The word ""decrease"" appears in many academic texts.||Try to use ""decrease"" in a sentence.",“decrease”常见于学术阅读中。||请尝试用“decrease”造句。,cet6-core source:ecdict family:decreased family:decreases family:decreasing
decree,di'kri:,n.,"n. 法令, 判决, 天意\nvt. 颁布, 判决\nvi. 发布命令","The word ""decree"" appears in many academic texts.||Try to use ""decree"" in a sentence.",“decree”常见于学术阅读中。||请尝试用“decree”造句。,cet6-core source:ecdict family:decrees family:decreed family:decreeing
dedicate,'dedikeit,vt.,"vt. 献出, 贡献","The word ""dedicate"" appears in many academic texts.||Try to use ""dedicate"" in a sentence.",“dedicate”常见于学术阅读中。||请尝试用“dedicate”造句。,cet6-core source:ecdict family:dedicated family:dedicating family:dedicates
deduce,di'dju:s,vt.,"vt. 推论, 演绎出\n[法] 推断, 推出, 演绎","The word ""deduce"" appears in many academic texts.||Try to use ""deduce"" in a sentence.",“deduce”常见于学术阅读中。||请尝试用“deduce”造句。,cet6-core source:ecdict family:deduced family:deducing family:deduces
deduct,di'dʌkt,vt.,"vt. 扣除, 减去\n[经] 扣除, 减去, 折扣","The word ""deduct"" appears in many academic texts.||Try to use ""deduct"" in a sentence.",“deduct”常见于学术阅读中。||请尝试用“deduct”造句。,cet6-core source:ecdict family:deducted family:deducting family:deducts
deem,di:m,v.,"v. 认为, 相信","The word ""deem"" appears in many academic texts.||Try to use ""deem"" in a sentence.",“deem”常见于学术阅读中。||请尝试用“deem”造句。,cet6-core source:ecdict family:deemed family:deems family:deeming
default,di'fɒ:lt,n.,"n. 违约, 不履行责任, 缺席, 默认值\nv. 疏怠职责, 缺席, 拖欠, 默认\n[计] 默认; 默认值; 缺省值","The word ""default"" appears in many academic texts.||Try to use ""default"" in a sentence.",“default”常见于学术阅读中。||请尝试用“default”造句。,cet6-core source:ecdict family:defaults family:defaulted family:defaulting
defeat,di'fi:t,n.,"n. 败北, 失败\nvt. 击败, 使落空","The word ""defeat"" appears in many academic texts.||Try to use ""defeat"" in a sentence.",“defeat”常见于学术阅读中。||请尝试用“defeat”造句。,cet6-core source:ecdict family:defeated family:defeats family:defeating
defect,di'fekt,n.,"n. 缺点\n[医] 缺损, 缺陷","The word ""defect"" appears in many academic texts.||Try to use ""defect"" in a sentence.",“defect”常见于学术阅读中。||请尝试用“defect”造句。,cet6-core source:ecdict family:defects family:defected family:defecting
defendant,di'fendәnt,n.,n. 被告\n[经] 被告方,"The word ""defendant"" appears in many academic texts.||Try to use ""defendant"" in a sentence.",“defendant”常见于学术阅读中。||请尝试用“defendant”造句。,cet6-core source:ecdict family:defendants
defiance,di'faiәns,n.,"n. 蔑视, 挑战\n[法] 挑战, 藐视, 违抗","The word ""defiance"" appears in many academic texts.||Try to use ""defiance"" in a sentence.",“defiance”常见于学术阅读中。||请尝试用“defiance”造句。,cet6-core source:ecdict
deficiency,di'fiʃәnsi,n.,"n. 缺乏, 不足\n[医] 缺乏, 不足","The word ""deficiency"" appears in many academic texts.||Try to use ""deficiency"" in a sentence.",“deficiency”常见于学术阅读中。||请尝试用“deficiency”造句。,cet6-core source:ecdict family:deficiencies
deficit,'defisit,n.,"n. 赤字, 不足额\n[医] 短缺","The word ""deficit"" appears in many academic texts.||Try to use ""deficit"" in a sentence.",“deficit”常见于学术阅读中。||请尝试用“deficit”造句。,cet6-core source:ecdict family:deficits
define,di'fain,vt.,"vt. 定义, 规定, 使明确\n[计] 定义","The word ""define"" appears in many academic texts.||Try to use ""define"" in a sentence.",“define”常见于学术阅读中。||请尝试用“define”造句。,cet6-core source:ecdict family:defined family:defining family:defines
definitely,'definitli,adv.,"adv. 明确无疑地, 清楚地","The word ""definitely"" appears in many academic texts.||Try to use ""definitely"" in a sentence.",“definitely”常见于学术阅读中。||请尝试用“definitely”造句。,cet6-core source:ecdict
definition,.defi'niʃәn,n.,"n. 定义, 精确度, 清晰度\n[计] 清晰度; 清晰度","The word ""definition"" appears in many academic texts.||Try to use ""definition"" in a sentence.",“definition”常见于学术阅读中。||请尝试用“definition”造句。,cet6-core source:ecdict family:definitions
definitive,di'finitiv,n.,"n. 限定词\na. 限定的, 决定性的","The word ""definitive"" appears in many academic texts.||Try to use ""definitive"" in a sentence.",“definitive”常见于学术阅读中。||请尝试用“definitive”造句。,cet6-core source:ecdict family:definitives
defy,di'fai,vt.,"vt. 藐视, 挑衅, 使落空\nn. 挑战","The word ""defy"" appears in many academic texts.||Try to use ""defy"" in a sentence.",“defy”常见于学术阅读中。||请尝试用“defy”造句。,cet6-core source:ecdict family:defied family:defying family:defies
degenerate,di'dʒenәreit,adj.,"a. 堕落的\nvi. 退化, 堕落\nvt. 使变质, 使退化","The word ""degenerate"" appears in many academic texts.||Try to use ""degenerate"" in a sentence.",“degenerate”常见于学术阅读中。||请尝试用“degenerate”造句。,cet6-core source:ecdict family:degenerated family:degenerating family:degenerates
degrade,di'greid,v.,"v. (使)降级, (使)退化","The word ""degrade"" appears in many academic texts.||Try to use ""degrade"" in a sentence.",“degrade”常见于学术阅读中。||请尝试用“degrade”造句。,cet6-core source:ecdict family:degrading family:degraded family:degrades
deliberate,di'libәrәt,adj.,"a. 深思熟虑的, 故意的, 从容的\nv. 仔细考虑","The word ""deliberate"" appears in many academic texts.||Try to use ""deliberate"" in a sentence.",“deliberate”常见于学术阅读中。||请尝试用“deliberate”造句。,cet6-core source:ecdict family:deliberating family:deliberated family:deliberates
delicate,'delikәt,adj.,"a. 细致优雅的, 微妙的, 美味的\n[医] 柔弱的","The word ""delicate"" appears in many academic texts.||Try to use ""delicate"" in a sentence.",“delicate”常见于学术阅读中。||请尝试用“delicate”造句。,cet6-core source:ecdict
demand,di'mɑ:nd,n.,"n. 要求, 需求, 需要\nv. 要求, 查询","The word ""demand"" appears in many academic texts.||Try to use ""demand"" in a sentence.",“demand”常见于学术阅读中。||请尝试用“demand”造句。,cet6-core source:ecdict family:demands family:demanded family:demanding
demonstrate,'demәnstreit,vt.,"vt. 示范, 证明\nvi. 示威","The word ""demonstrate"" appears in many academic texts.||Try to use ""demonstrate"" in a sentence.",“demonstrate”常见于学术阅读中。||请尝试用“demonstrate”造句。,cet6-core source:ecdict family:demonstrated family:demonstrates family:demonstrating
denial,di'naiәl,n.,"n. 否认\n[法] 否定, 否认, 拒绝接受","The word ""denial"" appears in many academic texts.||Try to use ""denial"" in a sentence.",“denial”常见于学术阅读中。||请尝试用“denial”造句。,cet6-core source:ecdict family:denials
denote,di'nәut,vt.,"vt. 指示, 表示","The word ""denote"" appears in many academic texts.||Try to use ""denote"" in a sentence.",“denote”常见于学术阅读中。||请尝试用“denote”造句。,cet6-core source:ecdict family:denotes family:denoted family:denoting
denounce,di'nauns,vt.,"vt. 告发, 抨击, 谴责\n[法] 谴责, 斥责, 告发","The word ""denounce"" appears in many academic texts.||Try to use ""denounce"" in a sentence.",“denounce”常见于学术阅读中。||请尝试用“denounce”造句。,cet6-core source:ecdict family:denounced family:denouncing family:denounces
dentist,'dentist,n.,n. 牙科医生\n[医] 牙医师,"The word ""dentist"" appears in many academic texts.||Try to use ""dentist"" in a sentence.",“dentist”常见于学术阅读中。||请尝试用“dentist”造句。,cet6-core source:ecdict family:dentists
deny,di'nai,v.,"v. 否认, 拒绝","The word ""deny"" appears in many academic texts.||Try to use ""deny"" in a sentence.",“deny”常见于学术阅读中。||请尝试用“deny”造句。,cet6-core source:ecdict family:denied family:denying family:denies
depict,di'pikt,vt.,"vt. 描述, 描写","The word ""depict"" appears in many academic texts.||Try to use ""depict"" in a sentence.",“depict”常见于学术阅读中。||请尝试用“depict”造句。,cet6-core source:ecdict family:depicting family:depicted family:depicts
deport,di'pɒ:t,vt.,"vt. 举止, 驱逐出境\n[法] 放逐, 驱逐, 递解","The word ""deport"" appears in many academic texts.||Try to use ""deport"" in a sentence.",“deport”常见于学术阅读中。||请尝试用“deport”造句。,cet6-core source:ecdict family:deported family:deporting family:deports
depress,di'pres,vt.,"vt. 使沮丧, 压低, 降低, 使萧条\n[化] 推下","The word ""depress"" appears in many academic texts.||Try to use ""depress"" in a sentence.",“depress”常见于学术阅读中。||请尝试用“depress”造句。,cet6-core source:ecdict family:depressed family:depresses family:depressing
depression,di'preʃәn,n.,"n. 不景气, 消沉, 沮丧, 洼地\n[医] 抑郁[症], 阻抑, 压低, 凹, 窝, 衰退, 俯角","The word ""depression"" appears in many academic texts.||Try to use ""depression"" in a sentence.",“depression”常见于学术阅读中。||请尝试用“depression”造句。,cet6-core source:ecdict family:depressions
deprive,di'praiv,vt.,"vt. 剥夺, 使丧失\n[法] 剥夺, 剥夺, 夺去","The word ""deprive"" appears in many academic texts.||Try to use ""deprive"" in a sentence.",“deprive”常见于学术阅读中。||请尝试用“deprive”造句。,cet6-core source:ecdict family:deprived family:depriving family:deprives
derive,di'raiv,vt.,vt. 得自\nvi. 起源,"The word ""derive"" appears in many academic texts.||Try to use ""derive"" in a sentence.",“derive”常见于学术阅读中。||请尝试用“derive”造句。,cet6-core source:ecdict family:derived family:derives family:deriving
descend,di'send,vi.,"vi. 下降, 世代相传, 屈尊, 袭击\nvt. 下降","The word ""descend"" appears in many academic texts.||Try to use ""descend"" in a sentence.",“descend”常见于学术阅读中。||请尝试用“descend”造句。,cet6-core source:ecdict family:descended family:descending family:descends
descendant,di'sendәnt,n.,"n. 后裔, 子孙\na. 传下的, 下降的","The word ""descendant"" appears in many academic texts.||Try to use ""descendant"" in a sentence.",“descendant”常见于学术阅读中。||请尝试用“descendant”造句。,cet6-core source:ecdict family:descendants
descent,di'sent,n.,"n. 降落, 家系, 侵袭, 血统\n[医] 下降, 世代, 血统","The word ""descent"" appears in many academic texts.||Try to use ""descent"" in a sentence.",“descent”常见于学术阅读中。||请尝试用“descent”造句。,cet6-core source:ecdict family:descents
describe,di'skraib,vt.,"vt. 描述, 描绘, 画","The word ""describe"" appears in many academic texts.||Try to use ""describe"" in a sentence.",“describe”常见于学术阅读中。||请尝试用“describe”造句。,cet6-core source:ecdict family:described family:describes family:describing
deserve,di'zә:v,vt.,"vt. 该得到, 值得\nvi. 应得报答","The word ""deserve"" appears in many academic texts.||Try to use ""deserve"" in a sentence.",“deserve”常见于学术阅读中。||请尝试用“deserve”造句。,cet6-core source:ecdict family:deserves family:deserved family:deserving
design,di'zain,n.,"n. 设计, 图样, 方案, 企图\nv. 设计, 计划","The word ""design"" appears in many academic texts.||Try to use ""design"" in a sentence.",“design”常见于学术阅读中。||请尝试用“design”造句。,cet6-core source:ecdict family:designed family:designs family:designing
designate,'dezigneit,vt.,"vt. 指定, 指明, 称呼\na. 已选出而未上任的","The word ""designate"" appears in many academic texts.||Try to use ""designate"" in a sentence.",“designate”常见于学术阅读中。||请尝试用“designate”造句。,cet6-core source:ecdict family:designated family:designating family:designates
desirable,di'zairәbl,adj.,"a. 令人想望的, 可取的","The word ""desirable"" appears in many academic texts.||Try to use ""desirable"" in a sentence.",“desirable”常见于学术阅读中。||请尝试用“desirable”造句。,cet6-core source:ecdict
desire,di'zaiә,n.,"n. 欲望, 要求\nvt. 想要, 请求\nvi. 渴望","The word ""desire"" appears in many academic texts.||Try to use ""desire"" in a sentence.",“desire”常见于学术阅读中。||请尝试用“desire”造句。,cet6-core source:ecdict family:desires family:desired family:desiring
despise,di'spaiz,vt.,vt. 轻视,"The word ""despise"" appears in many academic texts.||Try to use ""despise"" in a sentence.",“despise”常见于学术阅读中。||请尝试用“despise”造句。,cet6-core source:ecdict family:despised family:despises family:despising
despite,di'spait,n.,"n. 轻视, 憎恨\nprep. 虽然, 尽管","The word ""despite"" appears in many academic texts.||Try to use ""despite"" in a sentence.",“despite”常见于学术阅读中。||请尝试用“despite”造句。,cet6-core source:ecdict
destination,.desti'neiʃәn,n.,"n. 目的地, 目标, 目的\n[计] 目的文件, 目的单元","The word ""destination"" appears in many academic texts.||Try to use ""destination"" in a sentence.",“destination”常见于学术阅读中。||请尝试用“destination”造句。,cet6-core source:ecdict family:destinations
destined,,adj.,"a. 预定的, 注定的, 命定的","The word ""destined"" appears in many academic texts.||Try to use ""destined"" in a sentence.",“destined”常见于学术阅读中。||请尝试用“destined”造句。,cet6-core source:ecdict family:destine family:dp
destiny,'destini,n.,"n. 命运, 定数","The word ""destiny"" appears in many academic texts.||Try to use ""destiny"" in a sentence.",“destiny”常见于学术阅读中。||请尝试用“destiny”造句。,cet6-core source:ecdict family:destinies
destruction,di'strʌkʃәn,n.,"n. 破坏, 毁灭\n[医] 破坏","The word ""destruction"" appears in many academic texts.||Try to use ""destruction"" in a sentence.",“destruction”常见于学术阅读中。||请尝试用“destruction”造句。,cet6-core source:ecdict family:destructions
destructive,di'strʌktiv,adj.,"a. 毁灭性的, 破坏的, 有害的\n[医] 破坏的, 毁坏的","The word ""destructive"" appears in many academic texts.||Try to use ""destructive"" in a sentence.",“destructive”常见于学术阅读中。||请尝试用“destructive”造句。,cet6-core source:ecdict
detach,di'tætʃ,vt.,"vt. 使分离, 分遣\n[机] 摘下, 分离, 卸下","The word ""detach"" appears in many academic texts.||Try to use ""detach"" in a sentence.",“detach”常见于学术阅读中。||请尝试用“detach”造句。,cet6-core source:ecdict family:detached family:detaching family:detaches
detail,'di:teil,n.,"n. 细节, 详情\nvt. 详述, 选派\nvi. 画详图\n[计] 详细数据","The word ""detail"" appears in many academic texts.||Try to use ""detail"" in a sentence.",“detail”常见于学术阅读中。||请尝试用“detail”造句。,cet6-core source:ecdict family:details family:detailing family:detailed
detain,di'tein,vt.,"vt. 扣留, 扣押, 耽搁\n[法] 拘留, 扣押, 留住","The word ""detain"" appears in many academic texts.||Try to use ""detain"" in a sentence.",“detain”常见于学术阅读中。||请尝试用“detain”造句。,cet6-core source:ecdict family:detained family:detaining family:detains
detect,di'tekt,vt.,"vt. 发现, 察觉, 探测\n[法] 发现, 查明, 探测","The word ""detect"" appears in many academic texts.||Try to use ""detect"" in a sentence.",“detect”常见于学术阅读中。||请尝试用“detect”造句。,cet6-core source:ecdict family:detected family:detecting family:detects
detection,di'tekʃәn,n.,"n. 发现, 察觉, 探测\n[计] 检波; 检测","The word ""detection"" appears in many academic texts.||Try to use ""detection"" in a sentence.",“detection”常见于学术阅读中。||请尝试用“detection”造句。,cet6-core source:ecdict family:detections
detective,di'tektiv,n.,n. 侦探\na. 侦探的,"The word ""detective"" appears in many academic texts.||Try to use ""detective"" in a sentence.",“detective”常见于学术阅读中。||请尝试用“detective”造句。,cet6-core source:ecdict family:detectives
deteriorate,di'tiәriәreit,v.,v. (使)恶化,"The word ""deteriorate"" appears in many academic texts.||Try to use ""deteriorate"" in a sentence.",“deteriorate”常见于学术阅读中。||请尝试用“deteriorate”造句。,cet6-core source:ecdict family:deteriorated family:deteriorates family:deteriorating
deviate,'di:vieit,vi.,"vi. 脱离, 偏离\nvt. 使偏离\na. 脱离常规的\nn. 脱离常规的人","The word ""deviate"" appears in many academic texts.||Try to use ""deviate"" in a sentence.",“deviate”常见于学术阅读中。||请尝试用“deviate”造句。,cet6-core source:ecdict family:deviated family:deviating family:deviates
device,di'vais,n.,"n. 装置, 设计, 策略, 发明物, 设备\n[计] 设备; DOS内部命令:该命令要求DOS安装一个设备驱动程序","The word ""device"" appears in many academic texts.||Try to use ""device"" in a sentence.",“device”常见于学术阅读中。||请尝试用“device”造句。,cet6-core source:ecdict family:devices
devise,di'vaiz,vt.,"vt. 设计, 发明, 图谋, 遗赠给\nn. 遗赠","The word ""devise"" appears in many academic texts.||Try to use ""devise"" in a sentence.",“devise”常见于学术阅读中。||请尝试用“devise”造句。,cet6-core source:ecdict family:devised family:devising family:devises
devote,di'vәut,vt.,"vt. 投入于, 献身","The word ""devote"" appears in many academic texts.||Try to use ""devote"" in a sentence.",“devote”常见于学术阅读中。||请尝试用“devote”造句。,cet6-core source:ecdict family:devoted family:devoting family:devotes
diagnose,'daiәgnәuz,v.,v. 诊断,"The word ""diagnose"" appears in many academic texts.||Try to use ""diagnose"" in a sentence.",“diagnose”常见于学术阅读中。||请尝试用“diagnose”造句。,cet6-core source:ecdict family:diagnosed family:diagnosing family:diagnoses
dictate,'dikteit,vi.,"vi. 听写, 口述, 口授\nvt. 口述, 使听写, 命令\nn. 命令, 指挥, 指令","The word ""dictate"" appears in many academic texts.||Try to use ""dictate"" in a sentence.",“dictate”常见于学术阅读中。||请尝试用“dictate”造句。,cet6-core source:ecdict family:dictated family:dictates family:dictating
differentiate,.difә'renʃieit,v.,"v. 区别, 区分","The word ""differentiate"" appears in many academic texts.||Try to use ""differentiate"" in a sentence.",“differentiate”常见于学术阅读中。||请尝试用“differentiate”造句。,cet6-core source:ecdict family:differentiated family:differentiates family:differentiating
diffuse,di'fju:z,v.,"v. 散播, 传播\na. 散开的, 弥漫的","The word ""diffuse"" appears in many academic texts.||Try to use ""diffuse"" in a sentence.",“diffuse”常见于学术阅读中。||请尝试用“diffuse”造句。,cet6-core source:ecdict family:diffused family:diffuses family:diffusing
digest,di'dʒest,n.,"n. 文摘\nvi. 消化\nvt. 消化, 理解\n[计] 摘要","The word ""digest"" appears in many academic texts.||Try to use ""digest"" in a sentence.",“digest”常见于学术阅读中。||请尝试用“digest”造句。,cet6-core source:ecdict family:digested family:digesting family:digests
dignity,'digniti,n.,"n. 尊严, 高贵\n[法] 尊严, 高位, 高贵","The word ""dignity"" appears in many academic texts.||Try to use ""dignity"" in a sentence.",“dignity”常见于学术阅读中。||请尝试用“dignity”造句。,cet6-core source:ecdict family:dignities
dilemma,di'lemә,n.,"n. 困境, (进退两难的)窘境","The word ""dilemma"" appears in many academic texts.||Try to use ""dilemma"" in a sentence.",“dilemma”常见于学术阅读中。||请尝试用“dilemma”造句。,cet6-core source:ecdict family:dilemmas
diligent,'dilidʒәnt,adj.,"a. 勤勉的, 用功的","The word ""diligent"" appears in many academic texts.||Try to use ""diligent"" in a sentence.",“diligent”常见于学术阅读中。||请尝试用“diligent”造句。,cet6-core source:ecdict
dilute,dai'lju:t,vt.,"vt. 冲淡, 稀释\na. 淡的, 稀释的","The word ""dilute"" appears in many academic texts.||Try to use ""dilute"" in a sentence.",“dilute”常见于学术阅读中。||请尝试用“dilute”造句。,cet6-core source:ecdict family:diluted family:diluting family:dilutes
dim,dim,adj.,"a. 暗淡的, 模糊的\nvt. 使暗淡\n[计] 数据解释模块","The word ""dim"" appears in many academic texts.||Try to use ""dim"" in a sentence.",“dim”常见于学术阅读中。||请尝试用“dim”造句。,cet6-core source:ecdict family:dimmed family:dimmer family:dimming family:dimmest family:dims
dimension,dai'menʃәn,n.,"n. 尺寸, 次元, 面积, 维数\nvt. 标出尺寸","The word ""dimension"" appears in many academic texts.||Try to use ""dimension"" in a sentence.",“dimension”常见于学术阅读中。||请尝试用“dimension”造句。,cet6-core source:ecdict family:dimensions family:dimensioned family:dimensioning
diminish,di'miniʃ,v.,"v. (使)减少, (使)变小","The word ""diminish"" appears in many academic texts.||Try to use ""diminish"" in a sentence.",“diminish”常见于学术阅读中。||请尝试用“diminish”造句。,cet6-core source:ecdict family:diminished family:diminishes family:diminishing
dine,dain,vi.,"vi. 用正餐, 进餐\nvt. 宴请","The word ""dine"" appears in many academic texts.||Try to use ""dine"" in a sentence.",“dine”常见于学术阅读中。||请尝试用“dine”造句。,cet6-core source:ecdict family:dined family:dining family:dines
diploma,di'plәumә,n.,"n. 文凭, 毕业证书\n[医] 文凭","The word ""diploma"" appears in many academic texts.||Try to use ""diploma"" in a sentence.",“diploma”常见于学术阅读中。||请尝试用“diploma”造句。,cet6-core source:ecdict family:diplomas
diplomat,'diplәmæt,n.,"n. 外交官, 有外交手腕的人\n[法] 外交家, 外交官, 有权谋的人","The word ""diplomat"" appears in many academic texts.||Try to use ""diplomat"" in a sentence.",“diplomat”常见于学术阅读中。||请尝试用“diplomat”造句。,cet6-core source:ecdict family:diplomats
directory,di'rektәri,n.,"n. 目录, 工商名录, 指南\n[计] 目录","The word ""directory"" appears in many academic texts.||Try to use ""directory"" in a sentence.",“directory”常见于学术阅读中。||请尝试用“directory”造句。,cet6-core source:ecdict family:directories
disable,dis'eibl,vt.,"vt. 使失去能力, 使残废, (律)使无资格\n[计] 使无效, 禁止, 关闭","The word ""disable"" appears in many academic texts.||Try to use ""disable"" in a sentence.",“disable”常见于学术阅读中。||请尝试用“disable”造句。,cet6-core source:ecdict family:disabled family:disabling family:disables
disaster,di'zɑ:stә,n.,"n. 灾祸, 不幸, 彻底失败","The word ""disaster"" appears in many academic texts.||Try to use ""disaster"" in a sentence.",“disaster”常见于学术阅读中。||请尝试用“disaster”造句。,cet6-core source:ecdict family:disasters
disastrous,di'zɑ:strәs,adj.,"a. 损失惨重的, 悲伤的","The word ""disastrous"" appears in many academic texts.||Try to use ""disastrous"" in a sentence.",“disastrous”常见于学术阅读中。||请尝试用“disastrous”造句。,cet6-core source:ecdict
discard,dis'kɑ:d,vt.,"vt. 丢弃, 抛弃\nvi. 垫牌\nn. 垫牌, 抛弃","The word ""discard"" appears in many academic texts.||Try to use ""discard"" in a sentence.",“discard”常见于学术阅读中。||请尝试用“discard”造句。,cet6-core source:ecdict family:discarded family:discarding family:discards
discern,di'zә:n,v.,"v. 辨别, 看清楚, 了解","The word ""discern"" appears in many academic texts.||Try to use ""discern"" in a sentence.",“discern”常见于学术阅读中。||请尝试用“discern”造句。,cet6-core source:ecdict family:discerned family:discerns family:discerning
discharge,dis'tʃɑ:dʒ,vt.,"vt. 卸下, 放出, 解雇, 拔染, 履行, 放电\nvi. 卸货, 流出\nn. 卸货, 流出, 放电","The word ""discharge"" appears in many academic texts.||Try to use ""discharge"" in a sentence.",“discharge”常见于学术阅读中。||请尝试用“discharge”造句。,cet6-core source:ecdict family:discharged family:discharges family:discharging
discipline,'disiplin,n.,"n. 训练, 纪律\nvt. 训练, 惩罚","The word ""discipline"" appears in many academic texts.||Try to use ""discipline"" in a sentence.",“discipline”常见于学术阅读中。||请尝试用“discipline”造句。,cet6-core source:ecdict family:disciplines family:disciplined family:disciplining
disclose,dis'klәuz,vt.,"vt. 揭露, 透露\n[法] 揭发, 揭露, 公开","The word ""disclose"" appears in many academic texts.||Try to use ""disclose"" in a sentence.",“disclose”常见于学术阅读中。||请尝试用“disclose”造句。,cet6-core source:ecdict family:disclosed family:disclosing family:discloses
discount,'diskaunt,n.,"n. 折扣, 贴现率\nvt. 打折扣\nvi. 贴现","The word ""discount"" appears in many academic texts.||Try to use ""discount"" in a sentence.",“discount”常见于学术阅读中。||请尝试用“discount”造句。,cet6-core source:ecdict family:discounts family:discounted family:discounting
discreet,dis'kri:t,adj.,"a. 小心的, 慎重的","The word ""discreet"" appears in many academic texts.||Try to use ""discreet"" in a sentence.",“discreet”常见于学术阅读中。||请尝试用“discreet”造句。,cet6-core source:ecdict family:discreetest
discrepancy,dis'krepәnsi,n.,"n. 不符合, 差异, 不相符之处\n[化] 不符值; 偏差值","The word ""discrepancy"" appears in many academic texts.||Try to use ""discrepancy"" in a sentence.",“discrepancy”常见于学术阅读中。||请尝试用“discrepancy”造句。,cet6-core source:ecdict family:discrepancies
discrete,dis'kri:t,adj.,"a. 不连续的, 离散的\n[计] 离散的","The word ""discrete"" appears in many academic texts.||Try to use ""discrete"" in a sentence.",“discrete”常见于学术阅读中。||请尝试用“discrete”造句。,cet6-core source:ecdict family:discretes
discriminate,dis'krimineit,v.,"v. 区别, 差别待遇","The word ""discriminate"" appears in many academic texts.||Try to use ""discriminate"" in a sentence.",“discriminate”常见于学术阅读中。||请尝试用“discriminate”造句。,cet6-core source:ecdict family:discriminated family:discriminating family:discriminates
disease,di'zi:z,n.,"n. 疾病, 弊病\n[医] [疾]病","The word ""disease"" appears in many academic texts.||Try to use ""disease"" in a sentence.",“disease”常见于学术阅读中。||请尝试用“disease”造句。,cet6-core source:ecdict family:diseases
disguise,dis'gaiz,n.,"n. 假面目, 假装\nvt. 假装, 隐瞒","The word ""disguise"" appears in many academic texts.||Try to use ""disguise"" in a sentence.",“disguise”常见于学术阅读中。||请尝试用“disguise”造句。,cet6-core source:ecdict family:disguised family:disguising family:disguises
disgust,dis'gʌst,n.,"n. 厌恶, 嫌恶\nvi. 令人厌恶\nvt. 使作呕","The word ""disgust"" appears in many academic texts.||Try to use ""disgust"" in a sentence.",“disgust”常见于学术阅读中。||请尝试用“disgust”造句。,cet6-core source:ecdict family:disgusted family:disgusts family:disgusting
dismay,dis'mei,n.,"n. 沮丧\nvt. 使惊愕, 使气馁","The word ""dismay"" appears in many academic texts.||Try to use ""dismay"" in a sentence.",“dismay”常见于学术阅读中。||请尝试用“dismay”造句。,cet6-core source:ecdict family:dismayed family:dismaying family:dismays
dismiss,dis'mis,vt.,"vt. 解散, 开除, 解职\nvi. 解散\n[计] 解散","The word ""dismiss"" appears in many academic texts.||Try to use ""dismiss"" in a sentence.",“dismiss”常见于学术阅读中。||请尝试用“dismiss”造句。,cet6-core source:ecdict family:dismissed family:dismissing family:dismisses
disorder,dis'ɒ:dә,n.,"n. 杂乱, 混乱\nvt. 扰乱, 使失调","The word ""disorder"" appears in many academic texts.||Try to use ""disorder"" in a sentence.",“disorder”常见于学术阅读中。||请尝试用“disorder”造句。,cet6-core source:ecdict family:disorders family:disordered family:disordering
dispatch,dis'pætʃ,vt.,"vt. 派遣\nn. 派遣, 急件\n[计] 调度","The word ""dispatch"" appears in many academic texts.||Try to use ""dispatch"" in a sentence.",“dispatch”常见于学术阅读中。||请尝试用“dispatch”造句。,cet6-core source:ecdict family:dispatched family:dispatches family:dispatching
disperse,dis'pә:s,vt.,"vt. 分散, 传播, 散开\nvi. 分散\na. 分散的\n[计] 分散","The word ""disperse"" appears in many academic texts.||Try to use ""disperse"" in a sentence.",“disperse”常见于学术阅读中。||请尝试用“disperse”造句。,cet6-core source:ecdict family:dispersed family:dispersing family:disperses
displace,dis'pleis,vt.,"vt. 移置, 替换, 转移","The word ""displace"" appears in many academic texts.||Try to use ""displace"" in a sentence.",“displace”常见于学术阅读中。||请尝试用“displace”造句。,cet6-core source:ecdict family:displaced family:displacing family:displaces
display,dis'plei,n.,"n. 显示, 陈列, 炫耀, 显示器\nvt. 陈列, 显示, 表现, 夸示\n[计] 显示器; 显示","The word ""display"" appears in many academic texts.||Try to use ""display"" in a sentence.",“display”常见于学术阅读中。||请尝试用“display”造句。,cet6-core source:ecdict family:displayed family:displays family:displaying
disposal,dis'pәuzәl,n.,"n. 丢掉, 处理, 排列, 销毁, 布置\n[医] 处理, 处置","The word ""disposal"" appears in many academic texts.||Try to use ""disposal"" in a sentence.",“disposal”常见于学术阅读中。||请尝试用“disposal”造句。,cet6-core source:ecdict family:disposals
dispose,dis'pәuz,vt.,"vt. 处理, 排列, 布置\nvi. 处置","The word ""dispose"" appears in many academic texts.||Try to use ""dispose"" in a sentence.",“dispose”常见于学术阅读中。||请尝试用“dispose”造句。,cet6-core source:ecdict family:disposing family:disposed family:disposes
disposition,.dispә'ziʃәn,n.,"n. 性情, 处置, 处理, 布置\n[医] 素因, 性情","The word ""disposition"" appears in many academic texts.||Try to use ""disposition"" in a sentence.",“disposition”常见于学术阅读中。||请尝试用“disposition”造句。,cet6-core source:ecdict family:dispositions
disregard,.disri'gɑ:d,n.,"n. 忽视, 漠视\nvt. 忽视, 不顾","The word ""disregard"" appears in many academic texts.||Try to use ""disregard"" in a sentence.",“disregard”常见于学术阅读中。||请尝试用“disregard”造句。,cet6-core source:ecdict family:disregarded family:disregarding family:disregards
disrupt,dis'rʌpt,adj.,"a. 分裂的, 中断的\nvt. 使分裂, 使瓦解","The word ""disrupt"" appears in many academic texts.||Try to use ""disrupt"" in a sentence.",“disrupt”常见于学术阅读中。||请尝试用“disrupt”造句。,cet6-core source:ecdict family:disrupted family:disrupting family:disrupts
dissipate,'disipeit,vt.,"vt. 散失, 驱散, 浪费\nvi. 消散, 放荡","The word ""dissipate"" appears in many academic texts.||Try to use ""dissipate"" in a sentence.",“dissipate”常见于学术阅读中。||请尝试用“dissipate”造句。,cet6-core source:ecdict family:dissipated family:dissipates family:dissipating
distill,dis'til,vt.,vt. 蒸馏\nvi. 滴下,"The word ""distill"" appears in many academic texts.||Try to use ""distill"" in a sentence.",“distill”常见于学术阅读中。||请尝试用“distill”造句。,cet6-core source:ecdict family:distills family:distilling family:distilled
distinct,dis'tiŋkt,adj.,"a. 清楚的, 显著的, 不同的","The word ""distinct"" appears in many academic texts.||Try to use ""distinct"" in a sentence.",“distinct”常见于学术阅读中。||请尝试用“distinct”造句。,cet6-core source:ecdict
distinguish,dis'tiŋgwiʃ,v.,"v. 区别, 辨别","The word ""distinguish"" appears in many academic texts.||Try to use ""distinguish"" in a sentence.",“distinguish”常见于学术阅读中。||请尝试用“distinguish”造句。,cet6-core source:ecdict family:distinguished family:distinguishes family:distinguishing
distort,dis'tɒ:t,vt.,"vt. 扭曲, 歪曲\n[法] 歪区, 曲解, 纂改","The word ""distort"" appears in many academic texts.||Try to use ""distort"" in a sentence.",“distort”常见于学术阅读中。||请尝试用“distort”造句。,cet6-core source:ecdict family:distorted family:distorts family:distorting
distract,dis'trækt,vt.,"vt. 转移, 分心, 使发狂","The word ""distract"" appears in many academic texts.||Try to use ""distract"" in a sentence.",“distract”常见于学术阅读中。||请尝试用“distract”造句。,cet6-core source:ecdict family:distracted family:distracting family:distracts
distribution,.distrә'bju:ʃәn,n.,n. 分配\n[计] 分布,"The word ""distribution"" appears in many academic texts.||Try to use ""distribution"" in a sentence.",“distribution”常见于学术阅读中。||请尝试用“distribution”造句。,cet6-core source:ecdict family:distributions
disturbance,dis'tә:bәns,n.,"n. 扰乱, 不安, 忧虑\n[化] 扰动; 干扰; 失调","The word ""disturbance"" appears in many academic texts.||Try to use ""disturbance"" in a sentence.",“disturbance”常见于学术阅读中。||请尝试用“disturbance”造句。,cet6-core source:ecdict family:disturbances
diverse,dai'vә:s,adj.,"a. 不同的, 变化多的","The word ""diverse"" appears in many academic texts.||Try to use ""diverse"" in a sentence.",“diverse”常见于学术阅读中。||请尝试用“diverse”造句。,cet6-core source:ecdict
diversion,dai'vә:ʒәn,n.,n. 转移\n[医] 转向,"The word ""diversion"" appears in many academic texts.||Try to use ""diversion"" in a sentence.",“diversion”常见于学术阅读中。||请尝试用“diversion”造句。,cet6-core source:ecdict family:diversions
divert,dai'vә:t,vt.,"vt. 转移, 使欢娱\nvi. 转移","The word ""divert"" appears in many academic texts.||Try to use ""divert"" in a sentence.",“divert”常见于学术阅读中。||请尝试用“divert”造句。,cet6-core source:ecdict family:diverted family:diverting family:diverts
divine,di'vain,adj.,"a. 神的, 神圣的, 非凡的\nn. 神学家","The word ""divine"" appears in many academic texts.||Try to use ""divine"" in a sentence.",“divine”常见于学术阅读中。||请尝试用“divine”造句。,cet6-core source:ecdict family:divined family:divines family:divining family:diviner
divorce,di'vɒ:s,n.,n. 离婚\nvt. 与...离婚,"The word ""divorce"" appears in many academic texts.||Try to use ""divorce"" in a sentence.",“divorce”常见于学术阅读中。||请尝试用“divorce”造句。,cet6-core source:ecdict family:divorced family:divorces family:divorcing
dizzy,'dizi,adj.,"a. 晕眩的, 眼花缭乱的\nvt. 使晕眩","The word ""dizzy"" appears in many academic texts.||Try to use ""dizzy"" in a sentence.",“dizzy”常见于学术阅读中。||请尝试用“dizzy”造句。,cet6-core source:ecdict family:dizzied family:dizzier family:dizzying family:dizzies
dock,dɒk,n.,"n. 码头, 船坞, 被告席, 尾巴的骨肉部分\nvt. 使靠码头, 使(船)进港, 剪短\nvi. 进港","The word ""dock"" appears in many academic texts.||Try to use ""dock"" in a sentence.",“dock”常见于学术阅读中。||请尝试用“dock”造句。,cet6-core source:ecdict family:docks family:docked family:docking
doctrine,'dɒktrin,n.,"n. 教条, 学说\n[医] 学说","The word ""doctrine"" appears in many academic texts.||Try to use ""doctrine"" in a sentence.",“doctrine”常见于学术阅读中。||请尝试用“doctrine”造句。,cet6-core source:ecdict family:doctrines
dodge,dɒdʒ,v.,"v. 避开, 躲避\nn. 诡计, 躲藏","The word ""dodge"" appears in many academic texts.||Try to use ""dodge"" in a sentence.",“dodge”常见于学术阅读中。||请尝试用“dodge”造句。,cet6-core source:ecdict family:dodging family:dodged family:dodges
dole,dәul,n.,"n. 救济品, 失业救济金\nvt. 发放救济","The word ""dole"" appears in many academic texts.||Try to use ""dole"" in a sentence.",“dole”常见于学术阅读中。||请尝试用“dole”造句。,cet6-core source:ecdict family:doled family:doles family:doling
dolphin,'dɒlfin,n.,n. 海豚,"The word ""dolphin"" appears in many academic texts.||Try to use ""dolphin"" in a sentence.",“dolphin”常见于学术阅读中。||请尝试用“dolphin”造句。,cet6-core source:ecdict family:dolphins
domain,dәu'mein,n.,"n. 领域, 领土, 产业, 范围\n[计] 域, 区域, 支配命令","The word ""domain"" appears in many academic texts.||Try to use ""domain"" in a sentence.",“domain”常见于学术阅读中。||请尝试用“domain”造句。,cet6-core source:ecdict family:domains
dome,dәum,n.,n. 圆顶\nvt. 加圆顶\nvi. 成圆顶状,"The word ""dome"" appears in many academic texts.||Try to use ""dome"" in a sentence.",“dome”常见于学术阅读中。||请尝试用“dome”造句。,cet6-core source:ecdict family:domes family:domed
domestic,dәu'mestik,adj.,"a. 家庭的, 国内的, 驯养的\n[医] 家庭的, 家用的","The word ""domestic"" appears in many academic texts.||Try to use ""domestic"" in a sentence.",“domestic”常见于学术阅读中。||请尝试用“domestic”造句。,cet6-core source:ecdict family:domestics
dominant,'dɒminәnt,adj.,"a. 占优势的, 支配的\n[医] 优性的, 显性的","The word ""dominant"" appears in many academic texts.||Try to use ""dominant"" in a sentence.",“dominant”常见于学术阅读中。||请尝试用“dominant”造句。,cet6-core source:ecdict family:dominants
dominate,'dɒmineit,v.,"v. 支配, 占优势","The word ""dominate"" appears in many academic texts.||Try to use ""dominate"" in a sentence.",“dominate”常见于学术阅读中。||请尝试用“dominate”造句。,cet6-core source:ecdict family:dominated family:dominates family:dominating
donate,'dәuneit,v.,v. 捐赠,"The word ""donate"" appears in many academic texts.||Try to use ""donate"" in a sentence.",“donate”常见于学术阅读中。||请尝试用“donate”造句。,cet6-core source:ecdict family:donated family:donating family:donates
donation,dәu'neiʃәn,n.,"n. 捐赠物, 捐款, 捐赠\n[经] 赠品, 捐款, 捐赠","The word ""donation"" appears in many academic texts.||Try to use ""donation"" in a sentence.",“donation”常见于学术阅读中。||请尝试用“donation”造句。,cet6-core source:ecdict family:donations
doom,du:m,n.,"n. 厄运, 不幸, 法律, 宣告, 判决, 死亡\nvt. 命中注定, 判决","The word ""doom"" appears in many academic texts.||Try to use ""doom"" in a sentence.",“doom”常见于学术阅读中。||请尝试用“doom”造句。,cet6-core source:ecdict family:doomed family:dooming family:dooms
doubtless,'dautlis,adj.,"a. 无疑的, 确定的\nadv. 无疑地, 确定地","The word ""doubtless"" appears in many academic texts.||Try to use ""doubtless"" in a sentence.",“doubtless”常见于学术阅读中。||请尝试用“doubtless”造句。,cet6-core source:ecdict
draft,dræft. drɑ:ft,n.,"n. 气流, 草稿, 汇票, 草案\nvt. 起草, 征兵\n[计] 草稿","The word ""draft"" appears in many academic texts.||Try to use ""draft"" in a sentence.",“draft”常见于学术阅读中。||请尝试用“draft”造句。,cet6-core source:ecdict family:drafted family:drafting family:drafts
drag,dræg,n.,"n. 拖, 拖累\nv. 拖累, 拖拉, 沉重缓慢地走, 拖动\n[计] 拖动","The word ""drag"" appears in many academic texts.||Try to use ""drag"" in a sentence.",“drag”常见于学术阅读中。||请尝试用“drag”造句。,cet6-core source:ecdict family:dragged family:dragging family:drags
drain,drein,n.,"n. 排水沟, 消耗, 排水\nvt. 排出, 喝光, 耗尽\nvi. 排水, 流干","The word ""drain"" appears in many academic texts.||Try to use ""drain"" in a sentence.",“drain”常见于学术阅读中。||请尝试用“drain”造句。,cet6-core source:ecdict family:drains family:drained family:draining
drainage,'dreinidʒ,n.,"n. 排水\n[医] 引流[法], 导液[法], 排水[设备]","The word ""drainage"" appears in many academic texts.||Try to use ""drainage"" in a sentence.",“drainage”常见于学术阅读中。||请尝试用“drainage”造句。,cet6-core source:ecdict family:drainages
dramatic,drә'mætik,adj.,"a. 戏剧性的, 生动的","The word ""dramatic"" appears in many academic texts.||Try to use ""dramatic"" in a sentence.",“dramatic”常见于学术阅读中。||请尝试用“dramatic”造句。,cet6-core source:ecdict family:dramatics
drastic,'dræstik,adj.,"a. 激烈的\n[医] 峻泻药, 剧烈的","The word ""drastic"" appears in many academic texts.||Try to use ""drastic"" in a sentence.",“drastic”常见于学术阅读中。||请尝试用“drastic”造句。,cet6-core source:ecdict
drawback,'drɒ:bæk,n.,"n. 缺点, 退税\n[法] 退款, 退税","The word ""drawback"" appears in many academic texts.||Try to use ""drawback"" in a sentence.",“drawback”常见于学术阅读中。||请尝试用“drawback”造句。,cet6-core source:ecdict family:drawbacks
dread,dred,n.,"n. 恐惧, 可怕的人(或事)\na. 可怕的, 可怖的\nv. 恐惧, 害怕","The word ""dread"" appears in many academic texts.||Try to use ""dread"" in a sentence.",“dread”常见于学术阅读中。||请尝试用“dread”造句。,cet6-core source:ecdict family:dreaded family:dreading family:dreads
dreadful,'dredful,adj.,a. 可怕的,"The word ""dreadful"" appears in many academic texts.||Try to use ""dreadful"" in a sentence.",“dreadful”常见于学术阅读中。||请尝试用“dreadful”造句。,cet6-core source:ecdict
drill,dril,n.,"n. 钻孔机, 钻子, 播种机, 粗斜纹布\nv. 训练, 钻孔","The word ""drill"" appears in many academic texts.||Try to use ""drill"" in a sentence.",“drill”常见于学术阅读中。||请尝试用“drill”造句。,cet6-core source:ecdict family:drilling family:drills family:drilled
drought,draut,n.,"n. 干旱, 缺乏","The word ""drought"" appears in many academic texts.||Try to use ""drought"" in a sentence.",“drought”常见于学术阅读中。||请尝试用“drought”造句。,cet6-core source:ecdict family:droughts
dual,'dju:әl,adj.,"a. 双重的, 双的\nn. 双数","The word ""dual"" appears in many academic texts.||Try to use ""dual"" in a sentence.",“dual”常见于学术阅读中。||请尝试用“dual”造句。,cet6-core source:ecdict family:duals
dub,dʌb,vt.,"vt. 配音, 轻点, 授予称号, 击\nn. 一下击鼓声, 笨蛋","The word ""dub"" appears in many academic texts.||Try to use ""dub"" in a sentence.",“dub”常见于学术阅读中。||请尝试用“dub”造句。,cet6-core source:ecdict family:dubbed family:dubbing family:dubs
dubious,'dju:biәs,adj.,"a. 可疑的, 不确定的","The word ""dubious"" appears in many academic texts.||Try to use ""dubious"" in a sentence.",“dubious”常见于学术阅读中。||请尝试用“dubious”造句。,cet6-core source:ecdict
duplicate,'dju:plikeit,n.,"n. 副本, 复本, 复制品\na. 复制的, 二重的\nvt. 复制, 使加倍\n[计] 复制","The word ""duplicate"" appears in many academic texts.||Try to use ""duplicate"" in a sentence.",“duplicate”常见于学术阅读中。||请尝试用“duplicate”造句。,cet6-core source:ecdict family:duplicated family:duplicates family:duplicating
dwarf,dwɒ:f,n.,"n. 矮子, 侏儒\nv. (使)变矮小","The word ""dwarf"" appears in many academic texts.||Try to use ""dwarf"" in a sentence.",“dwarf”常见于学术阅读中。||请尝试用“dwarf”造句。,cet6-core source:ecdict family:dwarfs family:dwarfed family:dwarfing
dwell,dwel,vi.,"vi. 居住, 居住(于), 存在(于)","The word ""dwell"" appears in many academic texts.||Try to use ""dwell"" in a sentence.",“dwell”常见于学术阅读中。||请尝试用“dwell”造句。,cet6-core source:ecdict family:dwelt family:dwells family:dwelling
eagle,'i:gl,n.,"n. 鹰, 鹰状标饰","The word ""eagle"" appears in many academic texts.||Try to use ""eagle"" in a sentence.",“eagle”常见于学术阅读中。||请尝试用“eagle”造句。,cet6-core source:ecdict family:eagles family:eagled family:eagling
easter,'i:stә,n.,n. 复活节,"The word ""easter"" appears in many academic texts.||Try to use ""easter"" in a sentence.",“easter”常见于学术阅读中。||请尝试用“easter”造句。,cet6-core source:ecdict family:easters
eccentric,ik'sentrik,n.,"n. 怪人, 偏心圆\na. 古怪的, 反常的, 不同圆心的","The word ""eccentric"" appears in many academic texts.||Try to use ""eccentric"" in a sentence.",“eccentric”常见于学术阅读中。||请尝试用“eccentric”造句。,cet6-core source:ecdict family:eccentrics
eclipse,i'klips,n.,"n. 日食, 月食, (地位名誉等的)消失\nvt. 引起日食, 引起月食, 使黯然失色","The word ""eclipse"" appears in many academic texts.||Try to use ""eclipse"" in a sentence.",“eclipse”常见于学术阅读中。||请尝试用“eclipse”造句。,cet6-core source:ecdict family:eclipsed family:eclipses family:eclipsing
ecology,i:'kɒlәdʒi,n.,"n. 生态学, 社会生态学\n[化] 生态学","The word ""ecology"" appears in many academic texts.||Try to use ""ecology"" in a sentence.",“ecology”常见于学术阅读中。||请尝试用“ecology”造句。,cet6-core source:ecdict family:ecologies
economic,.i:kә'nɒmik,adj.,"a. 经济上的, 实用的, 节省的\n[经] 经济的","The word ""economic"" appears in many academic texts.||Try to use ""economic"" in a sentence.",“economic”常见于学术阅读中。||请尝试用“economic”造句。,cet6-core source:ecdict
economical,.i:kә'nɒmikәl,adj.,"a. 节俭的, 经济的, 合算的\n[经] 经济的, 节约的","The word ""economical"" appears in many academic texts.||Try to use ""economical"" in a sentence.",“economical”常见于学术阅读中。||请尝试用“economical”造句。,cet6-core source:ecdict
economy,i'kɒnәmi,n.,"n. 经济, 理财, 节约\n[医] 经济, 整体","The word ""economy"" appears in many academic texts.||Try to use ""economy"" in a sentence.",“economy”常见于学术阅读中。||请尝试用“economy”造句。,cet6-core source:ecdict family:economies
edible,'edibl,n.,"n. 食品, 食物\na. 可食用的","The word ""edible"" appears in many academic texts.||Try to use ""edible"" in a sentence.",“edible”常见于学术阅读中。||请尝试用“edible”造句。,cet6-core source:ecdict family:edibles
effective,i'fektiv,adj.,"a. 有效的, 有力的, 实际的\nn. 有生力量","The word ""effective"" appears in many academic texts.||Try to use ""effective"" in a sentence.",“effective”常见于学术阅读中。||请尝试用“effective”造句。,cet6-core source:ecdict
efficiency,i'fiʃәnsi,n.,"n. 效率, 效能, 功效\n[医] 效率, 效力","The word ""efficiency"" appears in many academic texts.||Try to use ""efficiency"" in a sentence.",“efficiency”常见于学术阅读中。||请尝试用“efficiency”造句。,cet6-core source:ecdict family:efficiencies
efficient,i'fiʃәnt,adj.,"a. 有效率的, 能干的","The word ""efficient"" appears in many academic texts.||Try to use ""efficient"" in a sentence.",“efficient”常见于学术阅读中。||请尝试用“efficient”造句。,cet6-core source:ecdict
ego,'egәu. 'i:gәu,n.,n. 自我\n[医] 自我,"The word ""ego"" appears in many academic texts.||Try to use ""ego"" in a sentence.",“ego”常见于学术阅读中。||请尝试用“ego”造句。,cet6-core source:ecdict family:egos
eject,i'dʒekt,vt.,"vt. 逐放, 放逐, 喷射\n[化] 排出","The word ""eject"" appears in many academic texts.||Try to use ""eject"" in a sentence.",“eject”常见于学术阅读中。||请尝试用“eject”造句。,cet6-core source:ecdict family:ejected family:ejecting family:ejects
elaborate,i'læbәreit,adj.,"a. 精细的, 详尽的, 精心计划(或制作)的\nvt. 详细地说明, 用心地制作, 发挥\nvi. 变复杂, 作详细说明","The word ""elaborate"" appears in many academic texts.||Try to use ""elaborate"" in a sentence.",“elaborate”常见于学术阅读中。||请尝试用“elaborate”造句。,cet6-core source:ecdict family:elaborated family:elaborating family:elaborates
elapse,i'læps,vi.,"vi. 逝去, 过去\nn. 逝去, 过去","The word ""elapse"" appears in many academic texts.||Try to use ""elapse"" in a sentence.",“elapse”常见于学术阅读中。||请尝试用“elapse”造句。,cet6-core source:ecdict family:elapsed family:elapses family:elapsing
elastic,i'læstik,n.,"n. 松紧带, 橡皮筋\na. 有弹性的, 能伸缩的, 可通融的","The word ""elastic"" appears in many academic texts.||Try to use ""elastic"" in a sentence.",“elastic”常见于学术阅读中。||请尝试用“elastic”造句。,cet6-core source:ecdict family:elastics
electric,i'lektik,adj.,"a. 电的, 导电的, 电动的\n[医] 电的","The word ""electric"" appears in many academic texts.||Try to use ""electric"" in a sentence.",“electric”常见于学术阅读中。||请尝试用“electric”造句。,cet6-core source:ecdict family:electrics
electrical,i'lektrikәl,adj.,"a. 电的, 有关电的\n[医] 电的","The word ""electrical"" appears in many academic texts.||Try to use ""electrical"" in a sentence.",“electrical”常见于学术阅读中。||请尝试用“electrical”造句。,cet6-core source:ecdict family:electricals
electrician,.ilek'triʃәn,n.,"n. 电学家, 电气技师, 电工\n[化] 电工; 电气工人","The word ""electrician"" appears in many academic texts.||Try to use ""electrician"" in a sentence.",“electrician”常见于学术阅读中。||请尝试用“electrician”造句。,cet6-core source:ecdict family:electricians
electricity,.ilek'trisiti,n.,"n. 电, 电流, 电学, 热情, 电力供应\n[化] 电学; 电","The word ""electricity"" appears in many academic texts.||Try to use ""electricity"" in a sentence.",“electricity”常见于学术阅读中。||请尝试用“electricity”造句。,cet6-core source:ecdict
electron,i'lektrɒn,n.,n. 电子\n[化] 电子,"The word ""electron"" appears in many academic texts.||Try to use ""electron"" in a sentence.",“electron”常见于学术阅读中。||请尝试用“electron”造句。,cet6-core source:ecdict family:electrons
electronic,.ilek'trɒnik,adj.,a. 电子的\n[计] 电子工业协会接口,"The word ""electronic"" appears in many academic texts.||Try to use ""electronic"" in a sentence.",“electronic”常见于学术阅读中。||请尝试用“electronic”造句。,cet6-core source:ecdict
elegant,'eligәnt,adj.,"a. 优雅的, 端庄的, 高雅的","The word ""elegant"" appears in many academic texts.||Try to use ""elegant"" in a sentence.",“elegant”常见于学术阅读中。||请尝试用“elegant”造句。,cet6-core source:ecdict
element,'elimәnt,n.,"n. 元件, 元素, 要素\n[计] 部分; 成分; 单元; 码元; 元件; 元素; 单元","The word ""element"" appears in many academic texts.||Try to use ""element"" in a sentence.",“element”常见于学术阅读中。||请尝试用“element”造句。,cet6-core source:ecdict family:elements
elementary,.eli'mentәri,adj.,"a. 初步的, 基本的\n[医] 元素的, 基础的, 初级的","The word ""elementary"" appears in many academic texts.||Try to use ""elementary"" in a sentence.",“elementary”常见于学术阅读中。||请尝试用“elementary”造句。,cet6-core source:ecdict
elevate,'eliveit,vt.,"vt. 举起, 提拔, 鼓舞","The word ""elevate"" appears in many academic texts.||Try to use ""elevate"" in a sentence.",“elevate”常见于学术阅读中。||请尝试用“elevate”造句。,cet6-core source:ecdict family:elevated family:elevates family:elevating
elicit,i'lisit,vt.,"vt. 引出, 推导出, 引起","The word ""elicit"" appears in many academic texts.||Try to use ""elicit"" in a sentence.",“elicit”常见于学术阅读中。||请尝试用“elicit”造句。,cet6-core source:ecdict family:elicited family:eliciting family:elicits
eligible,'elidʒәbl,adj.,"a. 有资格当选的, 合格的\nn. 有资格者, 合格者, 适任者","The word ""eligible"" appears in many academic texts.||Try to use ""eligible"" in a sentence.",“eligible”常见于学术阅读中。||请尝试用“eligible”造句。,cet6-core source:ecdict
eliminate,i'limineit,vt.,"vt. 除去, 排除, 剔除, 消除","The word ""eliminate"" appears in many academic texts.||Try to use ""eliminate"" in a sentence.",“eliminate”常见于学术阅读中。||请尝试用“eliminate”造句。,cet6-core source:ecdict family:eliminated family:eliminating family:eliminates
elite,ei'li:t,n.,"n. 精华, 精锐, 中坚分子","The word ""elite"" appears in many academic texts.||Try to use ""elite"" in a sentence.",“elite”常见于学术阅读中。||请尝试用“elite”造句。,cet6-core source:ecdict family:elites
eloquent,'elәkwәnt,adj.,"a. 雄辩的, 有口才的, 有说服力的","The word ""eloquent"" appears in many academic texts.||Try to use ""eloquent"" in a sentence.",“eloquent”常见于学术阅读中。||请尝试用“eloquent”造句。,cet6-core source:ecdict
embark,im'bɑ:k,vi.,"vi. 乘船, 着手, 从事, 上飞机\nvt. 使上船, 使上飞机, 使从事","The word ""embark"" appears in many academic texts.||Try to use ""embark"" in a sentence.",“embark”常见于学术阅读中。||请尝试用“embark”造句。,cet6-core source:ecdict family:embarking family:embarked family:embarks
embarrass,im'bærәs,vt.,"vt. 使困窘, 使局促不安, 阻碍","The word ""embarrass"" appears in many academic texts.||Try to use ""embarrass"" in a sentence.",“embarrass”常见于学术阅读中。||请尝试用“embarrass”造句。,cet6-core source:ecdict family:embarrassed family:embarrassing family:embarrasses
embed,im'bed,vt.,"vt. 使插入, 使嵌入, 使深留脑中\n[计] 嵌入","The word ""embed"" appears in many academic texts.||Try to use ""embed"" in a sentence.",“embed”常见于学术阅读中。||请尝试用“embed”造句。,cet6-core source:ecdict family:embedded family:embedding family:embeds
embody,im'bɒdi,vt.,"vt. 具体表达, 使具体化\n[经] 合并, 具体化, 具体表现","The word ""embody"" appears in many academic texts.||Try to use ""embody"" in a sentence.",“embody”常见于学术阅读中。||请尝试用“embody”造句。,cet6-core source:ecdict family:embodied family:embodies family:embodying
emerge,i'mә:dʒ,vi.,"vi. 浮现, 形成, 出现, (事实)显露","The word ""emerge"" appears in many academic texts.||Try to use ""emerge"" in a sentence.",“emerge”常见于学术阅读中。||请尝试用“emerge”造句。,cet6-core source:ecdict family:emerged family:emerges family:emerging
emergency,i'mә:dʒәnsi,n.,"n. 紧急状况, 紧急事件, 紧急需要\n[化] 紧急情况","The word ""emergency"" appears in many academic texts.||Try to use ""emergency"" in a sentence.",“emergency”常见于学术阅读中。||请尝试用“emergency”造句。,cet6-core source:ecdict family:emergencies
emotion,i'mәuʃәn,n.,"n. 情绪, 激动, 强烈的情感\n[医] 情绪, 情感","The word ""emotion"" appears in many academic texts.||Try to use ""emotion"" in a sentence.",“emotion”常见于学术阅读中。||请尝试用“emotion”造句。,cet6-core source:ecdict family:emotions
emphasis,'emfәsis,n.,"n. 强调, 加强, 重点, 强语气","The word ""emphasis"" appears in many academic texts.||Try to use ""emphasis"" in a sentence.",“emphasis”常见于学术阅读中。||请尝试用“emphasis”造句。,cet6-core source:ecdict
emphasize,'emfәsaiz,vt.,"vt. 强调, 加强语气, 着重","The word ""emphasize"" appears in many academic texts.||Try to use ""emphasize"" in a sentence.",“emphasize”常见于学术阅读中。||请尝试用“emphasize”造句。,cet6-core source:ecdict family:emphasized family:emphasizes family:emphasizing
empirical,em'pirikәl,adj.,"a. 完全跟据经验的, 经验主义的\n[医] 经验主义的","The word ""empirical"" appears in many academic texts.||Try to use ""empirical"" in a sentence.",“empirical”常见于学术阅读中。||请尝试用“empirical”造句。,cet6-core source:ecdict family:empiricals
employment,im'plɒimәnt,n.,"n. 雇用, 职业, 工作\n[经] 职业, 雇用, 职工招请","The word ""employment"" appears in many academic texts.||Try to use ""employment"" in a sentence.",“employment”常见于学术阅读中。||请尝试用“employment”造句。,cet6-core source:ecdict family:employments
enclosure,in'klәuʒә,n.,"n. 附件, 围墙, 围绕\n[化] 机壳; 外壳","The word ""enclosure"" appears in many academic texts.||Try to use ""enclosure"" in a sentence.",“enclosure”常见于学术阅读中。||请尝试用“enclosure”造句。,cet6-core source:ecdict family:enclosures
encounter,in'kauntә,n.,"n. 相会, 相遇, 遭遇\nvt. 遇见, 邂逅, 会战\nvi. 偶然相遇","The word ""encounter"" appears in many academic texts.||Try to use ""encounter"" in a sentence.",“encounter”常见于学术阅读中。||请尝试用“encounter”造句。,cet6-core source:ecdict family:encountered family:encounters family:encountering
encourage,in'kʌridʒ,vt.,"vt. 鼓励, 支持, 激励\n[法] 怂恿, 煽动, 助长","The word ""encourage"" appears in many academic texts.||Try to use ""encourage"" in a sentence.",“encourage”常见于学术阅读中。||请尝试用“encourage”造句。,cet6-core source:ecdict family:encouraged family:encourages family:encouraging
endeavor,in'devә,n.,"n. 努力, 尽力\nvi. 努力, 尽力","The word ""endeavor"" appears in many academic texts.||Try to use ""endeavor"" in a sentence.",“endeavor”常见于学术阅读中。||请尝试用“endeavor”造句。,cet6-core source:ecdict family:endeavors family:endeavoring family:endeavored
endow,in'dau,vt.,"vt. 捐赠, 捐助, 赋予\n[法] 赠送财产给, 分给寡妇一份遗产, 授与","The word ""endow"" appears in many academic texts.||Try to use ""endow"" in a sentence.",“endow”常见于学术阅读中。||请尝试用“endow”造句。,cet6-core source:ecdict family:endowed family:endowing family:endows
endurance,in'djuәrәns,n.,"n. 忍耐, 忍耐力, 耐性\n[机] 持九性","The word ""endurance"" appears in many academic texts.||Try to use ""endurance"" in a sentence.",“endurance”常见于学术阅读中。||请尝试用“endurance”造句。,cet6-core source:ecdict
endure,in'djuә,vt.,"vt. 忍受, 忍耐, 容忍, 耐\nvi. (正式)持久, 持续\n[计] 仍能工作, 继续工作","The word ""endure"" appears in many academic texts.||Try to use ""endure"" in a sentence.",“endure”常见于学术阅读中。||请尝试用“endure”造句。,cet6-core source:ecdict family:endured family:endures family:enduring
energetic,.enә'dʒetik,adj.,"a. 精力充沛的, 积极的","The word ""energetic"" appears in many academic texts.||Try to use ""energetic"" in a sentence.",“energetic”常见于学术阅读中。||请尝试用“energetic”造句。,cet6-core source:ecdict family:energetics
enforce,in'fɒ:s,vt.,"vt. 强迫, 执行, 坚持\n[经] 予以强制执行","The word ""enforce"" appears in many academic texts.||Try to use ""enforce"" in a sentence.",“enforce”常见于学术阅读中。||请尝试用“enforce”造句。,cet6-core source:ecdict family:enforced family:enforcing family:enforces
engage,in'geidʒ,vi.,"vi. 答应, 从事, 交战\nvt. 使忙碌, 雇佣, 预定, 使从事于, 使参加","The word ""engage"" appears in many academic texts.||Try to use ""engage"" in a sentence.",“engage”常见于学术阅读中。||请尝试用“engage”造句。,cet6-core source:ecdict family:engaged family:engaging family:engages
engagement,in'geidʒdmәnt,n.,"n. 诺言, 约会, 婚约, 交战\n[医] 衔接","The word ""engagement"" appears in many academic texts.||Try to use ""engagement"" in a sentence.",“engagement”常见于学术阅读中。||请尝试用“engagement”造句。,cet6-core source:ecdict family:engagements
engine,'endʒin,n.,"n. 引擎, 发动机, 机车\nvt. 安装发动机于","The word ""engine"" appears in many academic texts.||Try to use ""engine"" in a sentence.",“engine”常见于学术阅读中。||请尝试用“engine”造句。,cet6-core source:ecdict family:engines family:engined
enhance,in'hæns,vt.,"vt. 提高, 加强, 增加","The word ""enhance"" appears in many academic texts.||Try to use ""enhance"" in a sentence.",“enhance”常见于学术阅读中。||请尝试用“enhance”造句。,cet6-core source:ecdict family:enhanced family:enhancing family:enhances
enlighten,in'laitn,vt.,"vt. 教育, 启发, 启蒙, 开导, 教导","The word ""enlighten"" appears in many academic texts.||Try to use ""enlighten"" in a sentence.",“enlighten”常见于学术阅读中。||请尝试用“enlighten”造句。,cet6-core source:ecdict family:enlightening family:enlightened family:enlightens
enormous,i'nɒ:mәs,adj.,"a. 巨大的, 庞大的","The word ""enormous"" appears in many academic texts.||Try to use ""enormous"" in a sentence.",“enormous”常见于学术阅读中。||请尝试用“enormous”造句。,cet6-core source:ecdict
enrich,in'ritʃ,vt.,"vt. 使富足, 使肥沃","The word ""enrich"" appears in many academic texts.||Try to use ""enrich"" in a sentence.",“enrich”常见于学术阅读中。||请尝试用“enrich”造句。,cet6-core source:ecdict family:enriched family:enriching family:enriches
enroll,in'rәul,vt.,"vt. 登记, 使加入\nvi. 参军, 注册","The word ""enroll"" appears in many academic texts.||Try to use ""enroll"" in a sentence.",“enroll”常见于学术阅读中。||请尝试用“enroll”造句。,cet6-core source:ecdict family:enrolling family:enrolled family:enrols
ensue,en'su:,vi.,"vi. 跟着发生, 继起\nvt. 追求","The word ""ensue"" appears in many academic texts.||Try to use ""ensue"" in a sentence.",“ensue”常见于学术阅读中。||请尝试用“ensue”造句。,cet6-core source:ecdict family:ensued family:ensues family:ensuing
entail,in'teil,vt.,"vt. 使成为必需, 需要, 使承担, 遗传给\nn. 限定继承","The word ""entail"" appears in many academic texts.||Try to use ""entail"" in a sentence.",“entail”常见于学术阅读中。||请尝试用“entail”造句。,cet6-core source:ecdict family:entails family:entailed family:entailing
entertainment,.entә'teinmәnt,n.,"n. 娱乐, 款待, 娱乐表演","The word ""entertainment"" appears in many academic texts.||Try to use ""entertainment"" in a sentence.",“entertainment”常见于学术阅读中。||请尝试用“entertainment”造句。,cet6-core source:ecdict family:entertainments
enthusiasm,in'θju:ziæzәm,n.,"n. 巨大的热情, 热心","The word ""enthusiasm"" appears in many academic texts.||Try to use ""enthusiasm"" in a sentence.",“enthusiasm”常见于学术阅读中。||请尝试用“enthusiasm”造句。,cet6-core source:ecdict family:enthusiasms
enthusiastic,in.θju:zi'æstik,adj.,"a. 狂热的, 热心的, 热烈的","The word ""enthusiastic"" appears in many academic texts.||Try to use ""enthusiastic"" in a sentence.",“enthusiastic”常见于学术阅读中。||请尝试用“enthusiastic”造句。,cet6-core source:ecdict
entitle,in'taitl,vt.,"vt. 给...权利, 取名为, 给予名称, 叫做\n[法] 给...权利, 使有资格, 称呼","The word ""entitle"" appears in many academic texts.||Try to use ""entitle"" in a sentence.",“entitle”常见于学术阅读中。||请尝试用“entitle”造句。,cet6-core source:ecdict family:entitled family:entitles family:entitling
entity,'entiti,n.,"n. 实体, 实存物, 存在\n[计] 实体","The word ""entity"" appears in many academic texts.||Try to use ""entity"" in a sentence.",“entity”常见于学术阅读中。||请尝试用“entity”造句。,cet6-core source:ecdict family:entities
entrepreneur,.ɒntrәprә'nә:,n.,"n. 企业家, 主办人\n[经] 承包商, 企业家","The word ""entrepreneur"" appears in many academic texts.||Try to use ""entrepreneur"" in a sentence.",“entrepreneur”常见于学术阅读中。||请尝试用“entrepreneur”造句。,cet6-core source:ecdict family:entrepreneurs
environment,in'vairәnmәnt,n.,"n. 环境, 外界, 围绕\n[计] 环境","The word ""environment"" appears in many academic texts.||Try to use ""environment"" in a sentence.",“environment”常见于学术阅读中。||请尝试用“environment”造句。,cet6-core source:ecdict family:environments
envisage,in'vizidʒ,vt.,"vt. 面对, 正视, 想象","The word ""envisage"" appears in many academic texts.||Try to use ""envisage"" in a sentence.",“envisage”常见于学术阅读中。||请尝试用“envisage”造句。,cet6-core source:ecdict family:envisaged family:envisages family:envisaging
epoch,'i:pɒk,n.,"n. 新纪元, 时代, 时期","The word ""epoch"" appears in many academic texts.||Try to use ""epoch"" in a sentence.",“epoch”常见于学术阅读中。||请尝试用“epoch”造句。,cet6-core source:ecdict family:epochs
equality,i:'kwɒliti,n.,"n. 平等, 均匀, 相等\n[法] 同等, 平等, 相等","The word ""equality"" appears in many academic texts.||Try to use ""equality"" in a sentence.",“equality”常见于学术阅读中。||请尝试用“equality”造句。,cet6-core source:ecdict family:equalities
equator,i'kweitә,n.,"n. 赤道\n[医] 赤道, 中纬线","The word ""equator"" appears in many academic texts.||Try to use ""equator"" in a sentence.",“equator”常见于学术阅读中。||请尝试用“equator”造句。,cet6-core source:ecdict family:equators
equip,i'kwip,vt.,"vt. 装备, 配备\n[机] 设备, 装置","The word ""equip"" appears in many academic texts.||Try to use ""equip"" in a sentence.",“equip”常见于学术阅读中。||请尝试用“equip”造句。,cet6-core source:ecdict family:equipped family:equipping family:equips
equivalent,i'kwivәlәnt,n.,"n. 同等物, 等价物, 相等物\na. 相等的, 相当的, 同意义的\n[计] 等价的","The word ""equivalent"" appears in many academic texts.||Try to use ""equivalent"" in a sentence.",“equivalent”常见于学术阅读中。||请尝试用“equivalent”造句。,cet6-core source:ecdict family:equivalents
erect,i'rekt,adj.,"a. 直立的, 竖立的, 笔直的\nvt. 使竖立, 使直立, 树立, 建立\nvi. 勃起","The word ""erect"" appears in many academic texts.||Try to use ""erect"" in a sentence.",“erect”常见于学术阅读中。||请尝试用“erect”造句。,cet6-core source:ecdict family:erected family:erecting family:erects
erosion,i'rәuʒәn,n.,"n. 腐蚀, 冲蚀, 侵蚀\n[化] 磨耗; 侵蚀","The word ""erosion"" appears in many academic texts.||Try to use ""erosion"" in a sentence.",“erosion”常见于学术阅读中。||请尝试用“erosion”造句。,cet6-core source:ecdict family:erosions
erroneous,i'rәuniәs,adj.,"a. 错误的, 不正确的\n[法] 错误的, 不正确的","The word ""erroneous"" appears in many academic texts.||Try to use ""erroneous"" in a sentence.",“erroneous”常见于学术阅读中。||请尝试用“erroneous”造句。,cet6-core source:ecdict
erupt,i'rʌpt,vi.,vi. 爆发\nvt. 喷出,"The word ""erupt"" appears in many academic texts.||Try to use ""erupt"" in a sentence.",“erupt”常见于学术阅读中。||请尝试用“erupt”造句。,cet6-core source:ecdict family:erupted family:erupts family:erupting
escort,'eskɒ:t,n.,"n. 护送者, 护卫者, 护航舰\nvt. 护卫, 护送","The word ""escort"" appears in many academic texts.||Try to use ""escort"" in a sentence.",“escort”常见于学术阅读中。||请尝试用“escort”造句。,cet6-core source:ecdict family:escorted family:escorting family:escorts
essence,'esns,n.,"n. 实质, 本质, 香精\n[化] 香精","The word ""essence"" appears in many academic texts.||Try to use ""essence"" in a sentence.",“essence”常见于学术阅读中。||请尝试用“essence”造句。,cet6-core source:ecdict family:essences
essential,i'senʃәl,n.,"n. 要素, 要点, 本质\na. 必要的, 重要的, 本质的\n[计] 本质冒险","The word ""essential"" appears in many academic texts.||Try to use ""essential"" in a sentence.",“essential”常见于学术阅读中。||请尝试用“essential”造句。,cet6-core source:ecdict family:essentials
establish,i'stæbliʃ,vt.,"vt. 建立, 确立, 制定\nvi. 移植生长","The word ""establish"" appears in many academic texts.||Try to use ""establish"" in a sentence.",“establish”常见于学术阅读中。||请尝试用“establish”造句。,cet6-core source:ecdict family:established family:establishing family:establishes
esthetic,es'θetik,adj.,a. 审美的\n[医] 感觉的,"The word ""esthetic"" appears in many academic texts.||Try to use ""esthetic"" in a sentence.",“esthetic”常见于学术阅读中。||请尝试用“esthetic”造句。,cet6-core source:ecdict
estimate,'estimeit,n.,"n. 估计, 判断\nvt. 估计, 评价, 判断\nvi. 估计","The word ""estimate"" appears in many academic texts.||Try to use ""estimate"" in a sentence.",“estimate”常见于学术阅读中。||请尝试用“estimate”造句。,cet6-core source:ecdict family:estimated family:estimates family:estimating
eternal,i'tә:nl,adj.,"a. 永恒的, 永远的, 不灭的","The word ""eternal"" appears in many academic texts.||Try to use ""eternal"" in a sentence.",“eternal”常见于学术阅读中。||请尝试用“eternal”造句。,cet6-core source:ecdict
ethnic,'eθnik,adj.,"a. 人种的, 种族的\n[医] 人种的","The word ""ethnic"" appears in many academic texts.||Try to use ""ethnic"" in a sentence.",“ethnic”常见于学术阅读中。||请尝试用“ethnic”造句。,cet6-core source:ecdict
evaluate,i'væljueit,vt.,"vt. 评估, 评价, 赋值","The word ""evaluate"" appears in many academic texts.||Try to use ""evaluate"" in a sentence.",“evaluate”常见于学术阅读中。||请尝试用“evaluate”造句。,cet6-core source:ecdict family:evaluated family:evaluating family:evaluates
evidence,'evidәns,n.,"n. 根据, 证据, 迹象\n[经] 证据, 凭证","The word ""evidence"" appears in many academic texts.||Try to use ""evidence"" in a sentence.",“evidence”常见于学术阅读中。||请尝试用“evidence”造句。,cet6-core source:ecdict family:evidenced family:evidences family:evidencing
evident,'evidәnt,adj.,"a. 显然的, 明显的","The word ""evident"" appears in many academic texts.||Try to use ""evident"" in a sentence.",“evident”常见于学术阅读中。||请尝试用“evident”造句。,cet6-core source:ecdict
evil,'i:vl,n.,"n. 邪恶, 不幸, 罪恶\na. 邪恶的, 不幸的, 有害的, 讨厌的","The word ""evil"" appears in many academic texts.||Try to use ""evil"" in a sentence.",“evil”常见于学术阅读中。||请尝试用“evil”造句。,cet6-core source:ecdict family:evils
evoke,i'vәuk,vt.,"vt. 唤起, 引起, 召(魂)\n[法] 提审, 移送","The word ""evoke"" appears in many academic texts.||Try to use ""evoke"" in a sentence.",“evoke”常见于学术阅读中。||请尝试用“evoke”造句。,cet6-core source:ecdict family:evokes family:evoked family:evoking
evolution,.i:vә'lu:ʃәn,n.,"n. 进化, 发展, 进展, (气体)放出, 开方\n[医] 进化, 演化, 旋出","The word ""evolution"" appears in many academic texts.||Try to use ""evolution"" in a sentence.",“evolution”常见于学术阅读中。||请尝试用“evolution”造句。,cet6-core source:ecdict family:evolutions
exaggerate,ig'zædʒәreit,v.,"v. 夸大, 夸张","The word ""exaggerate"" appears in many academic texts.||Try to use ""exaggerate"" in a sentence.",“exaggerate”常见于学术阅读中。||请尝试用“exaggerate”造句。,cet6-core source:ecdict family:exaggerated family:exaggerating family:exaggerates
exceed,ik'si:d,vt.,"vt. 超过, 超越, 胜过\nvi. 超过其他","The word ""exceed"" appears in many academic texts.||Try to use ""exceed"" in a sentence.",“exceed”常见于学术阅读中。||请尝试用“exceed”造句。,cet6-core source:ecdict family:exceeds family:exceeding family:exceeded
exception,ik'sepʃәn,n.,"n. 例外, 除外, 异议\n[计] 例外; 异常","The word ""exception"" appears in many academic texts.||Try to use ""exception"" in a sentence.",“exception”常见于学术阅读中。||请尝试用“exception”造句。,cet6-core source:ecdict family:exceptions
exceptional,ik'sepʃәnәl,adj.,"a. 例外的, 异常的, 特别的","The word ""exceptional"" appears in many academic texts.||Try to use ""exceptional"" in a sentence.",“exceptional”常见于学术阅读中。||请尝试用“exceptional”造句。,cet6-core source:ecdict family:exceptionals
excess,ik'ses,n.,"n. 过度, 剩于, 超过, 超额\na. 过量的, 额外的","The word ""excess"" appears in many academic texts.||Try to use ""excess"" in a sentence.",“excess”常见于学术阅读中。||请尝试用“excess”造句。,cet6-core source:ecdict family:excesses
excessive,ik'sesiv,adj.,"a. 过度的, 过多的, 极端的\n[法] 过度的, 过分的, 额外的","The word ""excessive"" appears in many academic texts.||Try to use ""excessive"" in a sentence.",“excessive”常见于学术阅读中。||请尝试用“excessive”造句。,cet6-core source:ecdict
exchange,iks'tʃeindʒ,n.,"n. 交换, (电话)交换局, 交换机, 汇兑, 交易所\nv. 交换, 交易, 兑换\n[计] 交换; 电话局","The word ""exchange"" appears in many academic texts.||Try to use ""exchange"" in a sentence.",“exchange”常见于学术阅读中。||请尝试用“exchange”造句。,cet6-core source:ecdict family:exchanges family:exchanged family:exchanging
exclaim,iks'kleim,v.,"v. 大叫, 呼喊, 大声叫","The word ""exclaim"" appears in many academic texts.||Try to use ""exclaim"" in a sentence.",“exclaim”常见于学术阅读中。||请尝试用“exclaim”造句。,cet6-core source:ecdict family:exclaimed family:exclaiming family:exclaims
exclude,iks'klu:d,vt.,"vt. 除外, 排除, 排斥\n[医] 除外(诊断)","The word ""exclude"" appears in many academic texts.||Try to use ""exclude"" in a sentence.",“exclude”常见于学术阅读中。||请尝试用“exclude”造句。,cet6-core source:ecdict family:excluded family:excluding family:excludes
exclusive,ik'sklu:siv,adj.,"a. 排外的, 独占的, 唯一的\n[计] 独占的","The word ""exclusive"" appears in many academic texts.||Try to use ""exclusive"" in a sentence.",“exclusive”常见于学术阅读中。||请尝试用“exclusive”造句。,cet6-core source:ecdict family:exclusives
excursion,ik'skә:ʒәn,n.,"n. 远足, 游览圆, 短程旅行\n[医] 移动, 离轨, 逸出","The word ""excursion"" appears in many academic texts.||Try to use ""excursion"" in a sentence.",“excursion”常见于学术阅读中。||请尝试用“excursion”造句。,cet6-core source:ecdict family:excursions
execute,'eksikju:t,vt.,"vt. 执行, 实行, 完成, 处死, 制成\n[计] 执行","The word ""execute"" appears in many academic texts.||Try to use ""execute"" in a sentence.",“execute”常见于学术阅读中。||请尝试用“execute”造句。,cet6-core source:ecdict family:executed family:executing family:executes
execution,.eksi'kju:ʃәn,n.,"n. 实行, 完成, 执行, 死刑\n[计] 执行","The word ""execution"" appears in many academic texts.||Try to use ""execution"" in a sentence.",“execution”常见于学术阅读中。||请尝试用“execution”造句。,cet6-core source:ecdict family:executions
executive,ig'zekjutiv,n.,"n. 执行部门, 执行委员会, 执行者, 经理主管人员\na. 执行的, 善于执行的, 善于经营的\n[计] 执行程序","The word ""executive"" appears in many academic texts.||Try to use ""executive"" in a sentence.",“executive”常见于学术阅读中。||请尝试用“executive”造句。,cet6-core source:ecdict family:executives
exemplify,ig'zemplifai,vt.,"vt. 例证, 例示\n[法] 制作经公章证明的誊本, 例证","The word ""exemplify"" appears in many academic texts.||Try to use ""exemplify"" in a sentence.",“exemplify”常见于学术阅读中。||请尝试用“exemplify”造句。,cet6-core source:ecdict family:exemplified family:exemplifies family:exemplifying
exempt,ig'zempt,n.,"n. 免税者, 被免除义务者\na. 免除的\nvt. 使免除, 豁免","The word ""exempt"" appears in many academic texts.||Try to use ""exempt"" in a sentence.",“exempt”常见于学术阅读中。||请尝试用“exempt”造句。,cet6-core source:ecdict family:exempted family:exempting family:exempts
exert,ig'zә:t,vt.,"vt. 发挥, 运用, 施以影响\n[法] 施加, 产生, 行使","The word ""exert"" appears in many academic texts.||Try to use ""exert"" in a sentence.",“exert”常见于学术阅读中。||请尝试用“exert”造句。,cet6-core source:ecdict family:exerted family:exerts family:exerting
exhaust,ig'zɒ:st,n.,"n. 排气, 排气装置, 废气\nvt. 抽完, 用尽, 耗尽, 使精疲力尽\nvi. 排气","The word ""exhaust"" appears in many academic texts.||Try to use ""exhaust"" in a sentence.",“exhaust”常见于学术阅读中。||请尝试用“exhaust”造句。,cet6-core source:ecdict family:exhausted family:exhausting family:exhausts
exhibit,ig'zibit,n.,"n. 显示, 显现, 展览品, 陈列品, 展览\nvt. 展现, 陈列, 展览\nvi. 开展览会","The word ""exhibit"" appears in many academic texts.||Try to use ""exhibit"" in a sentence.",“exhibit”常见于学术阅读中。||请尝试用“exhibit”造句。,cet6-core source:ecdict family:exhibited family:exhibits family:exhibiting
exile,'eksail,n.,"n. 放逐, 流放, 被放逐者\nvt. 放逐, 流放, 使背井离乡","The word ""exile"" appears in many academic texts.||Try to use ""exile"" in a sentence.",“exile”常见于学术阅读中。||请尝试用“exile”造句。,cet6-core source:ecdict family:exiles family:exiled family:exiling
existence,ig'zistәns,n.,"n. 存在, 生存\n[法] 存在, 存在状态, 实体","The word ""existence"" appears in many academic texts.||Try to use ""existence"" in a sentence.",“existence”常见于学术阅读中。||请尝试用“existence”造句。,cet6-core source:ecdict family:existences
exotic,ig'zɒtik,adj.,"a. 异国的, 外来的\nn. 外来人, 外来物, 舶来品","The word ""exotic"" appears in many academic texts.||Try to use ""exotic"" in a sentence.",“exotic”常见于学术阅读中。||请尝试用“exotic”造句。,cet6-core source:ecdict family:exotics
expand,ik'spænd,vt.,"vt. 使膨胀, 详述, 扩张\nvi. 张开, 发展\nvt. 展开\nvi. 展开\n[计] 展开; DOS外部命令:将原始DOS磁盘上的压缩文件解压缩并拷贝到硬盘上","The word ""expand"" appears in many academic texts.||Try to use ""expand"" in a sentence.",“expand”常见于学术阅读中。||请尝试用“expand”造句。,cet6-core source:ecdict family:expanded family:expanding family:expands
expansion,ik'spænʃәn,n.,"n. 扩充, 开展, 膨胀\n[计] 扩展","The word ""expansion"" appears in many academic texts.||Try to use ""expansion"" in a sentence.",“expansion”常见于学术阅读中。||请尝试用“expansion”造句。,cet6-core source:ecdict family:expansions
expedition,.ekspi'diʃәn,n.,"n. 远征, 探险队, 迅速","The word ""expedition"" appears in many academic texts.||Try to use ""expedition"" in a sentence.",“expedition”常见于学术阅读中。||请尝试用“expedition”造句。,cet6-core source:ecdict family:expeditions
expel,ik'spel,vt.,"vt. 驱逐, 逐出, 排出, 开除\n[医] 排除, 迫出","The word ""expel"" appears in many academic texts.||Try to use ""expel"" in a sentence.",“expel”常见于学术阅读中。||请尝试用“expel”造句。,cet6-core source:ecdict family:expelled family:expelling family:expels
expend,ik'spend,vt.,"vt. 花费, 消耗, 用光","The word ""expend"" appears in many academic texts.||Try to use ""expend"" in a sentence.",“expend”常见于学术阅读中。||请尝试用“expend”造句。,cet6-core source:ecdict family:expended family:expending family:expends
expenditure,ik'spenditʃә,n.,"n. 开支, 费用, 用光, 消费额\n[经] 支出, 费用, 消费","The word ""expenditure"" appears in many academic texts.||Try to use ""expenditure"" in a sentence.",“expenditure”常见于学术阅读中。||请尝试用“expenditure”造句。,cet6-core source:ecdict family:expenditures
expense,ik'spens,n.,"n. 费用, 代价, 开支, 损失\n[经] 费用, 开支, 将支出转为费用","The word ""expense"" appears in many academic texts.||Try to use ""expense"" in a sentence.",“expense”常见于学术阅读中。||请尝试用“expense”造句。,cet6-core source:ecdict family:expenses
expert,'ekspә:t,n.,"n. 专家, 行家\na. 老练的, 内行的, 专门的\n[计] 高级","The word ""expert"" appears in many academic texts.||Try to use ""expert"" in a sentence.",“expert”常见于学术阅读中。||请尝试用“expert”造句。,cet6-core source:ecdict family:experts
expertise,.ekspә:'ti:z,n.,"n. 专家意见, 专门技术\n[法] 专门知识, 专家意见","The word ""expertise"" appears in many academic texts.||Try to use ""expertise"" in a sentence.",“expertise”常见于学术阅读中。||请尝试用“expertise”造句。,cet6-core source:ecdict family:expertises
expire,ik'spaiә,vi.,"vi. 期满, 呼气, 断气\nvt. 呼出","The word ""expire"" appears in many academic texts.||Try to use ""expire"" in a sentence.",“expire”常见于学术阅读中。||请尝试用“expire”造句。,cet6-core source:ecdict family:expired family:expires family:expiring
explicit,ik'splisit,adj.,"a. 详述的, 清楚的, 直言的","The word ""explicit"" appears in many academic texts.||Try to use ""explicit"" in a sentence.",“explicit”常见于学术阅读中。||请尝试用“explicit”造句。,cet6-core source:ecdict
exploit,'eksplɒit,n.,"n. 功绩, 勋绩\nvt. 开发, 利用, 开拓, 剥削","The word ""exploit"" appears in many academic texts.||Try to use ""exploit"" in a sentence.",“exploit”常见于学术阅读中。||请尝试用“exploit”造句。,cet6-core source:ecdict family:exploited family:exploiting family:exploits
explore,ik'splɒ:,v.,"v. 探险, 探测, 探究","The word ""explore"" appears in many academic texts.||Try to use ""explore"" in a sentence.",“explore”常见于学术阅读中。||请尝试用“explore”造句。,cet6-core source:ecdict family:exploring family:explored family:explores
expose,ik'spәuz,vt.,"vt. 使暴露, 使曝光, 揭穿, 陈列\n[医] 暴露, 露置","The word ""expose"" appears in many academic texts.||Try to use ""expose"" in a sentence.",“expose”常见于学术阅读中。||请尝试用“expose”造句。,cet6-core source:ecdict family:exposed family:exposing family:exposes
exposition,.ekspә'ziʃәn,n.,"n. 阐述, 讲解, 说明, 博览会, 展览会\n[经] 展览会, 集市, 义卖市场","The word ""exposition"" appears in many academic texts.||Try to use ""exposition"" in a sentence.",“exposition”常见于学术阅读中。||请尝试用“exposition”造句。,cet6-core source:ecdict family:expositions
expression,ik'spreʃәn,n.,"n. 表达, 表现, 词语, 措辞\n[计] 表达式","The word ""expression"" appears in many academic texts.||Try to use ""expression"" in a sentence.",“expression”常见于学术阅读中。||请尝试用“expression”造句。,cet6-core source:ecdict family:expressions
exquisite,'ekskwizit,adj.,"a. 精致的, 细腻的, 敏锐的","The word ""exquisite"" appears in many academic texts.||Try to use ""exquisite"" in a sentence.",“exquisite”常见于学术阅读中。||请尝试用“exquisite”造句。,cet6-core source:ecdict
extensive,ik'stensiv,adj.,"a. 广的, 广泛的, 多方面的\n[经] 广大的, 扩大的","The word ""extensive"" appears in many academic texts.||Try to use ""extensive"" in a sentence.",“extensive”常见于学术阅读中。||请尝试用“extensive”造句。,cet6-core source:ecdict
extent,ik'stent,n.,"n. 范围, 程度, 区域\n[计] 范围","The word ""extent"" appears in many academic texts.||Try to use ""extent"" in a sentence.",“extent”常见于学术阅读中。||请尝试用“extent”造句。,cet6-core source:ecdict family:extents
external,ik'stә:nl,n.,"n. 外部, 外面\na. 外部的, 客观的, 表面的","The word ""external"" appears in many academic texts.||Try to use ""external"" in a sentence.",“external”常见于学术阅读中。||请尝试用“external”造句。,cet6-core source:ecdict family:externals
extinct,ik'stiŋkt,adj.,"a. 熄灭的, 灭绝的, 耗尽的\n[法] 消灭了的, 过时的, 无效的","The word ""extinct"" appears in many academic texts.||Try to use ""extinct"" in a sentence.",“extinct”常见于学术阅读中。||请尝试用“extinct”造句。,cet6-core source:ecdict
extinguish,ik'stiŋgwiʃ,vt.,"vt. 熄灭, 使消亡, 压制, 使减色\n[医] 消灭","The word ""extinguish"" appears in many academic texts.||Try to use ""extinguish"" in a sentence.",“extinguish”常见于学术阅读中。||请尝试用“extinguish”造句。,cet6-core source:ecdict family:extinguished family:extinguishing family:extinguishes
extract,ik'strækt,n.,"n. 榨出物, 精汁, 摘录, 选段\nvt. (费力地)取出, 采掘, 榨取, 摘录, 吸取\n[计] 提取","The word ""extract"" appears in many academic texts.||Try to use ""extract"" in a sentence.",“extract”常见于学术阅读中。||请尝试用“extract”造句。,cet6-core source:ecdict family:extracts family:extracted family:extracting
extraordinary,ik'strɒ:dәnәri,adj.,"a. 非常的, 特别的, 非凡的\n[经] 非常的, 特别的, 临时的","The word ""extraordinary"" appears in many academic texts.||Try to use ""extraordinary"" in a sentence.",“extraordinary”常见于学术阅读中。||请尝试用“extraordinary”造句。,cet6-core source:ecdict family:extraordinaries
extravagant,ik'strævgәnt,adj.,"a. 奢侈的, 挥霍无度的, 浪费的","The word ""extravagant"" appears in many academic texts.||Try to use ""extravagant"" in a sentence.",“extravagant”常见于学术阅读中。||请尝试用“extravagant”造句。,cet6-core source:ecdict
extreme,ik'stri:m,n.,"n. 极端, 末端\na. 极端的, 尽头的, 极度的, 偏激的","The word ""extreme"" appears in many academic texts.||Try to use ""extreme"" in a sentence.",“extreme”常见于学术阅读中。||请尝试用“extreme”造句。,cet6-core source:ecdict family:extremes family:extremest
fabric,'fæbrik,n.,"n. 织物, 布, 结构, 构造, 建筑物\n[经] 组织, 建筑物, 工厂","The word ""fabric"" appears in many academic texts.||Try to use ""fabric"" in a sentence.",“fabric”常见于学术阅读中。||请尝试用“fabric”造句。,cet6-core source:ecdict family:fabrics
fabricate,'fæbrikeit,vt.,"vt. 制造, 建造, 装配, 伪造","The word ""fabricate"" appears in many academic texts.||Try to use ""fabricate"" in a sentence.",“fabricate”常见于学术阅读中。||请尝试用“fabricate”造句。,cet6-core source:ecdict family:fabricated family:fabricating family:fabricates
facet,'fæsit,n.,"n. (多面体的)面, 方面, 琢面\n[医] 小平面, 小面","The word ""facet"" appears in many academic texts.||Try to use ""facet"" in a sentence.",“facet”常见于学术阅读中。||请尝试用“facet”造句。,cet6-core source:ecdict family:facets
facilitate,fә'siliteit,vt.,"vt. 使容易, 促进, 帮助\n[法] 使容易, 使便利, 推进","The word ""facilitate"" appears in many academic texts.||Try to use ""facilitate"" in a sentence.",“facilitate”常见于学术阅读中。||请尝试用“facilitate”造句。,cet6-core source:ecdict family:facilitated family:facilitates family:facilitating
factor,'fæktә,n.,"n. 因素, 因数, 系数, 基因, 代理人\n[计] 因式","The word ""factor"" appears in many academic texts.||Try to use ""factor"" in a sentence.",“factor”常见于学术阅读中。||请尝试用“factor”造句。,cet6-core source:ecdict family:factors family:factoring family:factored
faculty,'fækәlti,n.,"n. 才能, 能力, 全体教员, (大学的)系\n[医] 能力, [大学]院系","The word ""faculty"" appears in many academic texts.||Try to use ""faculty"" in a sentence.",“faculty”常见于学术阅读中。||请尝试用“faculty”造句。,cet6-core source:ecdict family:faculties
faith,feiθ,n.,"n. 信心, 信任, 忠实, 保证\n[法] 信任, 信仰, 信念","The word ""faith"" appears in many academic texts.||Try to use ""faith"" in a sentence.",“faith”常见于学术阅读中。||请尝试用“faith”造句。,cet6-core source:ecdict family:faiths
fake,feik,n.,"n. 假货, 欺骗, 诡计\na. 假的\nvt. 假造, 仿造\nvi. 伪装","The word ""fake"" appears in many academic texts.||Try to use ""fake"" in a sentence.",“fake”常见于学术阅读中。||请尝试用“fake”造句。,cet6-core source:ecdict family:fakes family:faking family:faked
famine,'fæmin,n.,"n. 饥荒, 缺乏, 饥饿","The word ""famine"" appears in many academic texts.||Try to use ""famine"" in a sentence.",“famine”常见于学术阅读中。||请尝试用“famine”造句。,cet6-core source:ecdict family:famines
fantastic,fæn'tæstik,adj.,"a. 奇妙的, 稀奇的, 空想的","The word ""fantastic"" appears in many academic texts.||Try to use ""fantastic"" in a sentence.",“fantastic”常见于学术阅读中。||请尝试用“fantastic”造句。,cet6-core source:ecdict
fantasy,'fæntәsi,n.,"n. 幻想, 想象的产物\n[医] 幻想","The word ""fantasy"" appears in many academic texts.||Try to use ""fantasy"" in a sentence.",“fantasy”常见于学术阅读中。||请尝试用“fantasy”造句。,cet6-core source:ecdict family:fantasies family:fantasying family:fantasied
fascinate,'fæsineit,vt.,"vt. 令人入神, 使着迷\nvi. 入迷","The word ""fascinate"" appears in many academic texts.||Try to use ""fascinate"" in a sentence.",“fascinate”常见于学术阅读中。||请尝试用“fascinate”造句。,cet6-core source:ecdict family:fascinated family:fascinates family:fascinating
fatal,'feitәl,adj.,"a. 致命的, 重大的, 命运注定的, 粗心的, 不幸的\n[医] 致命的, 致死的","The word ""fatal"" appears in many academic texts.||Try to use ""fatal"" in a sentence.",“fatal”常见于学术阅读中。||请尝试用“fatal”造句。,cet6-core source:ecdict
fatigue,fә'ti:g,n.,"n. 疲乏, 疲劳\nvt. 使疲劳, 使心智衰弱\nvi. 疲劳\na. 疲劳的","The word ""fatigue"" appears in many academic texts.||Try to use ""fatigue"" in a sentence.",“fatigue”常见于学术阅读中。||请尝试用“fatigue”造句。,cet6-core source:ecdict family:fatigues family:fatigued family:fatiguing
feasible,'fi:zәbl,adj.,"a. 能实行的, 可行的, 适宜的\n[法] 可行的, 可执行的, 可完成的","The word ""feasible"" appears in many academic texts.||Try to use ""feasible"" in a sentence.",“feasible”常见于学术阅读中。||请尝试用“feasible”造句。,cet6-core source:ecdict
feast,fi:st,n.,"n. 宴会, 酒席, 享受, 节日\nvt. 款待, 享乐, 请客\nvi. 参加宴会, 尽情地吃, 享受","The word ""feast"" appears in many academic texts.||Try to use ""feast"" in a sentence.",“feast”常见于学术阅读中。||请尝试用“feast”造句。,cet6-core source:ecdict family:feasts family:feasting family:feasted
feature,'fi:tʃә,n.,"n. 面孔的一部分(如眼、口等), 特征, 容貌, 特色, 特写\nvt. 是...的特色, 特写, 放映\nvi. 起重要作用\n[计] 特性","The word ""feature"" appears in many academic texts.||Try to use ""feature"" in a sentence.",“feature”常见于学术阅读中。||请尝试用“feature”造句。,cet6-core source:ecdict family:features family:featuring family:featured
federal,'fedәrәl,adj.,"a. 联邦的, 联合的, 同盟的\n[法] 联邦的, 联邦制的, 联盟的","The word ""federal"" appears in many academic texts.||Try to use ""federal"" in a sentence.",“federal”常见于学术阅读中。||请尝试用“federal”造句。,cet6-core source:ecdict
federation,fedә'reiʃәn,n.,"n. 联邦, 联合, 联盟\n[法] 联邦, 联盟, 联邦政府","The word ""federation"" appears in many academic texts.||Try to use ""federation"" in a sentence.",“federation”常见于学术阅读中。||请尝试用“federation”造句。,cet6-core source:ecdict family:federations
feeble,fi:bl,adj.,"a. 微弱的, 衰弱的, 无效的\n[医] 无力的, 衰弱的","The word ""feeble"" appears in many academic texts.||Try to use ""feeble"" in a sentence.",“feeble”常见于学术阅读中。||请尝试用“feeble”造句。,cet6-core source:ecdict family:feebles
fellowship,'felәuʃip,n.,"n. 伙伴关系, 共同参与, 团体, 奖学金, 友谊\n[经] 合伙关系, 研究员薪金, 研究员基金","The word ""fellowship"" appears in many academic texts.||Try to use ""fellowship"" in a sentence.",“fellowship”常见于学术阅读中。||请尝试用“fellowship”造句。,cet6-core source:ecdict family:fellowships
feminine,'feminin,adj.,"a. 女性的, 阴性的, 柔弱的\n[医] 女性的, 雌性的","The word ""feminine"" appears in many academic texts.||Try to use ""feminine"" in a sentence.",“feminine”常见于学术阅读中。||请尝试用“feminine”造句。,cet6-core source:ecdict family:feminines
ferry,'feri,n.,"n. 渡船, 渡口\n[法] 摆渡营业权, 轮渡","The word ""ferry"" appears in many academic texts.||Try to use ""ferry"" in a sentence.",“ferry”常见于学术阅读中。||请尝试用“ferry”造句。,cet6-core source:ecdict family:ferries family:ferried family:ferrying
fertilizer,'fә:tilaizә,n.,"n. 肥料, 促进发展者, 受精媒介物\n[化] 肥料","The word ""fertilizer"" appears in many academic texts.||Try to use ""fertilizer"" in a sentence.",“fertilizer”常见于学术阅读中。||请尝试用“fertilizer”造句。,cet6-core source:ecdict family:fertilizers
fiction,'fikʃәn,n.,"n. 小说, 虚构故事\n[法] 虚构的事实, 捏造, 拟制","The word ""fiction"" appears in many academic texts.||Try to use ""fiction"" in a sentence.",“fiction”常见于学术阅读中。||请尝试用“fiction”造句。,cet6-core source:ecdict family:fictions
figure,'figә,n.,"n. 数字, 价格, 图形, 形状\nvt. 描绘, 表示, 演算, 认为\nvi. 计算, 出现, 估计","The word ""figure"" appears in many academic texts.||Try to use ""figure"" in a sentence.",“figure”常见于学术阅读中。||请尝试用“figure”造句。,cet6-core source:ecdict family:figures family:figured family:figuring
finance,fai'næns,n.,"n. 财政, 财务\nvt. 供给...经费, 负担经费\nvi. 筹措资金","The word ""finance"" appears in many academic texts.||Try to use ""finance"" in a sentence.",“finance”常见于学术阅读中。||请尝试用“finance”造句。,cet6-core source:ecdict family:financed family:finances family:financing
financial,fai'nænʃәl,adj.,"a. 财政的, 金融的\n[经] 财政的, 金融的, 财务的","The word ""financial"" appears in many academic texts.||Try to use ""financial"" in a sentence.",“financial”常见于学术阅读中。||请尝试用“financial”造句。,cet6-core source:ecdict
finite,'fainait,adj.,"a. 有限的, 有穷的, 限定的\nn. 有限物","The word ""finite"" appears in many academic texts.||Try to use ""finite"" in a sentence.",“finite”常见于学术阅读中。||请尝试用“finite”造句。,cet6-core source:ecdict family:finites
fitting,'fitiŋ,adj.,"a. 适宜的\nn. 试穿, 试衣, 装配, 装置","The word ""fitting"" appears in many academic texts.||Try to use ""fitting"" in a sentence.",“fitting”常见于学术阅读中。||请尝试用“fitting”造句。,cet6-core source:ecdict family:fit family:i family:fittings
fixture,'fikstʃә,n.,"n. 固定(状态), 固定物, 设备\n[计] 夹具","The word ""fixture"" appears in many academic texts.||Try to use ""fixture"" in a sentence.",“fixture”常见于学术阅读中。||请尝试用“fixture”造句。,cet6-core source:ecdict family:fixtures family:fixturing
flank,flæŋk,n.,"n. 侧面, 侧腹, 胁, 腰窝肉\nvt. 攻击侧面, 守侧面\nvi. 侧面与...相接","The word ""flank"" appears in many academic texts.||Try to use ""flank"" in a sentence.",“flank”常见于学术阅读中。||请尝试用“flank”造句。,cet6-core source:ecdict family:flanked family:flanks family:flanking
flap,flæp,n.,"n. 飘, 摆动, 拍打, 拍打声, 片状垂悬物\nv. 拍打, 鼓翼而飞, 飘动","The word ""flap"" appears in many academic texts.||Try to use ""flap"" in a sentence.",“flap”常见于学术阅读中。||请尝试用“flap”造句。,cet6-core source:ecdict family:flapping family:flapped family:flaps
flare,'flєә,n.,"n. 闪光, 闪耀\nvi. 闪光, 闪耀\nvt. 用发光信号发出, 使闪耀, 使张开","The word ""flare"" appears in many academic texts.||Try to use ""flare"" in a sentence.",“flare”常见于学术阅读中。||请尝试用“flare”造句。,cet6-core source:ecdict family:flared family:flares family:flaring
flask,flæsk,n.,"n. 细颈瓶, 烧瓶, 小水瓶\n[化] 瓶; 烧瓶","The word ""flask"" appears in many academic texts.||Try to use ""flask"" in a sentence.",“flask”常见于学术阅读中。||请尝试用“flask”造句。,cet6-core source:ecdict family:flasks family:flasked
flat,flæt,adj.,"a. 平坦的, 单调的, 无力的, 浅的, 萧条的, 干脆的, 无聊的\nadv. 平直地, 断然地\nn. 扁平物, 平面, 平地, 平原, 平板车\nv. (使)变平","The word ""flat"" appears in many academic texts.||Try to use ""flat"" in a sentence.",“flat”常见于学术阅读中。||请尝试用“flat”造句。,cet6-core source:ecdict family:flats family:flatter
flatter,'flætә,vt.,"vt. 奉承, 阿谀, 使高兴\n[机] 平面锤","The word ""flatter"" appears in many academic texts.||Try to use ""flatter"" in a sentence.",“flatter”常见于学术阅读中。||请尝试用“flatter”造句。,cet6-core source:ecdict family:flat family:r family:flattered family:flattering family:flatters
flaw,flɒ:,n.,"n. 缺点, 裂纹, 瑕疵, 一阵狂风\n[化] 划痕; 裂缝; 裂纹","The word ""flaw"" appears in many academic texts.||Try to use ""flaw"" in a sentence.",“flaw”常见于学术阅读中。||请尝试用“flaw”造句。,cet6-core source:ecdict family:flaws family:flawing family:flawed
flexible,'fleksәbl,adj.,"a. 易曲的, 灵活的, 柔顺的, 能变形的, 可通融的\n[医] 能屈的","The word ""flexible"" appears in many academic texts.||Try to use ""flexible"" in a sentence.",“flexible”常见于学术阅读中。||请尝试用“flexible”造句。,cet6-core source:ecdict
fling,fliŋ,n.,"n. 投掷, 急冲, 嘲弄\nvt. 投, 丢下, 抛弃, 使陷入, 挥动, 嘲笑, 扫视\nvi. 猛冲","The word ""fling"" appears in many academic texts.||Try to use ""fling"" in a sentence.",“fling”常见于学术阅读中。||请尝试用“fling”造句。,cet6-core source:ecdict family:flung family:flinging family:flings
flip,flip,vt.,"vt. 掷, 弹, 轻击, 空翻\nvi. 用指轻弹, 抽打, 蹦跳\nn. 抛, 弹, 筋斗\na. 无礼的\n[计] 翻转","The word ""flip"" appears in many academic texts.||Try to use ""flip"" in a sentence.",“flip”常见于学术阅读中。||请尝试用“flip”造句。,cet6-core source:ecdict family:flipped family:flips family:flipping
float,flәut,n.,"n. 漂流物, 浮舟, 漂浮, 浮萍, 彩车\nvi. 浮动, 飘动, 散播, 摇摆, 动摇, 浮动\nvt. 使漂浮, 容纳, 淹没, 发行, 实行\n[计] 浮动","The word ""float"" appears in many academic texts.||Try to use ""float"" in a sentence.",“float”常见于学术阅读中。||请尝试用“float”造句。,cet6-core source:ecdict family:floating family:floated family:floats
fluctuate,'flʌktʃueit,vi.,"vi. 变动, 起伏, 动摇\nvt. 使波动, 使动摇","The word ""fluctuate"" appears in many academic texts.||Try to use ""fluctuate"" in a sentence.",“fluctuate”常见于学术阅读中。||请尝试用“fluctuate”造句。,cet6-core source:ecdict family:fluctuated family:fluctuates family:fluctuating
flush,flʌʃ,n.,"n. 流溢, 面红, 旺盛, 发烧, 惊飞的鸟, 同花牌\na. 丰足的, 齐平的, 满盈的, 泛滥的\nadv. 齐平地, 直接地\nvi. 脸发红, 奔涌, 旺盛, 惊飞\nvt. 淹没, 冲洗, 使脸红, 使激动, 使齐平, 使惊飞","The word ""flush"" appears in many academic texts.||Try to use ""flush"" in a sentence.",“flush”常见于学术阅读中。||请尝试用“flush”造句。,cet6-core source:ecdict family:flushed family:flushing family:flushes
flutter,'flʌtә,n.,"n. 摆动, 鼓翼, 烦扰\nvi. 摆动, 鼓翼, 烦扰\nvt. 拍(翅), 使焦急\n[计] 颤动","The word ""flutter"" appears in many academic texts.||Try to use ""flutter"" in a sentence.",“flutter”常见于学术阅读中。||请尝试用“flutter”造句。,cet6-core source:ecdict family:fluttered family:fluttering family:flutters
foam,fәum,n.,"n. 泡沫, 水沫, 泡沫材料\nvi. 起泡沫, 吐白沫\nvt. 使起泡沫","The word ""foam"" appears in many academic texts.||Try to use ""foam"" in a sentence.",“foam”常见于学术阅读中。||请尝试用“foam”造句。,cet6-core source:ecdict family:foams family:foaming family:foamed
focus,'fәukәs,n.,"n. 焦点, 焦距\nvi. 聚焦, 注视\nvt. 使聚焦, 调焦, 集中\n[计] 焦点","The word ""focus"" appears in many academic texts.||Try to use ""focus"" in a sentence.",“focus”常见于学术阅读中。||请尝试用“focus”造句。,cet6-core source:ecdict family:focused family:focusing family:focuses family:foci
foil,fɒil,n.,"n. 箔, 烘托, 衬托\nvt. 贴箔于, 衬托, 阻止, 挡开, 挫败","The word ""foil"" appears in many academic texts.||Try to use ""foil"" in a sentence.",“foil”常见于学术阅读中。||请尝试用“foil”造句。,cet6-core source:ecdict family:foiled family:foils family:foiling
fold,fәuld,n.,"n. 折层, 折, 羊栏, 折痕, 信徒\nvt. 折叠, 包, 合拢, 交迭\nvi. 折叠起来, 彻底失败\n[计] 折叠; 合并","The word ""fold"" appears in many academic texts.||Try to use ""fold"" in a sentence.",“fold”常见于学术阅读中。||请尝试用“fold”造句。,cet6-core source:ecdict family:folds family:folded family:folding
force,fɒ:s,n.,"n. 力量, 武力, 势力, 影响力, 军队, 力, 效力\nvt. 强迫, 强夺, 推动, 提高\n[计] 人工转移; 强制","The word ""force"" appears in many academic texts.||Try to use ""force"" in a sentence.",“force”常见于学术阅读中。||请尝试用“force”造句。,cet6-core source:ecdict family:forces family:forced family:forcing
foremost,'fәumәust,adj.,"a. 最初的, 最重要的\nadv. 在最前","The word ""foremost"" appears in many academic texts.||Try to use ""foremost"" in a sentence.",“foremost”常见于学术阅读中。||请尝试用“foremost”造句。,cet6-core source:ecdict family:t
foresee,fɒ:'si:,vt.,"vt. 预见, 预知","The word ""foresee"" appears in many academic texts.||Try to use ""foresee"" in a sentence.",“foresee”常见于学术阅读中。||请尝试用“foresee”造句。,cet6-core source:ecdict family:foreseen family:foresaw family:foresees family:foreseeing
forge,fɒ:dʒ,n.,"n. 熔炉, 铁工厂\nvt. 打制, 锻造, 伪造\nvi. 锻造, 伪造","The word ""forge"" appears in many academic texts.||Try to use ""forge"" in a sentence.",“forge”常见于学术阅读中。||请尝试用“forge”造句。,cet6-core source:ecdict family:forged family:forging family:forges
formal,'fɒ:mәl,adj.,"a. 正式的, 形式的, 礼仪的, 拘于礼节的, 拘谨的\nn. 正式的社交活动","The word ""formal"" appears in many academic texts.||Try to use ""formal"" in a sentence.",“formal”常见于学术阅读中。||请尝试用“formal”造句。,cet6-core source:ecdict
format,'fɒ:mæt,n.,"n. 开本, 版式, 形式, 格式\nvt. 格式化\n[计] 格式; DOS外部命令:对磁盘进行格式化","The word ""format"" appears in many academic texts.||Try to use ""format"" in a sentence.",“format”常见于学术阅读中。||请尝试用“format”造句。,cet6-core source:ecdict family:formats family:formatting family:formatted
formidable,'fɒ:midәbl,adj.,"a. 巨大的, 优秀的, 可怕的, 艰难的","The word ""formidable"" appears in many academic texts.||Try to use ""formidable"" in a sentence.",“formidable”常见于学术阅读中。||请尝试用“formidable”造句。,cet6-core source:ecdict
formula,'fɒ:mjulә,n.,"n. 客套语, 公式, 准则\n[计] 公式","The word ""formula"" appears in many academic texts.||Try to use ""formula"" in a sentence.",“formula”常见于学术阅读中。||请尝试用“formula”造句。,cet6-core source:ecdict family:formulae
formulate,'fɒ:mjuleit,vt.,"vt. 用公式表示, 明确叙述, 制订\n[机] 公式化, 公式表示","The word ""formulate"" appears in many academic texts.||Try to use ""formulate"" in a sentence.",“formulate”常见于学术阅读中。||请尝试用“formulate”造句。,cet6-core source:ecdict family:formulated family:formulating family:formulates
fort,fɒ:t,n.,"n. 堡垒, 要塞, 易货站\nvt. 设要塞保卫\nvi. 设要塞","The word ""fort"" appears in many academic texts.||Try to use ""fort"" in a sentence.",“fort”常见于学术阅读中。||请尝试用“fort”造句。,cet6-core source:ecdict family:forts
forthcoming,'fɒ:θ'kʌmɑŋ,adj.,a. 即将来临的\nn. 来临,"The word ""forthcoming"" appears in many academic texts.||Try to use ""forthcoming"" in a sentence.",“forthcoming”常见于学术阅读中。||请尝试用“forthcoming”造句。,cet6-core source:ecdict
forum,'fɒ:rәm,n.,"n. 论坛, 公开讨论的广场, 法庭, 讨论会\n[法] 讨论会, 专题讨论, 公共论坛","The word ""forum"" appears in many academic texts.||Try to use ""forum"" in a sentence.",“forum”常见于学术阅读中。||请尝试用“forum”造句。,cet6-core source:ecdict family:forums
fossil,'fɒsәl,n.,"n. 化石, 古物\na. 化石的, 陈腐的, 守旧的","The word ""fossil"" appears in many academic texts.||Try to use ""fossil"" in a sentence.",“fossil”常见于学术阅读中。||请尝试用“fossil”造句。,cet6-core source:ecdict family:fossils
foster,'fɒstә,adj.,"a. 收养的, 养育的\nvt. 养育, 抚育, 培养, 鼓励, 抱(希望)","The word ""foster"" appears in many academic texts.||Try to use ""foster"" in a sentence.",“foster”常见于学术阅读中。||请尝试用“foster”造句。,cet6-core source:ecdict family:fostered family:fostering family:fosters
foul,faul,adj.,"a. 污秽的, 邪恶的, 恶臭的, 肮脏的, 恶劣的, 淤塞的\nvt. 弄脏, 妨害, 污蔑, 犯规, 淤塞\nvi. 腐烂, 犯规, 缠结\nadv. 违反规则地, 不正当地\nn. 犯规, 缠绕","The word ""foul"" appears in many academic texts.||Try to use ""foul"" in a sentence.",“foul”常见于学术阅读中。||请尝试用“foul”造句。,cet6-core source:ecdict family:fouling family:fouled family:fouls family:foulest family:fouler
fraction,'frækʃәn,n.,"n. 小部分, 破片, 分数\n[医] 部分, 成分, 分散","The word ""fraction"" appears in many academic texts.||Try to use ""fraction"" in a sentence.",“fraction”常见于学术阅读中。||请尝试用“fraction”造句。,cet6-core source:ecdict family:fractions family:fractioning family:fractioned
fracture,'fræktʃә,n.,"n. 破碎, 骨折\nv. (使)破碎, (使)破裂","The word ""fracture"" appears in many academic texts.||Try to use ""fracture"" in a sentence.",“fracture”常见于学术阅读中。||请尝试用“fracture”造句。,cet6-core source:ecdict family:fractures family:fractured family:fracturing
fragile,'frædʒail,adj.,"a. 易碎的, 脆的\n[医] 脆弱的, 脆的","The word ""fragile"" appears in many academic texts.||Try to use ""fragile"" in a sentence.",“fragile”常见于学术阅读中。||请尝试用“fragile”造句。,cet6-core source:ecdict
fragrance,'freigrәns,n.,"n. 芬芳, 香味","The word ""fragrance"" appears in many academic texts.||Try to use ""fragrance"" in a sentence.",“fragrance”常见于学术阅读中。||请尝试用“fragrance”造句。,cet6-core source:ecdict family:fragrances family:fragranced
frantic,'fræntik,adj.,"a. 狂乱的, 疯狂的","The word ""frantic"" appears in many academic texts.||Try to use ""frantic"" in a sentence.",“frantic”常见于学术阅读中。||请尝试用“frantic”造句。,cet6-core source:ecdict
fraud,frɒ:d,n.,"n. 欺骗, 欺诈, 诡计, 骗子\n[经] 欺诈, 舞弊, 骗子","The word ""fraud"" appears in many academic texts.||Try to use ""fraud"" in a sentence.",“fraud”常见于学术阅读中。||请尝试用“fraud”造句。,cet6-core source:ecdict family:frauds
frequency,'fri:kwәnsi,n.,"n. 频率, 频数\n[计] 频率","The word ""frequency"" appears in many academic texts.||Try to use ""frequency"" in a sentence.",“frequency”常见于学术阅读中。||请尝试用“frequency”造句。,cet6-core source:ecdict family:frequencies
frequent,'fri:kwәnt,adj.,"a. 时常发生的, 频繁的, 快速的\nvt. 时常来访, 常常聚集, 常与...交往","The word ""frequent"" appears in many academic texts.||Try to use ""frequent"" in a sentence.",“frequent”常见于学术阅读中。||请尝试用“frequent”造句。,cet6-core source:ecdict family:frequented family:frequenting family:frequents
friction,'frikʃәn,n.,"n. 摩擦, 摩擦治疗, 不和\n[医] 摩擦","The word ""friction"" appears in many academic texts.||Try to use ""friction"" in a sentence.",“friction”常见于学术阅读中。||请尝试用“friction”造句。,cet6-core source:ecdict family:frictions family:frictioned
fringe,frindʒ,n.,"n. 边缘, 端, 流苏, 穗, 初步\nvt. 加穗于, 加饰边于\na. 边缘的, 附加的","The word ""fringe"" appears in many academic texts.||Try to use ""fringe"" in a sentence.",“fringe”常见于学术阅读中。||请尝试用“fringe”造句。,cet6-core source:ecdict family:fringes family:fringed family:fringing
fuel,'fjuәl,n.,"n. 燃料, 木炭\nvt. 加燃料, 供燃料\nvi. 得到燃料","The word ""fuel"" appears in many academic texts.||Try to use ""fuel"" in a sentence.",“fuel”常见于学术阅读中。||请尝试用“fuel”造句。,cet6-core source:ecdict family:fuels family:fuelled family:fuelling
fulfill,ful'fil,vt.,"vt. 实践, 履行, 实行, 完成, 结束, 满足\n[法] 履行, 完成, 达到","The word ""fulfill"" appears in many academic texts.||Try to use ""fulfill"" in a sentence.",“fulfill”常见于学术阅读中。||请尝试用“fulfill”造句。,cet6-core source:ecdict family:fulfills family:fulfilling family:fulfilled
function,'fʌŋkʃәn,n.,"n. 官能, 职务, 功能, 函数\nvi. 活动, 运行, 行使职责\n[计] 功能, 函数","The word ""function"" appears in many academic texts.||Try to use ""function"" in a sentence.",“function”常见于学术阅读中。||请尝试用“function”造句。,cet6-core source:ecdict family:functions family:functioning family:functioned
fund,fʌnd,n.,"n. 基金, 资金, 存款, 财源, 贮藏\nvt. 提供资金, 积累","The word ""fund"" appears in many academic texts.||Try to use ""fund"" in a sentence.",“fund”常见于学术阅读中。||请尝试用“fund”造句。,cet6-core source:ecdict family:funds family:funded family:funding
fundamental,.fʌndә'mentәl,n.,"n. 基本原理, 原则, 基波\na. 基本的, 重要的, 原音的","The word ""fundamental"" appears in many academic texts.||Try to use ""fundamental"" in a sentence.",“fundamental”常见于学术阅读中。||请尝试用“fundamental”造句。,cet6-core source:ecdict family:fundamentals
furious,'fjuәriәs,adj.,"a. 狂怒的, 激烈的, 吵闹的","The word ""furious"" appears in many academic texts.||Try to use ""furious"" in a sentence.",“furious”常见于学术阅读中。||请尝试用“furious”造句。,cet6-core source:ecdict
furnish,'fә:niʃ,vt.,"vt. 供给, 提供, 装设\n[化] 供应; 供给; 配料","The word ""furnish"" appears in many academic texts.||Try to use ""furnish"" in a sentence.",“furnish”常见于学术阅读中。||请尝试用“furnish”造句。,cet6-core source:ecdict family:furnished family:furnishing family:furnishes
furniture,'fәnitʃә,n.,"n. 家具, 帆具","The word ""furniture"" appears in many academic texts.||Try to use ""furniture"" in a sentence.",“furniture”常见于学术阅读中。||请尝试用“furniture”造句。,cet6-core source:ecdict
furthermore,'fә:ðә'mɒ:,adv.,"adv. 此外, 而且","The word ""furthermore"" appears in many academic texts.||Try to use ""furthermore"" in a sentence.",“furthermore”常见于学术阅读中。||请尝试用“furthermore”造句。,cet6-core source:ecdict
fury,'fjuri,n.,"n. 愤怒, 狂暴, 狂怒的人\n[医] 狂乱, 狂暴, 狂怒","The word ""fury"" appears in many academic texts.||Try to use ""fury"" in a sentence.",“fury”常见于学术阅读中。||请尝试用“fury”造句。,cet6-core source:ecdict family:furies
fuse,fju:z,n.,"n. 保险丝, 导火线\nv. 熔化, 融合","The word ""fuse"" appears in many academic texts.||Try to use ""fuse"" in a sentence.",“fuse”常见于学术阅读中。||请尝试用“fuse”造句。,cet6-core source:ecdict family:fused family:fuses family:fusing
fusion,'fju:ʒәn,n.,"n. 熔合物, 结合, 熔合\n[化] 熔融; 熔化; 聚变","The word ""fusion"" appears in many academic texts.||Try to use ""fusion"" in a sentence.",“fusion”常见于学术阅读中。||请尝试用“fusion”造句。,cet6-core source:ecdict family:fusions
galaxy,'gælәksi,n.,"n. 银河, 星系, 一群(显赫的人物)\n[电] 银河系","The word ""galaxy"" appears in many academic texts.||Try to use ""galaxy"" in a sentence.",“galaxy”常见于学术阅读中。||请尝试用“galaxy”造句。,cet6-core source:ecdict family:galaxies
gamble,'gæmbl,n.,"n. 赌博, 冒险\nv. 赌博, 孤注一掷","The word ""gamble"" appears in many academic texts.||Try to use ""gamble"" in a sentence.",“gamble”常见于学术阅读中。||请尝试用“gamble”造句。,cet6-core source:ecdict family:gambled family:gambling family:gambles
garbage,'gɑ:bidʒ,n.,"n. 垃圾, 废物\n[计] 无用信息","The word ""garbage"" appears in many academic texts.||Try to use ""garbage"" in a sentence.",“garbage”常见于学术阅读中。||请尝试用“garbage”造句。,cet6-core source:ecdict
garment,'gɑ:mәnt,n.,"n. 衣服, 衣装, 外表","The word ""garment"" appears in many academic texts.||Try to use ""garment"" in a sentence.",“garment”常见于学术阅读中。||请尝试用“garment”造句。,cet6-core source:ecdict family:garments family:garmenting family:garmented
gasp,gæsp,n.,"n. 喘气\nvi. 喘气, 喘息, 渴望\nvt. 气喘吁吁地说","The word ""gasp"" appears in many academic texts.||Try to use ""gasp"" in a sentence.",“gasp”常见于学术阅读中。||请尝试用“gasp”造句。,cet6-core source:ecdict family:gasped family:gasping family:gasps
gauge,geidʒ,n.,"n. 标准度量, 计量器\nvt. 精确计量, 估计\n[计] 线规","The word ""gauge"" appears in many academic texts.||Try to use ""gauge"" in a sentence.",“gauge”常见于学术阅读中。||请尝试用“gauge”造句。,cet6-core source:ecdict family:gauges family:gauged family:gauging
gaze,geiz,n.,"n. 注视, 凝视\nvi. 注视, 凝视","The word ""gaze"" appears in many academic texts.||Try to use ""gaze"" in a sentence.",“gaze”常见于学术阅读中。||请尝试用“gaze”造句。,cet6-core source:ecdict family:gazed family:gazing family:gazes
gear,giә,n.,"n. 齿轮, 工具\nvt. 以齿轮连起, 开动, 使适应, 安排\nvi. 连接上, 适合","The word ""gear"" appears in many academic texts.||Try to use ""gear"" in a sentence.",“gear”常见于学术阅读中。||请尝试用“gear”造句。,cet6-core source:ecdict family:geared family:gears family:gearing
generalize,'dʒenәrәlaiz,vt.,"vt. 一般化, 概括, 推广\nvi. 形成概念, 笼统讲","The word ""generalize"" appears in many academic texts.||Try to use ""generalize"" in a sentence.",“generalize”常见于学术阅读中。||请尝试用“generalize”造句。,cet6-core source:ecdict family:generalizing family:generalized family:generalizes
generate,'dʒenәreit,vt.,"vt. 产生, 发生, 导致\n[电] 产生","The word ""generate"" appears in many academic texts.||Try to use ""generate"" in a sentence.",“generate”常见于学术阅读中。||请尝试用“generate”造句。,cet6-core source:ecdict family:generated family:generates family:generating
generous,'dʒenәrәs,adj.,"a. 慷慨的, 有雅量的, 大量的, 丰富的","The word ""generous"" appears in many academic texts.||Try to use ""generous"" in a sentence.",“generous”常见于学术阅读中。||请尝试用“generous”造句。,cet6-core source:ecdict
genetic,dʒi'netik,adj.,"a. 创始的, 遗传的, 起源的, 遗传学的\n[医] 生殖的, 遗传的","The word ""genetic"" appears in many academic texts.||Try to use ""genetic"" in a sentence.",“genetic”常见于学术阅读中。||请尝试用“genetic”造句。,cet6-core source:ecdict
genuine,'dʒenjuin,adj.,"a. 真正的, 真实的, 诚恳的\n[医] 真性的","The word ""genuine"" appears in many academic texts.||Try to use ""genuine"" in a sentence.",“genuine”常见于学术阅读中。||请尝试用“genuine”造句。,cet6-core source:ecdict
geology,dʒi'ɒlәdʒi,n.,"n. 地质学, 地质情况","The word ""geology"" appears in many academic texts.||Try to use ""geology"" in a sentence.",“geology”常见于学术阅读中。||请尝试用“geology”造句。,cet6-core source:ecdict family:geologies
gigantic,dʒai'gæntik,adj.,"a. 巨人般的, 巨大的","The word ""gigantic"" appears in many academic texts.||Try to use ""gigantic"" in a sentence.",“gigantic”常见于学术阅读中。||请尝试用“gigantic”造句。,cet6-core source:ecdict
giggle,'gigl,v.,"v. 吃吃地笑, 咯咯地笑\nn. 咯咯笑, 傻笑","The word ""giggle"" appears in many academic texts.||Try to use ""giggle"" in a sentence.",“giggle”常见于学术阅读中。||请尝试用“giggle”造句。,cet6-core source:ecdict family:giggled family:giggling family:giggles
given,'givәn,adj.,"a. 赠予的, 沉溺的, 约定的\ngive的过去分词","The word ""given"" appears in many academic texts.||Try to use ""given"" in a sentence.",“given”常见于学术阅读中。||请尝试用“given”造句。,cet6-core source:ecdict family:give family:d family:givens
glamour,'glæmә,n.,"n. 魅力, 迷人的美, 魔法\nvt. 迷惑","The word ""glamour"" appears in many academic texts.||Try to use ""glamour"" in a sentence.",“glamour”常见于学术阅读中。||请尝试用“glamour”造句。,cet6-core source:ecdict family:glamours
glance,'glɑ:ns,n.,"n. 一瞥, 闪光, 掠过, 辉矿类\nvi. 扫视, 闪光, 掠过, 提到, 略说\nvt. 扫视, 反射, 使掠过","The word ""glance"" appears in many academic texts.||Try to use ""glance"" in a sentence.",“glance”常见于学术阅读中。||请尝试用“glance”造句。,cet6-core source:ecdict family:glanced family:glancing family:glances
gland,glænd,n.,"n. 腺, 密封套\n[化] 衬片; 密封垫","The word ""gland"" appears in many academic texts.||Try to use ""gland"" in a sentence.",“gland”常见于学术阅读中。||请尝试用“gland”造句。,cet6-core source:ecdict family:glands
glare,glєә,n.,"n. 闪耀光, 刺眼\nvi. 发眩光, 瞪视\nvt. 瞪眼表示","The word ""glare"" appears in many academic texts.||Try to use ""glare"" in a sentence.",“glare”常见于学术阅读中。||请尝试用“glare”造句。,cet6-core source:ecdict family:glared family:glaring family:glares
gleam,gli:m,n.,"n. 光束, 微光, 反光\nvi. 闪烁, 隐约地闪现\nvt. 使发微光, 使闪烁","The word ""gleam"" appears in many academic texts.||Try to use ""gleam"" in a sentence.",“gleam”常见于学术阅读中。||请尝试用“gleam”造句。,cet6-core source:ecdict family:gleamed family:gleaming family:gleams
glide,glaid,n.,"n. 滑动, 滑过, 流水\nvi. 滑动, 滑翔, 溜走, 流逝\nvt. 使滑动","The word ""glide"" appears in many academic texts.||Try to use ""glide"" in a sentence.",“glide”常见于学术阅读中。||请尝试用“glide”造句。,cet6-core source:ecdict family:gliding family:glided family:glides
glitter,'glitә,n.,"n. 灿烂, 闪烁, 辉耀\nvi. 灿烂, 闪烁, 辉耀","The word ""glitter"" appears in many academic texts.||Try to use ""glitter"" in a sentence.",“glitter”常见于学术阅读中。||请尝试用“glitter”造句。,cet6-core source:ecdict family:glittered family:glittering family:glitters
gloom,glu:m,n.,"n. 忧郁, 暗处, 幽暗\nvi. 变忧沉, 变黑暗\nvt. 使忧郁, 使黑暗","The word ""gloom"" appears in many academic texts.||Try to use ""gloom"" in a sentence.",“gloom”常见于学术阅读中。||请尝试用“gloom”造句。,cet6-core source:ecdict family:glooms family:gloomed family:glooming
gloomy,'glu:mi,adj.,"a. 抑沉的, 忧闷的, 黑暗的, 悲观的","The word ""gloomy"" appears in many academic texts.||Try to use ""gloomy"" in a sentence.",“gloomy”常见于学术阅读中。||请尝试用“gloomy”造句。,cet6-core source:ecdict family:gloomier family:gloomiest family:gloomies
glow,glәu,n.,"n. 赤热, 光辉, 热情, 热烈, 红光\nvi. 发红光, 红光焕发, 发热, 洋溢, 激动","The word ""glow"" appears in many academic texts.||Try to use ""glow"" in a sentence.",“glow”常见于学术阅读中。||请尝试用“glow”造句。,cet6-core source:ecdict family:glowed family:glowing family:glows
gorgeous,'gɒ:dʒәs,adj.,"a. 华丽的, 灿烂的","The word ""gorgeous"" appears in many academic texts.||Try to use ""gorgeous"" in a sentence.",“gorgeous”常见于学术阅读中。||请尝试用“gorgeous”造句。,cet6-core source:ecdict
gossip,'gɒsip,n.,"n. 闲聊, 随笔, 流言, 爱讲闲话的人\nvi. 说闲话, 闲聊","The word ""gossip"" appears in many academic texts.||Try to use ""gossip"" in a sentence.",“gossip”常见于学术阅读中。||请尝试用“gossip”造句。,cet6-core source:ecdict family:gossiping family:gossips family:gossipped
gown,gaun,n.,"n. 睡衣, 法衣, 大学全体师生\nvt. 使穿睡衣","The word ""gown"" appears in many academic texts.||Try to use ""gown"" in a sentence.",“gown”常见于学术阅读中。||请尝试用“gown”造句。,cet6-core source:ecdict family:gowns family:gowning family:gowned
gracious,'greiʃәs,adj.,"a. 亲切的, 慈善的","The word ""gracious"" appears in many academic texts.||Try to use ""gracious"" in a sentence.",“gracious”常见于学术阅读中。||请尝试用“gracious”造句。,cet6-core source:ecdict
graduate,'grædʒueit,n.,"n. 毕业生, 量杯\na. 已得学位的, 研究生的, 毕业的\nvi. 毕业, 得学位, 逐渐变为\nvt. 准予...毕业, 授予...学位, 分等级, 刻刻度","The word ""graduate"" appears in many academic texts.||Try to use ""graduate"" in a sentence.",“graduate”常见于学术阅读中。||请尝试用“graduate”造句。,cet6-core source:ecdict family:graduates family:graduated family:graduating
grain,grein,n.,"n. 谷粒, 颗粒, 谷类, 纹理, 本质\nv. (使)成谷粒","The word ""grain"" appears in many academic texts.||Try to use ""grain"" in a sentence.",“grain”常见于学术阅读中。||请尝试用“grain”造句。,cet6-core source:ecdict family:grains family:grained family:graining
grant,grænt,n.,"n. 授予, 授予物, 允许\nvt. 允许, 承认, 授与\n[计] 授权命令","The word ""grant"" appears in many academic texts.||Try to use ""grant"" in a sentence.",“grant”常见于学术阅读中。||请尝试用“grant”造句。,cet6-core source:ecdict family:granted family:grants family:granting
graphic,'græfik,adj.,"a. 生动的, 轮廓分明的, 绘画似的, 图解的\n[计] 图形的","The word ""graphic"" appears in many academic texts.||Try to use ""graphic"" in a sentence.",“graphic”常见于学术阅读中。||请尝试用“graphic”造句。,cet6-core source:ecdict
grave,greiv,n.,"n. 墓穴, 坟墓, 终结, 死亡\na. 庄重的, 严肃的, 重大的, 低沉的\nvt. 雕刻","The word ""grave"" appears in many academic texts.||Try to use ""grave"" in a sentence.",“grave”常见于学术阅读中。||请尝试用“grave”造句。,cet6-core source:ecdict family:graves family:gravest family:graver family:graving family:graven
graze,greiz,n.,"n. 吃草, 放牧, 擦伤, 轻擦\nv. (使)吃草, 放牧, 轻擦, 擦伤","The word ""graze"" appears in many academic texts.||Try to use ""graze"" in a sentence.",“graze”常见于学术阅读中。||请尝试用“graze”造句。,cet6-core source:ecdict family:grazing family:grazed family:grazes
grease,gri:s,n.,"n. 脂肪, 兽脂, 油脂, 贿赂\nvt. 涂脂于, 贿赂","The word ""grease"" appears in many academic texts.||Try to use ""grease"" in a sentence.",“grease”常见于学术阅读中。||请尝试用“grease”造句。,cet6-core source:ecdict family:greased family:greasing family:greases
grief,gri:f,n.,"n. 伤心, 忧愁, 悲痛, 不幸, 灾难","The word ""grief"" appears in many academic texts.||Try to use ""grief"" in a sentence.",“grief”常见于学术阅读中。||请尝试用“grief”造句。,cet6-core source:ecdict family:griefs
grieve,gri:v,vt.,"vt. 使悲伤\nvi. 悲痛, 伤心","The word ""grieve"" appears in many academic texts.||Try to use ""grieve"" in a sentence.",“grieve”常见于学术阅读中。||请尝试用“grieve”造句。,cet6-core source:ecdict family:grieves family:grieved family:grieving
grim,grim,adj.,"a. 冷酷的, 坚强的, 残忍的, 可怕的, 讨厌的","The word ""grim"" appears in many academic texts.||Try to use ""grim"" in a sentence.",“grim”常见于学术阅读中。||请尝试用“grim”造句。,cet6-core source:ecdict family:grimmer family:grimmest
grin,grin,n.,n. 露齿笑\nv. 露齿而笑,"The word ""grin"" appears in many academic texts.||Try to use ""grin"" in a sentence.",“grin”常见于学术阅读中。||请尝试用“grin”造句。,cet6-core source:ecdict family:grinned family:grinning family:grins
grip,grip,n.,"n. 紧握, 柄, 握力, 握手方式, 手提包, 掌握, 支配, 控制\nvt. 抓紧, 抱住, 吸住, 掌握\nvi. 握牢, 有吸引力","The word ""grip"" appears in many academic texts.||Try to use ""grip"" in a sentence.",“grip”常见于学术阅读中。||请尝试用“grip”造句。,cet6-core source:ecdict family:gripped family:grips family:gripping
groan,grәun,n.,"n. 呻吟, 叹息\nvi. 呻吟, 抱怨, 受压迫\nvt. 呻吟地说","The word ""groan"" appears in many academic texts.||Try to use ""groan"" in a sentence.",“groan”常见于学术阅读中。||请尝试用“groan”造句。,cet6-core source:ecdict family:groaned family:groaning family:groans
groove,gru:v,n.,"n. 凹槽, 惯例, 理想境况\nvt. 开槽于","The word ""groove"" appears in many academic texts.||Try to use ""groove"" in a sentence.",“groove”常见于学术阅读中。||请尝试用“groove”造句。,cet6-core source:ecdict family:grooves family:grooved family:grooving
grope,grәup,v.,v. 摸索\nn. 摸索,"The word ""grope"" appears in many academic texts.||Try to use ""grope"" in a sentence.",“grope”常见于学术阅读中。||请尝试用“grope”造句。,cet6-core source:ecdict family:groped family:groping family:gropes
gross,grәus,n.,"n. 总数, 总量\na. 总共的, 未打折扣的, 恶劣的, 粗野的\nvt. 总共收入","The word ""gross"" appears in many academic texts.||Try to use ""gross"" in a sentence.",“gross”常见于学术阅读中。||请尝试用“gross”造句。,cet6-core source:ecdict family:grossed family:grosser family:grossing family:grossest family:grosses
guarantee,.gærәn'ti:,n.,"n. 担保, 抵押品, 保证书\nvt. 保证, 担保","The word ""guarantee"" appears in many academic texts.||Try to use ""guarantee"" in a sentence.",“guarantee”常见于学术阅读中。||请尝试用“guarantee”造句。,cet6-core source:ecdict family:guaranteed family:guarantees family:guaranteeing
guardian,'gɑ:diәn,n.,"n. 看守者, 监护人, 保护人\na. 保护的","The word ""guardian"" appears in many academic texts.||Try to use ""guardian"" in a sentence.",“guardian”常见于学术阅读中。||请尝试用“guardian”造句。,cet6-core source:ecdict family:guardians
hamper,'hæpә,n.,"n. 食篮, 阻碍物, 食盒\nvt. 阻碍, 使困累, 妨碍, 牵制","The word ""hamper"" appears in many academic texts.||Try to use ""hamper"" in a sentence.",“hamper”常见于学术阅读中。||请尝试用“hamper”造句。,cet6-core source:ecdict family:hampered family:hampers family:hampering
handbook,"'hænd,buk",n.,n. 手册\n[计] 手册,"The word ""handbook"" appears in many academic texts.||Try to use ""handbook"" in a sentence.",“handbook”常见于学术阅读中。||请尝试用“handbook”造句。,cet6-core source:ecdict family:handbooks
handicap,'hændikæp,n.,"n. 障碍, 困难, 不利条件\nvt. 加障碍于, 妨碍","The word ""handicap"" appears in many academic texts.||Try to use ""handicap"" in a sentence.",“handicap”常见于学术阅读中。||请尝试用“handicap”造句。,cet6-core source:ecdict family:handicapped family:handicaps family:handicapping
hardy,'hɑ:di,adj.,"a. 难的, 艰苦的, 坚硬的, 勇敢的\nadv. 努力地, 辛苦地, 坚硬地","The word ""hardy"" appears in many academic texts.||Try to use ""hardy"" in a sentence.",“hardy”常见于学术阅读中。||请尝试用“hardy”造句。,cet6-core source:ecdict family:hardier family:hardiest
harmony,'hɑ:mәni,n.,"n. 协调, 和睦, 调和\n[电] 和声学","The word ""harmony"" appears in many academic texts.||Try to use ""harmony"" in a sentence.",“harmony”常见于学术阅读中。||请尝试用“harmony”造句。,cet6-core source:ecdict family:harmonies
hasty,'heisti,adj.,"a. 匆匆的, 轻率的, 性怠的","The word ""hasty"" appears in many academic texts.||Try to use ""hasty"" in a sentence.",“hasty”常见于学术阅读中。||请尝试用“hasty”造句。,cet6-core source:ecdict family:hastiest family:hastier
hatch,hætʃ,n.,"n. 孵化, 舱口\nvt. 孵, 孵出, 策划\nvi. 孵化","The word ""hatch"" appears in many academic texts.||Try to use ""hatch"" in a sentence.",“hatch”常见于学术阅读中。||请尝试用“hatch”造句。,cet6-core source:ecdict family:hatched family:hatching family:hatches
hatred,'heitrid,n.,"n. 憎恨, 仇恨, 憎恶\n[法] 敌意, 憎恨, 憎恶","The word ""hatred"" appears in many academic texts.||Try to use ""hatred"" in a sentence.",“hatred”常见于学术阅读中。||请尝试用“hatred”造句。,cet6-core source:ecdict family:hatreds
haul,hɒ:l,n.,"n. 用力拖拉, 拖运, 强拉, 捕获量, 拖运距离\nvi. 拖, 拉, 改变方向, 改变主意\nvt. 拖拉, 拖运","The word ""haul"" appears in many academic texts.||Try to use ""haul"" in a sentence.",“haul”常见于学术阅读中。||请尝试用“haul”造句。,cet6-core source:ecdict family:hauled family:hauling family:hauls
haunt,hɒ:nt,n.,"n. 常到的地方, 生息地\nvt. 常到, 出没于, 萦绕于\nvi. 出没, 作祟","The word ""haunt"" appears in many academic texts.||Try to use ""haunt"" in a sentence.",“haunt”常见于学术阅读中。||请尝试用“haunt”造句。,cet6-core source:ecdict family:haunted family:haunts family:haunting
hawk,hɒ:k,n.,"n. 鹰, 掠夺者, 鹰派成员\nvi. 放鹰行猎, 像鹰一般地袭击, 清嗓, 咳嗽\nvt. 捕捉, 咳出, 兜售, 叫卖, 散播","The word ""hawk"" appears in many academic texts.||Try to use ""hawk"" in a sentence.",“hawk”常见于学术阅读中。||请尝试用“hawk”造句。,cet6-core source:ecdict family:hawks family:hawking family:hawked
hazard,'hæzәd,n.,"n. 冒险, 危险, 机会\nvt. 冒...的危险, 赌运气, 使冒危险\n[计] 相关危险; 冒险","The word ""hazard"" appears in many academic texts.||Try to use ""hazard"" in a sentence.",“hazard”常见于学术阅读中。||请尝试用“hazard”造句。,cet6-core source:ecdict family:hazards family:hazarded family:hazarding
heap,hi:p,n.,"n. 堆, 许多, 累积\nvt. 堆积, 装满\n[计] 堆","The word ""heap"" appears in many academic texts.||Try to use ""heap"" in a sentence.",“heap”常见于学术阅读中。||请尝试用“heap”造句。,cet6-core source:ecdict family:heaps family:heaped family:heaping
heave,hi:v,n.,"n. 举, 抛, 起伏, 鼓起\nvt. 用力举起, 使举起, 使鼓起\nvi. 抛出, 起伏, 喘息, 凸起","The word ""heave"" appears in many academic texts.||Try to use ""heave"" in a sentence.",“heave”常见于学术阅读中。||请尝试用“heave”造句。,cet6-core source:ecdict family:heaved family:heaving family:heaves
heel,hi:l,n.,"n. 脚后跟, 踵, 后部, 倾侧\nvt. 尾随, 装以鞋跟, 倾侧, 追赶\nvi. 紧随, 用脚后跟传球","The word ""heel"" appears in many academic texts.||Try to use ""heel"" in a sentence.",“heel”常见于学术阅读中。||请尝试用“heel”造句。,cet6-core source:ecdict family:heels family:heeled family:heeling
heighten,'haitn,vt.,"vt. 增高, 提高, 加强\nvi. 升高, 变大","The word ""heighten"" appears in many academic texts.||Try to use ""heighten"" in a sentence.",“heighten”常见于学术阅读中。||请尝试用“heighten”造句。,cet6-core source:ecdict family:heightened family:heightening family:heightens
heir,єә,n.,"n. 继承人, 嗣子, 后嗣\n[法] 继承人, 后嗣","The word ""heir"" appears in many academic texts.||Try to use ""heir"" in a sentence.",“heir”常见于学术阅读中。||请尝试用“heir”造句。,cet6-core source:ecdict family:heirs
hemisphere,'hemisfiә,n.,"n. 半球, 地球的半面, 大脑半球\n[医] 半球","The word ""hemisphere"" appears in many academic texts.||Try to use ""hemisphere"" in a sentence.",“hemisphere”常见于学术阅读中。||请尝试用“hemisphere”造句。,cet6-core source:ecdict family:hemispheres
henceforth,hens'fɒ:θ,adv.,"adv. 自此以后, 今后","The word ""henceforth"" appears in many academic texts.||Try to use ""henceforth"" in a sentence.",“henceforth”常见于学术阅读中。||请尝试用“henceforth”造句。,cet6-core source:ecdict
herb,hә:b,n.,"n. 药草, 香草\n[医] 草, 草本, 草药","The word ""herb"" appears in many academic texts.||Try to use ""herb"" in a sentence.",“herb”常见于学术阅读中。||请尝试用“herb”造句。,cet6-core source:ecdict family:herbs
heritage,'heritidʒ,n.,"n. 遗产, 祖先遗留物, 继承物\n[医] 遗传性","The word ""heritage"" appears in many academic texts.||Try to use ""heritage"" in a sentence.",“heritage”常见于学术阅读中。||请尝试用“heritage”造句。,cet6-core source:ecdict family:heritages
hesitate,'heziteit,vi.,"vi. 犹豫, 迟疑, 踌躇, 支吾, 停顿","The word ""hesitate"" appears in many academic texts.||Try to use ""hesitate"" in a sentence.",“hesitate”常见于学术阅读中。||请尝试用“hesitate”造句。,cet6-core source:ecdict family:hesitated family:hesitating family:hesitates
hierarchy,'haiәrɑ:ki,n.,"n. 等级制度, 僧侣统治, 等级体系\n[计] 分级结构; 分层结构; 新闻组, 新闻组分层","The word ""hierarchy"" appears in many academic texts.||Try to use ""hierarchy"" in a sentence.",“hierarchy”常见于学术阅读中。||请尝试用“hierarchy”造句。,cet6-core source:ecdict family:hierarchies
highlight,'hailait,n.,"n. 加亮区, 精彩场面\nvt. 加亮, 使显著, 以强光照射, 突出\n[计] 突出","The word ""highlight"" appears in many academic texts.||Try to use ""highlight"" in a sentence.",“highlight”常见于学术阅读中。||请尝试用“highlight”造句。,cet6-core source:ecdict family:highlighted family:highlights family:highlighting
hike,haik,n.,"n. 徒步旅行, 远足, 涨价, 提高\nvi. 步行, 徒步旅行, 上升\nvt. 使高涨, 拉起","The word ""hike"" appears in many academic texts.||Try to use ""hike"" in a sentence.",“hike”常见于学术阅读中。||请尝试用“hike”造句。,cet6-core source:ecdict family:hikes family:hiking family:hiked
hinder,'hindә,adj.,"a. 后面的\nv. 阻碍, 打扰","The word ""hinder"" appears in many academic texts.||Try to use ""hinder"" in a sentence.",“hinder”常见于学术阅读中。||请尝试用“hinder”造句。,cet6-core source:ecdict family:hindered family:hindering family:hinders
hinge,hindʒ,n.,"n. 铰链, 关键, 枢纽\nvt. 装铰链\nvi. 靠铰链移动, 依...而转移","The word ""hinge"" appears in many academic texts.||Try to use ""hinge"" in a sentence.",“hinge”常见于学术阅读中。||请尝试用“hinge”造句。,cet6-core source:ecdict family:hinges family:hinged family:hingeing
historian,hi'stɒ:riәn,n.,"n. 历史学家, 记事者","The word ""historian"" appears in many academic texts.||Try to use ""historian"" in a sentence.",“historian”常见于学术阅读中。||请尝试用“historian”造句。,cet6-core source:ecdict family:historians
hitherto,.hiðә'tu:,adv.,"adv. 迄今, 至今","The word ""hitherto"" appears in many academic texts.||Try to use ""hitherto"" in a sentence.",“hitherto”常见于学术阅读中。||请尝试用“hitherto”造句。,cet6-core source:ecdict
hoist,hɒist,n.,"n. 升高, 起重机, 推动\nv. 升起, 升高, 举起","The word ""hoist"" appears in many academic texts.||Try to use ""hoist"" in a sentence.",“hoist”常见于学术阅读中。||请尝试用“hoist”造句。,cet6-core source:ecdict family:hoisted family:hoisting family:hoists family:d
homogeneous,.hәumә'dʒi:niәs,adj.,"a. 同种的, 同质的, 齐性的\n[医] 同种的, 纯一的, 同质的, 均匀的","The word ""homogeneous"" appears in many academic texts.||Try to use ""homogeneous"" in a sentence.",“homogeneous”常见于学术阅读中。||请尝试用“homogeneous”造句。,cet6-core source:ecdict
hop,hɒp,n.,"n. 单脚跳, 跳跃, 舞会, 飞行\nvi. 单脚跳, 跳跃\nvt. 跃过, 跳上, 加蛇麻子于, 服麻醉药\n[计] 跳跃式传输","The word ""hop"" appears in many academic texts.||Try to use ""hop"" in a sentence.",“hop”常见于学术阅读中。||请尝试用“hop”造句。,cet6-core source:ecdict family:hops family:hopping family:hopped
hose,hәuz,n.,"n. 水管, 橡皮软管, 长统袜\nvt. 用水管浇","The word ""hose"" appears in many academic texts.||Try to use ""hose"" in a sentence.",“hose”常见于学术阅读中。||请尝试用“hose”造句。,cet6-core source:ecdict family:hoses family:hosing family:hosed
hospitality,.hɒspi'tæliti,n.,"n. 款待, 亲切, 殷勤","The word ""hospitality"" appears in many academic texts.||Try to use ""hospitality"" in a sentence.",“hospitality”常见于学术阅读中。||请尝试用“hospitality”造句。,cet6-core source:ecdict family:hospitalities
hostage,'hɒstidʒ,n.,"n. 人质, 抵押品\n[经] 人质, 抵押品","The word ""hostage"" appears in many academic texts.||Try to use ""hostage"" in a sentence.",“hostage”常见于学术阅读中。||请尝试用“hostage”造句。,cet6-core source:ecdict family:hostages
hostile,'hɒstail,adj.,"a. 敌人的, 怀敌意的, 敌对的\nn. 敌对分子","The word ""hostile"" appears in many academic texts.||Try to use ""hostile"" in a sentence.",“hostile”常见于学术阅读中。||请尝试用“hostile”造句。,cet6-core source:ecdict family:hostiles
hound,haund,n.,"n. 猎犬\nvt. 带猎犬狩猎, 追捕, 激励, 使追逐","The word ""hound"" appears in many academic texts.||Try to use ""hound"" in a sentence.",“hound”常见于学术阅读中。||请尝试用“hound”造句。,cet6-core source:ecdict family:hounds family:hounded family:hounding
household,'haushәuld,n.,"n. 一家人, 家庭, 家族, 王室\na. 家庭的, 家常的, 王室的","The word ""household"" appears in many academic texts.||Try to use ""household"" in a sentence.",“household”常见于学术阅读中。||请尝试用“household”造句。,cet6-core source:ecdict family:households
hover,'hʌvә,vi.,"vi. 盘旋, 翱翔, 徘徊\nvt. 孵\nn. 翱翔","The word ""hover"" appears in many academic texts.||Try to use ""hover"" in a sentence.",“hover”常见于学术阅读中。||请尝试用“hover”造句。,cet6-core source:ecdict family:hovering family:hovered family:hovers
howl,haul,n.,"n. 嗥叫, 吠声, 号叫\nvi. 狂吠, 咆哮, 呼啸\nvt. 对...吼叫, 狂喊着说","The word ""howl"" appears in many academic texts.||Try to use ""howl"" in a sentence.",“howl”常见于学术阅读中。||请尝试用“howl”造句。,cet6-core source:ecdict family:howled family:howls family:howling
huddle,'hʌdl,n.,"n. 杂乱一团, 混乱, 拥挤\nvt. 把...挤在一起, 乱堆, 草率了事, 蜷曲\nvi. 挤作一团, 蜷缩","The word ""huddle"" appears in many academic texts.||Try to use ""huddle"" in a sentence.",“huddle”常见于学术阅读中。||请尝试用“huddle”造句。,cet6-core source:ecdict family:huddled family:huddling family:huddles
hug,hʌg,n.,"n. 紧抱, 拥抱\nvt. 紧抱, 坚持, 使沾沾自喜","The word ""hug"" appears in many academic texts.||Try to use ""hug"" in a sentence.",“hug”常见于学术阅读中。||请尝试用“hug”造句。,cet6-core source:ecdict family:hugged family:hugging family:hugs
hum,hʌm,n.,"n. 嗡嗡声, 哼声, 杂声\nvi. 发低哼声\nvt. 哼, 用哼声表示\ninterj. 哼, 嗯","The word ""hum"" appears in many academic texts.||Try to use ""hum"" in a sentence.",“hum”常见于学术阅读中。||请尝试用“hum”造句。,cet6-core source:ecdict family:humming family:hummed family:hums
humanity,hju:'mæniti,n.,"n. 人性, 人类, 博爱","The word ""humanity"" appears in many academic texts.||Try to use ""humanity"" in a sentence.",“humanity”常见于学术阅读中。||请尝试用“humanity”造句。,cet6-core source:ecdict
humble,'hʌmbl,adj.,"a. 低下的, 谦逊的, 粗陋的\nvt. 使...卑下, 降低...地位, 贬抑","The word ""humble"" appears in many academic texts.||Try to use ""humble"" in a sentence.",“humble”常见于学术阅读中。||请尝试用“humble”造句。,cet6-core source:ecdict family:humbled family:humbles family:humbling
humidity,hju:'miditi,n.,"n. 湿气, 潮湿, 湿度\n[计] 湿度","The word ""humidity"" appears in many academic texts.||Try to use ""humidity"" in a sentence.",“humidity”常见于学术阅读中。||请尝试用“humidity”造句。,cet6-core source:ecdict family:humidities
hurl,hә:l,n.,"n. 用力的投掷\nvt. 用力投掷, 发射, 愤慨地说出, 丢下\nvi. 猛投, 猛掷","The word ""hurl"" appears in many academic texts.||Try to use ""hurl"" in a sentence.",“hurl”常见于学术阅读中。||请尝试用“hurl”造句。,cet6-core source:ecdict family:hurled family:hurling family:hurls
hurricane,'hә:rikәn,n.,"n. 飓风, 暴风, 暴风雨","The word ""hurricane"" appears in many academic texts.||Try to use ""hurricane"" in a sentence.",“hurricane”常见于学术阅读中。||请尝试用“hurricane”造句。,cet6-core source:ecdict family:hurricanes
hypothesis,hai'pɒθәsis,n.,n. 假设\n[化] 假设,"The word ""hypothesis"" appears in many academic texts.||Try to use ""hypothesis"" in a sentence.",“hypothesis”常见于学术阅读中。||请尝试用“hypothesis”造句。,cet6-core source:ecdict family:hypotheses
hysterical,his'terikәl,adj.,"a. 歇斯底里的, 异常兴奋的\n[医] 癔病的, 歇斯底里的","The word ""hysterical"" appears in many academic texts.||Try to use ""hysterical"" in a sentence.",“hysterical”常见于学术阅读中。||请尝试用“hysterical”造句。,cet6-core source:ecdict
ideal,ai'diәl,n.,"n. 理想, 典范, 观念, 思想, 最后目标\na. 理想的, 完美的, 空想的, 观念的, 唯心论的","The word ""ideal"" appears in many academic texts.||Try to use ""ideal"" in a sentence.",“ideal”常见于学术阅读中。||请尝试用“ideal”造句。,cet6-core source:ecdict family:ideals
identical,ai'dentikәl,adj.,"a. 同一的, 恒等的, 完全相同的\n[医] 同一的, 同等的","The word ""identical"" appears in many academic texts.||Try to use ""identical"" in a sentence.",“identical”常见于学术阅读中。||请尝试用“identical”造句。,cet6-core source:ecdict
identification,ai.dentifi'keiʃәn,n.,"n. 识别, 身份证明, 认同\n[化] 鉴定; 鉴别; 鉴别法; 认证","The word ""identification"" appears in many academic texts.||Try to use ""identification"" in a sentence.",“identification”常见于学术阅读中。||请尝试用“identification”造句。,cet6-core source:ecdict family:identifications
identify,ai'dentifai,vt.,"vt. 识别, 认为...等同于, 确定, 使参与\nvi. 一致, 认同","The word ""identify"" appears in many academic texts.||Try to use ""identify"" in a sentence.",“identify”常见于学术阅读中。||请尝试用“identify”造句。,cet6-core source:ecdict family:identified family:identifying family:identifies
ideology,.aidi'ɒlәdʒi,n.,"n. 思想体系, 意识形态, 观念学, 空论\n[医] 观念学, 观念形态","The word ""ideology"" appears in many academic texts.||Try to use ""ideology"" in a sentence.",“ideology”常见于学术阅读中。||请尝试用“ideology”造句。,cet6-core source:ecdict family:ideologies
idiom,'idiәm,n.,"n. 习语, 成语, 惯用语法, 方言","The word ""idiom"" appears in many academic texts.||Try to use ""idiom"" in a sentence.",“idiom”常见于学术阅读中。||请尝试用“idiom”造句。,cet6-core source:ecdict family:idioms
idiot,'idiәt,n.,"n. 白痴, 极蠢之人\n[医] 白痴者, 痴子","The word ""idiot"" appears in many academic texts.||Try to use ""idiot"" in a sentence.",“idiot”常见于学术阅读中。||请尝试用“idiot”造句。,cet6-core source:ecdict family:idiots
ignite,ig'nait,vt.,"vt. 点燃, 使灼热, 使兴奋","The word ""ignite"" appears in many academic texts.||Try to use ""ignite"" in a sentence.",“ignite”常见于学术阅读中。||请尝试用“ignite”造句。,cet6-core source:ecdict family:ignited family:igniting family:ignites
ignore,ig'nɒ:,vt.,"vt. 不理睬, 忽视, 驳回, 忽略\n[计] 忽略","The word ""ignore"" appears in many academic texts.||Try to use ""ignore"" in a sentence.",“ignore”常见于学术阅读中。||请尝试用“ignore”造句。,cet6-core source:ecdict family:ignored family:ignoring family:ignores
illegal,i'li:gәl,adj.,"a. 违法的, 不合规定的\n[经] 非法的, 犯规的","The word ""illegal"" appears in many academic texts.||Try to use ""illegal"" in a sentence.",“illegal”常见于学术阅读中。||请尝试用“illegal”造句。,cet6-core source:ecdict family:illegals
illuminate,i'lju:mineit,vt.,"vt. 照明, 用灯装饰, 阐明, 说明, 使灿烂\nvi. 照亮, 用灯装饰","The word ""illuminate"" appears in many academic texts.||Try to use ""illuminate"" in a sentence.",“illuminate”常见于学术阅读中。||请尝试用“illuminate”造句。,cet6-core source:ecdict family:illuminated family:illuminates family:illuminating
illusion,i'lju:ʒәn,n.,"n. 幻影, 错觉, 幻想\n[医] 错觉","The word ""illusion"" appears in many academic texts.||Try to use ""illusion"" in a sentence.",“illusion”常见于学术阅读中。||请尝试用“illusion”造句。,cet6-core source:ecdict family:illusions
illustrate,'ilәstreit,vt.,"vt. 举例说明, 作图解, 阐明\nvi. 举例说明","The word ""illustrate"" appears in many academic texts.||Try to use ""illustrate"" in a sentence.",“illustrate”常见于学术阅读中。||请尝试用“illustrate”造句。,cet6-core source:ecdict family:illustrated family:illustrates family:illustrating
imaginary,i'mædʒinәri,adj.,"a. 想像的, 虚构的, 假想的","The word ""imaginary"" appears in many academic texts.||Try to use ""imaginary"" in a sentence.",“imaginary”常见于学术阅读中。||请尝试用“imaginary”造句。,cet6-core source:ecdict
imaginative,i'mædʒinәtiv,adj.,"a. 想像的, 虚构的","The word ""imaginative"" appears in many academic texts.||Try to use ""imaginative"" in a sentence.",“imaginative”常见于学术阅读中。||请尝试用“imaginative”造句。,cet6-core source:ecdict
imitate,'imiteit,vt.,"vt. 模仿, 效法, 冒充, 仿造","The word ""imitate"" appears in many academic texts.||Try to use ""imitate"" in a sentence.",“imitate”常见于学术阅读中。||请尝试用“imitate”造句。,cet6-core source:ecdict family:imitating family:imitated family:imitates
imitation,.imi'teiʃәn,n.,"n. 模仿, 效法, 冒充, 赝品\n[医] 模仿, 仿制, 仿制品","The word ""imitation"" appears in many academic texts.||Try to use ""imitation"" in a sentence.",“imitation”常见于学术阅读中。||请尝试用“imitation”造句。,cet6-core source:ecdict family:imitations
immerse,i'mә:s,vt.,"vt. 沉浸, 使陷入\n[医] 浸[入]","The word ""immerse"" appears in many academic texts.||Try to use ""immerse"" in a sentence.",“immerse”常见于学术阅读中。||请尝试用“immerse”造句。,cet6-core source:ecdict family:immersed family:immersing family:immerses
immigrant,'imigrәnt,n.,"n. 移民\na. 移入的, 移民的","The word ""immigrant"" appears in many academic texts.||Try to use ""immigrant"" in a sentence.",“immigrant”常见于学术阅读中。||请尝试用“immigrant”造句。,cet6-core source:ecdict family:immigrants
immune,i'mju:n,adj.,"a. 免疫的, 免除的, 不受影响的\nn. 免疫者","The word ""immune"" appears in many academic texts.||Try to use ""immune"" in a sentence.",“immune”常见于学术阅读中。||请尝试用“immune”造句。,cet6-core source:ecdict
impact,'impækt,n.,"n. 冲击, 冲突, 影响, 效果\nvt. 挤入, 撞击, 压紧, 对...发生影响","The word ""impact"" appears in many academic texts.||Try to use ""impact"" in a sentence.",“impact”常见于学术阅读中。||请尝试用“impact”造句。,cet6-core source:ecdict family:impacts family:impacted family:impacting
impair,im'pєә,vt.,"vt. 损害, 减少, 削弱\n[法] 损害, 伤害, 减少","The word ""impair"" appears in many academic texts.||Try to use ""impair"" in a sentence.",“impair”常见于学术阅读中。||请尝试用“impair”造句。,cet6-core source:ecdict family:impaired family:impairs family:impairing
impart,im'pɑ:t,vt.,"vt. 给予, 传授, 告知","The word ""impart"" appears in many academic texts.||Try to use ""impart"" in a sentence.",“impart”常见于学术阅读中。||请尝试用“impart”造句。,cet6-core source:ecdict family:imparted family:imparts family:imparting
impatient,im'peiʃәnt,adj.,"a. 不耐烦的, 着急的, 急切的","The word ""impatient"" appears in many academic texts.||Try to use ""impatient"" in a sentence.",“impatient”常见于学术阅读中。||请尝试用“impatient”造句。,cet6-core source:ecdict
imperative,im'perәtiv,n.,"n. 命令, 必要的事, 规则, 祈使语气\na. 命令式的, 急需的, 势在必行的, 强制的","The word ""imperative"" appears in many academic texts.||Try to use ""imperative"" in a sentence.",“imperative”常见于学术阅读中。||请尝试用“imperative”造句。,cet6-core source:ecdict family:imperatives
imperial,im'piәriәl,adj.,"a. 帝王的, 宗主国的, 至尊的, 壮丽的\nn. 特等品","The word ""imperial"" appears in many academic texts.||Try to use ""imperial"" in a sentence.",“imperial”常见于学术阅读中。||请尝试用“imperial”造句。,cet6-core source:ecdict
impetus,'impitәs,n.,"n. 动力, 推动力, 动量\n[医] 冲动, 动能, 起始(病)","The word ""impetus"" appears in many academic texts.||Try to use ""impetus"" in a sentence.",“impetus”常见于学术阅读中。||请尝试用“impetus”造句。,cet6-core source:ecdict
implement,'implimәnt,n.,"n. 工具, 器具, 手段\nvt. 实现, 使生效, 执行","The word ""implement"" appears in many academic texts.||Try to use ""implement"" in a sentence.",“implement”常见于学术阅读中。||请尝试用“implement”造句。,cet6-core source:ecdict family:implemented family:implementing family:implements
implication,.impli'keiʃәn,n.,"n. 牵连, 含义, 暗示\n[法] 推断, 含蓄之意, 暗示","The word ""implication"" appears in many academic texts.||Try to use ""implication"" in a sentence.",“implication”常见于学术阅读中。||请尝试用“implication”造句。,cet6-core source:ecdict family:implications
implicit,im'plisit,adj.,"a. 暗示的, 含蓄的, 固有的, 绝对的\n[经] 不讲明的, 含蓄的","The word ""implicit"" appears in many academic texts.||Try to use ""implicit"" in a sentence.",“implicit”常见于学术阅读中。||请尝试用“implicit”造句。,cet6-core source:ecdict
imply,im'plai,vt.,"vt. 暗示, 意味\n[计] 隐含","The word ""imply"" appears in many academic texts.||Try to use ""imply"" in a sentence.",“imply”常见于学术阅读中。||请尝试用“imply”造句。,cet6-core source:ecdict family:implies family:implied family:implying
impose,im'pәuz,vt.,"vt. 征(税), 把...强加于, 以...欺骗\nvi. 利用, 欺骗, 施加影响","The word ""impose"" appears in many academic texts.||Try to use ""impose"" in a sentence.",“impose”常见于学术阅读中。||请尝试用“impose”造句。,cet6-core source:ecdict family:imposed family:imposes family:imposing
impulse,'impʌls,n.,"n. 冲动, 驱使, 刺激, 推动, 冲力, 建议, 脉冲\nvt. 推动","The word ""impulse"" appears in many academic texts.||Try to use ""impulse"" in a sentence.",“impulse”常见于学术阅读中。||请尝试用“impulse”造句。,cet6-core source:ecdict family:impulses
inaugurate,i'nɒ:gjureit,vt.,"vt. 开始, 举行...就职典礼","The word ""inaugurate"" appears in many academic texts.||Try to use ""inaugurate"" in a sentence.",“inaugurate”常见于学术阅读中。||请尝试用“inaugurate”造句。,cet6-core source:ecdict family:inaugurated family:inaugurating family:inaugurates
incentive,in'sentiv,n.,n. 动机\na. 激励的,"The word ""incentive"" appears in many academic texts.||Try to use ""incentive"" in a sentence.",“incentive”常见于学术阅读中。||请尝试用“incentive”造句。,cet6-core source:ecdict family:incentives
incidence,'insidәns,n.,"n. 发生, 发生率, 影响, 负担者, 入射, 倾角\n[医] 入射, 发生率, 发生数","The word ""incidence"" appears in many academic texts.||Try to use ""incidence"" in a sentence.",“incidence”常见于学术阅读中。||请尝试用“incidence”造句。,cet6-core source:ecdict family:incidences
incident,'insidәnt,n.,"n. 事件, 事变, 小事\na. 附带的, 易于发生的, 外来的, 入射的","The word ""incident"" appears in many academic texts.||Try to use ""incident"" in a sentence.",“incident”常见于学术阅读中。||请尝试用“incident”造句。,cet6-core source:ecdict family:incidents
incidentally,.insi'dentәli,adv.,"adv. 伴随地, 偶然, 顺便","The word ""incidentally"" appears in many academic texts.||Try to use ""incidentally"" in a sentence.",“incidentally”常见于学术阅读中。||请尝试用“incidentally”造句。,cet6-core source:ecdict
incline,in'klain,n.,"n. 倾斜, 斜坡, 斜面\nvt. 使倾向于, 使倾斜\nvi. 倾向, 倾斜, 爱好, 易于","The word ""incline"" appears in many academic texts.||Try to use ""incline"" in a sentence.",“incline”常见于学术阅读中。||请尝试用“incline”造句。,cet6-core source:ecdict family:inclined family:inclining family:inclines
inclusive,in'klu:siv,adj.,"a. 包含的, 包括的","The word ""inclusive"" appears in many academic texts.||Try to use ""inclusive"" in a sentence.",“inclusive”常见于学术阅读中。||请尝试用“inclusive”造句。,cet6-core source:ecdict
incorporate,in'kɒ:pәreit,adj.,"a. 合并的, 组成公司的, 一体化的\nvt. 吸收, 合并, 使组成公司, 体现\nvi. 合并, 混合, 组成公司","The word ""incorporate"" appears in many academic texts.||Try to use ""incorporate"" in a sentence.",“incorporate”常见于学术阅读中。||请尝试用“incorporate”造句。,cet6-core source:ecdict family:incorporated family:incorporating family:incorporates
incredible,in'kredәbl,adj.,a. 难以置信的,"The word ""incredible"" appears in many academic texts.||Try to use ""incredible"" in a sentence.",“incredible”常见于学术阅读中。||请尝试用“incredible”造句。,cet6-core source:ecdict
incur,in'kә:,vt.,"vt. 招致, 蒙受, 遭遇\n[经] 招致, 蒙受, 担负","The word ""incur"" appears in many academic texts.||Try to use ""incur"" in a sentence.",“incur”常见于学术阅读中。||请尝试用“incur”造句。,cet6-core source:ecdict family:incurred family:incurring family:incurs
indefinite,in'definit,adj.,"a. 模糊的, 不确定的, 无限的\n[法] 不确定的, 无限制的","The word ""indefinite"" appears in many academic texts.||Try to use ""indefinite"" in a sentence.",“indefinite”常见于学术阅读中。||请尝试用“indefinite”造句。,cet6-core source:ecdict
independence,.indi'pendәns,n.,"n. 独立, 自立, 自主\n[医] 自主性, 独立性","The word ""independence"" appears in many academic texts.||Try to use ""independence"" in a sentence.",“independence”常见于学术阅读中。||请尝试用“independence”造句。,cet6-core source:ecdict
indicative,in'dikәtiv,adj.,"a. 指示的, 象征的, 表示...的\n[经] 指标的","The word ""indicative"" appears in many academic texts.||Try to use ""indicative"" in a sentence.",“indicative”常见于学术阅读中。||请尝试用“indicative”造句。,cet6-core source:ecdict
indifferent,in'difәrәnt,adj.,"a. 漠不关心的, 无重要性的, 中立的\n[医] 中性的, 无作用的, 无亲和力的, 淡漠的","The word ""indifferent"" appears in many academic texts.||Try to use ""indifferent"" in a sentence.",“indifferent”常见于学术阅读中。||请尝试用“indifferent”造句。,cet6-core source:ecdict
indignant,in'dignәnt,adj.,"a. 愤怒的, 愤慨的","The word ""indignant"" appears in many academic texts.||Try to use ""indignant"" in a sentence.",“indignant”常见于学术阅读中。||请尝试用“indignant”造句。,cet6-core source:ecdict
indignation,.indig'neiʃәn,n.,"n. 愤怒, 愤慨, 义愤","The word ""indignation"" appears in many academic texts.||Try to use ""indignation"" in a sentence.",“indignation”常见于学术阅读中。||请尝试用“indignation”造句。,cet6-core source:ecdict
indispensable,.indis'pensәbl,n.,"n. 不可缺少之物\na. 不可缺少的, 责无旁贷的, 绝对必要的","The word ""indispensable"" appears in many academic texts.||Try to use ""indispensable"" in a sentence.",“indispensable”常见于学术阅读中。||请尝试用“indispensable”造句。,cet6-core source:ecdict family:indispensables
individual,.indi'vidʒuәl,n.,"n. 人, 个人, 个体\na. 个别的, 个人的, 独特的","The word ""individual"" appears in many academic texts.||Try to use ""individual"" in a sentence.",“individual”常见于学术阅读中。||请尝试用“individual”造句。,cet6-core source:ecdict family:individuals
induce,in'dju:s,vt.,"vt. 引诱, 招致, 归纳出, 感应\n[医] 诱导, 感应","The word ""induce"" appears in many academic texts.||Try to use ""induce"" in a sentence.",“induce”常见于学术阅读中。||请尝试用“induce”造句。,cet6-core source:ecdict family:induced family:induces family:inducing
indulge,in'dʌldʒ,vt.,"vt. 纵情于, 使高兴, 放任, 迁就\nvi. 沉溺","The word ""indulge"" appears in many academic texts.||Try to use ""indulge"" in a sentence.",“indulge”常见于学术阅读中。||请尝试用“indulge”造句。,cet6-core source:ecdict family:indulging family:indulged family:indulges
industrial,in'dʌstriәl,adj.,"a. 工业的, 供工业用的, 工业高度发展的, 产业的\nn. 工业工人, 工业股票","The word ""industrial"" appears in many academic texts.||Try to use ""industrial"" in a sentence.",“industrial”常见于学术阅读中。||请尝试用“industrial”造句。,cet6-core source:ecdict
inertia,i'nә:ʃә,n.,"n. 惯性, 惰性, 迟钝\n[化] 惯性","The word ""inertia"" appears in many academic texts.||Try to use ""inertia"" in a sentence.",“inertia”常见于学术阅读中。||请尝试用“inertia”造句。,cet6-core source:ecdict family:inertias
inevitable,in'evitәbl,adj.,"a. 不可避免的, 必然的\n[法] 不可避免的, 无法规避的, 必然的","The word ""inevitable"" appears in many academic texts.||Try to use ""inevitable"" in a sentence.",“inevitable”常见于学术阅读中。||请尝试用“inevitable”造句。,cet6-core source:ecdict
infant,'infәnt,n.,"n. 婴儿, 儿童, 初学者\na. 婴儿的, 幼稚的","The word ""infant"" appears in many academic texts.||Try to use ""infant"" in a sentence.",“infant”常见于学术阅读中。||请尝试用“infant”造句。,cet6-core source:ecdict family:infants
infectious,in'fekʃәs,adj.,"a. 有传染性的, 易传染的\n[医] 传染性的","The word ""infectious"" appears in many academic texts.||Try to use ""infectious"" in a sentence.",“infectious”常见于学术阅读中。||请尝试用“infectious”造句。,cet6-core source:ecdict
inferior,in'fiәriә,adj.,"a. 次等的, 较差的, 下方的, 下级的\nn. 部下, 次品, 下标(符号)","The word ""inferior"" appears in many academic texts.||Try to use ""inferior"" in a sentence.",“inferior”常见于学术阅读中。||请尝试用“inferior”造句。,cet6-core source:ecdict family:inferiors
infinite,'infinit,n.,"n. 无限, 神\na. 无穷的, 无限的, 极大的","The word ""infinite"" appears in many academic texts.||Try to use ""infinite"" in a sentence.",“infinite”常见于学术阅读中。||请尝试用“infinite”造句。,cet6-core source:ecdict
inflict,in'flikt,vt.,"vt. 施以, 加害, 使承受\n[法] 处, 加, 予以","The word ""inflict"" appears in many academic texts.||Try to use ""inflict"" in a sentence.",“inflict”常见于学术阅读中。||请尝试用“inflict”造句。,cet6-core source:ecdict family:inflicted family:inflicting family:inflicts
ingenious,in'dʒi:njәs,adj.,"a. 灵敏的, 精巧的, 聪明的","The word ""ingenious"" appears in many academic texts.||Try to use ""ingenious"" in a sentence.",“ingenious”常见于学术阅读中。||请尝试用“ingenious”造句。,cet6-core source:ecdict
ingredient,in'gri:diәnt,n.,"n. 成分, 因素\n[化] 配合剂; 拼料; 成分; 组分","The word ""ingredient"" appears in many academic texts.||Try to use ""ingredient"" in a sentence.",“ingredient”常见于学术阅读中。||请尝试用“ingredient”造句。,cet6-core source:ecdict family:ingredients
inhabit,in'hæbit,vt.,"vt. 居住于, 占据, 栖息","The word ""inhabit"" appears in many academic texts.||Try to use ""inhabit"" in a sentence.",“inhabit”常见于学术阅读中。||请尝试用“inhabit”造句。,cet6-core source:ecdict family:inhabited family:inhabits family:inhabiting
inhabitant,in'hæbitәnt,n.,"n. 居民, 居住者\n[医] 居民","The word ""inhabitant"" appears in many academic texts.||Try to use ""inhabitant"" in a sentence.",“inhabitant”常见于学术阅读中。||请尝试用“inhabitant”造句。,cet6-core source:ecdict family:inhabitants
inherent,in'hiәrәnt,adj.,"a. 固有的, 与生俱来的\n[医] 固有的, 生来的","The word ""inherent"" appears in many academic texts.||Try to use ""inherent"" in a sentence.",“inherent”常见于学术阅读中。||请尝试用“inherent”造句。,cet6-core source:ecdict
inherit,in'herit,vt.,"vt. 继承, 遗传\nvi. 接受遗产","The word ""inherit"" appears in many academic texts.||Try to use ""inherit"" in a sentence.",“inherit”常见于学术阅读中。||请尝试用“inherit”造句。,cet6-core source:ecdict family:inherited family:inheriting family:inherits
inhibit,in'hibit,vt.,"vt. 禁止, 抑制\nvi. 起抑制作用","The word ""inhibit"" appears in many academic texts.||Try to use ""inhibit"" in a sentence.",“inhibit”常见于学术阅读中。||请尝试用“inhibit”造句。,cet6-core source:ecdict family:inhibited family:inhibits family:inhibiting
initial,i'niʃәl,n.,"n. 字首, 首字母\na. 开始的, 最初的, 字首的\nvt. 用姓名的首字母签名","The word ""initial"" appears in many academic texts.||Try to use ""initial"" in a sentence.",“initial”常见于学术阅读中。||请尝试用“initial”造句。,cet6-core source:ecdict family:initials family:initialled family:initialling
initiate,i'niʃieit,n.,"n. 入会, 开始\na. 新加入的\nvt. 开始, 传授基本知识给","The word ""initiate"" appears in many academic texts.||Try to use ""initiate"" in a sentence.",“initiate”常见于学术阅读中。||请尝试用“initiate”造句。,cet6-core source:ecdict family:initiated family:initiating family:initiates
initiative,i'niʃiәtiv,n.,"n. 主动行动, 首创精神, 主动权\na. 自发的, 起始的","The word ""initiative"" appears in many academic texts.||Try to use ""initiative"" in a sentence.",“initiative”常见于学术阅读中。||请尝试用“initiative”造句。,cet6-core source:ecdict family:initiatives
inject,in'dʒekt,vt.,"vt. 注射, 注入, 使入轨\n[医] 注射","The word ""inject"" appears in many academic texts.||Try to use ""inject"" in a sentence.",“inject”常见于学术阅读中。||请尝试用“inject”造句。,cet6-core source:ecdict family:injected family:injecting family:injects
inland,'inlәnd,adj.,"a. 内陆的, 国内的\nn. 内地","The word ""inland"" appears in many academic texts.||Try to use ""inland"" in a sentence.",“inland”常见于学术阅读中。||请尝试用“inland”造句。,cet6-core source:ecdict
inlet,'inlet,n.,"n. 进口, 插入物\n[化] 入口; 进口; 投料口; 供料口","The word ""inlet"" appears in many academic texts.||Try to use ""inlet"" in a sentence.",“inlet”常见于学术阅读中。||请尝试用“inlet”造句。,cet6-core source:ecdict family:inlets
innovation,.inәu'veiʃәn,n.,"n. 改革, 创新\n[法] 创新, 改革, 刷新","The word ""innovation"" appears in many academic texts.||Try to use ""innovation"" in a sentence.",“innovation”常见于学术阅读中。||请尝试用“innovation”造句。,cet6-core source:ecdict family:innovations
innumerable,i'nju:mәrәbl,adj.,"a. 无数的, 数不清的","The word ""innumerable"" appears in many academic texts.||Try to use ""innumerable"" in a sentence.",“innumerable”常见于学术阅读中。||请尝试用“innumerable”造句。,cet6-core source:ecdict
input,'input,n.,"n. 输入, 输入电路\nvt. 输入\n[计] 输入","The word ""input"" appears in many academic texts.||Try to use ""input"" in a sentence.",“input”常见于学术阅读中。||请尝试用“input”造句。,cet6-core source:ecdict family:inputs family:d family:inputting
insane,in'sein,adj.,"a. 患精神病的, 极愚蠢的\n[医] 神经错乱的","The word ""insane"" appears in many academic texts.||Try to use ""insane"" in a sentence.",“insane”常见于学术阅读中。||请尝试用“insane”造句。,cet6-core source:ecdict
insect,'insekt,n.,"n. 昆虫, 卑鄙的人\n[医] 昆虫","The word ""insect"" appears in many academic texts.||Try to use ""insect"" in a sentence.",“insect”常见于学术阅读中。||请尝试用“insect”造句。,cet6-core source:ecdict family:insects
insert,in'sә:t,n.,"n. 插入物\nvt. 插入, 把(人造卫星)射入(轨道), 添写\nvi. 附着\n[计] 插入","The word ""insert"" appears in many academic texts.||Try to use ""insert"" in a sentence.",“insert”常见于学术阅读中。||请尝试用“insert”造句。,cet6-core source:ecdict family:inserted family:inserting family:inserts
insight,'insait,n.,"n. 察看, 洞察力, 见识\n[医] 自知力, 洞察, 顿悟","The word ""insight"" appears in many academic texts.||Try to use ""insight"" in a sentence.",“insight”常见于学术阅读中。||请尝试用“insight”造句。,cet6-core source:ecdict family:insights
insist,in'sist,v.,"v. 坚持, 坚决主张, 强调","The word ""insist"" appears in many academic texts.||Try to use ""insist"" in a sentence.",“insist”常见于学术阅读中。||请尝试用“insist”造句。,cet6-core source:ecdict family:insisted family:insists family:insisting
inspiration,.inspә'reiʃәn,n.,"n. 灵感, 鼓舞人心的人或物, 妙计, 吸气\n[医] 吸[气]","The word ""inspiration"" appears in many academic texts.||Try to use ""inspiration"" in a sentence.",“inspiration”常见于学术阅读中。||请尝试用“inspiration”造句。,cet6-core source:ecdict family:inspirations
inspire,in'spaiә,vt.,"vt. 使感动, 激发, 启示, 吸入, 鼓舞, 产生, 使生灵感\nvi. 吸入, 赋予灵感","The word ""inspire"" appears in many academic texts.||Try to use ""inspire"" in a sentence.",“inspire”常见于学术阅读中。||请尝试用“inspire”造句。,cet6-core source:ecdict family:inspired family:inspires family:inspiring
install,in'stɒ:l,vt.,"vt. 安装, 安置, 使就职\n[计] 安装, 安装程序; DOS内部命令:安装常驻程序","The word ""install"" appears in many academic texts.||Try to use ""install"" in a sentence.",“install”常见于学术阅读中。||请尝试用“install”造句。,cet6-core source:ecdict family:installed family:installing family:installs
installment,in'stɒ:lmәnt,n.,"n. 就职, 装设, 分期付款\n[经] 分期付款","The word ""installment"" appears in many academic texts.||Try to use ""installment"" in a sentence.",“installment”常见于学术阅读中。||请尝试用“installment”造句。,cet6-core source:ecdict family:installments
instance,'instәns,n.,"n. 建议, 情况, 例子, 场合\nvt. 引以为例, 举例说明","The word ""instance"" appears in many academic texts.||Try to use ""instance"" in a sentence.",“instance”常见于学术阅读中。||请尝试用“instance”造句。,cet6-core source:ecdict family:instances family:instanced family:instancing
instantaneous,.instәn'teinjәs,adj.,"a. 即时的, 瞬间的, 猝发的\n[机] 瞬时的","The word ""instantaneous"" appears in many academic texts.||Try to use ""instantaneous"" in a sentence.",“instantaneous”常见于学术阅读中。||请尝试用“instantaneous”造句。,cet6-core source:ecdict
instinct,'instiŋkt,n.,"n. 本能, 直觉\na. 充满着的","The word ""instinct"" appears in many academic texts.||Try to use ""instinct"" in a sentence.",“instinct”常见于学术阅读中。||请尝试用“instinct”造句。,cet6-core source:ecdict family:instincts
institute,'institju:t,n.,"n. 学会, 学院, 协会\nvt. 创立, 开始, 制定, 任命","The word ""institute"" appears in many academic texts.||Try to use ""institute"" in a sentence.",“institute”常见于学术阅读中。||请尝试用“institute”造句。,cet6-core source:ecdict family:institutes family:instituted family:instituting
institution,.insti'tju:ʃәn,n.,"n. 机构, 惯例, 制度\n[医] 机关, 机构, 设施","The word ""institution"" appears in many academic texts.||Try to use ""institution"" in a sentence.",“institution”常见于学术阅读中。||请尝试用“institution”造句。,cet6-core source:ecdict family:institutions
instruct,in'strʌkt,vt.,"vt. 教, 教育, 命令, 通知\n[法] 托办, 指导, 指示","The word ""instruct"" appears in many academic texts.||Try to use ""instruct"" in a sentence.",“instruct”常见于学术阅读中。||请尝试用“instruct”造句。,cet6-core source:ecdict family:instructed family:instructing family:instructs
instrument,'instrumәnt,n.,"n. 工具, 手段, 仪器\n[化] 仪器","The word ""instrument"" appears in many academic texts.||Try to use ""instrument"" in a sentence.",“instrument”常见于学术阅读中。||请尝试用“instrument”造句。,cet6-core source:ecdict family:instruments
instrumental,.instru'mentәl,adj.,"a. 仪器的, 器具的, 可作为手段的\n[医] 器械的","The word ""instrumental"" appears in many academic texts.||Try to use ""instrumental"" in a sentence.",“instrumental”常见于学术阅读中。||请尝试用“instrumental”造句。,cet6-core source:ecdict family:instrumentals
insulate,'insjuleit,vt.,"vt. 使绝缘, 隔离\n[医] 绝缘","The word ""insulate"" appears in many academic texts.||Try to use ""insulate"" in a sentence.",“insulate”常见于学术阅读中。||请尝试用“insulate”造句。,cet6-core source:ecdict family:insulated family:insulating family:insulates
insurance,in'ʃurәns,n.,"n. 保险, 保险业, 保险费\n[医] 保险","The word ""insurance"" appears in many academic texts.||Try to use ""insurance"" in a sentence.",“insurance”常见于学术阅读中。||请尝试用“insurance”造句。,cet6-core source:ecdict family:insurances
intact,in'tækt,adj.,"a. 尚未被人碰过的, 原封不动的, 完整的\n[医] 完整的, 无伤的","The word ""intact"" appears in many academic texts.||Try to use ""intact"" in a sentence.",“intact”常见于学术阅读中。||请尝试用“intact”造句。,cet6-core source:ecdict
integral,'intigrәl,n.,"n. 整体, 积分, 整数\na. 固有的, 整体的, 整数的, 积分的\n[计] 积分","The word ""integral"" appears in many academic texts.||Try to use ""integral"" in a sentence.",“integral”常见于学术阅读中。||请尝试用“integral”造句。,cet6-core source:ecdict family:integrals
integrity,in'tegriti,n.,"n. 正直, 廉正, 完整\n[计] 完整性","The word ""integrity"" appears in many academic texts.||Try to use ""integrity"" in a sentence.",“integrity”常见于学术阅读中。||请尝试用“integrity”造句。,cet6-core source:ecdict
intellect,'intәlekt,n.,"n. 智力, 出众的才华, 知识分子\n[医] 智力, 才智","The word ""intellect"" appears in many academic texts.||Try to use ""intellect"" in a sentence.",“intellect”常见于学术阅读中。||请尝试用“intellect”造句。,cet6-core source:ecdict family:intellects
intellectual,.intә'lektʃuәl,n.,"n. 有知识者, 知识分子, 凭理智做事者\na. 智力的, 用脑力的, 聪明的","The word ""intellectual"" appears in many academic texts.||Try to use ""intellectual"" in a sentence.",“intellectual”常见于学术阅读中。||请尝试用“intellectual”造句。,cet6-core source:ecdict family:intellectuals
intelligent,in'telidʒәnt,adj.,"a. 聪明的, 智能的, 了解的","The word ""intelligent"" appears in many academic texts.||Try to use ""intelligent"" in a sentence.",“intelligent”常见于学术阅读中。||请尝试用“intelligent”造句。,cet6-core source:ecdict
intelligible,in'telidʒәbl,adj.,"a. 可理解的, 易理解的, 纯概念性的","The word ""intelligible"" appears in many academic texts.||Try to use ""intelligible"" in a sentence.",“intelligible”常见于学术阅读中。||请尝试用“intelligible”造句。,cet6-core source:ecdict
intense,in'tens,adj.,"a. 非常的, 强烈的, 紧张的, 热情的\n[医] 强的","The word ""intense"" appears in many academic texts.||Try to use ""intense"" in a sentence.",“intense”常见于学术阅读中。||请尝试用“intense”造句。,cet6-core source:ecdict
intensify,in'tensifai,vt.,vt. 加强\nvi. 强化,"The word ""intensify"" appears in many academic texts.||Try to use ""intensify"" in a sentence.",“intensify”常见于学术阅读中。||请尝试用“intensify”造句。,cet6-core source:ecdict family:intensified family:intensifying family:intensifies
intensive,in'tensiv,adj.,"a. 加强的, 内涵的, 集中的\nn. 加强器","The word ""intensive"" appears in many academic texts.||Try to use ""intensive"" in a sentence.",“intensive”常见于学术阅读中。||请尝试用“intensive”造句。,cet6-core source:ecdict
intent,in'tent,n.,"n. 意图, 含义, 故意\na. 专心的, 决心的, 热心的","The word ""intent"" appears in many academic texts.||Try to use ""intent"" in a sentence.",“intent”常见于学术阅读中。||请尝试用“intent”造句。,cet6-core source:ecdict family:intents
interact,.intәr'ækt,vi.,"vi. 互相影响, 交互作用\nn. 幕间剧, 幕间休息","The word ""interact"" appears in many academic texts.||Try to use ""interact"" in a sentence.",“interact”常见于学术阅读中。||请尝试用“interact”造句。,cet6-core source:ecdict family:interacts family:interacting family:interacted
interaction,.intәr'ækʃәn,n.,"n. 交互作用, 交感\n[计] 交互作用","The word ""interaction"" appears in many academic texts.||Try to use ""interaction"" in a sentence.",“interaction”常见于学术阅读中。||请尝试用“interaction”造句。,cet6-core source:ecdict family:interactions
intercourse,'intәkɒ:s,n.,"n. 交往, 交流\n[医] 交际, 往来","The word ""intercourse"" appears in many academic texts.||Try to use ""intercourse"" in a sentence.",“intercourse”常见于学术阅读中。||请尝试用“intercourse”造句。,cet6-core source:ecdict
interfere,.intә'fiә,vi.,"vi. 妨碍, 冲突, 干涉, 抵触\n[医] 干扰, 干涉, 阻碍, 碰腿(马)","The word ""interfere"" appears in many academic texts.||Try to use ""interfere"" in a sentence.",“interfere”常见于学术阅读中。||请尝试用“interfere”造句。,cet6-core source:ecdict family:interfering family:interfered family:interferes
interim,'intәrim,adj.,"a. 暂时的, 临时的, 间歇的\nn. 过渡时期","The word ""interim"" appears in many academic texts.||Try to use ""interim"" in a sentence.",“interim”常见于学术阅读中。||请尝试用“interim”造句。,cet6-core source:ecdict family:interims
intermittent,.intә'mitәnt,adj.,"a. 间歇的, 断断续续的\n[化] 间歇的; 间断的","The word ""intermittent"" appears in many academic texts.||Try to use ""intermittent"" in a sentence.",“intermittent”常见于学术阅读中。||请尝试用“intermittent”造句。,cet6-core source:ecdict
internal,in'tә:nәl,adj.,"a. 内在的, 国内的\n[医] 内的, 内部的","The word ""internal"" appears in many academic texts.||Try to use ""internal"" in a sentence.",“internal”常见于学术阅读中。||请尝试用“internal”造句。,cet6-core source:ecdict family:internals
interpret,in'tә:prit,vt.,"vt. 解释, 演出, 翻译, 理解\nvi. 翻译, 解释","The word ""interpret"" appears in many academic texts.||Try to use ""interpret"" in a sentence.",“interpret”常见于学术阅读中。||请尝试用“interpret”造句。,cet6-core source:ecdict family:interpreted family:interpreting family:interprets
interrupt,.intә'rʌpt,vt.,"vt. 中断, 妨碍, 插嘴\nvi. 打断\nn. 中断\n[计] 中断","The word ""interrupt"" appears in many academic texts.||Try to use ""interrupt"" in a sentence.",“interrupt”常见于学术阅读中。||请尝试用“interrupt”造句。,cet6-core source:ecdict family:interrupted family:interrupting family:interrupts
intersection,.intә'sekʃәn,n.,"n. 交集, 十字路口, 交叉点\n[计] 逻辑乘; 与","The word ""intersection"" appears in many academic texts.||Try to use ""intersection"" in a sentence.",“intersection”常见于学术阅读中。||请尝试用“intersection”造句。,cet6-core source:ecdict family:intersections family:intersectioning
intervene,.intә'vi:n,vi.,"vi. 插入, 调停, 干涉\n[经] 进场干预","The word ""intervene"" appears in many academic texts.||Try to use ""intervene"" in a sentence.",“intervene”常见于学术阅读中。||请尝试用“intervene”造句。,cet6-core source:ecdict family:intervened family:intervenes family:intervening
intimate,'intimәt,adj.,"a. 亲密的, 私人的, 秘密的\nvt. 暗示, 通知, 告诉\nn. 至交","The word ""intimate"" appears in many academic texts.||Try to use ""intimate"" in a sentence.",“intimate”常见于学术阅读中。||请尝试用“intimate”造句。,cet6-core source:ecdict family:intimated family:intimates family:intimating
intimidate,in'timideit,vt.,"vt. 威胁, 恐吓\n[法] 恐吓, 威胁, 使恐惧","The word ""intimidate"" appears in many academic texts.||Try to use ""intimidate"" in a sentence.",“intimidate”常见于学术阅读中。||请尝试用“intimidate”造句。,cet6-core source:ecdict family:intimidated family:intimidates family:intimidating
intricate,'intrikit,adj.,"a. 复杂的, 错综的, 缠结的, 难懂的","The word ""intricate"" appears in many academic texts.||Try to use ""intricate"" in a sentence.",“intricate”常见于学术阅读中。||请尝试用“intricate”造句。,cet6-core source:ecdict family:intricating
intrigue,in'tri:g,n.,"n. 阴谋, 复杂的事\nvi. 密谋, 私通\nvt. 激起...的兴趣, 用诡计取得","The word ""intrigue"" appears in many academic texts.||Try to use ""intrigue"" in a sentence.",“intrigue”常见于学术阅读中。||请尝试用“intrigue”造句。,cet6-core source:ecdict family:intrigues family:intrigued family:intriguing
intrinsic,in'trinsik,adj.,"a. 本质的, 原有的, 真正的\n[医] 内部的, 内在的","The word ""intrinsic"" appears in many academic texts.||Try to use ""intrinsic"" in a sentence.",“intrinsic”常见于学术阅读中。||请尝试用“intrinsic”造句。,cet6-core source:ecdict family:intrinsics
intuition,.intju:'iʃәn,n.,"n. 直觉, 直觉的知识","The word ""intuition"" appears in many academic texts.||Try to use ""intuition"" in a sentence.",“intuition”常见于学术阅读中。||请尝试用“intuition”造句。,cet6-core source:ecdict family:intuitions
invalid,in'vælid,n.,"n. 病人, 残废者\na. 有病的, 无效的","The word ""invalid"" appears in many academic texts.||Try to use ""invalid"" in a sentence.",“invalid”常见于学术阅读中。||请尝试用“invalid”造句。,cet6-core source:ecdict family:invalids family:invaliding family:invalided
invaluable,in'væljuәbl,adj.,"a. 无价的, 价值无法衡量的","The word ""invaluable"" appears in many academic texts.||Try to use ""invaluable"" in a sentence.",“invaluable”常见于学术阅读中。||请尝试用“invaluable”造句。,cet6-core source:ecdict
invariably,in'vєәriәbli,adv.,"adv. 不变化地, 恒定地, 始终如一地","The word ""invariably"" appears in many academic texts.||Try to use ""invariably"" in a sentence.",“invariably”常见于学术阅读中。||请尝试用“invariably”造句。,cet6-core source:ecdict
inventory,'invәntәri,n.,"n. 详细目录, 存货清单\nvt. 列入详细目录, 清点存货\n[计] 存货清单","The word ""inventory"" appears in many academic texts.||Try to use ""inventory"" in a sentence.",“inventory”常见于学术阅读中。||请尝试用“inventory”造句。,cet6-core source:ecdict family:inventories family:inventoried family:inventorying
invert,in'vә:t,adj.,"a. 转化的\nvt. 使反转, 使颠倒, 使转化\nn. 颠倒的事物\n[计] 倒置; 反转","The word ""invert"" appears in many academic texts.||Try to use ""invert"" in a sentence.",“invert”常见于学术阅读中。||请尝试用“invert”造句。,cet6-core source:ecdict family:inverting family:inverts family:inverted
invest,in'vest,vt.,"vt. 投资, 花费, 笼罩, 授予\nvi. 投资, 利用","The word ""invest"" appears in many academic texts.||Try to use ""invest"" in a sentence.",“invest”常见于学术阅读中。||请尝试用“invest”造句。,cet6-core source:ecdict family:invested family:investing family:invests
investigate,in'vestigeit,v.,"v. 调查, 审查","The word ""investigate"" appears in many academic texts.||Try to use ""investigate"" in a sentence.",“investigate”常见于学术阅读中。||请尝试用“investigate”造句。,cet6-core source:ecdict family:investigated family:investigating family:investigates
invisible,in'vizәbl,adj.,"a. 看不见的, 无形的\n[经] 无形的, 表面上看不见的, 未列在公开帐目的","The word ""invisible"" appears in many academic texts.||Try to use ""invisible"" in a sentence.",“invisible”常见于学术阅读中。||请尝试用“invisible”造句。,cet6-core source:ecdict family:invisibles
involve,in'vɒlv,vt.,"vt. 包括, 使陷于, 潜心于, 包围\n[医] 累及, 牵涉, 包含","The word ""involve"" appears in many academic texts.||Try to use ""involve"" in a sentence.",“involve”常见于学术阅读中。||请尝试用“involve”造句。,cet6-core source:ecdict family:involved family:involving family:involves
irony,'aiәrәni,n.,"n. 反语, 讽刺, 具有讽刺意味的事","The word ""irony"" appears in many academic texts.||Try to use ""irony"" in a sentence.",“irony”常见于学术阅读中。||请尝试用“irony”造句。,cet6-core source:ecdict family:ironies
irrespective,.iri'spektiv,adj.,"a. 不顾的, 无关的, 没关系的","The word ""irrespective"" appears in many academic texts.||Try to use ""irrespective"" in a sentence.",“irrespective”常见于学术阅读中。||请尝试用“irrespective”造句。,cet6-core source:ecdict
irrigation,.iri'geiʃәn,n.,"n. 灌溉, 冲洗\n[医] 冲洗法, 灌溉","The word ""irrigation"" appears in many academic texts.||Try to use ""irrigation"" in a sentence.",“irrigation”常见于学术阅读中。||请尝试用“irrigation”造句。,cet6-core source:ecdict family:irrigations
irritate,'iriteit,vt.,"vt. 激怒, 使发怒, 使兴奋, 使发炎\nvi. 引起不快","The word ""irritate"" appears in many academic texts.||Try to use ""irritate"" in a sentence.",“irritate”常见于学术阅读中。||请尝试用“irritate”造句。,cet6-core source:ecdict family:irritated family:irritates family:irritating
isle,ail,n.,"n. 小岛, 群岛\nvt. 使成为岛状\nvi. 住在岛屿上","The word ""isle"" appears in many academic texts.||Try to use ""isle"" in a sentence.",“isle”常见于学术阅读中。||请尝试用“isle”造句。,cet6-core source:ecdict family:isles
isolate,'aisәleit,vt.,"vt. 使隔离, 使孤立, 使绝缘\nn. 隔离种群","The word ""isolate"" appears in many academic texts.||Try to use ""isolate"" in a sentence.",“isolate”常见于学术阅读中。||请尝试用“isolate”造句。,cet6-core source:ecdict family:isolated family:isolates family:isolating
issue,'isju,n.,"n. 发行, 问题, 后果, 流出, 出口, 争端\nvi. 发行, 流出, 造成...结果, 传下\nvt. 使流出, 放出, 发行, 发布, 发给","The word ""issue"" appears in many academic texts.||Try to use ""issue"" in a sentence.",“issue”常见于学术阅读中。||请尝试用“issue”造句。,cet6-core source:ecdict family:issues family:issued family:issuing
item,'aitәm,n.,"n. 项目, 条款, 一则, 项\n[计] 项","The word ""item"" appears in many academic texts.||Try to use ""item"" in a sentence.",“item”常见于学术阅读中。||请尝试用“item”造句。,cet6-core source:ecdict family:items
ivory,'aivәri,n.,"n. 象牙, 乳白色\na. 象牙制的, 乳白色的","The word ""ivory"" appears in many academic texts.||Try to use ""ivory"" in a sentence.",“ivory”常见于学术阅读中。||请尝试用“ivory”造句。,cet6-core source:ecdict family:ivories
jeopardize,'dʒepәdaiz,vt.,"vt. 危害, 使受危困, 使陷危地","The word ""jeopardize"" appears in many academic texts.||Try to use ""jeopardize"" in a sentence.",“jeopardize”常见于学术阅读中。||请尝试用“jeopardize”造句。,cet6-core source:ecdict family:jeopardized family:jeopardizing family:jeopardizes
jerk,dʒә:k,n.,"n. 性情古怪的人, 急拉, 肌肉抽搐, 牛肉干\nvi. 痉挛, 急拉, 急推\nvt. 猛拉","The word ""jerk"" appears in many academic texts.||Try to use ""jerk"" in a sentence.",“jerk”常见于学术阅读中。||请尝试用“jerk”造句。,cet6-core source:ecdict family:jerked family:jerking family:jerks
jog,dʒɒg,n.,"n. 轻推, 轻撞, 慢跑\nv. 轻推, (使)蹒跚行进, (使)慢跑","The word ""jog"" appears in many academic texts.||Try to use ""jog"" in a sentence.",“jog”常见于学术阅读中。||请尝试用“jog”造句。,cet6-core source:ecdict family:jogged family:jogging family:jogs
junction,'dʒʌŋkʃәn,n.,"n. 连接, 会合处, 交叉点\n[医] 接[合]处, 接点.[接]界","The word ""junction"" appears in many academic texts.||Try to use ""junction"" in a sentence.",“junction”常见于学术阅读中。||请尝试用“junction”造句。,cet6-core source:ecdict family:junctions
junk,dʒʌŋk,n.,"n. 垃圾, 乌七八糟的东西, 舢板\n[计] 清除","The word ""junk"" appears in many academic texts.||Try to use ""junk"" in a sentence.",“junk”常见于学术阅读中。||请尝试用“junk”造句。,cet6-core source:ecdict family:junks family:junking family:junked family:junker
jury,'dʒuәri,n.,"n. 陪审团, 评判委员会\na. 应急的","The word ""jury"" appears in many academic texts.||Try to use ""jury"" in a sentence.",“jury”常见于学术阅读中。||请尝试用“jury”造句。,cet6-core source:ecdict family:juries
keen,ki:n,adj.,"a. 锋利的, 敏锐的, 强烈的, 敏捷的, 热心的, 渴望的\nn. 挽歌, 痛哭\nv. 唱挽歌, 痛哭","The word ""keen"" appears in many academic texts.||Try to use ""keen"" in a sentence.",“keen”常见于学术阅读中。||请尝试用“keen”造句。,cet6-core source:ecdict family:keener family:keenest family:keening family:keened family:keens
kidnap,'kidnæp,vt.,"vt. 绑架, 诱拐, 拐骗\n[法] 拐带, 诱拐, 绑架","The word ""kidnap"" appears in many academic texts.||Try to use ""kidnap"" in a sentence.",“kidnap”常见于学术阅读中。||请尝试用“kidnap”造句。,cet6-core source:ecdict family:kidnapped family:kidnapping family:kidnaps
kidney,'kidni,n.,"n. 肾, 个性\n[医] 肾","The word ""kidney"" appears in many academic texts.||Try to use ""kidney"" in a sentence.",“kidney”常见于学术阅读中。||请尝试用“kidney”造句。,cet6-core source:ecdict family:kidneys
kit,kit,n.,"n. 装备, 工具箱, 成套工具\n[计] 成套部件; 成套零件","The word ""kit"" appears in many academic texts.||Try to use ""kit"" in a sentence.",“kit”常见于学术阅读中。||请尝试用“kit”造句。,cet6-core source:ecdict family:kits family:kitted family:kitting
knit,nit,v.,"v. 编织, 结合","The word ""knit"" appears in many academic texts.||Try to use ""knit"" in a sentence.",“knit”常见于学术阅读中。||请尝试用“knit”造句。,cet6-core source:ecdict family:knitting family:knitted family:pd family:knits
knob,nɒb,n.,"n. 把手, 瘤, 旋钮, 球形突出物\nvt. 使有球形突出物\nvi. 鼓起","The word ""knob"" appears in many academic texts.||Try to use ""knob"" in a sentence.",“knob”常见于学术阅读中。||请尝试用“knob”造句。,cet6-core source:ecdict family:knobs family:knobbed family:knobbing
label,'leibl,n.,"n. 标签, 称号, 商标, 标志\nvt. 贴标签于, 标注\n[计] 标志; 标注; DOS外部命令:用于建立改变或删除磁盘卷标号","The word ""label"" appears in many academic texts.||Try to use ""label"" in a sentence.",“label”常见于学术阅读中。||请尝试用“label”造句。,cet6-core source:ecdict family:labels family:labelled family:labelling
lace,leis,n.,"n. 饰带, 花边, 缎带, 鞋带\nvt. 结带子, 饰以花边\nvi. 系带子\n[计] 全穿孔","The word ""lace"" appears in many academic texts.||Try to use ""lace"" in a sentence.",“lace”常见于学术阅读中。||请尝试用“lace”造句。,cet6-core source:ecdict family:laces family:laced family:lacing
lame,leim,adj.,"a. 跛足的, 僵痛的, 不完全的, 金属薄板, 不知内情的人\nvi. 变跛\nvt. 使成残废, 使无用","The word ""lame"" appears in many academic texts.||Try to use ""lame"" in a sentence.",“lame”常见于学术阅读中。||请尝试用“lame”造句。,cet6-core source:ecdict family:lames family:lamed family:laming family:lamest family:lamer
lane,lein,n.,"n. 小路, 巷, 弄, 单行道","The word ""lane"" appears in many academic texts.||Try to use ""lane"" in a sentence.",“lane”常见于学术阅读中。||请尝试用“lane”造句。,cet6-core source:ecdict family:lanes
lash,læʃ,n.,"n. 鞭子, 鞭打, 睫毛, 责骂, 讽刺\nvt. 鞭打, 摆动, 扎捆, 冲击, 讽刺, 煽动\nvi. 冲洗, 鞭打, 责骂","The word ""lash"" appears in many academic texts.||Try to use ""lash"" in a sentence.",“lash”常见于学术阅读中。||请尝试用“lash”造句。,cet6-core source:ecdict family:lashes family:lashed family:lashing
latent,'leitnt,adj.,"a. 潜伏性的, 隐藏的\nn. 隐约指纹","The word ""latent"" appears in many academic texts.||Try to use ""latent"" in a sentence.",“latent”常见于学术阅读中。||请尝试用“latent”造句。,cet6-core source:ecdict
latitude,'lætitju:d,n.,"n. 纬度, 范围\n[化] 宽容度; 伟度","The word ""latitude"" appears in many academic texts.||Try to use ""latitude"" in a sentence.",“latitude”常见于学术阅读中。||请尝试用“latitude”造句。,cet6-core source:ecdict family:latitudes
layer,'leiә,n.,"n. 层, 产卵鸡, 放置者\nvt. 分层堆积, 压植\n[计] 层","The word ""layer"" appears in many academic texts.||Try to use ""layer"" in a sentence.",“layer”常见于学术阅读中。||请尝试用“layer”造句。,cet6-core source:ecdict family:layers family:layered family:layering
layman,'leimәn,n.,"n. 俗人, 门外汉, 凡人\n[医] 外行, 业外人","The word ""layman"" appears in many academic texts.||Try to use ""layman"" in a sentence.",“layman”常见于学术阅读中。||请尝试用“layman”造句。,cet6-core source:ecdict family:laymen
leaflet,'li:flit,n.,"n. 小叶, 传单\n[医] 小叶","The word ""leaflet"" appears in many academic texts.||Try to use ""leaflet"" in a sentence.",“leaflet”常见于学术阅读中。||请尝试用“leaflet”造句。,cet6-core source:ecdict family:leaflets
lease,li:s,n.,"n. 租约, 租期, 租\nvt. 出租, 租出, 租得","The word ""lease"" appears in many academic texts.||Try to use ""lease"" in a sentence.",“lease”常见于学术阅读中。||请尝试用“lease”造句。,cet6-core source:ecdict family:leases family:leased family:leasing
leather,'leðә,n.,"n. 皮革, 皮制品, 马镫的皮带\nvt. 覆以皮革, 鞭苔, 抽打\na. 皮革的, 皮制的","The word ""leather"" appears in many academic texts.||Try to use ""leather"" in a sentence.",“leather”常见于学术阅读中。||请尝试用“leather”造句。,cet6-core source:ecdict family:leathers family:leathering family:leathered
legal,'li:gәl,adj.,"a. 法律的, 法定的, 合法的\n[经] 法定权利; 法律(上)的, 合法的","The word ""legal"" appears in many academic texts.||Try to use ""legal"" in a sentence.",“legal”常见于学术阅读中。||请尝试用“legal”造句。,cet6-core source:ecdict
legend,'ledʒәnd,n.,"n. 传说, 传奇文学, 图例\n[计] 图例","The word ""legend"" appears in many academic texts.||Try to use ""legend"" in a sentence.",“legend”常见于学术阅读中。||请尝试用“legend”造句。,cet6-core source:ecdict family:legends
legislation,.ledʒis'leiʃәn,n.,"n. 立法, 法律\n[医] 立法, 法规","The word ""legislation"" appears in many academic texts.||Try to use ""legislation"" in a sentence.",“legislation”常见于学术阅读中。||请尝试用“legislation”造句。,cet6-core source:ecdict family:legislations
legitimate,li'dʒitimәt,adj.,"a. 合法的, 正当的, 婚生的\nvt. 认为正当, 立为嫡嗣, 使合法","The word ""legitimate"" appears in many academic texts.||Try to use ""legitimate"" in a sentence.",“legitimate”常见于学术阅读中。||请尝试用“legitimate”造句。,cet6-core source:ecdict family:legitimating family:legitimated family:legitimates
leisure,'li:ʒә,n.,"n. 空闲, 闲暇, 悠闲\na. 空闲的, 有闲的","The word ""leisure"" appears in many academic texts.||Try to use ""leisure"" in a sentence.",“leisure”常见于学术阅读中。||请尝试用“leisure”造句。,cet6-core source:ecdict family:leisured
lens,lenz,n.,"n. 透镜, 镜头, 镜片, 晶状体\nvt. 给...摄影","The word ""lens"" appears in many academic texts.||Try to use ""lens"" in a sentence.",“lens”常见于学术阅读中。||请尝试用“lens”造句。,cet6-core source:ecdict
lever,'levә,n.,"n. 杠杆, 似杠杆之工具\nvt. 撬开\nvi. 使用杠杆","The word ""lever"" appears in many academic texts.||Try to use ""lever"" in a sentence.",“lever”常见于学术阅读中。||请尝试用“lever”造句。,cet6-core source:ecdict family:levers family:levered family:levering
levy,'levi,n.,"n. 税款, 所征的人数, 征收\nvi. 征税, 课税\nvt. 征收, 强求, 召集","The word ""levy"" appears in many academic texts.||Try to use ""levy"" in a sentence.",“levy”常见于学术阅读中。||请尝试用“levy”造句。,cet6-core source:ecdict family:levied family:levies family:levying
liability,laiә'biliti,n.,"n. 责任, 债务, 倾向\n[经] 责任, 义务, 负债","The word ""liability"" appears in many academic texts.||Try to use ""liability"" in a sentence.",“liability”常见于学术阅读中。||请尝试用“liability”造句。,cet6-core source:ecdict family:liabilities
liable,'laiәbl,adj.,"a. 有义务的, 应负责的, 有...倾向的\n[法] 有责任的, 可受处理的, 应受罚的","The word ""liable"" appears in many academic texts.||Try to use ""liable"" in a sentence.",“liable”常见于学术阅读中。||请尝试用“liable”造句。,cet6-core source:ecdict
liberal,'libәrәl,n.,"n. 自由主义者\na. 慷慨的, 不拘泥的, 宽大的, 自由主义的","The word ""liberal"" appears in many academic texts.||Try to use ""liberal"" in a sentence.",“liberal”常见于学术阅读中。||请尝试用“liberal”造句。,cet6-core source:ecdict family:liberals
lieutenant,lef'tenәnt,n.,"n. 中尉, 助理人员, 副官","The word ""lieutenant"" appears in many academic texts.||Try to use ""lieutenant"" in a sentence.",“lieutenant”常见于学术阅读中。||请尝试用“lieutenant”造句。,cet6-core source:ecdict family:lieutenants
likelihood,'laiklihud,n.,"n. 可能, 可能性","The word ""likelihood"" appears in many academic texts.||Try to use ""likelihood"" in a sentence.",“likelihood”常见于学术阅读中。||请尝试用“likelihood”造句。,cet6-core source:ecdict family:likelihoods
limb,lim,n.,"n. 四肢, 枝干, 翼, 边缘\nvt. 切断...之手足","The word ""limb"" appears in many academic texts.||Try to use ""limb"" in a sentence.",“limb”常见于学术阅读中。||请尝试用“limb”造句。,cet6-core source:ecdict family:limbs family:limbed
limp,limp,n.,"n. 跛行\na. 柔软的, 无力的, 软弱的\nvi. 跛行","The word ""limp"" appears in many academic texts.||Try to use ""limp"" in a sentence.",“limp”常见于学术阅读中。||请尝试用“limp”造句。,cet6-core source:ecdict family:limped family:limping family:limps family:limpest
limitation,.limi'teiʃәn,n.,"n. 限制, 缺陷, 限额\n[医] 限界, 限制, 限度","The word ""limitation"" appears in many academic texts.||Try to use ""limitation"" in a sentence.",“limitation”常见于学术阅读中。||请尝试用“limitation”造句。,cet6-core source:ecdict family:limitations
linear,'liniә,adj.,"a. 线的, 直线的, 线状的\n[计] 线性","The word ""linear"" appears in many academic texts.||Try to use ""linear"" in a sentence.",“linear”常见于学术阅读中。||请尝试用“linear”造句。,cet6-core source:ecdict
linen,'linin,n.,"n. 亚麻布, 亚麻线, 亚麻制品\na. 亚麻布制的, 亚麻的","The word ""linen"" appears in many academic texts.||Try to use ""linen"" in a sentence.",“linen”常见于学术阅读中。||请尝试用“linen”造句。,cet6-core source:ecdict family:linens
liner,'lainә,n.,"n. 班机, 划线者, 定期船, 衬里\n[化] 衬垫; 垫带; 套管","The word ""liner"" appears in many academic texts.||Try to use ""liner"" in a sentence.",“liner”常见于学术阅读中。||请尝试用“liner”造句。,cet6-core source:ecdict family:liners
linger,'liŋgә,vi.,"vi. 逗留, 消磨, 徘徊\nvt. 消磨","The word ""linger"" appears in many academic texts.||Try to use ""linger"" in a sentence.",“linger”常见于学术阅读中。||请尝试用“linger”造句。,cet6-core source:ecdict family:lingered family:lingers family:lingering
literacy,'litәrәsi,n.,"n. 读写能力, 识字, 精通文学","The word ""literacy"" appears in many academic texts.||Try to use ""literacy"" in a sentence.",“literacy”常见于学术阅读中。||请尝试用“literacy”造句。,cet6-core source:ecdict family:literacies
literal,'litәrәl,adj.,"a. 逐字的, 字面上的, 文字的, 字母的\nn. 印刷错误\n[计] 文字; 直接量; 字面量; 句节","The word ""literal"" appears in many academic texts.||Try to use ""literal"" in a sentence.",“literal”常见于学术阅读中。||请尝试用“literal”造句。,cet6-core source:ecdict family:literals
literary,'litәrәri,adj.,"a. 文学的, 文艺的, 精通文学的\n[法] 文学的, 从事文学的, 从事写作的","The word ""literary"" appears in many academic texts.||Try to use ""literary"" in a sentence.",“literary”常见于学术阅读中。||请尝试用“literary”造句。,cet6-core source:ecdict
literature,'litәrәtʃә,n.,"n. 文学, 文艺, 著作\n[经] 广告, 商品介绍等文学","The word ""literature"" appears in many academic texts.||Try to use ""literature"" in a sentence.",“literature”常见于学术阅读中。||请尝试用“literature”造句。,cet6-core source:ecdict family:literatures
litter,'litә,n.,"n. 垃圾, 杂乱, 轿, 担架\nvt. 乱丢, 铺草, 弄乱\nvi. 产仔, 乱丢垃圾","The word ""litter"" appears in many academic texts.||Try to use ""litter"" in a sentence.",“litter”常见于学术阅读中。||请尝试用“litter”造句。,cet6-core source:ecdict family:littered family:litters family:littering
locality,lәu'kæliti,n.,"n. 地方, 所在, 位置\n[法] 位置, 场所, 地区","The word ""locality"" appears in many academic texts.||Try to use ""locality"" in a sentence.",“locality”常见于学术阅读中。||请尝试用“locality”造句。,cet6-core source:ecdict family:localities
locomotive,.lәukә'mәutiv,n.,"n. 火车头, 机车\na. 运转的, 火车头的, 移动的","The word ""locomotive"" appears in many academic texts.||Try to use ""locomotive"" in a sentence.",“locomotive”常见于学术阅读中。||请尝试用“locomotive”造句。,cet6-core source:ecdict family:locomotives
lofty,'lɒfti,adj.,"a. 高的, 傲慢的, 崇高的, 高级的, 玄虚的","The word ""lofty"" appears in many academic texts.||Try to use ""lofty"" in a sentence.",“lofty”常见于学术阅读中。||请尝试用“lofty”造句。,cet6-core source:ecdict family:loftier family:loftiest
logical,'lɒdʒikәl,adj.,"a. 合乎逻辑的, 合理的\n[法] 逻辑的, 符合逻辑的","The word ""logical"" appears in many academic texts.||Try to use ""logical"" in a sentence.",“logical”常见于学术阅读中。||请尝试用“logical”造句。,cet6-core source:ecdict family:logicals
longevity,lɒn'dʒeviti,n.,"n. 长命, 长寿, 寿命\n[医] 长寿","The word ""longevity"" appears in many academic texts.||Try to use ""longevity"" in a sentence.",“longevity”常见于学术阅读中。||请尝试用“longevity”造句。,cet6-core source:ecdict
loom,lu:m,n.,"n. 织布机, 若隐若现的景象\nvi. 朦胧地出现, 隐约可见, 可怕地出现","The word ""loom"" appears in many academic texts.||Try to use ""loom"" in a sentence.",“loom”常见于学术阅读中。||请尝试用“loom”造句。,cet6-core source:ecdict family:loomed family:looms family:looming
lounge,laundʒ,n.,"n. 闲逛, 休闲室, 长沙发\nvi. 闲混, (懒洋洋地)躺\nvt. 闲混","The word ""lounge"" appears in many academic texts.||Try to use ""lounge"" in a sentence.",“lounge”常见于学术阅读中。||请尝试用“lounge”造句。,cet6-core source:ecdict family:lounges family:lounging family:lounged
loyal,'lɒiәl,adj.,"a. 忠诚的, 忠实的, 忠贞的","The word ""loyal"" appears in many academic texts.||Try to use ""loyal"" in a sentence.",“loyal”常见于学术阅读中。||请尝试用“loyal”造句。,cet6-core source:ecdict
loyalty,'lɒiәlti,n.,"n. 忠贞, 忠诚, 忠实\n[法] 忠诚, 忠心","The word ""loyalty"" appears in many academic texts.||Try to use ""loyalty"" in a sentence.",“loyalty”常见于学术阅读中。||请尝试用“loyalty”造句。,cet6-core source:ecdict family:loyalties
lubricate,'lu:brikeit,vt.,"vt. 使润滑, 涂油\nvi. 润滑","The word ""lubricate"" appears in many academic texts.||Try to use ""lubricate"" in a sentence.",“lubricate”常见于学术阅读中。||请尝试用“lubricate”造句。,cet6-core source:ecdict family:lubricated family:lubricating family:lubricates
luggage,'lʌgidʒ,n.,"n. 行李, 皮箱","The word ""luggage"" appears in many academic texts.||Try to use ""luggage"" in a sentence.",“luggage”常见于学术阅读中。||请尝试用“luggage”造句。,cet6-core source:ecdict family:luggaged
luminous,'lu:minәs,adj.,"a. 发光的, 明亮的\n[医] 发光的","The word ""luminous"" appears in many academic texts.||Try to use ""luminous"" in a sentence.",“luminous”常见于学术阅读中。||请尝试用“luminous”造句。,cet6-core source:ecdict
lunar,'lu:nә,adj.,"a. 阴历的, 月的, 微亮的(指光)\n[医] 月的, 银的","The word ""lunar"" appears in many academic texts.||Try to use ""lunar"" in a sentence.",“lunar”常见于学术阅读中。||请尝试用“lunar”造句。,cet6-core source:ecdict
lure,luә,n.,"n. 饵, 诱惑\nvt. 引诱, 诱惑","The word ""lure"" appears in many academic texts.||Try to use ""lure"" in a sentence.",“lure”常见于学术阅读中。||请尝试用“lure”造句。,cet6-core source:ecdict family:lured family:luring family:lures
luxury,'lʌkʃәri,n.,"n. 奢侈, 豪华\na. 奢侈的, 豪华的","The word ""luxury"" appears in many academic texts.||Try to use ""luxury"" in a sentence.",“luxury”常见于学术阅读中。||请尝试用“luxury”造句。,cet6-core source:ecdict family:luxuries
machinery,mә'ʃi:nәri,n.,"n. 机器, 机械装置, 机构\n[化] 机械","The word ""machinery"" appears in many academic texts.||Try to use ""machinery"" in a sentence.",“machinery”常见于学术阅读中。||请尝试用“machinery”造句。,cet6-core source:ecdict family:machineries
magistrate,'mædʒistreit,n.,"n. 长官, 法官, 推事\n[法] 司法行政官, 治安法官, 地方法官","The word ""magistrate"" appears in many academic texts.||Try to use ""magistrate"" in a sentence.",“magistrate”常见于学术阅读中。||请尝试用“magistrate”造句。,cet6-core source:ecdict family:magistrates
magnet,'mægnit,n.,"n. 磁铁, 有吸引力之人, 有吸引力之物\n[化] 磁体","The word ""magnet"" appears in many academic texts.||Try to use ""magnet"" in a sentence.",“magnet”常见于学术阅读中。||请尝试用“magnet”造句。,cet6-core source:ecdict family:magnets
magnetic,mæg'netik,adj.,"a. 有磁性的, 有吸引力的, 催眠术的\n[医] 磁[性]的","The word ""magnetic"" appears in many academic texts.||Try to use ""magnetic"" in a sentence.",“magnetic”常见于学术阅读中。||请尝试用“magnetic”造句。,cet6-core source:ecdict family:magnetics
magnificent,mæg'nifisnt,adj.,"a. 华丽的, 高尚的, 宏伟的","The word ""magnificent"" appears in many academic texts.||Try to use ""magnificent"" in a sentence.",“magnificent”常见于学术阅读中。||请尝试用“magnificent”造句。,cet6-core source:ecdict
magnify,'mægnifai,vt.,"vt. 放大, 扩大, 赞美, 夸大\nvi. 有放大能力","The word ""magnify"" appears in many academic texts.||Try to use ""magnify"" in a sentence.",“magnify”常见于学术阅读中。||请尝试用“magnify”造句。,cet6-core source:ecdict family:magnified family:magnifies family:magnifying
magnitude,'mægnitju:d,n.,"n. 巨大, 重大, 重要, 大小, 数量, 星等(指星的亮度)\n[计] 大小; 值","The word ""magnitude"" appears in many academic texts.||Try to use ""magnitude"" in a sentence.",“magnitude”常见于学术阅读中。||请尝试用“magnitude”造句。,cet6-core source:ecdict family:magnitudes
maintain,mein'tein,vt.,"vt. 维持, 维修, 保持, 坚持, 供养, 主张\n[化] 维修","The word ""maintain"" appears in many academic texts.||Try to use ""maintain"" in a sentence.",“maintain”常见于学术阅读中。||请尝试用“maintain”造句。,cet6-core source:ecdict family:maintained family:maintaining family:maintains
majesty,'mædʒәsti,n.,"n. 最高权威, 威严, 王权, 雄伟, 庄严","The word ""majesty"" appears in many academic texts.||Try to use ""majesty"" in a sentence.",“majesty”常见于学术阅读中。||请尝试用“majesty”造句。,cet6-core source:ecdict family:majesties
majority,mә'dʒɒriti,n.,"n. 多数, 大半\n[计] 多数逻辑","The word ""majority"" appears in many academic texts.||Try to use ""majority"" in a sentence.",“majority”常见于学术阅读中。||请尝试用“majority”造句。,cet6-core source:ecdict family:majorities
mall,mɔ:l,n.,n. 林荫路,"The word ""mall"" appears in many academic texts.||Try to use ""mall"" in a sentence.",“mall”常见于学术阅读中。||请尝试用“mall”造句。,cet6-core source:ecdict family:malls family:malling
management,'mænidʒmәnt,n.,"n. 经营, 支配, 管理\n[化] 管理处","The word ""management"" appears in many academic texts.||Try to use ""management"" in a sentence.",“management”常见于学术阅读中。||请尝试用“management”造句。,cet6-core source:ecdict family:managements
maneuver,mә'nu:vә,n.,"n. 演习, 调遣, 策略\nv. 调遣, 演习, 用计","The word ""maneuver"" appears in many academic texts.||Try to use ""maneuver"" in a sentence.",“maneuver”常见于学术阅读中。||请尝试用“maneuver”造句。,cet6-core source:ecdict family:maneuvers family:maneuvered family:maneuvering
manifest,'mænifest,n.,"n. 载货单, 运货单, 旅客名单\na. 显然的, 明白的\nvi. 显示, 出现\nvt. 表明, 表现, 证明","The word ""manifest"" appears in many academic texts.||Try to use ""manifest"" in a sentence.",“manifest”常见于学术阅读中。||请尝试用“manifest”造句。,cet6-core source:ecdict family:manifested family:manifests family:manifesting
manipulate,mә'nipjuleit,vt.,"vt. 操纵, 利用, 操作, 巧妙地处理, 假造","The word ""manipulate"" appears in many academic texts.||Try to use ""manipulate"" in a sentence.",“manipulate”常见于学术阅读中。||请尝试用“manipulate”造句。,cet6-core source:ecdict family:manipulated family:manipulating family:manipulates
mansion,'mænʃәn,n.,"n. 大厦, 宅邸","The word ""mansion"" appears in many academic texts.||Try to use ""mansion"" in a sentence.",“mansion”常见于学术阅读中。||请尝试用“mansion”造句。,cet6-core source:ecdict family:mansions
manual,'mænjuәl,n.,"n. 手册, 指南\na. 手的, 手动的, 手工的, 体力的\n[计] 人工的, 手动的","The word ""manual"" appears in many academic texts.||Try to use ""manual"" in a sentence.",“manual”常见于学术阅读中。||请尝试用“manual”造句。,cet6-core source:ecdict family:manuals
manufacture,.mænju'fæktʃә,n.,"n. 产品, 制造\nvt. 制造, 假造\nvi. 制造","The word ""manufacture"" appears in many academic texts.||Try to use ""manufacture"" in a sentence.",“manufacture”常见于学术阅读中。||请尝试用“manufacture”造句。,cet6-core source:ecdict family:manufactured family:manufactures family:manufacturing
manufacturer,.mænju'fæktʃәrә,n.,"n. 制造业者, 厂商\n[经] 制造人, 制造商, 制造厂","The word ""manufacturer"" appears in many academic texts.||Try to use ""manufacturer"" in a sentence.",“manufacturer”常见于学术阅读中。||请尝试用“manufacturer”造句。,cet6-core source:ecdict family:manufacturers
manuscript,'mænjuskript,n.,"n. 手稿, 原稿, 底稿\na. 手写的","The word ""manuscript"" appears in many academic texts.||Try to use ""manuscript"" in a sentence.",“manuscript”常见于学术阅读中。||请尝试用“manuscript”造句。,cet6-core source:ecdict family:manuscripts
marble,'mɑ:bl,n.,"n. 大理石, 石弹, 雕刻品\na. 大理石的, 冷酷无情的, 有大理石花纹的","The word ""marble"" appears in many academic texts.||Try to use ""marble"" in a sentence.",“marble”常见于学术阅读中。||请尝试用“marble”造句。,cet6-core source:ecdict family:marbles family:marbling family:marbled
margin,'mɑ:dʒin,n.,"n. 页边的空白, 边缘, 界限, 余裕, 差数, 差额, 保证金\nvt. 加边于, 加旁注于\n[计] 页边距","The word ""margin"" appears in many academic texts.||Try to use ""margin"" in a sentence.",“margin”常见于学术阅读中。||请尝试用“margin”造句。,cet6-core source:ecdict family:margins
marginal,'mɑ:dʒinәl,adj.,"a. 边缘的, 最低限度的, 有旁注的\n[医] 缘的","The word ""marginal"" appears in many academic texts.||Try to use ""marginal"" in a sentence.",“marginal”常见于学术阅读中。||请尝试用“marginal”造句。,cet6-core source:ecdict family:marginals
marsh,mɑ:ʃ,n.,"n. 沼泽, 湿地\na. 沼泽的","The word ""marsh"" appears in many academic texts.||Try to use ""marsh"" in a sentence.",“marsh”常见于学术阅读中。||请尝试用“marsh”造句。,cet6-core source:ecdict family:marshes
marshal,'mɑ:ʃәl,n.,"n. 元帅, 陆空军高级将官, 典礼官, 执法官\nvt. 整理, 引领, 统率\nvi. 排列, 各就各位","The word ""marshal"" appears in many academic texts.||Try to use ""marshal"" in a sentence.",“marshal”常见于学术阅读中。||请尝试用“marshal”造句。,cet6-core source:ecdict family:marshalled family:marshals family:marshalling
masculine,'mæskjulin,n.,"n. 阳性, 男性\na. 男性的, 阳性的, 有丈夫气的","The word ""masculine"" appears in many academic texts.||Try to use ""masculine"" in a sentence.",“masculine”常见于学术阅读中。||请尝试用“masculine”造句。,cet6-core source:ecdict family:masculines
mask,mæsk,n.,"n. 面具, 假面具, 掩饰, 石膏面模\nvt. 戴面具, 掩饰, 使模糊\nvi. 化装, 戴面具, 掩饰, 参加化装舞会\n[计] 屏蔽; 掩码","The word ""mask"" appears in many academic texts.||Try to use ""mask"" in a sentence.",“mask”常见于学术阅读中。||请尝试用“mask”造句。,cet6-core source:ecdict family:masks family:masked family:masking
mass,mæs,n.,"n. 块, 大多数, 质量, 大量, 群众, 弥撒\na. 群众的, 大规模的, 整个的\nvt. 使集合, 集中\nvi. 聚集","The word ""mass"" appears in many academic texts.||Try to use ""mass"" in a sentence.",“mass”常见于学术阅读中。||请尝试用“mass”造句。,cet6-core source:ecdict family:masses family:massing family:massed
massacre,'mæsәkә,n.,"n. 大屠杀\nvt. 大屠杀, 残杀","The word ""massacre"" appears in many academic texts.||Try to use ""massacre"" in a sentence.",“massacre”常见于学术阅读中。||请尝试用“massacre”造句。,cet6-core source:ecdict family:massacres family:massacring family:massacred
massive,'mæsiv,adj.,"a. 大而重的, 宽大的, 宏伟的\n[医] 大块的, 整块的, 大量的","The word ""massive"" appears in many academic texts.||Try to use ""massive"" in a sentence.",“massive”常见于学术阅读中。||请尝试用“massive”造句。,cet6-core source:ecdict
masterpiece,'mɑ:stәpi:s,n.,"n. 杰作, 名著","The word ""masterpiece"" appears in many academic texts.||Try to use ""masterpiece"" in a sentence.",“masterpiece”常见于学术阅读中。||请尝试用“masterpiece”造句。,cet6-core source:ecdict family:masterpieces
mature,mә'tjuә,adj.,"a. 成熟的, 到期的, 充分考虑的\nvt. 使成熟\nvi. 成熟, 到期","The word ""mature"" appears in many academic texts.||Try to use ""mature"" in a sentence.",“mature”常见于学术阅读中。||请尝试用“mature”造句。,cet6-core source:ecdict family:matures family:matured family:maturing family:maturer
maximum,'mæksimәn,n.,"n. 极点, 最大量, 极大\na. 最高的, 最大的, 最大极限的\n[计] 最大值","The word ""maximum"" appears in many academic texts.||Try to use ""maximum"" in a sentence.",“maximum”常见于学术阅读中。||请尝试用“maximum”造句。,cet6-core source:ecdict family:maxima
meadow,'medәu,n.,"n. 草地, 牧场","The word ""meadow"" appears in many academic texts.||Try to use ""meadow"" in a sentence.",“meadow”常见于学术阅读中。||请尝试用“meadow”造句。,cet6-core source:ecdict family:meadows
mechanical,mi'kænikәl,adj.,"a. 机械的, 机械性的, 力学的\n[医] 机械的, 力学的","The word ""mechanical"" appears in many academic texts.||Try to use ""mechanical"" in a sentence.",“mechanical”常见于学术阅读中。||请尝试用“mechanical”造句。,cet6-core source:ecdict family:mechanicals
mediate,'mi:dieit,adj.,"a. 居间的, 间接的\nvt. 斡旋, 调停\nvi. 处于中间, 调解","The word ""mediate"" appears in many academic texts.||Try to use ""mediate"" in a sentence.",“mediate”常见于学术阅读中。||请尝试用“mediate”造句。,cet6-core source:ecdict family:mediated family:mediating family:mediates
medieval,.medi'i:vl,adj.,"a. 中古的, 中世纪的","The word ""medieval"" appears in many academic texts.||Try to use ""medieval"" in a sentence.",“medieval”常见于学术阅读中。||请尝试用“medieval”造句。,cet6-core source:ecdict
medium,'mi:diәm,n.,"n. 媒体, 方法, 媒介\na. 半生熟的, 中间的\n[计] 媒体, 中","The word ""medium"" appears in many academic texts.||Try to use ""medium"" in a sentence.",“medium”常见于学术阅读中。||请尝试用“medium”造句。,cet6-core source:ecdict family:mediums
melody,'melәdi,n.,"n. 曲子, 美妙音乐, 曲调","The word ""melody"" appears in many academic texts.||Try to use ""melody"" in a sentence.",“melody”常见于学术阅读中。||请尝试用“melody”造句。,cet6-core source:ecdict family:melodies
melt,melt,n.,"n. 熔化, 熔化物, 溶解\nv. (使)熔化, (使)溶解, (使)消散, (使)变软","The word ""melt"" appears in many academic texts.||Try to use ""melt"" in a sentence.",“melt”常见于学术阅读中。||请尝试用“melt”造句。,cet6-core source:ecdict family:melted family:melting family:melts
memorize,'memәraiz,vt.,"vt. 记住, 熟记, 背熟","The word ""memorize"" appears in many academic texts.||Try to use ""memorize"" in a sentence.",“memorize”常见于学术阅读中。||请尝试用“memorize”造句。,cet6-core source:ecdict family:memorizing family:memorized family:memorizes
menace,'menis,n.,"n. 威胁, 胁迫\nv. 威吓, 胁迫","The word ""menace"" appears in many academic texts.||Try to use ""menace"" in a sentence.",“menace”常见于学术阅读中。||请尝试用“menace”造句。,cet6-core source:ecdict family:menaces family:menaced family:menacing
mental,'mentl,adj.,"a. 心智的, 精神病的, 心理的, 颏的\nn. 精神病患者","The word ""mental"" appears in many academic texts.||Try to use ""mental"" in a sentence.",“mental”常见于学术阅读中。||请尝试用“mental”造句。,cet6-core source:ecdict
mercury,'mә:kjuri,n.,"n. 水银, 汞, 使者\n[化] 汞Hg","The word ""mercury"" appears in many academic texts.||Try to use ""mercury"" in a sentence.",“mercury”常见于学术阅读中。||请尝试用“mercury”造句。,cet6-core source:ecdict
mere,miә,n.,"n. 小湖, 池塘\na. 仅仅的, 只不过的","The word ""mere"" appears in many academic texts.||Try to use ""mere"" in a sentence.",“mere”常见于学术阅读中。||请尝试用“mere”造句。,cet6-core source:ecdict family:merest family:meres
merely,'miәli,adv.,adv. 只,"The word ""merely"" appears in many academic texts.||Try to use ""merely"" in a sentence.",“merely”常见于学术阅读中。||请尝试用“merely”造句。,cet6-core source:ecdict
merge,mә:dʒ,vt.,"vt. 使合并, 使消失, 吞没\nvi. 合并, 渐渐消失\n[计] 合并","The word ""merge"" appears in many academic texts.||Try to use ""merge"" in a sentence.",“merge”常见于学术阅读中。||请尝试用“merge”造句。,cet6-core source:ecdict family:merged family:merging family:merges
merit,'merit,n.,"n. 优点, 功绩, 价值, 功过, 真相\nvt. 值得\nvi. 应受","The word ""merit"" appears in many academic texts.||Try to use ""merit"" in a sentence.",“merit”常见于学术阅读中。||请尝试用“merit”造句。,cet6-core source:ecdict family:merits family:merited family:meriting
messenger,'mesindʒә,n.,"n. 报信者, 使者\n[经] 使者, 送信者, 通信员","The word ""messenger"" appears in many academic texts.||Try to use ""messenger"" in a sentence.",“messenger”常见于学术阅读中。||请尝试用“messenger”造句。,cet6-core source:ecdict family:messengers
metallic,mi'tælik,adj.,"a. 金属的, 含金属的, 产生金属的\n[经] 金属的","The word ""metallic"" appears in many academic texts.||Try to use ""metallic"" in a sentence.",“metallic”常见于学术阅读中。||请尝试用“metallic”造句。,cet6-core source:ecdict family:metallics
metropolitan,.metrә'pɒlitn,n.,"n. 大都市居民, 都主教, 宗主国的公民\na. 大都市的, 都主教区的, 宗主国的","The word ""metropolitan"" appears in many academic texts.||Try to use ""metropolitan"" in a sentence.",“metropolitan”常见于学术阅读中。||请尝试用“metropolitan”造句。,cet6-core source:ecdict family:metropolitans
midst,midst,n.,n. 中间\nprep. 在...中间,"The word ""midst"" appears in many academic texts.||Try to use ""midst"" in a sentence.",“midst”常见于学术阅读中。||请尝试用“midst”造句。,cet6-core source:ecdict
migrant,'maigrәnt,n.,"n. 候鸟, 移居者\n[法] 移居者","The word ""migrant"" appears in many academic texts.||Try to use ""migrant"" in a sentence.",“migrant”常见于学术阅读中。||请尝试用“migrant”造句。,cet6-core source:ecdict family:migrants
migrate,'maigreit,vi.,"vi. 移动, 移往, 随季节而移居\n[计] 迁移程序","The word ""migrate"" appears in many academic texts.||Try to use ""migrate"" in a sentence.",“migrate”常见于学术阅读中。||请尝试用“migrate”造句。,cet6-core source:ecdict family:migrating family:migrated family:migrates
mild,maild,adj.,"a. 温和的, 温柔的, 淡味的, 适度的, 轻微的, (肥皂等)软性的\n[医] 轻的, 缓和的","The word ""mild"" appears in many academic texts.||Try to use ""mild"" in a sentence.",“mild”常见于学术阅读中。||请尝试用“mild”造句。,cet6-core source:ecdict family:milder family:mildest family:milds
militant,'militәnt,adj.,a. 好战的,"The word ""militant"" appears in many academic texts.||Try to use ""militant"" in a sentence.",“militant”常见于学术阅读中。||请尝试用“militant”造句。,cet6-core source:ecdict family:militants
military,'militәri,n.,"n. 军队\na. 军事的, 军人的, 适于战争的","The word ""military"" appears in many academic texts.||Try to use ""military"" in a sentence.",“military”常见于学术阅读中。||请尝试用“military”造句。,cet6-core source:ecdict
millionaire,.miljә'nєә,n.,"n. 百万富翁, 大富豪\n[经] 大资本家, 巨富, 百万富翁","The word ""millionaire"" appears in many academic texts.||Try to use ""millionaire"" in a sentence.",“millionaire”常见于学术阅读中。||请尝试用“millionaire”造句。,cet6-core source:ecdict family:millionaires
mingle,'miŋgl,v.,v. (使)混合,"The word ""mingle"" appears in many academic texts.||Try to use ""mingle"" in a sentence.",“mingle”常见于学术阅读中。||请尝试用“mingle”造句。,cet6-core source:ecdict family:mingled family:mingling family:mingles
miniature,'miniәtʃә,n.,"n. 缩图, 小画像\na. 小规模的, 纤小的","The word ""miniature"" appears in many academic texts.||Try to use ""miniature"" in a sentence.",“miniature”常见于学术阅读中。||请尝试用“miniature”造句。,cet6-core source:ecdict family:miniatures
minibus,'minibʌs,n.,"n. 中客车, 小型公共汽车","The word ""minibus"" appears in many academic texts.||Try to use ""minibus"" in a sentence.",“minibus”常见于学术阅读中。||请尝试用“minibus”造句。,cet6-core source:ecdict
minimal,'miniml,adj.,"a. 最小的, 极微的, 最小限度的\n[医] 最小的, 最低的","The word ""minimal"" appears in many academic texts.||Try to use ""minimal"" in a sentence.",“minimal”常见于学术阅读中。||请尝试用“minimal”造句。,cet6-core source:ecdict
minimize,'minimaiz,vt.,vt. 将...减到最少\nvt. 最小化\nvi. 最小化\n[计] 最小化,"The word ""minimize"" appears in many academic texts.||Try to use ""minimize"" in a sentence.",“minimize”常见于学术阅读中。||请尝试用“minimize”造句。,cet6-core source:ecdict family:minimizing family:minimized family:minimizes
minimum,'minimәm,adj.,"a. 最小的, 最低的\nn. 最小值\n[计] 最小值","The word ""minimum"" appears in many academic texts.||Try to use ""minimum"" in a sentence.",“minimum”常见于学术阅读中。||请尝试用“minimum”造句。,cet6-core source:ecdict family:minima
minority,mai'nɒriti,n.,"n. 少数, 未成年, 少数民族\na. 少数的, 属于少数派的","The word ""minority"" appears in many academic texts.||Try to use ""minority"" in a sentence.",“minority”常见于学术阅读中。||请尝试用“minority”造句。,cet6-core source:ecdict family:minorities
misery,'mizәri,n.,"n. 痛苦, 悲惨, 不幸, 穷困","The word ""misery"" appears in many academic texts.||Try to use ""misery"" in a sentence.",“misery”常见于学术阅读中。||请尝试用“misery”造句。,cet6-core source:ecdict family:miseries
misfortune,mis'fɒ:tʃәn,n.,"n. 不幸, 灾祸, 坏运气\n[法] 不幸事故, 不幸, 灾祸","The word ""misfortune"" appears in many academic texts.||Try to use ""misfortune"" in a sentence.",“misfortune”常见于学术阅读中。||请尝试用“misfortune”造句。,cet6-core source:ecdict family:misfortunes
mission,'miʃәn,n.,"n. 任务, 代表团, 使命, 传教团\nvt. 派遣, 向...传教","The word ""mission"" appears in many academic texts.||Try to use ""mission"" in a sentence.",“mission”常见于学术阅读中。||请尝试用“mission”造句。,cet6-core source:ecdict family:missions
missionary,'miʃәnәri,n.,"n. 传教士, 负有任务者, 工作人员\na. 传教的, 传教士的","The word ""missionary"" appears in many academic texts.||Try to use ""missionary"" in a sentence.",“missionary”常见于学术阅读中。||请尝试用“missionary”造句。,cet6-core source:ecdict family:missionaries
mistress,'mistris,n.,"n. 主妇, 女主人, 情妇","The word ""mistress"" appears in many academic texts.||Try to use ""mistress"" in a sentence.",“mistress”常见于学术阅读中。||请尝试用“mistress”造句。,cet6-core source:ecdict family:mistresses
moan,mәun,n.,"n. 呻吟, 悲叹\nvi. 呻吟, 抱怨, 悲叹\nvt. 呻吟着说","The word ""moan"" appears in many academic texts.||Try to use ""moan"" in a sentence.",“moan”常见于学术阅读中。||请尝试用“moan”造句。,cet6-core source:ecdict family:moaned family:moaning family:moans
mob,mɒb,n.,"n. 暴民, 民众, 暴徒\nvt. 大举包围, 蜂拥进入, 围攻\nvi. 聚众生事","The word ""mob"" appears in many academic texts.||Try to use ""mob"" in a sentence.",“mob”常见于学术阅读中。||请尝试用“mob”造句。,cet6-core source:ecdict family:mobs family:mobbed family:mobbing
mobile,'mәubil,adj.,"a. 移动的, 易变的, 机动的\nn. 活动物体","The word ""mobile"" appears in many academic texts.||Try to use ""mobile"" in a sentence.",“mobile”常见于学术阅读中。||请尝试用“mobile”造句。,cet6-core source:ecdict family:mobiles
mobilize,'mәubilaiz,vt.,"vt. 动员, 调动, 使流通\nvi. 动员","The word ""mobilize"" appears in many academic texts.||Try to use ""mobilize"" in a sentence.",“mobilize”常见于学术阅读中。||请尝试用“mobilize”造句。,cet6-core source:ecdict family:mobilized family:mobilizing family:mobilizes
mock,mɒk,n.,"n. 嘲笑, 戏弄, 模仿\na. 假的, 伪造的, 模拟的\nadv. 虚伪地\nvt. 嘲弄, 模仿, 使失望, 欺骗, 挫败\nvi. 嘲弄","The word ""mock"" appears in many academic texts.||Try to use ""mock"" in a sentence.",“mock”常见于学术阅读中。||请尝试用“mock”造句。,cet6-core source:ecdict family:mocked family:mocking family:mocks
modest,'mɒdist,adj.,"a. 谦逊的, 羞怯的, 端庄的, 适度的\n[经] 适当的","The word ""modest"" appears in many academic texts.||Try to use ""modest"" in a sentence.",“modest”常见于学术阅读中。||请尝试用“modest”造句。,cet6-core source:ecdict
modify,'mɒdifai,vt.,"vt. 修正, 变更, 修饰, 缓和, 减轻\nvi. 被修改\n[计] 修改","The word ""modify"" appears in many academic texts.||Try to use ""modify"" in a sentence.",“modify”常见于学术阅读中。||请尝试用“modify”造句。,cet6-core source:ecdict family:modified family:modifying family:modifies
module,'mɒdju:l,n.,"n. 组件, 模数\n[计] 模块","The word ""module"" appears in many academic texts.||Try to use ""module"" in a sentence.",“module”常见于学术阅读中。||请尝试用“module”造句。,cet6-core source:ecdict family:modules
molecule,'mɒlikju:l,n.,"n. 分子, 些微\n[化] 分子","The word ""molecule"" appears in many academic texts.||Try to use ""molecule"" in a sentence.",“molecule”常见于学术阅读中。||请尝试用“molecule”造句。,cet6-core source:ecdict family:molecules
momentum,mәu'mentәm,n.,"n. 动力, 动量\n[化] 动量","The word ""momentum"" appears in many academic texts.||Try to use ""momentum"" in a sentence.",“momentum”常见于学术阅读中。||请尝试用“momentum”造句。,cet6-core source:ecdict
monetary,'mʌnitәri,adj.,"a. 货币的, 金钱的\n[经] 货币的, 金融的","The word ""monetary"" appears in many academic texts.||Try to use ""monetary"" in a sentence.",“monetary”常见于学术阅读中。||请尝试用“monetary”造句。,cet6-core source:ecdict
monitor,'mɒnitә,n.,"n. 监督器, 级长, 监听员, 班长, 监视器, 告诫物\nv. 监视, 监听, 监督\n[计] 监视器, 监视程序; 监视","The word ""monitor"" appears in many academic texts.||Try to use ""monitor"" in a sentence.",“monitor”常见于学术阅读中。||请尝试用“monitor”造句。,cet6-core source:ecdict family:monitored family:monitoring family:monitors
monopoly,mә'nɒpәli,n.,"n. 垄断, 专卖权, 独占事业\n[经] 垄断, 专利品, 垄断(权)独占","The word ""monopoly"" appears in many academic texts.||Try to use ""monopoly"" in a sentence.",“monopoly”常见于学术阅读中。||请尝试用“monopoly”造句。,cet6-core source:ecdict family:monopolies
monster,'mɒnstә,n.,"n. 怪物, 恶人, 巨物\n[医] 畸胎","The word ""monster"" appears in many academic texts.||Try to use ""monster"" in a sentence.",“monster”常见于学术阅读中。||请尝试用“monster”造句。,cet6-core source:ecdict family:monsters
moral,'mɒrәl,n.,"n. 道德, 品行, 寓意\na. 道德的, 品性端正的, 精神上的","The word ""moral"" appears in many academic texts.||Try to use ""moral"" in a sentence.",“moral”常见于学术阅读中。||请尝试用“moral”造句。,cet6-core source:ecdict family:morals
morality,mә'ræliti,n.,"n. 道德, 教训, 品行\n[法] 道德, 道义","The word ""morality"" appears in many academic texts.||Try to use ""morality"" in a sentence.",“morality”常见于学术阅读中。||请尝试用“morality”造句。,cet6-core source:ecdict family:moralities
moreover,mɒ:'әuvә,adv.,"adv. 而且, 此外","The word ""moreover"" appears in many academic texts.||Try to use ""moreover"" in a sentence.",“moreover”常见于学术阅读中。||请尝试用“moreover”造句。,cet6-core source:ecdict
mortal,'mɒ:tәl,n.,"n. 生物, 人类\na. 不免一死的, 人类的, 临终的","The word ""mortal"" appears in many academic texts.||Try to use ""mortal"" in a sentence.",“mortal”常见于学术阅读中。||请尝试用“mortal”造句。,cet6-core source:ecdict family:mortals
mortgage,'mɒ:gidʒ,n.,"n. 抵押, 约束性义务, 抵押借款\nvt. 抵押, 以...作担保, 把...许给","The word ""mortgage"" appears in many academic texts.||Try to use ""mortgage"" in a sentence.",“mortgage”常见于学术阅读中。||请尝试用“mortgage”造句。,cet6-core source:ecdict family:mortgages family:mortgaged family:mortgaging
motel,mәu'tel,n.,n. 汽车旅馆,"The word ""motel"" appears in many academic texts.||Try to use ""motel"" in a sentence.",“motel”常见于学术阅读中。||请尝试用“motel”造句。,cet6-core source:ecdict family:motels
motivate,'mәutiveit,vt.,"vt. 给与动机, 刺激, 提高...的学习欲望, 促动\n[经] 促动, 激发, 激励","The word ""motivate"" appears in many academic texts.||Try to use ""motivate"" in a sentence.",“motivate”常见于学术阅读中。||请尝试用“motivate”造句。,cet6-core source:ecdict family:motivated family:motivates family:motivating
motive,'mәutiv,n.,"n. 动机, 目的, 主题, 基调\na. 运动的, 成为动机的","The word ""motive"" appears in many academic texts.||Try to use ""motive"" in a sentence.",“motive”常见于学术阅读中。||请尝试用“motive”造句。,cet6-core source:ecdict family:motives
mourn,mɒ:n,v.,"v. 哀悼, 忧伤, 服丧","The word ""mourn"" appears in many academic texts.||Try to use ""mourn"" in a sentence.",“mourn”常见于学术阅读中。||请尝试用“mourn”造句。,cet6-core source:ecdict family:mourning family:mourned family:mourns
muddy,'mʌdi,adj.,"a. 泥泞的, 浑浊的, 模糊的\nvt. 使污浊, 使沾上泥污","The word ""muddy"" appears in many academic texts.||Try to use ""muddy"" in a sentence.",“muddy”常见于学术阅读中。||请尝试用“muddy”造句。,cet6-core source:ecdict family:muddied family:muddies family:muddying family:muddier family:muddiest
multiple,'mʌltipl,n.,"n. 倍数, 并联\na. 多样的, 许多的, 多功能的","The word ""multiple"" appears in many academic texts.||Try to use ""multiple"" in a sentence.",“multiple”常见于学术阅读中。||请尝试用“multiple”造句。,cet6-core source:ecdict family:multiples
multiply,'mʌltiplai,v.,"v. 繁殖, 乘, 增加\n[计] 乘","The word ""multiply"" appears in many academic texts.||Try to use ""multiply"" in a sentence.",“multiply”常见于学术阅读中。||请尝试用“multiply”造句。,cet6-core source:ecdict family:multiplied family:multiplying family:multiplies
multitude,'mʌltitju:d,n.,"n. 多数, 群众","The word ""multitude"" appears in many academic texts.||Try to use ""multitude"" in a sentence.",“multitude”常见于学术阅读中。||请尝试用“multitude”造句。,cet6-core source:ecdict family:multitudes
municipal,mju:'nisipl,adj.,"a. 市政的, 自治区的, 内政的\n[经] 市政的, 市的","The word ""municipal"" appears in many academic texts.||Try to use ""municipal"" in a sentence.",“municipal”常见于学术阅读中。||请尝试用“municipal”造句。,cet6-core source:ecdict family:municipals
murmur,'mә:mә,n.,"n. 低语, 低声的怨言\nvi. 低语, 低声而言\nvt. 低声说","The word ""murmur"" appears in many academic texts.||Try to use ""murmur"" in a sentence.",“murmur”常见于学术阅读中。||请尝试用“murmur”造句。,cet6-core source:ecdict family:murmured family:murmuring family:murmurs
muscular,'mʌskjulә,adj.,"a. 强壮的, 肌肉发达的, 有力的\n[医] 肌的; 肌肉发达的","The word ""muscular"" appears in many academic texts.||Try to use ""muscular"" in a sentence.",“muscular”常见于学术阅读中。||请尝试用“muscular”造句。,cet6-core source:ecdict
mute,mju:t,n.,"n. 哑子, 哑音字母, 弱音器\na. 哑的, 无声的, 沉默的\nvt. 减弱...的声音\nvi. 排泄","The word ""mute"" appears in many academic texts.||Try to use ""mute"" in a sentence.",“mute”常见于学术阅读中。||请尝试用“mute”造句。,cet6-core source:ecdict family:mutes family:muting family:muted
mutter,'mʌtә,n.,"n. 喃喃低语\nvi. 喃喃自语, 作低沉声\nvt. 出怨言, 抱怨地说","The word ""mutter"" appears in many academic texts.||Try to use ""mutter"" in a sentence.",“mutter”常见于学术阅读中。||请尝试用“mutter”造句。,cet6-core source:ecdict family:muttered family:muttering family:mutters
mutual,'mju:tʃuәl,adj.,"a. 相互的, 共有的\n[经] 相互的","The word ""mutual"" appears in many academic texts.||Try to use ""mutual"" in a sentence.",“mutual”常见于学术阅读中。||请尝试用“mutual”造句。,cet6-core source:ecdict family:mutuals
myth,miθ,n.,"n. 神话, 虚构的事, 虚构的人","The word ""myth"" appears in many academic texts.||Try to use ""myth"" in a sentence.",“myth”常见于学术阅读中。||请尝试用“myth”造句。,cet6-core source:ecdict family:myths
naive,nɑ:'i:v,adj.,"a. 天真的, 纯真的, 幼稚的","The word ""naive"" appears in many academic texts.||Try to use ""naive"" in a sentence.",“naive”常见于学术阅读中。||请尝试用“naive”造句。,cet6-core source:ecdict
napkin,'næpkin,n.,"n. 餐巾, 餐巾纸, 尿布","The word ""napkin"" appears in many academic texts.||Try to use ""napkin"" in a sentence.",“napkin”常见于学术阅读中。||请尝试用“napkin”造句。,cet6-core source:ecdict family:napkins
narrative,'nærәtiv,n.,"n. 叙述, 故事\na. 叙述的, 叙事的, 故事体的","The word ""narrative"" appears in many academic texts.||Try to use ""narrative"" in a sentence.",“narrative”常见于学术阅读中。||请尝试用“narrative”造句。,cet6-core source:ecdict family:narratives
nasty,'nɑ:sti,adj.,"a. 污秽的, 下流的, 险恶的","The word ""nasty"" appears in many academic texts.||Try to use ""nasty"" in a sentence.",“nasty”常见于学术阅读中。||请尝试用“nasty”造句。,cet6-core source:ecdict family:nasties family:nastier family:nastiest
navigation,.nævi'geiʃәn,n.,"n. 航行, 航海, 导航\n[经] 航空, 航海, 航船","The word ""navigation"" appears in many academic texts.||Try to use ""navigation"" in a sentence.",“navigation”常见于学术阅读中。||请尝试用“navigation”造句。,cet6-core source:ecdict family:navigations
necessitate,ni'sesiteit,vt.,"vt. 迫使, 使成为必需, 需要","The word ""necessitate"" appears in many academic texts.||Try to use ""necessitate"" in a sentence.",“necessitate”常见于学术阅读中。||请尝试用“necessitate”造句。,cet6-core source:ecdict family:necessitated family:necessitates family:necessitating
negative,'negәtiv,n.,"n. 否定, 否定语, 负数, 底片\na. 否定的, 消极的, 负的, 阴性的\nn. 负数, 负值\n[计] 负数, 负值","The word ""negative"" appears in many academic texts.||Try to use ""negative"" in a sentence.",“negative”常见于学术阅读中。||请尝试用“negative”造句。,cet6-core source:ecdict family:negatives family:negatived family:negativing
neglect,ni'glekt,n.,"n. 疏忽, 忽略, 漏做\nvt. 疏忽, 忽视, 不顾","The word ""neglect"" appears in many academic texts.||Try to use ""neglect"" in a sentence.",“neglect”常见于学术阅读中。||请尝试用“neglect”造句。,cet6-core source:ecdict family:neglected family:neglecting family:neglects
negligible,'neglidʒәbl,adj.,"a. 可以忽略的, 不足取的, 无用的\n[医] 可不计的, 可忽视的","The word ""negligible"" appears in many academic texts.||Try to use ""negligible"" in a sentence.",“negligible”常见于学术阅读中。||请尝试用“negligible”造句。,cet6-core source:ecdict
negotiate,ni'gәuʃieit,vi.,"vi. 商议, 谈判, 交涉\nvt. 谈妥, 转让, 处理","The word ""negotiate"" appears in many academic texts.||Try to use ""negotiate"" in a sentence.",“negotiate”常见于学术阅读中。||请尝试用“negotiate”造句。,cet6-core source:ecdict family:negotiating family:negotiated family:negotiates
neutral,'nju:trәl,n.,"n. 中立者, 中立国, 非彩色, 空档\na. 中立的, 中性的, 无色的","The word ""neutral"" appears in many academic texts.||Try to use ""neutral"" in a sentence.",“neutral”常见于学术阅读中。||请尝试用“neutral”造句。,cet6-core source:ecdict family:neutrals
nickel,'nikl,n.,"n. 镍, 镍币, 五分镍币\nvt. 镀镍于","The word ""nickel"" appears in many academic texts.||Try to use ""nickel"" in a sentence.",“nickel”常见于学术阅读中。||请尝试用“nickel”造句。,cet6-core source:ecdict family:nickels family:nickelling family:nickelled
nickname,'nikneim,n.,"n. 绰号, 昵称\nvt. 给...取绰号, 叫错名字\n[计] 绰号","The word ""nickname"" appears in many academic texts.||Try to use ""nickname"" in a sentence.",“nickname”常见于学术阅读中。||请尝试用“nickname”造句。,cet6-core source:ecdict family:nicknamed family:nicknames family:nicknaming
nil,nil,n.,"n. 无, 全无, 零\n[法] 无, 零, 无有","The word ""nil"" appears in many academic texts.||Try to use ""nil"" in a sentence.",“nil”常见于学术阅读中。||请尝试用“nil”造句。,cet6-core source:ecdict family:nils
nominal,'nɒminl,adj.,"a. 名义上的, 名字的, 有名无实的, 稍许的\nn. 名词性词","The word ""nominal"" appears in many academic texts.||Try to use ""nominal"" in a sentence.",“nominal”常见于学术阅读中。||请尝试用“nominal”造句。,cet6-core source:ecdict family:nominals
nominate,'nɒmineit,vt.,"vt. 提名, 任命, 命名\n[法] 提名...为候选人, 指定, 推荐","The word ""nominate"" appears in many academic texts.||Try to use ""nominate"" in a sentence.",“nominate”常见于学术阅读中。||请尝试用“nominate”造句。,cet6-core source:ecdict family:nominated family:nominating family:nominates
nonetheless,",nʌnðә'les",conj.,"conj. 然而, 尽管, 不过\nadv. 不过, 仍然, 尽管如此, 然而","The word ""nonetheless"" appears in many academic texts.||Try to use ""nonetheless"" in a sentence.",“nonetheless”常见于学术阅读中。||请尝试用“nonetheless”造句。,cet6-core source:ecdict
norm,nɒ:m,n.,"n. 基准, 模范, 标准, 准则, 平均数\n[化] 定额","The word ""norm"" appears in many academic texts.||Try to use ""norm"" in a sentence.",“norm”常见于学术阅读中。||请尝试用“norm”造句。,cet6-core source:ecdict family:norms
notable,'nәutәbl,n.,"n. 著名人士, 值得注意之事物\na. 值得注意的, 显著的","The word ""notable"" appears in many academic texts.||Try to use ""notable"" in a sentence.",“notable”常见于学术阅读中。||请尝试用“notable”造句。,cet6-core source:ecdict family:notables
notation,nәu'teiʃәn,n.,"n. 记号, 符号表示法, 注释\n[计] 记数法","The word ""notation"" appears in many academic texts.||Try to use ""notation"" in a sentence.",“notation”常见于学术阅读中。||请尝试用“notation”造句。,cet6-core source:ecdict family:notations
notify,'nәutifai,vt.,"vt. 通知, 通告, 报告\n[计] 通知","The word ""notify"" appears in many academic texts.||Try to use ""notify"" in a sentence.",“notify”常见于学术阅读中。||请尝试用“notify”造句。,cet6-core source:ecdict family:notified family:notifying family:notifies
notion,'nәuʃәn,n.,"n. 概念, 观念, 想法, 打算, 别致的小东西\n[经] 概念, 打算, 想法","The word ""notion"" appears in many academic texts.||Try to use ""notion"" in a sentence.",“notion”常见于学术阅读中。||请尝试用“notion”造句。,cet6-core source:ecdict family:notions
notorious,nәu'tɒ:riәs,adj.,"a. 声名狼藉的, 臭名昭著的, 众人皆知的","The word ""notorious"" appears in many academic texts.||Try to use ""notorious"" in a sentence.",“notorious”常见于学术阅读中。||请尝试用“notorious”造句。,cet6-core source:ecdict
notwithstanding,.nɒtwiθ'stændiŋ,adv.,"adv. 虽然, 尽管\nprep. 尽管\nconj. 虽然","The word ""notwithstanding"" appears in many academic texts.||Try to use ""notwithstanding"" in a sentence.",“notwithstanding”常见于学术阅读中。||请尝试用“notwithstanding”造句。,cet6-core source:ecdict
nourish,'nә:riʃ,vt.,"vt. 滋养, 使健壮, 怀有","The word ""nourish"" appears in many academic texts.||Try to use ""nourish"" in a sentence.",“nourish”常见于学术阅读中。||请尝试用“nourish”造句。,cet6-core source:ecdict family:nourished family:nourishes family:nourishing
novelty,'nɒvәlti,n.,"n. 新奇, 新鲜, 新奇的事物","The word ""novelty"" appears in many academic texts.||Try to use ""novelty"" in a sentence.",“novelty”常见于学术阅读中。||请尝试用“novelty”造句。,cet6-core source:ecdict family:novelties
numerical,nju:'merikl,adj.,"a. 数字的, 数值的, 以数字表示的, 擅长于计数的\n[经] 数字的, 用数字表示的","The word ""numerical"" appears in many academic texts.||Try to use ""numerical"" in a sentence.",“numerical”常见于学术阅读中。||请尝试用“numerical”造句。,cet6-core source:ecdict
numerous,'nju:mәrәs,adj.,"a. 很多的, 数目众多的, 多数的\n[机] 多数的, 甚多的","The word ""numerous"" appears in many academic texts.||Try to use ""numerous"" in a sentence.",“numerous”常见于学术阅读中。||请尝试用“numerous”造句。,cet6-core source:ecdict
nurture,'nә:tʃә,n.,"n. 养育, 营养物, 培育\nvt. 养育, 供给营养物, 教养","The word ""nurture"" appears in many academic texts.||Try to use ""nurture"" in a sentence.",“nurture”常见于学术阅读中。||请尝试用“nurture”造句。,cet6-core source:ecdict family:nurtured family:nurturing family:nurtures
nutrition,nju:'triʃәn,n.,"n. 营养, 营养学\n[医] 营养, 营养品","The word ""nutrition"" appears in many academic texts.||Try to use ""nutrition"" in a sentence.",“nutrition”常见于学术阅读中。||请尝试用“nutrition”造句。,cet6-core source:ecdict
oak,әuk,n.,"n. 橡树, 橡木\na. 橡木制的","The word ""oak"" appears in many academic texts.||Try to use ""oak"" in a sentence.",“oak”常见于学术阅读中。||请尝试用“oak”造句。,cet6-core source:ecdict family:oaks
oath,әuθ,n.,"n. 誓约, 誓言, 咒骂\n[法] 誓言, 誓约, 宣誓","The word ""oath"" appears in many academic texts.||Try to use ""oath"" in a sentence.",“oath”常见于学术阅读中。||请尝试用“oath”造句。,cet6-core source:ecdict family:oaths
obedient,ә'bi:djәnt,adj.,"a. 服从的, 顺从的, 孝顺的\n[法] 服从的, 顺从的, 忠顺的","The word ""obedient"" appears in many academic texts.||Try to use ""obedient"" in a sentence.",“obedient”常见于学术阅读中。||请尝试用“obedient”造句。,cet6-core source:ecdict
object,'ɒbdʒekt,n.,"n. 物体, 目标, 目的, 对象, 宾语, 客体\nvi. 反对, 抱反感\nvt. 提出...来反对\n[计] 对象","The word ""object"" appears in many academic texts.||Try to use ""object"" in a sentence.",“object”常见于学术阅读中。||请尝试用“object”造句。,cet6-core source:ecdict family:objects family:objected family:objecting
objection,әb'dʒekʃәn,n.,"n. 异议, 反对, 不喜欢, 缺点, 缺陷, 妨碍, 拒绝之理由\n[法] 异议, 反对, 抗议","The word ""objection"" appears in many academic texts.||Try to use ""objection"" in a sentence.",“objection”常见于学术阅读中。||请尝试用“objection”造句。,cet6-core source:ecdict family:objections
objective,әb'dʒektiv,n.,"n. 目的, 目标, 宗旨, 宾格, 实物\na. 客观的, 如实的, 无偏见的, 宾格的","The word ""objective"" appears in many academic texts.||Try to use ""objective"" in a sentence.",“objective”常见于学术阅读中。||请尝试用“objective”造句。,cet6-core source:ecdict family:objectives
obligation,.ɒbli'geiʃәn,n.,"n. 义务, 责任, 约束, 契约, 恩惠, 债务\n[经] 待付款, 债务, 义务","The word ""obligation"" appears in many academic texts.||Try to use ""obligation"" in a sentence.",“obligation”常见于学术阅读中。||请尝试用“obligation”造句。,cet6-core source:ecdict family:obligations
obscene,ɒb'si:n,adj.,"a. 淫秽的, 猥亵的, 讨人厌的, 可憎的\n[法] 猥亵的, 海洋的, 污秽的","The word ""obscene"" appears in many academic texts.||Try to use ""obscene"" in a sentence.",“obscene”常见于学术阅读中。||请尝试用“obscene”造句。,cet6-core source:ecdict
obscure,әb'skjuә,adj.,"a. 模糊的, 昏暗的, 难解的, 晦涩的, 偏僻的, 微贱的, 无名的\nvt. 使变暗, 隐藏, 使变模糊, 使难解","The word ""obscure"" appears in many academic texts.||Try to use ""obscure"" in a sentence.",“obscure”常见于学术阅读中。||请尝试用“obscure”造句。,cet6-core source:ecdict family:obscured family:obscures family:obscuring family:obscurer
obstacle,'ɒbstәkl,n.,"n. 障碍, 妨害物, 阻碍","The word ""obstacle"" appears in many academic texts.||Try to use ""obstacle"" in a sentence.",“obstacle”常见于学术阅读中。||请尝试用“obstacle”造句。,cet6-core source:ecdict family:obstacles
obtain,әb'tein,vt.,"vt. 获得, 达到\nvi. 流行, 得到公认","The word ""obtain"" appears in many academic texts.||Try to use ""obtain"" in a sentence.",“obtain”常见于学术阅读中。||请尝试用“obtain”造句。,cet6-core source:ecdict family:obtained family:obtaining family:obtains
occasional,ә'keiʒәnl,adj.,"a. 偶然的, 临时的\n[法] 偶然的, 特殊场合的","The word ""occasional"" appears in many academic texts.||Try to use ""occasional"" in a sentence.",“occasional”常见于学术阅读中。||请尝试用“occasional”造句。,cet6-core source:ecdict
occupation,.ɒkju'peiʃәn,n.,"n. 职业, 占有, 占有期, 占领, 占领军\n[经] 占有, 占用, 职业","The word ""occupation"" appears in many academic texts.||Try to use ""occupation"" in a sentence.",“occupation”常见于学术阅读中。||请尝试用“occupation”造句。,cet6-core source:ecdict family:occupations
occupy,'ɒkjupai,vt.,"vt. 占领, 占(时间、空间等), 住进, 担任, 使从事, 使全神贯注\n[法] 占领, 占据, 占有","The word ""occupy"" appears in many academic texts.||Try to use ""occupy"" in a sentence.",“occupy”常见于学术阅读中。||请尝试用“occupy”造句。,cet6-core source:ecdict family:occupied family:occupies family:occupying
occur,ә'kә:,vi.,"vi. 发生, 被想到, 存在","The word ""occur"" appears in many academic texts.||Try to use ""occur"" in a sentence.",“occur”常见于学术阅读中。||请尝试用“occur”造句。,cet6-core source:ecdict family:occurs family:occurred family:occurring
odor,'әudә,n.,"n. 气味, 香味, 名声, 意味\n[医] 气味","The word ""odor"" appears in many academic texts.||Try to use ""odor"" in a sentence.",“odor”常见于学术阅读中。||请尝试用“odor”造句。,cet6-core source:ecdict family:odors
offense,ә'fens,n.,"n. 犯罪, 伤感情, 攻击","The word ""offense"" appears in many academic texts.||Try to use ""offense"" in a sentence.",“offense”常见于学术阅读中。||请尝试用“offense”造句。,cet6-core source:ecdict family:offenses
offensive,ә'fensiv,adj.,"a. 令人不快的, 侮辱的, 攻击性的\n[法] 攻击的, 进攻的, 冒犯的","The word ""offensive"" appears in many academic texts.||Try to use ""offensive"" in a sentence.",“offensive”常见于学术阅读中。||请尝试用“offensive”造句。,cet6-core source:ecdict family:offensives
offset,'ɒ:fset,n.,"n. 抵消, 把...并列, 旁系, 支管, 用胶印法印\nvt. 弥补, 抵消, 胶印\nvi. 装支管\nn. 偏移量\n[计] 偏移量","The word ""offset"" appears in many academic texts.||Try to use ""offset"" in a sentence.",“offset”常见于学术阅读中。||请尝试用“offset”造句。,cet6-core source:ecdict family:dp family:offsets family:offsetting
offspring,'ɒ:fspriŋ,n.,"n. 子孙, 后代, 产物\n[法] 后辈, 子孙, 后裔","The word ""offspring"" appears in many academic texts.||Try to use ""offspring"" in a sentence.",“offspring”常见于学术阅读中。||请尝试用“offspring”造句。,cet6-core source:ecdict family:offsprings
olive,'ɒliv,n.,"n. 橄榄, 橄榄树, 橄榄色, 橄榄枝\na. 黄绿色的, 黄褐色的, 橄榄色的","The word ""olive"" appears in many academic texts.||Try to use ""olive"" in a sentence.",“olive”常见于学术阅读中。||请尝试用“olive”造句。,cet6-core source:ecdict family:olives
opaque,әu'peik,n.,"n. 不透明物\na. 不透明的, 不传热的, 不传导的, 阴暗的\n[计] 白底","The word ""opaque"" appears in many academic texts.||Try to use ""opaque"" in a sentence.",“opaque”常见于学术阅读中。||请尝试用“opaque”造句。,cet6-core source:ecdict family:opaques family:opaqued
opponent,ә'pәunәnt,n.,"n. 对手, 敌手, 反对者\na. 敌对的, 反对的, 对面的","The word ""opponent"" appears in many academic texts.||Try to use ""opponent"" in a sentence.",“opponent”常见于学术阅读中。||请尝试用“opponent”造句。,cet6-core source:ecdict family:opponents
oppose,ә'pәuz,vt.,"vt. 反对, 以...对抗, 抗争\nvi. 反对","The word ""oppose"" appears in many academic texts.||Try to use ""oppose"" in a sentence.",“oppose”常见于学术阅读中。||请尝试用“oppose”造句。,cet6-core source:ecdict family:opposed family:opposing family:opposes
oppress,ә'pres,vt.,"vt. 压迫, 压抑, 使烦恼","The word ""oppress"" appears in many academic texts.||Try to use ""oppress"" in a sentence.",“oppress”常见于学术阅读中。||请尝试用“oppress”造句。,cet6-core source:ecdict family:oppressed family:oppressing family:oppresses
optical,'ɒptikl,adj.,"a. 眼睛的, 视觉的, 光学的\n[机] 光学上的, 光学的","The word ""optical"" appears in many academic texts.||Try to use ""optical"" in a sentence.",“optical”常见于学术阅读中。||请尝试用“optical”造句。,cet6-core source:ecdict family:opticals
optimism,'ɒptimizm,n.,"n. 乐观主义, 乐观, 乐天\n[医] 乐观主义, 乐观","The word ""optimism"" appears in many academic texts.||Try to use ""optimism"" in a sentence.",“optimism”常见于学术阅读中。||请尝试用“optimism”造句。,cet6-core source:ecdict
optimistic,.ɒpti'mistik,adj.,"a. 乐观的, 乐观主义的, 乐天的","The word ""optimistic"" appears in many academic texts.||Try to use ""optimistic"" in a sentence.",“optimistic”常见于学术阅读中。||请尝试用“optimistic”造句。,cet6-core source:ecdict
optimum,'ɒptimәm,n.,"n. 最适条件, 最佳效果\na. 最优的, 最适宜的","The word ""optimum"" appears in many academic texts.||Try to use ""optimum"" in a sentence.",“optimum”常见于学术阅读中。||请尝试用“optimum”造句。,cet6-core source:ecdict
option,'ɒpʃәn,n.,"n. 选择权, 挑选, 选项\n[计] 选项","The word ""option"" appears in many academic texts.||Try to use ""option"" in a sentence.",“option”常见于学术阅读中。||请尝试用“option”造句。,cet6-core source:ecdict family:options
orbit,'ɒ:bit,n.,"n. 轨道, 常轨, 眼眶\nvt. 绕...轨道而行\nvi. 进入轨道, 盘旋","The word ""orbit"" appears in many academic texts.||Try to use ""orbit"" in a sentence.",“orbit”常见于学术阅读中。||请尝试用“orbit”造句。,cet6-core source:ecdict family:orbits family:orbiting family:orbited
orchestra,'ɒ:kistrә,n.,"n. 管弦乐队, 乐队演奏处","The word ""orchestra"" appears in many academic texts.||Try to use ""orchestra"" in a sentence.",“orchestra”常见于学术阅读中。||请尝试用“orchestra”造句。,cet6-core source:ecdict family:orchestras
ore,ɒ:,n.,n. 矿石\n[经] 矿,"The word ""ore"" appears in many academic texts.||Try to use ""ore"" in a sentence.",“ore”常见于学术阅读中。||请尝试用“ore”造句。,cet6-core source:ecdict family:ores
orient,'ɒ:riәnt,n.,"n. 东方, 东方诸国\na. 东方的\nvi. 向东\nvt. 使朝东, 使适应, 确定方向","The word ""orient"" appears in many academic texts.||Try to use ""orient"" in a sentence.",“orient”常见于学术阅读中。||请尝试用“orient”造句。,cet6-core source:ecdict family:oriented family:orienting family:orients
oriental,.ɒ:ri'entl,n.,"n. 东方人, 亚洲人\na. 东方诸国的, 亚洲的, 东方的","The word ""oriental"" appears in many academic texts.||Try to use ""oriental"" in a sentence.",“oriental”常见于学术阅读中。||请尝试用“oriental”造句。,cet6-core source:ecdict family:orientals
orientation,.ɒ:rien'teiʃәn,n.,"n. 定方位, 适应, 向东方\nn. 方向\n[计] 方向","The word ""orientation"" appears in many academic texts.||Try to use ""orientation"" in a sentence.",“orientation”常见于学术阅读中。||请尝试用“orientation”造句。,cet6-core source:ecdict family:orientations
origin,'ɒridʒin,n.,"n. 起源, 起因, 出身, 开端\n[计] 原点; 起始地址; 信件来源的相关数据","The word ""origin"" appears in many academic texts.||Try to use ""origin"" in a sentence.",“origin”常见于学术阅读中。||请尝试用“origin”造句。,cet6-core source:ecdict family:origins
original,ә'ridʒәnl,adj.,"a. 最初的, 原始的, 有创意的\nn. 原物, 原作","The word ""original"" appears in many academic texts.||Try to use ""original"" in a sentence.",“original”常见于学术阅读中。||请尝试用“original”造句。,cet6-core source:ecdict family:originals
originate,ә'ridʒineit,vt.,"vt. 创始, 发明, 发起\nvi. 发源, 发生, 起航\n[计] 发自","The word ""originate"" appears in many academic texts.||Try to use ""originate"" in a sentence.",“originate”常见于学术阅读中。||请尝试用“originate”造句。,cet6-core source:ecdict family:originated family:originating family:originates
ornament,'ɒ:nәmәnt,n.,"n. 装饰, 点缀品, 教堂用品\nvt. 装饰, 修饰","The word ""ornament"" appears in many academic texts.||Try to use ""ornament"" in a sentence.",“ornament”常见于学术阅读中。||请尝试用“ornament”造句。,cet6-core source:ecdict family:ornaments family:ornamented family:ornamenting
orthodox,'ɒ:θәdɒks,adj.,"a. 正统的, 传统的, 惯常的","The word ""orthodox"" appears in many academic texts.||Try to use ""orthodox"" in a sentence.",“orthodox”常见于学术阅读中。||请尝试用“orthodox”造句。,cet6-core source:ecdict
outbreak,'autbreik,n.,"n. 爆发, 暴动\n[医] 暴发","The word ""outbreak"" appears in many academic texts.||Try to use ""outbreak"" in a sentence.",“outbreak”常见于学术阅读中。||请尝试用“outbreak”造句。,cet6-core source:ecdict family:outbreaks
outfit,'autfit,n.,"n. 用具, 配备, 机构\nvt. 配备, 供应\nvi. 得到装备","The word ""outfit"" appears in many academic texts.||Try to use ""outfit"" in a sentence.",“outfit”常见于学术阅读中。||请尝试用“outfit”造句。,cet6-core source:ecdict family:outfits family:outfitting family:outfitted
outline,'autlain,n.,"n. 大纲, 轮廓, 概要\nvt. 描画轮廓, 描述要点\nn. 大纲, 分级, 轮廓\n[计] 大纲, 分级, 轮廓","The word ""outline"" appears in many academic texts.||Try to use ""outline"" in a sentence.",“outline”常见于学术阅读中。||请尝试用“outline”造句。,cet6-core source:ecdict family:outlined family:outlines family:outlining
output,'autput,n.,"n. 输出, 产品, 产量\n[计] 输出","The word ""output"" appears in many academic texts.||Try to use ""output"" in a sentence.",“output”常见于学术阅读中。||请尝试用“output”造句。,cet6-core source:ecdict family:outputs family:d family:outputting
outrage,'autreidʒ,n.,"n. 暴行, 侮辱, 愤怒\nvt. 凌辱, 虐待, 触犯","The word ""outrage"" appears in many academic texts.||Try to use ""outrage"" in a sentence.",“outrage”常见于学术阅读中。||请尝试用“outrage”造句。,cet6-core source:ecdict family:outrages family:outraging family:outraged
outset,'autset,n.,"n. 着手, 开头, 最初","The word ""outset"" appears in many academic texts.||Try to use ""outset"" in a sentence.",“outset”常见于学术阅读中。||请尝试用“outset”造句。,cet6-core source:ecdict
outward,'autwәd,adj.,"a. 向外的, 表面的, 外服的\nadv. 向外, 在外, 表面","The word ""outward"" appears in many academic texts.||Try to use ""outward"" in a sentence.",“outward”常见于学术阅读中。||请尝试用“outward”造句。,cet6-core source:ecdict
overcome,.әuvә'kʌm,vt.,"vt. 战胜, 克服, 胜过\nvi. 得胜","The word ""overcome"" appears in many academic texts.||Try to use ""overcome"" in a sentence.",“overcome”常见于学术阅读中。||请尝试用“overcome”造句。,cet6-core source:ecdict family:d family:overcoming family:overcame family:overcomes
overflow,.әuvә'flәu,n.,"n. 溢值, 超值, 泛滥\nv. (使)泛滥, (使)溢出, (使)充溢\n[计] 上溢; 溢出","The word ""overflow"" appears in many academic texts.||Try to use ""overflow"" in a sentence.",“overflow”常见于学术阅读中。||请尝试用“overflow”造句。,cet6-core source:ecdict family:overflowing family:overflowed family:overflows
overhead,'әuvәhed,n.,"n. 经常开支, 普通用费, 天花板\na. 在头上的, 高架的\nadv. 在头顶上, 在空中, 在高处, 从头到脚全部没入地\n[计] 总开销; 额外开销","The word ""overhead"" appears in many academic texts.||Try to use ""overhead"" in a sentence.",“overhead”常见于学术阅读中。||请尝试用“overhead”造句。,cet6-core source:ecdict family:overheads
overhear,.әuvә'hiә,vt.,"vt. 无意中听到, 偷听","The word ""overhear"" appears in many academic texts.||Try to use ""overhear"" in a sentence.",“overhear”常见于学术阅读中。||请尝试用“overhear”造句。,cet6-core source:ecdict family:overheard family:overhearing family:overhears
overlap,.әuvә'læp,n.,"n. 重叠, 重复, 部分的同时发生\nvt. 重叠, 重复, 与...同时发生\nvi. 迭盖, 部分的同时发生\n[计] 重叠","The word ""overlap"" appears in many academic texts.||Try to use ""overlap"" in a sentence.",“overlap”常见于学术阅读中。||请尝试用“overlap”造句。,cet6-core source:ecdict family:overlapping family:overlaps family:overlapped
overlook,.әuvә'luk,vt.,"vt. 俯瞰, 远眺, 没注意到\nn. 眺望, 俯瞰到的景色","The word ""overlook"" appears in many academic texts.||Try to use ""overlook"" in a sentence.",“overlook”常见于学术阅读中。||请尝试用“overlook”造句。,cet6-core source:ecdict family:overlooking family:overlooked family:overlooks
overpass,'әuvәpɑ:s,n.,"n. 天桥, 旱桥, 立交桥\nvt. 超越, 胜过, 通过, 忽略, 侵犯","The word ""overpass"" appears in many academic texts.||Try to use ""overpass"" in a sentence.",“overpass”常见于学术阅读中。||请尝试用“overpass”造句。,cet6-core source:ecdict family:overpasses
overt,'әuvә:t,adj.,"a. 明显的, 公然的, 蓄意的\n[法] 明显的, 公开的","The word ""overt"" appears in many academic texts.||Try to use ""overt"" in a sentence.",“overt”常见于学术阅读中。||请尝试用“overt”造句。,cet6-core source:ecdict
overthrow,.әuvә'θrәu,n.,"n. 推翻, 瓦解, 倾覆\nvt. 打倒, 推翻, 倾覆","The word ""overthrow"" appears in many academic texts.||Try to use ""overthrow"" in a sentence.",“overthrow”常见于学术阅读中。||请尝试用“overthrow”造句。,cet6-core source:ecdict family:overthrown family:overthrowing family:overthrows family:overthrew
overturn,.әuvә'tә:n,n.,"n. 倾覆, 破灭, 革命\nvt. 推翻, 颠倒\nvi. 翻倒","The word ""overturn"" appears in many academic texts.||Try to use ""overturn"" in a sentence.",“overturn”常见于学术阅读中。||请尝试用“overturn”造句。,cet6-core source:ecdict family:overturned family:overturning family:overturns
overwhelm,.әuvә'hwelm,vt.,"vt. 淹没, 受打击, 制服, 压倒, 使不知所措\n[法] 打翻, 倾覆, 覆盖","The word ""overwhelm"" appears in many academic texts.||Try to use ""overwhelm"" in a sentence.",“overwhelm”常见于学术阅读中。||请尝试用“overwhelm”造句。,cet6-core source:ecdict family:overwhelmed family:overwhelms family:overwhelming
overwhelming,.әuvә'hwelmiŋ,adj.,"a. 压倒性的, 无法抵抗的","The word ""overwhelming"" appears in many academic texts.||Try to use ""overwhelming"" in a sentence.",“overwhelming”常见于学术阅读中。||请尝试用“overwhelming”造句。,cet6-core source:ecdict family:i family:overwhelm
owe,әu,vt.,"vt. 亏欠, 负...债, 归功于, 怀有, 应给予, 感恩\nvi. 欠钱","The word ""owe"" appears in many academic texts.||Try to use ""owe"" in a sentence.",“owe”常见于学术阅读中。||请尝试用“owe”造句。,cet6-core source:ecdict family:owing family:owed family:owes
owl,aul,n.,n. 猫头鹰\n[法] 走私,"The word ""owl"" appears in many academic texts.||Try to use ""owl"" in a sentence.",“owl”常见于学术阅读中。||请尝试用“owl”造句。,cet6-core source:ecdict family:owls
oxide,'ɒksaid,n.,n. 氧化物\n[医] 氧化物,"The word ""oxide"" appears in many academic texts.||Try to use ""oxide"" in a sentence.",“oxide”常见于学术阅读中。||请尝试用“oxide”造句。,cet6-core source:ecdict family:oxides
oxygen,'ɒksәdʒәn,n.,n. 氧\n[化] 氧O-2,"The word ""oxygen"" appears in many academic texts.||Try to use ""oxygen"" in a sentence.",“oxygen”常见于学术阅读中。||请尝试用“oxygen”造句。,cet6-core source:ecdict family:oxygens
ozone,'әuzәun,n.,"n. 新鲜的空气, 臭氧, 使人愉快的影响\n[化] 臭氧","The word ""ozone"" appears in many academic texts.||Try to use ""ozone"" in a sentence.",“ozone”常见于学术阅读中。||请尝试用“ozone”造句。,cet6-core source:ecdict
package,'pækidʒ,n.,"n. 包裹, 套装软件, 包, 包装用物, 程序包\nvt. 包装, 打包\na. 一揽子的\n[计] 包, 软件包, 包装","The word ""package"" appears in many academic texts.||Try to use ""package"" in a sentence.",“package”常见于学术阅读中。||请尝试用“package”造句。,cet6-core source:ecdict family:packages family:packaged family:packaging
pact,pækt,n.,"n. 契约, 协定, 条约\n[化] 合同","The word ""pact"" appears in many academic texts.||Try to use ""pact"" in a sentence.",“pact”常见于学术阅读中。||请尝试用“pact”造句。,cet6-core source:ecdict family:pacts
pamphlet,'pæmflit,n.,"n. 小册子, 活页文选","The word ""pamphlet"" appears in many academic texts.||Try to use ""pamphlet"" in a sentence.",“pamphlet”常见于学术阅读中。||请尝试用“pamphlet”造句。,cet6-core source:ecdict family:pamphlets
panic,'pænik,n.,"n. 恐慌, 惊慌\na. 惊慌的, 没有理由的, 恐慌的\nvt. 使惊慌, 使狂热\nvi. 惊慌","The word ""panic"" appears in many academic texts.||Try to use ""panic"" in a sentence.",“panic”常见于学术阅读中。||请尝试用“panic”造句。,cet6-core source:ecdict family:panicking family:panics family:panicked
paperback,'peipәbæk,n.,"n. 平装本, 纸面本","The word ""paperback"" appears in many academic texts.||Try to use ""paperback"" in a sentence.",“paperback”常见于学术阅读中。||请尝试用“paperback”造句。,cet6-core source:ecdict family:paperbacks family:paperbacked
paradise,'pærәdais,n.,"n. 天堂, 乐园, 伊甸园","The word ""paradise"" appears in many academic texts.||Try to use ""paradise"" in a sentence.",“paradise”常见于学术阅读中。||请尝试用“paradise”造句。,cet6-core source:ecdict family:paradises
paradox,'pærәdɒks,n.,"n. 似非而是的论点, 自相矛盾的话, 悖论, 怪人怪事\n[化] 佯谬","The word ""paradox"" appears in many academic texts.||Try to use ""paradox"" in a sentence.",“paradox”常见于学术阅读中。||请尝试用“paradox”造句。,cet6-core source:ecdict family:paradoxes
paragraph,'pærәgrɑ:f,n.,"n. 段落, 短评\nvt. 将...分段, 分段落\nvi. 写短讯\n[计] 段落","The word ""paragraph"" appears in many academic texts.||Try to use ""paragraph"" in a sentence.",“paragraph”常见于学术阅读中。||请尝试用“paragraph”造句。,cet6-core source:ecdict family:paragraphs family:paragraphing family:paragraphed
parallel,'pærәlel,n.,"n. 平行, 对比, 相匹敌之物\na. 平行的, 相似的\nvt. 与...平行, 与...相似, 相比, 使平行\n[计] 并联; 并行","The word ""parallel"" appears in many academic texts.||Try to use ""parallel"" in a sentence.",“parallel”常见于学术阅读中。||请尝试用“parallel”造句。,cet6-core source:ecdict family:parallels family:paralleling family:parallelled
paralyze,'pærәlaiz,vt.,"vt. 使瘫痪, 使麻痹\n[医] 使麻痹, 使瘫痪","The word ""paralyze"" appears in many academic texts.||Try to use ""paralyze"" in a sentence.",“paralyze”常见于学术阅读中。||请尝试用“paralyze”造句。,cet6-core source:ecdict family:paralyzed family:paralyzes family:paralyzing
parameter,pә'ræmitә,n.,"n. 参变数, 参变量, 参数, 参量\n[计] 参量; 参数","The word ""parameter"" appears in many academic texts.||Try to use ""parameter"" in a sentence.",“parameter”常见于学术阅读中。||请尝试用“parameter”造句。,cet6-core source:ecdict family:parameters
parasite,'pærәsait,n.,"n. 寄生生物, 寄生虫, 食客\n[医] 寄生物; 寄生胎","The word ""parasite"" appears in many academic texts.||Try to use ""parasite"" in a sentence.",“parasite”常见于学术阅读中。||请尝试用“parasite”造句。,cet6-core source:ecdict family:parasites
partial,'pɑ:ʃәl,adj.,"a. 部分的, 偏袒的, 偏爱的\nn. 分音","The word ""partial"" appears in many academic texts.||Try to use ""partial"" in a sentence.",“partial”常见于学术阅读中。||请尝试用“partial”造句。,cet6-core source:ecdict family:partials
participant,pɑ:'tisipәnt,n.,"n. 参加者, 参与者\na. 有份的, 参加的, 参与的","The word ""participant"" appears in many academic texts.||Try to use ""participant"" in a sentence.",“participant”常见于学术阅读中。||请尝试用“participant”造句。,cet6-core source:ecdict family:participants
partition,pɑ:'tiʃәn,n.,"n. 分割, 隔离物, 隔墙, 财产分割\nvt. 区分, 瓜分, 隔开, 分割\n[计] 分区; 划分","The word ""partition"" appears in many academic texts.||Try to use ""partition"" in a sentence.",“partition”常见于学术阅读中。||请尝试用“partition”造句。,cet6-core source:ecdict family:partitioned family:partitions family:partitioning
passion,'pæʃәn,n.,"n. 激情, 酷爱, 热爱, 强烈感情, 耶稣受难(故事)","The word ""passion"" appears in many academic texts.||Try to use ""passion"" in a sentence.",“passion”常见于学术阅读中。||请尝试用“passion”造句。,cet6-core source:ecdict family:passions
passive,'pæsiv,adj.,"a. 消极的, 被动的, 冷漠的, 顺从的, 无源的\n[医] 被动的","The word ""passive"" appears in many academic texts.||Try to use ""passive"" in a sentence.",“passive”常见于学术阅读中。||请尝试用“passive”造句。,cet6-core source:ecdict family:passives
pastime,'pæstaim,n.,"n. 消遣, 娱乐, 游戏","The word ""pastime"" appears in many academic texts.||Try to use ""pastime"" in a sentence.",“pastime”常见于学术阅读中。||请尝试用“pastime”造句。,cet6-core source:ecdict family:pastimes
pastry,'peistri,n.,"n. 油酥点心, 面粉糕饼","The word ""pastry"" appears in many academic texts.||Try to use ""pastry"" in a sentence.",“pastry”常见于学术阅读中。||请尝试用“pastry”造句。,cet6-core source:ecdict family:pastries
pasture,'pæstʃә,n.,"n. 牧场, 草地, 牧草\nvt. 放牧\nvi. 吃草","The word ""pasture"" appears in many academic texts.||Try to use ""pasture"" in a sentence.",“pasture”常见于学术阅读中。||请尝试用“pasture”造句。,cet6-core source:ecdict family:pastures family:pastured family:pasturing
patent,'pætnt. 'peitnt,n.,"n. 专利权, 许可证, 执照, 专利品, 素质\na. 专利的, 特许的, 显著的, 新奇的\nvt. 取得...的专利权, 请准专利","The word ""patent"" appears in many academic texts.||Try to use ""patent"" in a sentence.",“patent”常见于学术阅读中。||请尝试用“patent”造句。,cet6-core source:ecdict family:patents family:patented family:patenting
pathetic,pә'θetik,adj.,"a. 悲哀的, 可怜的, 感伤的, 差劲的\n[医] 感情的","The word ""pathetic"" appears in many academic texts.||Try to use ""pathetic"" in a sentence.",“pathetic”常见于学术阅读中。||请尝试用“pathetic”造句。,cet6-core source:ecdict family:pathetics
patriot,'peitriәt,n.,"n. 爱国者, 爱国主义者","The word ""patriot"" appears in many academic texts.||Try to use ""patriot"" in a sentence.",“patriot”常见于学术阅读中。||请尝试用“patriot”造句。,cet6-core source:ecdict family:patriots
patriotic,.peitri'ɒtik,adj.,"a. 爱国的, 有爱国心的\n[法] 爱国的, 有爱国心的","The word ""patriotic"" appears in many academic texts.||Try to use ""patriotic"" in a sentence.",“patriotic”常见于学术阅读中。||请尝试用“patriotic”造句。,cet6-core source:ecdict
patrol,pә'trәul,n.,"n. 巡逻, 巡逻员, 侦察队\nv. 巡逻, 巡视","The word ""patrol"" appears in many academic texts.||Try to use ""patrol"" in a sentence.",“patrol”常见于学术阅读中。||请尝试用“patrol”造句。,cet6-core source:ecdict family:patrols family:patrolling family:patrolled
patron,'peitrәn,n.,"n. 赞助人, 顾客, 保护人\n[法] 保护人, 庇护人, 赞助人","The word ""patron"" appears in many academic texts.||Try to use ""patron"" in a sentence.",“patron”常见于学术阅读中。||请尝试用“patron”造句。,cet6-core source:ecdict family:patrons
pattern,'pætәn,n.,"n. 模范, 典型, 式样, 样品, 图案, 格调, 模式\nvt. 模仿, 仿造, 以图案装饰\nvi. 形成图案\n[计] 模式, 图案","The word ""pattern"" appears in many academic texts.||Try to use ""pattern"" in a sentence.",“pattern”常见于学术阅读中。||请尝试用“pattern”造句。,cet6-core source:ecdict family:patterns family:patterning family:patterned
pave,peiv,vt.,"vt. 铺设, 安排, 铺满, 为...铺路\n[化] 铺设","The word ""pave"" appears in many academic texts.||Try to use ""pave"" in a sentence.",“pave”常见于学术阅读中。||请尝试用“pave”造句。,cet6-core source:ecdict family:paved family:paving family:paves
peak,pi:k,n.,"n. 山峰, 巅, 山顶, 顶点, 尖峰, 帽舌\na. 最高的, 最大值的\nvi. 到达最高点, 消瘦, 变憔悴, 逐渐缩小\nvt. 使竖起, 使达到最高点","The word ""peak"" appears in many academic texts.||Try to use ""peak"" in a sentence.",“peak”常见于学术阅读中。||请尝试用“peak”造句。,cet6-core source:ecdict family:peaks family:peaked family:peaking
pearl,pә:l,n.,"n. 珍珠, 珠灰色, 杰出者, 珍贵之物\nvt. 用珍珠镶, 使成珠状\nvi. 成珠子状, 采珍珠, 用珍珠做","The word ""pearl"" appears in many academic texts.||Try to use ""pearl"" in a sentence.",“pearl”常见于学术阅读中。||请尝试用“pearl”造句。,cet6-core source:ecdict family:pearls family:pearling family:pearled
peculiar,pi'kju:ljә,adj.,"a. 奇特的, 罕见的, 特殊的, 特别的\nn. 特有财产, 特权","The word ""peculiar"" appears in many academic texts.||Try to use ""peculiar"" in a sentence.",“peculiar”常见于学术阅读中。||请尝试用“peculiar”造句。,cet6-core source:ecdict family:peculiars
pedal,'pedl,n.,"n. 踏板, 脚蹬子\na. 脚的, 脚踏的\nvt. 用脚踏动\nvi. 踩踏板, 骑车","The word ""pedal"" appears in many academic texts.||Try to use ""pedal"" in a sentence.",“pedal”常见于学术阅读中。||请尝试用“pedal”造句。,cet6-core source:ecdict family:pedals family:pedalling family:pedalled
pedestrian,pә'destriәn,n.,"n. 行人, 步行者\na. 人行的, 徒步的, 呆板的, 通俗的, 平淡无奇的","The word ""pedestrian"" appears in many academic texts.||Try to use ""pedestrian"" in a sentence.",“pedestrian”常见于学术阅读中。||请尝试用“pedestrian”造句。,cet6-core source:ecdict family:pedestrians
peel,pi:l,n.,"n. 皮, 外壳\nvt. 削...皮, 剥去...的壳\nvi. 蜕皮, 剥落, 脱皮, 脱去衣服","The word ""peel"" appears in many academic texts.||Try to use ""peel"" in a sentence.",“peel”常见于学术阅读中。||请尝试用“peel”造句。,cet6-core source:ecdict family:peeled family:peeling family:peels
peg,peg,n.,"n. 钉, 桩, 栓, 藉口, 销子, 借口\nvt. 钉木钉, 固定, 限制, 使受约束\nvi. 坚持不懈地奋力于, 疾行","The word ""peg"" appears in many academic texts.||Try to use ""peg"" in a sentence.",“peg”常见于学术阅读中。||请尝试用“peg”造句。,cet6-core source:ecdict family:pegs family:pegged family:pegging
penalty,'penәlti,n.,"n. 处罚, 刑罚, 罚款, 罚球, 报应, 不利结果, 妨碍\n[经] 罚金(款), 违约金","The word ""penalty"" appears in many academic texts.||Try to use ""penalty"" in a sentence.",“penalty”常见于学术阅读中。||请尝试用“penalty”造句。,cet6-core source:ecdict family:penalties
pendulum,'pendʒәlәm,n.,"n. 钟摆, 摇锤, 摇摆不定的事态(或局面)\n[化] 摆","The word ""pendulum"" appears in many academic texts.||Try to use ""pendulum"" in a sentence.",“pendulum”常见于学术阅读中。||请尝试用“pendulum”造句。,cet6-core source:ecdict family:pendulums
penguin,'pengwin,n.,"n. 企鹅, 空军地勤人员","The word ""penguin"" appears in many academic texts.||Try to use ""penguin"" in a sentence.",“penguin”常见于学术阅读中。||请尝试用“penguin”造句。,cet6-core source:ecdict family:penguins
peninsula,pi'ninsjulә,n.,"n. 半岛, 突出的地方, 伊比利亚半岛","The word ""peninsula"" appears in many academic texts.||Try to use ""peninsula"" in a sentence.",“peninsula”常见于学术阅读中。||请尝试用“peninsula”造句。,cet6-core source:ecdict family:peninsulas
perception,pә'sepʃәn,n.,"n. 知觉, 感觉, 领悟力, 获取\n[医] 知觉","The word ""perception"" appears in many academic texts.||Try to use ""perception"" in a sentence.",“perception”常见于学术阅读中。||请尝试用“perception”造句。,cet6-core source:ecdict family:perceptions
perfection,pә'fekʃәn,n.,"n. 完美, 完成, 极端\n[经] 完整性","The word ""perfection"" appears in many academic texts.||Try to use ""perfection"" in a sentence.",“perfection”常见于学术阅读中。||请尝试用“perfection”造句。,cet6-core source:ecdict family:perfections
performance,pә'fɒ:mәns,n.,"n. 施行, 工作情况, 成绩, 行为, 表现, 演出\n[电] 绩效, 性能","The word ""performance"" appears in many academic texts.||Try to use ""performance"" in a sentence.",“performance”常见于学术阅读中。||请尝试用“performance”造句。,cet6-core source:ecdict family:performances
perfume,'pә:fju:m,n.,"n. 香水, 香气, (悦人的)气氛, 美名\nvt. 洒香水于, 薰香, 使充满香气","The word ""perfume"" appears in many academic texts.||Try to use ""perfume"" in a sentence.",“perfume”常见于学术阅读中。||请尝试用“perfume”造句。,cet6-core source:ecdict family:perfumes family:perfumed family:perfuming
periodic,.piәri'ɒdik,adj.,"a. 周期的, 定期的, 间歇(性)的, 循环的, 用完整句的, 高碘的\n[医] 周期性的","The word ""periodic"" appears in many academic texts.||Try to use ""periodic"" in a sentence.",“periodic”常见于学术阅读中。||请尝试用“periodic”造句。,cet6-core source:ecdict
periodical,.piәri'ɒdikl,n.,"n. 期刊\na. 定期出版的, (有关)期刊的, 间歇(性的), 周期的, 定期的","The word ""periodical"" appears in many academic texts.||Try to use ""periodical"" in a sentence.",“periodical”常见于学术阅读中。||请尝试用“periodical”造句。,cet6-core source:ecdict family:periodicals
perish,'periʃ,vi.,"vi. 毁灭, 丧生, 凋谢, 颓丧, 死亡, 腐烂\nvt. 毁坏, 使麻木, 使丧生, 耗尽","The word ""perish"" appears in many academic texts.||Try to use ""perish"" in a sentence.",“perish”常见于学术阅读中。||请尝试用“perish”造句。,cet6-core source:ecdict family:perished family:perishing family:perishes
permanent,'pә:mәnәnt,adj.,"a. 永久的, 不变的, 固定的, 持久的\nn. 烫发\n[计] 永久的","The word ""permanent"" appears in many academic texts.||Try to use ""permanent"" in a sentence.",“permanent”常见于学术阅读中。||请尝试用“permanent”造句。,cet6-core source:ecdict
permeate,'pә:mieit,vt.,"vt. 弥漫, 渗透, 充满, 影响, 感染\nvi. 透入, 散布","The word ""permeate"" appears in many academic texts.||Try to use ""permeate"" in a sentence.",“permeate”常见于学术阅读中。||请尝试用“permeate”造句。,cet6-core source:ecdict family:permeates family:permeated family:permeating
permissible,pә'misәbl,adj.,"a. 可允许的, 可容许程度的\n[机] 容许, 允许","The word ""permissible"" appears in many academic texts.||Try to use ""permissible"" in a sentence.",“permissible”常见于学术阅读中。||请尝试用“permissible”造句。,cet6-core source:ecdict
perpetual,pә'petʃuәl,adj.,"a. 永久的, 不断的, 无期限的, 没完没了的, 四季开花的\n[经] 永远的, 终身的, 持续的","The word ""perpetual"" appears in many academic texts.||Try to use ""perpetual"" in a sentence.",“perpetual”常见于学术阅读中。||请尝试用“perpetual”造句。,cet6-core source:ecdict family:perpetuals
perplex,pә'pleks,vt.,"vt. 使困惑, 使复杂化, 使为难\n[法] 困惑, 使复杂化, 使纠缠不清","The word ""perplex"" appears in many academic texts.||Try to use ""perplex"" in a sentence.",“perplex”常见于学术阅读中。||请尝试用“perplex”造句。,cet6-core source:ecdict family:perplexed family:perplexing family:perplexes
persist,pә'sist,vi.,"vi. 坚持, 固执, 持续, 坚称\n[经] 持续","The word ""persist"" appears in many academic texts.||Try to use ""persist"" in a sentence.",“persist”常见于学术阅读中。||请尝试用“persist”造句。,cet6-core source:ecdict family:persisted family:persists family:persisting
persistent,pә'sistәnt,adj.,"a. 固执的, 坚持的, 持续的, 作用持久的\n[法] 坚持的, 固执的, 持续的","The word ""persistent"" appears in many academic texts.||Try to use ""persistent"" in a sentence.",“persistent”常见于学术阅读中。||请尝试用“persistent”造句。,cet6-core source:ecdict
perspective,pә'spektiv,n.,"n. 远景, 透视感, (观察问题的)视角, 透视法, 看法, 透视图\na. 透视的, 透视法的\n[计] 透视","The word ""perspective"" appears in many academic texts.||Try to use ""perspective"" in a sentence.",“perspective”常见于学术阅读中。||请尝试用“perspective”造句。,cet6-core source:ecdict family:perspectives
persuasion,pә'sweiʒәn,n.,"n. 说服, 信念, 派别, 说服力","The word ""persuasion"" appears in many academic texts.||Try to use ""persuasion"" in a sentence.",“persuasion”常见于学术阅读中。||请尝试用“persuasion”造句。,cet6-core source:ecdict family:persuasions
pessimistic,.pesi'mistik,adj.,"a. 悲观的, 厌世的, 悲观主义的","The word ""pessimistic"" appears in many academic texts.||Try to use ""pessimistic"" in a sentence.",“pessimistic”常见于学术阅读中。||请尝试用“pessimistic”造句。,cet6-core source:ecdict
pest,pest,n.,"n. 令人讨厌之物, 有害之物, 害虫, 瘟疫\n[医] 鼠疫, 瘟疫","The word ""pest"" appears in many academic texts.||Try to use ""pest"" in a sentence.",“pest”常见于学术阅读中。||请尝试用“pest”造句。,cet6-core source:ecdict family:pests
petition,pi'tiʃәn,n.,"n. 请愿, 诉状, 陈情书, 申请, 祈求, 祷文\nv. 正式请求, 恳求, 请愿","The word ""petition"" appears in many academic texts.||Try to use ""petition"" in a sentence.",“petition”常见于学术阅读中。||请尝试用“petition”造句。,cet6-core source:ecdict family:petitions family:petitioned family:petitioning
petty,'peti,adj.,"a. 琐碎的, 小规模的, 小气的, 委琐的\n[经] 小额的, 微小的, 小规模的","The word ""petty"" appears in many academic texts.||Try to use ""petty"" in a sentence.",“petty”常见于学术阅读中。||请尝试用“petty”造句。,cet6-core source:ecdict family:pettier family:pettys family:pettiest
phase,feiz,n.,"n. 时期, 局面, 方面, 位相, 相, 阶段\nvt. 使调整相位, 使定相, 使一致, 逐步执行, 实行\n[计] 阶段","The word ""phase"" appears in many academic texts.||Try to use ""phase"" in a sentence.",“phase”常见于学术阅读中。||请尝试用“phase”造句。,cet6-core source:ecdict family:phases family:phased family:phasing
phenomenon,fi'nɒminәn,n.,"n. 现象, 迹象, 表现, 奇迹, 奇才\n[化] 现象","The word ""phenomenon"" appears in many academic texts.||Try to use ""phenomenon"" in a sentence.",“phenomenon”常见于学术阅读中。||请尝试用“phenomenon”造句。,cet6-core source:ecdict family:phenomena
physiological,.fiziә'lɒdʒikl,adj.,"a. 生理学的, 生理学上的, 生理机能的\n[医] 生理学的, 生理的","The word ""physiological"" appears in many academic texts.||Try to use ""physiological"" in a sentence.",“physiological”常见于学术阅读中。||请尝试用“physiological”造句。,cet6-core source:ecdict
pilgrim,'pilgrim,n.,"n. 旅行者, 朝圣者, 香客\nvi. 朝圣","The word ""pilgrim"" appears in many academic texts.||Try to use ""pilgrim"" in a sentence.",“pilgrim”常见于学术阅读中。||请尝试用“pilgrim”造句。,cet6-core source:ecdict family:pilgrims
pirate,'paiәrәt,n.,"n. 海盗, 盗印者, 侵犯专利权者\nvt. 盗印, 掠夺, 翻印\nvi. 做海盗, 从事劫掠","The word ""pirate"" appears in many academic texts.||Try to use ""pirate"" in a sentence.",“pirate”常见于学术阅读中。||请尝试用“pirate”造句。,cet6-core source:ecdict family:pirates family:pirated family:pirating
pistol,'pistl,n.,"n. 手枪, 信号枪\nvt. 以手枪杀死(或伤害)","The word ""pistol"" appears in many academic texts.||Try to use ""pistol"" in a sentence.",“pistol”常见于学术阅读中。||请尝试用“pistol”造句。,cet6-core source:ecdict family:pistols
pitch,pitʃ,n.,"n. 程度, 坡度, 顶点, 前倾, 倾斜, 投掷, 音高, 螺距, 节距, 摊位, 树脂, 沥青\nvt. 投, 掷, 向前倾跌, 扎营, 竭力推销, 为...定调, 定位于, 用沥青涂\nvi. 搭帐篷, 投掷, 向前跌, 猛然摔倒, 坠落, 倾斜\n[计] 孔距","The word ""pitch"" appears in many academic texts.||Try to use ""pitch"" in a sentence.",“pitch”常见于学术阅读中。||请尝试用“pitch”造句。,cet6-core source:ecdict family:pitches family:pitched family:pitching
plague,pleig,n.,"n. 瘟疫, 天罚, 麻烦, 灾祸\nvt. 折磨, 使苦恼, 使得灾祸","The word ""plague"" appears in many academic texts.||Try to use ""plague"" in a sentence.",“plague”常见于学术阅读中。||请尝试用“plague”造句。,cet6-core source:ecdict family:plagued family:plagues family:plaguing
planet,'plænit,n.,"n. 行星, 命运星辰, 杰出的人, 重大影响的事","The word ""planet"" appears in many academic texts.||Try to use ""planet"" in a sentence.",“planet”常见于学术阅读中。||请尝试用“planet”造句。,cet6-core source:ecdict family:planets
plaster,'plæstә,n.,"n. 石膏, 灰泥, 安慰(缓解)用品, 膏药\nvt. 涂以灰泥, 敷以膏药, 掩饰, 使平服, 彻底击败, 减轻, 粘贴","The word ""plaster"" appears in many academic texts.||Try to use ""plaster"" in a sentence.",“plaster”常见于学术阅读中。||请尝试用“plaster”造句。,cet6-core source:ecdict family:plastered family:plasters family:plastering
plateau,plæ'tәu,n.,"n. 高地, 高原, (上升后的)稳定水平\n[医] 高原, 平顶, 坪","The word ""plateau"" appears in many academic texts.||Try to use ""plateau"" in a sentence.",“plateau”常见于学术阅读中。||请尝试用“plateau”造句。,cet6-core source:ecdict family:plateaus
plausible,'plɒ:zibl,adj.,"a. 貌似真实的, 貌似合理的, 说得煞有其事的\n[法] 花言巧语的, 似乎有理的","The word ""plausible"" appears in many academic texts.||Try to use ""plausible"" in a sentence.",“plausible”常见于学术阅读中。||请尝试用“plausible”造句。,cet6-core source:ecdict
plea,pli:,n.,"n. 恳求, 辩解, 抗辩, 诉讼, 请愿, 托词\n[法] 抗辩, 申诉案件, 答辩","The word ""plea"" appears in many academic texts.||Try to use ""plea"" in a sentence.",“plea”常见于学术阅读中。||请尝试用“plea”造句。,cet6-core source:ecdict family:pleas
plead,pli:d,vi.,"vi. 辩护, 恳求\nvt. 为...辩护, 提出...借口, 托称, 恳求","The word ""plead"" appears in many academic texts.||Try to use ""plead"" in a sentence.",“plead”常见于学术阅读中。||请尝试用“plead”造句。,cet6-core source:ecdict family:pleaded family:pleading family:pleads
pledge,pledʒ,n.,"n. 诺言, 保证, 誓言, 抵押, 信物, 保人, 祝愿\nvt. 许诺, 保证, 使发誓, 抵押, 典当, 举杯祝...健康","The word ""pledge"" appears in many academic texts.||Try to use ""pledge"" in a sentence.",“pledge”常见于学术阅读中。||请尝试用“pledge”造句。,cet6-core source:ecdict family:pledged family:pledges family:pledging
plunge,plʌndʒ,n.,"n. 钻进, 跳进, 跳水, 跳水池, 猛跌, 落下, 投入, 开始从事, 盲目投资\nvi. 投入, 投身于, 跳进, 陷入, 下降\nvt. 使投入, 使插入, 使陷入, 使遭受","The word ""plunge"" appears in many academic texts.||Try to use ""plunge"" in a sentence.",“plunge”常见于学术阅读中。||请尝试用“plunge”造句。,cet6-core source:ecdict family:plunged family:plunging family:plunges
poetry,'pәuitri,n.,"n. 诗, 韵文, 诗歌艺术","The word ""poetry"" appears in many academic texts.||Try to use ""poetry"" in a sentence.",“poetry”常见于学术阅读中。||请尝试用“poetry”造句。,cet6-core source:ecdict
poisonous,'pɒizәnәs,adj.,"a. 有毒的, 恶毒的, 讨厌的\n[医] 有毒的","The word ""poisonous"" appears in many academic texts.||Try to use ""poisonous"" in a sentence.",“poisonous”常见于学术阅读中。||请尝试用“poisonous”造句。,cet6-core source:ecdict
poke,pәuk,n.,"n. 刺, 戳, 袋子\nvt. 戳, 捅, 拨弄, 刺\nvi. 戳, 刺, 捅, 搜索, 伸出, 行动散慢\n[计] 存数","The word ""poke"" appears in many academic texts.||Try to use ""poke"" in a sentence.",“poke”常见于学术阅读中。||请尝试用“poke”造句。,cet6-core source:ecdict family:poked family:poking family:pokes
polar,'pәulә,adj.,"a. 两极的, 极地的, 正好相反的, 极性的\nn. 极线, 极面","The word ""polar"" appears in many academic texts.||Try to use ""polar"" in a sentence.",“polar”常见于学术阅读中。||请尝试用“polar”造句。,cet6-core source:ecdict family:polars
pole,pәul,n.,"n. 波兰人, 极点, 磁极, 电极, 杆, 竿, 相反的极端\nvt. 用竿支撑\nvi. 撑篙","The word ""pole"" appears in many academic texts.||Try to use ""pole"" in a sentence.",“pole”常见于学术阅读中。||请尝试用“pole”造句。,cet6-core source:ecdict family:poles family:poling family:poled
polish,'pɒliʃ,adj.,"a. 波兰的\nn. 波兰人, 上光剂, 光泽, 优雅\nvt. 擦亮, 擦去, 使完美\nvi. 擦亮, 变得光亮","The word ""polish"" appears in many academic texts.||Try to use ""polish"" in a sentence.",“polish”常见于学术阅读中。||请尝试用“polish”造句。,cet6-core source:ecdict family:polished family:polishing family:polishes
ponder,'pɒndә,v.,"v. 沉思, 考虑","The word ""ponder"" appears in many academic texts.||Try to use ""ponder"" in a sentence.",“ponder”常见于学术阅读中。||请尝试用“ponder”造句。,cet6-core source:ecdict family:pondered family:pondering family:ponders
pope,pәup,n.,"n. 罗马教皇, 主教","The word ""pope"" appears in many academic texts.||Try to use ""pope"" in a sentence.",“pope”常见于学术阅读中。||请尝试用“pope”造句。,cet6-core source:ecdict family:popes
porch,pɒ:tʃ,n.,"n. 门廊, 走廊","The word ""porch"" appears in many academic texts.||Try to use ""porch"" in a sentence.",“porch”常见于学术阅读中。||请尝试用“porch”造句。,cet6-core source:ecdict family:porches
pore,pɒ:,n.,"n. 毛孔, 小孔, 气孔\nvi. 专心阅读, 细想, 钻研, 沉思, 注视\nvt. 使注视得","The word ""pore"" appears in many academic texts.||Try to use ""pore"" in a sentence.",“pore”常见于学术阅读中。||请尝试用“pore”造句。,cet6-core source:ecdict family:pores family:poring family:pored
portray,pɒ:'trei,vt.,"vt. 描绘, 描写, 描绘...的肖像","The word ""portray"" appears in many academic texts.||Try to use ""portray"" in a sentence.",“portray”常见于学术阅读中。||请尝试用“portray”造句。,cet6-core source:ecdict family:portrayed family:portrays family:portraying
pose,pәuz,n.,"n. 姿势, 姿态, 装模作样, 伪装\nvi. 摆姿势, 装模作样, 假装\nvt. 使摆好姿势, 提出, 造成","The word ""pose"" appears in many academic texts.||Try to use ""pose"" in a sentence.",“pose”常见于学术阅读中。||请尝试用“pose”造句。,cet6-core source:ecdict family:posed family:poses family:posing
positive,'pɒzitiv,adj.,"a. 肯定的, 积极的, 有把握的\n[医] 正的, 阳性的","The word ""positive"" appears in many academic texts.||Try to use ""positive"" in a sentence.",“positive”常见于学术阅读中。||请尝试用“positive”造句。,cet6-core source:ecdict family:positives
possess,pә'zes,vt.,"vt. 持有, 占有, 拥有, 克制, 支配, 迷住\n[法] 持有, 占有, 具有","The word ""possess"" appears in many academic texts.||Try to use ""possess"" in a sentence.",“possess”常见于学术阅读中。||请尝试用“possess”造句。,cet6-core source:ecdict family:possessed family:possesses family:possessing
posture,'pɒstʃә,n.,"n. 姿势, 态度, 情形, 形势\nvt. 作...的姿势\nvi. 作姿势","The word ""posture"" appears in many academic texts.||Try to use ""posture"" in a sentence.",“posture”常见于学术阅读中。||请尝试用“posture”造句。,cet6-core source:ecdict family:postures family:posturing family:postured
potential,pә'tenʃәl,n.,"n. 潜在性, 可能性, 潜力, 潜能, 势, 位\na. 有潜力的, 可能的, 潜在的","The word ""potential"" appears in many academic texts.||Try to use ""potential"" in a sentence.",“potential”常见于学术阅读中。||请尝试用“potential”造句。,cet6-core source:ecdict family:potentials
poverty,'pɒvәti,n.,"n. 贫穷, 贫困, 缺乏\n[医] 贫乏, 缺乏","The word ""poverty"" appears in many academic texts.||Try to use ""poverty"" in a sentence.",“poverty”常见于学术阅读中。||请尝试用“poverty”造句。,cet6-core source:ecdict
practicable,'præktikәbl,adj.,"a. 可实行的, 可做的, 可用的","The word ""practicable"" appears in many academic texts.||Try to use ""practicable"" in a sentence.",“practicable”常见于学术阅读中。||请尝试用“practicable”造句。,cet6-core source:ecdict
preach,pri:tʃ,v.,"v. 传道, 讲道, 说教, 宣讲, 鼓吹\nn. 说教, 布道","The word ""preach"" appears in many academic texts.||Try to use ""preach"" in a sentence.",“preach”常见于学术阅读中。||请尝试用“preach”造句。,cet6-core source:ecdict family:preaching family:preached family:preaches
precede,.pri:'si:d,vt.,"vt. 在...之前, 优于, 较...优先\nvi. 在前面","The word ""precede"" appears in many academic texts.||Try to use ""precede"" in a sentence.",“precede”常见于学术阅读中。||请尝试用“precede”造句。,cet6-core source:ecdict family:preceded family:preceding family:precedes
precedent,'presidәnt,n.,"n. 先例, 前例\na. 在先的, 在前的","The word ""precedent"" appears in many academic texts.||Try to use ""precedent"" in a sentence.",“precedent”常见于学术阅读中。||请尝试用“precedent”造句。,cet6-core source:ecdict family:precedents
precious,'preʃәs,adj.,"a. 宝贵的, 珍贵的, 过于精致的, 珍爱的","The word ""precious"" appears in many academic texts.||Try to use ""precious"" in a sentence.",“precious”常见于学术阅读中。||请尝试用“precious”造句。,cet6-core source:ecdict
precise,pri'sais,adj.,"a. 精确的, 严谨的, 明确的\n[机] 精密的, 正确的","The word ""precise"" appears in many academic texts.||Try to use ""precise"" in a sentence.",“precise”常见于学术阅读中。||请尝试用“precise”造句。,cet6-core source:ecdict
preclude,pri'klu:d,vt.,"vt. 预先排除, 预防, 阻止, 妨碍\n[法] 预防, 排除, 消除","The word ""preclude"" appears in many academic texts.||Try to use ""preclude"" in a sentence.",“preclude”常见于学术阅读中。||请尝试用“preclude”造句。,cet6-core source:ecdict family:precludes family:precluded family:precluding
predecessor,.predi'sesә,n.,"n. 前任, 先辈, 前身\n[医] 初牙, 前辈, 祖先","The word ""predecessor"" appears in many academic texts.||Try to use ""predecessor"" in a sentence.",“predecessor”常见于学术阅读中。||请尝试用“predecessor”造句。,cet6-core source:ecdict family:predecessors
predict,pri'dikt,v.,"v. 预知, 预言, 预报","The word ""predict"" appears in many academic texts.||Try to use ""predict"" in a sentence.",“predict”常见于学术阅读中。||请尝试用“predict”造句。,cet6-core source:ecdict family:predicted family:predicting family:predicts
predominant,pri'dɒminәnt,adj.,"a. 占主导地位的, 卓越的\n[法] 占优势的, 支配其他的, 主要的","The word ""predominant"" appears in many academic texts.||Try to use ""predominant"" in a sentence.",“predominant”常见于学术阅读中。||请尝试用“predominant”造句。,cet6-core source:ecdict
preferable,'prefәrәbl,adj.,"a. 更可取的, 更好的, 更合意的","The word ""preferable"" appears in many academic texts.||Try to use ""preferable"" in a sentence.",“preferable”常见于学术阅读中。||请尝试用“preferable”造句。,cet6-core source:ecdict
preference,'prefәrәns,n.,"n. 偏爱, 优先, 喜爱物\n[计] 首选项","The word ""preference"" appears in many academic texts.||Try to use ""preference"" in a sentence.",“preference”常见于学术阅读中。||请尝试用“preference”造句。,cet6-core source:ecdict family:preferences
prejudice,'predʒudis,n.,"n. 偏见, 成见, 侵害\nvt. 使存偏见, 使有成见, 侵害","The word ""prejudice"" appears in many academic texts.||Try to use ""prejudice"" in a sentence.",“prejudice”常见于学术阅读中。||请尝试用“prejudice”造句。,cet6-core source:ecdict family:prejudices family:prejudiced family:prejudicing
preliminary,pri'liminәri,n.,"n. 初步做法, 初步措施, 预试, 预选赛\na. 初步的, 开始的, 预备的","The word ""preliminary"" appears in many academic texts.||Try to use ""preliminary"" in a sentence.",“preliminary”常见于学术阅读中。||请尝试用“preliminary”造句。,cet6-core source:ecdict family:preliminaries
premature,.premә'tjuә,adj.,"a. 早产的, 过早的, 不成熟的\nn. 早产儿, 过早发生的事物","The word ""premature"" appears in many academic texts.||Try to use ""premature"" in a sentence.",“premature”常见于学术阅读中。||请尝试用“premature”造句。,cet6-core source:ecdict
premier,'pri:mjә,n.,"n. 总理, 首相\na. 首位的, 最初的","The word ""premier"" appears in many academic texts.||Try to use ""premier"" in a sentence.",“premier”常见于学术阅读中。||请尝试用“premier”造句。,cet6-core source:ecdict family:premiers family:premiered family:premiering
premise,'premis,n.,"n. 前提, 房屋连地基, 上述各项\nvt. 预先提出, 引出, 作为...的前提\nvi. 作出前提","The word ""premise"" appears in many academic texts.||Try to use ""premise"" in a sentence.",“premise”常见于学术阅读中。||请尝试用“premise”造句。,cet6-core source:ecdict family:premises family:premised family:premising
premium,'pri:miәm,n.,"n. 额外补贴, 奖金, 奖赏, 保险费\n[医] 保险费","The word ""premium"" appears in many academic texts.||Try to use ""premium"" in a sentence.",“premium”常见于学术阅读中。||请尝试用“premium”造句。,cet6-core source:ecdict family:premiums
prescription,pri'skripʃәn,n.,"n. 处方, 命令, 指定\n[医] 处方, 药方","The word ""prescription"" appears in many academic texts.||Try to use ""prescription"" in a sentence.",“prescription”常见于学术阅读中。||请尝试用“prescription”造句。,cet6-core source:ecdict family:prescriptions
presentation,.prezәn'teiʃәn,n.,"n. 赠与, 描述, 介绍\n[计] 简报","The word ""presentation"" appears in many academic texts.||Try to use ""presentation"" in a sentence.",“presentation”常见于学术阅读中。||请尝试用“presentation”造句。,cet6-core source:ecdict family:presentations
preserve,pri'zә:v,vt.,"vt. 保护, 保持, 保存, 维持, 腌, 禁猎\nvi. 加工食品, 禁猎\nn. 加工成的食品, 禁猎地, 保护区, 防护物","The word ""preserve"" appears in many academic texts.||Try to use ""preserve"" in a sentence.",“preserve”常见于学术阅读中。||请尝试用“preserve”造句。,cet6-core source:ecdict family:preserved family:preserving family:preserves
preside,pri'zaid,vi.,"vi. 统辖, 当主人, 主持\n[法] 主持, 负责, 指挥","The word ""preside"" appears in many academic texts.||Try to use ""preside"" in a sentence.",“preside”常见于学术阅读中。||请尝试用“preside”造句。,cet6-core source:ecdict family:presided family:presiding family:presides
pressure,'preʃә,n.,"n. 压, 榨, 按, 强制, 压力, 压迫, 压强\nvt. 迫使, 使增压, 密封","The word ""pressure"" appears in many academic texts.||Try to use ""pressure"" in a sentence.",“pressure”常见于学术阅读中。||请尝试用“pressure”造句。,cet6-core source:ecdict family:pressures family:pressured family:pressuring
prestige,pre'sti:ʒ,n.,"n. 声望, 威望, 威信\n[经] 商誉, 声誉","The word ""prestige"" appears in many academic texts.||Try to use ""prestige"" in a sentence.",“prestige”常见于学术阅读中。||请尝试用“prestige”造句。,cet6-core source:ecdict
presumably,pri'zu:mәbli,adv.,"adv. 推测上, 大概","The word ""presumably"" appears in many academic texts.||Try to use ""presumably"" in a sentence.",“presumably”常见于学术阅读中。||请尝试用“presumably”造句。,cet6-core source:ecdict
presume,pri'zu:m,vt.,"vt. 假定, 推测, 擅自, 意味着\nvi. 擅自行动, 相信","The word ""presume"" appears in many academic texts.||Try to use ""presume"" in a sentence.",“presume”常见于学术阅读中。||请尝试用“presume”造句。,cet6-core source:ecdict family:presumed family:presumes family:presuming
pretext,'pri:tekst,n.,"n. 借口, 托词\nv. 以...为借口","The word ""pretext"" appears in many academic texts.||Try to use ""pretext"" in a sentence.",“pretext”常见于学术阅读中。||请尝试用“pretext”造句。,cet6-core source:ecdict family:pretexts
prevail,pri'veil,vi.,"vi. 获胜, 流行, 盛行\n[医] 流行, 盛行","The word ""prevail"" appears in many academic texts.||Try to use ""prevail"" in a sentence.",“prevail”常见于学术阅读中。||请尝试用“prevail”造句。,cet6-core source:ecdict family:prevails family:prevailed family:prevailing
prevalent,'prevәlәnt,adj.,"a. 普遍的, 流行的","The word ""prevalent"" appears in many academic texts.||Try to use ""prevalent"" in a sentence.",“prevalent”常见于学术阅读中。||请尝试用“prevalent”造句。,cet6-core source:ecdict
previous,'pri:viәs,adj.,"a. 早先的, 前面的, 过急的\n[法] 以前的, 生前的, 前述的","The word ""previous"" appears in many academic texts.||Try to use ""previous"" in a sentence.",“previous”常见于学术阅读中。||请尝试用“previous”造句。,cet6-core source:ecdict
preview,'pri:vju:,n.,"n. 事先查看, 预览\nvt. 事先查看, 预演\n[计] 预览","The word ""preview"" appears in many academic texts.||Try to use ""preview"" in a sentence.",“preview”常见于学术阅读中。||请尝试用“preview”造句。,cet6-core source:ecdict family:previews family:previewed family:previewing
prey,prei,n.,"n. 被掠食者, 牺牲者\nvi. 捕食","The word ""prey"" appears in many academic texts.||Try to use ""prey"" in a sentence.",“prey”常见于学术阅读中。||请尝试用“prey”造句。,cet6-core source:ecdict family:preyed family:preying family:preys
priest,pri:st,n.,"n. 祭司, 牧师, 神父, 神质人员, 僧侣, 泰斗","The word ""priest"" appears in many academic texts.||Try to use ""priest"" in a sentence.",“priest”常见于学术阅读中。||请尝试用“priest”造句。,cet6-core source:ecdict family:priests
primarily,'praimәrili,adv.,"adv. 主要地, 首先地","The word ""primarily"" appears in many academic texts.||Try to use ""primarily"" in a sentence.",“primarily”常见于学术阅读中。||请尝试用“primarily”造句。,cet6-core source:ecdict
primary,'praimәri,n.,"n. 最主要者, 原色\na. 主要的, 初期的, 根本的, 原始的, 首要的, 基本的\n[计] 初等量; 主要的; 一次的","The word ""primary"" appears in many academic texts.||Try to use ""primary"" in a sentence.",“primary”常见于学术阅读中。||请尝试用“primary”造句。,cet6-core source:ecdict family:primaries
prime,praim,n.,"n. 最佳部分, 初期, 全盛期\na. 主要的, 最初的, 根本的\nv. 加油启动, 灌注, 填装","The word ""prime"" appears in many academic texts.||Try to use ""prime"" in a sentence.",“prime”常见于学术阅读中。||请尝试用“prime”造句。,cet6-core source:ecdict family:primed family:priming family:primes
primitive,'primitiv,n.,"n. 原始人, 早期艺术家\na. 原始的, 上古的\n[计] 图元; 原语; 基元","The word ""primitive"" appears in many academic texts.||Try to use ""primitive"" in a sentence.",“primitive”常见于学术阅读中。||请尝试用“primitive”造句。,cet6-core source:ecdict family:primitives
principal,'prinsipәl,n.,"n. 校长, 首长, 本金, 主犯, 资本, 委托人\na. 主要的, 最重要的, 首要的","The word ""principal"" appears in many academic texts.||Try to use ""principal"" in a sentence.",“principal”常见于学术阅读中。||请尝试用“principal”造句。,cet6-core source:ecdict family:principals
principle,'prinsipl,n.,"n. 原则, 原理, 主义\n[化] 原理","The word ""principle"" appears in many academic texts.||Try to use ""principle"" in a sentence.",“principle”常见于学术阅读中。||请尝试用“principle”造句。,cet6-core source:ecdict family:principles
priority,prai'ɒriti,n.,"n. 优先权, 优先\n[计] 优先级","The word ""priority"" appears in many academic texts.||Try to use ""priority"" in a sentence.",“priority”常见于学术阅读中。||请尝试用“priority”造句。,cet6-core source:ecdict family:priorities
privacy,'praivәsi,n.,"n. 隐私, 隐居, 秘密\n[计] 个人保密权","The word ""privacy"" appears in many academic texts.||Try to use ""privacy"" in a sentence.",“privacy”常见于学术阅读中。||请尝试用“privacy”造句。,cet6-core source:ecdict family:privacies
privilege,'privilidʒ,n.,"n. 特权, 特别恩典, 基本权利, 特免\nvt. 给与...特权, 特免","The word ""privilege"" appears in many academic texts.||Try to use ""privilege"" in a sentence.",“privilege”常见于学术阅读中。||请尝试用“privilege”造句。,cet6-core source:ecdict family:privileges family:privileging family:privileged
probability,.prɒbә'biliti,n.,"n. 可能性, 或然率, 几率, 概率\n[化] 概率; 几率","The word ""probability"" appears in many academic texts.||Try to use ""probability"" in a sentence.",“probability”常见于学术阅读中。||请尝试用“probability”造句。,cet6-core source:ecdict family:probabilities
probe,prәub,n.,"n. 探索, 调查, 探针, 探测器\nv. 用探针探测, 调查, 探索","The word ""probe"" appears in many academic texts.||Try to use ""probe"" in a sentence.",“probe”常见于学术阅读中。||请尝试用“probe”造句。,cet6-core source:ecdict family:probes family:probed family:probing
procedure,prә'si:dʒә,n.,"n. 程序, 过程, 手续\n[计] 规程; 过程","The word ""procedure"" appears in many academic texts.||Try to use ""procedure"" in a sentence.",“procedure”常见于学术阅读中。||请尝试用“procedure”造句。,cet6-core source:ecdict family:procedures
proceedings,,n.,"n. 诉讼, 事项, 行径, 事件, 活动, 项目, 会议录, 记录汇编, 活动记录","The word ""proceedings"" appears in many academic texts.||Try to use ""proceedings"" in a sentence.",“proceedings”常见于学术阅读中。||请尝试用“proceedings”造句。,cet6-core source:ecdict family:proceeding family:s
process,'prɒses,n.,"n. 程序, 进行, 过程\nvt. 加工, 使...接受处理, 对...处置, 对...起诉\na. 经加工的, 有特殊光效的\n[计] 进程","The word ""process"" appears in many academic texts.||Try to use ""process"" in a sentence.",“process”常见于学术阅读中。||请尝试用“process”造句。,cet6-core source:ecdict family:processes family:processed family:processing
proclaim,prә'kleim,vt.,"vt. 宣布, 公告, 宣言, 表明, 赞扬\n[法] 宣布, 宣告, 公布","The word ""proclaim"" appears in many academic texts.||Try to use ""proclaim"" in a sentence.",“proclaim”常见于学术阅读中。||请尝试用“proclaim”造句。,cet6-core source:ecdict family:proclaimed family:proclaiming family:proclaims
productive,prә'dʌktiv,adj.,"a. 能生产的, 有生产价值的, 多产的\n[医] 产出性的, 产生性的","The word ""productive"" appears in many academic texts.||Try to use ""productive"" in a sentence.",“productive”常见于学术阅读中。||请尝试用“productive”造句。,cet6-core source:ecdict
productivity,.prәudʌk'tiviti,n.,"n. 生产力\n[经] 生产率, 生产能力","The word ""productivity"" appears in many academic texts.||Try to use ""productivity"" in a sentence.",“productivity”常见于学术阅读中。||请尝试用“productivity”造句。,cet6-core source:ecdict family:productivities
profess,prә'fes,vt.,"vt. 声称, 以...为业, 伪称, 讲授\nvi. 表白, 承认, 当教授","The word ""profess"" appears in many academic texts.||Try to use ""profess"" in a sentence.",“profess”常见于学术阅读中。||请尝试用“profess”造句。,cet6-core source:ecdict family:professed family:professes family:professing
profession,prә'feʃәn,n.,"n. 职业, 表白, 声明\n[化] 工种; 职业","The word ""profession"" appears in many academic texts.||Try to use ""profession"" in a sentence.",“profession”常见于学术阅读中。||请尝试用“profession”造句。,cet6-core source:ecdict family:professions
professional,prә'feʃәnl,n.,"n. 专业人才\na. 专业的, 职业的","The word ""professional"" appears in many academic texts.||Try to use ""professional"" in a sentence.",“professional”常见于学术阅读中。||请尝试用“professional”造句。,cet6-core source:ecdict family:professionals
proficiency,prә'fiʃәns,n.,"n. 精通, 熟练, 精练","The word ""proficiency"" appears in many academic texts.||Try to use ""proficiency"" in a sentence.",“proficiency”常见于学术阅读中。||请尝试用“proficiency”造句。,cet6-core source:ecdict family:proficiencies
profitable,'prɒfitәbl,adj.,"a. 有利润的, 有利益的, 赚钱的\n[经] 有利(可图)的, 合算的","The word ""profitable"" appears in many academic texts.||Try to use ""profitable"" in a sentence.",“profitable”常见于学术阅读中。||请尝试用“profitable”造句。,cet6-core source:ecdict
profound,prә'faund,adj.,"a. 极深的, 深厚的, 深刻的, 渊博的","The word ""profound"" appears in many academic texts.||Try to use ""profound"" in a sentence.",“profound”常见于学术阅读中。||请尝试用“profound”造句。,cet6-core source:ecdict family:profoundest family:profounder
progressive,prә'gresiv,n.,"n. 改革论者, 进步论者\na. 前进的, 累进的, 进步的","The word ""progressive"" appears in many academic texts.||Try to use ""progressive"" in a sentence.",“progressive”常见于学术阅读中。||请尝试用“progressive”造句。,cet6-core source:ecdict family:progressives
prohibit,prә'hibit,vt.,"vt. 禁止, 阻止\n[经] 禁止","The word ""prohibit"" appears in many academic texts.||Try to use ""prohibit"" in a sentence.",“prohibit”常见于学术阅读中。||请尝试用“prohibit”造句。,cet6-core source:ecdict family:prohibited family:prohibiting family:prohibits
project,'prɒdʒekt,n.,"n. 计划, 设计, 事业\nvt. 计划, 设计, 投掷, 发射, 使凸出, 放映\nvi. 凸出","The word ""project"" appears in many academic texts.||Try to use ""project"" in a sentence.",“project”常见于学术阅读中。||请尝试用“project”造句。,cet6-core source:ecdict family:projects family:projected family:projecting
prolong,prәu'lɒŋ,vt.,"vt. 延长, 拖延, 拖长\n[化] 冷凝管","The word ""prolong"" appears in many academic texts.||Try to use ""prolong"" in a sentence.",“prolong”常见于学术阅读中。||请尝试用“prolong”造句。,cet6-core source:ecdict family:prolonging family:prolonged family:prolongs
prominent,'prɒminәnt,adj.,"a. 卓越的, 显著的, 突出的, 凸出的","The word ""prominent"" appears in many academic texts.||Try to use ""prominent"" in a sentence.",“prominent”常见于学术阅读中。||请尝试用“prominent”造句。,cet6-core source:ecdict family:prominents
promising,'prɒmisiŋ,adj.,"a. 有希望的, 前途有望的\n[经] 有希望的","The word ""promising"" appears in many academic texts.||Try to use ""promising"" in a sentence.",“promising”常见于学术阅读中。||请尝试用“promising”造句。,cet6-core source:ecdict family:promise family:i
promote,prәu'mәut,vt.,"vt. 促进, 晋升, 创办, 推销\n[经] 促进, 推广, 推销","The word ""promote"" appears in many academic texts.||Try to use ""promote"" in a sentence.",“promote”常见于学术阅读中。||请尝试用“promote”造句。,cet6-core source:ecdict family:promoted family:promoting family:promotes
prone,prәun,adj.,"a. 俯伏的, 面向下的, 有...倾向的\n[医] 旋前的, 伏的, 俯的","The word ""prone"" appears in many academic texts.||Try to use ""prone"" in a sentence.",“prone”常见于学术阅读中。||请尝试用“prone”造句。,cet6-core source:ecdict
proof,pru:f,n.,"n. 证据, 证明, 试验, 检验, 考验\na. 不能透入的, 证明用的, 防...的, 耐...的\nvt. 检验, 试验, 校对, 使不被穿透\n[计] 审稿","The word ""proof"" appears in many academic texts.||Try to use ""proof"" in a sentence.",“proof”常见于学术阅读中。||请尝试用“proof”造句。,cet6-core source:ecdict family:proofs family:proofed family:proofing
propaganda,.prɒpә'gændә,n.,"n. 宣传, 宣传活动\n[医] 宣传","The word ""propaganda"" appears in many academic texts.||Try to use ""propaganda"" in a sentence.",“propaganda”常见于学术阅读中。||请尝试用“propaganda”造句。,cet6-core source:ecdict
propagate,'prɒpәgeit,vt.,"vt. 繁殖, 传播, 传送\nvi. 繁殖, 蔓延","The word ""propagate"" appears in many academic texts.||Try to use ""propagate"" in a sentence.",“propagate”常见于学术阅读中。||请尝试用“propagate”造句。,cet6-core source:ecdict family:propagated family:propagating family:propagates
propel,prәu'pel,vt.,"vt. 推进, 驱使\n[机] 推进","The word ""propel"" appears in many academic texts.||Try to use ""propel"" in a sentence.",“propel”常见于学术阅读中。||请尝试用“propel”造句。,cet6-core source:ecdict family:propelled family:propelling family:propels
property,'prɒpәti,n.,"n. 财产, 所有权, 性质, 属性\n[计] 属性","The word ""property"" appears in many academic texts.||Try to use ""property"" in a sentence.",“property”常见于学术阅读中。||请尝试用“property”造句。,cet6-core source:ecdict family:properties
prophet,'prɒfit,n.,"n. 预言者, 先知, 提倡者","The word ""prophet"" appears in many academic texts.||Try to use ""prophet"" in a sentence.",“prophet”常见于学术阅读中。||请尝试用“prophet”造句。,cet6-core source:ecdict family:prophets
proposition,.prɒpә'ziʃәn,n.,"n. 建议, 命题, 主张\nvt. 向...提议, 向...提出猥亵的要求","The word ""proposition"" appears in many academic texts.||Try to use ""proposition"" in a sentence.",“proposition”常见于学术阅读中。||请尝试用“proposition”造句。,cet6-core source:ecdict family:propositions family:propositioned family:propositioning
prose,prәuz,n.,"n. 散文\nv. 写散文\na. 散文的, 平凡的","The word ""prose"" appears in many academic texts.||Try to use ""prose"" in a sentence.",“prose”常见于学术阅读中。||请尝试用“prose”造句。,cet6-core source:ecdict family:proses family:prosing
prosecute,'prɒsikju:t,vt.,"vt. 告发, 起诉, 彻底进行, 执行, 从事\nvi. 告发, 起诉, 作检察官","The word ""prosecute"" appears in many academic texts.||Try to use ""prosecute"" in a sentence.",“prosecute”常见于学术阅读中。||请尝试用“prosecute”造句。,cet6-core source:ecdict family:prosecuted family:prosecuting family:prosecutes
prospect,'prɒspekt,n.,"n. 景色, 展望\nvt. 勘探, 勘察\nvi. 勘探, 有前途","The word ""prospect"" appears in many academic texts.||Try to use ""prospect"" in a sentence.",“prospect”常见于学术阅读中。||请尝试用“prospect”造句。,cet6-core source:ecdict family:prospects family:prospecting family:prospected
prospective,prәs'pektiv,adj.,"a. 预期的, 将来的\n[经] 预期的, 未来的","The word ""prospective"" appears in many academic texts.||Try to use ""prospective"" in a sentence.",“prospective”常见于学术阅读中。||请尝试用“prospective”造句。,cet6-core source:ecdict family:prospectives
prosperous,'prɒspәrәs,adj.,"a. 成功的, 繁盛的, 幸运的\n[经] 繁荣的, 昌盛的","The word ""prosperous"" appears in many academic texts.||Try to use ""prosperous"" in a sentence.",“prosperous”常见于学术阅读中。||请尝试用“prosperous”造句。,cet6-core source:ecdict
protein,'prәuti:in,n.,n. 蛋白质\na. 蛋白质的,"The word ""protein"" appears in many academic texts.||Try to use ""protein"" in a sentence.",“protein”常见于学术阅读中。||请尝试用“protein”造句。,cet6-core source:ecdict family:proteins
protest,prә'test,n.,"n. 抗议, 反对, 抗议书, 断言\nv. 反对, 抗议, 断言","The word ""protest"" appears in many academic texts.||Try to use ""protest"" in a sentence.",“protest”常见于学术阅读中。||请尝试用“protest”造句。,cet6-core source:ecdict family:protests family:protested family:protesting
prototype,'prәutәtaip,n.,n. 原型\n[计] 样机; 原型,"The word ""prototype"" appears in many academic texts.||Try to use ""prototype"" in a sentence.",“prototype”常见于学术阅读中。||请尝试用“prototype”造句。,cet6-core source:ecdict family:prototypes
provided,prә'vaidid,conj.,"conj. 倘若, 以...为条件","The word ""provided"" appears in many academic texts.||Try to use ""provided"" in a sentence.",“provided”常见于学术阅读中。||请尝试用“provided”造句。,cet6-core source:ecdict family:provide family:dp
provision,prә'viʒәn,n.,"n. (政府提供的)钱和设备, 准备, 供应品, 规定, 条款\nvt. 供给...食物及必需品","The word ""provision"" appears in many academic texts.||Try to use ""provision"" in a sentence.",“provision”常见于学术阅读中。||请尝试用“provision”造句。,cet6-core source:ecdict family:provisions family:provisioning family:provisioned
provocative,prә'vɒkәtiv,adj.,"a. 激发感情的, 挑拨的, 刺激的\nn. 刺激物, 挑拨物, 兴奋剂","The word ""provocative"" appears in many academic texts.||Try to use ""provocative"" in a sentence.",“provocative”常见于学术阅读中。||请尝试用“provocative”造句。,cet6-core source:ecdict
provoke,prә'vәuk,vt.,"vt. 激怒, 惹起, 诱导\n[法] 刺激, 煽动, 激怒","The word ""provoke"" appears in many academic texts.||Try to use ""provoke"" in a sentence.",“provoke”常见于学术阅读中。||请尝试用“provoke”造句。,cet6-core source:ecdict family:provoked family:provoking family:provokes
proximity,prɒk'simiti,n.,"n. 接近, 亲近","The word ""proximity"" appears in many academic texts.||Try to use ""proximity"" in a sentence.",“proximity”常见于学术阅读中。||请尝试用“proximity”造句。,cet6-core source:ecdict family:proximities
prune,pru:n,n.,"n. 洋李, 李子干, 深紫红色, 傻瓜\nvt. 修剪, 砍掉, 删除\nvi. 删除, 删节","The word ""prune"" appears in many academic texts.||Try to use ""prune"" in a sentence.",“prune”常见于学术阅读中。||请尝试用“prune”造句。,cet6-core source:ecdict family:prunes family:pruned family:pruning
psychiatrist,sai'kaiәtrist,n.,"n. 精神病医生, 精神病学家\n[医] 精神病学家","The word ""psychiatrist"" appears in many academic texts.||Try to use ""psychiatrist"" in a sentence.",“psychiatrist”常见于学术阅读中。||请尝试用“psychiatrist”造句。,cet6-core source:ecdict family:psychiatrists
psychological,.saikә'lɒdʒikәl,adj.,"a. 心理学的, 精神上的, 心灵的\n[法] 心理上的, 心理学的","The word ""psychological"" appears in many academic texts.||Try to use ""psychological"" in a sentence.",“psychological”常见于学术阅读中。||请尝试用“psychological”造句。,cet6-core source:ecdict
pudding,'pudiŋ,n.,n. 布丁,"The word ""pudding"" appears in many academic texts.||Try to use ""pudding"" in a sentence.",“pudding”常见于学术阅读中。||请尝试用“pudding”造句。,cet6-core source:ecdict family:puddings
pumpkin,'pʌmpkin,n.,n. 南瓜,"The word ""pumpkin"" appears in many academic texts.||Try to use ""pumpkin"" in a sentence.",“pumpkin”常见于学术阅读中。||请尝试用“pumpkin”造句。,cet6-core source:ecdict family:pumpkins
purchase,'pә:tʃәs,n.,"n. 购买, 购买品, 紧握, 绞辘\nvt. 购买, 赢得, 努力取得, 用滑轮起(锚等)","The word ""purchase"" appears in many academic texts.||Try to use ""purchase"" in a sentence.",“purchase”常见于学术阅读中。||请尝试用“purchase”造句。,cet6-core source:ecdict family:purchased family:purchases family:purchasing
purify,'pjuәrifai,vi.,"vi. 变纯净\nvt. 使纯净, 净化, 提纯, 精炼","The word ""purify"" appears in many academic texts.||Try to use ""purify"" in a sentence.",“purify”常见于学术阅读中。||请尝试用“purify”造句。,cet6-core source:ecdict family:purified family:purifying family:purifies
purity,'pjuәrәti,n.,"n. 纯净, 纯正, 纯粹\n[化] 纯度","The word ""purity"" appears in many academic texts.||Try to use ""purity"" in a sentence.",“purity”常见于学术阅读中。||请尝试用“purity”造句。,cet6-core source:ecdict family:purities
pursuit,pә'sju:t,n.,"n. 追踪, 追求, 追赶, 娱乐, 职业\n[法] 追捕, 追求","The word ""pursuit"" appears in many academic texts.||Try to use ""pursuit"" in a sentence.",“pursuit”常见于学术阅读中。||请尝试用“pursuit”造句。,cet6-core source:ecdict family:pursuits
pursue,pә'sju:,vt.,"vt. 追赶, 追踪, 追随, 追求, 实行, 继续, 从事\nvi. 追赶, 继续","The word ""pursue"" appears in many academic texts.||Try to use ""pursue"" in a sentence.",“pursue”常见于学术阅读中。||请尝试用“pursue”造句。,cet6-core source:ecdict family:pursued family:pursuing family:pursues
qualitative,'kwɒlitәtiv,adj.,"a. 性质的, 质的, 定性的","The word ""qualitative"" appears in many academic texts.||Try to use ""qualitative"" in a sentence.",“qualitative”常见于学术阅读中。||请尝试用“qualitative”造句。,cet6-core source:ecdict
quantify,'kwɒntifai,vt.,"vt. 定量, 用数量表示, 测量","The word ""quantify"" appears in many academic texts.||Try to use ""quantify"" in a sentence.",“quantify”常见于学术阅读中。||请尝试用“quantify”造句。,cet6-core source:ecdict family:quantified family:quantifying family:quantifies
quantitative,'kwɒntitәtiv,adj.,"a. 数量的, 定量的\n[医] 定量的, 数量的","The word ""quantitative"" appears in many academic texts.||Try to use ""quantitative"" in a sentence.",“quantitative”常见于学术阅读中。||请尝试用“quantitative”造句。,cet6-core source:ecdict
quart,kwɒ:t,n.,n. 夸脱\n[医] 夸脱(四分之一加仑),"The word ""quart"" appears in many academic texts.||Try to use ""quart"" in a sentence.",“quart”常见于学术阅读中。||请尝试用“quart”造句。,cet6-core source:ecdict family:quarts
quarterly,'kwɔ:tәli,adj.,"a. 季度的, 按季度的, 每季的\nadv. 按季, 每三个月, 每季一次\nn. 季刊","The word ""quarterly"" appears in many academic texts.||Try to use ""quarterly"" in a sentence.",“quarterly”常见于学术阅读中。||请尝试用“quarterly”造句。,cet6-core source:ecdict family:quarterlies
quartz,kwɒ:ts,n.,n. 石英\n[化] 石英,"The word ""quartz"" appears in many academic texts.||Try to use ""quartz"" in a sentence.",“quartz”常见于学术阅读中。||请尝试用“quartz”造句。,cet6-core source:ecdict
queer,kwiә,n.,"n. 怪人, 同性恋者\na. 奇怪的, 不舒服的, 可疑的\nvt. 搞糟","The word ""queer"" appears in many academic texts.||Try to use ""queer"" in a sentence.",“queer”常见于学术阅读中。||请尝试用“queer”造句。,cet6-core source:ecdict family:queers family:queerest family:queering family:queerer family:queered
quench,kwentʃ,vt.,"vt. 熄灭, 结束, 使冷却, 将...淬火\nvi. 熄灭, 平息","The word ""quench"" appears in many academic texts.||Try to use ""quench"" in a sentence.",“quench”常见于学术阅读中。||请尝试用“quench”造句。,cet6-core source:ecdict family:quenching family:quenched family:quenches
quest,kwest,n.,"n. 探索, 寻求, 调查\nv. 寻找, 找, 追寻猎物","The word ""quest"" appears in many academic texts.||Try to use ""quest"" in a sentence.",“quest”常见于学术阅读中。||请尝试用“quest”造句。,cet6-core source:ecdict family:quests family:questing family:quested
questionnaire,kwestʃә'nєә,n.,"n. 调查表, 问卷\n[经] 调查表","The word ""questionnaire"" appears in many academic texts.||Try to use ""questionnaire"" in a sentence.",“questionnaire”常见于学术阅读中。||请尝试用“questionnaire”造句。,cet6-core source:ecdict family:questionnaires
quiver,'kwivә,n.,"n. 震动, 颤抖, 箭袋\nvi. 颤抖, 振动\nvt. 使颤动\na. 敏捷的","The word ""quiver"" appears in many academic texts.||Try to use ""quiver"" in a sentence.",“quiver”常见于学术阅读中。||请尝试用“quiver”造句。,cet6-core source:ecdict family:quivered family:quivering family:quivers
quota,'kwәutә,n.,"n. 配额, 限额\n[化] 定额","The word ""quota"" appears in many academic texts.||Try to use ""quota"" in a sentence.",“quota”常见于学术阅读中。||请尝试用“quota”造句。,cet6-core source:ecdict family:quotas
racial,'reiʃәl,adj.,"a. 人种的, 种族的\n[医] 种族的","The word ""racial"" appears in many academic texts.||Try to use ""racial"" in a sentence.",“racial”常见于学术阅读中。||请尝试用“racial”造句。,cet6-core source:ecdict
racket,'rækit,n.,"n. 球拍, 喧闹, 杂乱无章\nvi. 喧闹\nvt. 用球拍打","The word ""racket"" appears in many academic texts.||Try to use ""racket"" in a sentence.",“racket”常见于学术阅读中。||请尝试用“racket”造句。,cet6-core source:ecdict family:rackets
radiant,'reidiәnt,adj.,"a. 发光的, 明亮的, 辐射的, 容光焕发的\n[医] 放射的, 辐射的, 辐射物[质]","The word ""radiant"" appears in many academic texts.||Try to use ""radiant"" in a sentence.",“radiant”常见于学术阅读中。||请尝试用“radiant”造句。,cet6-core source:ecdict
radiate,'reidieit,vt.,"vt. 放射, 散发, 辐射, 传播, 广播\nvi. 发光, 辐射, 流露\na. 有射线的, 辐射状的","The word ""radiate"" appears in many academic texts.||Try to use ""radiate"" in a sentence.",“radiate”常见于学术阅读中。||请尝试用“radiate”造句。,cet6-core source:ecdict family:radiating family:radiated family:radiates
radical,'rædikl,n.,"n. 激进分子, 词根, 基础, 根式, 根\na. 激进的, 根本的, 基本的, 根的","The word ""radical"" appears in many academic texts.||Try to use ""radical"" in a sentence.",“radical”常见于学术阅读中。||请尝试用“radical”造句。,cet6-core source:ecdict family:radicals
radioactive,.reidiәu'æktiv,adj.,"a. 放射性的, 有放射能的\n[医] 放射性的, 放射的","The word ""radioactive"" appears in many academic texts.||Try to use ""radioactive"" in a sentence.",“radioactive”常见于学术阅读中。||请尝试用“radioactive”造句。,cet6-core source:ecdict
radius,'reidiәs,n.,"n. 半径, 范围, 辐射光线\n[电] 半径","The word ""radius"" appears in many academic texts.||Try to use ""radius"" in a sentence.",“radius”常见于学术阅读中。||请尝试用“radius”造句。,cet6-core source:ecdict family:radii
random,'rændәm,n.,"n. 随意, 随机\na. 任意的, 随便的, 胡乱的, 随机的\nadv. 胡乱地","The word ""random"" appears in many academic texts.||Try to use ""random"" in a sentence.",“random”常见于学术阅读中。||请尝试用“random”造句。,cet6-core source:ecdict
rank,ræŋk,n.,"n. 等级, 排, 横列, 队伍, 阶级\na. 茂密丛生的, 恶臭的, 十足的, 粗俗的\nvt. 排列, 归类于, 把...分等\nvi. 列为, 列队\nn. 秩\n[计] 秩","The word ""rank"" appears in many academic texts.||Try to use ""rank"" in a sentence.",“rank”常见于学术阅读中。||请尝试用“rank”造句。,cet6-core source:ecdict family:ranks family:ranked family:ranking
rap,ræp,n.,"n. 轻敲, 拍击, 责骂, 无价值的东西\nvt. 轻敲, 厉声说出, 叱责, 抢走, 使着迷\nvi. 敲击, 发敲击声, 交谈, 同情\n[计] 随机存取程序, 资源分配处理器, 常驻汇编程序","The word ""rap"" appears in many academic texts.||Try to use ""rap"" in a sentence.",“rap”常见于学术阅读中。||请尝试用“rap”造句。,cet6-core source:ecdict family:rapped family:raps family:rapping
rape,reip,n.,"n. 抢夺, 掠夺, 强奸, 葡萄渣, 芸苔\nvt. 掠夺, 抢夺, 强奸","The word ""rape"" appears in many academic texts.||Try to use ""rape"" in a sentence.",“rape”常见于学术阅读中。||请尝试用“rape”造句。,cet6-core source:ecdict family:raped family:raping family:rapes
rarely,'rєәli,adv.,"adv. 很少地, 罕有地","The word ""rarely"" appears in many academic texts.||Try to use ""rarely"" in a sentence.",“rarely”常见于学术阅读中。||请尝试用“rarely”造句。,cet6-core source:ecdict
rash,ræʃ,adj.,"a. 轻率的, 匆忙的, 鲁莽的\nn. 皮疹","The word ""rash"" appears in many academic texts.||Try to use ""rash"" in a sentence.",“rash”常见于学术阅读中。||请尝试用“rash”造句。,cet6-core source:ecdict family:rashes
rating,'reitiŋ,n.,"n. 等级, 额定功率, 责骂\n[经] 等级评定","The word ""rating"" appears in many academic texts.||Try to use ""rating"" in a sentence.",“rating”常见于学术阅读中。||请尝试用“rating”造句。,cet6-core source:ecdict family:rate family:i family:ratings
rational,'ræʃәnl,adj.,"a. 理性的, 合理的\nn. 有理数","The word ""rational"" appears in many academic texts.||Try to use ""rational"" in a sentence.",“rational”常见于学术阅读中。||请尝试用“rational”造句。,cet6-core source:ecdict
reaction,ri'ækʃәn,n.,"n. 反应, 反作用, 反动\n[医] 反应","The word ""reaction"" appears in many academic texts.||Try to use ""reaction"" in a sentence.",“reaction”常见于学术阅读中。||请尝试用“reaction”造句。,cet6-core source:ecdict family:reactions
readily,'redili,adv.,"adv. 迅速地, 轻易地, 乐意地","The word ""readily"" appears in many academic texts.||Try to use ""readily"" in a sentence.",“readily”常见于学术阅读中。||请尝试用“readily”造句。,cet6-core source:ecdict
realistic,riә'listik,adj.,"a. 现实的, 逼真的, 现实主义的, 实在论的","The word ""realistic"" appears in many academic texts.||Try to use ""realistic"" in a sentence.",“realistic”常见于学术阅读中。||请尝试用“realistic”造句。,cet6-core source:ecdict
reap,ri:p,vt.,"vt. 收割, 收获, 获得\nvi. 收割, 得到报应","The word ""reap"" appears in many academic texts.||Try to use ""reap"" in a sentence.",“reap”常见于学术阅读中。||请尝试用“reap”造句。,cet6-core source:ecdict family:reaping family:reaped family:reaps
reassure,.ri:ә'ʃuә,vt.,"vt. 使...安心, 向...再保证\n[法] 重新保证, 再保险, 使清除疑虑","The word ""reassure"" appears in many academic texts.||Try to use ""reassure"" in a sentence.",“reassure”常见于学术阅读中。||请尝试用“reassure”造句。,cet6-core source:ecdict family:reassured family:reassuring family:reassures
rebel,'rebl,n.,"n. 叛徒, 反叛者\nvi. 造反, 反抗, 抵抗, 反感\na. 造反的, 反抗的","The word ""rebel"" appears in many academic texts.||Try to use ""rebel"" in a sentence.",“rebel”常见于学术阅读中。||请尝试用“rebel”造句。,cet6-core source:ecdict family:rebels family:rebelled family:rebelling
rebellion,ri'beljәn,n.,"n. 谋反, 叛乱, 反抗\n[法] 造反, 反叛, 叛乱","The word ""rebellion"" appears in many academic texts.||Try to use ""rebellion"" in a sentence.",“rebellion”常见于学术阅读中。||请尝试用“rebellion”造句。,cet6-core source:ecdict family:rebellions
recall,ri'kɒ:l,n.,"n. 回忆, 召回, 撤消\nvt. 回想, 回忆, 召回, 撤消, 使恢复\n[计] 检索","The word ""recall"" appears in many academic texts.||Try to use ""recall"" in a sentence.",“recall”常见于学术阅读中。||请尝试用“recall”造句。,cet6-core source:ecdict family:recalled family:recalls family:recalling
recede,ri'si:d,vi.,"vi. 向后退, 退却, 收回, 降低, 减弱\n[医] 退缩","The word ""recede"" appears in many academic texts.||Try to use ""recede"" in a sentence.",“recede”常见于学术阅读中。||请尝试用“recede”造句。,cet6-core source:ecdict family:receded family:receding family:recedes
receipt,ri'si:t,n.,"n. 收据, 收入, 收到\nvt. 开...的收据","The word ""receipt"" appears in many academic texts.||Try to use ""receipt"" in a sentence.",“receipt”常见于学术阅读中。||请尝试用“receipt”造句。,cet6-core source:ecdict family:receipts family:receipting family:receipted
reception,ri'sepʃәn,n.,"n. 接待, 接受, 招待会\n[医] 接受, 感受","The word ""reception"" appears in many academic texts.||Try to use ""reception"" in a sentence.",“reception”常见于学术阅读中。||请尝试用“reception”造句。,cet6-core source:ecdict family:receptions
recession,ri'seʃәn,n.,"n. 后退, 凹处, 衰退, 归还\n[医] 退缩","The word ""recession"" appears in many academic texts.||Try to use ""recession"" in a sentence.",“recession”常见于学术阅读中。||请尝试用“recession”造句。,cet6-core source:ecdict family:recessions
recipe,'resipi,n.,"n. 食谱, 处方, 秘诀\n[医] 取(处方头语), 处方","The word ""recipe"" appears in many academic texts.||Try to use ""recipe"" in a sentence.",“recipe”常见于学术阅读中。||请尝试用“recipe”造句。,cet6-core source:ecdict family:recipes
recipient,ri'sipiәnt,adj.,"a. 领受的, 容易接受的, 感受性强的\nn. 领受者, 容纳者, 容器","The word ""recipient"" appears in many academic texts.||Try to use ""recipient"" in a sentence.",“recipient”常见于学术阅读中。||请尝试用“recipient”造句。,cet6-core source:ecdict family:recipients
reciprocal,ri'siprәkl,adj.,"a. 互惠的, 相互的, 相等的, 倒数的, 彼此相反的\nn. 倒数, 互相起作用的事物","The word ""reciprocal"" appears in many academic texts.||Try to use ""reciprocal"" in a sentence.",“reciprocal”常见于学术阅读中。||请尝试用“reciprocal”造句。,cet6-core source:ecdict family:reciprocals
recite,ri'sait,v.,"v. 背诵, 朗读, 叙述","The word ""recite"" appears in many academic texts.||Try to use ""recite"" in a sentence.",“recite”常见于学术阅读中。||请尝试用“recite”造句。,cet6-core source:ecdict family:reciting family:recited family:recites
reckless,'reklis,adj.,"a. 不介意的, 大意的, 鲁莽的, 不顾后果的\n[法] 不注意的, 粗心大意的, 鲁莽的","The word ""reckless"" appears in many academic texts.||Try to use ""reckless"" in a sentence.",“reckless”常见于学术阅读中。||请尝试用“reckless”造句。,cet6-core source:ecdict
reckon,'rekәn,vt.,"vt. 计算, 总计, 估计, 认为, 猜想\nvi. 数, 计算, 估计, 依赖, 料想","The word ""reckon"" appears in many academic texts.||Try to use ""reckon"" in a sentence.",“reckon”常见于学术阅读中。||请尝试用“reckon”造句。,cet6-core source:ecdict family:reckons family:reckoned family:reckoning
reclaim,ri'kleim,vt.,"vt. 开垦, 改造, 感化, 纠正, 回收\nvi. 喊叫, 抗议","The word ""reclaim"" appears in many academic texts.||Try to use ""reclaim"" in a sentence.",“reclaim”常见于学术阅读中。||请尝试用“reclaim”造句。,cet6-core source:ecdict family:reclaimed family:reclaiming family:reclaims
recognition,.rekәg'niʃәn,n.,"n. 赞誉, 认得, 识别, 承认, 认可, 认识\n[电] 认识","The word ""recognition"" appears in many academic texts.||Try to use ""recognition"" in a sentence.",“recognition”常见于学术阅读中。||请尝试用“recognition”造句。,cet6-core source:ecdict family:recognitions
recognize,'rekәgnaiz,vt.,"vt. 认出, 认可, 承认, 公认, 识别, 赏识\nvi. 承认, 具结","The word ""recognize"" appears in many academic texts.||Try to use ""recognize"" in a sentence.",“recognize”常见于学术阅读中。||请尝试用“recognize”造句。,cet6-core source:ecdict family:recognized family:recognizing family:recognizes
reconcile,'rekәnsail,vt.,"vt. 使和解, 调停, 使和谐, 使一致, 使听从\n[经] 对帐, 使一致","The word ""reconcile"" appears in many academic texts.||Try to use ""reconcile"" in a sentence.",“reconcile”常见于学术阅读中。||请尝试用“reconcile”造句。,cet6-core source:ecdict family:reconciled family:reconciling family:reconciles
reconciliation,",rekәnsili'eiʃәn",n.,"n. 和解, 和好, 复交, 调解, 调停, 和谐, 一致, 甘愿, 顺从\n[经] (银行往来)调节, 调和, 一致","The word ""reconciliation"" appears in many academic texts.||Try to use ""reconciliation"" in a sentence.",“reconciliation”常见于学术阅读中。||请尝试用“reconciliation”造句。,cet6-core source:ecdict family:reconciliations
recover,ri'kʌvә,vt.,"vt. 重新获得, 恢复, 复原, 拯救\nvi. 痊愈, 复原, 胜诉\n[计] 恢复","The word ""recover"" appears in many academic texts.||Try to use ""recover"" in a sentence.",“recover”常见于学术阅读中。||请尝试用“recover”造句。,cet6-core source:ecdict family:recovered family:recovering family:recovers
recovery,ri'kʌvәri,n.,"n. 恢复, 复原, 痊愈, 重获\n[计] 恢复","The word ""recovery"" appears in many academic texts.||Try to use ""recovery"" in a sentence.",“recovery”常见于学术阅读中。||请尝试用“recovery”造句。,cet6-core source:ecdict family:recoveries
recreation,.rekri'eiʃәn,n.,"n. 娱乐, 消遣, 休息, 再创造\n[医] 娱乐, 休养","The word ""recreation"" appears in many academic texts.||Try to use ""recreation"" in a sentence.",“recreation”常见于学术阅读中。||请尝试用“recreation”造句。,cet6-core source:ecdict family:recreations
recruit,ri'kru:t,n.,"n. 新兵, 新手, 新会员, 补给品\nvt. 恢复, 补充, 充实, 征募\nvi. 征募新兵, 复原, 得到补充","The word ""recruit"" appears in many academic texts.||Try to use ""recruit"" in a sentence.",“recruit”常见于学术阅读中。||请尝试用“recruit”造句。,cet6-core source:ecdict family:recruited family:recruits family:recruiting
rectangular,rek'tæŋgjulә,adj.,a. 成直角的\n[化] 矩形的,"The word ""rectangular"" appears in many academic texts.||Try to use ""rectangular"" in a sentence.",“rectangular”常见于学术阅读中。||请尝试用“rectangular”造句。,cet6-core source:ecdict
rectify,'rektifai,vt.,"vt. 订正, 矫正, 改正, 调正, 校正, 精馏, 整流\n[化] 精馏","The word ""rectify"" appears in many academic texts.||Try to use ""rectify"" in a sentence.",“rectify”常见于学术阅读中。||请尝试用“rectify”造句。,cet6-core source:ecdict family:rectified family:rectifying family:rectifies
recur,ri'kә:,vi.,"vi. 复发, 回到, 重现, 再来, 诉诸, 采用, 循环","The word ""recur"" appears in many academic texts.||Try to use ""recur"" in a sentence.",“recur”常见于学术阅读中。||请尝试用“recur”造句。,cet6-core source:ecdict family:recurs family:recurred family:recurring
recycle,.ri:'saikl,vt.,"vt. 使再循环, 重新利用, 再制\nn. 再循环","The word ""recycle"" appears in many academic texts.||Try to use ""recycle"" in a sentence.",“recycle”常见于学术阅读中。||请尝试用“recycle”造句。,cet6-core source:ecdict family:recycling family:recycled family:recycles
redundant,ri'dʌndәnt,adj.,"a. 多余的, 过多的, 冗长的\n[医] 过多的, 多余的","The word ""redundant"" appears in many academic texts.||Try to use ""redundant"" in a sentence.",“redundant”常见于学术阅读中。||请尝试用“redundant”造句。,cet6-core source:ecdict
reel,ri:l,n.,"n. 卷轴, 一卷, 纺车, 旋转, 蹒跚\nvt. 卷...于轴上, 绕, 使旋转\nvi. 蹒跚地走, 旋转, 眩晕, 摇晃, 退缩\n[计] 卷; 盘","The word ""reel"" appears in many academic texts.||Try to use ""reel"" in a sentence.",“reel”常见于学术阅读中。||请尝试用“reel”造句。,cet6-core source:ecdict family:reeling family:reeled family:reels
referee,.refә'ri:,n.,"n. 仲裁人, 调解人, 裁判员\nv. 仲裁, 裁判","The word ""referee"" appears in many academic texts.||Try to use ""referee"" in a sentence.",“referee”常见于学术阅读中。||请尝试用“referee”造句。,cet6-core source:ecdict family:referees family:refereed family:refereeing
reference,'refәrәns,n.,"n. 参考, 索引, 参照\nvt. 给...加上参考资料\nvt. 引用\nvi. 引用\n[计] 引用","The word ""reference"" appears in many academic texts.||Try to use ""reference"" in a sentence.",“reference”常见于学术阅读中。||请尝试用“reference”造句。,cet6-core source:ecdict family:references family:referenced family:referencing
reflect,ri'flekt,vt.,"vt. 反射, 反映, 招致, 深思\nvi. 被反射, 映出, 深思, 考虑, 指责","The word ""reflect"" appears in many academic texts.||Try to use ""reflect"" in a sentence.",“reflect”常见于学术阅读中。||请尝试用“reflect”造句。,cet6-core source:ecdict family:reflects family:reflected family:reflecting
reform,ri'fɒ:m,n.,"n. 改革, 改正, 改造\nvt. 改革, 改过, 革新, 重整\nvi. 革新, 改过","The word ""reform"" appears in many academic texts.||Try to use ""reform"" in a sentence.",“reform”常见于学术阅读中。||请尝试用“reform”造句。,cet6-core source:ecdict family:reforms family:reformed family:reforming
refrain,ri'frein,n.,"n. 重复的话, 叠句, 副歌\nvi. 节制, 避免, 克制","The word ""refrain"" appears in many academic texts.||Try to use ""refrain"" in a sentence.",“refrain”常见于学术阅读中。||请尝试用“refrain”造句。,cet6-core source:ecdict family:refrained family:refraining family:refrains
refresh,ri'freʃ,vt.,"vt. 使清新, 使恢复, 使生气蓬勃\nvi. 提起精神, 恢复精神, 吃点心, 喝饮料\nvt. 刷新, 重新整理\nvi. 刷新, 重新整理\n[计] 刷新, 重新整理","The word ""refresh"" appears in many academic texts.||Try to use ""refresh"" in a sentence.",“refresh”常见于学术阅读中。||请尝试用“refresh”造句。,cet6-core source:ecdict family:refreshed family:refreshing family:refreshes
refreshment,ri'freʃmәnt,n.,"n. 点心, 起提神作用的事物, 精神爽快","The word ""refreshment"" appears in many academic texts.||Try to use ""refreshment"" in a sentence.",“refreshment”常见于学术阅读中。||请尝试用“refreshment”造句。,cet6-core source:ecdict family:refreshments
refuge,'refju:dʒ,n.,"n. 避难所, 安全地带, 避难, 庇护\nvi. 躲避\nvt. 给予...庇护","The word ""refuge"" appears in many academic texts.||Try to use ""refuge"" in a sentence.",“refuge”常见于学术阅读中。||请尝试用“refuge”造句。,cet6-core source:ecdict family:refuges
refund,'ri:fʌnd,n.,"n. 偿还\nvt. 付还, 偿还借款\nvi. 归还, 偿还","The word ""refund"" appears in many academic texts.||Try to use ""refund"" in a sentence.",“refund”常见于学术阅读中。||请尝试用“refund”造句。,cet6-core source:ecdict family:refunds family:refunded family:refunding
refusal,ri'fju:zl,n.,"n. 拒绝, 推却, 优先决定权\n[法] 拒绝, 谢绝, 取舍权","The word ""refusal"" appears in many academic texts.||Try to use ""refusal"" in a sentence.",“refusal”常见于学术阅读中。||请尝试用“refusal”造句。,cet6-core source:ecdict family:refusals
refute,ri'fju:t. ri:-,vt.,"vt. 反驳, 驳斥；驳倒","The word ""refute"" appears in many academic texts.||Try to use ""refute"" in a sentence.",“refute”常见于学术阅读中。||请尝试用“refute”造句。,cet6-core source:ecdict family:refuted family:refutes family:refuting
regime,rei'ʒi:m,n.,"n. 政权, 当权期间, 政体, 社会制度, 体制, 情态\n[医] 制度, 生活制度","The word ""regime"" appears in many academic texts.||Try to use ""regime"" in a sentence.",“regime”常见于学术阅读中。||请尝试用“regime”造句。,cet6-core source:ecdict family:regimes
regiment,'redʒimәnt,n.,"n. （军队）团, 大量（人或物）\nv. 组编成团，组织，严格管制","The word ""regiment"" appears in many academic texts.||Try to use ""regiment"" in a sentence.",“regiment”常见于学术阅读中。||请尝试用“regiment”造句。,cet6-core source:ecdict family:regiments family:regimented family:regimenting
region,'ri:dʒәn,n.,"n. 区域, 地带, 地区, 领域, 范围, 区\n[计] 区, 区域","The word ""region"" appears in many academic texts.||Try to use ""region"" in a sentence.",“region”常见于学术阅读中。||请尝试用“region”造句。,cet6-core source:ecdict family:regions
register,'redʒistә,n.,"n. 寄存器, 记录, 登记簿, 注册\nvt. 记录, 注册, 提示, 表达, 把...挂号\nvi. 登记, 注册, 挂号\n[计] 寄存器","The word ""register"" appears in many academic texts.||Try to use ""register"" in a sentence.",“register”常见于学术阅读中。||请尝试用“register”造句。,cet6-core source:ecdict family:registered family:registers family:registering
regulation,.regju'leiʃәn,n.,"n. 规则, 管理, 调整\n[计] 调整; 规章; 规则; 调节","The word ""regulation"" appears in many academic texts.||Try to use ""regulation"" in a sentence.",“regulation”常见于学术阅读中。||请尝试用“regulation”造句。,cet6-core source:ecdict family:regulations
rehearsal,ri'hә:sl,n.,"n. 预演, 排演, 练习, 叙述, 复述\n[法] 详述, 列举事实, 复述","The word ""rehearsal"" appears in many academic texts.||Try to use ""rehearsal"" in a sentence.",“rehearsal”常见于学术阅读中。||请尝试用“rehearsal”造句。,cet6-core source:ecdict family:rehearsals
reign,rein,v.,v. 为王，为君；当政；统治\nn. 为王，为君；当政；统治,"The word ""reign"" appears in many academic texts.||Try to use ""reign"" in a sentence.",“reign”常见于学术阅读中。||请尝试用“reign”造句。,cet6-core source:ecdict family:reigned family:reigns family:reigning
rein,rein,n.,"n. 缰绳, 统治, 支配\nvt. 驾驭, 以缰绳控制, 控制\nvi. 勒住马","The word ""rein"" appears in many academic texts.||Try to use ""rein"" in a sentence.",“rein”常见于学术阅读中。||请尝试用“rein”造句。,cet6-core source:ecdict family:reins family:reined family:reining
reinforce,.ri:in'fɒ:s,vt.,"vt. 加强, 增援, 补充\nvi. 求援, 得到增援\nn. 加固材料","The word ""reinforce"" appears in many academic texts.||Try to use ""reinforce"" in a sentence.",“reinforce”常见于学术阅读中。||请尝试用“reinforce”造句。,cet6-core source:ecdict family:reinforced family:reinforces family:reinforcing
reject,ri'dʒekt,n.,"n. 被拒之人, 被弃之物, 不合格品, 次品\nvt. 拒绝, 抵制, 否决, 驳回, 丢弃, 呕出","The word ""reject"" appears in many academic texts.||Try to use ""reject"" in a sentence.",“reject”常见于学术阅读中。||请尝试用“reject”造句。,cet6-core source:ecdict family:rejected family:rejecting family:rejects
rejoice,ri'dʒɒis,vt.,"vt. 使欢喜\nvi. 欣喜, 高兴, 庆祝","The word ""rejoice"" appears in many academic texts.||Try to use ""rejoice"" in a sentence.",“rejoice”常见于学术阅读中。||请尝试用“rejoice”造句。,cet6-core source:ecdict family:rejoicing family:rejoiced family:rejoices
relative,'relәtiv,n.,"n. 亲戚, 关系词\na. 有关系的, 相对的, 比较的","The word ""relative"" appears in many academic texts.||Try to use ""relative"" in a sentence.",“relative”常见于学术阅读中。||请尝试用“relative”造句。,cet6-core source:ecdict family:relatives
relay,'ri:lei,n.,"n. 驿马, 替班, 中继, 接力\nvt. 分程传递, 转播, 使接替\nvi. 接力传送, 转播","The word ""relay"" appears in many academic texts.||Try to use ""relay"" in a sentence.",“relay”常见于学术阅读中。||请尝试用“relay”造句。,cet6-core source:ecdict family:relayed family:relaying family:relays
release,ri'li:s,n.,"n. 释放, 发泄, 豁免, 发行, 释放证书\nvt. 释放, 解除, 放松, 豁免, 免除, 发布, 放弃, 让与\nn. 发布\n[计] 版本, 发布","The word ""release"" appears in many academic texts.||Try to use ""release"" in a sentence.",“release”常见于学术阅读中。||请尝试用“release”造句。,cet6-core source:ecdict family:released family:releasing family:releases
relevant,'relivәnt,adj.,"a. 有关联的, 有关系的, 适当的, 相应的\n[法] 有关的, 相关的","The word ""relevant"" appears in many academic texts.||Try to use ""relevant"" in a sentence.",“relevant”常见于学术阅读中。||请尝试用“relevant”造句。,cet6-core source:ecdict
reliable,ri'laiәbl,adj.,"a. 可靠的, 可信赖的\n[法] 可靠的, 可信赖的, 确实的","The word ""reliable"" appears in many academic texts.||Try to use ""reliable"" in a sentence.",“reliable”常见于学术阅读中。||请尝试用“reliable”造句。,cet6-core source:ecdict
reliance,ri'laiәns,n.,"n. 信任, 信赖, 受信赖的人(或事)\n[法] 信任, 信赖, 信心","The word ""reliance"" appears in many academic texts.||Try to use ""reliance"" in a sentence.",“reliance”常见于学术阅读中。||请尝试用“reliance”造句。,cet6-core source:ecdict
relief,ri'li:f,n.,"n. 减轻, 解除, 救济, 安慰, 调剂, 浮雕, 换班, (地势的)起伏\n[医] 缓减, 减轻, 浮雕(绘画中)","The word ""relief"" appears in many academic texts.||Try to use ""relief"" in a sentence.",“relief”常见于学术阅读中。||请尝试用“relief”造句。,cet6-core source:ecdict family:reliefs
relieve,ri'li:v,vt.,"vt. 减轻, 救济, 解除, 使免除, 换...的班, 使得到调剂, 使不单调, 衬托, 使显著\nvi. 救济, 当替补投手, 呈鲜明突出","The word ""relieve"" appears in many academic texts.||Try to use ""relieve"" in a sentence.",“relieve”常见于学术阅读中。||请尝试用“relieve”造句。,cet6-core source:ecdict family:relieved family:relieving family:relieves
religion,ri'lidʒәn,n.,"n. 宗教, 信仰\n[法] 宗教, 宗教信仰, 信仰","The word ""religion"" appears in many academic texts.||Try to use ""religion"" in a sentence.",“religion”常见于学术阅读中。||请尝试用“religion”造句。,cet6-core source:ecdict family:religions
religious,ri'lidʒәs,adj.,"a. 宗教性的, 虔诚的, 宗教上的, 严谨的\nn. 修道士, 出家人","The word ""religious"" appears in many academic texts.||Try to use ""religious"" in a sentence.",“religious”常见于学术阅读中。||请尝试用“religious”造句。,cet6-core source:ecdict
relish,'reliʃ,n.,"n. 滋味, 风味, 美味, 爱好, 食欲, 调味品\nvt. 调味, 喜欢, 玩味\nvi. 有味道","The word ""relish"" appears in many academic texts.||Try to use ""relish"" in a sentence.",“relish”常见于学术阅读中。||请尝试用“relish”造句。,cet6-core source:ecdict family:relished family:relishing family:relishes
reluctant,ri'lʌktәnt,adj.,"a. 不情愿的, 勉强的\n[法] 不愿的, 勉强的, 难以处理的","The word ""reluctant"" appears in many academic texts.||Try to use ""reluctant"" in a sentence.",“reluctant”常见于学术阅读中。||请尝试用“reluctant”造句。,cet6-core source:ecdict
rely,ri'lai,vi.,"vi. 信赖, 依赖, 信任","The word ""rely"" appears in many academic texts.||Try to use ""rely"" in a sentence.",“rely”常见于学术阅读中。||请尝试用“rely”造句。,cet6-core source:ecdict family:relying family:relies family:relied
remain,ri'mein,vi.,"vi. 保持, 逗留, 剩余\n[法] 停留, 居住, 继续","The word ""remain"" appears in many academic texts.||Try to use ""remain"" in a sentence.",“remain”常见于学术阅读中。||请尝试用“remain”造句。,cet6-core source:ecdict family:remains family:remained family:remaining
remainder,ri'meindә,n.,"n. 剩余物, 其他人, 残余, 余数\nv. 削价出售(图书)\na. 剩余的, 出售削价剩书的\n[计] 余数","The word ""remainder"" appears in many academic texts.||Try to use ""remainder"" in a sentence.",“remainder”常见于学术阅读中。||请尝试用“remainder”造句。,cet6-core source:ecdict family:remainders family:remaindered family:remaindering
remedy,'remidi,n.,"n. 药物, 治疗法, 治疗, 补救, 赔偿\nvt. 治疗, 补救, 矫正, 改善, 修补, 修缮","The word ""remedy"" appears in many academic texts.||Try to use ""remedy"" in a sentence.",“remedy”常见于学术阅读中。||请尝试用“remedy”造句。,cet6-core source:ecdict family:remedies family:remedied family:remedying
remnant,'remnәnt,n.,"n. 剩余, 零料, 遗迹\na. 剩余的, 残余的","The word ""remnant"" appears in many academic texts.||Try to use ""remnant"" in a sentence.",“remnant”常见于学术阅读中。||请尝试用“remnant”造句。,cet6-core source:ecdict family:remnants
remote,ri'mәut,adj.,"a. 遥远的, 偏僻的, 疏远的, 微少的\n[计] 远程, 远程访问实用程序","The word ""remote"" appears in many academic texts.||Try to use ""remote"" in a sentence.",“remote”常见于学术阅读中。||请尝试用“remote”造句。,cet6-core source:ecdict family:remoter family:remotest
renaissance,ri'neisәns,n.,"n. 复活, 复兴, 文艺复兴\na. 文艺复兴的","The word ""renaissance"" appears in many academic texts.||Try to use ""renaissance"" in a sentence.",“renaissance”常见于学术阅读中。||请尝试用“renaissance”造句。,cet6-core source:ecdict
render,'rendә,vt.,"vt. 回报, 给于, 付给, 汇报, 提出, 舍弃, 反映, 表示, 表演, 致使, 执行, 实施\nvi. 给予补偿\nn. 交纳, 打底","The word ""render"" appears in many academic texts.||Try to use ""render"" in a sentence.",“render”常见于学术阅读中。||请尝试用“render”造句。,cet6-core source:ecdict family:rendered family:renders family:rendering
repay,ri'pei,v.,"v. 偿还, 报答, 报复","The word ""repay"" appears in many academic texts.||Try to use ""repay"" in a sentence.",“repay”常见于学术阅读中。||请尝试用“repay”造句。,cet6-core source:ecdict family:repaid family:repaying family:repays
repel,ri'pel,vt.,"vt. 逐退, 抵制, 使厌恶, 抗御\nvi. 使厌恶, 相互排斥","The word ""repel"" appears in many academic texts.||Try to use ""repel"" in a sentence.",“repel”常见于学术阅读中。||请尝试用“repel”造句。,cet6-core source:ecdict family:repelled family:repelling family:repels
repertoire,'repәtwɑ:,n.,"n. 全部剧目, 全部技能, 全部节目, 全部作品","The word ""repertoire"" appears in many academic texts.||Try to use ""repertoire"" in a sentence.",“repertoire”常见于学术阅读中。||请尝试用“repertoire”造句。,cet6-core source:ecdict family:repertoires
represent,.repri'zent,vt.,"vt. 表现, 表示, 描绘, 讲述, 代表, 象征, 回忆, 再赠送, 再上演\nvi. 提出异议","The word ""represent"" appears in many academic texts.||Try to use ""represent"" in a sentence.",“represent”常见于学术阅读中。||请尝试用“represent”造句。,cet6-core source:ecdict family:represented family:represents family:representing
repression,ri'preʃәn,n.,"n. 抑制, 压抑, 制止\n[医] 压抑, 抑制","The word ""repression"" appears in many academic texts.||Try to use ""repression"" in a sentence.",“repression”常见于学术阅读中。||请尝试用“repression”造句。,cet6-core source:ecdict family:repressions
reproach,ri'prәutʃ,n.,"n. 责备, 耻辱\nvt. 责备, 申斥, 使丢脸","The word ""reproach"" appears in many academic texts.||Try to use ""reproach"" in a sentence.",“reproach”常见于学术阅读中。||请尝试用“reproach”造句。,cet6-core source:ecdict family:reproached family:reproaches family:reproaching
reputation,.repju'teiʃәn,n.,"n. 名誉, 名声, 声望\n[法] 名声, 名誉, 公认证据","The word ""reputation"" appears in many academic texts.||Try to use ""reputation"" in a sentence.",“reputation”常见于学术阅读中。||请尝试用“reputation”造句。,cet6-core source:ecdict family:reputations
resemblance,ri'zemblәns,n.,"n. 相似处, 类似, 肖像","The word ""resemblance"" appears in many academic texts.||Try to use ""resemblance"" in a sentence.",“resemblance”常见于学术阅读中。||请尝试用“resemblance”造句。,cet6-core source:ecdict family:resemblances
resent,ri'zent,vt.,"vt. 愤恨, 憎恶, 怨恨","The word ""resent"" appears in many academic texts.||Try to use ""resent"" in a sentence.",“resent”常见于学术阅读中。||请尝试用“resent”造句。,cet6-core source:ecdict family:resented family:resenting family:resents family:dp
reservation,.rezә'veiʃәn,n.,"n. 保留, 预定, 保留品, 保留地\n[经] 预定, 预约, 权益保留","The word ""reservation"" appears in many academic texts.||Try to use ""reservation"" in a sentence.",“reservation”常见于学术阅读中。||请尝试用“reservation”造句。,cet6-core source:ecdict family:reservations
reserve,ri'zә:v,n.,"n. 储备品, 贮量, 后备军, 自然保护区, 保留, 拘谨, 节制, 储备金\nvt. 保留, 保存, 预订, 延期, 推迟","The word ""reserve"" appears in many academic texts.||Try to use ""reserve"" in a sentence.",“reserve”常见于学术阅读中。||请尝试用“reserve”造句。,cet6-core source:ecdict family:reserves family:reserved family:reserving
reside,ri'zaid,vi.,"vi. 住, 居留, 属于\n[法] 居住","The word ""reside"" appears in many academic texts.||Try to use ""reside"" in a sentence.",“reside”常见于学术阅读中。||请尝试用“reside”造句。,cet6-core source:ecdict family:resides family:residing family:resided
resident,'rezidәnt,n.,"n. 居民, 常驻程序, 居住者, 留鸟\na. 居留的, 定居的","The word ""resident"" appears in many academic texts.||Try to use ""resident"" in a sentence.",“resident”常见于学术阅读中。||请尝试用“resident”造句。,cet6-core source:ecdict family:residents
residential,.rezi'denʃәl,adj.,"a. 住宅的, 与居住有关的\n[法] 有关居住的, 房产的:居所的, 适于居住的","The word ""residential"" appears in many academic texts.||Try to use ""residential"" in a sentence.",“residential”常见于学术阅读中。||请尝试用“residential”造句。,cet6-core source:ecdict
resign,ri'zain,vt.,"vt. 辞职, 放弃, 使顺从\nvi. 辞职, 屈从","The word ""resign"" appears in many academic texts.||Try to use ""resign"" in a sentence.",“resign”常见于学术阅读中。||请尝试用“resign”造句。,cet6-core source:ecdict family:resigned family:resigning family:resigns
resistant,ri'zistәnt,n.,"n. 抵抗者, 反抗者\na. 抵抗的, 反抗的, 耐...的","The word ""resistant"" appears in many academic texts.||Try to use ""resistant"" in a sentence.",“resistant”常见于学术阅读中。||请尝试用“resistant”造句。,cet6-core source:ecdict
resolve,ri'zɒlv,vi.,"vi. 决定, 分解, 决心\nvt. 使分解, 解析, 解决, 消除, 决心\nn. 决定之事, 决心, 坚决","The word ""resolve"" appears in many academic texts.||Try to use ""resolve"" in a sentence.",“resolve”常见于学术阅读中。||请尝试用“resolve”造句。,cet6-core source:ecdict family:resolved family:resolving family:resolves
resort,ri'zɒ:t,n.,"n. 度假胜地, 手段, 凭借, 常去之地\nvi. 诉诸, 常去","The word ""resort"" appears in many academic texts.||Try to use ""resort"" in a sentence.",“resort”常见于学术阅读中。||请尝试用“resort”造句。,cet6-core source:ecdict family:resorts family:resorting family:resorted
respective,ri'spektiv,adj.,"a. 分别的, 各自的","The word ""respective"" appears in many academic texts.||Try to use ""respective"" in a sentence.",“respective”常见于学术阅读中。||请尝试用“respective”造句。,cet6-core source:ecdict
respond,ri'spɒnd,vt.,"vt. 以...回答\nvi. 回答, 响应, 回报, 有反应, 承担责任","The word ""respond"" appears in many academic texts.||Try to use ""respond"" in a sentence.",“respond”常见于学术阅读中。||请尝试用“respond”造句。,cet6-core source:ecdict family:responding family:responded family:responds
response,ri'spɒns,n.,"n. 反应, 回答, 响应\n[计] 应答","The word ""response"" appears in many academic texts.||Try to use ""response"" in a sentence.",“response”常见于学术阅读中。||请尝试用“response”造句。,cet6-core source:ecdict family:responses
responsible,ri'spɒnsәbl,adj.,"a. 有责任的, 负责的, 责任重大的\n[法] 应负责任的, 有责任的, 能履行责任的","The word ""responsible"" appears in many academic texts.||Try to use ""responsible"" in a sentence.",“responsible”常见于学术阅读中。||请尝试用“responsible”造句。,cet6-core source:ecdict
restore,ri'stɒ:,vt.,"vt. 回复, 恢复, 归还, 修补, 修复\nvt. 还原\nvi. 还原\n[计] 还原; DOS外部命令:从备份盘中取回文件","The word ""restore"" appears in many academic texts.||Try to use ""restore"" in a sentence.",“restore”常见于学术阅读中。||请尝试用“restore”造句。,cet6-core source:ecdict family:restored family:restoring family:restores
restrain,ri'strein,vt.,"vt. 抑制, 阻止, 束缚\n[法] 抑制, 遏制, 制止","The word ""restrain"" appears in many academic texts.||Try to use ""restrain"" in a sentence.",“restrain”常见于学术阅读中。||请尝试用“restrain”造句。,cet6-core source:ecdict family:restrained family:restraining family:restrains
restraint,ri'streint,n.,"n. 抑制, 克制, 束缚\n[医] 约束, 拘束","The word ""restraint"" appears in many academic texts.||Try to use ""restraint"" in a sentence.",“restraint”常见于学术阅读中。||请尝试用“restraint”造句。,cet6-core source:ecdict family:restraints
restrict,ri'strikt,vt.,"vt. 限制, 限定, 约束\n[医] 限制","The word ""restrict"" appears in many academic texts.||Try to use ""restrict"" in a sentence.",“restrict”常见于学术阅读中。||请尝试用“restrict”造句。,cet6-core source:ecdict family:restricted family:restricting family:restricts
resultant,ri'zʌltәnt,adj.,"a. 结果的, 合成的\nn. 结果, 合力, 生成物","The word ""resultant"" appears in many academic texts.||Try to use ""resultant"" in a sentence.",“resultant”常见于学术阅读中。||请尝试用“resultant”造句。,cet6-core source:ecdict family:resultants
resume,ri'zju:m,vt.,"vt. 重新开始, 取回, 恢复\nvi. 再开始\nn. 摘要, 个人简历\n[计] 继续执行","The word ""resume"" appears in many academic texts.||Try to use ""resume"" in a sentence.",“resume”常见于学术阅读中。||请尝试用“resume”造句。,cet6-core source:ecdict family:resumed family:resuming family:resumes
retain,ri'tein,vt.,"vt. 保持, 保有, 留住, 记得, 付定金聘请\n[经] 保留, 留存","The word ""retain"" appears in many academic texts.||Try to use ""retain"" in a sentence.",“retain”常见于学术阅读中。||请尝试用“retain”造句。,cet6-core source:ecdict family:retained family:retains family:retaining
retention,ri'tenʃәn,n.,"n. 保持, 留置, 保留, 保持力, 保留物, 记忆, 停滞, 固位\n[计] 保贸, 保持","The word ""retention"" appears in many academic texts.||Try to use ""retention"" in a sentence.",“retention”常见于学术阅读中。||请尝试用“retention”造句。,cet6-core source:ecdict family:retentions
retort,ri'tɒ:t,n.,"n. 反驳, 顶嘴, 蒸馏器, 曲颈甑\nvi. 反驳, 回嘴, 反击\nvt. 反击, 反驳, 蒸馏","The word ""retort"" appears in many academic texts.||Try to use ""retort"" in a sentence.",“retort”常见于学术阅读中。||请尝试用“retort”造句。,cet6-core source:ecdict family:retorted family:retorts family:retorting
retrieve,ri'tri:v,vt.,"vt. 取回, 挽回, 弥补, 恢复, 补偿, 回忆, 检索\nvi. 找回猎物\nn. 取回, 恢复, 救险球\n[计] 检索","The word ""retrieve"" appears in many academic texts.||Try to use ""retrieve"" in a sentence.",“retrieve”常见于学术阅读中。||请尝试用“retrieve”造句。,cet6-core source:ecdict family:retrieved family:retrieving family:retrieves
retrospect,'retrәspekt,n.,"n. 回顾, 追忆, 回溯\nv. 回顾, 追忆","The word ""retrospect"" appears in many academic texts.||Try to use ""retrospect"" in a sentence.",“retrospect”常见于学术阅读中。||请尝试用“retrospect”造句。,cet6-core source:ecdict family:retrospects family:retrospecting family:retrospected
reunion,ri:'ju:njәn,n.,"n. 团圆, 重聚\n[医] 再连合, 复连[合]","The word ""reunion"" appears in many academic texts.||Try to use ""reunion"" in a sentence.",“reunion”常见于学术阅读中。||请尝试用“reunion”造句。,cet6-core source:ecdict family:reunions
reveal,ri'vi:l,vt.,"vt. 露出, 显示, 透露, 揭露, 泄露, (神)启示\nn. 窗侧, 门侧","The word ""reveal"" appears in many academic texts.||Try to use ""reveal"" in a sentence.",“reveal”常见于学术阅读中。||请尝试用“reveal”造句。,cet6-core source:ecdict family:revealed family:reveals family:revealing
revelation,.revi'leiʃәn,n.,"n. 揭露, 泄露, 发觉, 默示, 启示","The word ""revelation"" appears in many academic texts.||Try to use ""revelation"" in a sentence.",“revelation”常见于学术阅读中。||请尝试用“revelation”造句。,cet6-core source:ecdict family:revelations
revenge,ri'vendʒ,n.,"n. 报仇, 复仇, 报复\nvt. 报仇, 报复","The word ""revenge"" appears in many academic texts.||Try to use ""revenge"" in a sentence.",“revenge”常见于学术阅读中。||请尝试用“revenge”造句。,cet6-core source:ecdict family:revenged family:revenges family:revenging
revenue,'revinju:,n.,"n. 收入, 岁入, 税收, 税务局\n[经] 岁入, 税收, 税务局","The word ""revenue"" appears in many academic texts.||Try to use ""revenue"" in a sentence.",“revenue”常见于学术阅读中。||请尝试用“revenue”造句。,cet6-core source:ecdict family:revenues
reverse,ri'vә:s,n.,"n. 相反, 背面, 倒退, 挫折, 失败\na. 反面的, 相反的, 反向的, 颠倒的\nvt. 使颠倒, 使逆转, 使倒退, 使反向\nvi. 倒退, 反向, 倒转, 反转\n[计] 反转","The word ""reverse"" appears in many academic texts.||Try to use ""reverse"" in a sentence.",“reverse”常见于学术阅读中。||请尝试用“reverse”造句。,cet6-core source:ecdict family:reversed family:reversing family:reverses
revive,ri'vaiv,vt.,"vt. 使苏醒, 使复兴, 使振奋, 回想起, 重播\nvi. 苏醒, 复活, 复兴, 恢复精神","The word ""revive"" appears in many academic texts.||Try to use ""revive"" in a sentence.",“revive”常见于学术阅读中。||请尝试用“revive”造句。,cet6-core source:ecdict family:revived family:reviving family:revives
revolutionary,.revә'lu:ʃәnәri,n.,"n. 革命者, 革命党人\na. 革命的, 革命性的","The word ""revolutionary"" appears in many academic texts.||Try to use ""revolutionary"" in a sentence.",“revolutionary”常见于学术阅读中。||请尝试用“revolutionary”造句。,cet6-core source:ecdict family:revolutionaries
revolve,ri'vɒlv,v.,"v. (使)旋转, 反复考虑, 循环出现","The word ""revolve"" appears in many academic texts.||Try to use ""revolve"" in a sentence.",“revolve”常见于学术阅读中。||请尝试用“revolve”造句。,cet6-core source:ecdict family:revolves family:revolved family:revolving
reward,ri'wɒ:d,n.,"n. 报酬, 酬谢, 赏金\nvt. 奖赏, 酬谢, 给...应有报应","The word ""reward"" appears in many academic texts.||Try to use ""reward"" in a sentence.",“reward”常见于学术阅读中。||请尝试用“reward”造句。,cet6-core source:ecdict family:rewards family:rewarded family:rewarding
rhythm,'riðәm,n.,"n. 旋律, 节奏, 韵律, 匀称, 张弛节律\n[医] 节律","The word ""rhythm"" appears in many academic texts.||Try to use ""rhythm"" in a sentence.",“rhythm”常见于学术阅读中。||请尝试用“rhythm”造句。,cet6-core source:ecdict family:rhythms
ridiculous,ri'dikjulәs,adj.,"a. 荒谬的, 可笑的","The word ""ridiculous"" appears in many academic texts.||Try to use ""ridiculous"" in a sentence.",“ridiculous”常见于学术阅读中。||请尝试用“ridiculous”造句。,cet6-core source:ecdict
rig,rig,n.,"n. 装备, 帆装\nvt. 装配, 装扮, 给船装帆, 垄断, 操纵","The word ""rig"" appears in many academic texts.||Try to use ""rig"" in a sentence.",“rig”常见于学术阅读中。||请尝试用“rig”造句。,cet6-core source:ecdict family:rigs family:rigged family:rigging
rigorous,'rigәrәs,adj.,"a. 严厉的, 严酷的, 严格的, 苛刻的, 严密的, 精确的","The word ""rigorous"" appears in many academic texts.||Try to use ""rigorous"" in a sentence.",“rigorous”常见于学术阅读中。||请尝试用“rigorous”造句。,cet6-core source:ecdict
rim,rim,n.,"n. 边, 轮缘, 框\nvt. 镶边, 为...装边\nvi. 形成边缘","The word ""rim"" appears in many academic texts.||Try to use ""rim"" in a sentence.",“rim”常见于学术阅读中。||请尝试用“rim”造句。,cet6-core source:ecdict family:rims family:rimmed family:rimming
rip,rip,n.,"n. 裂痕, 破绽, 拉裂, 浪子, 巨浪\nvi. 被拉开, 裂开, 猛冲\nvt. 撕, 扯, 劈","The word ""rip"" appears in many academic texts.||Try to use ""rip"" in a sentence.",“rip”常见于学术阅读中。||请尝试用“rip”造句。,cet6-core source:ecdict family:ripped family:ripping family:rips
ritual,'ritʃuәl,n.,"n. 仪式, 典礼, 宗教仪式\na. 仪式的, 依仪式进行的","The word ""ritual"" appears in many academic texts.||Try to use ""ritual"" in a sentence.",“ritual”常见于学术阅读中。||请尝试用“ritual”造句。,cet6-core source:ecdict family:rituals
rival,'raivl,n.,"n. 对手, 竞争者\na. 竞争的","The word ""rival"" appears in many academic texts.||Try to use ""rival"" in a sentence.",“rival”常见于学术阅读中。||请尝试用“rival”造句。,cet6-core source:ecdict family:rivals family:rivalled family:rivalling
rivalry,'raivlri,n.,"n. 竞争, 对抗\n[医] 拮抗","The word ""rivalry"" appears in many academic texts.||Try to use ""rivalry"" in a sentence.",“rivalry”常见于学术阅读中。||请尝试用“rivalry”造句。,cet6-core source:ecdict family:rivalries
robust,rәu'bʌst,adj.,"a. 健康的, 强健的, 要用力气的, 坚定的, 粗野的\n[计] 健壮性","The word ""robust"" appears in many academic texts.||Try to use ""robust"" in a sentence.",“robust”常见于学术阅读中。||请尝试用“robust”造句。,cet6-core source:ecdict family:robuster
romance,rәu'mæns,n.,"n. 冒险故事, 浪漫史, 传奇文学\nvi. 写传奇, 作空想, 虚构","The word ""romance"" appears in many academic texts.||Try to use ""romance"" in a sentence.",“romance”常见于学术阅读中。||请尝试用“romance”造句。,cet6-core source:ecdict family:romances family:romancing family:romanced
rot,rɒt,n.,"n. 腐烂, 腐蚀, 败坏\nvi. 腐烂, 烂, 堕落, 憔悴\nvt. 使腐烂, 使腐朽, 使堕落","The word ""rot"" appears in many academic texts.||Try to use ""rot"" in a sentence.",“rot”常见于学术阅读中。||请尝试用“rot”造句。,cet6-core source:ecdict family:rotted family:rotting family:rots
rotary,'rәutәri,adj.,"a. 旋转的, 轮流的\nn. 旋转式机器","The word ""rotary"" appears in many academic texts.||Try to use ""rotary"" in a sentence.",“rotary”常见于学术阅读中。||请尝试用“rotary”造句。,cet6-core source:ecdict family:rotaries
routine,ru:'ti:n,n.,"n. 常规, 日常工作, 惯例, 例行公事\na. 日常的, 常规的\n[计] 例程","The word ""routine"" appears in many academic texts.||Try to use ""routine"" in a sentence.",“routine”常见于学术阅读中。||请尝试用“routine”造句。,cet6-core source:ecdict family:routines
royalty,'rɒiәlti,n.,"n. 皇室, 王族成员, 王权, 特权阶层, 庄严\n[经] 特许权, 使用费, 使用税","The word ""royalty"" appears in many academic texts.||Try to use ""royalty"" in a sentence.",“royalty”常见于学术阅读中。||请尝试用“royalty”造句。,cet6-core source:ecdict family:royalties
ruin,ruin,n.,"n. 毁灭, 推翻, 废墟\nvi. 毁灭, 衰败, 破坏, 破产, 堕落\nvt. 使毁灭, 毁坏, 使破产","The word ""ruin"" appears in many academic texts.||Try to use ""ruin"" in a sentence.",“ruin”常见于学术阅读中。||请尝试用“ruin”造句。,cet6-core source:ecdict family:ruins family:ruining family:ruined
rupture,'rʌptʃә,n.,"n. 破裂, 断裂, 裂开, 决裂, 不和\nv. (使)破裂","The word ""rupture"" appears in many academic texts.||Try to use ""rupture"" in a sentence.",“rupture”常见于学术阅读中。||请尝试用“rupture”造句。,cet6-core source:ecdict family:ruptured family:rupturing family:ruptures
sacred,'seikrid,adj.,"a. 神圣的, 献给上帝的, 庄严的, 祭祀的\n[法] 神圣的, 不可侵犯的","The word ""sacred"" appears in many academic texts.||Try to use ""sacred"" in a sentence.",“sacred”常见于学术阅读中。||请尝试用“sacred”造句。,cet6-core source:ecdict
sacrifice,'sækrifais,n.,"n. 牺牲, 供奉, 祭品\nvt. 牺牲, 祭祀, 贱卖\nvi. 献祭","The word ""sacrifice"" appears in many academic texts.||Try to use ""sacrifice"" in a sentence.",“sacrifice”常见于学术阅读中。||请尝试用“sacrifice”造句。,cet6-core source:ecdict family:sacrifices family:sacrificed family:sacrificing
safeguard,'seifgɑ:d,n.,"n. 保卫, 保护措施, 防护设施\nvt. 保卫, 保护","The word ""safeguard"" appears in many academic texts.||Try to use ""safeguard"" in a sentence.",“safeguard”常见于学术阅读中。||请尝试用“safeguard”造句。,cet6-core source:ecdict family:safeguards family:safeguarding family:safeguarded
sake,seik,n.,"n. 目的, 缘故, 理由","The word ""sake"" appears in many academic texts.||Try to use ""sake"" in a sentence.",“sake”常见于学术阅读中。||请尝试用“sake”造句。,cet6-core source:ecdict family:sakes
salute,sә'lu:t,vi.,"vi. 行礼, 致意, 问候, 放礼炮\nvt. 向...致意, 迎接, 赞扬\nn. 招呼, 敬礼, 礼炮","The word ""salute"" appears in many academic texts.||Try to use ""salute"" in a sentence.",“salute”常见于学术阅读中。||请尝试用“salute”造句。,cet6-core source:ecdict family:saluted family:salutes family:saluting
salvation,sæl'veiʃә,n.,"n. 拯救, 救助, 救世","The word ""salvation"" appears in many academic texts.||Try to use ""salvation"" in a sentence.",“salvation”常见于学术阅读中。||请尝试用“salvation”造句。,cet6-core source:ecdict
sample,'sæmpl,n.,"n. 样品, 范例, 样本\nvt. 抽样, 尝试\n[计] 示例, 字样","The word ""sample"" appears in many academic texts.||Try to use ""sample"" in a sentence.",“sample”常见于学术阅读中。||请尝试用“sample”造句。,cet6-core source:ecdict family:samples family:sampled family:sampling
sanction,'sæŋkʃәn,n.,"n. 核准, 制裁, 处罚, 约束力\nvt. 制定制裁规则, 认可, 核准, 同意","The word ""sanction"" appears in many academic texts.||Try to use ""sanction"" in a sentence.",“sanction”常见于学术阅读中。||请尝试用“sanction”造句。,cet6-core source:ecdict family:sanctions family:sanctioned family:sanctioning
saturate,'sætʃәreit,vt.,"vt. 使渗透, 浸透, 使充满, 使饱和\na. 浸透的, 饱和度高的, 深颜色的\nn. 饱和化合物, 饱和脂肪酸","The word ""saturate"" appears in many academic texts.||Try to use ""saturate"" in a sentence.",“saturate”常见于学术阅读中。||请尝试用“saturate”造句。,cet6-core source:ecdict family:saturated family:saturating family:saturates
savage,'sævidʒ,adj.,"a. 未开化的, 野蛮的, 无礼的, 残酷的, 原始的, 粗鲁的, 未开发的\nvt. 用暴力对付, 凶猛攻击\nn. 原始人, 粗鲁人","The word ""savage"" appears in many academic texts.||Try to use ""savage"" in a sentence.",“savage”常见于学术阅读中。||请尝试用“savage”造句。,cet6-core source:ecdict family:savages family:savaged family:savaging
scale,skeil,n.,"n. 刻度, 衡量, 比例, 比例尺, 数值范围, 等级, 规模, 天平, 秤, 鳞, 积垢\nvt. 依比例决定, 攀登, 测量, 绘制, 刮鳞, 使生垢, 过秤\nvi. 剥落, 生水垢, 重量为, 攀登, 衡量\n[计] 刻度","The word ""scale"" appears in many academic texts.||Try to use ""scale"" in a sentence.",“scale”常见于学术阅读中。||请尝试用“scale”造句。,cet6-core source:ecdict family:scales family:scaled family:scaling
scan,skæn,n.,"n. 审视, 浏览, 扫描, 细查\nvt. 细看, 浏览, 扫描, 详细调查, 标出格律\nvi. 押韵, 扫描\n[计] 网络软件目录, 编码与分析系统","The word ""scan"" appears in many academic texts.||Try to use ""scan"" in a sentence.",“scan”常见于学术阅读中。||请尝试用“scan”造句。,cet6-core source:ecdict family:scanning family:scanned family:scans
scandal,'skændәl,n.,"n. 丑闻, 中伤, 耻辱, 反感, 流言蜚语\n[法] 丑事, 丑闻, 干丑事的人","The word ""scandal"" appears in many academic texts.||Try to use ""scandal"" in a sentence.",“scandal”常见于学术阅读中。||请尝试用“scandal”造句。,cet6-core source:ecdict family:scandals
scar,skɑ:,n.,"n. 疤痕, 伤痕, 悬崖\nvi. 结疤, 愈合, 痊愈\nvt. 使有伤痕","The word ""scar"" appears in many academic texts.||Try to use ""scar"" in a sentence.",“scar”常见于学术阅读中。||请尝试用“scar”造句。,cet6-core source:ecdict family:scars family:scarred family:scarring
scatter,'skætә,n.,"n. 消散, 分散, 散播, 散射, 散布, 酒馆\nvi. 散布, 散播, 消散\nvt. 使消散, 使分散, 撒, 散布, 散播, 散射\n[计] 散点图","The word ""scatter"" appears in many academic texts.||Try to use ""scatter"" in a sentence.",“scatter”常见于学术阅读中。||请尝试用“scatter”造句。,cet6-core source:ecdict family:scattered family:scattering family:scatters
scent,sent,n.,"n. 气味, 香味, 香水, 踪迹, 痕迹, 线索, 嗅觉\nvt. 闻出, 嗅, 发觉, 使充满气味\nvi. 嗅猎, 发出气味","The word ""scent"" appears in many academic texts.||Try to use ""scent"" in a sentence.",“scent”常见于学术阅读中。||请尝试用“scent”造句。,cet6-core source:ecdict family:scents family:scented family:scenting
schedule,'skedʒuәl,n.,"n. 时间表, 一览表, 计划表, 议事日程\nvt. 预定, 编制目录, 制...表, 安排","The word ""schedule"" appears in many academic texts.||Try to use ""schedule"" in a sentence.",“schedule”常见于学术阅读中。||请尝试用“schedule”造句。,cet6-core source:ecdict family:scheduled family:schedules family:scheduling
scheme,ski:m,n.,"n. 方案, 计划, 组合, 系统, 图解, 诡计, 阴谋\nv. 计划, 设计, 图谋, 策划","The word ""scheme"" appears in many academic texts.||Try to use ""scheme"" in a sentence.",“scheme”常见于学术阅读中。||请尝试用“scheme”造句。,cet6-core source:ecdict family:schemes family:scheming family:schemed
scope,skәup,n.,"n. 范围, 机会, 广度, 眼界, 观察仪器, 导弹射程\n[计] 作用域","The word ""scope"" appears in many academic texts.||Try to use ""scope"" in a sentence.",“scope”常见于学术阅读中。||请尝试用“scope”造句。,cet6-core source:ecdict family:scopes
score,skɒ:,n.,"n. 得分, 抓痕, 二十个, 刻痕, 帐目, 乐谱, 起跑线, 终点线, 大量\nvt. 刻划, 划线, 获得, 评价, 把...记下\nvi. 刻痕, 记分, 得分\n[计] 得分","The word ""score"" appears in many academic texts.||Try to use ""score"" in a sentence.",“score”常见于学术阅读中。||请尝试用“score”造句。,cet6-core source:ecdict family:scored family:scores family:scoring
scorn,skɒ:n,n.,"n. 轻蔑, 藐视, 嘲笑, 被嘲弄的人\nvt. 轻蔑, 不屑做","The word ""scorn"" appears in many academic texts.||Try to use ""scorn"" in a sentence.",“scorn”常见于学术阅读中。||请尝试用“scorn”造句。,cet6-core source:ecdict family:scorned family:scorning family:scorns
scramble,'skræmbl,n.,"n. 攀缘, 爬行, 抢夺, 混乱, 紧急起飞\nvi. 攀缘, 杂乱蔓延, 争夺, 拼凑, 匆忙\nvt. 攀登, 扰乱, 使混杂","The word ""scramble"" appears in many academic texts.||Try to use ""scramble"" in a sentence.",“scramble”常见于学术阅读中。||请尝试用“scramble”造句。,cet6-core source:ecdict family:scrambled family:scrambling family:scrambles
scrap,skræp,n.,"n. 碎片, 残余物, 些微, 片断, 铁屑, 吵架\nvt. 扔弃, 敲碎, 拆毁\nvi. 互相殴打\na. 零碎拼凑成的, 废弃的","The word ""scrap"" appears in many academic texts.||Try to use ""scrap"" in a sentence.",“scrap”常见于学术阅读中。||请尝试用“scrap”造句。,cet6-core source:ecdict family:scraps family:scrapped family:scrapping
scrape,skreip,n.,"n. 刮, 擦, 挖, 擦痕, 刮擦声, 困境\nvi. 刮掉, 擦掉, 刮出刺耳声\nvt. 刮, 擦, 擦伤, 挖成, 积蓄","The word ""scrape"" appears in many academic texts.||Try to use ""scrape"" in a sentence.",“scrape”常见于学术阅读中。||请尝试用“scrape”造句。,cet6-core source:ecdict family:scraped family:scraping family:scrapes
scratch,skrætʃ,n.,"n. 抓痕, 搔, 抓, 擦伤, 刮擦声, 乱写, 零分, 起跑线\nvt. 搔, 抓, 挖出, 擦, 刮, 乱涂, 勾抹掉\nvi. 搔, 抓, 发刮擦声, 勉强糊口\na. 碰巧的, 凑合的, 打草稿用的\n[计] 擦除","The word ""scratch"" appears in many academic texts.||Try to use ""scratch"" in a sentence.",“scratch”常见于学术阅读中。||请尝试用“scratch”造句。,cet6-core source:ecdict family:scratching family:scratched family:scratches
screw,skru:,n.,"n. 螺旋, 螺杆, 螺钉, 螺旋桨, 吝啬鬼\nvt. 调节, 扭紧, 旋, 拧, 加强, 压榨, 勒索\nvi. 转动, 旋, 拧","The word ""screw"" appears in many academic texts.||Try to use ""screw"" in a sentence.",“screw”常见于学术阅读中。||请尝试用“screw”造句。,cet6-core source:ecdict family:screws family:screwed family:screwing
scrub,skrʌb,n.,"n. 用力擦洗, 矮树, 矮人, 渺小之物\nvt. 用力擦洗, 擦掉, 摩擦\nvi. 擦洗干净, 进行手臂消毒\na. 次等的, 矮小的, 非正规球队的, 临时凑合的","The word ""scrub"" appears in many academic texts.||Try to use ""scrub"" in a sentence.",“scrub”常见于学术阅读中。||请尝试用“scrub”造句。,cet6-core source:ecdict family:scrubbed family:scrubbing family:scrubs
scrutiny,'skru:tini,n.,"n. 细看, 仔细检查, 监视, 选票检查\n[经] 复查, 评核, 仔细检查","The word ""scrutiny"" appears in many academic texts.||Try to use ""scrutiny"" in a sentence.",“scrutiny”常见于学术阅读中。||请尝试用“scrutiny”造句。,cet6-core source:ecdict family:scrutinies
sculpture,'skʌlptʃә,n.,"n. 雕刻, 雕塑\nvt. 雕刻, 雕塑\nvi. 当雕刻师","The word ""sculpture"" appears in many academic texts.||Try to use ""sculpture"" in a sentence.",“sculpture”常见于学术阅读中。||请尝试用“sculpture”造句。,cet6-core source:ecdict family:sculptures family:sculptured family:sculpturing
seam,si:m,n.,"n. 缝合线, 衔接口, 接缝, 线缝, 伤疤\nvt. 缝合, 接合, 焊合, 使留下伤痕\nvi. 裂开, 发生裂痕","The word ""seam"" appears in many academic texts.||Try to use ""seam"" in a sentence.",“seam”常见于学术阅读中。||请尝试用“seam”造句。,cet6-core source:ecdict family:seams family:seamed family:seaming
security,si'kjuriti,n.,"n. 安全, 安全性, 防护物, 保安, 可靠性, 担保人, 抵押品, 保证金\n[计] 安全性, 保密性, 安全检查程序","The word ""security"" appears in many academic texts.||Try to use ""security"" in a sentence.",“security”常见于学术阅读中。||请尝试用“security”造句。,cet6-core source:ecdict family:securities
seemingly,'si:miŋli,adv.,"adv. 看来似乎, 表面上看来","The word ""seemingly"" appears in many academic texts.||Try to use ""seemingly"" in a sentence.",“seemingly”常见于学术阅读中。||请尝试用“seemingly”造句。,cet6-core source:ecdict
segment,'segmәnt,n.,"n. 片段, 部分, 分节, 段\nv. 分割, 分裂\n[计] 段","The word ""segment"" appears in many academic texts.||Try to use ""segment"" in a sentence.",“segment”常见于学术阅读中。||请尝试用“segment”造句。,cet6-core source:ecdict family:segments family:segmented family:segmenting
segregate,'segrigeit,adj.,"a. 分离的, 被隔离的\nvi. 分离, 隔离, 分凝\nvt. 使分离, 使隔离","The word ""segregate"" appears in many academic texts.||Try to use ""segregate"" in a sentence.",“segregate”常见于学术阅读中。||请尝试用“segregate”造句。,cet6-core source:ecdict family:segregated family:segregating family:segregates
semester,si'mestә,n.,n. 学期,"The word ""semester"" appears in many academic texts.||Try to use ""semester"" in a sentence.",“semester”常见于学术阅读中。||请尝试用“semester”造句。,cet6-core source:ecdict family:semesters
senator,'senәtә,n.,"n. 参议员, (某些大学的)理事\n[法] 参议员, 上议员","The word ""senator"" appears in many academic texts.||Try to use ""senator"" in a sentence.",“senator”常见于学术阅读中。||请尝试用“senator”造句。,cet6-core source:ecdict family:senators
sensation,sen'seiʃәn,n.,"n. 感觉, 轰动\n[医] 感觉","The word ""sensation"" appears in many academic texts.||Try to use ""sensation"" in a sentence.",“sensation”常见于学术阅读中。||请尝试用“sensation”造句。,cet6-core source:ecdict family:sensations
sensible,'sensәbl,adj.,"a. 有感觉的, 敏感的, 明智的\n[医] 可感觉的","The word ""sensible"" appears in many academic texts.||Try to use ""sensible"" in a sentence.",“sensible”常见于学术阅读中。||请尝试用“sensible”造句。,cet6-core source:ecdict
sensitive,'sensitiv,adj.,"a. 敏感的, 易感的, 灵敏的, 感光的\n[机] 敏感的, 灵敏的, 感度高的","The word ""sensitive"" appears in many academic texts.||Try to use ""sensitive"" in a sentence.",“sensitive”常见于学术阅读中。||请尝试用“sensitive”造句。,cet6-core source:ecdict family:sensitives
sentiment,'sentimәnt,n.,"n. 感情, 感伤, 情操, 情绪, 感想, 意见\n[医] 情感, 情操","The word ""sentiment"" appears in many academic texts.||Try to use ""sentiment"" in a sentence.",“sentiment”常见于学术阅读中。||请尝试用“sentiment”造句。,cet6-core source:ecdict family:sentiments
sequence,'si:kwәns,n.,"n. 序列, 续发事件, 顺序, 连续\nvt. 按顺序排好\n[计] 顺序","The word ""sequence"" appears in many academic texts.||Try to use ""sequence"" in a sentence.",“sequence”常见于学术阅读中。||请尝试用“sequence”造句。,cet6-core source:ecdict family:sequences family:sequenced family:sequencing
sergeant,'sɑ:dʒәnt,n.,"n. 警察小队长, 军士","The word ""sergeant"" appears in many academic texts.||Try to use ""sergeant"" in a sentence.",“sergeant”常见于学术阅读中。||请尝试用“sergeant”造句。,cet6-core source:ecdict family:sergeants
serial,'siәriәl,n.,"n. 分期连载作品, 连载小说\na. 连续的, 一连串的, 连载的, 分期偿还的\n[计] 连续的; 串行的","The word ""serial"" appears in many academic texts.||Try to use ""serial"" in a sentence.",“serial”常见于学术阅读中。||请尝试用“serial”造句。,cet6-core source:ecdict family:serials family:serialled
series,'siәri:z,n.,"n. 串联, 序列, 连续, 系列, 丛书, 套, 级数, 组\n[计] 系列","The word ""series"" appears in many academic texts.||Try to use ""series"" in a sentence.",“series”常见于学术阅读中。||请尝试用“series”造句。,cet6-core source:ecdict
setback,'setbæk,n.,"n. 挫折, 退步, 逆流","The word ""setback"" appears in many academic texts.||Try to use ""setback"" in a sentence.",“setback”常见于学术阅读中。||请尝试用“setback”造句。,cet6-core source:ecdict family:setbacks
settle,'setl,n.,"n. 有背长椅\nvt. 决定, 整理, 安放, 使定居, 使平静, 支付, 安排, 解决, 结算\nvi. 停留, 下陷, 沉淀, 澄清, 安下心来, 结清, 定居, 安家","The word ""settle"" appears in many academic texts.||Try to use ""settle"" in a sentence.",“settle”常见于学术阅读中。||请尝试用“settle”造句。,cet6-core source:ecdict family:settled family:settling family:settles
settlement,'setlmәnt,n.,"n. 安顿, 解决, 处理, 结算, 殖民, 殖民地, 沉降\n[医] 居住区; 沉渣","The word ""settlement"" appears in many academic texts.||Try to use ""settlement"" in a sentence.",“settlement”常见于学术阅读中。||请尝试用“settlement”造句。,cet6-core source:ecdict family:settlements
severe,si'viә,adj.,"a. 严格的, 尖锐的, 严肃的, 严重的, 严厉的, 朴素的\n[法] 严厉的, 苛刻的, 严重的","The word ""severe"" appears in many academic texts.||Try to use ""severe"" in a sentence.",“severe”常见于学术阅读中。||请尝试用“severe”造句。,cet6-core source:ecdict family:severest family:severer
shabby,'ʃæbi,adj.,"a. 衣衫褴褛的, 低劣的, 破旧的, 吝啬的, 卑鄙的","The word ""shabby"" appears in many academic texts.||Try to use ""shabby"" in a sentence.",“shabby”常见于学术阅读中。||请尝试用“shabby”造句。,cet6-core source:ecdict family:shabbier family:shabbiest
shaft,ʃæft,n.,"n. 轴, 箭杆, 矛, 矿井\nvt. 装杆于, 利用","The word ""shaft"" appears in many academic texts.||Try to use ""shaft"" in a sentence.",“shaft”常见于学术阅读中。||请尝试用“shaft”造句。,cet6-core source:ecdict family:shafts family:shafting family:shafted
shark,ʃɑ:k,n.,"n. 鲨鱼, 骗子\nv. 诈骗","The word ""shark"" appears in many academic texts.||Try to use ""shark"" in a sentence.",“shark”常见于学术阅读中。||请尝试用“shark”造句。,cet6-core source:ecdict family:sharks family:sharking family:sharked
shatter,'ʃætә,n.,"n. 碎片, 粉碎, 落叶, 喷洒\nvt. 打碎, 使散开, 粉碎, 破坏\nvi. 粉碎, 损坏, 脱落","The word ""shatter"" appears in many academic texts.||Try to use ""shatter"" in a sentence.",“shatter”常见于学术阅读中。||请尝试用“shatter”造句。,cet6-core source:ecdict family:shattered family:shattering family:shatters
shed,ʃed,n.,"n. 车棚, 小屋, 脱落之物, 分水岭\nvt. 使流出, 放射, 脱落, 散发, 摆脱\nvi. 流出, 散布, 脱落","The word ""shed"" appears in many academic texts.||Try to use ""shed"" in a sentence.",“shed”常见于学术阅读中。||请尝试用“shed”造句。,cet6-core source:ecdict family:sheds family:dp family:shedding
sheer,ʃiә,adj.,"a. 绝对的, 全然的, 纯粹的, 透明的, 峻峭的\nvi. 偏转, 偏航\nvt. 使急转向, 使偏航\nadv. 完全, 全然, 峻峭\nn. 偏航","The word ""sheer"" appears in many academic texts.||Try to use ""sheer"" in a sentence.",“sheer”常见于学术阅读中。||请尝试用“sheer”造句。,cet6-core source:ecdict family:sheers family:sheered family:sheering
shepherd,'ʃepәd,n.,"n. 牧羊人, 牧羊犬, 牧师, 保护者\nvt. 看守, 领导, 指导, 牧羊","The word ""shepherd"" appears in many academic texts.||Try to use ""shepherd"" in a sentence.",“shepherd”常见于学术阅读中。||请尝试用“shepherd”造句。,cet6-core source:ecdict family:shepherds family:shepherded family:shepherding
shield,'ʃi:ld,n.,"n. 盾, 防卫物, 保护者, 屏蔽\nvt. 保护, 遮蔽, 屏蔽, 庇护, 挡开, 避开\nvi. 起保护作用","The word ""shield"" appears in many academic texts.||Try to use ""shield"" in a sentence.",“shield”常见于学术阅读中。||请尝试用“shield”造句。,cet6-core source:ecdict family:shields family:shielding family:shielded
shipment,'ʃipmәnt,n.,"n. 装船, 出货\n[经] 运送, 运送(寄出)货物, 装载","The word ""shipment"" appears in many academic texts.||Try to use ""shipment"" in a sentence.",“shipment”常见于学术阅读中。||请尝试用“shipment”造句。,cet6-core source:ecdict family:shipments
shove,ʃʌv,n.,"n. 推, 挤\nvt. 推挤, 猛推, 强使\nvi. 推","The word ""shove"" appears in many academic texts.||Try to use ""shove"" in a sentence.",“shove”常见于学术阅读中。||请尝试用“shove”造句。,cet6-core source:ecdict family:shoved family:shoving family:shoves
shrewd,ʃru:d,adj.,"a. 精明的, 锐利的, 剧烈的, 机灵的, 厉害的","The word ""shrewd"" appears in many academic texts.||Try to use ""shrewd"" in a sentence.",“shrewd”常见于学术阅读中。||请尝试用“shrewd”造句。,cet6-core source:ecdict family:shrewder family:shrewdest
shrink,ʃriŋk,n.,"n. 收缩, 萎缩, 回避\nvi. 收缩, 退缩, 萎缩, 缩小, 回避\nvt. 使收缩, 使缩小","The word ""shrink"" appears in many academic texts.||Try to use ""shrink"" in a sentence.",“shrink”常见于学术阅读中。||请尝试用“shrink”造句。,cet6-core source:ecdict family:shrank family:shrunk family:shrinking family:shrinks
shrub,ʃrʌb,n.,"n. 矮树, 灌木, 果汁甜酒","The word ""shrub"" appears in many academic texts.||Try to use ""shrub"" in a sentence.",“shrub”常见于学术阅读中。||请尝试用“shrub”造句。,cet6-core source:ecdict family:shrubs
shrug,ʃrʌg,n.,n. 耸肩\nv. 耸肩,"The word ""shrug"" appears in many academic texts.||Try to use ""shrug"" in a sentence.",“shrug”常见于学术阅读中。||请尝试用“shrug”造句。,cet6-core source:ecdict family:shrugged family:shrugging family:shrugs
shutter,'ʃʌtә,n.,"n. 百叶窗, 关闭物, 照相机快门, 关闭者\nvt. 为...装百叶窗, 以百叶窗遮闭","The word ""shutter"" appears in many academic texts.||Try to use ""shutter"" in a sentence.",“shutter”常见于学术阅读中。||请尝试用“shutter”造句。,cet6-core source:ecdict family:shutters family:shuttering family:shuttered
shuttle,'ʃʌtl,n.,"n. 穿梭, 梭子, 往返移动之物\nv. (使)穿梭移动, 往返运送","The word ""shuttle"" appears in many academic texts.||Try to use ""shuttle"" in a sentence.",“shuttle”常见于学术阅读中。||请尝试用“shuttle”造句。,cet6-core source:ecdict family:shuttles family:shuttling family:shuttled
siege,si:dʒ,n.,"n. 包围, 围攻, 再三的努力\nvt. 包围, 围攻","The word ""siege"" appears in many academic texts.||Try to use ""siege"" in a sentence.",“siege”常见于学术阅读中。||请尝试用“siege”造句。,cet6-core source:ecdict family:sieges
sieve,siv,n.,"n. 筛子, 滤网\nvt. 筛, 滤","The word ""sieve"" appears in many academic texts.||Try to use ""sieve"" in a sentence.",“sieve”常见于学术阅读中。||请尝试用“sieve”造句。,cet6-core source:ecdict family:sieves family:sieved family:sieving
signal,'signl,n.,"n. 信号, 暗号, 近因, 导火线\nvt. 向...作信号, 标志, 用信号通知\nvi. 发信号\na. 作为信号的, 显著的\n[计] 信号","The word ""signal"" appears in many academic texts.||Try to use ""signal"" in a sentence.",“signal”常见于学术阅读中。||请尝试用“signal”造句。,cet6-core source:ecdict family:signals family:signalled family:signalling
significant,sig'nifikәnt,adj.,"a. 重要的, 有效的, 有含义的, 暗示的, 值得注意的","The word ""significant"" appears in many academic texts.||Try to use ""significant"" in a sentence.",“significant”常见于学术阅读中。||请尝试用“significant”造句。,cet6-core source:ecdict
signify,'signifai,vt.,"vt. 象征, 预示\nvi. 要紧, 重要","The word ""signify"" appears in many academic texts.||Try to use ""signify"" in a sentence.",“signify”常见于学术阅读中。||请尝试用“signify”造句。,cet6-core source:ecdict family:signifies family:signified family:signifying
silicon,'silikәn,n.,n. 硅\n[化] 硅Si,"The word ""silicon"" appears in many academic texts.||Try to use ""silicon"" in a sentence.",“silicon”常见于学术阅读中。||请尝试用“silicon”造句。,cet6-core source:ecdict family:siliconed family:siliconing
similar,'similә,adj.,"a. 相似的, 类似的\nn. 相似的东西","The word ""similar"" appears in many academic texts.||Try to use ""similar"" in a sentence.",“similar”常见于学术阅读中。||请尝试用“similar”造句。,cet6-core source:ecdict
simulate,'simjuleit,vt.,"vt. 模拟, 假装, 模仿\n[法] 伪装的, 模拟的; 假装的, 伪装的, 冒充","The word ""simulate"" appears in many academic texts.||Try to use ""simulate"" in a sentence.",“simulate”常见于学术阅读中。||请尝试用“simulate”造句。,cet6-core source:ecdict family:simulating family:simulated family:simulates
simultaneous,.simәl'teinjәs,adj.,"a. 同时的, 同时发生的\n[计] 同时的","The word ""simultaneous"" appears in many academic texts.||Try to use ""simultaneous"" in a sentence.",“simultaneous”常见于学术阅读中。||请尝试用“simultaneous”造句。,cet6-core source:ecdict
sip,sip,n.,"n. 啜饮, 小口喝, 抿\nvi. 啜饮\nvt. 啜\n[计] 单列直插式组件","The word ""sip"" appears in many academic texts.||Try to use ""sip"" in a sentence.",“sip”常见于学术阅读中。||请尝试用“sip”造句。,cet6-core source:ecdict family:sipped family:sipping family:sips
situated,'sitjueitid,adj.,"a. 位于...的, 坐落在...的, 处于某种境地的\n[法] 坐落...的, 位于...的, 处于某种境地的","The word ""situated"" appears in many academic texts.||Try to use ""situated"" in a sentence.",“situated”常见于学术阅读中。||请尝试用“situated”造句。,cet6-core source:ecdict family:dp family:situate
skeleton,'skelәtn,n.,"n. 骨骼, 骨瘦如柴的人, 梗概, 骨干, 残骸\na. 骨骼的, 概略的, 基层的, 骨干的\n[计] 骨架","The word ""skeleton"" appears in many academic texts.||Try to use ""skeleton"" in a sentence.",“skeleton”常见于学术阅读中。||请尝试用“skeleton”造句。,cet6-core source:ecdict family:skeletons
skeptical,'skeptikәl,adj.,"a. 怀疑论的, 怀疑的, 不可知论的\n[法] 怀疑的, 不信的, 怀疑论者的","The word ""skeptical"" appears in many academic texts.||Try to use ""skeptical"" in a sentence.",“skeptical”常见于学术阅读中。||请尝试用“skeptical”造句。,cet6-core source:ecdict
skip,skip,n.,"n. 跳跃, 跳读\nvi. 跳越, 跳读, 跳绳, 遗漏, 跳级\nvt. 跳过, 遗漏\n[计] 跳过","The word ""skip"" appears in many academic texts.||Try to use ""skip"" in a sentence.",“skip”常见于学术阅读中。||请尝试用“skip”造句。,cet6-core source:ecdict family:skipped family:skipping family:skips
skull,skʌl,n.,"n. 头盖骨, 头脑, 好学生\n[医] 头颅","The word ""skull"" appears in many academic texts.||Try to use ""skull"" in a sentence.",“skull”常见于学术阅读中。||请尝试用“skull”造句。,cet6-core source:ecdict family:skulls
slack,slæk,n.,"n. 松弛, 松懈, 淡季, 闲散, 家常裤\na. 松弛的, 不流畅的, 疏忽的, 无力的, 呆滞的, 软弱的, 漏水的\nadv. 马虎地, 缓慢地\nvt. 放松, 使缓慢\nvi. 松懈, 减弱, 松弛","The word ""slack"" appears in many academic texts.||Try to use ""slack"" in a sentence.",“slack”常见于学术阅读中。||请尝试用“slack”造句。,cet6-core source:ecdict family:slacks family:slacker family:slacking family:slackest family:slacked
slap,slæp,n.,"n. 掴, 掌击, 侮辱, 拍击声\nv. 拍击, 惩罚\nadv. 正面地, 直接地, 突然地","The word ""slap"" appears in many academic texts.||Try to use ""slap"" in a sentence.",“slap”常见于学术阅读中。||请尝试用“slap”造句。,cet6-core source:ecdict family:slapped family:slapping family:slaps
slash,slæʃ,v.,"v. 猛砍, 乱砍\nn. 猛砍, 乱砍, 删减\n[计] 斜线","The word ""slash"" appears in many academic texts.||Try to use ""slash"" in a sentence.",“slash”常见于学术阅读中。||请尝试用“slash”造句。,cet6-core source:ecdict family:slashed family:slashing family:slashes
slaughter,'slɒ:tә,n.,"n. 残杀, 屠杀, 杀戮\nvt. 残杀, 屠杀, 亏本出售","The word ""slaughter"" appears in many academic texts.||Try to use ""slaughter"" in a sentence.",“slaughter”常见于学术阅读中。||请尝试用“slaughter”造句。,cet6-core source:ecdict family:slaughtered family:slaughtering family:slaughters
slice,slais,n.,"n. 薄的切片, 一部分, 菜刀\nvt. 切成薄片, 切下\nvi. 切\n[计] 片","The word ""slice"" appears in many academic texts.||Try to use ""slice"" in a sentence.",“slice”常见于学术阅读中。||请尝试用“slice”造句。,cet6-core source:ecdict family:slices family:slicing family:sliced
slick,slik,adj.,"a. 光滑的, 熟练的, 聪明的, 华而不实的, 老套的, 陈腐的\nadv. 灵活地, 聪明地\nvt. 使光滑, 使漂亮\nvi. 打扮整洁\nn. 光滑平面, 平滑器, 修光工具","The word ""slick"" appears in many academic texts.||Try to use ""slick"" in a sentence.",“slick”常见于学术阅读中。||请尝试用“slick”造句。,cet6-core source:ecdict family:slicks family:slicked family:slicker family:slicking family:slickest
slide,slaid,n.,"n. 滑, 滑道, 山崩, 雪崩, 幻灯片\nvt. 使滑动, 偷偷放入\nvi. 滑动, 滑落, 不知不觉陷入, 偷偷地走","The word ""slide"" appears in many academic texts.||Try to use ""slide"" in a sentence.",“slide”常见于学术阅读中。||请尝试用“slide”造句。,cet6-core source:ecdict family:slid family:slides family:sliding
slight,slait,n.,"n. 轻蔑, 怠慢\na. 轻微的, 纤细的, 脆弱的, 苗条的\nvt. 轻视, 忽略, 怠慢","The word ""slight"" appears in many academic texts.||Try to use ""slight"" in a sentence.",“slight”常见于学术阅读中。||请尝试用“slight”造句。,cet6-core source:ecdict family:slightest family:slighter family:slights family:slighted family:slighting
slip,slip,n.,"n. 滑, 滑行, 事故, 溜, 差错, 滑台, 下降, 插条, 后裔, 板条, 瘦长的年轻人\nvi. 滑动, 滑倒, 失足, 溜走, 滑落, 犯错, 变坏\nvt. 使滑动, 滑过, 摆脱, 闪开, 塞入, 从...取接枝\na. 滑动的, 滑移的, 活络的, 有活结的\n[计] 串行线接口协议","The word ""slip"" appears in many academic texts.||Try to use ""slip"" in a sentence.",“slip”常见于学术阅读中。||请尝试用“slip”造句。,cet6-core source:ecdict family:slipped family:slipping family:slips
slippery,'slipәri,adj.,"a. 滑的, 光滑的, 靠不住的, 圆滑的, 不稳固的\n[法] 狡猾的, 不可靠的, 不安定的","The word ""slippery"" appears in many academic texts.||Try to use ""slippery"" in a sentence.",“slippery”常见于学术阅读中。||请尝试用“slippery”造句。,cet6-core source:ecdict
slogan,'slәugәn,n.,"n. 呐喊声, 标语, 口号","The word ""slogan"" appears in many academic texts.||Try to use ""slogan"" in a sentence.",“slogan”常见于学术阅读中。||请尝试用“slogan”造句。,cet6-core source:ecdict family:slogans family:sloganned
slope,slәup,n.,"n. 倾斜, 斜坡, 斜率, 扛枪姿势\nvt. 使倾斜, 弄斜, 扛\nvi. 倾斜, 走, 逃走","The word ""slope"" appears in many academic texts.||Try to use ""slope"" in a sentence.",“slope”常见于学术阅读中。||请尝试用“slope”造句。,cet6-core source:ecdict family:slopes family:sloped family:sloping
slot,slɒt,n.,"n. 水沟, 细长孔, 硬币投币口, 缝, 狭槽, 狭通道, 位置, 一档(广播节目等)\nvt. 开槽于, 把...纳入机构\n[计] 槽; 存储槽","The word ""slot"" appears in many academic texts.||Try to use ""slot"" in a sentence.",“slot”常见于学术阅读中。||请尝试用“slot”造句。,cet6-core source:ecdict family:slots family:slotted family:slotting
slum,slʌm,n.,n. 贫民窟\nvi. 访问贫民区,"The word ""slum"" appears in many academic texts.||Try to use ""slum"" in a sentence.",“slum”常见于学术阅读中。||请尝试用“slum”造句。,cet6-core source:ecdict family:slums family:slumming family:slummed
slump,slʌmp,n.,"n. 暴跌, 垂头弯腰的姿态\nvi. 猛然掉落, 陷入, 衰落(经济等)","The word ""slump"" appears in many academic texts.||Try to use ""slump"" in a sentence.",“slump”常见于学术阅读中。||请尝试用“slump”造句。,cet6-core source:ecdict family:slumped family:slumping family:slumps
smash,smæʃ,n.,"n. 打碎, 粉碎, 打碎时哗啦声, 猛击, 扣球, 杀球, 经营失败, 破产, 硬币, 假硬币\na. 非常轰动的, 了不起的\nvt. 打碎, 粉碎, 击溃, 使破产, 使裂变, 使用假硬币\nvi. 碎裂, 猛撞, 破产, 扣球, 杀球\nadv. 轰隆一声, 哗啦一声","The word ""smash"" appears in many academic texts.||Try to use ""smash"" in a sentence.",“smash”常见于学术阅读中。||请尝试用“smash”造句。,cet6-core source:ecdict family:smashed family:smashing family:smashes
smuggle,'smʌgl,vt.,"vt. 偷运, 走私, 私运\nvi. 走私","The word ""smuggle"" appears in many academic texts.||Try to use ""smuggle"" in a sentence.",“smuggle”常见于学术阅读中。||请尝试用“smuggle”造句。,cet6-core source:ecdict family:smuggled family:smuggling family:smuggles
snack,snæk,n.,"n. 小吃, 点心, 快餐\nvi. 吃零食, 吃快餐","The word ""snack"" appears in many academic texts.||Try to use ""snack"" in a sentence.",“snack”常见于学术阅读中。||请尝试用“snack”造句。,cet6-core source:ecdict family:snacks family:snacking family:snacked
snatch,snætʃ,n.,"n. 抢夺, 攫取, 片断\nvt. 夺取, 攫取\nvi. 想抢走, 攫取","The word ""snatch"" appears in many academic texts.||Try to use ""snatch"" in a sentence.",“snatch”常见于学术阅读中。||请尝试用“snatch”造句。,cet6-core source:ecdict family:snatched family:snatching family:snatches
sneak,sni:k,vi.,"vi. 鬼鬼祟祟做事\nvt. 偷偷地做\nn. 鬼鬼祟祟的人, 偷偷摸摸的行为, 帆布胶底运动鞋\na. 暗中进行的","The word ""sneak"" appears in many academic texts.||Try to use ""sneak"" in a sentence.",“sneak”常见于学术阅读中。||请尝试用“sneak”造句。,cet6-core source:ecdict family:sneaked family:sneaking family:sneaks
sniff,snif,n.,"n. 以鼻吸气, 嗅, 气息\nvi. 嗅, 蔑视, 嗤之以鼻\nvt. 闻, 用力吸, 发觉","The word ""sniff"" appears in many academic texts.||Try to use ""sniff"" in a sentence.",“sniff”常见于学术阅读中。||请尝试用“sniff”造句。,cet6-core source:ecdict family:sniffed family:sniffing family:sniffs
soar,sɒ:,n.,"n. 高扬, 翱翔\nvi. 往上飞舞, 高耸, 翱翔","The word ""soar"" appears in many academic texts.||Try to use ""soar"" in a sentence.",“soar”常见于学术阅读中。||请尝试用“soar”造句。,cet6-core source:ecdict family:soared family:soaring family:soars
sober,'sәubә,adj.,"a. 未醉的, 稳重的, 节制的, 严肃的, 不夸大的, 合理的, 朴素的\nvt. 使醒酒, 使严肃\nvi. 从醉里醒来, 变严肃","The word ""sober"" appears in many academic texts.||Try to use ""sober"" in a sentence.",“sober”常见于学术阅读中。||请尝试用“sober”造句。,cet6-core source:ecdict family:sobered family:sobers family:sobering
sociology,.sәusi'ɒlәdʒi,n.,n. 社会学\n[医] 社会学,"The word ""sociology"" appears in many academic texts.||Try to use ""sociology"" in a sentence.",“sociology”常见于学术阅读中。||请尝试用“sociology”造句。,cet6-core source:ecdict family:sociologies
solemn,'sɒlәm,adj.,"a. 严肃的, 郑重的, 庄严的","The word ""solemn"" appears in many academic texts.||Try to use ""solemn"" in a sentence.",“solemn”常见于学术阅读中。||请尝试用“solemn”造句。,cet6-core source:ecdict
solicitor,sә'lisitә,n.,"n. (英)律师, 初级律师, (美)法务官, (美)掮客, 游说者, (美)募捐者\n[经] 募损者, 律师","The word ""solicitor"" appears in many academic texts.||Try to use ""solicitor"" in a sentence.",“solicitor”常见于学术阅读中。||请尝试用“solicitor”造句。,cet6-core source:ecdict family:solicitors
solidarity,.sɒli'dæriti,n.,"n. 团结, 团结一致, 共同一致\n[法] 团结, 共同责任","The word ""solidarity"" appears in many academic texts.||Try to use ""solidarity"" in a sentence.",“solidarity”常见于学术阅读中。||请尝试用“solidarity”造句。,cet6-core source:ecdict family:solidarities
solitary,'sɒlitәri,n.,"n. 独居者\na. 孤独的, 独居的","The word ""solitary"" appears in many academic texts.||Try to use ""solitary"" in a sentence.",“solitary”常见于学术阅读中。||请尝试用“solitary”造句。,cet6-core source:ecdict family:solitaries
solo,'sәulәu,n.,"n. 独奏, 独唱, 单独表演\na. 单独的, 独奏的, 独唱的\nvi. 放单飞","The word ""solo"" appears in many academic texts.||Try to use ""solo"" in a sentence.",“solo”常见于学术阅读中。||请尝试用“solo”造句。,cet6-core source:ecdict family:solos family:soloing family:soloed
soluble,'sɒljubl,adj.,"a. 溶解的, 可溶解的, 可以解决的\n[医] 溶解的, 可溶的","The word ""soluble"" appears in many academic texts.||Try to use ""soluble"" in a sentence.",“soluble”常见于学术阅读中。||请尝试用“soluble”造句。,cet6-core source:ecdict family:solubles
solution,sә'lu:ʃәn,n.,"n. 解决, 解答, 溶液\n[化] 溶液","The word ""solution"" appears in many academic texts.||Try to use ""solution"" in a sentence.",“solution”常见于学术阅读中。||请尝试用“solution”造句。,cet6-core source:ecdict family:solutions
sophisticated,sә'fistikeitid,adj.,"a. 复杂的, 久经世故的\n[法] 尖端的, 高级的, 非常有经验的","The word ""sophisticated"" appears in many academic texts.||Try to use ""sophisticated"" in a sentence.",“sophisticated”常见于学术阅读中。||请尝试用“sophisticated”造句。,cet6-core source:ecdict family:dp family:sophisticate
sour,'sauә,adj.,"a. 酸的, 酸臭的, 发酵的, 愠怒的, 讨厌的, 拙劣的, 不健全的\nvi. 变酸, 发酵, 厌烦, 变坏\nvt. 使变酸, 使失望\nn. 酸味, 酸饮料","The word ""sour"" appears in many academic texts.||Try to use ""sour"" in a sentence.",“sour”常见于学术阅读中。||请尝试用“sour”造句。,cet6-core source:ecdict family:soured family:sours family:souring family:sourer family:sourest
sovereign,'sɒvrin,n.,"n. 元首, 独立国\na. 具有主权的, 至高无上的, 国王的, 完全的","The word ""sovereign"" appears in many academic texts.||Try to use ""sovereign"" in a sentence.",“sovereign”常见于学术阅读中。||请尝试用“sovereign”造句。,cet6-core source:ecdict family:sovereigns
spacious,'speiʃәs,adj.,"a. 广大的, 宽广的","The word ""spacious"" appears in many academic texts.||Try to use ""spacious"" in a sentence.",“spacious”常见于学术阅读中。||请尝试用“spacious”造句。,cet6-core source:ecdict
span,spæn,n.,"n. 指距, 全长, 跨距, 一段时间, 小范围\nvt. 以手指测量, 跨越, 架设, 持续","The word ""span"" appears in many academic texts.||Try to use ""span"" in a sentence.",“span”常见于学术阅读中。||请尝试用“span”造句。,cet6-core source:ecdict family:spanning family:spanned family:spans family:dp
sparkle,'spɑ:kl,n.,"n. 闪耀, 火花, 活力, 发泡\nvi. 闪耀, 冒火花\nvt. 使闪耀","The word ""sparkle"" appears in many academic texts.||Try to use ""sparkle"" in a sentence.",“sparkle”常见于学术阅读中。||请尝试用“sparkle”造句。,cet6-core source:ecdict family:sparkled family:sparkling family:sparkles
specialist,'speiʃәlist,n.,"n. 专门医师, 专家\na. 专业的, 专家的","The word ""specialist"" appears in many academic texts.||Try to use ""specialist"" in a sentence.",“specialist”常见于学术阅读中。||请尝试用“specialist”造句。,cet6-core source:ecdict family:specialists
specialty,'speʃәlti,n.,"n. 专业, 专长, 特产, 特制品, 特性, 特点\na. 专门的, 独立的","The word ""specialty"" appears in many academic texts.||Try to use ""specialty"" in a sentence.",“specialty”常见于学术阅读中。||请尝试用“specialty”造句。,cet6-core source:ecdict family:specialties
species,'spi:ʃiz,n.,"n. 种, 类, 外形\n[医] 茶剂; 种","The word ""species"" appears in many academic texts.||Try to use ""species"" in a sentence.",“species”常见于学术阅读中。||请尝试用“species”造句。,cet6-core source:ecdict
specific,spi'sifik,n.,"n. 特效药, 特性\na. 特殊的, 明确的, 具有特效的, 特定地, 具体地","The word ""specific"" appears in many academic texts.||Try to use ""specific"" in a sentence.",“specific”常见于学术阅读中。||请尝试用“specific”造句。,cet6-core source:ecdict family:specifics
specification,.spesifi'keiʃәn,n.,"n. 规格, 详述, 详细说明书\n[计] 规范; 形式说明; 说明; 说明书; 规格","The word ""specification"" appears in many academic texts.||Try to use ""specification"" in a sentence.",“specification”常见于学术阅读中。||请尝试用“specification”造句。,cet6-core source:ecdict family:specifications
spectacle,'spektәkl,n.,"n. 引人羡慕的东西, 景象, 眼镜, 场面, 公开展示","The word ""spectacle"" appears in many academic texts.||Try to use ""spectacle"" in a sentence.",“spectacle”常见于学术阅读中。||请尝试用“spectacle”造句。,cet6-core source:ecdict family:spectacles family:spectacled
spectator,spek'teitә,n.,"n. 观众, 目击者, 旁观者","The word ""spectator"" appears in many academic texts.||Try to use ""spectator"" in a sentence.",“spectator”常见于学术阅读中。||请尝试用“spectator”造句。,cet6-core source:ecdict family:spectators
spectrum,'spektrәm,n.,"n. 光谱, 范围, 系列\n[化] 光谱","The word ""spectrum"" appears in many academic texts.||Try to use ""spectrum"" in a sentence.",“spectrum”常见于学术阅读中。||请尝试用“spectrum”造句。,cet6-core source:ecdict family:spectra
speculate,'spekjuleit,vi.,"vi. 深思, 推测, 投机\n[经] 投机","The word ""speculate"" appears in many academic texts.||Try to use ""speculate"" in a sentence.",“speculate”常见于学术阅读中。||请尝试用“speculate”造句。,cet6-core source:ecdict family:speculating family:speculated family:speculates
spice,spais,n.,"n. 香料, 药料, 香气, 调味品, 情趣, 少许\nvt. 加香料, 使添趣味","The word ""spice"" appears in many academic texts.||Try to use ""spice"" in a sentence.",“spice”常见于学术阅读中。||请尝试用“spice”造句。,cet6-core source:ecdict family:spices family:spiced family:spicing
spine,spain,n.,"n. 背骨, 脊柱, 尖刺\n[医] 脊柱; 棘, 刺; 马蹄嵴","The word ""spine"" appears in many academic texts.||Try to use ""spine"" in a sentence.",“spine”常见于学术阅读中。||请尝试用“spine”造句。,cet6-core source:ecdict family:spines
spiral,'spairәl,n.,"n. 螺旋形之物, 螺线\na. 螺旋形的, 盘旋的\nvi. 螺旋形下降, 螺旋形上升, 螺旋形行进\nvt. 使螺旋形行进","The word ""spiral"" appears in many academic texts.||Try to use ""spiral"" in a sentence.",“spiral”常见于学术阅读中。||请尝试用“spiral”造句。,cet6-core source:ecdict family:spirals family:spiralling family:spiralled
spite,spait,n.,"n. 恶意, 怨恨, 使人烦恼的事物\nvt. 故意刁难, 欺侮","The word ""spite"" appears in many academic texts.||Try to use ""spite"" in a sentence.",“spite”常见于学术阅读中。||请尝试用“spite”造句。,cet6-core source:ecdict family:spiting family:spited family:spites
splash,splæʃ,n.,"n. 飞溅, 污点, 一点儿, 溅泼声, 色斑\nvi. 溅湿, 溅开, 飞溅\nvt. 溅, 泼, 使溅起水, 洒, 使成斑驳状","The word ""splash"" appears in many academic texts.||Try to use ""splash"" in a sentence.",“splash”常见于学术阅读中。||请尝试用“splash”造句。,cet6-core source:ecdict family:splashing family:splashed family:splashes
spoil,spɒil,n.,"n. 战利品, 赃物, 奖品, 变质, 次品\nvt. 损坏, 破坏, 溺爱\nvi. 腐坏, 掠夺","The word ""spoil"" appears in many academic texts.||Try to use ""spoil"" in a sentence.",“spoil”常见于学术阅读中。||请尝试用“spoil”造句。,cet6-core source:ecdict family:spoiled family:spoiling family:spoils
sponge,spʌndʒ,n.,"n. 海绵, 海绵状的东西\nvt. 用海绵擦拭, 吸收掉, 抹掉\nvi. 采集海绵, 海绵般吸收","The word ""sponge"" appears in many academic texts.||Try to use ""sponge"" in a sentence.",“sponge”常见于学术阅读中。||请尝试用“sponge”造句。,cet6-core source:ecdict family:sponges family:sponged family:sponging
spontaneous,spɒn'teiniәs,adj.,"a. 自然的, 自发的, 未经琢磨的\n[医] 自发的, 特发的, 自生的","The word ""spontaneous"" appears in many academic texts.||Try to use ""spontaneous"" in a sentence.",“spontaneous”常见于学术阅读中。||请尝试用“spontaneous”造句。,cet6-core source:ecdict
spouse,spauz,n.,n. 配偶,"The word ""spouse"" appears in many academic texts.||Try to use ""spouse"" in a sentence.",“spouse”常见于学术阅读中。||请尝试用“spouse”造句。,cet6-core source:ecdict family:spouses
sprinkle,'spriŋkl,vt.,"vt. 洒, 散置, 撒, 点缀\nvi. 洒, 撒, 下小雨\nn. 洒, 撒, 散置, 小雨, 少量","The word ""sprinkle"" appears in many academic texts.||Try to use ""sprinkle"" in a sentence.",“sprinkle”常见于学术阅读中。||请尝试用“sprinkle”造句。,cet6-core source:ecdict family:sprinkled family:sprinkling family:sprinkles
spy,spai,n.,"n. 间谍, 侦探, 侦察\nvt. 侦察, 找出, 发现\nvi. 做密探, 侦查","The word ""spy"" appears in many academic texts.||Try to use ""spy"" in a sentence.",“spy”常见于学术阅读中。||请尝试用“spy”造句。,cet6-core source:ecdict family:spies family:spying family:spied
squad,skwɒd,n.,"n. 班, 小队, 小集团\nvt. 编成班","The word ""squad"" appears in many academic texts.||Try to use ""squad"" in a sentence.",“squad”常见于学术阅读中。||请尝试用“squad”造句。,cet6-core source:ecdict family:squads
stab,stæb,n.,"n. 刺, 戳, 剧痛, 尝试, 努力\nvt. 刺, 戳, 刺入, 刺痛, 直入, 使伤心\nvi. 刺, 刺伤","The word ""stab"" appears in many academic texts.||Try to use ""stab"" in a sentence.",“stab”常见于学术阅读中。||请尝试用“stab”造句。,cet6-core source:ecdict family:stabbed family:stabbing family:stabs
stability,stә'biliti,n.,"n. 安定, 稳定性, 坚实, 巩固\n[化] 稳定性","The word ""stability"" appears in many academic texts.||Try to use ""stability"" in a sentence.",“stability”常见于学术阅读中。||请尝试用“stability”造句。,cet6-core source:ecdict family:stabilities
stabilize,'steibilaiz,vt.,"vt. 使安定, 使稳固\nvi. 稳定, 安定","The word ""stabilize"" appears in many academic texts.||Try to use ""stabilize"" in a sentence.",“stabilize”常见于学术阅读中。||请尝试用“stabilize”造句。,cet6-core source:ecdict family:stabilized family:stabilizing family:stabilizes
stable,'steibl,n.,"n. 马房, 牛棚\na. 稳定的, 安定的, 坚固的, 坚定的\nvt. 赶入马房\nvi. 被关在马厩","The word ""stable"" appears in many academic texts.||Try to use ""stable"" in a sentence.",“stable”常见于学术阅读中。||请尝试用“stable”造句。,cet6-core source:ecdict family:stables family:stabled family:stabling
stack,stæk,n.,"n. 堆叠, 堆, 大量, 书库, 枪架, 烟囱, 堆积, 存贮栈\nvt. 堆积, 堆满, 暗中对...做手脚\nvi. 堆起\n[计] 堆积, 堆栈","The word ""stack"" appears in many academic texts.||Try to use ""stack"" in a sentence.",“stack”常见于学术阅读中。||请尝试用“stack”造句。,cet6-core source:ecdict family:stacks family:stacked family:stacking
stagger,'stægә,n.,"n. 蹒跚, 踌躇\nvi. 蹒跚, 犹豫\nvt. 使摇摆, 使踌躇, 交错, 错开\na. 交错的, 错开的","The word ""stagger"" appears in many academic texts.||Try to use ""stagger"" in a sentence.",“stagger”常见于学术阅读中。||请尝试用“stagger”造句。,cet6-core source:ecdict family:staggered family:staggering family:staggers
staircase,'stєәkeis,n.,"n. 楼梯, 梯子, 楼梯部分\n[医] 阶梯现象","The word ""staircase"" appears in many academic texts.||Try to use ""staircase"" in a sentence.",“staircase”常见于学术阅读中。||请尝试用“staircase”造句。,cet6-core source:ecdict family:staircases
stalk,stɒ:k,n.,"n. 茎, 追踪, 高视阔步\nvi. 悄悄靠近, 蹑手蹑脚地走近, 蔓延, 高视阔步\nvt. 追踪, 搜索","The word ""stalk"" appears in many academic texts.||Try to use ""stalk"" in a sentence.",“stalk”常见于学术阅读中。||请尝试用“stalk”造句。,cet6-core source:ecdict family:stalks family:stalked family:stalking
stall,stɒ:l,n.,"n. 厩, 停车处, 牧师职位, 货摊, 托辞, 拖延\nvt. 关入厩, 停顿, 推托, 支吾, 使陷于泥中\nvi. 被关在厩内, 陷于泥中, 停止, 支吾","The word ""stall"" appears in many academic texts.||Try to use ""stall"" in a sentence.",“stall”常见于学术阅读中。||请尝试用“stall”造句。,cet6-core source:ecdict family:stalls family:stalled family:stalling
standpoint,'stændpɒint,n.,"n. 立场, 观点","The word ""standpoint"" appears in many academic texts.||Try to use ""standpoint"" in a sentence.",“standpoint”常见于学术阅读中。||请尝试用“standpoint”造句。,cet6-core source:ecdict family:standpoints
staple,'steipl,n.,"n. 主要产物, 常用品, 主要要素, 原料, 订书钉, 钩环\na. 主要的, 重要的\nvt. 分级, 钉住","The word ""staple"" appears in many academic texts.||Try to use ""staple"" in a sentence.",“staple”常见于学术阅读中。||请尝试用“staple”造句。,cet6-core source:ecdict family:staples family:stapled family:stapling
startle,'stɑ:tl,n.,"n. 惊愕, 惊恐\nvt. 吃惊, 使惊愕\nvi. 惊起","The word ""startle"" appears in many academic texts.||Try to use ""startle"" in a sentence.",“startle”常见于学术阅读中。||请尝试用“startle”造句。,cet6-core source:ecdict family:startled family:startling family:startles
statement,'steitmәnt,n.,"n. 陈述, 指令, 声明\n[计] 程序语句; 语句","The word ""statement"" appears in many academic texts.||Try to use ""statement"" in a sentence.",“statement”常见于学术阅读中。||请尝试用“statement”造句。,cet6-core source:ecdict family:statements
statesman,'steitsmәn,n.,n. 政治家,"The word ""statesman"" appears in many academic texts.||Try to use ""statesman"" in a sentence.",“statesman”常见于学术阅读中。||请尝试用“statesman”造句。,cet6-core source:ecdict family:statesmen
stationary,'steiʃ(ә)nәri,adj.,"a. 不动的, 静止的, 不变的, 固定的, 停留的\n[计] 定常, 定态, 固定的","The word ""stationary"" appears in many academic texts.||Try to use ""stationary"" in a sentence.",“stationary”常见于学术阅读中。||请尝试用“stationary”造句。,cet6-core source:ecdict
status,'steitәs,n.,"n. 状态, 情形, 地位, 要人身份\n[计] 状态","The word ""status"" appears in many academic texts.||Try to use ""status"" in a sentence.",“status”常见于学术阅读中。||请尝试用“status”造句。,cet6-core source:ecdict
stereo,'stiәriәu,n.,"n. 铅版, 立体照片\na. 立体的, 立体感觉的","The word ""stereo"" appears in many academic texts.||Try to use ""stereo"" in a sentence.",“stereo”常见于学术阅读中。||请尝试用“stereo”造句。,cet6-core source:ecdict family:stereos
stereotype,'stiәriәtaip,n.,"n. 铅版, 陈规, 老套\nvt. 使用铅版, 把...印制成盲文, 套用老套, 使一成不变","The word ""stereotype"" appears in many academic texts.||Try to use ""stereotype"" in a sentence.",“stereotype”常见于学术阅读中。||请尝试用“stereotype”造句。,cet6-core source:ecdict family:stereotypes family:stereotyping family:stereotyped
stern,stә:n,n.,"n. 尾部, 船尾, 臀\na. 严厉的, 严格的, 坚定的, 坚决的","The word ""stern"" appears in many academic texts.||Try to use ""stern"" in a sentence.",“stern”常见于学术阅读中。||请尝试用“stern”造句。,cet6-core source:ecdict family:sterns
sticky,'stiki,adj.,"a. 粘的, 有粘性的, 顽固的","The word ""sticky"" appears in many academic texts.||Try to use ""sticky"" in a sentence.",“sticky”常见于学术阅读中。||请尝试用“sticky”造句。,cet6-core source:ecdict family:stickiest family:stickier family:stickied family:stickies
stimulus,'stimjulәs,n.,"n. 刺激, 激励, 刺激品\n[医] 刺激特, 刺激","The word ""stimulus"" appears in many academic texts.||Try to use ""stimulus"" in a sentence.",“stimulus”常见于学术阅读中。||请尝试用“stimulus”造句。,cet6-core source:ecdict family:stimuli
stock,stɒk,n.,"n. 树干, 祖先, 血统, 原料, 备料, 库存, 牲畜, 股票, 股份, 保留剧目\na. 存货的, 常备的, 平凡的, 普通的, 股票的, 保留剧目的, 繁殖用的\nvt. 装把手于, 进货, 备有, 放牧\nvi. 出新芽, 备货, 囤积","The word ""stock"" appears in many academic texts.||Try to use ""stock"" in a sentence.",“stock”常见于学术阅读中。||请尝试用“stock”造句。,cet6-core source:ecdict family:stocks family:stocked family:stocking
straightforward,streit'fɒ:wәd,adj.,"a. 笔直的, 率直的, 明确的, 简单的, 直接的","The word ""straightforward"" appears in many academic texts.||Try to use ""straightforward"" in a sentence.",“straightforward”常见于学术阅读中。||请尝试用“straightforward”造句。,cet6-core source:ecdict
strain,strein,n.,"n. 紧张, 拉紧, 张力, 过劳, 扭伤, 血缘, 种, 族, 气质, 曲调, 旋律, 口吻\nvt. 使劳累, 拉紧, 过分使用, 扭伤, 滥用, 曲解, 滤\nvi. 尽力, 努力, 紧拉, 弯曲, 被滤出","The word ""strain"" appears in many academic texts.||Try to use ""strain"" in a sentence.",“strain”常见于学术阅读中。||请尝试用“strain”造句。,cet6-core source:ecdict family:strains family:straining family:strained
strand,strænd,n.,"n. (绳索的)股, 绳, 串, 海滨, 河岸\nvi. 搁浅\nvt. 使搁浅, 使落后, 使陷于困境, 弄断, 搓","The word ""strand"" appears in many academic texts.||Try to use ""strand"" in a sentence.",“strand”常见于学术阅读中。||请尝试用“strand”造句。,cet6-core source:ecdict family:strands family:stranded family:stranding
strategy,'strætidʒi,n.,"n. 战略, 策略\n[经] 战略, 策略","The word ""strategy"" appears in many academic texts.||Try to use ""strategy"" in a sentence.",“strategy”常见于学术阅读中。||请尝试用“strategy”造句。,cet6-core source:ecdict family:strategies
stray,strei,n.,"n. 走失的家畜, 浪子\na. 迷途的, 偶然的\nvi. 迷路, 彷徨, 流浪","The word ""stray"" appears in many academic texts.||Try to use ""stray"" in a sentence.",“stray”常见于学术阅读中。||请尝试用“stray”造句。,cet6-core source:ecdict family:strayed family:straying family:strays
streak,stri:k,n.,"n. 条理, 斑纹, 倾向\nvt. 加条纹\nvi. 变成条纹, 飞跑","The word ""streak"" appears in many academic texts.||Try to use ""streak"" in a sentence.",“streak”常见于学术阅读中。||请尝试用“streak”造句。,cet6-core source:ecdict family:streaks family:streaked family:streaking
stream,stri:m,n.,"n. 水流, 小河, 流出, 趋势, 人潮\nvt. 流出, 流动, 展开\nvi. 流, 涌, 飘扬\n[计] 流","The word ""stream"" appears in many academic texts.||Try to use ""stream"" in a sentence.",“stream”常见于学术阅读中。||请尝试用“stream”造句。,cet6-core source:ecdict family:streams family:streaming family:streamed
streamline,'stri:mlain,n.,"n. 流线, 流线型\nvt. 使成流线型, 使合理化","The word ""streamline"" appears in many academic texts.||Try to use ""streamline"" in a sentence.",“streamline”常见于学术阅读中。||请尝试用“streamline”造句。,cet6-core source:ecdict family:streamlining family:streamlined family:streamlines
stride,straid,n.,"n. 大步, 步幅, 步态, 进步\nv. 迈大步走, 跨过, 跨","The word ""stride"" appears in many academic texts.||Try to use ""stride"" in a sentence.",“stride”常见于学术阅读中。||请尝试用“stride”造句。,cet6-core source:ecdict family:strode family:striding family:strides
string,striŋ,n.,"n. 线, 细绳, 一串, 字符串\nvt. 串起, 成串, 收紧, 缚, 扎\nvi. 成一串\n[计] 字符串, 串","The word ""string"" appears in many academic texts.||Try to use ""string"" in a sentence.",“string”常见于学术阅读中。||请尝试用“string”造句。,cet6-core source:ecdict family:strings family:strung family:stringing
strive,straiv,vi.,"vi. 努力, 奋斗, 斗争","The word ""strive"" appears in many academic texts.||Try to use ""strive"" in a sentence.",“strive”常见于学术阅读中。||请尝试用“strive”造句。,cet6-core source:ecdict family:striving family:strove family:strives family:striven
stroke,strәuk,n.,"n. 笔划, 打, 中风, 抚, 摩, 冲程\nvt. 划尾桨, 抚, 摩, 划去\n[计] 笔划","The word ""stroke"" appears in many academic texts.||Try to use ""stroke"" in a sentence.",“stroke”常见于学术阅读中。||请尝试用“stroke”造句。,cet6-core source:ecdict family:strokes family:stroked family:stroking
stroll,strәul,n.,"n. 闲逛, 漫步\nv. 闲逛, 漫步","The word ""stroll"" appears in many academic texts.||Try to use ""stroll"" in a sentence.",“stroll”常见于学术阅读中。||请尝试用“stroll”造句。,cet6-core source:ecdict family:strolling family:strolls family:strolled
stubborn,'stʌbәn,adj.,"a. 顽固的, 不听话的, 执拗的, 棘手的","The word ""stubborn"" appears in many academic texts.||Try to use ""stubborn"" in a sentence.",“stubborn”常见于学术阅读中。||请尝试用“stubborn”造句。,cet6-core source:ecdict
stumble,'stʌmbl,n.,"n. 绊倒, 蹒跚而行, 失足\nvt. 使绊倒, 使困惑\nvi. 绊倒, 失足, 失策, 犯错, 蹒跚, 踌躇","The word ""stumble"" appears in many academic texts.||Try to use ""stumble"" in a sentence.",“stumble”常见于学术阅读中。||请尝试用“stumble”造句。,cet6-core source:ecdict family:stumbled family:stumbling family:stumbles
stump,stʌmp,n.,"n. 残株, 树桩, 烟蒂, 讲演台\nvt. 砍断, 挑战, 难住\nvi. 蹒跚而走","The word ""stump"" appears in many academic texts.||Try to use ""stump"" in a sentence.",“stump”常见于学术阅读中。||请尝试用“stump”造句。,cet6-core source:ecdict family:stumps family:stumped family:stumping
stun,stʌn,vt.,"vt. 使昏迷, 使震惊, 打昏\nn. 昏迷, 猛击","The word ""stun"" appears in many academic texts.||Try to use ""stun"" in a sentence.",“stun”常见于学术阅读中。||请尝试用“stun”造句。,cet6-core source:ecdict family:stunned family:stuns family:stunning
sturdy,'stә:di,adj.,"a. 强健的, 健全的\n[医] 羊晕倒病, 羊蹒跚病","The word ""sturdy"" appears in many academic texts.||Try to use ""sturdy"" in a sentence.",“sturdy”常见于学术阅读中。||请尝试用“sturdy”造句。,cet6-core source:ecdict family:sturdier family:sturdiest
subjective,sәb'dʒektiv,adj.,"a. 主观的, 个人的\n[医] 主观的, 自觉的","The word ""subjective"" appears in many academic texts.||Try to use ""subjective"" in a sentence.",“subjective”常见于学术阅读中。||请尝试用“subjective”造句。,cet6-core source:ecdict
submarine,'sʌbmәri:n,n.,"n. 潜水艇, 海底生物\na. 海中的, 生长在海中的\nvt. 用潜水艇攻击\nvi. 在下疾行, 在下滑动","The word ""submarine"" appears in many academic texts.||Try to use ""submarine"" in a sentence.",“submarine”常见于学术阅读中。||请尝试用“submarine”造句。,cet6-core source:ecdict family:submarines family:submarining family:submarined
submit,sәb'mit,vt.,"vt. 使服从, 使受到, 委托, 提交, 认为\nvi. 屈服, 服从","The word ""submit"" appears in many academic texts.||Try to use ""submit"" in a sentence.",“submit”常见于学术阅读中。||请尝试用“submit”造句。,cet6-core source:ecdict family:submitted family:submitting family:submits
subordinate,sә'bɒ:dnit,n.,"n. 属下, 附属物\na. 下级的, 次要的, 附属的\nvt. 使居下位, 使服从","The word ""subordinate"" appears in many academic texts.||Try to use ""subordinate"" in a sentence.",“subordinate”常见于学术阅读中。||请尝试用“subordinate”造句。,cet6-core source:ecdict family:subordinates family:subordinated family:subordinating
subscribe,sәb'skraib,vt.,"vt. 捐献, 签署\nvi. 赞成, 同意, 捐款, 预订, 认购\n[计] 订阅","The word ""subscribe"" appears in many academic texts.||Try to use ""subscribe"" in a sentence.",“subscribe”常见于学术阅读中。||请尝试用“subscribe”造句。,cet6-core source:ecdict family:subscribed family:subscribing family:subscribes
subsequent,'sʌbsikwәnt,adj.,"a. 后来的, 接下去的\n[经] 后来的","The word ""subsequent"" appears in many academic texts.||Try to use ""subsequent"" in a sentence.",“subsequent”常见于学术阅读中。||请尝试用“subsequent”造句。,cet6-core source:ecdict
subsidiary,sәb'sidiәri,n.,"n. 子公司, 附件, 辅助者\na. 辅助的, 次要的, 津贴的","The word ""subsidiary"" appears in many academic texts.||Try to use ""subsidiary"" in a sentence.",“subsidiary”常见于学术阅读中。||请尝试用“subsidiary”造句。,cet6-core source:ecdict family:subsidiaries
subsidy,'sʌbsidi,n.,"n. 补助金, 津贴\n[经] 补助金, 津贴, 补贴","The word ""subsidy"" appears in many academic texts.||Try to use ""subsidy"" in a sentence.",“subsidy”常见于学术阅读中。||请尝试用“subsidy”造句。,cet6-core source:ecdict family:subsidies
substance,'sʌbstәns,n.,"n. 物质, 实质, 主旨, 资产, 本质, 牢固\n[化] 物质","The word ""substance"" appears in many academic texts.||Try to use ""substance"" in a sentence.",“substance”常见于学术阅读中。||请尝试用“substance”造句。,cet6-core source:ecdict family:substances
substantial,sәb'stænʃәl,n.,"n. 重要材料(或事物), 有实际价值的东西\na. 实质上的, 物质的, 有内容的, 结实的","The word ""substantial"" appears in many academic texts.||Try to use ""substantial"" in a sentence.",“substantial”常见于学术阅读中。||请尝试用“substantial”造句。,cet6-core source:ecdict
substitute,'sʌbstitju:t,n.,"n. 代理, 代理人, 代用品, 代替者, 代替物\nvt. 代替\nvi. 替代, 取代, 代用\na. 代替的, 代用的, 代用品的\n[计] 置换; 替代","The word ""substitute"" appears in many academic texts.||Try to use ""substitute"" in a sentence.",“substitute”常见于学术阅读中。||请尝试用“substitute”造句。,cet6-core source:ecdict family:substitutes family:substituted family:substituting
subtle,'sʌtl,adj.,"a. 敏锐的, 精细的, 狡猾的, 稀薄的, 灵巧的, 微妙的\n[医] 锐敏的; 精细的","The word ""subtle"" appears in many academic texts.||Try to use ""subtle"" in a sentence.",“subtle”常见于学术阅读中。||请尝试用“subtle”造句。,cet6-core source:ecdict
subtract,sәb'trækt,vt.,"vt. 减去, 扣掉, 减少\nvi. 做减法\n[计] 减","The word ""subtract"" appears in many academic texts.||Try to use ""subtract"" in a sentence.",“subtract”常见于学术阅读中。||请尝试用“subtract”造句。,cet6-core source:ecdict family:subtracting family:subtracted family:subtracts
suburb,'sʌbә:b,n.,"n. 市郊住宅区, 郊区, 边缘","The word ""suburb"" appears in many academic texts.||Try to use ""suburb"" in a sentence.",“suburb”常见于学术阅读中。||请尝试用“suburb”造句。,cet6-core source:ecdict family:suburbs
successive,sәk'sesiv,adj.,"a. 继承的, 连续的\n[经] 接续承运人; 连续的","The word ""successive"" appears in many academic texts.||Try to use ""successive"" in a sentence.",“successive”常见于学术阅读中。||请尝试用“successive”造句。,cet6-core source:ecdict
successor,sәk'sesә,n.,"n. 继承者, 接任者\n[计] 后继","The word ""successor"" appears in many academic texts.||Try to use ""successor"" in a sentence.",“successor”常见于学术阅读中。||请尝试用“successor”造句。,cet6-core source:ecdict family:successors
sue,su:,vt.,"vt. 控告, 起诉, 请求\nvi. 提出诉讼, 提出请求","The word ""sue"" appears in many academic texts.||Try to use ""sue"" in a sentence.",“sue”常见于学术阅读中。||请尝试用“sue”造句。,cet6-core source:ecdict family:sued family:suing family:sues
suffice,sә'fais,vi.,"vi. 足够, 有能力\nvt. 满足","The word ""suffice"" appears in many academic texts.||Try to use ""suffice"" in a sentence.",“suffice”常见于学术阅读中。||请尝试用“suffice”造句。,cet6-core source:ecdict family:suffices family:sufficed family:sufficing
sufficient,sә'fiʃәnt,adj.,"a. 充分的, 足够的\n[法] 充分的, 足够的","The word ""sufficient"" appears in many academic texts.||Try to use ""sufficient"" in a sentence.",“sufficient”常见于学术阅读中。||请尝试用“sufficient”造句。,cet6-core source:ecdict
suite,swi:t,n.,"n. 随员, 套房, (一)组, (一)套, 组曲, 继之而来的事\n[电] 程序组","The word ""suite"" appears in many academic texts.||Try to use ""suite"" in a sentence.",“suite”常见于学术阅读中。||请尝试用“suite”造句。,cet6-core source:ecdict family:suites
sulfur,'sʌlfә,n.,"n. 硫, 硫磺\nvt. 用硫磺处理","The word ""sulfur"" appears in many academic texts.||Try to use ""sulfur"" in a sentence.",“sulfur”常见于学术阅读中。||请尝试用“sulfur”造句。,cet6-core source:ecdict family:sulfuring family:sulfured family:sulfurs
summit,'sʌmit,n.,"n. 顶点, 最高阶层, 最高级会议\na. 政府首脑的, 最高级的","The word ""summit"" appears in many academic texts.||Try to use ""summit"" in a sentence.",“summit”常见于学术阅读中。||请尝试用“summit”造句。,cet6-core source:ecdict family:summits
summon,'sʌmәn,vt.,"vt. 召唤, 召集, 号召, 振奋, 唤起, 鼓起\n[经] 传唤, 传讯","The word ""summon"" appears in many academic texts.||Try to use ""summon"" in a sentence.",“summon”常见于学术阅读中。||请尝试用“summon”造句。,cet6-core source:ecdict family:summoned family:summoning family:summons
superficial,.sju:pә'fiʃәl,n.,"n. 表面, 外表\na. 表面的, 肤浅的, 面积的","The word ""superficial"" appears in many academic texts.||Try to use ""superficial"" in a sentence.",“superficial”常见于学术阅读中。||请尝试用“superficial”造句。,cet6-core source:ecdict
superintendent,",sju:pәrin'tendәnt",n.,"n. 监督人, 主管人, 主日学校校长\n[经] 监督人, 主管人(部门)","The word ""superintendent"" appears in many academic texts.||Try to use ""superintendent"" in a sentence.",“superintendent”常见于学术阅读中。||请尝试用“superintendent”造句。,cet6-core source:ecdict family:superintendents
superior,sju:'piәriә,n.,"n. 长者, 占优势的人, 上级\na. 上级的, 出众的, 高傲的","The word ""superior"" appears in many academic texts.||Try to use ""superior"" in a sentence.",“superior”常见于学术阅读中。||请尝试用“superior”造句。,cet6-core source:ecdict family:superiors
superiority,sju:.piәri'ɒriti,n.,"n. 优越, 高傲\n[化] 优越性","The word ""superiority"" appears in many academic texts.||Try to use ""superiority"" in a sentence.",“superiority”常见于学术阅读中。||请尝试用“superiority”造句。,cet6-core source:ecdict family:superiorities
supersonic,.sju:pә'sɒnik,adj.,a. 超声波的\n[医] 超声[波]的,"The word ""supersonic"" appears in many academic texts.||Try to use ""supersonic"" in a sentence.",“supersonic”常见于学术阅读中。||请尝试用“supersonic”造句。,cet6-core source:ecdict
supervise,'sju:pәvaiz,v.,"v. 监督, 管理, 指导","The word ""supervise"" appears in many academic texts.||Try to use ""supervise"" in a sentence.",“supervise”常见于学术阅读中。||请尝试用“supervise”造句。,cet6-core source:ecdict family:supervised family:supervising family:supervises
supplement,'sʌplimәnt,n.,"n. 补充物, 增刊, 补充, 补遗, 补编, 附录, 补角\nvt. 补充, 增补","The word ""supplement"" appears in many academic texts.||Try to use ""supplement"" in a sentence.",“supplement”常见于学术阅读中。||请尝试用“supplement”造句。,cet6-core source:ecdict family:supplements family:supplemented family:supplementing
supplementary,.sʌpli'mentәri,adj.,"a. 补足的, 补充的, 追加的\n[经] 追加的, 补充的, 增补的","The word ""supplementary"" appears in many academic texts.||Try to use ""supplementary"" in a sentence.",“supplementary”常见于学术阅读中。||请尝试用“supplementary”造句。,cet6-core source:ecdict family:supplementaries
suppress,sә'pres,vt.,"vt. 镇压, 使止住, 禁止, 抑制, 查禁\n[法] 镇压, 平定, 禁止出版","The word ""suppress"" appears in many academic texts.||Try to use ""suppress"" in a sentence.",“suppress”常见于学术阅读中。||请尝试用“suppress”造句。,cet6-core source:ecdict family:suppressed family:suppressing family:suppresses
supreme,sju'pri:m,n.,"n. 至高, 霸权\na. 至高的, 终极的, 极端的, 最大的","The word ""supreme"" appears in many academic texts.||Try to use ""supreme"" in a sentence.",“supreme”常见于学术阅读中。||请尝试用“supreme”造句。,cet6-core source:ecdict
surge,sә:dʒ,n.,"n. 巨涌, 汹涌, 澎湃\nvi. 汹涌, 澎湃, 颠簸, 猛冲, 突然放松\nvt. 使汹涌奔腾, 急放\n[计] 电压尖峰","The word ""surge"" appears in many academic texts.||Try to use ""surge"" in a sentence.",“surge”常见于学术阅读中。||请尝试用“surge”造句。,cet6-core source:ecdict family:surged family:surging family:surges
surgeon,'sә:dʒәn,n.,"n. 外科医生, 军医, 船医\n[医] 外科医师","The word ""surgeon"" appears in many academic texts.||Try to use ""surgeon"" in a sentence.",“surgeon”常见于学术阅读中。||请尝试用“surgeon”造句。,cet6-core source:ecdict family:surgeons
surgery,'sә:dʒәri,n.,"n. 外科, 手术, 手术室, 换球术","The word ""surgery"" appears in many academic texts.||Try to use ""surgery"" in a sentence.",“surgery”常见于学术阅读中。||请尝试用“surgery”造句。,cet6-core source:ecdict family:surgeries
surpass,sә'pɑ:s,vt.,"vt. 超越, 凌驾, 胜过","The word ""surpass"" appears in many academic texts.||Try to use ""surpass"" in a sentence.",“surpass”常见于学术阅读中。||请尝试用“surpass”造句。,cet6-core source:ecdict family:surpassed family:surpasses family:surpassing
surplus,'sә:plәs,n.,"n. 剩余, 过剩, 盈余\na. 过剩的, 剩余的","The word ""surplus"" appears in many academic texts.||Try to use ""surplus"" in a sentence.",“surplus”常见于学术阅读中。||请尝试用“surplus”造句。,cet6-core source:ecdict
survival,sә'vaivәl,n.,"n. 生存, 残存, 幸存者\na. 赖以生存的","The word ""survival"" appears in many academic texts.||Try to use ""survival"" in a sentence.",“survival”常见于学术阅读中。||请尝试用“survival”造句。,cet6-core source:ecdict family:survivals
survive,sә'vaiv,vt.,"vt. 比...活得长, 生存, 生还, 幸免于\nvi. 活下来, 幸存","The word ""survive"" appears in many academic texts.||Try to use ""survive"" in a sentence.",“survive”常见于学术阅读中。||请尝试用“survive”造句。,cet6-core source:ecdict family:survived family:survives family:surviving
susceptible,sә'septәbl,adj.,"a. 易受影响的, 易感动的, 容许...的\n[法] 易感的, 易受影响的, 容许","The word ""susceptible"" appears in many academic texts.||Try to use ""susceptible"" in a sentence.",“susceptible”常见于学术阅读中。||请尝试用“susceptible”造句。,cet6-core source:ecdict family:susceptibles
suspension,sә'spenʃәn,n.,"n. 悬挂, 暂停, 中止\n[化] 悬浮; 悬浮体; 悬浮液","The word ""suspension"" appears in many academic texts.||Try to use ""suspension"" in a sentence.",“suspension”常见于学术阅读中。||请尝试用“suspension”造句。,cet6-core source:ecdict family:suspensions
suspicion,sә'spiʃәn,n.,"n. 怀疑, 觉察, 嫌疑\n[法] 怀疑, 疑心, 嫌疑","The word ""suspicion"" appears in many academic texts.||Try to use ""suspicion"" in a sentence.",“suspicion”常见于学术阅读中。||请尝试用“suspicion”造句。,cet6-core source:ecdict family:suspicions
suspicious,sә'spiʃәs,adj.,"a. 可疑的, 多疑的, 怀疑的\n[法] 怀疑的, 令人怀疑的, 可疑的","The word ""suspicious"" appears in many academic texts.||Try to use ""suspicious"" in a sentence.",“suspicious”常见于学术阅读中。||请尝试用“suspicious”造句。,cet6-core source:ecdict
sustain,sә'stein,vt.,"vt. 承受, 支持, 供养, 继续, 忍受, 蒙受, 证实, 准许\n[电] 持续","The word ""sustain"" appears in many academic texts.||Try to use ""sustain"" in a sentence.",“sustain”常见于学术阅读中。||请尝试用“sustain”造句。,cet6-core source:ecdict family:sustained family:sustaining family:sustains
swamp,swɒmp,n.,"n. 沼泽, 进退两难的困境\nvt. 淹没, 击溃, 清除, 使陷于沼泽\nvi. 陷于沼泽, 淹没","The word ""swamp"" appears in many academic texts.||Try to use ""swamp"" in a sentence.",“swamp”常见于学术阅读中。||请尝试用“swamp”造句。,cet6-core source:ecdict family:swamped family:swamps family:swamping
swap,swɒp,n.,"n. 以货易货\nv. 交换, 替换, 交易\n[计] 交换","The word ""swap"" appears in many academic texts.||Try to use ""swap"" in a sentence.",“swap”常见于学术阅读中。||请尝试用“swap”造句。,cet6-core source:ecdict family:swapped family:swapping family:swaps
symbol,'simbl,n.,"n. 符号, 象征, 代号, 信条\n[计] 符号; 码元","The word ""symbol"" appears in many academic texts.||Try to use ""symbol"" in a sentence.",“symbol”常见于学术阅读中。||请尝试用“symbol”造句。,cet6-core source:ecdict family:symbols
symmetry,'simitri,n.,"n. 对称, 匀称\n[化] 对称; 对称性; 对称现象","The word ""symmetry"" appears in many academic texts.||Try to use ""symmetry"" in a sentence.",“symmetry”常见于学术阅读中。||请尝试用“symmetry”造句。,cet6-core source:ecdict family:symmetries
sympathetic,.simpә'θetik,adj.,"a. 有同情心的, 合意的, 赞成的\nn. 交感神经, 容易感受的人","The word ""sympathetic"" appears in many academic texts.||Try to use ""sympathetic"" in a sentence.",“sympathetic”常见于学术阅读中。||请尝试用“sympathetic”造句。,cet6-core source:ecdict
sympathy,'simpәθi,n.,"n. 同情, 赞同, 怜悯, 慰问, 吊唁\n[医] 交感[作用], 同感[作用], 感应, 同情","The word ""sympathy"" appears in many academic texts.||Try to use ""sympathy"" in a sentence.",“sympathy”常见于学术阅读中。||请尝试用“sympathy”造句。,cet6-core source:ecdict family:sympathies
symphony,'simfәni,n.,"n. 交响乐, 交响曲","The word ""symphony"" appears in many academic texts.||Try to use ""symphony"" in a sentence.",“symphony”常见于学术阅读中。||请尝试用“symphony”造句。,cet6-core source:ecdict family:symphonies
symposium,sim'pәuziәm,n.,"n. 讨论会, 座谈会, 专题报告会, 专题论文集","The word ""symposium"" appears in many academic texts.||Try to use ""symposium"" in a sentence.",“symposium”常见于学术阅读中。||请尝试用“symposium”造句。,cet6-core source:ecdict family:symposiums
syndrome,'sindrәum,n.,"n. 并发症状, 综合征, 同时存在的事物\n[计] 校验子; 并发位","The word ""syndrome"" appears in many academic texts.||Try to use ""syndrome"" in a sentence.",“syndrome”常见于学术阅读中。||请尝试用“syndrome”造句。,cet6-core source:ecdict family:syndromes
synthesis,'sinθisis,n.,"n. 综合, 组织, 综合体\n[化] 合成","The word ""synthesis"" appears in many academic texts.||Try to use ""synthesis"" in a sentence.",“synthesis”常见于学术阅读中。||请尝试用“synthesis”造句。,cet6-core source:ecdict family:syntheses
tack,tæk,n.,"n. 平头钉, 大头钉, 粗缝针脚, 行动方针, 食物\nvt. 以大头针钉住, 附加","The word ""tack"" appears in many academic texts.||Try to use ""tack"" in a sentence.",“tack”常见于学术阅读中。||请尝试用“tack”造句。,cet6-core source:ecdict family:tacks family:tacked family:tacking
tackle,'tækl,n.,"n. 工具, 复滑车, 滑车, 装备, 扭倒\nvt. 固定, 处理, 抓住\nvi. 扭倒","The word ""tackle"" appears in many academic texts.||Try to use ""tackle"" in a sentence.",“tackle”常见于学术阅读中。||请尝试用“tackle”造句。,cet6-core source:ecdict family:tackling family:tackled family:tackles
tame,teim,adj.,"a. 驯服的, 柔顺的, 被开垦的, 顺从的, 乏味的, 平淡的\nvt. 驯养, 驯服, 制服, 失去锋芒\nvi. 变得驯服","The word ""tame"" appears in many academic texts.||Try to use ""tame"" in a sentence.",“tame”常见于学术阅读中。||请尝试用“tame”造句。,cet6-core source:ecdict family:tamed family:taming family:tamer family:tames
tan,tæn,n.,"n. 黄褐色, 鞣料, 马戏团\na. 黄褐色的, 鞣皮的\nvi. 晒成棕褐色\nvt. 把...晒黑, 鞣(革), 狠狠鞭打","The word ""tan"" appears in many academic texts.||Try to use ""tan"" in a sentence.",“tan”常见于学术阅读中。||请尝试用“tan”造句。,cet6-core source:ecdict family:tans family:tanned family:tanning
tangle,'tæŋgl,n.,"n. 缠结, 纠结的一团, 困惑, 纠纷, 混乱\nvt. 使缠结, 缠住\nvi. 缠结, 乱作一团","The word ""tangle"" appears in many academic texts.||Try to use ""tangle"" in a sentence.",“tangle”常见于学术阅读中。||请尝试用“tangle”造句。,cet6-core source:ecdict family:tangles family:tangled family:tangling
tanker,'tæŋkә,n.,"n. 坦克手, 油船, 空中加油飞机, 运油飞机, 油槽/水槽汽车\n[化] 槽车; 油槽船","The word ""tanker"" appears in many academic texts.||Try to use ""tanker"" in a sentence.",“tanker”常见于学术阅读中。||请尝试用“tanker”造句。,cet6-core source:ecdict family:tankers family:tankered
target,'tɑ:git,n.,"n. 目标, 靶子, 指标\nvt. 对准, 订指标","The word ""target"" appears in many academic texts.||Try to use ""target"" in a sentence.",“target”常见于学术阅读中。||请尝试用“target”造句。,cet6-core source:ecdict family:targets family:targeted family:targeting
tariff,'tærif,n.,"n. 关税, 关税表, 价格表, 收费表\nvt. 课以关税\n[计] 价目表","The word ""tariff"" appears in many academic texts.||Try to use ""tariff"" in a sentence.",“tariff”常见于学术阅读中。||请尝试用“tariff”造句。,cet6-core source:ecdict family:tariffs family:tariffing family:tariffed
tease,ti:z,n.,"n. 揶揄, 戏弄, 逗惹\nvt. 戏弄, 取笑, 强求, 梳理, 使起毛","The word ""tease"" appears in many academic texts.||Try to use ""tease"" in a sentence.",“tease”常见于学术阅读中。||请尝试用“tease”造句。,cet6-core source:ecdict family:teased family:teasing family:teases
tedious,'ti:diәs,adj.,"a. 沉闷的, 冗长乏味的","The word ""tedious"" appears in many academic texts.||Try to use ""tedious"" in a sentence.",“tedious”常见于学术阅读中。||请尝试用“tedious”造句。,cet6-core source:ecdict
telecommunication,'telikәmju:ni'keiʃәn,n.,"n. 电讯, 远距离通讯, 无线电通讯\n[计] 远程通信, 电信","The word ""telecommunication"" appears in many academic texts.||Try to use ""telecommunication"" in a sentence.",“telecommunication”常见于学术阅读中。||请尝试用“telecommunication”造句。,cet6-core source:ecdict family:telecommunications
temper,'tempә,n.,"n. (钢等的)硬度, 脾气, 心情, 中和剂, 倾向, 回火\nvt. 使回火, 锻炼, 调和, 使缓和\nvi. 回火","The word ""temper"" appears in many academic texts.||Try to use ""temper"" in a sentence.",“temper”常见于学术阅读中。||请尝试用“temper”造句。,cet6-core source:ecdict family:tempered family:tempers family:tempering
temperament,'temprәmәnt,n.,"n. 气质, 性格, 性情\n[医] 气质, 禀赋","The word ""temperament"" appears in many academic texts.||Try to use ""temperament"" in a sentence.",“temperament”常见于学术阅读中。||请尝试用“temperament”造句。,cet6-core source:ecdict family:temperaments
tempo,'tempәu,n.,"n. 速度, 节奏, 进行速度, (棋的)一着","The word ""tempo"" appears in many academic texts.||Try to use ""tempo"" in a sentence.",“tempo”常见于学术阅读中。||请尝试用“tempo”造句。,cet6-core source:ecdict family:tempos
tempt,tempt,vt.,"vt. 诱惑, 引诱, 引起...的兴趣, 吸引, 冒...风险","The word ""tempt"" appears in many academic texts.||Try to use ""tempt"" in a sentence.",“tempt”常见于学术阅读中。||请尝试用“tempt”造句。,cet6-core source:ecdict family:tempted family:tempts family:tempting
tenant,'tenәnt,n.,"n. 承租人, 房客, 居住者\nvt. 租借\n[计] 占据者","The word ""tenant"" appears in many academic texts.||Try to use ""tenant"" in a sentence.",“tenant”常见于学术阅读中。||请尝试用“tenant”造句。,cet6-core source:ecdict family:tenants family:tenanted family:tenanting
tendency,'tendәnsi,n.,"n. 趋向, 倾向\n[医] 趋向, 趋势","The word ""tendency"" appears in many academic texts.||Try to use ""tendency"" in a sentence.",“tendency”常见于学术阅读中。||请尝试用“tendency”造句。,cet6-core source:ecdict family:tendencies
tentative,'tentәtiv,n.,"n. 试验\na. 试验性的, 暂时的","The word ""tentative"" appears in many academic texts.||Try to use ""tentative"" in a sentence.",“tentative”常见于学术阅读中。||请尝试用“tentative”造句。,cet6-core source:ecdict
terminate,'tә:mineit,adj.,"a. 有结尾的, (可)结束的\nvi. 结束, 终止, 满期\nvt. 使停止, 使结束, 使终止\n[计] 终止","The word ""terminate"" appears in many academic texts.||Try to use ""terminate"" in a sentence.",“terminate”常见于学术阅读中。||请尝试用“terminate”造句。,cet6-core source:ecdict family:terminated family:terminating family:terminates
terrace,'terәs,n.,"n. 阶地, 梯田, 房屋之平顶, 阳台, 沿岸防地, 露台\na. 叠层式的\nvt. 使成梯田, 使成有平台屋顶","The word ""terrace"" appears in many academic texts.||Try to use ""terrace"" in a sentence.",“terrace”常见于学术阅读中。||请尝试用“terrace”造句。,cet6-core source:ecdict family:terraces family:terracing family:terraced
terrain,'terein,n.,"n. 地带, 地区, 地形, 领域, 范围","The word ""terrain"" appears in many academic texts.||Try to use ""terrain"" in a sentence.",“terrain”常见于学术阅读中。||请尝试用“terrain”造句。,cet6-core source:ecdict family:terrains
terrific,tә'rifik,adj.,"a. 非常好的, 极端的, 可怕的","The word ""terrific"" appears in many academic texts.||Try to use ""terrific"" in a sentence.",“terrific”常见于学术阅读中。||请尝试用“terrific”造句。,cet6-core source:ecdict
terrify,'terifai,vt.,"vt. 使恐惧, 恐吓","The word ""terrify"" appears in many academic texts.||Try to use ""terrify"" in a sentence.",“terrify”常见于学术阅读中。||请尝试用“terrify”造句。,cet6-core source:ecdict family:terrified family:terrifying family:terrifies
territory,'teritәri,n.,"n. 领土, 领地, 版图, 地区, 活动范围\n[经] (推销员等的)推销区域","The word ""territory"" appears in many academic texts.||Try to use ""territory"" in a sentence.",“territory”常见于学术阅读中。||请尝试用“territory”造句。,cet6-core source:ecdict family:territories
testify,'testifai,v.,"v. 证明, 作证, 声明, 表明","The word ""testify"" appears in many academic texts.||Try to use ""testify"" in a sentence.",“testify”常见于学术阅读中。||请尝试用“testify”造句。,cet6-core source:ecdict family:testified family:testifies family:testifying
testimony,'testimәni,n.,"n. 证言, 证据, 声明\n[医] 证据","The word ""testimony"" appears in many academic texts.||Try to use ""testimony"" in a sentence.",“testimony”常见于学术阅读中。||请尝试用“testimony”造句。,cet6-core source:ecdict family:testimonies
texture,'tekstʃә,n.,"n. (织物的)密度, (材料等的)结构, 纹理\n[化] 纹理","The word ""texture"" appears in many academic texts.||Try to use ""texture"" in a sentence.",“texture”常见于学术阅读中。||请尝试用“texture”造句。,cet6-core source:ecdict family:textures family:textured family:texturing
thanksgiving,'θæŋks.giviŋ,n.,n. 感谢,"The word ""thanksgiving"" appears in many academic texts.||Try to use ""thanksgiving"" in a sentence.",“thanksgiving”常见于学术阅读中。||请尝试用“thanksgiving”造句。,cet6-core source:ecdict family:thanksgivings
theft,θeft,n.,"n. 盗窃, 失窃, 盗窃罪, 赃物\n[法] 盗窃行为, 偷窃, 失窃","The word ""theft"" appears in many academic texts.||Try to use ""theft"" in a sentence.",“theft”常见于学术阅读中。||请尝试用“theft”造句。,cet6-core source:ecdict family:thefts
theme,θi:m,n.,"n. 主题, 话题, 题目","The word ""theme"" appears in many academic texts.||Try to use ""theme"" in a sentence.",“theme”常见于学术阅读中。||请尝试用“theme”造句。,cet6-core source:ecdict family:themes
thereafter,.ðєәr'æftә,adv.,"adv. 其后, 从那时以后","The word ""thereafter"" appears in many academic texts.||Try to use ""thereafter"" in a sentence.",“thereafter”常见于学术阅读中。||请尝试用“thereafter”造句。,cet6-core source:ecdict
therefore,'ðєәfɒ:,adv.,"adv. 因此, 所以","The word ""therefore"" appears in many academic texts.||Try to use ""therefore"" in a sentence.",“therefore”常见于学术阅读中。||请尝试用“therefore”造句。,cet6-core source:ecdict
thermal,'θә:ml,adj.,"a. 热的, 热量的, 温泉的\nn. 上升温暖气流","The word ""thermal"" appears in many academic texts.||Try to use ""thermal"" in a sentence.",“thermal”常见于学术阅读中。||请尝试用“thermal”造句。,cet6-core source:ecdict family:thermals family:thermalling
thesis,'θi:sis,n.,"n. 论题, 论文","The word ""thesis"" appears in many academic texts.||Try to use ""thesis"" in a sentence.",“thesis”常见于学术阅读中。||请尝试用“thesis”造句。,cet6-core source:ecdict family:theses
thigh,θai,n.,"n. 大腿, 股\n[医] 股, 大腿","The word ""thigh"" appears in many academic texts.||Try to use ""thigh"" in a sentence.",“thigh”常见于学术阅读中。||请尝试用“thigh”造句。,cet6-core source:ecdict family:thighs
thorn,θɒ:n,n.,"n. 刺, 棘, 荆棘","The word ""thorn"" appears in many academic texts.||Try to use ""thorn"" in a sentence.",“thorn”常见于学术阅读中。||请尝试用“thorn”造句。,cet6-core source:ecdict family:thorns family:thorning family:thorned
threaten,'θretn,vt.,"vt. 恐吓, 威胁, 预示...的凶兆\nvi. 威胁, 恫吓, 可能来临","The word ""threaten"" appears in many academic texts.||Try to use ""threaten"" in a sentence.",“threaten”常见于学术阅读中。||请尝试用“threaten”造句。,cet6-core source:ecdict family:threatened family:threatening family:threatens
threshold,'θreʃәuld,n.,"n. 门槛, 入口, 开端, 阈\n[计] 阈; 阈值","The word ""threshold"" appears in many academic texts.||Try to use ""threshold"" in a sentence.",“threshold”常见于学术阅读中。||请尝试用“threshold”造句。,cet6-core source:ecdict family:thresholds
thrill,θril,n.,"n. 震颤, 激动, 刺激性, 一阵激动\nvi. 震颤, 颤抖, 激动\nvt. 使激动, 使颤动","The word ""thrill"" appears in many academic texts.||Try to use ""thrill"" in a sentence.",“thrill”常见于学术阅读中。||请尝试用“thrill”造句。,cet6-core source:ecdict family:thrills family:thrilling family:thrilled
thrive,θraiv,vi.,"vi. 繁荣, 兴旺, 茁壮成长\n[经] 兴旺, 繁荣, 旺盛","The word ""thrive"" appears in many academic texts.||Try to use ""thrive"" in a sentence.",“thrive”常见于学术阅读中。||请尝试用“thrive”造句。,cet6-core source:ecdict family:thrives family:thrived family:thriving
throne,'θrәun,n.,"n. 王座, 君主","The word ""throne"" appears in many academic texts.||Try to use ""throne"" in a sentence.",“throne”常见于学术阅读中。||请尝试用“throne”造句。,cet6-core source:ecdict family:thrones family:throning family:throned
tick,tik,n.,"n. 滴答声, 一瞬间, 壁虱, 褥套, 信用, 赊欠\nvi. 滴答响, 活动\nvt. 滴答地记录, 标记号于","The word ""tick"" appears in many academic texts.||Try to use ""tick"" in a sentence.",“tick”常见于学术阅读中。||请尝试用“tick”造句。,cet6-core source:ecdict family:ticking family:ticks family:ticked
tickle,'tikl,n.,"n. 胳肢, 痒\nvt. 胳肢, 使发痒, 使快乐, 逗乐\nvi. 觉得痒, 使人痒","The word ""tickle"" appears in many academic texts.||Try to use ""tickle"" in a sentence.",“tickle”常见于学术阅读中。||请尝试用“tickle”造句。,cet6-core source:ecdict family:tickling family:tickled family:tickles
tile,tail,n.,"n. 砖瓦, 瓷砖, 瓦片\nvt. 铺以瓦, 铺以瓷砖\n[计] 平铺","The word ""tile"" appears in many academic texts.||Try to use ""tile"" in a sentence.",“tile”常见于学术阅读中。||请尝试用“tile”造句。,cet6-core source:ecdict family:tiles family:tiled family:tiling
tilt,tilt,n.,"n. 倾斜, 倾向, 船篷, 车篷\nvt. 使倾斜, 使倾侧, 用帆布篷遮盖\nvi. 倾斜, 翘起, 冲, 评击\n[计] 倾斜","The word ""tilt"" appears in many academic texts.||Try to use ""tilt"" in a sentence.",“tilt”常见于学术阅读中。||请尝试用“tilt”造句。,cet6-core source:ecdict family:tilted family:tilting family:tilts
timely,'taili,adj.,"a. 及时的, 适时的\nadv. 及时地","The word ""timely"" appears in many academic texts.||Try to use ""timely"" in a sentence.",“timely”常见于学术阅读中。||请尝试用“timely”造句。,cet6-core source:ecdict
timid,'timid,adj.,"a. 胆小的, 羞怯的","The word ""timid"" appears in many academic texts.||Try to use ""timid"" in a sentence.",“timid”常见于学术阅读中。||请尝试用“timid”造句。,cet6-core source:ecdict
tissue,'tiʃu:,n.,"n. 薄的织物, 薄纱, 棉纸, 组织, 一套\n[化] 组织","The word ""tissue"" appears in many academic texts.||Try to use ""tissue"" in a sentence.",“tissue”常见于学术阅读中。||请尝试用“tissue”造句。,cet6-core source:ecdict family:tissues family:tissuing family:tissued
token,'tәukәn,n.,"n. 表征, 记号, 代币\na. 象征的, 表意的\n[计] 记号","The word ""token"" appears in many academic texts.||Try to use ""token"" in a sentence.",“token”常见于学术阅读中。||请尝试用“token”造句。,cet6-core source:ecdict family:tokens
tolerant,'tɒlәrәnt,adj.,"a. 宽容的, 容忍的, (对冷、热)能耐的\n[医] 能耐受的","The word ""tolerant"" appears in many academic texts.||Try to use ""tolerant"" in a sentence.",“tolerant”常见于学术阅读中。||请尝试用“tolerant”造句。,cet6-core source:ecdict
toll,tәul,n.,"n. 通行费, 代价, 钟声\nvt. 征收, 敲钟, 鸣钟, 勾引, 引诱\nvi. 征税, 鸣钟","The word ""toll"" appears in many academic texts.||Try to use ""toll"" in a sentence.",“toll”常见于学术阅读中。||请尝试用“toll”造句。,cet6-core source:ecdict family:tolls family:tolled family:tolling
toss,tɒs,n.,"n. 投掷, 抛, 摇摆, 震荡, 掷钱币决定\nvt. 投掷, 猛抬, 摇荡, 使不安, 掷钱币决定\nvi. 被到处扔, 摇摆, 颠簸, 辗转, 掷钱币决定某事","The word ""toss"" appears in many academic texts.||Try to use ""toss"" in a sentence.",“toss”常见于学术阅读中。||请尝试用“toss”造句。,cet6-core source:ecdict family:tossed family:tossing family:tosses
tow,tәu,n.,"n. 拖, 拖绳, 拖轮\nvt. 拖, 拉, 牵引","The word ""tow"" appears in many academic texts.||Try to use ""tow"" in a sentence.",“tow”常见于学术阅读中。||请尝试用“tow”造句。,cet6-core source:ecdict family:towed family:towing family:tows
toxic,'tɒksik,adj.,"a. 有毒的, 中毒的\n[医] 中毒的, 毒物的","The word ""toxic"" appears in many academic texts.||Try to use ""toxic"" in a sentence.",“toxic”常见于学术阅读中。||请尝试用“toxic”造句。,cet6-core source:ecdict family:toxics
tract,trækt,n.,"n. 大片土地, 地带, 小册子\n[医] 束, 道","The word ""tract"" appears in many academic texts.||Try to use ""tract"" in a sentence.",“tract”常见于学术阅读中。||请尝试用“tract”造句。,cet6-core source:ecdict family:tracts
trademark,'treidmɑ:k,n.,n. 商标\n[法] 商标,"The word ""trademark"" appears in many academic texts.||Try to use ""trademark"" in a sentence.",“trademark”常见于学术阅读中。||请尝试用“trademark”造句。,cet6-core source:ecdict family:trademarks family:trademarking
tragic,'trædʒik,adj.,"a. 悲惨的, 悲剧的","The word ""tragic"" appears in many academic texts.||Try to use ""tragic"" in a sentence.",“tragic”常见于学术阅读中。||请尝试用“tragic”造句。,cet6-core source:ecdict
trait,treit,n.,"n. 特征, 特性, 一笔, 少许","The word ""trait"" appears in many academic texts.||Try to use ""trait"" in a sentence.",“trait”常见于学术阅读中。||请尝试用“trait”造句。,cet6-core source:ecdict family:traits
transaction,træn'sækʃәn,n.,"n. 交易, 办理, 学报, 和解协议\n[计] 事务处理","The word ""transaction"" appears in many academic texts.||Try to use ""transaction"" in a sentence.",“transaction”常见于学术阅读中。||请尝试用“transaction”造句。,cet6-core source:ecdict family:transactions
transcend,træn'send,vt.,"vt. 超越, 胜过","The word ""transcend"" appears in many academic texts.||Try to use ""transcend"" in a sentence.",“transcend”常见于学术阅读中。||请尝试用“transcend”造句。,cet6-core source:ecdict family:transcends family:transcended family:transcending
transfer,træns'fә:,n.,"n. 迁移, 移动, 传递, 转让, 转移, 过户, 汇兑, 换车\nvt. 使转移, 调转, 调任, 改变, 传递, 转让\nvi. 转移, 转学, 转职, 换车\n[计] 传送","The word ""transfer"" appears in many academic texts.||Try to use ""transfer"" in a sentence.",“transfer”常见于学术阅读中。||请尝试用“transfer”造句。,cet6-core source:ecdict family:transferred family:transfers family:transferring
transform,træns'fɒ:m,vt.,"vt. 使转换, 改变, 改造, 使...变形\nvi. 改变, 转化, 变换\n[计] 变换","The word ""transform"" appears in many academic texts.||Try to use ""transform"" in a sentence.",“transform”常见于学术阅读中。||请尝试用“transform”造句。,cet6-core source:ecdict family:transformed family:transforming family:transforms
transient,'trænziәnt,n.,"n. 瞬, 短期居留者, 过境鸟, 瞬变现象\na. 短暂的, 易变的, 瞬变的, 路过的\n[计] 瞬变过程; 过渡过程; 过渡的; 瞬变的; 瞬时峰值电压","The word ""transient"" appears in many academic texts.||Try to use ""transient"" in a sentence.",“transient”常见于学术阅读中。||请尝试用“transient”造句。,cet6-core source:ecdict family:transients
transistor,træn'zistә,n.,n. 晶体管\n[化] 晶体管,"The word ""transistor"" appears in many academic texts.||Try to use ""transistor"" in a sentence.",“transistor”常见于学术阅读中。||请尝试用“transistor”造句。,cet6-core source:ecdict family:transistors
transit,'trænsit,n.,"n. 经过, 通行, 运输, 运输线, 转变\nvt. 运送, 使通过, 经过\nvi. 通过","The word ""transit"" appears in many academic texts.||Try to use ""transit"" in a sentence.",“transit”常见于学术阅读中。||请尝试用“transit”造句。,cet6-core source:ecdict family:transits family:transiting family:transitted family:transited
transition,træn'ziʃәn,n.,"n. 转变, 转换, 变迁, 过渡时期, 临时转调\n[化] 跃迁","The word ""transition"" appears in many academic texts.||Try to use ""transition"" in a sentence.",“transition”常见于学术阅读中。||请尝试用“transition”造句。,cet6-core source:ecdict family:transitions family:transitioned family:transitioning
transmission,træns'miʃәn,n.,"n. 传输, 传送, 变速器\n[计] 传输","The word ""transmission"" appears in many academic texts.||Try to use ""transmission"" in a sentence.",“transmission”常见于学术阅读中。||请尝试用“transmission”造句。,cet6-core source:ecdict family:transmissions
transmit,træns'mit,vt.,"vt. 传输, 传染, 传达, 遗传, 发射, 传播\nvi. 发射信号, 留传下来\n[计] 传送","The word ""transmit"" appears in many academic texts.||Try to use ""transmit"" in a sentence.",“transmit”常见于学术阅读中。||请尝试用“transmit”造句。,cet6-core source:ecdict family:transmitted family:transmitting family:transmits
transplant,træns'plɑ:nt,vt.,"vt. 使移居, 移植, 使迁移\nvi. 移居, 耐移植\nn. 移居者, 移植","The word ""transplant"" appears in many academic texts.||Try to use ""transplant"" in a sentence.",“transplant”常见于学术阅读中。||请尝试用“transplant”造句。,cet6-core source:ecdict family:transplants family:transplanted family:transplanting
transport,træns'pɒ:t,n.,"n. 运输, 运输工具, 激动, 狂喜, 流放犯\nvt. 传送, 运输, 流放\n[计] 传送","The word ""transport"" appears in many academic texts.||Try to use ""transport"" in a sentence.",“transport”常见于学术阅读中。||请尝试用“transport”造句。,cet6-core source:ecdict family:transported family:transporting family:transports
traverse,'trævә:s,n.,"n. 越过, 横贯, 横断物, 屏障, 否认, 反驳\nvt. 横过, 穿过, 经过, 详细研究, 反对, 在...来回移动\nvi. 横越, 横断, 旋转, 来回移动\na. 横亘的, 横贯的","The word ""traverse"" appears in many academic texts.||Try to use ""traverse"" in a sentence.",“traverse”常见于学术阅读中。||请尝试用“traverse”造句。,cet6-core source:ecdict family:traversed family:traversing family:traverses
treaty,'tri:ti,n.,"n. 条约, 谈判\n[经] 协议, 协定, 协商","The word ""treaty"" appears in many academic texts.||Try to use ""treaty"" in a sentence.",“treaty”常见于学术阅读中。||请尝试用“treaty”造句。,cet6-core source:ecdict family:treaties
tremendous,tri'mendәs,adj.,"a. 巨大的, 非常的, 可怕的","The word ""tremendous"" appears in many academic texts.||Try to use ""tremendous"" in a sentence.",“tremendous”常见于学术阅读中。||请尝试用“tremendous”造句。,cet6-core source:ecdict
trench,trentʃ,n.,"n. 渠, 沟渠, 战壕\nvt. 在...开沟, 挖战壕于, 用战壕围住\nvi. 挖战壕, 开沟","The word ""trench"" appears in many academic texts.||Try to use ""trench"" in a sentence.",“trench”常见于学术阅读中。||请尝试用“trench”造句。,cet6-core source:ecdict family:trenches family:trenching family:trenched
trend,trend,n.,"n. 趋势, 倾向, 走向\nvi. 倾向, 转向\n[计] 趋势","The word ""trend"" appears in many academic texts.||Try to use ""trend"" in a sentence.",“trend”常见于学术阅读中。||请尝试用“trend”造句。,cet6-core source:ecdict family:trends family:trending family:trended
trial,'traiәl,n.,"n. 审判, 试验, 艰苦, 麻烦事, 考验\na. 审讯的, 试验性的","The word ""trial"" appears in many academic texts.||Try to use ""trial"" in a sentence.",“trial”常见于学术阅读中。||请尝试用“trial”造句。,cet6-core source:ecdict family:trials family:trialled
tribe,traib,n.,"n. 宗族, 部落, 一群人\n[医] 族(生物分类)","The word ""tribe"" appears in many academic texts.||Try to use ""tribe"" in a sentence.",“tribe”常见于学术阅读中。||请尝试用“tribe”造句。,cet6-core source:ecdict family:tribes
tribute,'tribju:t,n.,"n. 贡物, 礼物, 颂辞","The word ""tribute"" appears in many academic texts.||Try to use ""tribute"" in a sentence.",“tribute”常见于学术阅读中。||请尝试用“tribute”造句。,cet6-core source:ecdict family:tributes
trifle,'traifl,n.,"n. 琐事, 少量\nvt. 浪费\nvi. 开玩笑, 翻弄, 虚度光阴","The word ""trifle"" appears in many academic texts.||Try to use ""trifle"" in a sentence.",“trifle”常见于学术阅读中。||请尝试用“trifle”造句。,cet6-core source:ecdict family:trifles family:trifled family:trifling
trigger,'trigә,n.,"n. 触发器, 扳机\nvt. 触发, 发射, 引起\nvi. 松开扳柄\n[计] 切换开关","The word ""trigger"" appears in many academic texts.||Try to use ""trigger"" in a sentence.",“trigger”常见于学术阅读中。||请尝试用“trigger”造句。,cet6-core source:ecdict family:triggered family:triggering family:triggers
triple,'tripl,n.,"n. 三倍数, 三个一组\na. 三倍的\nvt. 使增至三倍\nvi. 增至三倍","The word ""triple"" appears in many academic texts.||Try to use ""triple"" in a sentence.",“triple”常见于学术阅读中。||请尝试用“triple”造句。,cet6-core source:ecdict family:tripled family:triples family:tripling
triumph,'traiәmf,n.,"n. 凯旋, 胜利, 欢欣\nvi. 得胜, 成功","The word ""triumph"" appears in many academic texts.||Try to use ""triumph"" in a sentence.",“triumph”常见于学术阅读中。||请尝试用“triumph”造句。,cet6-core source:ecdict family:triumphs family:triumphed family:triumphing
trivial,'tiviәl,adj.,"a. 琐碎的, 不重要的, 轻微的, 平常的","The word ""trivial"" appears in many academic texts.||Try to use ""trivial"" in a sentence.",“trivial”常见于学术阅读中。||请尝试用“trivial”造句。,cet6-core source:ecdict
tub,tʌb,n.,"n. 桶, 浴盆\nvt. 装入桶, 洗澡\nvi. 洗盆浴, 被放在桶里洗","The word ""tub"" appears in many academic texts.||Try to use ""tub"" in a sentence.",“tub”常见于学术阅读中。||请尝试用“tub”造句。,cet6-core source:ecdict family:tubs family:tubbing family:tubbed
tuck,tʌk,n.,"n. 缝褶, 活力, 鼓声, 船尾突出部, 食品\nvt. 打褶, 卷起, 挤进, 塞, 收藏\nvi. 缝褶裥, 缩拢","The word ""tuck"" appears in many academic texts.||Try to use ""tuck"" in a sentence.",“tuck”常见于学术阅读中。||请尝试用“tuck”造句。,cet6-core source:ecdict family:tucked family:tucking family:tucks
tug,tʌg,n.,"n. 用力拉, 拖曳, 苦干, 挣扎, 绳索\nv. 用力拉","The word ""tug"" appears in many academic texts.||Try to use ""tug"" in a sentence.",“tug”常见于学术阅读中。||请尝试用“tug”造句。,cet6-core source:ecdict family:tugged family:tugging family:tugs
tuition,tju:'iʃәn,n.,"n. 学费, 讲授","The word ""tuition"" appears in many academic texts.||Try to use ""tuition"" in a sentence.",“tuition”常见于学术阅读中。||请尝试用“tuition”造句。,cet6-core source:ecdict family:tuitioning
tumble,tʌmbl,n.,"n. 跌倒, 摔跤, 翻斤斗\nvi. 翻倒, 摔倒, 倒塌, 滚动, 翻斤斗, 仓促地行动\nvt. 使摔倒, 使滚翻, 弄乱","The word ""tumble"" appears in many academic texts.||Try to use ""tumble"" in a sentence.",“tumble”常见于学术阅读中。||请尝试用“tumble”造句。,cet6-core source:ecdict family:tumbled family:tumbling family:tumbles
tunnel,'tʌnl,n.,"n. 隧道, 地下道\nvi. 挖隧道\nvt. 掘隧道于","The word ""tunnel"" appears in many academic texts.||Try to use ""tunnel"" in a sentence.",“tunnel”常见于学术阅读中。||请尝试用“tunnel”造句。,cet6-core source:ecdict family:tunnels family:tunnelled family:tunnelling
turbulent,'tә:bjulәnt,adj.,"a. 狂暴的, 骚乱的, 紊乱的","The word ""turbulent"" appears in many academic texts.||Try to use ""turbulent"" in a sentence.",“turbulent”常见于学术阅读中。||请尝试用“turbulent”造句。,cet6-core source:ecdict
turnover,'tә:n.әuvә,n.,"n. 翻倒, 翻转, 半圆酥饼, 营业额, 流通, 周转\na. 可翻转的","The word ""turnover"" appears in many academic texts.||Try to use ""turnover"" in a sentence.",“turnover”常见于学术阅读中。||请尝试用“turnover”造句。,cet6-core source:ecdict family:turnovers
tutor,'tju:tә,n.,"n. 家庭教师, 导师, 助教, 监护人\nvt. 当...的教师, 教, 指导, 约束, 克制\nvi. 当家庭教师, 受家庭教师的指导","The word ""tutor"" appears in many academic texts.||Try to use ""tutor"" in a sentence.",“tutor”常见于学术阅读中。||请尝试用“tutor”造句。,cet6-core source:ecdict family:tutors family:tutoring family:tutored
twist,twist,n.,"n. 一扭, 扭曲, 曲折, 歪曲, 螺旋状, 新手法\nvt. 拧, 扭, 捻, 编织, 使扭转, 缠绕, 盘绕, 歪曲, 使转动, 使苦恼, 使混乱, 使旋转\nvi. 转向, 弯曲, 缠绕, 扭动, 呈螺旋形","The word ""twist"" appears in many academic texts.||Try to use ""twist"" in a sentence.",“twist”常见于学术阅读中。||请尝试用“twist”造句。,cet6-core source:ecdict family:twisted family:twisting family:twists
ultimate,'ʌltimit,n.,"n. 终极, 根本, 顶点, 基本原则\na. 终极的, 根本的, 极限的, 最远的, 最后的, 最大的","The word ""ultimate"" appears in many academic texts.||Try to use ""ultimate"" in a sentence.",“ultimate”常见于学术阅读中。||请尝试用“ultimate”造句。,cet6-core source:ecdict family:ultimates
ultraviolet,.ʌltrә'vaiәlit,adj.,a. 紫外线的\n[化] 紫外线的; 紫外线,"The word ""ultraviolet"" appears in many academic texts.||Try to use ""ultraviolet"" in a sentence.",“ultraviolet”常见于学术阅读中。||请尝试用“ultraviolet”造句。,cet6-core source:ecdict
unanimous,ju:'nænimәs,adj.,"a. 意见一致的, 无异议的","The word ""unanimous"" appears in many academic texts.||Try to use ""unanimous"" in a sentence.",“unanimous”常见于学术阅读中。||请尝试用“unanimous”造句。,cet6-core source:ecdict
underestimate,.ʌndәr'estimeit,n.,"n. 低估\nvt. 低估, 看轻","The word ""underestimate"" appears in many academic texts.||Try to use ""underestimate"" in a sentence.",“underestimate”常见于学术阅读中。||请尝试用“underestimate”造句。,cet6-core source:ecdict family:underestimated family:underestimating family:underestimates
undergo,.ʌndә'gәu,vt.,"vt. 遭受, 经历, 忍受\n[法] 经受, 经历, 忍受","The word ""undergo"" appears in many academic texts.||Try to use ""undergo"" in a sentence.",“undergo”常见于学术阅读中。||请尝试用“undergo”造句。,cet6-core source:ecdict family:undergoing family:undergone family:underwent family:undergoes
underlying,.ʌndә'laiiŋ,adj.,"a. 在下面的\n[经] 优先的, 基础的, 放在下面的","The word ""underlying"" appears in many academic texts.||Try to use ""underlying"" in a sentence.",“underlying”常见于学术阅读中。||请尝试用“underlying”造句。,cet6-core source:ecdict family:i
undermine,.ʌndә'main,vt.,"vt. 在...下面挖, 渐渐破坏, 暗地里破坏\n[法] 暗中破坏, 以阴谋中伤伤害","The word ""undermine"" appears in many academic texts.||Try to use ""undermine"" in a sentence.",“undermine”常见于学术阅读中。||请尝试用“undermine”造句。,cet6-core source:ecdict family:undermined family:undermining family:undermines
unemployment,.ʌnim'plɒimәnt,n.,"n. 失业, 失业人数\n[经] 失业","The word ""unemployment"" appears in many academic texts.||Try to use ""unemployment"" in a sentence.",“unemployment”常见于学术阅读中。||请尝试用“unemployment”造句。,cet6-core source:ecdict
unfold,.ʌn'fәuld,vt.,"vt. 展开, 打开, 披露, 开展, 挑明\nvi. 伸展, 开花, 呈现","The word ""unfold"" appears in many academic texts.||Try to use ""unfold"" in a sentence.",“unfold”常见于学术阅读中。||请尝试用“unfold”造句。,cet6-core source:ecdict family:unfolds family:unfolded family:unfolding
unity,'ju:niti,n.,"n. 一致, 联合, 单一(性), 个体\n[经] 统一","The word ""unity"" appears in many academic texts.||Try to use ""unity"" in a sentence.",“unity”常见于学术阅读中。||请尝试用“unity”造句。,cet6-core source:ecdict family:unities
unique,ju:'ni:k,adj.,"a. 独一无二的, 独特的, 稀罕的","The word ""unique"" appears in many academic texts.||Try to use ""unique"" in a sentence.",“unique”常见于学术阅读中。||请尝试用“unique”造句。,cet6-core source:ecdict
universe,'ju:nivә:s,n.,"n. 宇宙, 星系, (思想等)范围","The word ""universe"" appears in many academic texts.||Try to use ""universe"" in a sentence.",“universe”常见于学术阅读中。||请尝试用“universe”造句。,cet6-core source:ecdict family:universes
update,ʌp'deit,vt.,"vt. 更新, 使现代化\nn. 更新\n[计] 更新","The word ""update"" appears in many academic texts.||Try to use ""update"" in a sentence.",“update”常见于学术阅读中。||请尝试用“update”造句。,cet6-core source:ecdict family:updated family:updating family:updates
upgrade,'ʌpgreid,n.,"n. 上坡, 升级, 上升\nadv. 往上\nvt. 使升级, 提升, 改良品种\nvi. 升级\n[计] 升级","The word ""upgrade"" appears in many academic texts.||Try to use ""upgrade"" in a sentence.",“upgrade”常见于学术阅读中。||请尝试用“upgrade”造句。,cet6-core source:ecdict family:upgraded family:upgrading family:upgrades
uphold,ʌp'hәuld,vt.,"vt. 支撑, 赞成, 鼓励, 举起, 坚持\n[法] 确认, 赞成, 支持","The word ""uphold"" appears in many academic texts.||Try to use ""uphold"" in a sentence.",“uphold”常见于学术阅读中。||请尝试用“uphold”造句。,cet6-core source:ecdict family:upholding family:upholds family:upheld
upright,'ʌprait,adj.,"a. 正直的, 诚实的, 公正的, 垂直的, 竖式的\n[化] 立杆","The word ""upright"" appears in many academic texts.||Try to use ""upright"" in a sentence.",“upright”常见于学术阅读中。||请尝试用“upright”造句。,cet6-core source:ecdict family:uprights family:uprighted
urban,'ә:bәn,adj.,"a. 都市的, 住在都市的, 习惯于都市的\n[法] 城市的, 都市的, 市区的","The word ""urban"" appears in many academic texts.||Try to use ""urban"" in a sentence.",“urban”常见于学术阅读中。||请尝试用“urban”造句。,cet6-core source:ecdict
urge,ә:dʒ,n.,"n. 冲动, 推动力, 迫切的要求\nvt. 驱策, 力劝, 竭力主张, 推动\nvi. 强烈要求","The word ""urge"" appears in many academic texts.||Try to use ""urge"" in a sentence.",“urge”常见于学术阅读中。||请尝试用“urge”造句。,cet6-core source:ecdict family:urged family:urging family:urges
utilize,'ju:tilaiz,vt.,vt. 利用,"The word ""utilize"" appears in many academic texts.||Try to use ""utilize"" in a sentence.",“utilize”常见于学术阅读中。||请尝试用“utilize”造句。,cet6-core source:ecdict family:utilized family:utilizing family:utilizes
utmost,'ʌtmәust,n.,"n. 极限, 最大限度, 极度\na. 极度的, 最远的","The word ""utmost"" appears in many academic texts.||Try to use ""utmost"" in a sentence.",“utmost”常见于学术阅读中。||请尝试用“utmost”造句。,cet6-core source:ecdict
vacant,'veikәnt,adj.,"a. 空的, 空白的, 空虚的, 空闲的, 茫然的, 空缺的\n[法] 空的, 空虚的, 闲暇的","The word ""vacant"" appears in many academic texts.||Try to use ""vacant"" in a sentence.",“vacant”常见于学术阅读中。||请尝试用“vacant”造句。,cet6-core source:ecdict
vain,vein,adj.,"a. 无价值的, 徒然的, 空虚的, 自负的, 愚蠢的","The word ""vain"" appears in many academic texts.||Try to use ""vain"" in a sentence.",“vain”常见于学术阅读中。||请尝试用“vain”造句。,cet6-core source:ecdict family:vainest family:vainer
valid,'vælid,adj.,"a. 有确实根据的, 有法律效力的, 正当的, 正确的\n[经] 有效的","The word ""valid"" appears in many academic texts.||Try to use ""valid"" in a sentence.",“valid”常见于学术阅读中。||请尝试用“valid”造句。,cet6-core source:ecdict
valve,vælv,n.,"n. 活瓣, 阀, 活门\nv. 装阀, 用阀调节","The word ""valve"" appears in many academic texts.||Try to use ""valve"" in a sentence.",“valve”常见于学术阅读中。||请尝试用“valve”造句。,cet6-core source:ecdict family:valves family:valved
van,væn,n.,"n. 货车, 篷车, 先锋, 前驱, 前卫\nvt. 用货车搬运\n[计] 增值网","The word ""van"" appears in many academic texts.||Try to use ""van"" in a sentence.",“van”常见于学术阅读中。||请尝试用“van”造句。,cet6-core source:ecdict family:vans
variation,.vєәri'eiʃәn,n.,"n. 变更, 变化, 变种, 变奏\n[医] 变异, 变易; 变度","The word ""variation"" appears in many academic texts.||Try to use ""variation"" in a sentence.",“variation”常见于学术阅读中。||请尝试用“variation”造句。,cet6-core source:ecdict family:variations
various,'vєәriәs,adj.,"a. 不同的, 各种的, 多方面的, 许多的, 个别的, 杂色的\n[法] 不同的, 种种的, 各式各样的","The word ""various"" appears in many academic texts.||Try to use ""various"" in a sentence.",“various”常见于学术阅读中。||请尝试用“various”造句。,cet6-core source:ecdict
vary,'vєәri,vt.,"vt. 改变, 使多样化\nvi. 变化, 有不同, 违反","The word ""vary"" appears in many academic texts.||Try to use ""vary"" in a sentence.",“vary”常见于学术阅读中。||请尝试用“vary”造句。,cet6-core source:ecdict family:varies family:varied family:varying
vast,vɑ:st,adj.,"a. 巨大的, 广大的, 非常的, 大量的","The word ""vast"" appears in many academic texts.||Try to use ""vast"" in a sentence.",“vast”常见于学术阅读中。||请尝试用“vast”造句。,cet6-core source:ecdict family:vaster
vegetation,.vedʒi'teiʃәn,n.,"n. 植物\n[医] 贽生物, 贽疣, 增殖体; 生长, 增殖","The word ""vegetation"" appears in many academic texts.||Try to use ""vegetation"" in a sentence.",“vegetation”常见于学术阅读中。||请尝试用“vegetation”造句。,cet6-core source:ecdict
vehicle,'vi:ikl,n.,"n. 交通工具, 车辆, 传播媒介\n[化] 载体; 运载体; 漆料","The word ""vehicle"" appears in many academic texts.||Try to use ""vehicle"" in a sentence.",“vehicle”常见于学术阅读中。||请尝试用“vehicle”造句。,cet6-core source:ecdict family:vehicles
veil,veil,n.,"n. 面纱, 面罩, 借口, 幕, 帐, 遮蔽物\nvt. 戴面纱, 隐藏, 遮蔽, 掩饰\nvi. 蒙上面纱","The word ""veil"" appears in many academic texts.||Try to use ""veil"" in a sentence.",“veil”常见于学术阅读中。||请尝试用“veil”造句。,cet6-core source:ecdict family:veils family:veiled family:veiling
vein,vein,n.,"n. 血管, 静脉, 纹理, 气质, 情绪\nvt. 使有脉络, 像脉络般分布于","The word ""vein"" appears in many academic texts.||Try to use ""vein"" in a sentence.",“vein”常见于学术阅读中。||请尝试用“vein”造句。,cet6-core source:ecdict family:veins family:veined family:veining
velocity,vi'lɒsәti,n.,"n. 速度, 迅速\n[化] 速度","The word ""velocity"" appears in many academic texts.||Try to use ""velocity"" in a sentence.",“velocity”常见于学术阅读中。||请尝试用“velocity”造句。,cet6-core source:ecdict family:velocities
velvet,'velvit,n.,n. 天鹅绒\na. 天鹅绒的,"The word ""velvet"" appears in many academic texts.||Try to use ""velvet"" in a sentence.",“velvet”常见于学术阅读中。||请尝试用“velvet”造句。,cet6-core source:ecdict family:velvets
vent,vent,n.,"n. 排气口, 出口, 通风孔, 发泄\nvt. 发泄, 排出, 给...开孔","The word ""vent"" appears in many academic texts.||Try to use ""vent"" in a sentence.",“vent”常见于学术阅读中。||请尝试用“vent”造句。,cet6-core source:ecdict family:vents family:venting family:vented
ventilate,'ventileit,vt.,"vt. 使空气流通, 使通风, 公开讨论, 公开\n[医] 通风, 换气","The word ""ventilate"" appears in many academic texts.||Try to use ""ventilate"" in a sentence.",“ventilate”常见于学术阅读中。||请尝试用“ventilate”造句。,cet6-core source:ecdict family:ventilated family:ventilating family:ventilates
venture,'ventʃә,n.,"n. 冒险, 风险\nvt. 敢于, 冒...的危险\nvi. 冒险","The word ""venture"" appears in many academic texts.||Try to use ""venture"" in a sentence.",“venture”常见于学术阅读中。||请尝试用“venture”造句。,cet6-core source:ecdict family:ventures family:ventured family:venturing
verbal,'vә:bl,adj.,"a. 用言辞的, 言语的, 口头的, 逐字的, 动词的\n[医] 言语的, 口述的","The word ""verbal"" appears in many academic texts.||Try to use ""verbal"" in a sentence.",“verbal”常见于学术阅读中。||请尝试用“verbal”造句。,cet6-core source:ecdict family:verbals
verdict,'vә:dikt,n.,"n. 裁决, 判决, 判断性意见, 定论, 结论\n[法] 定论, 判断, 意见","The word ""verdict"" appears in many academic texts.||Try to use ""verdict"" in a sentence.",“verdict”常见于学术阅读中。||请尝试用“verdict”造句。,cet6-core source:ecdict family:verdicts
verge,vә:dʒ,n.,"n. 边缘, 边界, 起始点\nvi. 处在边缘, 接近, 下沉, 趋向","The word ""verge"" appears in many academic texts.||Try to use ""verge"" in a sentence.",“verge”常见于学术阅读中。||请尝试用“verge”造句。,cet6-core source:ecdict family:verging family:verges family:verged
verify,'verifai,vt.,"vt. 证明, 查证, 证实, 检验, 校验\n[计] 校验, 检验; DOS内部命令:设定写入磁盘时是否验证写入的正确性","The word ""verify"" appears in many academic texts.||Try to use ""verify"" in a sentence.",“verify”常见于学术阅读中。||请尝试用“verify”造句。,cet6-core source:ecdict family:verified family:verifying family:verifies
versatile,'vә:sәtail,adj.,"a. 多才多艺的, 万用的, 万向的","The word ""versatile"" appears in many academic texts.||Try to use ""versatile"" in a sentence.",“versatile”常见于学术阅读中。||请尝试用“versatile”造句。,cet6-core source:ecdict
verse,vә:s,n.,"n. 诗, 韵文, 诗句\nvt. 用诗表达\nvi. 作诗","The word ""verse"" appears in many academic texts.||Try to use ""verse"" in a sentence.",“verse”常见于学术阅读中。||请尝试用“verse”造句。,cet6-core source:ecdict family:verses family:versed family:versing
version,'vә:ʒәn,n.,"n. 一种描述, 版本, 译文\n[计] 版本","The word ""version"" appears in many academic texts.||Try to use ""version"" in a sentence.",“version”常见于学术阅读中。||请尝试用“version”造句。,cet6-core source:ecdict family:versions
versus,'vә:sәs,prep.,"prep. 对...\n[法] 诉, 对, 相形","The word ""versus"" appears in many academic texts.||Try to use ""versus"" in a sentence.",“versus”常见于学术阅读中。||请尝试用“versus”造句。,cet6-core source:ecdict
vertical,'vә:tikl,adj.,"a. 垂直的, 直立的\n[医] 垂直的, 顶的, 头顶的","The word ""vertical"" appears in many academic texts.||Try to use ""vertical"" in a sentence.",“vertical”常见于学术阅读中。||请尝试用“vertical”造句。,cet6-core source:ecdict family:verticals
veto,'vi:tәu,n.,"n. 否决权\nvt. 否决, 禁止","The word ""veto"" appears in many academic texts.||Try to use ""veto"" in a sentence.",“veto”常见于学术阅读中。||请尝试用“veto”造句。,cet6-core source:ecdict family:vetoed family:vetoing family:vetoes
vice,vais,n.,"n. 恶习, 恶行, 罪恶, 堕落, 缺陷, 恶癖, 老虎钳\nvt. 钳住\nprep. 代替","The word ""vice"" appears in many academic texts.||Try to use ""vice"" in a sentence.",“vice”常见于学术阅读中。||请尝试用“vice”造句。,cet6-core source:ecdict family:vices
vicinity,vi'siniti,n.,"n. 附近, 邻近, 附近地区, 近处\n[法] 附近, 邻近, 附近地区","The word ""vicinity"" appears in many academic texts.||Try to use ""vicinity"" in a sentence.",“vicinity”常见于学术阅读中。||请尝试用“vicinity”造句。,cet6-core source:ecdict family:vicinities
vicious,'viʃәs,adj.,"a. 邪恶的, 堕落的, 品性不端的, 恶毒的, 恶性的, 有错误的\n[医] 缺点的, 恶的","The word ""vicious"" appears in many academic texts.||Try to use ""vicious"" in a sentence.",“vicious”常见于学术阅读中。||请尝试用“vicious”造句。,cet6-core source:ecdict
victim,'viktim,n.,"n. 受害人, 牺牲者, 牺牲品\n[法] 受害人, 被害人, 遭难者","The word ""victim"" appears in many academic texts.||Try to use ""victim"" in a sentence.",“victim”常见于学术阅读中。||请尝试用“victim”造句。,cet6-core source:ecdict family:victims
vigorous,'vigәrәs,adj.,"a. 精力充沛的, 元气旺盛的, 茁壮的, 有力的","The word ""vigorous"" appears in many academic texts.||Try to use ""vigorous"" in a sentence.",“vigorous”常见于学术阅读中。||请尝试用“vigorous”造句。,cet6-core source:ecdict
violate,'vaiәleit,vt.,"vt. 违犯, 亵渎, 违反, 侵犯, 妨碍\n[经] 违犯, 违反","The word ""violate"" appears in many academic texts.||Try to use ""violate"" in a sentence.",“violate”常见于学术阅读中。||请尝试用“violate”造句。,cet6-core source:ecdict family:violated family:violating family:violates
violent,'vaiәlәnt,adj.,"a. 暴力的, 猛烈的, 激烈的, 极端的, 凶暴的","The word ""violent"" appears in many academic texts.||Try to use ""violent"" in a sentence.",“violent”常见于学术阅读中。||请尝试用“violent”造句。,cet6-core source:ecdict
virgin,'vә:dʒin,n.,"n. 处女\na. 处女的, 贞洁的, 纯洁的, 初始的, 纯的","The word ""virgin"" appears in many academic texts.||Try to use ""virgin"" in a sentence.",“virgin”常见于学术阅读中。||请尝试用“virgin”造句。,cet6-core source:ecdict family:virgins
virtual,'vә:tʃuәl,adj.,"a. 实际上起作用的, 虚的, 实质的, 有效的, 事实上生效的\n[计] 虚拟","The word ""virtual"" appears in many academic texts.||Try to use ""virtual"" in a sentence.",“virtual”常见于学术阅读中。||请尝试用“virtual”造句。,cet6-core source:ecdict
virtue,'vә:tju:,n.,"n. 德行, 美德, 优点, 功效, 效力\n[法] 美德, 贞操, 优点","The word ""virtue"" appears in many academic texts.||Try to use ""virtue"" in a sentence.",“virtue”常见于学术阅读中。||请尝试用“virtue”造句。,cet6-core source:ecdict family:virtues
visa,'vi:zә,n.,n. 签证\nvt. 签发,"The word ""visa"" appears in many academic texts.||Try to use ""visa"" in a sentence.",“visa”常见于学术阅读中。||请尝试用“visa”造句。,cet6-core source:ecdict family:visas family:visaing family:visaed
vision,'viʒәn,n.,"n. 视觉, 眼光, 视力, 幻想\nvt. 梦见, 想象, 显示","The word ""vision"" appears in many academic texts.||Try to use ""vision"" in a sentence.",“vision”常见于学术阅读中。||请尝试用“vision”造句。,cet6-core source:ecdict family:visions
visualize,'viʒuәlaiz,vt.,"vt. 使看得见, 使具体化, 想象, 设想\nvi. 想象, 显形","The word ""visualize"" appears in many academic texts.||Try to use ""visualize"" in a sentence.",“visualize”常见于学术阅读中。||请尝试用“visualize”造句。,cet6-core source:ecdict family:visualized family:visualizing family:visualizes
vital,'vaitl,adj.,"a. 生命的, 重要的, 充满活力的, 生死攸关的, 致命的\n[医] 生命的, 生活的, 生活上必需的, 紧要的","The word ""vital"" appears in many academic texts.||Try to use ""vital"" in a sentence.",“vital”常见于学术阅读中。||请尝试用“vital”造句。,cet6-core source:ecdict family:vitals
vivid,'vivid,adj.,"a. 生动的, 鲜明的, 鲜艳的, 活泼的, 逼真的, 清晰的","The word ""vivid"" appears in many academic texts.||Try to use ""vivid"" in a sentence.",“vivid”常见于学术阅读中。||请尝试用“vivid”造句。,cet6-core source:ecdict
vocal,'vәukl,adj.,"a. 嗓音的, 声音的, 有声的, 歌唱的\nn. 元音, 声乐作品","The word ""vocal"" appears in many academic texts.||Try to use ""vocal"" in a sentence.",“vocal”常见于学术阅读中。||请尝试用“vocal”造句。,cet6-core source:ecdict family:vocals
vocational,vәu'keiʃәnl,adj.,"a. 职业的\n[法] 职业上的, 天职的","The word ""vocational"" appears in many academic texts.||Try to use ""vocational"" in a sentence.",“vocational”常见于学术阅读中。||请尝试用“vocational”造句。,cet6-core source:ecdict
void,vɒid,n.,"n. 空虚, 空间, 空白, 空隙, 空虚感\na. 空的, 无效的, 无人的, 没有的, 无用的\n[计] 脱墨; 空白点","The word ""void"" appears in many academic texts.||Try to use ""void"" in a sentence.",“void”常见于学术阅读中。||请尝试用“void”造句。,cet6-core source:ecdict family:voids family:voided family:voiding family:voider
volume,'vɒljum,n.,"n. 册, 卷, 体积, 容量, 大量, 许多, 份量, 音量\nvi. 成团卷起\nvt. 把...收集成卷\na. 大量的\n[计] 卷","The word ""volume"" appears in many academic texts.||Try to use ""volume"" in a sentence.",“volume”常见于学术阅读中。||请尝试用“volume”造句。,cet6-core source:ecdict family:volumes
voluntary,'vɒlәntәri,adj.,"a. 自动的, 自愿的, 故意的, 志愿的, 自发的\nn. 自愿行动, 志愿者, 自由调","The word ""voluntary"" appears in many academic texts.||Try to use ""voluntary"" in a sentence.",“voluntary”常见于学术阅读中。||请尝试用“voluntary”造句。,cet6-core source:ecdict family:voluntaries
volunteer,.vɒlәn'tiә,n.,n. 志愿者\na. 志愿的\nv. 自愿,"The word ""volunteer"" appears in many academic texts.||Try to use ""volunteer"" in a sentence.",“volunteer”常见于学术阅读中。||请尝试用“volunteer”造句。,cet6-core source:ecdict family:volunteers family:volunteered family:volunteering
vulgar,'vʌlgә,adj.,"a. 粗俗的, 庸俗的, 普通的, 通俗的, 方言的\n[法] 庸俗的, 卑下的, 粗俗的","The word ""vulgar"" appears in many academic texts.||Try to use ""vulgar"" in a sentence.",“vulgar”常见于学术阅读中。||请尝试用“vulgar”造句。,cet6-core source:ecdict
vulnerable,'vʌlnәrәbl,adj.,"a. 易受伤害的, 有弱点的, 易受影响的, 脆弱的, 成局的\n[医] 易损的","The word ""vulnerable"" appears in many academic texts.||Try to use ""vulnerable"" in a sentence.",“vulnerable”常见于学术阅读中。||请尝试用“vulnerable”造句。,cet6-core source:ecdict
wallet,'wɒlit,n.,"n. 皮夹\n[法] 皮包, 皮夹, 钱袋","The word ""wallet"" appears in many academic texts.||Try to use ""wallet"" in a sentence.",“wallet”常见于学术阅读中。||请尝试用“wallet”造句。,cet6-core source:ecdict family:wallets
ward,wɒ:d,n.,"n. 病房, 守卫, 保卫, 保护, 监护, 牢房, 行政区, 锁孔内的榫舌\nvt. 使入病房, 守护, 保卫","The word ""ward"" appears in many academic texts.||Try to use ""ward"" in a sentence.",“ward”常见于学术阅读中。||请尝试用“ward”造句。,cet6-core source:ecdict family:wards family:warding family:warded
wardrobe,'wɒ:drәub,n.,"n. 衣橱, 衣室, 全部衣服","The word ""wardrobe"" appears in many academic texts.||Try to use ""wardrobe"" in a sentence.",“wardrobe”常见于学术阅读中。||请尝试用“wardrobe”造句。,cet6-core source:ecdict family:wardrobes
warehouse,'wєәhaus,n.,"n. 仓库, 货栈, 大商店\nvt. 储入仓库","The word ""warehouse"" appears in many academic texts.||Try to use ""warehouse"" in a sentence.",“warehouse”常见于学术阅读中。||请尝试用“warehouse”造句。,cet6-core source:ecdict family:warehouses family:warehoused family:warehousing
warfare,'wɒ:fєә,n.,"n. 战争, 战斗, 交战, 斗争, 竞争\n[法] 战事, 作战, 交战","The word ""warfare"" appears in many academic texts.||Try to use ""warfare"" in a sentence.",“warfare”常见于学术阅读中。||请尝试用“warfare”造句。,cet6-core source:ecdict
warrant,'wɒ:rәnt,n.,"n. 授权, 正当理由, 根据, 证明, 批准, 凭证, 令状, 委任状\nvt. 授权给, 保证, 担保, 批准, 使有正当理由","The word ""warrant"" appears in many academic texts.||Try to use ""warrant"" in a sentence.",“warrant”常见于学术阅读中。||请尝试用“warrant”造句。,cet6-core source:ecdict family:warrants family:warranted family:warranting
watertight,'wɒtәtait,adj.,"a. 不透水的, 不漏水的, 无懈可击的\n[化] 不透水的; 不漏水的","The word ""watertight"" appears in many academic texts.||Try to use ""watertight"" in a sentence.",“watertight”常见于学术阅读中。||请尝试用“watertight”造句。,cet6-core source:ecdict
watt,wɒt,n.,n. 瓦(特)\n[化] 瓦; 瓦特,"The word ""watt"" appears in many academic texts.||Try to use ""watt"" in a sentence.",“watt”常见于学术阅读中。||请尝试用“watt”造句。,cet6-core source:ecdict family:watts
wax,wæks,n.,"n. 蜡, 蜡状物, 一阵发怒, 增加, (月亮)渐盈\nvi. 变大, 增大, 月亮渐满\nvt. 上蜡于","The word ""wax"" appears in many academic texts.||Try to use ""wax"" in a sentence.",“wax”常见于学术阅读中。||请尝试用“wax”造句。,cet6-core source:ecdict family:waxing family:waxed family:waxes
wealth,welθ,n.,"n. 财富, 资源, 财产, 丰富, 富裕, 大量\n[经] 财富","The word ""wealth"" appears in many academic texts.||Try to use ""wealth"" in a sentence.",“wealth”常见于学术阅读中。||请尝试用“wealth”造句。,cet6-core source:ecdict
wealthy,'welθi,adj.,"a. 富有的, 丰裕的, 充分的","The word ""wealthy"" appears in many academic texts.||Try to use ""wealthy"" in a sentence.",“wealthy”常见于学术阅读中。||请尝试用“wealthy”造句。,cet6-core source:ecdict family:wealthier family:wealthiest
weapon,'wepәn,n.,"n. 武器, 兵器\nvt. 武装","The word ""weapon"" appears in many academic texts.||Try to use ""weapon"" in a sentence.",“weapon”常见于学术阅读中。||请尝试用“weapon”造句。,cet6-core source:ecdict family:weapons
weary,'wiәri,adj.,"a. 疲倦的, 萎靡的, 厌倦的, 厌烦的\nvt. 使疲倦, 使厌烦\nvi. 疲乏, 生厌, 不耐烦","The word ""weary"" appears in many academic texts.||Try to use ""weary"" in a sentence.",“weary”常见于学术阅读中。||请尝试用“weary”造句。,cet6-core source:ecdict family:wearied family:wearying family:wearier family:wearies family:weariest
web,web,n.,"n. 网, 蛛丝, 蹼, 织物, 圈套, 卷筒纸\nvi. 结网, 形成网\nvt. 织蜘蛛网于, 使落入圈套","The word ""web"" appears in many academic texts.||Try to use ""web"" in a sentence.",“web”常见于学术阅读中。||请尝试用“web”造句。,cet6-core source:ecdict family:webs family:webbing family:webbed
wedge,wedʒ,n.,"n. 楔子, 楔形物, 起因, 导致分裂的东西\nvt. 楔住, 挤进, 楔入\nvi. 楔入, 挤进","The word ""wedge"" appears in many academic texts.||Try to use ""wedge"" in a sentence.",“wedge”常见于学术阅读中。||请尝试用“wedge”造句。,cet6-core source:ecdict family:wedges family:wedged family:wedging
weird,wiәd,adj.,"a. 怪异的, 超自然的, 不可思议的\nn. 命运, 预言, 符咒","The word ""weird"" appears in many academic texts.||Try to use ""weird"" in a sentence.",“weird”常见于学术阅读中。||请尝试用“weird”造句。,cet6-core source:ecdict
whereas,hwєәr'æz,conj.,"conj. 然而, 鉴于\n[法] 考虑到, 鉴于, 就...而论","The word ""whereas"" appears in many academic texts.||Try to use ""whereas"" in a sentence.",“whereas”常见于学术阅读中。||请尝试用“whereas”造句。,cet6-core source:ecdict
whereby,(h)weә'bai,adv.,"adv. 靠什么, 如何, 为何, 靠那个, 因此, 由此\n[法] 因此, 由是","The word ""whereby"" appears in many academic texts.||Try to use ""whereby"" in a sentence.",“whereby”常见于学术阅读中。||请尝试用“whereby”造句。,cet6-core source:ecdict
whirl,hwә:l,n.,"n. 回旋, 旋转, 急走, 眩晕\nvt. 使旋转, 使回旋, 卷走\nvi. 回旋, 旋转, 急走, 发晕","The word ""whirl"" appears in many academic texts.||Try to use ""whirl"" in a sentence.",“whirl”常见于学术阅读中。||请尝试用“whirl”造句。,cet6-core source:ecdict family:whirled family:whirling family:whirls
withdraw,wið'drɒ:,vt.,"vt. 撤回, 取回, 撤消, 使撤退, 拉开, 移开\nvi. 撤退, 离开","The word ""withdraw"" appears in many academic texts.||Try to use ""withdraw"" in a sentence.",“withdraw”常见于学术阅读中。||请尝试用“withdraw”造句。,cet6-core source:ecdict family:withdrawn family:withdrew family:withdrawing family:withdraws
withhold,wið'hәuld,vt.,"vt. 使停止, 扣留, 保留, 拒给\nvi. 克制, 忍住","The word ""withhold"" appears in many academic texts.||Try to use ""withhold"" in a sentence.",“withhold”常见于学术阅读中。||请尝试用“withhold”造句。,cet6-core source:ecdict family:withheld family:withholding family:withholds
witness,'witnis,n.,"n. 证人, 目击者, 证据, 证词\nvt. 目击, 作证, 证明, 表明\nvi. 作证人, 作为证据","The word ""witness"" appears in many academic texts.||Try to use ""witness"" in a sentence.",“witness”常见于学术阅读中。||请尝试用“witness”造句。,cet6-core source:ecdict family:witnesses family:witnessed family:witnessing
worthwhile,'wә:θ'hwail,adj.,"a. 值得花时间的, 值得做的, 有真实价值的","The word ""worthwhile"" appears in many academic texts.||Try to use ""worthwhile"" in a sentence.",“worthwhile”常见于学术阅读中。||请尝试用“worthwhile”造句。,cet6-core source:ecdict
worthy,'wә:ði,n.,"n. 杰出人物\na. 有价值的, 可敬的, 值得的","The word ""worthy"" appears in many academic texts.||Try to use ""worthy"" in a sentence.",“worthy”常见于学术阅读中。||请尝试用“worthy”造句。,cet6-core source:ecdict family:worthies family:worthier family:worthiest
wreck,rek,n.,"n. 失事, 残骸, 破坏\nvt. 使失事, 拆毁, 破坏\nvi. (船)失事, 营救失事船只","The word ""wreck"" appears in many academic texts.||Try to use ""wreck"" in a sentence.",“wreck”常见于学术阅读中。||请尝试用“wreck”造句。,cet6-core source:ecdict family:wrecked family:wrecks family:wrecking
wrench,'rentʃ,n.,"n. 扳钳, 扳手, 扭伤, 歪曲, 痛苦\nvt. 猛扭, 扭伤, 曲解, 折磨\nvi. 猛扭, 猛绞","The word ""wrench"" appears in many academic texts.||Try to use ""wrench"" in a sentence.",“wrench”常见于学术阅读中。||请尝试用“wrench”造句。,cet6-core source:ecdict family:wrenched family:wrenching family:wrenches
wretched,'retʃid,adj.,"a. 可怜的, 不幸的, 卑鄙的","The word ""wretched"" appears in many academic texts.||Try to use ""wretched"" in a sentence.",“wretched”常见于学术阅读中。||请尝试用“wretched”造句。,cet6-core source:ecdict
wrinkle,'riŋkl,n.,"n. 皱纹, 妙计, 方法, 技巧\nvi. 起皱\nvt. 使起皱纹","The word ""wrinkle"" appears in many academic texts.||Try to use ""wrinkle"" in a sentence.",“wrinkle”常见于学术阅读中。||请尝试用“wrinkle”造句。,cet6-core source:ecdict family:wrinkles family:wrinkled family:wrinkling
yacht,jɒt,n.,"n. 快艇, 游艇\nvi. 驾游艇, 乘游艇","The word ""yacht"" appears in many academic texts.||Try to use ""yacht"" in a sentence.",“yacht”常见于学术阅读中。||请尝试用“yacht”造句。,cet6-core source:ecdict family:yachts family:yachting family:yachted
yell,jel,vi.,"vi. 叫喊, 大叫, (齐声)呐喊欢呼\nvt. 喊叫着说\nn. 叫声, 喊声, 呐喊","The word ""yell"" appears in many academic texts.||Try to use ""yell"" in a sentence.",“yell”常见于学术阅读中。||请尝试用“yell”造句。,cet6-core source:ecdict family:yelled family:yelling family:yells
yield,ji:ld,n.,"n. 生产量, 投资收益\nvt. 出产, 给予, 让出, 放弃, 使屈服\nvi. 出产, 屈服, 投降, 倒塌","The word ""yield"" appears in many academic texts.||Try to use ""yield"" in a sentence.",“yield”常见于学术阅读中。||请尝试用“yield”造句。,cet6-core source:ecdict family:yields family:yielded family:yielding
yoke,jәuk,n.,"n. 轭, 牛轭, 束缚\nvt. 给...上轭, 连接, 结合, 使匹配\nvi. 结合, 匹配\n[计] 磁轭; 磁头组; 偏转线圈","The word ""yoke"" appears in many academic texts.||Try to use ""yoke"" in a sentence.",“yoke”常见于学术阅读中。||请尝试用“yoke”造句。,cet6-core source:ecdict family:yoked family:yokes family:yoking
zinc,ziŋk,n.,n. 锌\nvt. 镀锌于,"The word ""zinc"" appears in many academic texts.||Try to use ""zinc"" in a sentence.",“zinc”常见于学术阅读中。||请尝试用“zinc”造句。,cet6-core source:ecdict family:zincs family:zincing family:zinced
