spelling,phonetic,part_of_speech,definition_cn,example_en,example_cn,tags,frequency_rank
abandon,ә'bændәn,vt.,"vt. 放弃, 抛弃, 遗弃, 使屈从, 沉溺, 放纵\nn. 放任, 无拘束, 狂热",,,cet6-all source:ecdict cet4 cet6 cet6-core family:abandoned family:abandoning family:abandons,2182
abbreviation,ә.bri:vi'eiʃәn,n.,"n. 缩写词, 缩写, 缩短, 节略",,,cet6-all source:ecdict cet6 family:abbreviations,20008
abide,ә'baid,vi.,"vi. 停留, 遵守, 居留, 继续下去\nvt. 忍受, 经受, 屈从于",,,cet6-all source:ecdict cet6 family:abiding family:abides family:abided,8457
abnormal,æb'nɒ:mәl,adj.,"a. 反常的, 不规则的, 变态的, 畸形的\nn. 畸形的人",,,cet6-all source:ecdict cet4 cet6 cet6-core family:abnormals,8241
abolish,ә'bɒliʃ,vt.,"vt. 废止, 革除, 消灭\n[经] 废除, 取消, 裁撤",,,cet6-all source:ecdict cet6 cet6-core family:abolished family:abolishing family:abolishes,7490
abrupt,ә'brʌpt,adj.,"a. 突然的, 唐突的, 陡峭的, 不连贯的",,,cet6-all source:ecdict cet6 cet6-core,8703
absence,'æbsәns,n.,"n. 缺席, 缺乏, 没有\n[医] 失神",,,cet6-all source:ecdict cet4 cet6 cet6-core family:absences,2524
absent,'æbsәnt,adj.,"a. 缺席的, 不在的, 缺乏的, 漫不经心的\nvt. 使缺席",,,cet6-all source:ecdict cet4 cet6 family:absented family:absenting family:absents,5516
absolute,'æbsәlu:t,adj.,"a. 绝对的, 专制的, 完全的, 独立的\nn. 绝对事物",,,cet6-all source:ecdict cet4 cet6 family:absolutes,3165
absorb,әb'sɒ:b,vt.,"vt. 吸收, 使全神贯注, 同化, 买进, 理解, 承受, 忍受, 承担\n[医] 吸收",,,cet6-all source:ecdict cet4 cet6 cet6-core family:absorbed family:absorbs family:absorbing,3120
absorption,әb'sɒ:pʃәn,n.,"n. 吸收, 专心, 全神贯注\n[化] 吸收; 吸收作用",,,cet6-all source:ecdict cet6 family:absorptions,8596
abstract,'æbstrækt,adj.,"a. 抽象的, 深奥的\nn. 摘要, 抽象概念\nvt. 摘要, 提炼, 使抽象化\n[计] 摘录; 摘要; 抽象",,,cet6-all source:ecdict cet4 cet6 cet6-core family:abstracts family:abstracted family:abstracting,4007
absurd,әb'sә:d,adj.,"a. 荒谬的, 不合理的, 可笑的\nn. 荒诞",,,cet6-all source:ecdict cet6 cet6-core family:absurds,5901
abundance,ә'bʌndәns,n.,"n. 丰富, 充足, 大量\n[经] 丰富, 充裕",,,cet6-all source:ecdict cet6 cet6-core family:abundances,5425
abuse,ә'bju:s.ә'bju:z,n.,"n. 滥用, 虐待, 恶习, 辱骂\nvt. 滥用, 辱骂, 虐待",,,cet6-all source:ecdict cet4 cet6 cet6-core family:abused family:abuses family:abusing,1540
academic,.ækә'demik,adj.,"a. 学院的, 学术的, 不切实际的\nn. 大学生, 大学教师, 学者, 学会会员",,,cet6-all source:ecdict cet4 cet6 cet6-core family:academics,1465
academy,ә'kædәmi,n.,"n. 学院, 院校, 学会",,,cet6-all source:ecdict cet4 cet6 family:academies,4895
accelerate,әk'selәreit,v.,"v. 加速, 促进",,,cet6-all source:ecdict cet4 cet6 cet6-core family:accelerated family:accelerating family:accelerates,4925
acceptance,әk'septәns,n.,"n. 接受, 接纳, 承认, 同意, 赞同, 容忍, 相信\n[经] 承兑, 认付, (工程)验收",,,cet6-all source:ecdict cet4 cet6 cet6-core family:acceptances,3443
access,'ækses,n.,"n. 通路, 入口, 接近, 进入, 使用权, 发作\nvt. 访问, 存取, 接近, 使用\n[计] 访问, 存取",,,cet6-all source:ecdict cet4 cet6 cet6-core family:accessed family:accessing family:accesses,1113
accessary,әk'sesәri,adj.,"a. 附属的, 附带的, 从犯的\nn. 附件, 同谋, 从犯",,,cet6-all source:ecdict cet6,
accessible,әk'sesәbl,adj.,"a. 易接近的, 可进入的, 可使用的, 易受影响的, 可理解的",,,cet6-all source:ecdict cet6,4377
accessory,әk'sesәri,n.,"n. 附件, 零件, 附加物, 从犯, 同谋\na. 附属的, 补充的, 同谋的, 帮凶的, 非主要的, 副的\n[计] 附件",,,cet6-all source:ecdict cet4 cet6 cet6-core family:accessories,6429
accidental,.æksi'dentl,adj.,"a. 意外的, 偶然的, 非主要的, 附属的\nn. 临时记号, 次要方面",,,cet6-all source:ecdict cet4 cet6 family:accidentals,7485
accommodate,ә'kɒmәdeit,vt.,"vt. 使适应, 调和, 通融, 容纳, 向...提供\nvi. 适应",,,cet6-all source:ecdict cet4 cet6 cet6-core family:accommodated family:accommodating family:accommodates,3717
accommodation,ә.kɒmә'deiʃәn,n.,"n. 膳宿, 预订铺位, 适应性调节, 调和, 贷款\n[医] 调节(眼); 适应",,,cet6-all source:ecdict cet4 cet6 cet6-core family:accommodations,5369
accompany,ә'kʌmpәni,vt.,"vt. 陪伴, 伴随, 补充, 为...伴奏\nvi. 伴奏, 伴唱",,,cet6-all source:ecdict cet4 cet6 family:accompanied family:accompanying family:accompanies,2438
accomplishment,ә'kʌmpliʃmәnt,n.,"n. 成就, 完成",,,cet6-all source:ecdict cet6 family:accomplishments,4308
accord,ә'kɒ:d,n.,"n. 一致, 调和, 协定\nvt. 给与, 使一致\nvi. 相符合",,,cet6-all source:ecdict cet4 cet6 cet6-core family:according family:accorded family:accords,6075
accordance,ә'kɒ:dәns,n.,"n. 一致, 和谐",,,cet6-all source:ecdict cet4 cet6 cet6-core,8086
accordingly,ә'kɒ:diŋli,adv.,"adv. 相应地, 因此, 于是",,,cet6-all source:ecdict cet4 cet6,5589
accumulate,ә'kju:mjuleit,v.,"v. 积聚, 堆积",,,cet6-all source:ecdict cet4 cet6 cet6-core family:accumulated family:accumulating family:accumulates,5083
accuracy,'ækjurәsi,n.,"n. 精确, 正确\n[计] 准确度",,,cet6-all source:ecdict cet4 cet6 family:accuracies,4076
accurate,'ækjurәt,adj.,"a. 正确的, 精确的\n[经] 准确的, 精确的",,,cet6-all source:ecdict cet4 cet6 cet6-core,2728
accuse,ә'kju:z,vt.,"vt. 指责, 控告, 归咎于\nvi. 指责, 控告",,,cet6-all source:ecdict cet4 cet6 cet6-core family:accused family:accusing family:accuses,2024
accustom,ә'kʌstәm,vt.,vt. 使习惯于,,,cet6-all source:ecdict cet4 cet6 family:accustomed family:accustoms family:accustoming,7584
accustomed,ә'kʌstәmd,adj.,"a. 惯常的, 习惯了的",,,cet6-all source:ecdict cet4 cet6 cet6-core family:accustomed family:dp,8524
achieve,ә'tʃi:v,vt.,"vt. 完成, 达到\nvi. 如愿以偿",,,cet6-all source:ecdict cet4 cet6 family:achieved family:achieving family:achieves,1152
achievement,ә'tʃi:vmәnt,n.,"n. 完成, 成就, 功业",,,cet6-all source:ecdict cet4 cet6 cet6-core family:achievements,2021
acid,'æsid,n.,"n. 酸, 酸类物质, 尖刻, 迷幻药\na. 酸的, 酸性的, 尖刻的, 敏锐的\n[计] 自动文档互参与索引生成程序",,,cet6-all source:ecdict cet4 cet6 cet6-core family:acids,3238
acknowledge,әk'nɒlidʒ,vt.,"vt. 承认, 告知收悉, 答谢, 报偿\n[经] 承认, 答谢, 收到的通知",,,cet6-all source:ecdict cet4 cet6 cet6-core family:acknowledged family:acknowledges family:acknowledging,1654
acquaint,ә'kweint,vt.,"vt. 使认识, 介绍",,,cet6-all source:ecdict cet6 cet6-core family:acquainted family:acquainting family:acquaints,9630
acquaintance,ә'kweintәns,n.,"n. 认识, 相识者",,,cet6-all source:ecdict cet4 cet6 cet6-core family:acquaintances,6274
acquire,ә'kwaiә,vt.,"vt. 获得, 学到\n[电] 目标锁定",,,cet6-all source:ecdict cet4 cet6 cet6-core family:acquired family:acquiring family:acquires,2063
acquisition,.ækwi'ziʃәn,n.,"n. 获得, 获得物\n[经] 收购, 招揽, 取得",,,cet6-all source:ecdict cet4 cet6 family:acquisitions,3856
acquisitive,ә'kwizitiv,adj.,"a. 渴望获得的, 贪婪的\n[法] 取得的, 获得的, 贪得无厌的",,,cet6-all source:ecdict cet6,28517
action,'ækʃәn,n.,"n. 行动, 活动, 动作, 作用, 战斗, 行为, 诉讼\nvt. 对...起诉\n[计] 方式",,,cet6-all source:ecdict cet4 cet6 family:actions family:actioning family:actioned,502
actually,'æktʃuәli,adv.,"adv. 事实上, 竟然, 如今, 现在",,,cet6-all source:ecdict cet4 cet6,396
acute,ә'kju:t,adj.,"a. 尖锐的, 敏锐的, 激烈的, 严重的, 急性的\n[医] 急性的; 尖锐的",,,cet6-all source:ecdict cet4 cet6 cet6-core family:acutes family:acutest,5255
adapt,ә'dæpt,vt.,"vt. 使适应, 改编\nvi. 适应",,,cet6-all source:ecdict cet4 cet6 cet6-core family:adapted family:adapting family:adapts,2933
addict,ә'dikt,vt.,"vt. 使沉溺, 使上瘾\nn. 入迷的人, 上瘾者",,,cet6-all source:ecdict cet6 cet6-core family:addicted family:addicts family:addicting,6091
addition,ә'diʃәn,n.,"n. 加法, 增加的人(或物)\n[计] 加法",,,cet6-all source:ecdict cet4 cet6 cet6-core family:additions,2048
additional,ә'diʃәnәl,adj.,"a. 附加的, 另外的, 额外的\n[机] 加添的, 附加的",,,cet6-all source:ecdict cet4 cet6 cet6-core,1319
address,ә'dres,n.,"n. 住址, 演说, 举止, 灵巧, 求爱\nvt. 发表(演说或讲话), 对付, 写地址\n[计] 地址, 寻址",,,cet6-all source:ecdict cet4 cet6 family:addressed family:addressing family:addresses,1028
adequate,'ædikwәt,adj.,"a. 适当的, 足够的\n[法] 胜任的, 适当的, 充分的",,,cet6-all source:ecdict cet4 cet6 cet6-core,3297
adhere,әd'hiә,vi.,"vi. 依附, 粘着, 坚持, 追随, 拥护\nvt. 使粘附",,,cet6-all source:ecdict cet4 cet6 cet6-core family:adhered family:adhering family:adheres,6516
adjacent,ә'dʒeisәnt,adj.,"a. 毗连的, 邻近的, 连接的\n[机] 相邻的, 邻位的, 交界的",,,cet6-all source:ecdict cet6 cet6-core,6649
adjoin,ә'dʒɒin,v.,"v. 邻接, 毗连",,,cet6-all source:ecdict cet6 cet6-core family:adjoining family:adjoins family:adjoined,17562
adjust,ә'dʒʌst,vt.,"vt. 调整, 使适应于, 校准\nvi. 适应于, 被调节, 相互熟悉而适应",,,cet6-all source:ecdict cet4 cet6 cet6-core family:adjusted family:adjusting family:adjusts,2300
adjustable,ә'dʒʌstәbl,adj.,a. 可调节的\n[电] 可调整的,,,cet6-all source:ecdict cet6 family:adjustables,10047
administration,әd.mini'streiʃәn,n.,"n. 行政, 管理, 政府机关\n[化] 给药",,,cet6-all source:ecdict cet4 cet6 cet6-core family:administrations,635
admiration,.ædmә'reiʃәn,n.,"n. 赞赏, 钦佩, 引人赞赏的对象",,,cet6-all source:ecdict cet6 family:admirations,6964
admission,әd'miʃәn,n.,"n. 准许进入, 入场费, 录用, 承认\n[经] 加入, 入股",,,cet6-all source:ecdict cet4 cet6 family:admissions,3031
adolescent,.ædәu'lesәnt,adj.,"a. 青春期的, 青少年的\nn. 青少年",,,cet6-all source:ecdict cet6 cet6-core family:adolescents,3386
adopt,ә'dɒpt,vt.,"vt. 采用, 正式通过, 收养, 接受\n[医] 采取",,,cet6-all source:ecdict cet4 cet6 cet6-core family:adopted family:adopting family:adopts,1632
adoption,ә'dɒpʃәn,n.,"n. 采用, 采纳, 收养\n[法] 收养, 采纳, 采用",,,cet6-all source:ecdict cet6 family:adoptions,3674
adore,ә'dɒ:,vt.,"vt. 崇拜, 爱慕, 喜爱\nvi. 崇拜, 爱慕",,,cet6-all source:ecdict cet6 cet6-core family:adored family:adores family:adoring,7705
advance,әd'vɑ:ns,n.,"n. 前进, 进展, 行过的路程\nvi. 前进, 进展, 提高, 上涨\nvt. 使前进, 促进, 提出, 提高, 使提前, 预付\na. 前面的, 预先的",,,cet6-all source:ecdict cet4 cet6 family:advances family:advanced family:advancing,2296
advantageous,.ædvәn'teidʒәs,adj.,"a. 有利的, 有益的",,,cet6-all source:ecdict cet6,14081
adverse,'ædvә:s,adj.,"a. 不利的, 敌对的, 相反的, 逆的\n[法] 相反的, 敌对的, 逆的",,,cet6-all source:ecdict cet6 cet6-core,6307
advertise,'ædvәtaiz,vt.,"vt. 做广告, 通知, 公布\nvi. 做广告",,,cet6-all source:ecdict cet4 cet6 family:advertised family:advertising family:advertises,5124
advice,әd'vais,n.,"n. 忠告, 劝告, 意见, 报道, 通知\n[经] 通知书, 通知, 建议",,,cet6-all source:ecdict cet4 cet6,1641
advisable,әd'vaizәbl,adj.,"a. 适当的, 明智的",,,cet6-all source:ecdict cet4 cet6,18573
advise,әd'vaiz,vt.,"vt. 劝告, 给...出主意, 通知, 建议\nvi. 提意见, 商量",,,cet6-all source:ecdict cet4 cet6 family:advised family:advising family:advises,2552
advocate,'ædvәkeit,n.,"n. 提倡者, 拥护者\nvt. 主张, 提倡",,,cet6-all source:ecdict cet4 cet6 cet6-core family:advocated family:advocates family:advocating,2623
aerial,'єәriәl,adj.,"a. 空中的, 航空的, 空气的, 空想的\nn. 天线",,,cet6-all source:ecdict cet6 cet6-core family:aerials,7339
aeroplane,'єәrәplein,n.,n. 飞机\n[机] 飞机,,,cet6-all source:ecdict cet4 cet6 family:aeroplanes,30278
aerospace,'єәrәuspeis,n.,"n. 航天空间, 航天技术",,,cet6-all source:ecdict cet6,8798
aesthetic,i:s'θetik,adj.,"a. 美学的, 审美的, 有美感的",,,cet6-all source:ecdict cet6 cet6-core,4296
affair,ә'fєә,n.,"n. 事件, 事务, 恋爱事件",,,cet6-all source:ecdict cet4 cet6 family:affairs,1364
affect,ә'fekt,vt.,"vt. 影响, 感动, 假装, 模仿, 爱好, 倾向于\nn. 自觉感情",,,cet6-all source:ecdict cet4 cet6 family:affected family:affecting family:affects,963
affection,ә'fekʃәn,n.,"n. 影响, 病, 喜爱, 情感, 倾向\n[医] 疾患, 病变, 病; 感情",,,cet6-all source:ecdict cet4 cet6 cet6-core family:affections,5137
affective,ә'fektiv,adj.,"a. 情感的, 表达感情的\n[医] 感情的, 情感的",,,cet6-all source:ecdict cet6,8614
affiliate,ә'filieit,vt.,"vt. 使紧密联系, 使附属, 接纳, 收养\nvi. 发生联系, 参加",,,cet6-all source:ecdict cet6 cet6-core family:affiliated family:affiliates family:affiliating,6929
affirm,ә'fә:m,v.,"v. 断言, 确认",,,cet6-all source:ecdict cet6 cet6-core family:affirmed family:affirming family:affirms,5714
afflict,ә'flikt,vt.,"vt. 使苦恼, 折磨",,,cet6-all source:ecdict cet6 cet6-core family:afflicted family:afflicts family:afflicting,9633
affluence,'æfluәns,n.,"n. 富裕, 丰富, 流注\n[医] 丰富, 流入",,,cet6-all source:ecdict cet6,14739
afford,ә'fɒ:d,vt.,"vt. 买得起, 足以, 给予",,,cet6-all source:ecdict cet4 cet6 family:afforded family:affords family:affording,1846
afterward,'ɑ:ftәwәd,adv.,"adv. 然后, 后来",,,cet6-all source:ecdict cet4 cet6,4195
aggravate,'ægrәveit,vt.,"vt. 使恶化, 使更严重, 加重",,,cet6-all source:ecdict cet6 family:aggravated family:aggravating family:aggravates,9820
aggression,ә'greʃәn,n.,"n. 侵犯, 侵略\n[医] 攻击",,,cet6-all source:ecdict cet6 family:aggressions,4521
aggressive,ә'gresiv,adj.,"a. 侵略的, 挑畔的, 进取的\n[法] 侵略的, 爱挑衅的, 行为过火的",,,cet6-all source:ecdict cet4 cet6 cet6-core,2514
agitation,.ædʒi'teiʃәn,n.,"n. 激动, 焦虑, 煽动, 搅动, 摇动\n[化] 搅拌; 搅拌作用",,,cet6-all source:ecdict cet6 family:agitations,12905
agony,'ægәni,n.,"n. 极大的痛苦, 挣扎\n[医] 濒死苦闷; 剧痛",,,cet6-all source:ecdict cet4 cet6 cet6-core family:agonies,7577
agreeable,ә'griәbl,adj.,"a. 令人愉快的, 同意的\n[医] 佳适的",,,cet6-all source:ecdict cet6 cet6-core,13667
agriculture,'ægrikʌltʃә,n.,"n. 农业\n[机] 农业, 农学",,,cet6-all source:ecdict cet4 cet6,4165
aid,eid,n.,"n. 帮助, 外援, 助手\nvt. 援助, 帮助, 有助于\nvi. 帮助\n[计] 自动内部诊断",,,cet6-all source:ecdict cet4 cet6 cet6-core family:aids family:aided family:aiding,1640
aim,eim,n.,"n. 目标, 瞄准, 击中目标的能力\nvi. 对准目标, 致力, 打算\nvt. 瞄准\n[计] 医学文摘索引, 存取隔离机构, 高级信息管理程序, 先进接口模块\n应用接口模块, 医学人工智能, 相联索引法, 异步接口模块\n自动化信息管理, 自动化综合制造, 自动化库存管理",,,cet6-all source:ecdict cet4 cet6 family:aims family:aimed family:aiming,1931
alas,ә'læs,interj.,interj. 唉,,,cet6-all source:ecdict cet6,8520
album,'ælbәm,n.,"n. 粘贴簿, 唱片套\n[医] 白色物",,,cet6-all source:ecdict cet6 cet6-core family:albums,2215
alert,ә'lә:t,adj.,"a. 警觉的, 灵敏的, 留心的\nn. 警报\nvt. 使警觉, 通知, 使意识到",,,cet6-all source:ecdict cet4 cet6 cet6-core family:alerted family:alerting family:alerts,5318
algebra,'ældʒibrә,n.,n. 代数学,,,cet6-all source:ecdict cet4 cet6 family:algebras,12790
alien,'eiljәn,n.,"n. 外国人, 外侨\na. 外国的, 相异的",,,cet6-all source:ecdict cet6 cet6-core family:aliens family:aliening family:aliened,3977
alignment,ә'lainmәnt,n.,"n. 队列, 结盟, 校正\n[计] 校准; 对齐; 对准",,,cet6-all source:ecdict cet6 family:alignments,7898
alike,ә'laik,adj.,"a. 相似的, 同样的\nadv. 一样, 以同样的方式",,,cet6-all source:ecdict cet4 cet6,4389
alive,ә'laiv,adj.,"a. 活着的, 活泼的, 敏感的, 热闹的",,,cet6-all source:ecdict cet4 cet6,1532
allegation,.æli'geiʃәn,n.,"n. 断言, 主张, 申辩\n[法] 声明, 事实陈述, 断言",,,cet6-all source:ecdict cet6 family:allegations,3516
allege,ә'ledʒ,vt.,"vt. 宣称, 主张, 提出, 断言\n[法] 断言, 指称, 指证",,,cet6-all source:ecdict cet6 cet6-core family:alleged family:alleging family:alleges,5319
allegiance,ә'li:dʒәns,n.,"n. 忠贞, 效忠",,,cet6-all source:ecdict cet6 family:allegiances,7232
alleviate,ә'li:vieit,vt.,"vt. 减轻, 使缓和",,,cet6-all source:ecdict cet6 cet6-core family:alleviated family:alleviating family:alleviates,7531
alliance,ә'laiәns,n.,"n. 联盟, 联合\n[法] 同盟, 联盟, 联姻",,,cet6-all source:ecdict cet6 cet6-core family:alliances,3376
allied,ә'laid,adj.,"a. 联盟的, 联姻的, 联系起来的",,,cet6-all source:ecdict cet6 family:ally family:dp family:allied,5905
allocate,'ælәukeit,vt.,"vt. 分派, 分配\n[计] 分配",,,cet6-all source:ecdict cet6 cet6-core family:allocated family:allocating family:allocates,6763
allowance,ә'lauәns,n.,"n. 津贴, 零用钱, 限额, 折扣, 允许\nvt. 定量供应",,,cet6-all source:ecdict cet6 family:allowances family:allowancing family:allowanced,7677
alloy,'ælɒi. ә'lɒi,n.,"n. 合金\nvt. 将...铸成合金, 减低成色\nvi. 合铸",,,cet6-all source:ecdict cet4 cet6 cet6-core family:alloys family:alloying family:alloyed,11808
ally,'ælai. ә'lai,n.,"n. 同盟者, 同盟国, 助手\nvt. 使联盟, 使联合, 使有关系\nvi. 结盟",,,cet6-all source:ecdict cet6 family:allies family:allied family:allying,2408
alongside,ә'lɒŋ'said,adv.,"adv. 在旁边, 靠拢着\nprep. 在...旁边, 与...在一起",,,cet6-all source:ecdict cet6,4203
alphabet,'ælfәbit,n.,n. 字母\n[计] 字母表,,,cet6-all source:ecdict cet4 cet6 family:alphabets,9190
alter,'ɒ:ltә,v.,v. 改变,,,cet6-all source:ecdict cet4 cet6 cet6-core family:altered family:altering family:alters,2889
alteration,.ɒ:ltә'reiʃәn,n.,"n. 变更, 改动\n[医] 变更",,,cet6-all source:ecdict cet6 family:alterations,9007
alternate,'ɒ:ltәnәt,adj.,"a. 交替的, 轮流的, 间隔的\nv. 轮流, (使)交替",,,cet6-all source:ecdict cet6 cet6-core family:alternating family:alternated family:alternates,7396
alternative,ɒ:l'tә:nәtiv,n.,"n. 两者择一, 供替代的选择\na. 两者择一的, 供选择的\n[计] 选择对象",,,cet6-all source:ecdict cet4 cet6 cet6-core family:alternatives,2073
altitude,'æltitju:d,n.,"n. 高度, 海拔, 高处\n[电] 高度",,,cet6-all source:ecdict cet4 cet6 family:altitudes,6370
aluminium,.ælju'miniәm,n.,n. 铝\na. 铝的,,,cet6-all source:ecdict cet4 cet6,32731
amateur,'æmәtә,n.,"n. 业余爱好者, 外行, 爱好者\n[电] 业余家",,,cet6-all source:ecdict cet6 family:amateurs,5795
amaze,ә'meiz,vt.,vt. 使吃惊,,,cet6-all source:ecdict cet4 cet6 family:amazed family:amazes family:amazing,8607
ambassador,æm'bæsәdә,n.,"n. 大使\n[法] 大使, 使节, 代理",,,cet6-all source:ecdict cet6 family:ambassadors,4520
ambient,'æmbiәnt,adj.,a. 周围的\nn. 周围环境,,,cet6-all source:ecdict cet6,12340
ambiguity,.æmbi'gju:iti,n.,"n. 不明确, 含糊\n[计] 二义性; 多义性",,,cet6-all source:ecdict cet6 family:ambiguities,7034
ambiguous,æm'bigjuәs,adj.,"a. 不明确的, 模棱两可的\n[法] 意思含糊的, 模棱两可的, 暧昧的",,,cet6-all source:ecdict cet6 cet6-core,7071
ambition,æm'biʃәn,n.,"n. 野心, 志向",,,cet6-all source:ecdict cet4 cet6 cet6-core family:ambitions,4283
ambitious,æm'biʃәs,adj.,"a. 有野心的, 抱负不凡的, 雄心勃勃的",,,cet6-all source:ecdict cet6 cet6-core,4287
amends,ә'mendz,n.,n. 赔偿\n[经] 赔偿,,,cet6-all source:ecdict cet6 family:amend family:amends,16606
amid,ә'mid,prep.,"prep. 在其间, 在其中\n[经] 在...中",,,cet6-all source:ecdict cet6,3825
ampere,'æmpєә,n.,n. 安培\n[化] 安培,,,cet6-all source:ecdict cet4 cet6 family:amperes,37826
ample,'æmpl,adj.,"a. 大量的, 充足的, 丰富的",,,cet6-all source:ecdict cet6 family:ampler,6289
amplify,'æmplifai,vt.,"vt. 增强, 放大, 扩大, 详述\nvi. 引伸",,,cet6-all source:ecdict cet4 cet6 cet6-core family:amplified family:amplifying family:amplifies,9595
amplitude,'æmplitju:d,n.,"n. 广阔, 充足, 幅度\n[化] 振幅",,,cet6-all source:ecdict cet6 family:amplitudes,14205
amuse,ә'mju:z,vt.,"vt. 消遣, 娱乐, 使发笑",,,cet6-all source:ecdict cet4 cet6 family:amused family:amusing family:amuses,9683
amusement,ә'mju:zmәnt,n.,"n. 兴味, 娱乐, 消遣\n[法] 娱乐, 娱乐活动",,,cet6-all source:ecdict cet6 family:amusements,6732
analogous,ә'nælәgәs,adj.,"a. 类似的, 相似的\n[医] 类似的, 类同的",,,cet6-all source:ecdict cet6,10202
analogue,'ænәlɒg,n.,"n. 类似物, 相似情况\n[医] 类似物, 同型物, 相似器官, 同功异质体",,,cet6-all source:ecdict cet6 family:analogues,19447
analogy,ә'nælәdʒi,n.,"n. 相似, 类似\n[计] 模拟",,,cet6-all source:ecdict cet6 cet6-core family:analogies,5913
analyse,'ænәlaiz,vt.,"vt. 分析, 细察, 分解\n[经] 分析",,,cet6-all source:ecdict cet4 cet6 cet6-core family:analysed family:analysing family:analyses,12788
analysis,ә'nælәsis,n.,n. 分析\n[计] 分析机; 分析员; 分析; 分析程序,,,cet6-all source:ecdict cet4 cet6 cet6-core family:analyses,811
analyst,'ænәlist,n.,"n. 分析者, 精神分析学家\n[化] 分析员; 化验员",,,cet6-all source:ecdict cet6 family:analysts,1672
analytic,.ænә'litik,adj.,"a. 分析的, 善于分析的, 解析的\n[医] 分析的",,,cet6-all source:ecdict cet6 family:analytics,12062
analytical,.ænә'litikl,adj.,"a. 分析的, 善于分析的, 解析的\n[机] 分析的",,,cet6-all source:ecdict cet6,7338
ancestor,'ænsestә,n.,"n. 祖先, 祖宗",,,cet6-all source:ecdict cet4 cet6 cet6-core family:ancestors,4137
anchor,'æŋkә,n.,"n. 锚\nvt. 抛锚停泊, 使固定\n[计] 锚",,,cet6-all source:ecdict cet4 cet6 family:anchors family:anchoring family:anchored,4961
ancient,'einʃәnt,adj.,"a. 古代的, 古老的, 年老的, 旧的",,,cet6-all source:ecdict cet4 cet6 cet6-core family:ancients,1817
ankle,'æŋkl,n.,"n. 踝\n[医] 踝, 踝关节",,,cet6-all source:ecdict cet4 cet6 family:ankles,3814
anniversary,æni'vә:sәri,n.,n. 周年纪念,,,cet6-all source:ecdict cet6 family:anniversaries,3374
announce,ә'nauns,vt.,"vt. 宣布, 声称, 显示, 预告\nvi. 当报幕员, 宣布参加竞选",,,cet6-all source:ecdict cet4 cet6 family:announced family:announcing family:announces,1163
annually,'ænjuәli,adv.,"adv. 一年一次, 每年\n[经] 年度的, 每年的",,,cet6-all source:ecdict cet6,4025
anode,'ænәud,n.,n. 阳极\n[化] 阳极; 正极,,,cet6-all source:ecdict cet6 family:anodes,32962
anonymous,ә'nɒnimәs,adj.,"a. 姓氏不详的, 无名的, 无特色的\n[计] 无记录",,,cet6-all source:ecdict cet6 cet6-core,4318
antarctic,ænt'ɑ:ktik,adj.,"a. 南极的, 南极地带的\nn. 南极地区",,,cet6-all source:ecdict cet6,12325
antenna,æn'tenә,n.,"n. 天线, 触须, 触角\n[化] 天线",,,cet6-all source:ecdict cet6 family:antennas,7121
anticipate,æn'tisipeit,vt.,"vt. 预期, 占先, 加速, 提前使用\n[医] 提前出现, 先期发生",,,cet6-all source:ecdict cet4 cet6 cet6-core family:anticipated family:anticipating family:anticipates,3187
antique,æn'ti:k,n.,"n. 古董, 古物\na. 古老的, 古风的, 旧式的, 过时的",,,cet6-all source:ecdict cet6 family:antiques family:antiqued family:antiquing,5748
antisocial,.ænti'sәuʃәl,adj.,"不爱社交的, 反社会的, 有害于公众利益的\n[医] 不喜社交的",,,cet6-all source:ecdict cet6,11089
anxiety,æŋ'zaiәti,n.,"n. 焦虑, 忧虑, 令人焦虑的事\n[医] 焦虑",,,cet6-all source:ecdict cet4 cet6 cet6-core family:anxieties,2467
anxious,'æŋʃәs,adj.,"a. 忧虑的, 发愁的, 渴望的",,,cet6-all source:ecdict cet4 cet6,3827
apparatus,.æpә'reitәs,n.,"n. 装置, 器具, 器官\n[化] 仪器; 器械",,,cet6-all source:ecdict cet4 cet6 cet6-core,6978
apparent,ә'pærәnt,adj.,"a. 清晰可见的, 显然的, 表面上的\n[电] 外在的",,,cet6-all source:ecdict cet4 cet6,2502
appeal,ә'pi:l,n.,"n. 恳求, 诉请, 上诉, 吸引力\nvi. 呼吁, 诉请, 要求, 上诉, 有吸引力\nvt. 将...上诉",,,cet6-all source:ecdict cet4 cet6 cet6-core family:appeals family:appealed family:appealing,1852
appealing,ә'pi:liŋ,adj.,"a. 有感染力的, 动人的, 恳求的",,,cet6-all source:ecdict cet6 family:appeal family:i family:appealing,7033
appendix,ә'pendiks,n.,"n. 附录, 附加物, 阑尾\n[化] 增补",,,cet6-all source:ecdict cet6 cet6-core family:appendices,12249
appetite,'æpitait,n.,"n. 食欲, 欲望, 爱好\n[医] 食欲",,,cet6-all source:ecdict cet4 cet6 family:appetites,5205
applaud,ә'plɒ:d,v.,"v. 拍手喝彩, 称赞, 赞同",,,cet6-all source:ecdict cet6 cet6-core family:applauded family:applauding family:applauds,5722
applause,ә'plɒ:z,n.,"n. 鼓掌, 喝彩, 赞许",,,cet6-all source:ecdict cet4 cet6,5599
appliance,ә'plaiәns,n.,"n. 器械, 用具, 应用\n[医] 矫正器; 器",,,cet6-all source:ecdict cet4 cet6 cet6-core family:appliances,6043
applicable,'æplikәbl,adj.,"a. 合适的, 可应用的\n[法] 适用的, 适应的",,,cet6-all source:ecdict cet4 cet6,7582
application,.æpli'keiʃәn,n.,"n. 应用, 申请, 志愿书, 应用程序\n[计] 应用, 应用程序",,,cet6-all source:ecdict cet4 cet6 cet6-core family:applications,1519
apply,ә'plai,vt.,"vt. 涂, 应用\nvi. 申请, 适用",,,cet6-all source:ecdict cet4 cet6 cet6-core family:applied family:applies family:applying,938
appoint,ә'pɒint,vt.,"vt. 任命, 指定, 下令\n[法] 派, 派任, 任命",,,cet6-all source:ecdict cet4 cet6 family:appointed family:appointing family:appoints,3172
appointment,ә'pɒintmәnt,n.,"n. 约会, 委任的职位, 委派\n[经] 任命, 派, 指定",,,cet6-all source:ecdict cet4 cet6 family:appointments,3021
appraisal,ә'preizәl,n.,"n. 评价, 估价\n[经] 评价, 评估",,,cet6-all source:ecdict cet6 cet6-core family:appraisals,7757
appraise,ә'preiz,vt.,"vt. 评价, 估价\n[经] 评价, 鉴定",,,cet6-all source:ecdict cet6 family:appraising family:appraised family:appraises,13123
appreciable,ә'pri:ʃiәbl,adj.,"a. 可感知的, 可评估的",,,cet6-all source:ecdict cet6,20337
appreciate,ә'pri:ʃieit,vt.,"vt. 赏识, 鉴别, 为...而感激, 领会, 欣赏\nvi. 增值, 涨价",,,cet6-all source:ecdict cet4 cet6 family:appreciated family:appreciating family:appreciates,1738
appreciation,ә.pri:ʃi'eiʃәn,n.,"n. 感激, 赏识, 鉴别\n[经] 涨价, 增值",,,cet6-all source:ecdict cet6 family:appreciations,4322
approach,ә'prәutʃ,n.,"n. 接近, 入门\nvt. 接近, 近似, 找...商量\nvi. 靠近",,,cet6-all source:ecdict cet4 cet6 cet6-core family:approaches family:approached family:approaching,750
appropriate,ә'prәupriәt,adj.,"a. 适当的\n[经] 适当的, 拨出, 占用",,,cet6-all source:ecdict cet4 cet6 cet6-core family:appropriated family:appropriates family:appropriating,1493
approval,ә'pru:vl,n.,"n. 赞成, 批准\n[化] 核准",,,cet6-all source:ecdict cet4 cet6 family:approvals,2549
approve,ә'pru:v,vt.,"vt. 赞同, 核准, 为...提供证据\nvi. 赞许",,,cet6-all source:ecdict cet4 cet6 cet6-core family:approved family:approving family:approves,2053
approximate,ә'prɒksimәt,adj.,"a. 大约的, 接近的, 近似的\nvt. 接近, 使接近, 粗略估计\nvi. 接近于",,,cet6-all source:ecdict cet4 cet6 family:approximating family:approximates family:approximated,11835
approximately,ә'prɒksimәtli,adv.,"adv. 大约, 大致, 近于\n[经] 大约, 近似",,,cet6-all source:ecdict cet4 cet6,2365
apt,æpt,adj.,"a. 有...倾向的, 易于的, 恰当的, 聪明的\n[计] 自动数控语言, 自动图象传输, 自动程序控制, 自动程序设计工具",,,cet6-all source:ecdict cet6 cet6-core family:apts family:apter family:aptest,6999
arabian,ә'reibiәn,adj.,"a. 阿拉伯的, 阿拉伯人的",,,cet6-all source:ecdict cet4 cet6 family:arabians,11172
arbitrary,'ɑ:bitrәri,adj.,"a. 任意的, 武断的, 专治的, 霸道的",,,cet6-all source:ecdict cet4 cet6 cet6-core,7545
arc,ɑ:k,n.,"n. 弧, 弧形, 弓形, 弧光\n[化] 弧",,,cet6-all source:ecdict cet6 cet6-core family:arcs family:arcking family:arcked,5923
arch,ɑ:tʃ,n.,"n. 拱门, 拱形, 足弓\nvt. 使成弓形\nvi. 拱起, 成弓形\na. 主要的, 调皮的, 傲慢无礼的, 狡猾的",,,cet6-all source:ecdict cet6 family:arches family:arched family:arching,6326
architect,'ɑ:kitekt,n.,"n. 建筑师, 设计者, 缔造者",,,cet6-all source:ecdict cet4 cet6 family:architects,3365
architecture,'ɑ:kitektʃә,n.,"n. 建筑学, 建筑式样\n[计] 体系结构",,,cet6-all source:ecdict cet4 cet6 family:architectures,3509
arctic,'ɑ:ktik,adj.,"a. 北极的, 极寒的\nn. 北极圈, 北极",,,cet6-all source:ecdict cet6 family:arctics,6116
argue,'ɑ:gju,vi.,"vi. 提出理由, 争论, 辩论\nvt. 主张, 辩论, 证明, 说服",,,cet6-all source:ecdict cet4 cet6 cet6-core family:argued family:argues family:arguing,778
arise,ә'raiz,vi.,"vi. 站立, 出现, 起来",,,cet6-all source:ecdict cet4 cet6 family:arising family:arises family:arose family:arisen,2581
arithmetic,ә'riθmәtik,n.,"n. 算术, 算术知识\n[机] 算术; 算术的",,,cet6-all source:ecdict cet4 cet6 family:arithmetics,11378
arouse,ә'rauz,vt.,"vt. 唤醒, 鼓励, 引起\nvi. 醒来",,,cet6-all source:ecdict cet4 cet6 cet6-core family:aroused family:arousing family:arouses,7151
array,ә'rei,n.,"n. 排列, 衣服, 大批, 军队\nvt. 布署, 打扮, 排列\n[计] 数组; 阵列",,,cet6-all source:ecdict cet6 cet6-core family:arrays family:arrayed family:arraying,3554
arrest,ә'rest,n.,"n. 逮捕, 监禁\nvt. 拘捕, 抑制, 吸引, 阻止",,,cet6-all source:ecdict cet4 cet6 cet6-core family:arrested family:arrests family:arresting,2140
arrogant,'ærәɡәnt,adj.,"a. 自大的, 傲慢的",,,cet6-all source:ecdict cet6 cet6-core,7597
articulate,ɑ:'tikjulit,adj.,"a. 发音清晰的, 口才好的\nvt. 明白地说, 以关节连接, 使成为系统的整体",,,cet6-all source:ecdict cet6 cet6-core family:articulated family:articulating family:articulates,4865
artificial,.ɑ:ti'fiʃәl,adj.,"a. 人造的, 假的, 非原地产的\n[医] 人工的, 人造的, 伟牟",,,cet6-all source:ecdict cet4 cet6 cet6-core family:artificials,4003
artistic,ɑ:'tistik,adj.,"a. 艺术的, 艺术家的, 富有艺术性的",,,cet6-all source:ecdict cet4 cet6,3249
ascend,ә'send,vi.,"vi. 上升, 追溯, 登高\nvt. 攀登",,,cet6-all source:ecdict cet6 cet6-core family:ascended family:ascends family:ascending,9518
ascertain,.æsә'tein,vt.,"vt. 确定, 查明\n[法] 查明, 弄清, 确定",,,cet6-all source:ecdict cet6 cet6-core family:ascertained family:ascertaining family:ascertains,9571
ascribe,ә'skraib,vt.,"vt. 归因于, 归咎于\n[法] 归咎于",,,cet6-all source:ecdict cet4 cet6 cet6-core family:ascribed family:ascribing family:ascribes,10907
ashore,ә'ʃɒ:,adv.,"adv. 向岸, 在岸上",,,cet6-all source:ecdict cet6,9526
aspect,'æspekt,n.,"n. 外观, 方面, 面貌, 方向\n[医] 方面, 局面; 外观",,,cet6-all source:ecdict cet4 cet6 cet6-core family:aspects,1357
aspiration,.æspә'reiʃәn,n.,"n. 热望, 志向, 渴望\n[医] 吸入; 吸[引], 吸引术",,,cet6-all source:ecdict cet6 cet6-core family:aspirations,5607
ass,æs,n.,"n. 驴, 傻瓜, 笨蛋, 屁股\n[计] 模拟仿真系统",,,cet6-all source:ecdict cet6 family:asses family:assed,4201
assassinate,ә'sæsineit,vt.,"vt. 暗杀, 行刺\n[法] 暗杀, 行刺, 中伤",,,cet6-all source:ecdict cet6 family:assassinated family:assassinating family:assassinates,8844
assault,ә'sɒ:t,n.,"n. 攻击, 袭击\nvt. 袭击, 攻击\nvi. 发动攻击",,,cet6-all source:ecdict cet6 cet6-core family:assaults family:assaulted family:assaulting,2860
assemble,ә'sembl,vt.,"vt. 集合, 收集, 装配\nvi. 集合\n[计] 汇编",,,cet6-all source:ecdict cet4 cet6 cet6-core family:assembled family:assembling family:assembles,3557
assert,ә'sә:t,vt.,"vt. 主张, 坚称, 断言\n[法] 宣称, 断言, 维护",,,cet6-all source:ecdict cet6 cet6-core family:asserted family:asserting family:asserts,3147
assertive,ә'sә:tiv,adj.,"a. 武断的, 过分自信的\n[法] 断言的",,,cet6-all source:ecdict cet6,11368
assess,ә'ses,vt.,"vt. 估定, 对...征税, 评定\n[经] 估计, 估价, 确定(税款罚款等)的金额",,,cet6-all source:ecdict cet4 cet6 cet6-core family:assessed family:assessing family:assesses,2042
assessment,ә'sesmәnt,n.,"n. 评估, 估定, 评定的款额\n[化] 评估",,,cet6-all source:ecdict cet6 family:assessments,1552
asset,'æset,n.,"n. 资产, 有益的东西",,,cet6-all source:ecdict cet6 cet6-core family:assets,2094
assign,ә'sain,vt.,"vt. 分配, 指派, 赋值\n[计] 赋值",,,cet6-all source:ecdict cet4 cet6 cet6-core family:assigned family:assigning family:assigns,2611
assignment,ә'sainmәnt,n.,"n. 分配, 功课, 任务, 转让, 归因, 陈述\n[计] 赋值",,,cet6-all source:ecdict cet4 cet6 cet6-core family:assignments,3128
assimilate,ә'simileit,vt.,"vt. 使同化, 吸收, 使相拟, 把...比作\nvi. 被吸收, 被同化",,,cet6-all source:ecdict cet6 cet6-core family:assimilated family:assimilating family:assimilates,9426
assimilation,ә.simi'leiʃәn,n.,"n. 同化, 同化作用, 吸收\n[化] 同化; 同化作用",,,cet6-all source:ecdict cet6 family:assimilations,9369
assist,ә'sist,n.,"n. 帮助, 协助\nvt. 帮助, 促进\nvi. 协助, 参加",,,cet6-all source:ecdict cet4 cet6 family:assisted family:assisting family:assists,2475
assistant,ә'sistәnt,n.,"n. 助手, 助理, 助教\na. 有帮助的, 辅助的, 助理的",,,cet6-all source:ecdict cet4 cet6 family:assistants,2706
associate,ә'sәuʃieit,n.,"n. 同伴, 伙伴, 关联的事物\nvt. 使联合, 使发生联系\nvi. 交往\n[计] 关联",,,cet6-all source:ecdict cet4 cet6 cet6-core family:associated family:associates family:associating,1354
association,ә.sәuʃә'eiʃәn,n.,n. 协会\n[计] 关联,,,cet6-all source:ecdict cet4 cet6 cet6-core family:associations,1859
assume,ә'sju:m,vt.,"vt. 假定, 承担, 呈现\nvi. 装腔作势, 僭越",,,cet6-all source:ecdict cet4 cet6 cet6-core family:assumed family:assuming family:assumes,1091
assumption,ә'sʌmpʃәn,n.,"n. 假定, 自负, 担任, 假装\n[经] 假定, 承担",,,cet6-all source:ecdict cet4 cet6 cet6-core family:assumptions,2606
assurance,ә'ʃuәrәns,n.,"n. 保证, 把握, 信心, 保险\n[经] 保证, 担保, 保险",,,cet6-all source:ecdict cet6 cet6-core family:assurances,5702
assure,ә'ʃuә,vt.,"vt. 保证, 使确信, 弄清楚, 担保\n[法] 确信, 保证, 保障",,,cet6-all source:ecdict cet4 cet6 cet6-core family:assured family:assures family:assuring,2571
astonishment,ә'stɒniʃmәnt,n.,"n. 惊异, 惊愕, 使人惊异的事物",,,cet6-all source:ecdict cet6 family:astonishments,11297
astronaut,'æstrәnɒ:t,n.,"n. 太空旅行者, 宇航员\n[法] 美国太空人",,,cet6-all source:ecdict cet4 cet6 family:astronauts,5656
astronomy,ә'strɒnәmi,n.,n. 天文学,,,cet6-all source:ecdict cet6,6469
athlete,'æθli:t,n.,"n. 运动员, 运动选手\n[医] 运动员",,,cet6-all source:ecdict cet4 cet6 cet6-core family:athletes,1600
athletic,æθ'letik,adj.,a. 运动的,,,cet6-all source:ecdict cet6,2981
atmosphere,'ætmәsfiә,n.,"n. 大气, 空气, 气氛\n[医] 大气; 大气压",,,cet6-all source:ecdict cet4 cet6 cet6-core family:atmospheres,2217
atmospheric,ætmәs'ferik,adj.,a. 大气的\n[医] 大气的; 大气压的,,,cet6-all source:ecdict cet4 cet6 family:atmospherics,6847
atom,'ætәm,n.,"n. 原子, 核能, 微粒, 微量\n[计] 原子",,,cet6-all source:ecdict cet4 cet6 family:atoms,5184
attach,ә'tætʃ,vt.,"vt. 附上, 使依附, 使附属, 使喜爱, 系, 缚\nvi. 附属, 归属, 联系在一起\n[计] 挂接服务器命令, 关联, 挂接, 附加",,,cet6-all source:ecdict cet4 cet6 cet6-core family:attached family:attaching family:attaches,2320
attachment,ә'tʃætʃmәnt,n.,"n. 连接, 附属物, 连接物, 爱慕\n[计] 附加, 附件",,,cet6-all source:ecdict cet6 family:attachments,5689
attack,ә'tæk,n.,"n. 攻击, 抨击\nvt. 攻击, 抨击, 动手干\nvi. 攻击",,,cet6-all source:ecdict cet4 cet6 cet6-core family:attacks family:attacked family:attacking,791
attain,ә'tein,vt.,"vt. 达到, 获得\nvi. 达到",,,cet6-all source:ecdict cet4 cet6 cet6-core family:attained family:attaining family:attains,5323
attempt,ә'tempt,n.,"n. 尝试, 企图\nvt. 尝试, 企图",,,cet6-all source:ecdict cet4 cet6 cet6-core family:attempts family:attempting family:attempted,1227
attendance,ә'tendәns,n.,"n. 出席, 出席的人数, 照料\n[法] 管理, 照料, 资助",,,cet6-all source:ecdict cet6 family:attendances,4433
attendant,ә'tendәnt,n.,"n. 随从, 侍者, 出席者\na. 侍候的, 伴随的, 出席的, 在场的",,,cet6-all source:ecdict cet6 cet6-core family:attendants,5430
attent,ә'tent,v.,"[古]注意的, 留意的",,,cet6-all source:ecdict cet6,
attentive,ә'tentiv,adj.,"a. 注意的, 留心的",,,cet6-all source:ecdict cet4 cet6,9473
attorney,ә'tә:ni,n.,"n. 代理人, 律师\n[经] 律师, 代理人",,,cet6-all source:ecdict cet6 family:attorneys,1069
attribute,ә'tribju:t,n.,"n. 属性, 标志, 定语\nvt. 把...归于, 认为...属于\n[计] 属性",,,cet6-all source:ecdict cet4 cet6 cet6-core family:attributed family:attributes family:attributing,3346
audience,'ɒ:diәns,n.,"n. 听众, 观众, 读者\n[法] 听讼, 观众, 听众",,,cet6-all source:ecdict cet4 cet6 cet6-core family:audiences,1074
augment,ɒ:g'ment,v.,"v. 增加, 增长\n[计] 增加; 增量; 添加",,,cet6-all source:ecdict cet6 family:augmented family:augmenting family:augments,9113
aural,'ɒ:rәl,adj.,"a. 耳的, 听觉的, 气氛的, 气味的, 光环的\n[医] 耳的; 先兆的",,,cet6-all source:ecdict cet4 cet6,15916
authentic,ɒ:'θentik,adj.,"a. 可靠的, 可信的, 真正的\n[法] 被认证的, 确认的, 可信的",,,cet6-all source:ecdict cet6 cet6-core family:authentics,5000
author,'ɒ:θә,n.,"n. 作家, 作家的著作, 创始人\n[法] 作者, 著作人, 本人",,,cet6-all source:ecdict cet4 cet6 cet6-core family:authors family:authoring family:authored,685
authority,ɒ:'θɒriti,n.,"n. 权力, 当权者, 当局, 权威, 专家\n[经] 代理权, 授权, 权威",,,cet6-all source:ecdict cet4 cet6 cet6-core family:authorities,832
automate,'ɔ:tәmeit,vt.,vt.vi. (使)自动化\n[计] 自动化,,,cet6-all source:ecdict cet6 family:automating family:automated family:automates,17156
automatic,.ɒ:tә'mætik,n.,"n. 自动手枪, 自动机械\na. 自动的, 机械的, 必然的, 无意识的",,,cet6-all source:ecdict cet4 cet6 family:automatics,4045
automation,.ɒ:tә'meiʃәn,n.,"n. 自动化, 自动操作\n[计] 自动学; 自动化",,,cet6-all source:ecdict cet4 cet6 family:automations,13580
automobile,'ɒ:tәmәbi:l,n.,n. 汽车\n[机] 汽车,,,cet6-all source:ecdict cet4 cet6 family:automobiles,4005
auxiliary,ɒ:g'ziljәri,n.,"n. 辅助者, 辅助物, 附属机构, 助动词\na. 辅助的, 备用的",,,cet6-all source:ecdict cet4 cet6 family:auxiliaries,13990
avail,ә'veil,vi.,"vi. 有用, 有利\nvt. 有利于\nn. 效用, 利益",,,cet6-all source:ecdict cet6 cet6-core family:availed family:availing family:avails,14262
availability,ә.veilә'biliti,n.,"n. 有效性, 可利用性, 可利用的人\n[计] 有效性; 可用性",,,cet6-all source:ecdict cet6 family:availabilities,4777
available,ә'veilәbl,adj.,"a. 可利用的, 可获得的, 有效的\n[医] 有效的, 可得的",,,cet6-all source:ecdict cet4 cet6 cet6-core,622
avert,ә'vә:t,vt.,"vt. 转开, 避免, 防止",,,cet6-all source:ecdict cet6 cet6-core family:averted family:averting family:averts,7555
aviation,.eivi'eiʃәn,n.,"n. 航空, 航空学, 飞行术\n[法] 航空, 飞行, 飞行术",,,cet6-all source:ecdict cet4 cet6 cet6-core,7923
awake,ә'weik,adj.,"a. 醒着的\nvt. 唤醒, 唤起, 使意识到\nvi. 醒来, 被唤起, 意识到",,,cet6-all source:ecdict cet4 cet6 family:awoke family:awoken family:awakes family:awaking,4647
award,ә'wɒ:d,n.,"n. 奖品, 裁定, 判决\nvt. 授予, 给予",,,cet6-all source:ecdict cet4 cet6 cet6-core family:awarded family:awards family:awarding,2573
awful,'ɒ:ful,adj.,"a. 可怕的, 庄严的, 虔敬的",,,cet6-all source:ecdict cet4 cet6,3276
awkward,'ɒ:kwәd,adj.,"a. 笨拙的, 棘手的",,,cet6-all source:ecdict cet4 cet6 cet6-core,4992
axial,'æksiәl,adj.,"a. 轴的, 成轴的, 轴向的\n[医] 轴的, 中轴的",,,cet6-all source:ecdict cet6,17034
axis,'æksis,n.,n. 轴\n[计] 坐标轴,,,cet6-all source:ecdict cet4 cet6 cet6-core,5598
axle,'æksl,n.,"n. 轴, 车轴\n[电] 轴",,,cet6-all source:ecdict cet6 family:axles family:axled,13179
bachelor,'bætʃәlә,n.,"n. 单身汉, 学士\n[法] 学士, 单身汉",,,cet6-all source:ecdict cet4 cet6 family:bachelors,6130
backbone,'bækbәun,n.,"n. 脊椎, 志气, 骨干, 支柱\n[计] 主干网, 主干网点",,,cet6-all source:ecdict cet6 family:backbones,9733
bacon,'beikәn,n.,n. 熏猪肉\n[机] 腌肉,,,cet6-all source:ecdict cet6 family:bacons,6412
bacteria,bæk'tiәriә,n.,"pl. 细菌\n[医] 细菌, [无芽胞]杆菌",,,cet6-all source:ecdict cet4 cet6 cet6-core family:bacterium family:s,3611
bacterium,bæk'tiәriәm,n.,n. 细菌\n[医] [无芽胞]杆菌属,,,cet6-all source:ecdict cet6 family:bacteria,
badge,bædʒ,n.,"n. 徽章, 标记\n[计] 标记",,,cet6-all source:ecdict cet6 family:badges family:badging family:badged,6814
badminton,'bædmintәn,n.,n. 羽毛球运动,,,cet6-all source:ecdict cet4 cet6,20115
baffle,'bæfl,vt.,"vt. 困惑, 为难, 使挫折\nvi. 徒作挣扎\nn. 迷惑, 挡板",,,cet6-all source:ecdict cet6 family:baffled family:baffling family:baffles,11775
bait,beit,n.,"n. 饵\nvt. 以饵引诱, 欺负\nvi. 中途休息",,,cet6-all source:ecdict cet6 family:baits family:baiting family:baited,6346
balcony,'bælkәni,n.,"n. 阳台, 戏院楼厅",,,cet6-all source:ecdict cet4 cet6 family:balconies family:balconied,5799
bald,bɒ:ld,adj.,"a. 秃头的, 光秃的, 单调的, 赤裸的\nvi. 变秃",,,cet6-all source:ecdict cet6 family:balder family:baldest family:balding family:balded,6185
ballet,'bælei,n.,n. 芭蕾舞,,,cet6-all source:ecdict cet6 cet6-core family:ballets,6552
ballot,'bælәt,n.,"n. 投票, 投票用纸, 抽签\nvi. 投票, 抽签\nvt. 投票选出, 拉选票",,,cet6-all source:ecdict cet6 family:ballots family:balloting family:balloted,3706
bamboo,bæm'bu:,n.,n. 竹子\n[医] 竹类,,,cet6-all source:ecdict cet6 cet6-core family:bamboos,8248
ban,bæn,n.,"n. 禁令\nvt. 禁止, 取缔",,,cet6-all source:ecdict cet4 cet6 family:banned family:banning family:bans,3273
bandage,'bændidʒ,n.,n. 绷带\n[化] 帘布筒; 实心轮胎; 紧带; 绷带,,,cet6-all source:ecdict cet6 cet6-core family:bandages family:bandaged family:bandaging,9428
bandit,'bændit,n.,n. 强盗,,,cet6-all source:ecdict cet6 family:bandits,11776
bang,bæŋ,n.,"n. 重击, 突然巨响, 刘海\nv. 发巨响, 重击\nadv. 砰然地, 突然巨响地, 直接地\n[计] 撞击符",,,cet6-all source:ecdict cet4 cet6 cet6-core family:banging family:banged family:bangs,5069
banker,'bæŋkә,n.,"n. 银行家, 庄家\n[经] 银行业者, 银行家",,,cet6-all source:ecdict cet6 family:bankers,4421
bankrupt,'bæŋkrʌpt,n.,n. 破产者\na. 破产的\nvt. 使破产,,,cet6-all source:ecdict cet6 family:bankrupts family:bankrupted family:bankrupting,8878
bankruptcy,'bæŋkrәptsi,n.,"n. 破产者\n[经] 破产, 倒闭",,,cet6-all source:ecdict cet6 family:bankruptcies,4171
banquet,'bæŋkwit,n.,n. 宴会,,,cet6-all source:ecdict cet6 cet6-core family:banquets family:banquetting family:banqueted,9056
barely,'bєәli,adv.,adv. 几乎不,,,cet6-all source:ecdict cet4 cet6 cet6-core,1973
bargain,'bɑ:gin,n.,"n. 交易, 买卖协定, 特价商品\nv. 讲价, 交易",,,cet6-all source:ecdict cet4 cet6 cet6-core family:bargains family:bargaining family:bargained,4962
barge,bɑ:dʒ,n.,"n. 驳船\nvt. 用船运输\nvi. 蹒跚, 闯入",,,cet6-all source:ecdict cet6 family:barges family:barged family:barging,9954
bark,bɑ:k,n.,"n. 树皮, 吠声\nvi. 吠, 叫骂\nvt. 喊出, 剥树皮",,,cet6-all source:ecdict cet4 cet6 family:barked family:barking family:barks,5831
barley,'bɑ:li,n.,n. 大麦\n[医] 大麦,,,cet6-all source:ecdict cet6 family:barleys,11471
barn,bɑ:n,n.,n. 谷仓\n[化] 靶(恩)(核反应截面单位),,,cet6-all source:ecdict cet4 cet6 family:barns,4108
barometer,bә'rɒmitә,n.,n. 气压计\n[化] 气压计,,,cet6-all source:ecdict cet6 family:barometers,16352
baron,'bærәn,n.,"n. 男爵\n[法] 男爵, 贵族, 大王",,,cet6-all source:ecdict cet6 family:barons,11092
barrel,'bærәl,n.,n. 桶\nvt. 装入桶内,,,cet6-all source:ecdict cet4 cet6 family:barrels family:barrelled family:barrelling,3084
barren,'bærәn,adj.,"a. 不育的, 贫瘠的\nn. 荒地",,,cet6-all source:ecdict cet6 cet6-core family:barrens,8809
barrier,'bæriә,n.,"n. 障碍, 栅栏\n[化] 势垒; 阻片; 阻挡层",,,cet6-all source:ecdict cet4 cet6 cet6-core family:barriers,2609
baseball,'beisbɒ:l,n.,n. 棒球\n[计] 棒球系统,,,cet6-all source:ecdict cet4 cet6,1373
basement,'beismәnt,n.,"n. 地下室, 墙脚\n[化] 地下室",,,cet6-all source:ecdict cet6 family:basements,3598
basin,'beisn,n.,"n. 盆, 盆地\n[医] 第三脑室, 骨盆",,,cet6-all source:ecdict cet4 cet6 family:basins,6174
batch,bætʃ,n.,"n. 一次所烘的面包, 一次所制之量, 一组, 批, 成批, 分批\nv. 成批, 分批处理\n[计] 一批",,,cet6-all source:ecdict cet6 cet6-core family:batches family:batching family:batched,6640
battery,'bætәri,n.,"n. 电池, 殴打\n[化] 蓄电池",,,cet6-all source:ecdict cet4 cet6 family:batteries,3193
battle,'bætl,n.,n. 战役\nv. 战斗,,,cet6-all source:ecdict cet4 cet6 family:battles family:battling family:battled,1199
bay,bei,n.,"n. 海湾, 狗吠声, 月桂\nvt. 吠, 使走投无路\nvi. 吠",,,cet6-all source:ecdict cet4 cet6 family:bays family:baying family:bayed,23460
bazaar,bә'zɑ:,n.,"n. 集市, 市场, 义卖市场",,,cet6-all source:ecdict cet6 family:bazaars,15634
bead,bi:d,n.,"n. 珠子, 滴\nvt. 用珠装饰\nvi. 形成珠\n[计] 珠",,,cet6-all source:ecdict cet6 family:beads family:beaded family:beading,5351
beam,bi:m,n.,"n. 横梁, 杆, 光线, 容光焕发\nvi. 用梁支承, 微笑, 射出光线\nvt. 照耀, 感到欣喜\n[计] 束",,,cet6-all source:ecdict cet4 cet6 cet6-core family:beams family:beamed family:beaming,3741
bean,bi:n,n.,n. 豆子\n[化] 油嘴; 豆,,,cet6-all source:ecdict cet4 cet6 family:beans,2352
bearing,'bєәriŋ,n.,"n. 举止, 轴承, 忍受, 关系, 意义, 方向, 生育\n[化] 轴承",,,cet6-all source:ecdict cet6 family:bear family:i family:bearings family:bearing,6720
beetle,'bi:tl,n.,"n. 甲虫, 大槌\nvi. 快速移动\nvt. 捶",,,cet6-all source:ecdict cet6 family:beetles family:beetling family:beetled,7196
beforehand,bi'fɒ:hænd,adv.,adv. 预先,,,cet6-all source:ecdict cet4 cet6 cet6-core,10479
beggar,'begә,n.,"n. 乞丐\nvt. 使贫穷, 使成乞丐",,,cet6-all source:ecdict cet4 cet6 family:beggars family:beggaring family:beggared,11674
beginning,bi'giniŋ,n.,n. 开始,,,cet6-all source:ecdict cet4 cet6 family:begin family:i family:beginnings family:beginning,1200
behalf,bi'hɑ:f,n.,"n. 利益, 方面",,,cet6-all source:ecdict cet4 cet6,4434
behave,bi'heiv,vi.,"vi. 举止端正, 行为规矩\nvt. 检点(自己的)行为, 使表现好",,,cet6-all source:ecdict cet4 cet6 cet6-core family:behaving family:behaved family:behaves,3660
behavior,bi'heivjә,n.,"n. 行为, 举止\n[医] 行为",,,cet6-all source:ecdict cet4 cet6 cet6-core family:behaviors,658
bench,bentʃ,n.,n. 长椅子\n[机] 台,,,cet6-all source:ecdict cet4 cet6 family:benches family:benched family:benching,2782
bend,bend,vi.,"vi. 变弯曲, 屈服\nvt. 使弯曲, 使屈服\nn. 弯曲",,,cet6-all source:ecdict cet4 cet6 family:bent family:bending family:bends,2194
beneficiary,.beni'fiʃәri,n.,"n. 受惠者, 受益人\na. 受封的",,,cet6-all source:ecdict cet6 family:beneficiaries,6549
benefit,'benifit,n.,n. 利益\nvt. 有益于\nvi. 受益,,,cet6-all source:ecdict cet4 cet6 cet6-core family:benefits family:benefited family:benefiting,812
benign,bi'nain,adj.,"a. 善良的, 良性的\n[医] 良性的",,,cet6-all source:ecdict cet6,6988
bestow,bi'stәu,vt.,"vt. 授予, 使用, 贮藏, 留宿",,,cet6-all source:ecdict cet6 family:bestowed family:bestowing family:bestows,9425
betray,bi'trei,vt.,"vt. 出卖, 背叛, 辜负, 暴露\n[法] 出卖, 背叛, 泄漏",,,cet6-all source:ecdict cet4 cet6 cet6-core family:betrayed family:betraying family:betrays,4974
beware,bi'wєә,v.,"v. 小心, 谨防",,,cet6-all source:ecdict cet6 family:bewaring family:bewared family:bewares,9885
bewilder,bi'wildә,vt.,"vt. 使迷惑, 使不知所措",,,cet6-all source:ecdict cet6 cet6-core family:bewildered family:bewilders family:bewildering,30215
bias,'baiәs,n.,"n. 偏见, 斜纹\na. 偏斜的\nadv. 偏斜\nvt. 使有偏见\n[计] 偏流; 偏压; 偏磁; 偏离",,,cet6-all source:ecdict cet6 family:biased family:biassing family:biases,3925
biased,'baiәst,adj.,a. 有偏见的\n[计] 边缘的,,,cet6-all source:ecdict cet6 family:bias family:dp family:biased,10727
bid,bid,n.,"n. 出价\nv. 命令, 吩咐, 请求, 表示, 宣布, 投标",,,cet6-all source:ecdict cet6 family:bids family:bid family:dp family:bidding family:bade,4069
billion,'biljәn,num.,"num. 十亿, 十亿个",,,cet6-all source:ecdict cet4 cet6,612
biotech,'baɪəʊtek,n.,n. 生物技术,,,cet6-all source:ecdict cet6,11124
bishop,'biʃәp,n.,"n. 主教, (国际象棋中的)象, 热果子酒",,,cet6-all source:ecdict cet6 family:bishops,3437
bitterness,'bitәnis,n.,"n. 苦味, 悲痛, 怨恨",,,cet6-all source:ecdict cet6 family:bitternesses,8320
bizarre,bi'zɑ:,adj.,a. 奇异的,,,cet6-all source:ecdict cet6 cet6-core,4957
blacksmith,'blæksmiθ,n.,n. 铁匠\n[机] 铁匠,,,cet6-all source:ecdict cet6 family:blacksmiths,14740
blade,bleid,n.,"n. 叶片, 刀锋, 刀口, 剑\n[医] 页[片], 叶片, 刀片, 刀刃, 刀口",,,cet6-all source:ecdict cet4 cet6 family:blades family:bladed,3148
blame,bleim,n.,"n. 过失, 责备\nvt. 责备, 归咎于",,,cet6-all source:ecdict cet4 cet6 family:blamed family:blaming family:blames,1797
blast,blæst,n.,"n. 一阵风, 爆炸, 枯萎病\nvt. 炸, 使枯萎\nvi. 炸, 猛攻, 猛烈抨击, 枯萎",,,cet6-all source:ecdict cet4 cet6 family:blasted family:blasting family:blasts,4739
blaze,bleiz,n.,"n. 火焰, 烈火, 光辉\nvi. 燃烧, 发光\nvt. 使燃烧, 宣布, 在树皮上刻痕",,,cet6-all source:ecdict cet4 cet6 cet6-core family:blazing family:blazed family:blazes,8056
bleach,bli:tʃ,vt.,"vt. 漂白\nvi. 变白\nn. 漂白, 漂白剂",,,cet6-all source:ecdict cet6 family:bleached family:bleaching family:bleaches,14729
bleak,bli:k,adj.,"a. 萧瑟的, 荒凉的, 阴冷的",,,cet6-all source:ecdict cet6 family:bleaker family:bleakest,7297
bleed,bli:d,vi.,"vi. 流血, 悲痛, 渗出\nvt. 使出血, 榨取",,,cet6-all source:ecdict cet4 cet6 cet6-core family:bleeding family:bleeds family:bled,5218
blend,blend,vt.,vt. 混合\nn. 混合,,,cet6-all source:ecdict cet4 cet6 family:blending family:blended family:blends,3914
bless,bles,vt.,"vt. 祝福, 祈佑, 使神圣化",,,cet6-all source:ecdict cet4 cet6 family:blessed family:blessing family:blesses,4161
blind,blaind,n.,"n. 蒙蔽物, 窗帘\na. 盲目的, 瞎的, 不加思考的\nvt. 使失明, 蒙蔽, 遮暗\nadv. 盲目地",,,cet6-all source:ecdict cet4 cet6 family:blinds family:blinded family:blinder family:blinding,2716
blink,bliŋk,vi.,"vi. 眨眼, 闪亮\nvt. 眨眼, 使闪亮\nn. 眨眼, 瞬间, 闪光, 闪烁\n[计] 闪烁",,,cet6-all source:ecdict cet6 cet6-core family:blinked family:blinking family:blinks,4607
blond,blɒnd,adj.,a. 金发的\nn. 白肤碧眼金发的人,,,cet6-all source:ecdict cet6 family:blonder family:blonds family:blonded,4817
bloom,blu:m,n.,"n. 花, 开花, 青春, 钢块\nvi. 开花, 焕发青春, 茂盛\nvt. 使茂盛, 把...轧成钢坯",,,cet6-all source:ecdict cet4 cet6 family:blooms family:bloomed family:blooming,6582
blossom,'blɒsәm,n.,"n. 花, 花开的状态, 兴旺期\nvi. 开花, 兴旺, 发展",,,cet6-all source:ecdict cet4 cet6 cet6-core family:blossoms family:blossomed family:blossoming,6437
blouse,blauz,n.,n. 宽松的上衣,,,cet6-all source:ecdict cet6 family:blouses family:bloused family:blousing,6586
blunder,'blʌndә,n.,"n. 大错, 大失策\nvi. 失策, 跌跌撞撞地走, 犯错\nvt. 做错",,,cet6-all source:ecdict cet6 cet6-core family:blunders family:blundering family:blundered,13190
blunt,blʌnt,adj.,"a. 钝的, 坦率的, 麻痹的",,,cet6-all source:ecdict cet6 cet6-core family:blunter family:blunted family:blunts family:blunting family:bluntest,7053
bluntly,'blʌntli,adv.,"adv. 坦率地, 率直地",,,cet6-all source:ecdict cet6,12138
blur,blә:,vt.,"vt. 使模糊, 弄脏\nvi. 弄脏, 模糊",,,cet6-all source:ecdict cet6 cet6-core family:blurred family:blurring family:blurs,6364
blush,blʌʃ,vi.,"vi. 脸红, 羞愧\nvt. 弄成红色\nn. 脸红",,,cet6-all source:ecdict cet6 cet6-core family:blushed family:blushing family:blushes,9003
board,bɒ:d,n.,"n. 木板, 甲板, 膳食, 会议桌\nvt. 乘船, 供膳食, 用板覆盖\nvi. 搭伙\n[计] 板",,,cet6-all source:ecdict cet4 cet6 family:boards family:boarded family:boarding,667
boast,bәust,n.,"n. 吹牛\nvi. 吹牛, 自夸\nvt. 夸口说, 自恃有",,,cet6-all source:ecdict cet4 cet6 family:boasts family:boasted family:boasting,4534
boiler,'bɒilә,n.,"n. 煮器, 汽锅, 锅炉\n[化] 锅炉",,,cet6-all source:ecdict cet6 family:boilers family:boilered,10861
bold,bәuld,adj.,a. 大胆的\nn. 粗体\n[计] 粗体,,,cet6-all source:ecdict cet4 cet6 family:bolder family:boldest,3897
bolt,bәult,n.,"n. 门闩, 螺钉, 筛子, 闪电, 意外事件\nvt. 闩住, 发射, 脱口而出, 筛, 囫囵吞下\nvi. 囫囵吞枣, 射箭, 脱缰, 退出党派\nadv. 突然",,,cet6-all source:ecdict cet4 cet6 family:bolts family:bolted family:bolting,4899
bomb,bɒm,n.,"n. 炸弹\nvt. 轰炸, 投弹于\nvi. 失败",,,cet6-all source:ecdict cet4 cet6 family:bombs family:bombed family:bombing,1992
bond,bɒnd,n.,"n. 捆绑物, 结合, 债券, 契约, 粘合剂, 保证人, 键, 关栈保留\nvt. 存入关栈, 使黏合\nvi. 结合",,,cet6-all source:ecdict cet4 cet6 family:bonds family:bonded family:bonding,1880
bonus,'bәunәs,n.,"n. 奖金, 红利\n[经] 奖金, 红利, 额外补贴",,,cet6-all source:ecdict cet6 cet6-core family:bonuses,4172
boost,bu:st,n.,"n. 推进, 吹捧\nvt. 推进, 提高, 宣扬, 促进",,,cet6-all source:ecdict cet4 cet6 family:boosted family:boosting family:boosts,3691
booth,bu:θ,n.,"n. 亭, 摊棚\n[经] 货摊, 电话间",,,cet6-all source:ecdict cet4 cet6 cet6-core family:booths,4300
bore,bɒ:,n.,"n. 令人讨厌的人, 激浪, 枪膛, 孔\nvt. 使烦扰, 钻孔\nvi. 钻孔\nbear的过去式\n[计] 内径; 孔径",,,cet6-all source:ecdict cet4 cet6 family:bear family:p family:boring family:bored family:bores,4946
bosom,'buzәm,n.,"n. 胸部, 胸, 胸怀, 内部, 中间\nvt. 怀抱",,,cet6-all source:ecdict cet4 cet6 family:bosoms family:bosoming family:bosomed,12630
bough,bau,n.,n. 大树枝,,,cet6-all source:ecdict cet4 cet6 family:boughs family:boughing,15790
bounce,bauns,n.,"n. 跳, 跳跃, 弹力, 撞击\nvi. 反跳, 弹跳\nvt. 使跳回, 撞击\n[计] 打回",,,cet6-all source:ecdict cet4 cet6 cet6-core family:bounced family:bouncing family:bounces,3792
bound,baund,n.,"n. 跃, 回跳, 范围, 边界\na. 受约束的, 装有封面的, 有义务的, 关联的, 被束缚的, 准备去...的, 便秘的\nvi. 跳跃, 弹起\nvt. 使跳, 限制, 形成...的疆界\nbind过去式和过去分词\n[计] 装订的",,,cet6-all source:ecdict cet4 cet6 cet6-core family:bind family:dp family:bounds family:bounded family:bounding family:bound,8004
boundary,'baundri,n.,"n. 边界, 分界线\n[计] 边界",,,cet6-all source:ecdict cet4 cet6 family:boundaries,2776
bourgeois,buә'ʒwɑ:,n.,"n. 中产阶级分子, 商人, 资产阶级\na. 中产阶级的, 平庸的\nn. 九点活字",,,cet6-all source:ecdict cet6,9071
bow,bәu.bau,n.,"n. 弓, 眼睛框\nv. 用弓拉琴, 弯成弓形\nn. 鞠躬, 屈服",,,cet6-all source:ecdict cet4 cet6 family:bowed family:bows family:bowing,4098
boycott,'bɒikɒt,n.,n. 联合抵制\nvt. 联合抵制,,,cet6-all source:ecdict cet6 cet6-core family:boycotted family:boycotting family:boycotts,8514
brace,breis,n.,"n. 支柱, 曲柄, 支撑, 一对\nvt. 紧缚, 支撑, 激励\nvi. 打起精神\n[计] 花括号",,,cet6-all source:ecdict cet6 cet6-core family:braces family:braced family:bracing,6591
brand,brænd,n.,"n. 商标, 牌子, 烙印\nvt. 打烙印于",,,cet6-all source:ecdict cet4 cet6 cet6-core family:brands family:branded family:branding,2570
brandy,'brændi,n.,n. 白兰地酒\n[化] 白兰地,,,cet6-all source:ecdict cet4 cet6 family:brandies,10392
breadth,bredθ,n.,"n. 宽度\n[法] 违背, 违犯, 未遵守",,,cet6-all source:ecdict cet4 cet6,9348
breakdown,'breikdaun,n.,"n. 崩溃, 故障\n[化] 事故; 击穿",,,cet6-all source:ecdict cet6 cet6-core family:breakdowns,5147
breast,brest,n.,"n. 胸部, 乳房, 胸怀\nvt. 以胸对着, 面对",,,cet6-all source:ecdict cet4 cet6 family:breasts family:breasted family:breasting,1652
breed,bri:d,n.,"n. 种类, 品种\nv. 养育, 引起, 饲养, 繁殖",,,cet6-all source:ecdict cet4 cet6 cet6-core family:breeds family:bred family:breeding,5698
breeze,bri:z,n.,"n. 微风, 煤屑, 轻而易举的事\nvi. 吹微风, 逃走",,,cet6-all source:ecdict cet4 cet6 family:breezes family:breezed family:breezing,4284
bribe,braib,n.,"n. 贿赂\nvt. 贿赂, 收买\nvi. 行贿",,,cet6-all source:ecdict cet6 cet6-core family:bribes family:bribed family:bribing,10665
bridegroom,'braidgrum,n.,n. 新郎,,,cet6-all source:ecdict cet6 family:bridegrooms,24066
bridle,'braidl,n.,"n. 马勒, 约束\n[医] 系带, 约束",,,cet6-all source:ecdict cet6 family:bridles family:bridled family:bridling,19059
brightness,'braitnis,n.,"n. 光亮, 明亮, 聪明\n[计] 亮度",,,cet6-all source:ecdict cet6 family:brightnesses,7963
brim,brim,n.,"n. 边, 边缘, (河)边\nvt. 注满, 使满溢\nvi. 满溢",,,cet6-all source:ecdict cet4 cet6 family:brimming family:brimmed family:brims,12307
brisk,brisk,adj.,"a. 强烈的, 寒冷而干燥的, 活泼的\nvt. 使活泼\nvi. 活跃起来",,,cet6-all source:ecdict cet4 cet6 cet6-core family:brisker family:brisking family:briskest,9149
bristle,'brisl,n.,"n. 刚毛, 猪鬃\nvi. 直立, 发怒, 充满\nvt. 使直立",,,cet6-all source:ecdict cet4 cet6 family:bristles family:bristling family:bristled,11066
brittle,'britl,adj.,"a. 易碎的, 脆弱的, 易坏的\n[机] 脆的, 脆性的, 易碎的",,,cet6-all source:ecdict cet4 cet6 family:brittling,10220
broaden,'brɒ:dn,vi.,"vi. 变宽, 扩大\nvt. 放宽, 使扩大",,,cet6-all source:ecdict cet6 family:broadened family:broadening family:broadens,6614
bronze,brɒnz,n.,"n. 青铜, 铜像\na. 青铜色的",,,cet6-all source:ecdict cet4 cet6 cet6-core family:bronzes family:bronzing family:bronzed,4926
brood,bru:d,n.,"n. 一窝, 一伙\nvt. 孵, 沉思",,,cet6-all source:ecdict cet4 cet6 cet6-core family:brooded family:broods family:brooding,14517
brook,bruk,n.,n. 小溪\nvt. 容忍,,,cet6-all source:ecdict cet4 cet6 family:brooks family:brooked family:brooking,22189
broom,bru:m,n.,"n. 扫帚, 金雀花\nvt. 扫除",,,cet6-all source:ecdict cet4 cet6 family:brooms,9418
browse,brauz,v.,"v. 浏览, 吃草\nn. 浏览, 吃草\n[计] 浏览",,,cet6-all source:ecdict cet6 family:browsing family:browsed family:browses,9636
bruise,bru:z,n.,"n. 青肿, 挫伤, 擦伤\nvi. 受伤, 擦伤\nvt. 使受伤, 研碎",,,cet6-all source:ecdict cet4 cet6 cet6-core family:bruises family:bruised family:bruising,7621
brutal,'bru:tәl,adj.,"a. 残忍的, 野蛮的, 不讲理的",,,cet6-all source:ecdict cet6 cet6-core family:brutals,4697
brute,bru:t,n.,"n. 畜生, 残忍或好色之人\na. 残忍的, 无理性的, 畜生的",,,cet6-all source:ecdict cet4 cet6 family:brutes,11905
bucket,'bʌkit,n.,n. 桶\n[计] 存储桶; 桶,,,cet6-all source:ecdict cet4 cet6 family:buckets family:bucketing family:bucketed,4812
bud,bʌd,n.,"n. 芽, 花蕾\nvi. 发芽, 萌芽\nvt. 使发芽",,,cet6-all source:ecdict cet4 cet6 cet6-core family:buds family:budding family:budded,6961
buddhism,'budizm,n.,n. 佛教,,,cet6-all source:ecdict cet6,10473
budget,'bʌdʒit,n.,"n. 预算\nvi. 编预算\nvt. 编入预算, 安排\na. 廉价的",,,cet6-all source:ecdict cet4 cet6 cet6-core family:budgets family:budgeted family:budgeting,1054
buffalo,'bʌfәlәu,n.,n. 水牛\n[机] 水牛,,,cet6-all source:ecdict cet6 family:buffalos family:buffaloing family:buffaloed,6081
bug,bʌg,n.,"n. 错误, 虫, 病菌, 缺陷, 窃听器, 癖好, 防盗报警器, 双座小汽车, 要人\nvt. 装防盗报警器, 装窃听器, 激怒\nvi. 捉虫, 暴突\n[计] 缺点, 错误",,,cet6-all source:ecdict cet6 cet6-core family:bugs family:bugged family:bugging,4159
bugle,bju:gl,n.,"n. 喇叭, 号角\nv. 吹号",,,cet6-all source:ecdict cet6 family:bugles family:bugling family:bugled,21910
bulb,bʌlb,n.,"n. 球茎, 电灯泡\n[医] 球, 鳞茎, 球茎",,,cet6-all source:ecdict cet4 cet6 family:bulbs,4901
bulk,bʌlk,n.,"n. 大小, 体积, 大块, 大多数\nvt. 显得大, 显得重要",,,cet6-all source:ecdict cet4 cet6 cet6-core family:bulked family:bulking family:bulks,4660
bull,bul,n.,"n. 公牛\n[法] 买方, 买空者",,,cet6-all source:ecdict cet4 cet6 cet6-core family:bulls family:bulling family:bulled,4207
bulletin,'bulitin,n.,"n. 公告, 布告, 公报\n[电] 电子布告栏",,,cet6-all source:ecdict cet6 cet6-core family:bulletins family:bulletining family:bulletined,6424
bump,bʌmp,n.,"n. 撞击, 肿块\nvt. 碰撞\nvi. 撞, 颠簸而行",,,cet6-all source:ecdict cet6 cet6-core family:bumping family:bumped family:bumps,5504
bunch,bʌntʃ,n.,"n. 串, 束\n[医] 骨肿块(马)",,,cet6-all source:ecdict cet4 cet6 family:bunches family:bunched family:bunching,2658
bundle,'bʌndl,n.,"n. 捆, 束\nvt. 包扎, 胡乱塞进\nvi. 匆忙离开",,,cet6-all source:ecdict cet4 cet6 family:bundles family:bundled family:bundling,6005
burden,'bә:dn,n.,"n. 负担, 重载, 担子, 责任\nvt. 装货于, 烦扰, 使负担",,,cet6-all source:ecdict cet4 cet6 cet6-core family:burdens family:burdened family:burdening,2665
bureau,'bjuәrәu,n.,"n. 局, 办公处\n[经] 局, 司, 处",,,cet6-all source:ecdict cet4 cet6 family:bureaux,3753
bureaucracy,bjuә'rɒkrәsi,n.,"n. 官僚, 官吏\n[法] 官僚主义, 官僚政治, 官僚机构",,,cet6-all source:ecdict cet6 cet6-core family:bureaucracies,4976
burglar,'bә:glә,n.,"n. 窃贼\n[法] 夜盗, 窃贼, 盗窃者",,,cet6-all source:ecdict cet6 family:burglars,11050
burial,'beriәl,n.,"n. 埋葬, 葬礼\n[法] 埋葬, 葬礼",,,cet6-all source:ecdict cet6 cet6-core family:burials,6234
burn,bә:n,vt.,"vt. 烧, 烧毁, 烧伤\nvi. 燃烧, 发热, 烧毁\nn. 烧伤, 烙印",,,cet6-all source:ecdict cet4 cet6 family:burnt family:burning family:burned family:burns,1422
burner,'bә:nә,n.,"n. 火炉, 烧火的人\n[化] 灯; 灯头; 烧嘴炉; 燃烧器; 燃烧炉",,,cet6-all source:ecdict cet6 family:burners,8217
burst,bә:st,n.,"n. 破裂, 突发, 爆发\nv. 爆裂, 突发, 充满\n[计] 二进制位组; 字符组; 脉冲串",,,cet6-all source:ecdict cet4 cet6 family:burst family:pd family:bursting family:bursts,3560
bushel,'buʃәl,n.,n. 蒲式耳(容量单位)\nv. 修整(衣物),,,cet6-all source:ecdict cet6 family:bushels family:bushelling family:bushelled,14359
business,'biznis,n.,"n. 生意, 事情, 业务, 商业, 商行, 职责\n[经] 企业, 商业, 营业",,,cet6-all source:ecdict cet4 cet6 family:businesses,246
butcher,'butʃә,n.,"n. 屠夫, 肉商, 小贩\nvt. 屠宰, 屠杀",,,cet6-all source:ecdict cet4 cet6 family:butchered family:butchering family:butchers,8421
butt,bʌt,n.,"n. 粗大的一头, 烟头, 靶, 笑柄\n[医] 对核",,,cet6-all source:ecdict cet6 family:butts family:butting family:butted,4657
button,'bʌtәn,n.,"n. 钮扣, 按钮\nvi. 扣住\nvt. 钉钮扣于, 扣紧\n[计] 按钮",,,cet6-all source:ecdict cet4 cet6 family:buttons family:buttoned family:buttoning,2645
buzz,bʌz,n.,"n. 嗡嗡声, 流言\nvi. 发出嗡嗡声, 说闲话\nvt. 使嗡嗡叫, 散布",,,cet6-all source:ecdict cet6 cet6-core family:buzzes family:buzzing family:buzzed,8191
by-product,'baiprɔdʌkt,n.,"n. 副产品, 额外收获, 意外收获\n[计] 副产品",,,cet6-all source:ecdict cet6 family:by-products,
bypass,'baipɑ:s,n.,"n. 旁路\nvt. 省略, 绕过, 忽视, 回避",,,cet6-all source:ecdict cet6 cet6-core family:bypassing family:bypassed family:bypasses,7601
cabin,'kæbin,n.,"n. 小屋, 客舱\nvt. 关在小屋",,,cet6-all source:ecdict cet4 cet6 cet6-core family:cabins family:cabining family:cabined,3152
cabinet,'kæbinit,n.,"n. 橱柜, 内阁\na. 内阁的, 细木工做的\n[计] 机柜",,,cet6-all source:ecdict cet4 cet6 cet6-core family:cabinets,2693
cable,'keibl,n.,"n. 电缆, 海底电报, 缆, 索\nvi. 打海底电报\nvt. 发海底电报, 缚住\n[计] 电缆",,,cet6-all source:ecdict cet4 cet6 cet6-core family:cables family:cabled family:cabling,2003
cafe,kɑ:'fei,n.,"n. 咖啡馆, 酒店",,,cet6-all source:ecdict cet4 cet6 family:cafes,5837
cafeteria,.kæfi'tiәriә,n.,n. 自助餐厅\n[经] 自助餐厅,,,cet6-all source:ecdict cet4 cet6 cet6-core family:cafeterias,7076
cage,keidʒ,n.,"n. 笼, 牢房, 战俘营\nvt. 关进笼内",,,cet6-all source:ecdict cet4 cet6 family:cages family:caged family:caging,4143
calculus,'kælkjulәs,n.,n. 结石；微积分学,,,cet6-all source:ecdict cet6,12738
calendar,'kælindә,n.,"n. 日历, 日程表\nvt. 列入表中\n[计] 日历",,,cet6-all source:ecdict cet4 cet6 family:calendars family:calendaring family:calendared,4689
calibration,.kæli'breiʃәn,n.,"n. 口径测定, 刻度, 校准\n[化] 校准",,,cet6-all source:ecdict cet6 family:calibrations,16497
calm,kɑ:m,n.,"n. 平稳, 风平浪静\na. 平静的, 冷静的\nvi. 平静下来, 镇静\nvt. 使平静",,,cet6-all source:ecdict cet4 cet6 family:calmer family:calming family:calmed family:calms,4189
camel,'kæml,n.,"n. 骆驼, 打捞浮筒",,,cet6-all source:ecdict cet4 cet6 family:camels,6953
camera,'kæmәrә,n.,"n. 照相机, 摄影机, 密谈室, 暗箱\n[计] 摄影",,,cet6-all source:ecdict cet4 cet6 family:cameras,949
camp,kæmp,n.,"n. 露营, 帐篷\nvi. 露营, 扎营\nvt. 使扎营",,,cet6-all source:ecdict cet4 cet6 family:camps family:camping family:camped family:camper,1188
campaign,kæm'pein,n.,"n. 战役, 运动, 竞选运动\nvi. 参加运动, 作战",,,cet6-all source:ecdict cet4 cet6 family:campaigns family:campaigning family:campaigned,640
campus,'kæmpәs,n.,"n. 校园, 大学生活",,,cet6-all source:ecdict cet4 cet6,2059
canal,kә'næl,n.,"n. 运河, 水道, 管, 沟渠\nvt. 开运河",,,cet6-all source:ecdict cet4 cet6 family:canals family:canalling family:canalled,5394
cancel,'kænsәl,n.,"n. 取消, 撤消, 盖销(邮票)\nvt. 取消, 删去, 抵销, 盖销\nvi. 相互抵销\n[计] 作废",,,cet6-all source:ecdict cet4 cet6 cet6-core family:cancelled family:cancelling family:cancels,3915
cancer,'kænsә,n.,"n. 癌, 恶性肿瘤\n[医] 癌",,,cet6-all source:ecdict cet4 cet6 cet6-core family:cancers,1029
candidate,'kændideit,n.,"n. 候选人, 投考者\n[法] 候选, 候补者",,,cet6-all source:ecdict cet4 cet6 cet6-core family:candidates,957
candle,'kændl,n.,n. 蜡烛\nvt. 对着光检查,,,cet6-all source:ecdict cet4 cet6 family:candles family:candling family:candled,3928
cane,kein,n.,"n. 手杖, 细长的茎, 藤条\nvt. 以杖击, 以藤编制",,,cet6-all source:ecdict cet6 cet6-core family:canes family:caned family:caning,5299
cannon,'kænәn,n.,"n. 大炮, 加农炮\nv. 炮轰",,,cet6-all source:ecdict cet4 cet6 cet6-core family:cannons family:cannoned family:cannoning,8430
canoe,kә'nu:,n.,"n. 独木舟, 轻舟\nvi. 乘独木舟\nvt. 用独木舟运",,,cet6-all source:ecdict cet4 cet6 family:canoes family:canoeing family:canoed,6612
canteen,kæn'ti:n,n.,"n. 水壶, 军中俱乐部, 临时流动餐馆, 小卖部",,,cet6-all source:ecdict cet4 cet6 family:canteens,15582
canvas,'kænvәs,n.,"n. 帆布, 画布, 油画\n[化] 帆布",,,cet6-all source:ecdict cet4 cet6 cet6-core family:canvases family:canvassing family:canvassed,3732
cap,kæp,n.,"n. 盖子, 帽子\nvt. 戴帽子, 覆盖, 胜过\nvi. 脱帽致意\n[计] 调用程序分析, 容量, 代码分析程序, 计算机辅助生产, 计算机辅助印刷",,,cet6-all source:ecdict cet4 cet6 family:caps family:capped family:capping,2306
capability,.keipә'biliti,n.,"n. 能力, 性能, 约束力\n[化] 能力",,,cet6-all source:ecdict cet6 family:capabilities,2958
capable,'keipәbl,adj.,"a. 有能力的, 能的, 能干的",,,cet6-all source:ecdict cet4 cet6 cet6-core,2392
capacitance,kә'pæsitәns,n.,n. 电容\n[化] 电容,,,cet6-all source:ecdict cet6 family:capacitances,27326
capacitor,kә'pæsitә,n.,n. 电容器\n[化] 电容器,,,cet6-all source:ecdict cet6 family:capacitors,24678
capacity,kә'pæsiti,n.,"n. 容量, 能力, 才能, 资格\n[计] 容量",,,cet6-all source:ecdict cet4 cet6 cet6-core family:capacities,1777
cape,keip,n.,"n. 岬, 海角, 披肩, 斗蓬",,,cet6-all source:ecdict cet6 cet6-core family:capes family:caping,8474
capital,'kæpitәl,n.,"n. 首都, 大写字母, 资本\na. 首都的, 重要的",,,cet6-all source:ecdict cet4 cet6 family:capitals,1061
capsule,'kæpsju:l,n.,"n. 胶囊, 蒴果, 瓶帽, 航天舱\n[化] 胶囊剂",,,cet6-all source:ecdict cet6 cet6-core family:capsules family:capsuling family:capsuled,7480
captain,'kæptin,n.,"n. 船长, 指挥官, 海军上校, 首领\nvt. 率领, 指挥",,,cet6-all source:ecdict cet4 cet6 family:captains family:captained family:captaining,3347
captive,'kæptiv,n.,"n. 俘虏, 迷恋者\na. 被俘的, 被迷住的",,,cet6-all source:ecdict cet4 cet6 cet6-core family:captives,9226
capture,'kæptʃә,n.,"n. 抓取, 战利品, 捕获之物\nvt. 抓取, 获得, 迷住\n[计] 截获命令",,,cet6-all source:ecdict cet4 cet6 family:captured family:capturing family:captures,1715
carbon,'kɑ:bәn,n.,"n. 碳, 副本, 复写纸\n[化] 碳",,,cet6-all source:ecdict cet4 cet6 family:carbons,3004
cargo,'kɑ:gәu,n.,n. 货物\n[经] 货柜,,,cet6-all source:ecdict cet4 cet6 family:cargoes,4905
carpenter,'kɑ:pintә,n.,n. 木匠,,,cet6-all source:ecdict cet4 cet6 family:carpenters family:carpentering family:carpentered,8059
carpet,'kɑ:pit,n.,"n. 地毯, 地毯状物\nvt. 铺以地毯, 铺盖",,,cet6-all source:ecdict cet4 cet6 family:carpets family:carpeted family:carpeting,4112
carriage,'kæridʒ,n.,"n. 马车, 客车, 举止, 运输\n[经] 搬运费, 运费",,,cet6-all source:ecdict cet4 cet6 family:carriages,6534
carrier,'kæriә,n.,"n. 运送者, 邮递员, 带菌者\n[计] 载波",,,cet6-all source:ecdict cet4 cet6 family:carriers,3271
carrot,'kærәt,n.,n. 胡萝卜\n[医] 胡萝卜,,,cet6-all source:ecdict cet4 cet6 family:carrots,4597
cart,kɑ:t,n.,n. 二轮运货马车\nvi. 驾运货马车\nvt. 用车装载,,,cet6-all source:ecdict cet4 cet6 family:carts family:carted family:carting,4053
cartoon,kɑ:'tu:n,n.,"n. 卡通画, 漫画\nv. 画漫画",,,cet6-all source:ecdict cet6 family:cartoons family:cartooned family:cartooning,4155
cartridge,'kɑ:tridʒ,n.,"n. 弹药筒, 弹药, 一卷软片, 墨粉鼓\n[计] 盒式磁带机",,,cet6-all source:ecdict cet6 family:cartridges,9132
carve,kɑ:v,v.,"v. 雕刻, 切开",,,cet6-all source:ecdict cet4 cet6 cet6-core family:carved family:carving family:carves,3803
cassette,kæ'set,n.,"n. 盒式磁带, 珠宝箱, 暗盒\n[计] 字盒",,,cet6-all source:ecdict cet4 cet6 family:cassettes,8210
cast,kɑ:st. kæst,n.,"n. 演员阵容, 投掷, 铸件, 预测, 特性\nvt. 投, 掷, 抛, 脱落, 铸, 使弯曲, 计算\nvi. 投, 计算, 浇铸成型",,,cet6-all source:ecdict cet4 cet6 cet6-core family:cast family:dp family:casting family:casts,2035
castle,'kæsl. 'kɑ:sl,n.,"n. 城堡, 象棋中的车\nvt. 置于城堡中, 盘踞于",,,cet6-all source:ecdict cet4 cet6 family:castles family:castling family:castled,5844
casual,'kæʒjuәl,adj.,"a. 偶然的, 不经意的, 便装的\nn. 临时工, 待命士兵",,,cet6-all source:ecdict cet4 cet6 cet6-core family:casuals,3955
casualty,'kæʒjuәlti,n.,"n. 意外事故, 伤亡, 受害者\n[化] 事故",,,cet6-all source:ecdict cet6 cet6-core family:casualties,4230
catalog,'kætәlɒg,n.,"n. 目录, 大学概况手册\nvt. 编目录\n[计] 目录; 编目",,,cet6-all source:ecdict cet4 cet6 family:catalogs family:cataloging family:cataloged family:catalog,4443
catalogue,'kætәlɒg,n.,"n. 目录, 大学情况一览\nvt. 编入目录",,,cet6-all source:ecdict cet6 family:catalogues family:catalogued family:cataloguing,6793
catalyst,'kætәlist,n.,"n. 触媒, 接触剂, 催化剂, 刺激因素, 促进因素\n[计] 催化剂",,,cet6-all source:ecdict cet6 family:catalysts,7915
catastrophe,kә'tæstrәfi,n.,"n. 大灾难, 大祸\n[化] 突变",,,cet6-all source:ecdict cet6 cet6-core family:catastrophes,6648
category,'kætigәri,n.,"n. 种类, 类项\n[计] 分类",,,cet6-all source:ecdict cet6 family:categories,1461
cater,'keitә,v.,"v. 提供饮食及服务, 投合, 迎合",,,cet6-all source:ecdict cet6 cet6-core family:catering family:catered family:caters,6945
cathedral,kә'θi:drәl,n.,n. 大教堂,,,cet6-all source:ecdict cet4 cet6 cet6-core family:cathedrals,7382
catholic,'kæθәlik,n.,"n. 天主教徒\na. 天主教的, 普遍的, 广泛的, 宽宏大量的",,,cet6-all source:ecdict cet6 cet6-core family:catholics,1757
cattle,kætl,n.,"n. 牛, 家畜\n[法] 家畜",,,cet6-all source:ecdict cet4 cet6 family:cattle family:s,3629
causal,'kɒ:zәl,adj.,"a. 原因的, 因果关系的, 表示原因或理由的\nn. 表示原因的连词",,,cet6-all source:ecdict cet6,8904
cause,kɒ:z,n.,"n. 原因, 目标\nvt. 引起, 使产生, 使遭受",,,cet6-all source:ecdict cet4 cet6 family:caused family:causing family:causes,601
caution,'kɒ:ʃәn,n.,"n. 小心, 慎重, 警示\nvt. 警告\n[计] 警告",,,cet6-all source:ecdict cet6 cet6-core family:cautioned family:cautions family:cautioning,5286
cautious,'kɒ:ʃәs,adj.,"a. 谨慎的, 小心的",,,cet6-all source:ecdict cet4 cet6 cet6-core,5231
cave,keiv,n.,"n. 洞, 穴\nvi. 凹陷, 塌落\nvt. 挖洞, 使凹陷, 损坏...的基础",,,cet6-all source:ecdict cet4 cet6 family:caves family:caved family:caving,3562
cavity,'kæviti,n.,"n. 洞, 空穴, 腔\n[化] 空穴",,,cet6-all source:ecdict cet6 cet6-core family:cavities,7556
cease,si:s,n.,"n. 停止\nv. 停止, 终了",,,cet6-all source:ecdict cet4 cet6 family:ceased family:ceases family:ceasing,4470
ceiling,'si:liŋ,n.,"n. 天花板\n[经] 顶点, 顶线, 上限",,,cet6-all source:ecdict cet4 cet6 family:ceilings,2641
celebrate,'selibreit,v.,"v. 庆祝, 祝贺, 举行",,,cet6-all source:ecdict cet4 cet6 family:celebrating family:celebrated family:celebrates,2019
cell,sel,n.,"n. 单元, 细胞, 电池\n[计] 单元",,,cet6-all source:ecdict cet4 cet6 family:cells,895
cellar,'selә,n.,"n. 地窖, 地下室, 藏酒",,,cet6-all source:ecdict cet4 cet6 cet6-core family:cellars,7671
cement,si'ment,n.,"n. 水泥, 胶结剂\nvt. 胶合, 用水泥涂\nvi. 黏牢",,,cet6-all source:ecdict cet4 cet6 family:cements family:cemented family:cementing,6395
censor,'sensә,n.,"n. 检查员\nvt. 检查, 审查, 删改",,,cet6-all source:ecdict cet6 family:censors family:censored family:censoring,10997
cent,sent,n.,n. 分\n[经] 美分,,,cet6-all source:ecdict cet4 cet6 family:cents,
centigrade,'sentigreid,adj.,"a. 百分度的, 摄氏的\n[医] 百分度",,,cet6-all source:ecdict cet4 cet6,
centimetre,"'senti,mi:tә(r)",n.,"n. 厘米, 公分",,,cet6-all source:ecdict cet4 cet6 family:centimetres,
central,'sentrәl,adj.,"a. 中央的, 重要的\n[医] 中央的, 中心的, 中枢的",,,cet6-all source:ecdict cet4 cet6,743
centralize,'sentrәlaiz,vt.,"vt. 集聚, 集中, 施行中央集权\nvi. 集中",,,cet6-all source:ecdict cet6 family:centralized family:centralizing family:centralizes,16971
centre,'sentә,n.,"n. 中心, 中心点, 中锋\na. 中央的, 位在正中的\nvt. 集中, 定中心\nvi. 居中",,,cet6-all source:ecdict cet4 cet6 family:centres family:centred family:centring,
century,'sentʃuri,n.,"n. 世纪, 百年",,,cet6-all source:ecdict cet4 cet6 family:centuries,605
ceramic,si'ræmik,adj.,a. 陶瓷的\nn. 陶瓷制品,,,cet6-all source:ecdict cet6 cet6-core family:ceramics,7807
cereal,'siәriәl,n.,"n. 谷类食品, 谷类植物\na. 谷类的",,,cet6-all source:ecdict cet6 cet6-core family:cereals,6122
ceremony,'serimәni,n.,"n. 典礼, 仪式, 礼节\n[法] 典礼, 仪式",,,cet6-all source:ecdict cet4 cet6 family:ceremonies,2670
certainty,'sә:tәnti,n.,"n. 确定, 确实的事情\n[法] 确定, 肯定, 必然的事",,,cet6-all source:ecdict cet4 cet6 cet6-core family:certainties,5560
certificate,sә'tifikeit,n.,"n. 证书, 证明书\nvt. 发给证明书, 用证书批准, 用证书证明",,,cet6-all source:ecdict cet4 cet6 family:certificates family:certificated family:certificating,5237
chain,tʃein,n.,"n. 链, 枷锁, 束缚\nvt. 用铁练锁住, 束缚, 囚禁",,,cet6-all source:ecdict cet4 cet6 family:chains family:chained family:chaining,1805
chairman,'tʃєәmәn,n.,"n. 主席, 会长\n[经] 主席",,,cet6-all source:ecdict cet4 cet6 family:chairmen family:chairmanning family:chairmanned family:chairmans,1372
chalk,tʃɒ:k,n.,"n. 粉笔, 白垩\nvt. 用粉笔写, 记录",,,cet6-all source:ecdict cet4 cet6 family:chalked family:chalks family:chalking,9095
challenge,'tʃælindʒ,n.,"n. 挑战, 盘问\nvt. 向...挑战, 要求, 怀疑\nvi. 挑战, 对(证据等)表示异议",,,cet6-all source:ecdict cet4 cet6 cet6-core family:challenges family:challenged family:challenging,984
chamber,'tʃeimbә,n.,"n. 室, 房间, 枪膛\nvt. 装(弹药), 把...关在室内\na. 室内的",,,cet6-all source:ecdict cet4 cet6 family:chambers family:chambering family:chambered,2667
champion,'tʃæmpiәn,n.,"n. 冠军, 拥护者, 战士\nvt. 保卫, 拥护\na. 优胜的",,,cet6-all source:ecdict cet4 cet6 cet6-core family:champions family:championed family:championing,2758
channel,'tʃænәl,n.,"n. 海峡, 航道, 频道\nvt. 引导, 在...上挖沟, 形成河道\n[计] 信道, 通道",,,cet6-all source:ecdict cet4 cet6 family:channels family:channelled family:channelling,2518
chaos,'keiɒs,n.,"n. 大混乱, 混沌\n[化] 混沌; 浑沌",,,cet6-all source:ecdict cet4 cet6,3727
chapter,'tʃæptә,n.,"n. 章, 篇, 重要章节\n[计] 章; 段",,,cet6-all source:ecdict cet4 cet6 family:chapters,2976
character,'kærәktә,n.,"n. 个性, 字符, 人物, 性质, 品格, 资格\n[计] 字符",,,cet6-all source:ecdict cet4 cet6 cet6-core family:characters family:charactering family:charactered,786
characteristic,.kærәktә'ristik,n.,"n. 特性, 特征, 特色\na. 特性的, 特有的, 有特色的\n[计] 阶; 指数",,,cet6-all source:ecdict cet4 cet6 cet6-core family:characteristics,2032
characterize,'kærәktәraiz,vt.,"vt. 描绘...的特性, 刻划...的性格",,,cet6-all source:ecdict cet4 cet6 cet6-core family:characterized family:characterizes family:characterizing,2859
charcoal,'tʃɑ:kәul,n.,n. 木炭\n[化] 木炭,,,cet6-all source:ecdict cet6 family:charcoals family:charcoaled family:charcoaling,7448
charge,tʃɑ:dʒ,n.,"n. 指控, 费用, 冲锋, 电荷, 炸药, 主管, 被托管人, 命令\nvt. 控诉, 加罪于, 使充满, 使充电, 使承担\nvi. 冲锋, 要价, 收费",,,cet6-all source:ecdict cet4 cet6 cet6-core family:charges family:charged family:charging,923
charity,'tʃæriti,n.,"n. 慈悲, 博爱, 慈善团体, 施舍\n[法] 宽大, 宽恕, 慈善机关",,,cet6-all source:ecdict cet4 cet6 family:charities,3287
charm,tʃɑ:m,n.,"n. 吸引力, 魔力, 符咒\nvt. 迷住, 使陶醉, 行魔法\nvi. 用符咒, 有魅力",,,cet6-all source:ecdict cet6 family:charms family:charmed family:charming,4768
charming,'tʃɑ:miŋ,adj.,"a. 迷人的, 有吸引力的",,,cet6-all source:ecdict cet4 cet6 family:charm family:i family:charming,5189
chart,tʃɑ:t,n.,"n. 图表, 海图\nvt. 制成图表\n[计] 图表",,,cet6-all source:ecdict cet4 cet6 family:charts family:charting family:charted,2743
charter,'tʃɑ:tә,n.,"n. 特许状, 执照, 宪章\nvt. 特许, 发给特许执照",,,cet6-all source:ecdict cet6 family:charters family:chartered family:chartering,4386
chase,tʃeis,n.,"n. 追求, 狩猎, 追逐\nvt. 追捕, 追逐, 雕刻, 在...上镶嵌宝石\nvi. 追赶, 奔跑",,,cet6-all source:ecdict cet4 cet6 cet6-core family:chasing family:chased family:chases,3312
chasm,'kæzәm,n.,"n. 陷窟, 裂口",,,cet6-all source:ecdict cet6 family:chasms,13437
chatter,'tʃætә,n.,"n. 饶舌, 啁啾, 喋喋不休\nvi. 喋喋不休地谈, (鸟)啭鸣",,,cet6-all source:ecdict cet6 family:chattered family:chattering family:chatters,10403
cheat,tʃi:t,n.,"n. 欺骗, 作弊, 骗子\nv. 欺骗, 逃脱, 骗取",,,cet6-all source:ecdict cet4 cet6 family:cheating family:cheated family:cheats,4369
cheek,tʃi:k,n.,"n. 颊, 厚颜, 脸蛋\n[医] 颊",,,cet6-all source:ecdict cet4 cet6 family:cheeks family:cheeked family:cheeking,2674
cheer,tʃiә,n.,"n. 愉快, 振奋, 欢呼\nvi. 欢呼, 喝彩, 快活起来\nvt. 使振奋, 欢呼",,,cet6-all source:ecdict cet4 cet6 family:cheers family:cheering family:cheered,4621
cheerful,'tʃiәful,adj.,"a. 快活的, 高兴的, 兴高采烈的",,,cet6-all source:ecdict cet4 cet6,7309
chemical,'kemikl,n.,"n. 化学药品\na. 化学的, 化学上用的",,,cet6-all source:ecdict cet4 cet6 family:chemicals,2617
chemist,'kemist,n.,"n. 化学家, 药剂师\n[化] 化学家; 化学师; 化学工作者; 药剂师; 药房",,,cet6-all source:ecdict cet4 cet6 family:chemists,9185
chemistry,'kemistri,n.,"n. 化学, 化学过程\n[化] 化学",,,cet6-all source:ecdict cet4 cet6,4736
cheque,tʃek,n.,n. 支票,,,cet6-all source:ecdict cet4 cet6 family:cheques,31750
cherish,'tʃeriʃ,vt.,"vt. 珍爱, 怀有, 爱护",,,cet6-all source:ecdict cet6 cet6-core family:cherished family:cherishes family:cherishing,8660
chess,tʃes,n.,n. 国际象棋\n[建] 雀麦,,,cet6-all source:ecdict cet4 cet6,6948
chest,tʃest,n.,"n. 胸, 胸部, 衣柜, 箱子\n[医] 胸, 胸廓",,,cet6-all source:ecdict cet4 cet6 family:chests family:chested,1717
chestnut,'tʃesnʌt,n.,"n. 栗子, 栗树, 栗色\na. 栗色的",,,cet6-all source:ecdict cet6 family:chestnuts,8866
chew,tʃu:,vt.,"vt. 咀嚼, 嚼碎\nvi. 咀嚼, 细想\nn. 咀嚼, 咀嚼物",,,cet6-all source:ecdict cet4 cet6 family:chewing family:chewed family:chews,4631
chicken,'tʃikin,n.,"n. 小鸡, 鸡肉",,,cet6-all source:ecdict cet4 cet6 family:chickens family:chickened family:chickening,1538
chill,tʃil,n.,"n. 寒冷, 寒意, 失意\na. 寒冷的, 冷漠的\nvt. 使寒心, 冷冻\nvi. 变冷",,,cet6-all source:ecdict cet4 cet6 family:chilled family:chills family:chilling,4618
chimney,'tʃimni,n.,"n. 烟囱, 灯罩\n[电] 烟囱",,,cet6-all source:ecdict cet4 cet6 family:chimneys,8321
chin,tʃin,n.,"n. 下巴, 颏\n[医] 颏",,,cet6-all source:ecdict cet4 cet6 family:chins family:chinned family:chinning,3947
chip,tʃip,n.,"n. 屑片, 薄片, 碎片\nvt. 削, 切, 削成碎片, 使摔倒, 凿\nvi. 削下屑片\n[计] 孔屑; 组件; 晶片; 芯片",,,cet6-all source:ecdict cet6 cet6-core family:chips family:chipped family:chipping,2159
choice,tʃɒis,n.,"n. 选择, 精选品, 选择权\na. 精选的, 挑三拣四的, 上等的\n[计] DOS内部命令:在批处理文件中\n该命令用于提示用户作出选择, 决定批处理文件的流程",,,cet6-all source:ecdict cet4 cet6 family:choices,630
choke,tʃәuk,vt.,"vt. 窒息, 阻塞, 噎, 抑制\nvi. 窒息, 阻塞, 噎\nn. 窒息, 噎, 阻气门",,,cet6-all source:ecdict cet4 cet6 family:choked family:choking family:chokes,5223
chop,tʃɒp,n.,"n. 肋条肉, 排骨, 砍, 戳记, 商标\nvt. 剁碎, 砍, 切击, 割断\nvi. 砍, 突然转向",,,cet6-all source:ecdict cet4 cet6 family:chopped family:chops family:chopping,3964
chord,kɒ:d,n.,"n. 弦, 和音\n[医] 索, 带",,,cet6-all source:ecdict cet6 cet6-core family:chords family:chording family:chorded,7270
chorus,'kɒ:rәs,n.,"n. 合唱队, 齐声\nv. 齐声说道, 合唱",,,cet6-all source:ecdict cet6 cet6-core family:choruses family:chorused family:chorusing,5274
christ,kraist,n.,"n. 基督, 救世主",,,cet6-all source:ecdict cet6,
christian,'kristʃәn,n.,"n. 基督徒, 正派人\na. 基督的, 基督教的",,,cet6-all source:ecdict cet4 cet6 family:christians,1271
chronic,'krɒnik,adj.,"a. 慢性的, 习惯性的\nn. 慢性病患者",,,cet6-all source:ecdict cet6 cet6-core,3654
chronicle,'krɒnikl,n.,"n. 年代记, 记录, 编年史\nvt. 把...载入编年史",,,cet6-all source:ecdict cet6 family:chronicles family:chronicled family:chronicling,8992
cigar,si'gɑ:,n.,n. 雪茄,,,cet6-all source:ecdict cet6 family:cigars,5696
cigaret,",si^ә'ret,'si-",n.,"n. 纸烟, 卷烟, 香烟",,,cet6-all source:ecdict cet6,36140
circle,'sә:kl,n.,"n. 圆周, 社交圈, 循环, 范围\nvt. 围着, 环绕\nvi. 盘旋, 循环",,,cet6-all source:ecdict cet4 cet6 family:circles family:circled family:circling,1506
circuit,'sә:kit,n.,"n. 电路, 环(行)道, 巡回\n[计] 线路; 电路",,,cet6-all source:ecdict cet4 cet6 family:circuits family:circuited family:circuiting,4023
circular,'sә:kjulә,adj.,"a. 圆形的, 循环的, 间接的\n[医] 环状的, 循环的",,,cet6-all source:ecdict cet4 cet6 family:circulars,6749
circulate,'sә:kjuleit,v.,"v. (使)流通, (使)循环, (使)传播",,,cet6-all source:ecdict cet4 cet6 family:circulated family:circulating family:circulates,5888
circulation,.sә:kju'leiʃәn,n.,"n. 流通, 循环, 发行量\n[化] 环流",,,cet6-all source:ecdict cet6 cet6-core family:circulations,5384
circumference,sә'kʌmfәrәns,n.,"n. 圆周, 周缘, 胸围\n[医] 周缘, 环状面",,,cet6-all source:ecdict cet4 cet6 family:circumferences,15774
circumstance,'sә:kәmstәns,n.,"n. 环境, 状况, 事件",,,cet6-all source:ecdict cet4 cet6 cet6-core family:circumstances,1780
circus,'sә:kәs,n.,"n. 马戏团, 马戏, 竞技场",,,cet6-all source:ecdict cet6 cet6-core family:circuses,6045
cite,sait,vt.,"vt. 引用, 引证, 表彰\n[建] 引证, 指引",,,cet6-all source:ecdict cet6 cet6-core family:cited family:cites family:citing,1932
citizen,'sitizn,n.,"n. 市民, 公民\n[法] 公民, 国民, 市民",,,cet6-all source:ecdict cet4 cet6 family:citizens,1084
civil,'sivәl,adj.,"a. 市民的, 公民的, 有礼貌的\n[法] 公民的, 国民的, 民用的",,,cet6-all source:ecdict cet4 cet6,1050
civilian,si'viljәn,n.,"n. 平民, 民法专家\na. 平民的, 百姓的, 民用的",,,cet6-all source:ecdict cet4 cet6 family:civilians,3219
civilization,si.vilai'zeiʃәn,n.,"n. 文明, 教化\n[法] 文明, 文化, 文明国家的总称",,,cet6-all source:ecdict cet4 cet6 family:civilizations,3459
civilize,'sivilaiz,vt.,"vt. 使开化, 使文明\nvi. 变文明",,,cet6-all source:ecdict cet4 cet6 family:civilized family:civilizing family:civilizes,27624
claim,kleim,n.,"n. 要求, 要求权, 断言, 权利\nvt. 要求, 认领, 主张\nvi. 提出要求, 主张, 断言",,,cet6-all source:ecdict cet4 cet6 cet6-core family:claimed family:claims family:claiming,874
clamp,klæmp,n.,"n. 夹钳\nvt. 夹紧, 强加",,,cet6-all source:ecdict cet6 cet6-core family:clamped family:clamping family:clamps,8228
clap,klæp,n.,"n. 拍手, 拍手声, 霹雳声, 花柳病\nv. 鼓掌, (使)啪地关上",,,cet6-all source:ecdict cet4 cet6 family:clapped family:clapping family:claps,6723
clarify,'klærifai,vi.,"vi. 澄清, 阐明\nvt. 使明晰",,,cet6-all source:ecdict cet4 cet6 family:clarified family:clarifying family:clarifies,5050
clash,klæʃ,n.,"n. 冲突, 撞击声, 抵触\nvi. 冲突, 抵触\nvt. 使发出撞击声\n[计] 对撞",,,cet6-all source:ecdict cet6 cet6-core family:clashes family:clashed family:clashing,6143
clasp,klɑ:sp,n.,"n. 扣子, 钩, 紧握\nv. 扣紧, 紧握",,,cet6-all source:ecdict cet4 cet6 cet6-core family:clasped family:clasping family:clasps,8998
classic,'klæsik,n.,"n. 古典作品, 杰作, 大艺术家\na. 第一流的, 最优秀的, 古典的",,,cet6-all source:ecdict cet4 cet6 cet6-core family:classics,2616
classical,'klæsikl,adj.,"a. 古典的, 正统派的, 经典的\n[医] 古典的; 标准的, 典型的",,,cet6-all source:ecdict cet4 cet6 cet6-core family:classicals,3489
classification,.klæsifi'keiʃәn,n.,"n. 分类, 分级\n[化] 分级; 分粒; 分类",,,cet6-all source:ecdict cet4 cet6 cet6-core family:classifications,5891
classify,'klæsifai,vt.,"vt. 分类, 归类, 分等\n[建] 分类, 分级, 分粒",,,cet6-all source:ecdict cet4 cet6 family:classified family:classifying family:classifies,4515
clatter,'klætә,n.,"n. 咔嗒声, 哗啦声, 嘈杂的谈笑声\nvi. 发出哗啦声, 喧闹的谈笑\nvt. 使咔嗒咔嗒地响",,,cet6-all source:ecdict cet6 family:clattered family:clattering family:clatters,13632
claw,klɒ:,n.,"n. 爪, 螯, 抓伤\nv. 用爪抓, 挖, 搜刮",,,cet6-all source:ecdict cet4 cet6 family:claws family:clawed family:clawing,6934
clay,klei,n.,"n. 泥土, 肉体, 黏土\n[化] 粘土",,,cet6-all source:ecdict cet4 cet6 family:clays,4771
cleanliness,'klenlinis,n.,"n. 清洁, 干净",,,cet6-all source:ecdict cet6,15059
clearing,'kliәriŋ,n.,"n. 清扫, 空地, 票据清算\n[经] 票据交换, 结算, 结帐",,,cet6-all source:ecdict cet6 family:clear family:i family:clearing family:clearings,8009
client,'klaiәnt,n.,"n. 客户, 顾客, 委托人\n[计] 客户, 客户机, 客户机程序",,,cet6-all source:ecdict cet6 cet6-core family:clients,1157
cliff,klif,n.,"n. 悬崖, 绝壁",,,cet6-all source:ecdict cet4 cet6 cet6-core family:cliffs,4312
climax,'klaimæks,n.,"n. 高潮, 极点, 层进法\nv. (使)达到顶点, (使)达到高潮",,,cet6-all source:ecdict cet6 cet6-core family:climaxes family:climaxed family:climaxing,10683
climb,klaim,v.,"v. 攀登, 上升, 爬\nn. 攀登, 爬升",,,cet6-all source:ecdict cet4 cet6 family:climbed family:climbing family:climbs,1566
cling,kliŋ,vi.,"vi. 粘紧, 附着, 紧贴, 坚持",,,cet6-all source:ecdict cet6 cet6-core family:clung family:clinging family:clings,4605
clinic,'klinik,n.,"n. 诊所, 临床教学\n[医] 诊所(门诊部); 临床(讲解); 临床(学)科",,,cet6-all source:ecdict cet6 family:clinics,2388
clinical,'klinikәl,adj.,"a. 临床的, 门诊部的\n[医] 临床的, 临证的",,,cet6-all source:ecdict cet6,2584
clip,klip,n.,"n. 修剪, 夹子, 回形针, 剪下来的东西\nvt. 修剪, 痛打, 夹牢, 剪报\nvi. 剪报",,,cet6-all source:ecdict cet6 cet6-core family:clips family:clipped family:clipping,4208
cloak,klәuk,n.,"n. 斗蓬, 大氅, 掩护\nvt. 遮掩, 隐匿, 使披斗蓬",,,cet6-all source:ecdict cet4 cet6 family:cloaks family:cloaked family:cloaking,8441
clockwise,'klɒkwaiz,adj.,a. 顺时针方向的\nadv. 顺时针方向地,,,cet6-all source:ecdict cet6 cet6-core,11482
closet,'klɒzit,n.,"n. 壁橱, 小室\na. 秘密的, 空谈的\nvt. 把...关入小室",,,cet6-all source:ecdict cet6 cet6-core family:closets family:closeted family:closetting,3473
clown,klaun,n.,"n. 小丑, 乡下人",,,cet6-all source:ecdict cet6 family:clowns family:clowning family:clowned,6889
clue,klu:,n.,"n. 线索, 暗示\nvt. 暗示, 提供线索",,,cet6-all source:ecdict cet4 cet6 cet6-core family:clues family:clued family:cluing,3331
clumsy,'klʌmzi,adj.,"a. 笨拙的, 不雅观的, 粗陋的",,,cet6-all source:ecdict cet4 cet6 family:clumsier family:clumsiest,9209
cluster,'klʌstә,n.,"n. 串, 丛, 群, 簇\nvi. 成串, 丛生\nvt. 使聚集\n[计] 簇",,,cet6-all source:ecdict cet6 cet6-core family:clusters family:clustered family:clustering,3200
clutch,klʌtʃ,n.,"n. 抓紧, 掌握, 离合器, 一窝小鸡\nvt. 抓住, 踩汽车离合器踏板\nvi. 抓\n[计] 联轴器; 离合器",,,cet6-all source:ecdict cet6 cet6-core family:clutching family:clutched family:clutches,5145
coach,kәutʃ,n.,"n. 四轮大马车, 教练\nvt. 训练, 指导\nvi. 坐马车旅行, 作指导",,,cet6-all source:ecdict cet4 cet6 family:coaches family:coaching family:coached,1033
coal,kәul,n.,"n. 煤, 木炭\nv. 加煤",,,cet6-all source:ecdict cet4 cet6 family:coals family:coaling family:coaled,3336
coalition,.kәuә'liʃәn,n.,"n. 结合体, 结合, 联合\n[经] 联合, 联盟",,,cet6-all source:ecdict cet6 cet6-core family:coalitions,2241
coarse,kɒ:s,adj.,"a. 粗糙的, 下等的, 粗俗的\n[计] 粗略的",,,cet6-all source:ecdict cet4 cet6 cet6-core family:coarser family:coarsest family:coarsing,7903
coast,kәust,n.,"n. 海岸, 滑坡\nv. 沿海岸而行",,,cet6-all source:ecdict cet4 cet6 family:coasts family:coasting family:coasted,2436
coastal,'kәustәl,adj.,"a. 海岸的, 沿海的, 沿岸的\n[法] 海岸的, 沿海的",,,cet6-all source:ecdict cet6,4039
cock,kɒk,n.,"n. 公鸡, 雄禽, 龙头, 头目, 锥形小干草堆\nvt. 使耸立, 使竖起, 堆成锥形小干草堆\nvi. 大摇大摆地走, 翘起",,,cet6-all source:ecdict cet4 cet6 family:cocks family:cocked family:cocking,8484
coefficient,kәui'fiʃәnt,n.,n. 系数\n[计] 系数,,,cet6-all source:ecdict cet6 family:coefficients,5977
coffin,'kɒfin,n.,"n. 棺材, 灵柩\nvt. 把...装进棺材",,,cet6-all source:ecdict cet6 family:coffins family:coffining family:coffined,6258
cognitive,'kɒgnitiv,adj.,"a. 认知的, 认识的",,,cet6-all source:ecdict cet6 cet6-core,3344
coherent,kәu'hiәrәnt,adj.,"a. 互相耦合的, 清晰的, 明了的，凝聚性的, 连贯的",,,cet6-all source:ecdict cet6 cet6-core,7004
coil,kɒil,n.,"n. 线圈, 盘绕, 骚动, 卷\nvt. 盘绕, 卷",,,cet6-all source:ecdict cet4 cet6 family:coils family:coiled family:coiling,9217
coin,kɒin,n.,"n. 硬币, 金钱, 货币\nvt. 铸币, 创造, 杜撰",,,cet6-all source:ecdict cet4 cet6 family:coins family:coined family:coining,4376
coincide,.kәuin'said,vi.,"vi. 一致, 符合\n[化] 重合",,,cet6-all source:ecdict cet6 cet6-core family:coincided family:coincides family:coinciding,6656
coincidence,kәu'insidәns,n.,"n. 巧合, 同时发生\n[电] 符合计数器",,,cet6-all source:ecdict cet6 cet6-core family:coincidences,5812
collaborate,kә'læbәreit,vi.,"vi. 合作, 勾结\n[法] 合作, 合著, 通敌",,,cet6-all source:ecdict cet4 cet6 family:collaborating family:collaborated family:collaborates,6388
collaboration,kә.læbә'ræʃәn,n.,"n. 合作, 勾结\n[法] 通敌卖国者, 奸细",,,cet6-all source:ecdict cet6 cet6-core family:collaborations,4176
collapse,kә'læps,n.,"n. 崩溃, 倒塌, 虚脱\nvi. 倒塌, 崩溃, 瓦解\nvt. 使倒塌, 折叠\n[计] 折叠",,,cet6-all source:ecdict cet4 cet6 cet6-core family:collapsed family:collapsing family:collapses,3212
collar,'kɒlә,n.,"n. 衣领, 颈圈\nvt. 控制, 扭住衣领, 给...装上领子",,,cet6-all source:ecdict cet4 cet6 family:collars family:collaring family:collared,4548
colleague,'kɒli:g,n.,"n. 同事, 同僚",,,cet6-all source:ecdict cet4 cet6 cet6-core family:colleagues,1518
collect,kә'lekt,v.,"v. 收集, 聚集, 集中, 搜集\na. 由收到者付款的\nadv. 由收到者付款地",,,cet6-all source:ecdict cet4 cet6 family:collected family:collecting family:collects,1318
collection,kә'lekʃәn,n.,"n. 收集, 采集, (一批)收藏品, 募捐\n[医] 收集; 收集品, 标本",,,cet6-all source:ecdict cet4 cet6 family:collections,1045
collective,kә'leiktiv,adj.,"a. 集体的, 聚集的, 共同的\n[医] 集体的, 集合的",,,cet6-all source:ecdict cet4 cet6 family:collectives,3342
collide,kә'laid,vi.,"vi. 碰撞, 互撞, 抵触",,,cet6-all source:ecdict cet6 cet6-core family:collided family:colliding family:collides,7588
collision,kә'liʒәn,n.,"n. 碰撞, 冲突, 抵触\n[计] 冲突",,,cet6-all source:ecdict cet4 cet6 cet6-core family:collisions,5633
colonel,'kә:nәl,n.,"n. 陆军上校, 长官",,,cet6-all source:ecdict cet4 cet6 family:colonels,6593
colonial,kә'lәunjәl,adj.,"a. 殖民的, 殖民地的\n[法] 殖民地居民",,,cet6-all source:ecdict cet6 cet6-core family:colonials,3321
colonist,'kɒlәnist,n.,"n. 殖民地居民, 移民",,,cet6-all source:ecdict cet6 family:colonists,9569
colony,'kɒlәni,n.,"n. 殖民地, 移民队\n[医] 菌(集)落, 菌丛; 移民区",,,cet6-all source:ecdict cet4 cet6 family:colonies,3673
column,'kɒlәm,n.,"n. 专栏, 圆柱, 纵队, 列, 柱形物\n[计] 列, 柱形图",,,cet6-all source:ecdict cet4 cet6 family:columns,2074
comb,kәum,n.,"n. 头梳, 鸡冠\nvt. 梳头发, 梳毛\nvi. (浪)涌起",,,cet6-all source:ecdict cet4 cet6 family:combed family:combing family:combs,7329
combat,'kɒmbæt,n.,"n. 争斗, 战斗\nvi. 战斗, 争斗\nvt. 与...战斗, 与...斗争",,,cet6-all source:ecdict cet6 cet6-core family:combating family:combats family:combatted family:combated,3412
combination,.kɒmbi'neiʃәn,n.,"n. 组合, 合并, 联合\n[计] 组合图",,,cet6-all source:ecdict cet4 cet6 cet6-core family:combinations,1808
combine,kәm'bain,v.,"v. (使)联合, (使)结合\nn. (企业的)联合, 联合收割机",,,cet6-all source:ecdict cet4 cet6 cet6-core family:combined family:combining family:combines,1448
combustion,kәm'bʌstʃәn,n.,"n. 燃烧, 骚动\n[化] 燃烧",,,cet6-all source:ecdict cet6 family:combustions,9802
comedy,'kɒmidi,n.,"n. 喜剧, 有趣的事情",,,cet6-all source:ecdict cet4 cet6 family:comedies,3216
comfort,'kʌmfәt,n.,"n. 舒适, 安慰, 安慰者\nvt. 安慰",,,cet6-all source:ecdict cet4 cet6 family:comforts family:comforted family:comforting,2928
comfortable,'kʌmfәtәbl,adj.,"a. 舒服的, 轻松的\nn. 盖被",,,cet6-all source:ecdict cet4 cet6,1701
command,kә'mɑ:nd,n.,"n. 命令, 指挥, 控制, 部队, 司令部\nv. 命令, 指挥, 控制\n[计] 命令; 指令; DOS外部命令:启动新的命令处理器",,,cet6-all source:ecdict cet4 cet6 cet6-core family:commands family:commanded family:commanding,2378
commander,kә'mɑ:ndә,n.,"n. 司令官, 指挥官",,,cet6-all source:ecdict cet4 cet6 family:commanders,2355
commence,kә'mens,v.,"v. (使)开始, 得学位",,,cet6-all source:ecdict cet6 cet6-core family:commenced family:commencing family:commences,9454
commend,kә'mend,vt.,"vt. 嘉奖, 委托给, 推荐",,,cet6-all source:ecdict cet6 cet6-core family:commended family:commends family:commending,10548
comment,'kɒment,n.,"n. 注解, 批评, 评论, 备注\nvi. 评论, 注解\n[计] 备注",,,cet6-all source:ecdict cet4 cet6 family:comments family:commented family:commenting,1363
commentary,'kɒmәntәri,n.,"n. 注释, 评论, 说明\n[法] 注释, 评注, 评论",,,cet6-all source:ecdict cet6 cet6-core family:commentaries,5032
commerce,'kɒmә:s,n.,"n. 商业, 商务, 贸易\n[经] 商业, 贸易, 商务",,,cet6-all source:ecdict cet4 cet6,4647
commercial,kә'mә:ʃәl,adj.,"a. 商业的, 商用的, 商品化的\nn. 商业广告节目",,,cet6-all source:ecdict cet4 cet6 cet6-core family:commercials,1027
commission,kә'miʃәn,n.,"n. 委任状, 任官令, 所委职责, 佣金, 犯, 委托, 所托之事\nvt. 委任, 委托制作, 使服役",,,cet6-all source:ecdict cet4 cet6 cet6-core family:commissioned family:commissions family:commissioning,2379
commit,kә'mit,vt.,"vt. 委托(托付), 犯罪, 指派...作战, 使承担义务\n[法] 犯, 做, 把...交托给",,,cet6-all source:ecdict cet4 cet6 cet6-core family:committed family:committing family:commits,1394
commitment,kә'mitmәnt,n.,"n. 委托, 交押, 承担义务, 赞助\n[医] 院禁",,,cet6-all source:ecdict cet4 cet6 cet6-core family:commitments,1616
committee,kә'miti,n.,n. 委员会\n[经] 委员会,,,cet6-all source:ecdict cet4 cet6 cet6-core family:committees,1428
commodity,kә'mɒditi,n.,"n. 农产品, 商品, 有用的物品\n[经] 商品, 货物, 日用品",,,cet6-all source:ecdict cet6 cet6-core family:commodities,4581
common,'kɒmәn,adj.,"a. 通常的, 共同的, 通俗的, 公共的\n[计] 公用块",,,cet6-all source:ecdict cet4 cet6,710
commonly,'kɒmәnli,adv.,"adv. 一般, 普通, 通常",,,cet6-all source:ecdict cet4 cet6,3755
commonplace,'kɒmәnpleis,n.,"n. 寻常事, 老生常谈, 普通的东西\na. 平凡的, 普通的",,,cet6-all source:ecdict cet6 cet6-core family:commonplaces,8669
commonsense,",kɔmәn'sens",adj.,"a. 有常识的, 一望而知的, 明明白白的",,,cet6-all source:ecdict cet6,21690
commonwealth,'kɔmәnwelθ,n.,n. 共和国；联邦；国民整体,,,cet6-all source:ecdict cet6 cet6-core,14121
communicate,kә'mju:nikeit,vt.,"vt. 显露, 传达, 感染\nvi. 通讯",,,cet6-all source:ecdict cet4 cet6 cet6-core family:communicated family:communicating family:communicates,2672
communication,kә.mju:ni'keiʃәn,n.,"n. 交流, 交通, 通讯\n[计] 通信",,,cet6-all source:ecdict cet4 cet6 cet6-core family:communications,1250
communism,'kɒmjunizm,n.,n. 共产主义,,,cet6-all source:ecdict cet4 cet6,7085
communist,'kɒmjunist,n.,"n. 共产主义者, 共产党员\n[法] 共产主义的, 共产党的",,,cet6-all source:ecdict cet4 cet6 family:communists,5543
community,kә'mju:niti,n.,"n. 社区, 公众, 共有, 共同体\n[经] 公众, 共有, 社会",,,cet6-all source:ecdict cet4 cet6 cet6-core family:communities,296
commute,kә'mju:t,vt.,"vt. 交换, 折偿, 减轻\nvi. 代偿, 经常乘车来往",,,cet6-all source:ecdict cet6 cet6-core family:commuting family:commuted family:commutes,6867
compact,kәm'pækt,adj.,"a. 紧凑的, 紧密的, 简洁的\nvt. 使紧密结合, 压缩\nvi. 变坚实",,,cet6-all source:ecdict cet6 cet6-core family:compacts family:compacted family:compacting family:compacter,6203
companion,kәm'pænjәn,n.,"n. 朋友, 陪伴, 指南, 升降口围罩\nvt. 陪伴",,,cet6-all source:ecdict cet4 cet6 cet6-core family:companions family:companioning family:companioned,3547
comparable,'kɒmpәrәbl,adj.,"a. 可比较的, 比得上的",,,cet6-all source:ecdict cet4 cet6 cet6-core,4639
comparative,kәm'pærәtiv,adj.,"a. 比较的, 相对的\nn. 对手",,,cet6-all source:ecdict cet4 cet6 family:comparatives,6267
compare,kәm'pєә,vt.,"vt. 比较, 比喻, 对照\nvi. 相比\nn. 比较\n[计] 比较",,,cet6-all source:ecdict cet4 cet6 cet6-core family:compared family:comparing family:compares,831
compass,'kʌmpәs,n.,"n. 指南针, 范围, 音域\nvt. 包围, 达到, 图谋, 理解",,,cet6-all source:ecdict cet4 cet6 family:compasses family:compassed family:compassing,7958
compatibility,kәm.pætә'biliti,n.,n. 兼容性\n[计] 兼容性,,,cet6-all source:ecdict cet6 family:compatibilities,12951
compatible,kәm'pætәbl,adj.,"a. 能共处的, 可并立的, 适合的\n[计] 相容的; 兼容的",,,cet6-all source:ecdict cet6 cet6-core family:compatibles,7017
compatriot,kәm'pætriәt,n.,"n. 同国人\na. 同国的, 同胞的",,,cet6-all source:ecdict cet6 family:compatriots,15497
compel,kәm'pel,vt.,"vt. 强迫, 迫使",,,cet6-all source:ecdict cet4 cet6 cet6-core family:compelled family:compelling family:compels,4449
compensate,'kɒmpenseit,v.,"v. 偿还, 补偿, 付报酬",,,cet6-all source:ecdict cet6 cet6-core family:compensated family:compensating family:compensates,5037
compensation,.kɒmpen'seiʃәn,n.,"n. 补偿, 赔偿金, 工资\n[医] 代偿(机能), 补偿",,,cet6-all source:ecdict cet6 family:compensations,3796
compete,kәm'pi:t,vi.,"vi. 竞争, 对抗",,,cet6-all source:ecdict cet4 cet6 cet6-core family:competing family:competed family:competes,2065
competence,'kɒmpitәns,n.,"n. 胜任, 职称, 能力\n[医] 能力, 活性",,,cet6-all source:ecdict cet6 cet6-core family:competences,5191
competent,'kɒmpitәnt,adj.,"a. 能干的, 胜任的, 有效的, 足够的\n[经] 有权的, 授权的, 胜任的",,,cet6-all source:ecdict cet4 cet6,5797
competition,.kɒmpi'tiʃәn,n.,"n. 竞争, 竞赛\n[经] 竞争, 竞销, 比赛",,,cet6-all source:ecdict cet4 cet6 family:competitions,1345
competitive,kәm'petitiv,adj.,a. 竞争的\n[经] 竞争的,,,cet6-all source:ecdict cet4 cet6 cet6-core,2307
competitor,kәm'petitә,n.,"n. 竞争者\n[经] 竞争者, 竞争对手",,,cet6-all source:ecdict cet6 family:competitors,3259
compile,kәm'pail,vt.,"vt. 编译, 编辑, 编纂, 收集\n[计] 编译",,,cet6-all source:ecdict cet4 cet6 cet6-core family:compiled family:compiling family:compiles,5289
complain,kәm'plein,v.,"v. 抱怨, 抗议, 控诉",,,cet6-all source:ecdict cet4 cet6 cet6-core family:complained family:complaining family:complains,1859
complaint,kәm'pleint,n.,"n. 诉苦, 抱怨, 控诉\n[医] 陈诉; 病",,,cet6-all source:ecdict cet4 cet6 cet6-core family:complaints,2325
complement,'kɒmplimәnt,n.,"n. 补足物, 补语, 补数\nvt. 补充, 补足\n[计] 补码; 反相器; 补数",,,cet6-all source:ecdict cet6 cet6-core family:complemented family:complements family:complementing,6760
complete,kәm'pli:t,adj.,"a. 完全的, 十足的, 完成的\nvt. 完成, 完工, 使圆满",,,cet6-all source:ecdict cet4 cet6 family:completed family:completing family:completes,1207
completely,kәm'pli:tli,adv.,"adv. 完全地, 十分地, 圆满地",,,cet6-all source:ecdict cet4 cet6,1169
completion,kәm'pli:ʃәn,n.,"n. 完成\n[经] 完井, 结束, 完工",,,cet6-all source:ecdict cet6 family:completions,5019
complex,kәm'pleks,n.,"n. 综合体, 情结, 络合物\na. 复杂的, 组合的",,,cet6-all source:ecdict cet4 cet6 cet6-core family:complexes family:complexed,1598
complexity,kәm'pleksiti,n.,"n. 复杂, 复杂性, 复杂的事物",,,cet6-all source:ecdict cet6 family:complexities,3757
complicate,'kɒmplikeit,vt.,"vt. 弄复杂, 使错综, 使恶化\nvi. 变复杂",,,cet6-all source:ecdict cet4 cet6 family:complicated family:complicates family:complicating,5983
complicated,'kɒmplikeitid,adj.,a. 复杂的\n[医] 并发的,,,cet6-all source:ecdict cet4 cet6 cet6-core family:complicated family:dp,2750
complication,.kɒmpli'keiʃәn,n.,"n. 复杂化, 复杂情况\n[医] 并发症, 并发病",,,cet6-all source:ecdict cet6 cet6-core family:complications,4995
compliment,'kɒmplimәnt,n.,"n. 称赞, 恭维, 敬意\nvt. 称赞, 褒扬, 恭维",,,cet6-all source:ecdict cet6 cet6-core family:compliments family:complimented family:complimenting,7568
comply,kәm'plai,vi.,"vi. 顺从, 依从\n[法] 遵守, 承诺, 照做",,,cet6-all source:ecdict cet6 cet6-core family:complied family:complying family:complies,4637
component,kәm'pәunәnt,n.,"n. 元件, 组件, 成分\na. 组成的, 构成的\n[计] 组件",,,cet6-all source:ecdict cet4 cet6 cet6-core family:components,1760
compose,kәm'pәuz,vt.,"vt. 组成, 写作, 作曲, 使平静\nvi. 创作, 排字\n[计] 编写",,,cet6-all source:ecdict cet4 cet6 cet6-core family:composed family:composing family:composes,3379
composer,kәm'pәuzә,n.,"n. 作曲家, 作家, 调停者",,,cet6-all source:ecdict cet6 family:composers,4999
composite,kәm'pɒzit,adj.,"a. 合成的, 混合成的, 菊科的\nn. 合成物, 复合材料, 菊科",,,cet6-all source:ecdict cet6 cet6-core family:composites,6741
composition,kɒmpә'ziʃәn,n.,"n. 作文, 创作, 组成\n[化] 成分; 组成",,,cet6-all source:ecdict cet4 cet6 family:compositions,3000
compound,kәm'paund,n.,"n. 混合物, 复合词, 化合物, 院子\na. 复合的, 混合的, 化合的\nvi. 化合, 和解, 妥协\nvt. 使复合, 使化合",,,cet6-all source:ecdict cet4 cet6 cet6-core family:compounds family:compounded family:compounding,3428
comprehend,.kɒmpri'hend,vt.,"vt. 理解, 包括",,,cet6-all source:ecdict cet6 family:comprehended family:comprehending family:comprehends,6899
comprehension,.kɒmpri'henʃәn,n.,"n. 理解, 包含",,,cet6-all source:ecdict cet4 cet6 cet6-core,7826
comprehensive,.kɒmpri'hensiv,adj.,"a. 广泛的, 有理解力的, 综合的\n[经] 广泛的, 综合的, 全面的",,,cet6-all source:ecdict cet4 cet6 cet6-core family:comprehensives,2896
compress,kәm'pres,vt.,"vt. 压缩, 压紧\nvi. 受压缩小\n[计] 压缩程序",,,cet6-all source:ecdict cet4 cet6 family:compressed family:compressing family:compresses,9510
compression,kәm'preʃәn,n.,"n. 压缩, 压紧\n[计] 压缩",,,cet6-all source:ecdict cet6 family:compressions,8364
comprise,kәm'praiz,vt.,"vt. 包含, 构成",,,cet6-all source:ecdict cet4 cet6 family:comprising family:comprises family:comprised,4392
compromise,'kɒmprәmaiz,n.,"n. 妥协, 折中, 折中方案, 和解\nvi. 妥协处理\nvt. 危害",,,cet6-all source:ecdict cet4 cet6 cet6-core family:compromises family:compromised family:compromising,3751
compulsory,kәm'pʌlsәri,adj.,"a. 被强制的, 强迫的, 义务的\n[经] 强迫的, 强制的",,,cet6-all source:ecdict cet6 cet6-core,12735
compute,kәm'pju:t,v.,"v. 计算, 估算\nn. 计算, 估算",,,cet6-all source:ecdict cet4 cet6 cet6-core family:computed family:computing family:computes,7824
comrade,'kɒmreid,n.,"n. 同志, 伙伴",,,cet6-all source:ecdict cet4 cet6 family:comrades,7425
conceal,kәn'si:l,vt.,"vt. 隐藏, 掩盖, 隐瞒\n[法] 隐瞒, 隐匿, 保守秘密",,,cet6-all source:ecdict cet4 cet6 family:concealed family:concealing family:conceals,5148
concede,kәn'si:d,vt.,"vt. 承认, 退让\nvi. 让步",,,cet6-all source:ecdict cet6 cet6-core family:conceded family:conceding family:concedes,4192
conceit,kәn'si:t,n.,"n. 自负, 空想, 狂妄",,,cet6-all source:ecdict cet6 family:conceits,17757
conceive,kәn'si:v,vt.,"vt. 构思, 认为\nvi. 怀孕",,,cet6-all source:ecdict cet6 cet6-core family:conceived family:conceives family:conceiving,4169
concentrate,'kɒnsәntreit,n.,"n. 浓缩, 精选\nv. 集中, 专心",,,cet6-all source:ecdict cet4 cet6 cet6-core family:concentrated family:concentrating family:concentrates,2358
concentrated,'kɒnsәntreitid,adj.,"a. 集中的, 浓缩的\n[建] 浓的",,,cet6-all source:ecdict cet6 family:concentrate family:dp family:concentrated,10098
concentration,.kɒnsәn'treiʃәn,n.,"n. 集中, 专心\n[化] 浓度; 浓缩",,,cet6-all source:ecdict cet4 cet6 cet6-core family:concentrations,2752
concept,'kɒnsept,n.,"n. 观念, 概念\n[医] 概念",,,cet6-all source:ecdict cet4 cet6 cet6-core family:concepts,1158
conception,kɒn'sepʃәn,n.,"n. 观念, 概念\n[医] 妊娠, 受孕; 概念",,,cet6-all source:ecdict cet6 cet6-core family:conceptions,4636
concern,kәn'sә:n,n.,"n. 关心, 忧虑\nvt. 与...有关, 使担心, 使挂念",,,cet6-all source:ecdict cet4 cet6 cet6-core family:concerns family:concerned family:concerning,717
concerning,kәn'sә:niŋ,prep.,prep. 关于\n[法] 关于,,,cet6-all source:ecdict cet4 cet6 family:concern family:i,3395
concert,'kɒnsәt,n.,"n. 音乐会, 和声, 一致\nvt. 协力, 协调\nvi. 协力\n[计] 美国北卡罗来纳州Internet网",,,cet6-all source:ecdict cet4 cet6 family:concerts family:concerting,2515
concession,kәn'seʃәn,n.,"n. 特许, 让步, 认可\n[经] 核准, 许可, 特殊(权)",,,cet6-all source:ecdict cet6 family:concessions,5001
concise,kәn'sais,adj.,"a. 简洁的, 简明的",,,cet6-all source:ecdict cet6 cet6-core,15935
conclude,kәn'klu:d,vt.,"vt. 结束, 作结论, 推断\nvi. 结束, 推断",,,cet6-all source:ecdict cet4 cet6 cet6-core family:concluded family:concludes family:concluding,1670
conclusion,kәn'klu:ʒәn,n.,"n. 结论, 结尾, 推论\n[法] 缔结, 结论, 推论",,,cet6-all source:ecdict cet4 cet6 family:conclusions,1666
concrete,'kɒnkri:t,n.,"n. 凝结物, 混凝土\na. 具体的, 实在的, 混凝土的\nv. (使)凝结, 用混凝土浇筑",,,cet6-all source:ecdict cet4 cet6 family:concreting family:concreted family:concretes,3310
condemn,kәn'dem,vt.,"vt. 判刑, 责备, 谴责\n[法] 定罪, 判刑, 宣告有罪",,,cet6-all source:ecdict cet4 cet6 cet6-core family:condemned family:condemning family:condemns,4138
condense,kәn'dens,vt.,"vt. 使浓缩, 使压缩, 缩短\nvi. 浓缩, 凝结",,,cet6-all source:ecdict cet4 cet6 cet6-core family:condensed family:condensing family:condenses,13674
condition,kәn'diʃәn,n.,"n. 情况, 条件\nvt. 使健康, 以...为条件, 决定, 使适应\n[计] 条件",,,cet6-all source:ecdict cet4 cet6 family:conditions family:conditioned family:conditioning,629
conduct,"'kɔndʌkt, -dәkt",n.,"n. 行为, 举动, 指导\nvt. 为人, 指挥, 管理, 实施\nvi. 领导, 传导, 指挥",,,cet6-all source:ecdict cet4 cet6 cet6-core family:conducted family:conducting family:conducts,1162
conductor,kәn'dʌktә,n.,"n. 领导者, 指挥者, 售票员, 向导\n[化] 导体",,,cet6-all source:ecdict cet4 cet6 family:conductors,5912
confer,kәn'fә:,vt.,"vt. 授予, 带来\nvi. 协商",,,cet6-all source:ecdict cet6 cet6-core family:conferred family:confers family:conferring,7144
conference,'kɒnfәrәns,n.,"n. 会议\n[经] 会议, 讨论会, 协商会",,,cet6-all source:ecdict cet4 cet6 cet6-core family:conferences,965
confess,kәn'fes,v.,"v. 承认, 坦白, 忏悔, 供认",,,cet6-all source:ecdict cet4 cet6 family:confessed family:confesses family:confessing,3950
confidence,'kɒnfidәns,n.,n. 信心\n[电] 可靠,,,cet6-all source:ecdict cet4 cet6 cet6-core family:confidences,1870
confident,'kɒnfidәnt,adj.,"a. 有信心的, 有把握的",,,cet6-all source:ecdict cet4 cet6 cet6-core,2866
confidential,.kɒnfi'denʃәl,adj.,"a. 机密的, 获他人信赖的, 易于信任他人的\n[经] 秘密件",,,cet6-all source:ecdict cet6 cet6-core,7010
configuration,kәn.figju'reiʃәn,n.,"n. 结构, 表面配置, 外形, 配置\n[计] 配置",,,cet6-all source:ecdict cet6 cet6-core family:configurations,6153
confine,kәn'fain,vt.,"vt. 限制, 使不外出, 禁闭\nvi. 邻接, 交界\nn. 边缘, 范围, 区域",,,cet6-all source:ecdict cet4 cet6 cet6-core family:confined family:confines family:confining,5337
confirm,kәn'fә:m,vt.,"vt. 证实, 确定, 批准, 使巩固\n[计] 确认",,,cet6-all source:ecdict cet4 cet6 cet6-core family:confirmed family:confirms family:confirming,1851
confirmation,.kɒnfә'meiʃәn,n.,"n. 证实, 证明, 批准, 确认\n[计] 确认",,,cet6-all source:ecdict cet6 family:confirmations,5360
conflict,'kɒnflikt,n.,"n. 战斗, 冲突, 矛盾, 争执\nvi. 争执, 战斗, 冲突, 抵触\n[计] 冲突",,,cet6-all source:ecdict cet4 cet6 cet6-core family:conflicts family:conflicted family:conflicting,1179
conform,kәn'fɒ:m,vt.,"vt. 使一致, 使遵守, 使符合\nvi. 一致, 符合, 适应",,,cet6-all source:ecdict cet6 cet6-core family:conforms family:conforming family:conformed,6957
conformity,kәn'fɒ:miti,n.,"n. 遵照, 适合, 一致, 相似\n[计] 符合度",,,cet6-all source:ecdict cet6,11474
confront,kәn'frʌnt,vt.,"vt. 使面对, 对抗, 遭遇, 使对质, 比较\n[法] 对证, 使对质, 比较",,,cet6-all source:ecdict cet6 cet6-core family:confronted family:confronting family:confronts,2415
confrontation,.kɔnfrʌn'teiʃәn,n.,n. 对抗；对质；面对,,,cet6-all source:ecdict cet6 family:confrontations,4459
confuse,kәn'fju:z,vt.,"vt. 使混乱, 使狼狈, 使困惑\n[法] 混淆",,,cet6-all source:ecdict cet4 cet6 family:confused family:confusing family:confuses,3518
confusion,kәn'fju:ʒәn,n.,"n. 混乱, 混淆, 无秩序\n[计] 含混",,,cet6-all source:ecdict cet4 cet6 cet6-core family:confusions,3335
congest,kәn'dʒest,vt.,"vt. 使充满, 使拥塞, 使充血\nvi. 充塞, 充血, 拥挤",,,cet6-all source:ecdict cet6 family:cong family:t family:congesting family:congested family:congests,
congratulate,kәn'grætʃәleit,vt.,"vt. 祝贺, 庆贺",,,cet6-all source:ecdict cet4 cet6 family:congratulated family:congratulating family:congratulates,8361
congratulation,kәn.grætʃә'leiʃәn,n.,"n. 祝贺, 恭喜",,,cet6-all source:ecdict cet4 cet6,
congress,'kɒŋgres,n.,"n. 国会, 会议, 讨论会\n[医] 会议, 会合",,,cet6-all source:ecdict cet4 cet6 cet6-core family:congresses,638
conjunction,kәn'dʒʌŋkʃәn,n.,"n. 连接词, 联合, 结合\n[计] 合取",,,cet6-all source:ecdict cet4 cet6 family:conjunctions,7557
connect,kә'nekt,v.,"v. 连接, 联合, 联系",,,cet6-all source:ecdict cet4 cet6 family:connected family:connecting family:connects,1636
connection,kә'nekʃәn,n.,"n. 连接, 关系, 前后关系\n[计] 连接",,,cet6-all source:ecdict cet4 cet6 family:connections,1421
conquer,'kɒŋkә,vt.,"vt. 克服, 征服, 战胜\nvi. 得胜",,,cet6-all source:ecdict cet4 cet6 family:conquered family:conquering family:conquers,6737
conqueror,'kɒŋkәrә,n.,"n. 征服者, 胜利者",,,cet6-all source:ecdict cet6 family:conquerors,16027
conquest,'kɒŋkwest,n.,"n. 战胜, 征服, 战利品\n[法] 征服, 赢得, 获得",,,cet6-all source:ecdict cet4 cet6 family:conquests,7652
conscience,'kɒnʃәns,n.,"n. 良心\n[法] 良心, 道德感, 正义感",,,cet6-all source:ecdict cet4 cet6 family:consciences,4641
conscious,'kɒnʃәs,adj.,"a. 有意识的, 知觉的, 觉察的\n[医] 有意识的, 清醒的",,,cet6-all source:ecdict cet4 cet6 cet6-core,3845
consciousness,'kɒnʃәsnis,n.,"n. 意识, 知觉, 自觉\n[医] (有)意识, 清醒",,,cet6-all source:ecdict cet4 cet6 family:consciousnesses,3224
consecutive,kәn'sekjutiv,adj.,"a. 连续的, 联贯的\n[计] 连续的; 连接的",,,cet6-all source:ecdict cet6 cet6-core,4845
consensus,kәn'sensәs,n.,"n. 合意, 一致, 同感\n[计] 合意",,,cet6-all source:ecdict cet6 cet6-core,3317
consent,kәn'sent,n.,"n. 同意, 许可\nvi. 同意, 赞同",,,cet6-all source:ecdict cet4 cet6 cet6-core family:consented family:consents family:consenting,4391
consequence,'kɒnsikwәns,n.,"n. 结果, 重要性\n[法] 结果, 后果, 推断",,,cet6-all source:ecdict cet4 cet6 cet6-core family:consequences,1626
consequent,'kɒnsikwәnt,n.,"n. 随后发生的事情, 结果\na. 作为结果的, 合乎逻辑的",,,cet6-all source:ecdict cet6 cet6-core family:consequents,14817
consequently,'kɒnsikwәntli,adv.,adv. 所以,,,cet6-all source:ecdict cet4 cet6 cet6-core,4363
conservation,.kɒnsә'veiʃәn,n.,"n. 保护, 保存\n[医] 保存",,,cet6-all source:ecdict cet4 cet6 cet6-core,2820
conservative,kәn'sә:vәtiv,adj.,"a. 保守的, 守旧的, 有保存力的\n[化] 防腐剂; 保存剂",,,cet6-all source:ecdict cet4 cet6 cet6-core family:conservatives,1837
conserve,kәn'sә:v,n.,"n. 蜜饯, 果酱\nvt. 保存, 使(能量等)守恒",,,cet6-all source:ecdict cet4 cet6 cet6-core family:conserved family:conserving family:conserves,7938
consider,kәn'sidŋ,v.,"v. 考虑, 思考, 认为",,,cet6-all source:ecdict cet4 cet6 family:considered family:considering family:considers,394
considerable,kәn'sidәrәbl,adj.,"a. 相当的, 可观的, 重要的",,,cet6-all source:ecdict cet4 cet6 cet6-core,2855
considerate,kәn'sidәrit,adj.,"a. 体贴的, 体谅的, 考虑周到的",,,cet6-all source:ecdict cet4 cet6 cet6-core,17092
consideration,kәn.sidә'reiʃәn,n.,"n. 考虑, 原因\n[法] 考虑, 思考, 报酬",,,cet6-all source:ecdict cet4 cet6 family:considerations,2487
consist,kәn'sist,vi.,"vi. 组成, 存在于, 一致",,,cet6-all source:ecdict cet4 cet6 cet6-core family:consists family:consisting family:consisted,2190
consistent,kәn'sistәnt,adj.,"a. 一致的, 坚持的, 并立的, 坚固的",,,cet6-all source:ecdict cet4 cet6 cet6-core,2225
consistently,,adv.,"adv. 坚固, 坚实, 一致, 始终如一, 连贯\n[计] 相容地",,,cet6-all source:ecdict cet6,3596
console,kәn'sәul,vt.,"vt. 安慰, 藉慰\nn. 控制台\n[计] 控制台",,,cet6-all source:ecdict cet6 cet6-core family:consoled family:consoles family:consoling,9160
consolidate,kәn'sɒlideit,vt.,"vt. 巩固, 使联合, 统一\nvi. 巩固\n[计] 合并计算",,,cet6-all source:ecdict cet6 cet6-core family:consolidated family:consolidating family:consolidates,7157
conspicuous,kәn'spikjuәs,adj.,"a. 显著的, 显眼的, 出众的",,,cet6-all source:ecdict cet6 cet6-core,9384
constant,'kɒnstәnt,n.,"n. 常数, 恒量\na. 不变的, 一定的, 时常的\n[计] 常量; 常数; 恒值",,,cet6-all source:ecdict cet4 cet6 cet6-core family:constants,2386
constituent,kәn'stitjuәnt,n.,"n. 成分, 选民, 构成物\na. 构成的, 组织的, 选举的",,,cet6-all source:ecdict cet6 cet6-core family:constituents,5746
constitute,kәn'stitjut,vt.,"vt. 构成, 组成, 任命\n[建] 构造, 组成",,,cet6-all source:ecdict cet6 cet6-core family:constitutes family:constituted family:constituting,2887
constitution,.kɒnsti'tju:ʃәn,n.,"n. 构成, 宪法, 体格\n[医] 体质; 结构, 组织",,,cet6-all source:ecdict cet4 cet6 cet6-core family:constitutions,3917
constrain,kәn'strein,vt.,"vt. 强迫, 限制, 关押",,,cet6-all source:ecdict cet6 cet6-core family:constrained family:constraining family:constrains,7740
constraint,kәn'streint,n.,"n. 强制, 约束\n[计] 约束",,,cet6-all source:ecdict cet6 family:constraints,4643
construct,kәn'strʌkt,vt.,"vt. 构造, 建造, 对...进行构思, 作图\nn. 构成物",,,cet6-all source:ecdict cet4 cet6 cet6-core family:constructed family:constructing family:constructs,2477
construction,kәn'strʌkʃәn,n.,"n. 建筑, 构造, 建筑物\n[化] 施工",,,cet6-all source:ecdict cet4 cet6 family:constructions,1415
consul,'kɒnsәl,n.,"n. 领事, 执政官\n[经] 领事",,,cet6-all source:ecdict cet6 family:consuls,19215
consult,kәn'sʌlt,vi.,"vi. 商讨, 商量, 协商, 会诊\nvt. 向...请教, 查阅, 考虑",,,cet6-all source:ecdict cet4 cet6 cet6-core family:consulted family:consulting family:consults,3591
consultancy,,n.,"n. 商量, 协商, 磋商, 会诊, 与...商量, 咨询, 请教, 找(医生)看病, 查阅, 考虑\n[经] 咨询业务, 咨询服务",,,cet6-all source:ecdict cet6 family:consultancies,22915
consultant,kәn'sʌltәnt,n.,"n. 顾问, 征询意见者\n[医] 顾问医师",,,cet6-all source:ecdict cet6 cet6-core family:consultants,2480
consume,kәn'sju:m,vt.,"vt. 消耗, 消费, 消灭\nvi. 耗尽, 毁灭",,,cet6-all source:ecdict cet4 cet6 cet6-core family:consumed family:consuming family:consumes,3006
consumer,kәn'sju:mә,n.,"n. 消费者\n[经] 消费者, 用户",,,cet6-all source:ecdict cet4 cet6 cet6-core family:consumers,1052
consumption,kәn'sʌmpʃәn,n.,"n. 消费, 消费量, 痨病\n[化] 消耗量; 耗量",,,cet6-all source:ecdict cet4 cet6 cet6-core,3146
contact,'kɒntækt,n.,"n. 联系, 交际, 熟人, 接触\nvi. 接触, 联系\nvt. 使接触",,,cet6-all source:ecdict cet4 cet6 cet6-core family:contacts family:contacted family:contacting,1480
contain,kәn'tein,vt.,"vt. 包含, 容纳, 控制\nvi. 自制",,,cet6-all source:ecdict cet4 cet6 family:contains family:containing family:contained,931
container,kәn'teinә,n.,"n. 容器, 集装箱\n[化] 集装箱; 贮存箱; 容器(任何一种)",,,cet6-all source:ecdict cet4 cet6 family:containers,3361
contaminate,kәn'tæmineit,vt.,"vt. 弄污, 弄脏, 污染, 毒害\n[化] 污染",,,cet6-all source:ecdict cet6 cet6-core family:contaminated family:contaminating family:contaminates,7402
contamination,kәn.tæmi'neiʃәn,n.,"n. 污染, 污物\n[化] 污染; 沾污",,,cet6-all source:ecdict cet6 family:contaminations,6525
contemplate,'kɒntempleit,vt.,"vt. 注视, 沉思, 盘算\nvi. 冥思苦想",,,cet6-all source:ecdict cet6 cet6-core family:contemplating family:contemplated family:contemplates,4802
contemporary,kәn'tempәrәri,n.,"n. 同时代的人\na. 同时代的, 属于同一时期的",,,cet6-all source:ecdict cet4 cet6 family:contemporaries,1947
contempt,kәn'tempt,n.,"n. 轻视, 轻蔑\n[法] 藐视, 侮辱, 轻视",,,cet6-all source:ecdict cet4 cet6 cet6-core family:contempts,6277
contemptuous,kәn'temptʃuәs,adj.,"a. 轻蔑的, 鄙视的, 瞧不起人的",,,cet6-all source:ecdict cet6,16734
contend,kәn'tend,vi.,"vi. 奋斗, 斗争, 竞争\nvt. 为...斗争",,,cet6-all source:ecdict cet6 cet6-core family:contends family:contended family:contending,3552
content,kәn'tent,n.,"n. 内容, 满足, 意义, 要旨\na. 满足的, 满意的\nvt. 使...满足, 使...安心\n[计] 内容",,,cet6-all source:ecdict cet4 cet6 family:contents family:contented family:contenting,1732
contest,'kɒntest,n.,"n. 竞赛, 争论\nvt. 竞争, 争取, 争辩\nvi. 竞争",,,cet6-all source:ecdict cet4 cet6 cet6-core family:contests family:contested family:contesting,3062
context,'kɒntekst,n.,"n. 上下文, 背景, 来龙去脉\nn. 上下文\n[计] 上下文",,,cet6-all source:ecdict cet6 family:contexts,1427
continent,'kɒntinәnt,n.,"n. 大陆, 洲\na. 自制的",,,cet6-all source:ecdict cet4 cet6 family:continents,4022
continental,.kɒnti'nentl,adj.,"a. 大陆的, 洲的\nn. 欧洲大陆人",,,cet6-all source:ecdict cet6 family:continentals,8947
continual,kәn'tinjuәl,adj.,"a. 持续不断的, 继续的\n[建] 连续的",,,cet6-all source:ecdict cet4 cet6 cet6-core,10050
continue,kәn'tinju:,vi.,"vi. 继续, 延续, 延长\nvt. 使继续, 使延长",,,cet6-all source:ecdict cet4 cet6 family:continued family:continues family:continuing,293
continuous,kәn'tinjuәs,adj.,"a. 连续的, 继续的, 连续不断的\n[计] 连续的",,,cet6-all source:ecdict cet4 cet6,3422
contract,'kɒntrækt,n.,"n. 合约, 婚约, 契约\nvt. 使皱缩, 使缩短, 感染, 订约, 缔结\nvi. 皱缩, 订约, 收缩",,,cet6-all source:ecdict cet4 cet6 cet6-core family:contracts family:contracted family:contracting,1269
contradict,.kɒntrә'dikt,vt.,"vt. 反驳, 与...抵触, 与...矛盾\nvi. 反驳",,,cet6-all source:ecdict cet6 cet6-core family:contradicts family:contradicted family:contradicting,6863
contradiction,.kɒntrә'dikʃәn,n.,"n. 反驳, 矛盾\n[法] 矛盾, 否认, 反驳",,,cet6-all source:ecdict cet4 cet6 cet6-core family:contradictions,5451
contradictory,.kɒntrә'diktәri,adj.,"a. 反驳的, 反对的, 抗辩的\nn. 矛盾因素, 对立物",,,cet6-all source:ecdict cet6 family:contradictories,7435
contrary,'kɒntrәri,adj.,"a. 相反的, 矛盾的, 对立的\nn. 相反, 对立面\nadv. 相反地",,,cet6-all source:ecdict cet4 cet6 family:contraries,5495
contrast,kәn'træst,n.,"n. 差别, 对比, 对照物\nvt. 使对比\nvi. 成对照\n[计] 反差; 对比度",,,cet6-all source:ecdict cet4 cet6 cet6-core family:contrasts family:contrasted family:contrasting,1762
contribute,kәn'tribju:t,vt.,"vt. 有助于, 捐助, 投稿\nvi. 出力, 捐献, 投稿",,,cet6-all source:ecdict cet4 cet6 cet6-core family:contributed family:contributing family:contributes,1312
contrive,kәn'traiv,v.,"v. 发明, 设计, 图谋",,,cet6-all source:ecdict cet6 cet6-core family:contrived family:contriving family:contrives,15323
contrived,kәn'traivd,adj.,"a. 人造的, 勉强的, 不自然的",,,cet6-all source:ecdict cet6 family:contrive family:dp family:contrived,18969
controversial,.kɒntrә'vә:ʃәl,adj.,"a. 争论的, 论争的, 被议论的",,,cet6-all source:ecdict cet6 cet6-core,3090
controversy,'kɒntrәvә:si,n.,"n. 论争, 辩论, 论战, 争论\n[法] 论战, 争论, 争吵",,,cet6-all source:ecdict cet6 cet6-core family:controversies,2876
convene,kәn'vi:n,vt.,"vt. 集合, 召集, 召唤\nvi. 聚集, 集合",,,cet6-all source:ecdict cet6 cet6-core family:convened family:convenes family:convening,7816
convenience,kә'vi:njәns,n.,"n. 方便, 便利的事物, 方便的时候",,,cet6-all source:ecdict cet4 cet6 cet6-core family:conveniences,4892
convenient,kәn'vi:njәnt,adj.,"a. 方便的, 合宜的\n[法] 适当的, 合理而可行的, 方便的",,,cet6-all source:ecdict cet4 cet6,5368
convention,kәn'venʃәn,n.,"n. 大会, 协定, 惯例, 约定\n[计] 约定",,,cet6-all source:ecdict cet4 cet6 cet6-core family:conventions,2472
conventional,kәn'venʃәnl,adj.,"a. 传统的, 习惯的, 约定的\n[经] 惯例的, 常规的, 传统的",,,cet6-all source:ecdict cet4 cet6 cet6-core,2554
converge,kәn'vә:dʒ,vi.,"vi. 聚合, 集中于一点\nvt. 使集合",,,cet6-all source:ecdict cet6 cet6-core family:converged family:converging family:converges,8179
converse,kәn'vә:s,n.,"n. 相反的事物, 倒, 逆向\na. 相反的, 逆向的, 颠倒的\nvi. 交谈, 谈话",,,cet6-all source:ecdict cet6 family:conversing family:conversed family:converses,11468
conversely,'kɔnv\\\\:sli,adv.,"adv. 相反, 逆, 颠倒, 反题, 反",,,cet6-all source:ecdict cet4 cet6,8066
conversion,kәn'vә:ʃәn,n.,"n. 转变, 转换, 改变宗教信仰, 换位法\n[计] 转换",,,cet6-all source:ecdict cet4 cet6 cet6-core family:conversions,4664
convert,kәn'vә:t,n.,"n. 皈依者, 改变宗教信仰者\nvt. 使改变信仰, 转换, 兑换, 倒置\nvi. 皈依\n[计] 转换",,,cet6-all source:ecdict cet4 cet6 cet6-core family:converted family:converting family:converts,2895
convey,kәn'vei,vt.,"vt. 传达, 运输, 转让\n[经] 转让(财产等), 搬运",,,cet6-all source:ecdict cet4 cet6 cet6-core family:conveyed family:conveying family:conveys,3756
convict,kәn'vikt,n.,"n. 囚犯, 罪犯\nvt. 宣告有罪, 使知罪",,,cet6-all source:ecdict cet6 cet6-core family:convicted family:convicts family:convicting,3678
conviction,kәn'vikʃәn,n.,"n. 定罪, 信服, 坚信\n[法] 定罪, 证明有罪, 判罪",,,cet6-all source:ecdict cet6 family:convictions,3066
convince,kәn'vins,vt.,"vt. 说服, 使相信\n[法] 使确信, 使信服, 使人认识错误",,,cet6-all source:ecdict cet4 cet6 cet6-core family:convinced family:convincing family:convinces,2039
convincing,kәn'vinsiŋ,adj.,"a. 使人信服的, 有力的, 令人心悦诚服的",,,cet6-all source:ecdict cet6 family:convince family:i family:convincing,6135
cooperate,kәu'ɒpәreit,vi.,"vi. 合作, 协力, 配合\n[化] 合作",,,cet6-all source:ecdict cet4 cet6 family:cooperating family:cooperated family:cooperates,4015
cooperative,kәu'ɔpәrәtiv,adj.,a. 合作的；合作社的,,,cet6-all source:ecdict cet6 cet6-core family:cooperatives,4249
coordinate,kәu'ɒ:dineit,n.,"n. 同等的人(或物), 坐标\na. 同等的, 并列的\nv. (使)协调",,,cet6-all source:ecdict cet4 cet6 family:coordinates family:coordinating family:coordinated,4847
cope,kәup,vi.,"vi. 竞争, 应付\nn. 长袍",,,cet6-all source:ecdict cet4 cet6 cet6-core family:coping family:coped family:copes,3198
copper,'kɒpә,n.,"n. 铜, 警察\n[化] 铜Cu",,,cet6-all source:ecdict cet4 cet6 family:coppers family:coppering family:coppered,5053
cord,kɒ:d,n.,"n. 绳索, 束缚\n[医] 索, 带",,,cet6-all source:ecdict cet4 cet6 cet6-core family:cords family:corded family:cording,4314
cordial,'kɒ:djәl,n.,"n. 兴奋剂, 补品\na. 热忱的, 诚恳的, 有兴奋作用的",,,cet6-all source:ecdict cet4 cet6 cet6-core family:cordials,14433
core,kɒ:,n.,"n. 核心, 果心, 要点\nvt. 挖...的核\n[计] 内核, 核心网",,,cet6-all source:ecdict cet4 cet6 family:cores family:cored family:coring,1954
corn,kɒ:n,n.,"n. 玉蜀黍, 谷类, 谷粒, 鸡眼\nvt. 使成颗粒, 腌",,,cet6-all source:ecdict cet4 cet6 family:corns family:corning family:corned,2448
corporate,'kɒ:pәrit,adj.,"a. 社团的, 合伙的, 公司的\n[经] 团体的, 法人的, 社团的",,,cet6-all source:ecdict cet6 cet6-core family:corporates,1579
corporation,.kɒ:pә'reiʃәn,n.,"n. 公司, 合作, 法人团体\n[法] 法人团体, 社团, 法人",,,cet6-all source:ecdict cet4 cet6 family:corporations,2602
corps,kɒ:,n.,"n. 军, 队, 部队, 兵种\n[医] 对, 团; 体, 物体",,,cet6-all source:ecdict cet6 cet6-core,6050
correction,kә'rekʃәn,n.,"n. 订正, 改正, 改正的地方\n[化] 校正",,,cet6-all source:ecdict cet4 cet6 family:corrections,5966
correctly,kә'rektli,adv.,"adv. 对, 正确, 恰当, 符合一般性准则, 符合行为准则, 端正, 符合",,,cet6-all source:ecdict cet6,4364
correlate,'kɒrәleit,n.,"n. 有相互关系的东西, 相关物\nvt. 使有相互关系\nvi. 相关",,,cet6-all source:ecdict cet6 cet6-core family:correlated family:correlates family:correlating,5266
correlation,.kɒrә'leiʃәn,n.,"n. 相互关系, 相关, 关联\n[医] 相关, 联系",,,cet6-all source:ecdict cet6 family:correlations,3502
correspond,.kɒri'spɒnd,vi.,"vi. 符合, 通信, 相当\n[法] 符合, 一致, 相当",,,cet6-all source:ecdict cet4 cet6 family:corresponds family:corresponding family:corresponded,5415
correspondence,.kɒri'spɒndәns,n.,"n. 相符, 通信, 信件\n[医] 对应, 相对",,,cet6-all source:ecdict cet6 family:correspondences,5961
correspondent,.kɒri'spɒndәnt,n.,"n. 通讯记者, 通信者\n[经] 客户, 代理商行, 代理银行",,,cet6-all source:ecdict cet4 cet6 cet6-core family:correspondents,2934
corresponding,.kɒri'spɒndiŋ,adj.,"a. 相当的, 一致的, 通信的\n[计] 对应",,,cet6-all source:ecdict cet4 cet6 cet6-core family:correspond family:i family:corresponding,7426
corridor,'kɒridɒ:,n.,"n. 走廊, 回廊, 人口密集地带",,,cet6-all source:ecdict cet4 cet6 family:corridors,3474
corrode,kә'rәud,vt.,"vt. 使腐蚀, 侵蚀, 破坏\nvi. 被侵蚀, 起腐蚀作用",,,cet6-all source:ecdict cet6 cet6-core family:corroded family:corrodes family:corroding,19273
corrosion,kә'rәuʒәn,n.,"n. 腐蚀, 侵蚀, 腐蚀产生的物质, 铁锈, 锈\n[计] 腐蚀",,,cet6-all source:ecdict cet6,13900
corrupt,kә'rʌpt,adj.,"a. 腐败的, 贪污的, 讹误充斥的\nvt. 使腐烂, 腐蚀, 使恶化\nvi. 腐烂, 堕落",,,cet6-all source:ecdict cet6 cet6-core family:corrupted family:corrupting family:corrupts family:corrupter,5850
cosmic,'kɒzmik,adj.,"a. 宇宙的, 宇宙航行的, 无限的, 有秩序的\n[医] 宇宙的",,,cet6-all source:ecdict cet6 family:cosmics,5978
cosmos,'kɔzmɔs,n.,"n. 宇宙, 秩序, 和谐, 大波斯菊\n[医] 大波斯菊",,,cet6-all source:ecdict cet6,8156
costly,'kɒstli,adj.,"a. 昂贵的, 奢华的, 费用大的",,,cet6-all source:ecdict cet4 cet6 family:costliest family:costlier,4286
costume,'kɒstju:m,n.,"n. 装束, 服装",,,cet6-all source:ecdict cet6 cet6-core family:costumes family:costumed family:costuming,4152
cottage,'kɒtidʒ,n.,"n. 小屋, 茅舍",,,cet6-all source:ecdict cet4 cet6 family:cottages,4765
couch,kautʃ,n.,"n. 长沙发, 睡椅, 卧榻\nvt. 横躺, 表达\nvi. 躺下, 蹲伏",,,cet6-all source:ecdict cet6 family:couched family:couches family:couching,3375
council,'kaunsәl,n.,"n. 会议, 委员会\n[经] 委员会",,,cet6-all source:ecdict cet4 cet6 cet6-core family:councils,2612
counsel,'kaunsәl,n.,"n. 商议, 忠告, 法律顾问\nv. 商议, 劝告",,,cet6-all source:ecdict cet6 cet6-core family:counselling family:counselled family:counsels,3418
counseling,'kaunsәliŋ,n.,n. 咨询服务,,,cet6-all source:ecdict cet6,3399
count,kaunt,vt.,"vt. 计算, 视为\nvi. 计数\nn. 计算, 合计, 计数, 伯爵\n[计] 计数",,,cet6-all source:ecdict cet4 cet6 family:counts family:counted family:counting,1331
counter,'kauntә,n.,"n. 计算器, 计算者, 柜台, 筹码\na. 反方向的, 相反的\nadv. 反方向地, 相反地\n[计] 计数器; 计数字",,,cet6-all source:ecdict cet4 cet6 cet6-core family:countered family:counters family:countering,2830
counteract,.kauntә'rækt,vt.,"vt. 抵消, 阻碍, 中和\n[法] 抵抗, 阻碍, 抵销",,,cet6-all source:ecdict cet6 family:counteracting family:counteracted family:counteracts,12113
counterpart,'kauntәpɑ:t,n.,"n. 副本, 复本, 配对物, 相应物\n[经] 副本, 正副二份中之一",,,cet6-all source:ecdict cet6 cet6-core family:counterparts,3816
county,'kaunti,n.,"n. 县, 郡",,,cet6-all source:ecdict cet4 cet6 family:counties,1516
courage,'kʌridʒ,n.,"n. 勇气, 胆量",,,cet6-all source:ecdict cet4 cet6,3324
courageous,kә'reidʒәs,adj.,"a. 勇敢的, 大胆的, 有胆量的",,,cet6-all source:ecdict cet6,8170
course,kɒ:s,n.,"n. 课程, 路线, 过程, 一道菜, 道路\nv. 追, (使)跑",,,cet6-all source:ecdict cet4 cet6 family:courses family:coursing family:coursed,418
court,kɒ:t,n.,"n. 法院, 庭院, 奉承\nvt. 献殷勤, 追求, 招致\nvi. 求爱",,,cet6-all source:ecdict cet4 cet6 cet6-core family:courts family:courting family:courted,541
courteous,'kә:tjәs,adj.,"a. 彬彬有礼, 谦恭的",,,cet6-all source:ecdict cet6,14858
courtesy,'kә:tisi,n.,"n. 礼貌, 谦恭, 好意\n[法] 优待, 礼貌, 恩惠",,,cet6-all source:ecdict cet6 cet6-core family:courtesies,5380
cousin,'kʌzәn,n.,"n. 堂兄弟姊妹, 表兄弟姊妹\n[法] 同辈表亲或堂亲",,,cet6-all source:ecdict cet4 cet6 family:cousins,2714
cow,kau,n.,"n. 母牛, 母兽\nvt. 威胁",,,cet6-all source:ecdict cet4 cet6 family:cows family:cowed family:cowing,3078
coward,'kauәd,n.,"n. 懦弱的人, 胆小的人",,,cet6-all source:ecdict cet4 cet6 cet6-core family:cowards,11476
cozy,'kәuzi,adj.,"a. 舒适的, 安逸的, 惬意的\nn. (茶壶等的)保暖罩, 舒适的座位\nvt. 以假话使安心",,,cet6-all source:ecdict cet6 cet6-core family:cozying family:cozier,7168
crab,kræb,n.,"n. 螃蟹, 偏航, 脾气乖戾的人, 沙果\nvi. 捕蟹, 偏航, 发牢骚\nvt. 使偏航, 抱怨, 破坏",,,cet6-all source:ecdict cet6 family:crabs family:crabbing family:crabbed,5100
crack,kræk,n.,"n. 裂缝, 爆裂声\nv. (使)爆裂, (使)裂开, (使)发出爆裂声\na. 第一流的\nadv. 啪地一声",,,cet6-all source:ecdict cet4 cet6 family:cracks family:cracked family:cracking,3008
cradle,'kreidl,n.,"n. 摇篮, 发祥地, 孩提时代\nvt. 放在摇篮内, 抚育\nvi. 刈割",,,cet6-all source:ecdict cet6 cet6-core family:cradling family:cradled family:cradles,8639
craft,kræft,n.,"n. 技艺, 手艺, 诡计\nvt. 精心制作",,,cet6-all source:ecdict cet4 cet6 family:crafts family:crafted family:crafting,2839
crane,krein,n.,"n. 鹤, 起重机\nvt. 伸颈, 起重机起吊\nvi. 伸颈看, 迟疑",,,cet6-all source:ecdict cet4 cet6 family:cranes family:craned family:craning,8390
crank,kræŋk,adj.,"a. 不稳的, 脾气暴燥的, 易怒的\nn. 曲柄, 奇想\nvt. 装曲柄\nvi. 转动曲柄",,,cet6-all source:ecdict cet6 family:cranks family:cranking family:cranked,8650
crash,kræʃ,n.,"n. 哗啦声, 猛撞, 崩溃, 粗布\nv. 撞碎, 破碎, (使)...坠毁\na. 速成的\n[计] 崩溃",,,cet6-all source:ecdict cet4 cet6 cet6-core family:crashed family:crashing family:crashes,2837
crawl,krɒ:l,n.,"n. 爬行, 匍匐而行, 养鱼池\nv. 爬行",,,cet6-all source:ecdict cet4 cet6 family:crawled family:crawling family:crawls,3836
crazy,'kreizi,adj.,"a. 发狂的, 狂热的",,,cet6-all source:ecdict cet4 cet6 family:craziest family:crazier family:crazies,1803
cream,kri:m,n.,"n. 乳酪, 奶油, 面霜\n[医] 乳油, 乳皮; 乳膏, 霜",,,cet6-all source:ecdict cet4 cet6 family:creams family:creaming family:creamed,2008
create,kri:'eit,vt.,"vt. 创造, 建造, 引起, 任命",,,cet6-all source:ecdict cet4 cet6 family:created family:creating family:creates,332
creative,kri:'eitiv,adj.,"a. 有创造力的, 创作的, 产生的",,,cet6-all source:ecdict cet4 cet6 family:creatives,2050
creature,'kri:tʃә,n.,"n. 人, 动物, 创造物, 生物",,,cet6-all source:ecdict cet4 cet6 family:creatures,2353
credential,kri'denʃәl,n.,"n. 国书, 凭据, 证明书\n[经] 凭证, 证书",,,cet6-all source:ecdict cet6 family:credentialed,6165
creep,kri:p,n.,"n. 爬, 徐行, 蠕动\nvi. 爬, 蔓延, 潜行",,,cet6-all source:ecdict cet4 cet6 family:crept family:creeping family:creeps,5099
crew,kru:,n.,"n. 全体人员, 一群人, 全体队员\ncrow的过去式",,,cet6-all source:ecdict cet4 cet6 cet6-core family:crews family:crewed family:crewing,1706
cricket,'krikit,n.,"n. 蟋蟀, 板球",,,cet6-all source:ecdict cet4 cet6 family:crickets,8382
crime,kraim,n.,"n. 犯罪, 罪行, 罪恶\n[法] 犯罪, 罪, 罪恶",,,cet6-all source:ecdict cet4 cet6 cet6-core family:crimes,828
criminal,'kriminәl,n.,"n. 罪犯, 犯人, 刑事\na. 犯了罪的, 刑事的, 有罪的",,,cet6-all source:ecdict cet4 cet6 cet6-core family:criminals,1953
cripple,'kripl,n.,"n. 跛者, 残废\nvt. 使跛, 使成残废, 削弱\na. 跛的, 残废的",,,cet6-all source:ecdict cet4 cet6 cet6-core family:crippled family:cripples family:crippling,9401
crippling,'kripliŋ,adj.,"(往复)曲折, 断裂, 临界的, 极限的",,,cet6-all source:ecdict cet6 family:cripple family:i family:crippling,14100
crisis,'kraisis,n.,"n. 危机, 危险期, 紧要关头\n[医] 危象; 骤退, 临界, 极期",,,cet6-all source:ecdict cet4 cet6 cet6-core family:crises,1206
crisp,krisp,adj.,"a. 脆的, 新鲜的, 活泼的\nv. (使)烘脆, (使)拳曲, (使)起皱\nn. 松脆物",,,cet6-all source:ecdict cet6 cet6-core family:crisps family:crisper family:crisping family:crisped family:crispest,6194
criteria,krai'tiәriә,n.,pl. 标准\n[计] 条件,,,cet6-all source:ecdict cet6 family:criterion family:s family:criterias,2574
criterion,krai'tiәriәn,n.,"n. 标准, 准则, 规范\n[化] 判据",,,cet6-all source:ecdict cet6 cet6-core family:criteria,
critic,'kritik,n.,"n. 批评家, 鉴定家",,,cet6-all source:ecdict cet4 cet6 cet6-core family:critics,1355
critical,'kritikәl,adj.,"a. 批评的, 决定性的, 危险的, 临界的\n[医] 危象的; 临界的, 极期的",,,cet6-all source:ecdict cet4 cet6 cet6-core,1126
criticism,'kritisizm,n.,"n. 批评, 评论, 非难\n[法] 批判, 批评, 评论",,,cet6-all source:ecdict cet4 cet6 cet6-core family:criticisms,2093
criticize,'kritisaiz,v.,"v. 批评, 吹毛求疵, 非难",,,cet6-all source:ecdict cet4 cet6 cet6-core family:criticized family:criticizing family:criticizes,2550
crooked,'krukid,adj.,"a. 弯曲的, 歪的, 邪恶的",,,cet6-all source:ecdict cet6 family:pd family:crook family:crooked,8300
crop,krɒp,n.,"n. 农作物, 产量, 平头\nvt. 收割, 修剪, 种植\nvi. 收获\n[计] 裁剪",,,cet6-all source:ecdict cet4 cet6 family:crops family:cropped family:cropping,2461
cross,krɒs,n.,"n. 十字架, 十字架形物件, 交叉, 十字标, 交叉路, 磨难, 杂交\na. 生气的, 交叉的, 相反的\nv. 交叉, 横过, 越过\n[计] 交叉, 十字标",,,cet6-all source:ecdict cet4 cet6 family:crossed family:crossing family:crosses,1391
crow,krәu,n.,"n. 啼叫, 乌鸦, 鸡鸣, 撬棍\nvi. 啼叫, 报晓",,,cet6-all source:ecdict cet4 cet6 family:crows family:crowed family:crowing,8402
crowd,kraud,n.,"n. 群众, 一伙人\nvt. 拥挤, 挤满, 挤进",,,cet6-all source:ecdict cet4 cet6 cet6-core family:crowds family:crowded family:crowding,1270
crown,kraun,n.,"n. 王冠, 王权, 顶点\nvt. 使成王, 加冕, 居...之顶",,,cet6-all source:ecdict cet4 cet6 family:crowned family:crowns family:crowning,5097
crucial,'kru:ʃәl,adj.,"a. 决定性的, 重要的, 严厉的\n[医] 十字形的; 决断的, 定局的",,,cet6-all source:ecdict cet4 cet6 cet6-core,2397
crude,kru:d,adj.,"a. 天然的, 未成熟的, 粗糙的, 粗鲁的\nn. 天然的物质",,,cet6-all source:ecdict cet4 cet6 family:cruder family:crudest family:crudes,5015
cruel,'kru:әl,adj.,"a. 残酷的, 令人极痛苦的\n[法] 残忍的, 残酷的",,,cet6-all source:ecdict cet4 cet6 family:cruellest family:crueller,4762
cruelty,'kru:әlti,n.,"n. 残酷, 野蛮, 残酷行为\n[法] 残酷, 残忍, 虐待",,,cet6-all source:ecdict cet6 family:cruelties,8337
cruise,kru:z,n.,"n. 巡航, 巡弋, 漫游\nv. 巡航, 巡弋, 漫游",,,cet6-all source:ecdict cet6 family:cruising family:cruises family:cruised,4681
crush,krʌʃ,n.,"n. 压碎, 粉碎, 群众, 迷恋\nvt. 压破, 征服, 塞, 弄皱, 榨出\nvi. 被压碎, 起皱, 挤",,,cet6-all source:ecdict cet4 cet6 cet6-core family:crushed family:crushing family:crushes,4311
crust,krʌst,n.,"n. 外壳, 坚硬外皮, 面包皮\nvt. 盖以硬皮\nvi. 结硬皮",,,cet6-all source:ecdict cet4 cet6 family:crusts family:crusted family:crusting,5659
crystal,'kristl,n.,"n. 水晶, 水晶装饰品, 结晶\na. 水晶的, 水晶一样的, 透明的",,,cet6-all source:ecdict cet4 cet6 family:crystals,3574
cube,kju:b,n.,"n. 立方体, 立方\n[机] 立方体, 立方",,,cet6-all source:ecdict cet4 cet6 family:cubes family:cubed family:cubing,5725
cubic,'kju:bik,adj.,"a. 立方体的, 立方的\n[机] 立方的, 立方体的",,,cet6-all source:ecdict cet4 cet6,7772
cuckoo,'kuku:,n.,"n. 杜鹃鸟, 布谷鸟",,,cet6-all source:ecdict cet6 family:cuckoos family:cuckooing family:cuckooed,21814
cucumber,'kju:kәmbә,n.,"n. 黄瓜\n[医] 黄瓜, 胡瓜",,,cet6-all source:ecdict cet4 cet6 cet6-core family:cucumbers,8294
cue,kju:,n.,"n. 提示, 线索\nvt. 给...暗示(或提示)\n[计] 尾接指令",,,cet6-all source:ecdict cet4 cet6 family:cues family:cued family:cueing,4874
culminate,'kʌlmineit,vi.,"vi. 到绝顶, 达于极点, 达到高潮\nvt. 使到绝顶, 使达到高潮",,,cet6-all source:ecdict cet6 cet6-core family:culminating family:culminated family:culminates,7686
cultivate,'kʌltiveit,vt.,"vt. 培养, 耕作",,,cet6-all source:ecdict cet4 cet6 family:cultivated family:cultivating family:cultivates,5574
culture,'kʌltʃә,n.,"n. 文化, 修养, 耕种\nvt. 耕种, 培养",,,cet6-all source:ecdict cet4 cet6 cet6-core family:cultures family:cultured family:culturing,611
cumulative,'kju:mjulәtiv,adj.,"a. 累积的\n[医] 蓄积的, 累积的",,,cet6-all source:ecdict cet6 cet6-core,8447
cunning,'kʌniŋ,adj.,"a. 狡猾的, 巧妙的, 可爱的\n[法] 狡猾的的, 狡诈的, 熟练的",,,cet6-all source:ecdict cet4 cet6 family:cunningest,12813
cupboard,'kʌpbɒ:d,n.,"n. 食橱, 碗柜, 餐具柜",,,cet6-all source:ecdict cet4 cet6 family:cupboards,9358
curative,'kjurәtiv,adj.,"a. 治病的, 有疗效的\nn. 药物, 治疗法",,,cet6-all source:ecdict cet6,23109
curb,kә:b,n.,"n. 抑制, 勒马绳, 边石\nvt. 抑制, 束缚, 勒住",,,cet6-all source:ecdict cet6 cet6-core family:curbing family:curbs family:curbed,6733
cure,kjuә,n.,"n. 治疗, 治愈, 治疗法\nvt. 治疗, 治愈, 改正, 腌制, 加工处理, 使硫化\nvi. 受治疗, 被加工处理, 被硫化",,,cet6-all source:ecdict cet4 cet6 family:cured family:cures family:curing,4579
curiosity,.kjuәri'ɒsiti,n.,"n. 好奇心, 新奇的事物, 珍品",,,cet6-all source:ecdict cet4 cet6 family:curiosities,4518
curious,'kjuәriәs,adj.,"a. 好奇的, 求知的, 古怪的",,,cet6-all source:ecdict cet4 cet6 family:curiouser,3112
curl,kә:l,n.,"n. 拳曲, 鬈发\nvt. 弄卷\nvi. 拳曲, 弯曲",,,cet6-all source:ecdict cet4 cet6 family:curls family:curled family:curling,5151
curly,'kә:li,adj.,"a. 拳曲的, 卷毛的, 弯曲的",,,cet6-all source:ecdict cet6 family:curlies family:curlier family:curliest,9234
currency,'kʌrәnsi,n.,"n. 货币, 通货, 流通, 通用\n[计] 货币, 货币型",,,cet6-all source:ecdict cet6 family:currencies,3738
current,'kʌrәnt,n.,"n. 涌流, 趋势, 流\na. 流通的, 现在的, 当前的, 流行的\n[计] 当前的",,,cet6-all source:ecdict cet4 cet6 cet6-core family:currents,652
currently,'kʌrәntli,adv.,"adv. 现在, 当前, 一般, 普通\n[计] 当前",,,cet6-all source:ecdict cet6,1700
curriculum,kә'rikjulәm,n.,"n. 课程\n[医] 课程, 学程",,,cet6-all source:ecdict cet6 family:curricula,2077
curse,kә:s,n.,"n. 咒骂, 诅咒\nvt. 诅咒, 咒骂",,,cet6-all source:ecdict cet4 cet6 cet6-core family:cursing family:cursed family:curses,5761
curt,kә:t,adj.,"a. 简略的, 简短的, 生硬的",,,cet6-all source:ecdict cet6,18407
curtain,'kә:tәn,n.,"n. 帐, 幕, 窗帘\nvt. 装帘子于, 遮蔽",,,cet6-all source:ecdict cet4 cet6 family:curtains family:curtained family:curtaining,3622
curve,kә:v,n.,"n. 曲线, 弯曲, 曲线球\nvt. 弯, 使弯曲\nvi. 成曲形",,,cet6-all source:ecdict cet4 cet6 family:curves family:curving family:curved,3462
cushion,'kuʃәn,n.,"n. 垫子, 橡皮软垫\nvt. 加垫褥, 缓冲, 掩盖",,,cet6-all source:ecdict cet4 cet6 family:cushions family:cushioned family:cushioning,6893
custom,'kʌstәm,n.,"n. 习惯, 风俗, 海关, 自定义\na. 定制的\n[计] 定制; 自定义",,,cet6-all source:ecdict cet4 cet6 family:customs,2993
customary,'kʌstәmәri,adj.,"a. 习惯的, 惯常的\n[经] 通常的, 习惯的",,,cet6-all source:ecdict cet6 cet6-core,8505
customer,'kʌstәmә,n.,n. 消费者\n[化] 顾客,,,cet6-all source:ecdict cet4 cet6 family:customers,1098
cutter,'kʌtә,n.,"n. 裁剪者, 切割者, 切割器\n[化] 刀具; 剪切机; 切刀; 切胶机",,,cet6-all source:ecdict cet6 family:cutters,9379
cycle,'saikl,n.,"n. 周期, 循环, 自行车, 一段时间, 整套\nvi. 循环, 轮转, 骑自行车\nvt. 使循环, 使轮转\n[计] 环路; 周期; 循环",,,cet6-all source:ecdict cet4 cet6 cet6-core family:cycles family:cycling family:cycled,2220
cylinder,'silindә,n.,"n. 圆筒, 圆筒状物, 汽缸, 柱面\n[计] 柱面",,,cet6-all source:ecdict cet6 cet6-core family:cylinders,7075
cynical,'sinikәl,adj.,"a. 愤世嫉俗的, 讽刺的, 冷嘲的",,,cet6-all source:ecdict cet6 cet6-core,7052
dairy,'dєәri,n.,"n. 牛奶公司, 乳品店, 乳牛场",,,cet6-all source:ecdict cet4 cet6 family:dairies family:dairying,5750
dam,dæm,n.,"n. 水坝, 障碍\nv. 控制, 筑坝\n[计] 直接存取法",,,cet6-all source:ecdict cet4 cet6 family:dams family:dammed family:damming,4399
damage,'dæmidʒ,n.,"n. 损害, 伤害\nv. 损害",,,cet6-all source:ecdict cet4 cet6 family:damages family:damaged family:damaging,1522
damn,dæm,n.,"n. 一点, 诅咒, 丝毫\ninterj. 该死, 该死的\nvt. 诅咒, 罚...下地狱\nvi. 指责, 谴责, 骂...该死, 证明...有罪",,,cet6-all source:ecdict cet6 family:damned family:damning family:damns,4414
damp,dæmp,n.,"n. 潮湿, 湿气\na. 潮湿的\nvt. 使潮湿, 使阻尼, 抑止\nvi. 变潮湿, 衰减",,,cet6-all source:ecdict cet4 cet6 family:damper family:damped family:damping family:damps family:dampest,5562
dare,dєә,n.,"n. 挑战, 挑动, 大胆\nv. 敢, 胆敢",,,cet6-all source:ecdict cet4 cet6 family:dared family:daring family:dares,3348
daring,'dєәriŋ,adj.,a. 大胆的,,,cet6-all source:ecdict cet4 cet6 family:dare family:i family:daring,9273
dash,dæʃ,n.,"n. 冲撞, 破折号, 短跑\nvi. 猛冲, 冲撞\nvt. 泼溅, 使猛撞, 搀和, 使破灭, 使沮丧",,,cet6-all source:ecdict cet4 cet6 family:dashed family:dashing family:dashes,6336
datum,'deitәm,n.,"n. 论据, 材料, 资料, 已知数\n[医] 材料, 资料, 论据",,,cet6-all source:ecdict cet6 family:datums,28458
dawn,dɒ:n,n.,"n. 破晓, 黎明\nvi. 破晓",,,cet6-all source:ecdict cet4 cet6 family:dawned family:dawns family:dawning,4004
dazzle,'dæzl,v.,"v. (使)眼花, 炫耀\nn. 耀眼",,,cet6-all source:ecdict cet6 cet6-core family:dazzled family:dazzling family:dazzles,12418
deafen,'defәn,vt.,vt. 使聋\nvi. 变聋,,,cet6-all source:ecdict cet6 family:deafened family:deafens family:deafening,28547
deal,di:l,n.,"n. 交易, 协定, 数量, 买卖, 松木板\nvi. 处理, 应付, 做生意\nvt. 分配, 发牌, 给予\n[计] 发牌",,,cet6-all source:ecdict cet4 cet6 family:dealing family:dealt family:deals,674
dealer,'di:lә,n.,"n. 经销商, 商人\n[经] 交易员, 贩卖商",,,cet6-all source:ecdict cet6 family:dealers,2575
dean,di:n,n.,"n. 院长, 主持牧师\n[法] 外交团长, 学院院长, 教务长",,,cet6-all source:ecdict cet6 cet6-core family:deans,4946
debate,di'beit,n.,"n. 辩论, 讨论\nv. 争论, 辩论",,,cet6-all source:ecdict cet4 cet6 cet6-core family:debates family:debated family:debating,1082
debt,det,n.,"n. 债务, 罪过\n[经] 借款, 欠款, 债务",,,cet6-all source:ecdict cet4 cet6 family:debts,1871
decade,'dekeid,n.,"n. 十年, 十",,,cet6-all source:ecdict cet4 cet6 cet6-core family:decades,730
decay,di'kei,n.,"n. 衰退, 腐败\nv. (使)衰退, (使)腐败",,,cet6-all source:ecdict cet4 cet6 cet6-core family:decaying family:decayed family:decays,7931
deceit,di'si:t,n.,"n. 欺骗, 谎言\n[经] 诈骗, 欺骗",,,cet6-all source:ecdict cet4 cet6 family:deceits,15761
deceive,di'si:v,v.,"v. 欺骗, 行骗",,,cet6-all source:ecdict cet4 cet6 cet6-core family:deceived family:deceiving family:deceives,8388
decent,'di:sәnt,adj.,"a. 有分寸的, 得体的, 大方的",,,cet6-all source:ecdict cet4 cet6 cet6-core,3878
deceptive,di'septiv,adj.,"a. 迷惑的, 虚伪的, 欺诈的",,,cet6-all source:ecdict cet6,11485
decidedly,di'saididli,adv.,"adv. 决定了, 坚决, 明显, 显而易见, 显然, 明确, 果断, 毫无疑问",,,cet6-all source:ecdict cet6,8222
decimal,'desimәl,adj.,"a. 十进位的, 小数的\nn. 十进制, 小数\n[计] 十进制, 小数点",,,cet6-all source:ecdict cet6 cet6-core family:decimals,24527
decision,di'siʒәn,n.,"n. 决定, 决心, 决断\n[计] 判定",,,cet6-all source:ecdict cet4 cet6 family:decisions,479
decisive,di'saisiv,adj.,"a. 决定性的, 坚定的, 果断的",,,cet6-all source:ecdict cet6 cet6-core,6316
deck,dek,n.,"n. 甲板, (汽车后部的)行李仓\nvt. 装饰, 打扮, 装甲板\n[计] 纸牌背面图案",,,cet6-all source:ecdict cet4 cet6 family:decks family:decked family:decking,2788
declaration,.deklә'reiʃәn,n.,"n. 宣告, 说明, 宣布\n[计] 说明",,,cet6-all source:ecdict cet6 family:declarations,5595
declare,di'klєә,v.,"v. 宣布, 声明, 申报, 断言",,,cet6-all source:ecdict cet4 cet6 family:declared family:declaring family:declares,1736
decline,di'klain,n.,"n. 衰退, 跌落, 下降\nvt. 使降低, 婉谢\nvi. 下降, 衰落, 偏斜",,,cet6-all source:ecdict cet4 cet6 family:declined family:declining family:declines,2000
decompose,.di:kәm'pәuz,v.,"v. 分解, (使)腐烂",,,cet6-all source:ecdict cet6 family:decomposed family:decomposes family:decomposing,15704
decorate,'dekәreit,v.,v. 装饰,,,cet6-all source:ecdict cet4 cet6 cet6-core family:decorated family:decorating family:decorates,4327
decorative,'dekәreitiv,adj.,a. 装饰性的,,,cet6-all source:ecdict cet6,6658
decrease,'di:kri:s,n.,"n. 减少, 减少量\nv. 减少",,,cet6-all source:ecdict cet4 cet6 cet6-core family:decreased family:decreases family:decreasing,3370
decree,di'kri:,n.,"n. 法令, 判决, 天意\nvt. 颁布, 判决\nvi. 发布命令",,,cet6-all source:ecdict cet6 cet6-core family:decrees family:decreed family:decreeing,8412
dedicate,'dedikeit,vt.,"vt. 献出, 贡献",,,cet6-all source:ecdict cet6 cet6-core family:dedicated family:dedicating family:dedicates,3799
deduce,di'dju:s,vt.,"vt. 推论, 演绎出\n[法] 推断, 推出, 演绎",,,cet6-all source:ecdict cet4 cet6 cet6-core family:deduced family:deducing family:deduces,13290
deduct,di'dʌkt,vt.,"vt. 扣除, 减去\n[经] 扣除, 减去, 折扣",,,cet6-all source:ecdict cet6 cet6-core family:deducted family:deducting family:deducts,11281
deed,di:d,n.,"n. 行为, 实行, 契约\nvt. 立契转让",,,cet6-all source:ecdict cet4 cet6 family:deeds,5766
deem,di:m,v.,"v. 认为, 相信",,,cet6-all source:ecdict cet6 cet6-core family:deemed family:deems family:deeming,4554
deepen,'dipәn,vi.,"vi. 深化\nvt. 使加深, 使强烈",,,cet6-all source:ecdict cet4 cet6 family:deepened family:deepens family:deepening,6730
deer,diә,n.,n. 鹿,,,cet6-all source:ecdict cet4 cet6 family:deering,2911
default,di'fɒ:lt,n.,"n. 违约, 不履行责任, 缺席, 默认值\nv. 疏怠职责, 缺席, 拖欠, 默认\n[计] 默认; 默认值; 缺省值",,,cet6-all source:ecdict cet6 cet6-core family:defaults family:defaulted family:defaulting,7415
defeat,di'fi:t,n.,"n. 败北, 失败\nvt. 击败, 使落空",,,cet6-all source:ecdict cet4 cet6 cet6-core family:defeated family:defeats family:defeating,3326
defect,di'fekt,n.,"n. 缺点\n[医] 缺损, 缺陷",,,cet6-all source:ecdict cet4 cet6 cet6-core family:defects family:defected family:defecting,5946
defence,di'fens,n.,"n. 防卫, 防卫设备\n[经] (诉讼程序中的)辩护",,,cet6-all source:ecdict cet4 cet6 family:defences,21674
defend,di'fend,vt.,"vt. 防护, 辩护, 防卫\n[法] 作...的辩护律师, 辩护, 为...答辩",,,cet6-all source:ecdict cet4 cet6 family:defending family:defended family:defends,1750
defendant,di'fendәnt,n.,n. 被告\n[经] 被告方,,,cet6-all source:ecdict cet6 cet6-core family:defendants,3356
deferential,.defә'renʃәl,adj.,a. 恭敬的\n[医] 输精管的,,,cet6-all source:ecdict cet6,20111
deficiency,di'fiʃәnsi,n.,"n. 缺乏, 不足\n[医] 缺乏, 不足",,,cet6-all source:ecdict cet6 cet6-core family:deficiencies,6360
deficient,di'fiʃәnt,adj.,"a. 不足的, 不充分的, 有缺陷的",,,cet6-all source:ecdict cet6,12804
deficit,'defisit,n.,"n. 赤字, 不足额\n[医] 短缺",,,cet6-all source:ecdict cet6 cet6-core family:deficits,2403
define,di'fain,vt.,"vt. 定义, 规定, 使明确\n[计] 定义",,,cet6-all source:ecdict cet4 cet6 cet6-core family:defined family:defining family:defines,1210
definite,'definit,adj.,"a. 明确的, 一定的\n[法] 明确的, 确切的, 一定的",,,cet6-all source:ecdict cet4 cet6 family:definites,6780
definitely,'definitli,adv.,"adv. 明确无疑地, 清楚地",,,cet6-all source:ecdict cet4 cet6 cet6-core,1991
definition,.defi'niʃәn,n.,"n. 定义, 精确度, 清晰度\n[计] 清晰度; 清晰度",,,cet6-all source:ecdict cet4 cet6 cet6-core family:definitions,2110
deflect,di'flekt,vt.,"vt. 转移, 使偏斜\nvi. 偏斜",,,cet6-all source:ecdict cet6 family:deflected family:deflecting family:deflects,9591
deflection,di'flekʃәn,n.,"n. 歪斜, 偏, 偏向\n[医] 偏向, 偏离, 偏转(光), 偏转, 波(心电图)",,,cet6-all source:ecdict cet6 family:deflections,19819
deform,di'fɒ:m,vt.,"vt. 使残缺, 使变形\nvi. 变形",,,cet6-all source:ecdict cet6 family:deforming family:deforms family:deformed,23023
deformation,.di:fɒ:'meiʃәn,n.,"n. 损形, 变丑, 畸形\n[化] 变形; 形变",,,cet6-all source:ecdict cet6 family:deformations,18247
defy,di'fai,vt.,"vt. 藐视, 挑衅, 使落空\nn. 挑战",,,cet6-all source:ecdict cet6 cet6-core family:defied family:defying family:defies,5583
degenerate,di'dʒenәreit,adj.,"a. 堕落的\nvi. 退化, 堕落\nvt. 使变质, 使退化",,,cet6-all source:ecdict cet6 cet6-core family:degenerated family:degenerating family:degenerates,16007
degradation,.degrә'deiʃәn,n.,"n. 降格, 堕落, 退化\n[计] 降级",,,cet6-all source:ecdict cet6 family:degradations,7764
degrade,di'greid,v.,"v. (使)降级, (使)退化",,,cet6-all source:ecdict cet6 cet6-core family:degrading family:degraded family:degrades,8440
degree,di'gri:,n.,"n. 程度, 度数, 学位, 度\n[医] 度, 程度",,,cet6-all source:ecdict cet4 cet6 family:degrees,789
delay,di'lei,n.,"n. 耽搁, 迟滞\nv. 耽搁, 延迟\n[计] 延迟, 延时",,,cet6-all source:ecdict cet4 cet6 family:delayed family:delays family:delaying,3105
delegate,'deligeit,n.,n. 代表\nvt. 委派...为代表,,,cet6-all source:ecdict cet4 cet6 family:delegates family:delegated family:delegating,5227
delegation,.deli'geiʃәn,n.,"n. 代表团, 派遣代表团, 代表的地位(或权力)\n[经] 派遣, 委任, 委托",,,cet6-all source:ecdict cet4 cet6 family:delegations,5697
deliberate,di'libәrәt,adj.,"a. 深思熟虑的, 故意的, 从容的\nv. 仔细考虑",,,cet6-all source:ecdict cet4 cet6 cet6-core family:deliberating family:deliberated family:deliberates,6343
deliberately,di'libәrәtli,adv.,adv. 故意地,,,cet6-all source:ecdict cet4 cet6,4592
delicacy,'delikәsi,n.,"n. 细软, 精致, 精美的食品, 娇气, 微妙, 棘手, 娇弱, 灵敏, 灵巧",,,cet6-all source:ecdict cet6 family:delicacies,11228
delicate,'delikәt,adj.,"a. 细致优雅的, 微妙的, 美味的\n[医] 柔弱的",,,cet6-all source:ecdict cet4 cet6 cet6-core,3787
delight,di'lait,n.,"n. 高兴, 愉快\nvt. 使高兴, 乐于\nvi. 感到高兴(或愉快、快乐)",,,cet6-all source:ecdict cet4 cet6 family:delights family:delighted family:delighting,4890
delivery,di'livәri,n.,"n. 递送, 交付, 分娩, 交货, 引渡\n[化] 交货额",,,cet6-all source:ecdict cet4 cet6 family:deliveries,2804
delusion,di'lu:ʒәn,n.,"n. 迷惑, 欺瞒, 错觉\n[医] 妄想",,,cet6-all source:ecdict cet6 family:delusions,10894
demand,di'mɑ:nd,n.,"n. 要求, 需求, 需要\nv. 要求, 查询",,,cet6-all source:ecdict cet4 cet6 cet6-core family:demands family:demanded family:demanding,1287
democracy,di'mɒkrәsi,n.,"n. 民主政治, 民主主义\n[法] 民主, 民主政治, 民主政体",,,cet6-all source:ecdict cet4 cet6 family:democracies,1502
democratic,.demә'krætik,adj.,"a. 民主的\n[法] 民主的, 民主政体的, 平民的",,,cet6-all source:ecdict cet4 cet6,853
demography,di:'mɒgrәfi,n.,"n. 人口统计学\n[医] 人口学, 人口统计学",,,cet6-all source:ecdict cet6,21130
demonstrate,'demәnstreit,vt.,"vt. 示范, 证明\nvi. 示威",,,cet6-all source:ecdict cet4 cet6 cet6-core family:demonstrated family:demonstrates family:demonstrating,1379
denial,di'naiәl,n.,"n. 否认\n[法] 否定, 否认, 拒绝接受",,,cet6-all source:ecdict cet6 cet6-core family:denials,4743
denote,di'nәut,vt.,"vt. 指示, 表示",,,cet6-all source:ecdict cet6 cet6-core family:denotes family:denoted family:denoting,9748
denounce,di'nauns,vt.,"vt. 告发, 抨击, 谴责\n[法] 谴责, 斥责, 告发",,,cet6-all source:ecdict cet6 cet6-core family:denounced family:denouncing family:denounces,5987
dense,dens,adj.,"a. 密集的, 浓厚的",,,cet6-all source:ecdict cet4 cet6,4864
density,'densiti,n.,n. 密度\n[化] 密度,,,cet6-all source:ecdict cet4 cet6 family:densities,4513
dentist,'dentist,n.,n. 牙科医生\n[医] 牙医师,,,cet6-all source:ecdict cet6 cet6-core family:dentists,6301
deny,di'nai,v.,"v. 否认, 拒绝",,,cet6-all source:ecdict cet4 cet6 cet6-core family:denied family:denying family:denies,1406
depart,di'pɑ:t,vi.,"vi. 离开, 出发, 背离, 违反, 去世",,,cet6-all source:ecdict cet4 cet6 family:departing family:departed family:departs,4829
department,di'pɑ:tmәnt,n.,"n. 部门, 系, 机关\n[医] 部, 科",,,cet6-all source:ecdict cet4 cet6 family:departments,1198
departure,di'pɑ:tʃә,n.,"n. 离开, 出发, 违背, 偏离\n[经] 启运",,,cet6-all source:ecdict cet4 cet6 family:departures,3867
depend,di'pend,vi.,"vi. 靠, 视...而定, 信赖",,,cet6-all source:ecdict cet4 cet6 family:depends family:depending family:depended,1475
dependant,di'pendәnt,n.,"n. 家眷, 侍从, 食客\n[法] 受赡养人, 家庭负担",,,cet6-all source:ecdict cet6 family:dependants,36947
dependent,di'pendәnt,n.,"n. 依赖他人者\na. 依赖的, 从属的",,,cet6-all source:ecdict cet4 cet6 family:dependents,3201
depict,di'pikt,vt.,"vt. 描述, 描写",,,cet6-all source:ecdict cet6 cet6-core family:depicting family:depicted family:depicts,3205
deploy,di'plɒi,v.,"v. 展开, 配置",,,cet6-all source:ecdict cet6 family:deployed family:deploying family:deploys,4495
deportation,.di:pɒ:'teiʃәn,n.,"n. 驱逐出境, 放逐\n[法] 递解出境, 放逐, 驱逐",,,cet6-all source:ecdict cet6 family:deportations,11709
deposit,di'pɒzit,n.,"n. 存款, 定金, 堆积物\nvt. 存放, 堆积\nvi. 沉淀",,,cet6-all source:ecdict cet4 cet6 family:deposits family:deposited family:depositing,4692
deposition,.depә'ziʃәn,n.,"n. 免职, 作证, 沉淀\n[化] 沉积",,,cet6-all source:ecdict cet6 family:depositions,7312
depress,di'pres,vt.,"vt. 使沮丧, 压低, 降低, 使萧条\n[化] 推下",,,cet6-all source:ecdict cet4 cet6 cet6-core family:depressed family:depresses family:depressing,11421
depression,di'preʃәn,n.,"n. 不景气, 消沉, 沮丧, 洼地\n[医] 抑郁[症], 阻抑, 压低, 凹, 窝, 衰退, 俯角",,,cet6-all source:ecdict cet4 cet6 cet6-core family:depressions,2095
deprive,di'praiv,vt.,"vt. 剥夺, 使丧失\n[法] 剥夺, 剥夺, 夺去",,,cet6-all source:ecdict cet6 cet6-core family:deprived family:depriving family:deprives,6202
depth,depθ,n.,"n. 深度, 深处, 深奥\n[计] 深度",,,cet6-all source:ecdict cet4 cet6 family:depths,2555
deputy,'depjuti,n.,n. 副手，代理人,,,cet6-all source:ecdict cet4 cet6 family:deputies,2568
derivation,.deri'veiʃәn,n.,"n. 推论, 推导, 来历\n[医] 衍化, 诱导",,,cet6-all source:ecdict cet6 family:derivations,20388
derive,di'raiv,vt.,vt. 得自\nvi. 起源,,,cet6-all source:ecdict cet4 cet6 cet6-core family:derived family:derives family:deriving,3051
descend,di'send,vi.,"vi. 下降, 世代相传, 屈尊, 袭击\nvt. 下降",,,cet6-all source:ecdict cet4 cet6 cet6-core family:descended family:descending family:descends,4006
descendant,di'sendәnt,n.,"n. 后裔, 子孙\na. 传下的, 下降的",,,cet6-all source:ecdict cet6 cet6-core family:descendants,6138
descent,di'sent,n.,"n. 降落, 家系, 侵袭, 血统\n[医] 下降, 世代, 血统",,,cet6-all source:ecdict cet6 cet6-core family:descents,5454
describe,di'skraib,vt.,"vt. 描述, 描绘, 画",,,cet6-all source:ecdict cet4 cet6 cet6-core family:described family:describes family:describing,568
description,di'skripʃәn,n.,"n. 描述, 说明, 种类\n[经] 说明书(物品), 品名种类, 货物名称",,,cet6-all source:ecdict cet4 cet6 family:descriptions,2171
desert,'dezәt. di'sә:t,n.,"n. 沙漠, 应得的赏罚, 功劳\na. 沙漠的, 不毛的\nvt. 放弃, 遗弃, 擅离\nvi. 逃掉",,,cet6-all source:ecdict cet4 cet6 family:deserted family:deserts family:deserting,2196
deserve,di'zә:v,vt.,"vt. 该得到, 值得\nvi. 应得报答",,,cet6-all source:ecdict cet4 cet6 cet6-core family:deserves family:deserved family:deserving,2224
design,di'zain,n.,"n. 设计, 图样, 方案, 企图\nv. 设计, 计划",,,cet6-all source:ecdict cet4 cet6 cet6-core family:designed family:designs family:designing,834
designate,'dezigneit,vt.,"vt. 指定, 指明, 称呼\na. 已选出而未上任的",,,cet6-all source:ecdict cet6 cet6-core family:designated family:designating family:designates,5240
desirable,di'zairәbl,adj.,"a. 令人想望的, 可取的",,,cet6-all source:ecdict cet4 cet6 cet6-core,5313
desire,di'zaiә,n.,"n. 欲望, 要求\nvt. 想要, 请求\nvi. 渴望",,,cet6-all source:ecdict cet4 cet6 cet6-core family:desires family:desired family:desiring,1551
desolate,'desәlәt,adj.,a. 荒凉的,,,cet6-all source:ecdict cet6 family:desolating family:desolated family:desolates,12016
despair,di'spєә,n.,"n. 绝望, 失望\nvi. 绝望",,,cet6-all source:ecdict cet4 cet6 family:despaired family:despairs family:despairing,5427
despatch,di'spætʃ,v.,v. 派遣\nn. 派遣,,,cet6-all source:ecdict cet6 family:despatched family:despatches family:despatching,41259
desperate,'despәrәt,adj.,"a. 不顾一切的, 危急的, 令人绝望的, 极渴望的",,,cet6-all source:ecdict cet4 cet6,3091
desperately,'despәrәtli,adv.,adv. 拼命地；绝望地；极度地,,,cet6-all source:ecdict cet6,4450
despise,di'spaiz,vt.,vt. 轻视,,,cet6-all source:ecdict cet4 cet6 cet6-core family:despised family:despises family:despising,9016
despite,di'spait,n.,"n. 轻视, 憎恨\nprep. 虽然, 尽管",,,cet6-all source:ecdict cet4 cet6 cet6-core,742
dessert,di'zә:t,n.,n. 餐后甜点,,,cet6-all source:ecdict cet6 family:desserts,4269
destination,.desti'neiʃәn,n.,"n. 目的地, 目标, 目的\n[计] 目的文件, 目的单元",,,cet6-all source:ecdict cet4 cet6 cet6-core family:destinations,3883
destine,'destin,vt.,"vt. 注定, 预定",,,cet6-all source:ecdict cet6 family:destined family:destining family:destines,6906
destiny,'destini,n.,"n. 命运, 定数",,,cet6-all source:ecdict cet6 cet6-core family:destinies,5162
destroy,di'strɒi,vt.,"vt. 破坏, 毁坏, 消灭",,,cet6-all source:ecdict cet4 cet6 family:destroyed family:destroying family:destroys,1418
destruction,di'strʌkʃәn,n.,"n. 破坏, 毁灭\n[医] 破坏",,,cet6-all source:ecdict cet4 cet6 cet6-core family:destructions,2685
destructive,di'strʌktiv,adj.,"a. 毁灭性的, 破坏的, 有害的\n[医] 破坏的, 毁坏的",,,cet6-all source:ecdict cet4 cet6 cet6-core,5818
detach,di'tætʃ,vt.,"vt. 使分离, 分遣\n[机] 摘下, 分离, 卸下",,,cet6-all source:ecdict cet6 cet6-core family:detached family:detaching family:detaches,10420
detail,'di:teil,n.,"n. 细节, 详情\nvt. 详述, 选派\nvi. 画详图\n[计] 详细数据",,,cet6-all source:ecdict cet4 cet6 cet6-core family:details family:detailing family:detailed,997
detain,di'tein,vt.,"vt. 扣留, 扣押, 耽搁\n[法] 拘留, 扣押, 留住",,,cet6-all source:ecdict cet6 cet6-core family:detained family:detaining family:detains,7558
detect,di'tekt,vt.,"vt. 发现, 察觉, 探测\n[法] 发现, 查明, 探测",,,cet6-all source:ecdict cet4 cet6 cet6-core family:detected family:detecting family:detects,2763
detection,di'tekʃәn,n.,"n. 发现, 察觉, 探测\n[计] 检波; 检测",,,cet6-all source:ecdict cet4 cet6 cet6-core family:detections,6216
detective,di'tektiv,n.,n. 侦探\na. 侦探的,,,cet6-all source:ecdict cet6 cet6-core family:detectives,3793
detector,di'tektә,n.,"n. 发现者, 检验器, 检波器\n[计] 检波器; 检测器",,,cet6-all source:ecdict cet6 family:detectors,5477
deteriorate,di'tiәriәreit,v.,v. (使)恶化,,,cet6-all source:ecdict cet6 cet6-core family:deteriorated family:deteriorates family:deteriorating,7587
determination,di.tә:mi'neiʃәn,n.,"n. 决心, 果断\n[化] 判定; 测定",,,cet6-all source:ecdict cet4 cet6 family:determinations,3846
determine,di'tә:min,v.,"v. 决定, 决心",,,cet6-all source:ecdict cet4 cet6 family:determined family:determining family:determines,773
deviate,'di:vieit,vi.,"vi. 脱离, 偏离\nvt. 使偏离\na. 脱离常规的\nn. 脱离常规的人",,,cet6-all source:ecdict cet6 cet6-core family:deviated family:deviating family:deviates,13796
deviation,.di:vi'eiʃәn,n.,n. 背离\n[化] 偏差; 误差; 偏斜,,,cet6-all source:ecdict cet6 family:deviations,6460
device,di'vais,n.,"n. 装置, 设计, 策略, 发明物, 设备\n[计] 设备; DOS内部命令:该命令要求DOS安装一个设备驱动程序",,,cet6-all source:ecdict cet4 cet6 cet6-core family:devices,1507
devil,'devәl,n.,"n. 魔鬼\nvt. 折磨, 戏弄",,,cet6-all source:ecdict cet4 cet6 family:devils family:devilled family:devilling,4907
devise,di'vaiz,vt.,"vt. 设计, 发明, 图谋, 遗赠给\nn. 遗赠",,,cet6-all source:ecdict cet4 cet6 cet6-core family:devised family:devising family:devises,4960
devote,di'vәut,vt.,"vt. 投入于, 献身",,,cet6-all source:ecdict cet4 cet6 cet6-core family:devoted family:devoting family:devotes,3225
devotion,di'vәuʃәn,n.,"n. 热爱, 投入",,,cet6-all source:ecdict cet6 family:devotions,6466
devour,di'vauә,vt.,"vt. 吞食, 挥霍, 吞没",,,cet6-all source:ecdict cet6 family:devouring family:devoured family:devours,8478
dew,dju:,n.,"n. 露珠, 露水\nvt. (用露水)沾湿\nvi. 结露水",,,cet6-all source:ecdict cet4 cet6 family:dews family:dewed,14536
diagnose,'daiәgnәuz,v.,v. 诊断,,,cet6-all source:ecdict cet6 cet6-core family:diagnosed family:diagnosing family:diagnoses,3832
diagnostic,daiәg'nɒstik,adj.,"a. 诊断的, 有助于诊断的, 特征的\nn. 诊断, 病的征候, 诊断法\n[计] 诊断的",,,cet6-all source:ecdict cet6,6657
diagram,'daiәɡræm,n.,n. 图表；图解,,,cet6-all source:ecdict cet4 cet6 family:diagrams family:diagrammed family:diagramming,7324
dial,'daiәl,n.,"n. 刻度盘, 钟面, 转盘\nv. 拨",,,cet6-all source:ecdict cet4 cet6 family:dialled family:dials family:dialing,6092
dialect,'daiәlekt,n.,"n. 方言, 同源语",,,cet6-all source:ecdict cet4 cet6 family:dialects,10722
dialog,'daiәlɒg,n.,"n. 会话, 对话\n[计] 对话",,,cet6-all source:ecdict cet4 cet6,16198
diameter,dai'æmitә,n.,"n. 直径\n[医] 直经, 径",,,cet6-all source:ecdict cet4 cet6 family:diameters,5253
diamond,'daiәmәnd,n.,"n. 钻石, 菱形\n[计] 菱形",,,cet6-all source:ecdict cet4 cet6 family:diamonds,4044
diary,'daiәri,n.,n. 日记\n[经] 日记簿,,,cet6-all source:ecdict cet4 cet6 family:diaries,4334
dictate,'dikteit,vi.,"vi. 听写, 口述, 口授\nvt. 口述, 使听写, 命令\nn. 命令, 指挥, 指令",,,cet6-all source:ecdict cet4 cet6 cet6-core family:dictated family:dictates family:dictating,4933
dictation,dik'teiʃәn,n.,"n. 听写, 口述, 命令",,,cet6-all source:ecdict cet4 cet6 family:dictations,21756
dictator,'dikteitә,n.,"n. 命令者, 独裁者",,,cet6-all source:ecdict cet6 family:dictators,6740
diesel,'di:zәl,n.,"n. 内燃机, 柴油机, 柴油",,,cet6-all source:ecdict cet6 family:diesels,6468
diet,'daiәt,n.,"n. 日常饮食, 议会\nvt. 照规定饮食\nvi. 忌食",,,cet6-all source:ecdict cet4 cet6 family:diets family:dieting family:dieted,2139
differ,'difә,vi.,"vi. 不一致, 不同\n[机] 差异, 不同",,,cet6-all source:ecdict cet4 cet6 family:differs family:differed family:differing,2990
diffuse,di'fju:z,v.,"v. 散播, 传播\na. 散开的, 弥漫的",,,cet6-all source:ecdict cet6 cet6-core family:diffused family:diffuses family:diffusing,12366
digest,di'dʒest,n.,"n. 文摘\nvi. 消化\nvt. 消化, 理解\n[计] 摘要",,,cet6-all source:ecdict cet4 cet6 cet6-core family:digested family:digesting family:digests,9447
digital,'didʒitәl,adj.,"a. 数字显示的, 数字的\nn. 数字仪表, 数字式电子表(或时钟)\n[计] 数字, 数字式",,,cet6-all source:ecdict cet4 cet6,2356
dignity,'digniti,n.,"n. 尊严, 高贵\n[法] 尊严, 高位, 高贵",,,cet6-all source:ecdict cet6 cet6-core family:dignities,4100
dilemma,di'lemә,n.,"n. 困境, (进退两难的)窘境",,,cet6-all source:ecdict cet6 cet6-core family:dilemmas,4118
diligence,'dilidʒәns,n.,n. 勤奋,,,cet6-all source:ecdict cet6,14741
diligent,'dilidʒәnt,adj.,"a. 勤勉的, 用功的",,,cet6-all source:ecdict cet4 cet6 cet6-core,14139
dilute,dai'lju:t,vt.,"vt. 冲淡, 稀释\na. 淡的, 稀释的",,,cet6-all source:ecdict cet6 cet6-core family:diluted family:diluting family:dilutes,9506
dim,dim,adj.,"a. 暗淡的, 模糊的\nvt. 使暗淡\n[计] 数据解释模块",,,cet6-all source:ecdict cet4 cet6 cet6-core family:dimmed family:dimmer family:dimming family:dimmest family:dims,5733
dimension,dai'menʃәn,n.,"n. 尺寸, 次元, 面积, 维数\nvt. 标出尺寸",,,cet6-all source:ecdict cet4 cet6 cet6-core family:dimensions family:dimensioned family:dimensioning,2420
diminish,di'miniʃ,v.,"v. (使)减少, (使)变小",,,cet6-all source:ecdict cet6 cet6-core family:diminished family:diminishes family:diminishing,3958
dine,dain,vi.,"vi. 用正餐, 进餐\nvt. 宴请",,,cet6-all source:ecdict cet6 cet6-core family:dined family:dining family:dines,7360
dioxide,dai'ɒksaid,n.,n. 二氧化物\n[医] 二氧化物,,,cet6-all source:ecdict cet6 family:dioxides,5712
dip,dip,v.,"v. 浸, 降下, 把(手、勺等)伸入, 舀取\nn. 浸, 涉猎\n[计] 双列直插式组件, 分布式输入输出系统, 双排直插封装",,,cet6-all source:ecdict cet4 cet6 family:dipped family:dipping family:dips,4532
diploma,di'plәumә,n.,"n. 文凭, 毕业证书\n[医] 文凭",,,cet6-all source:ecdict cet6 cet6-core family:diplomas,8453
diplomatic,.diplә'mætik,adj.,"a. 外交的, 老练的\n[法] 外交的, 外交上的, 文献上的",,,cet6-all source:ecdict cet6,3940
direct,di'rekt,adj.,"a. 直接的, 坦白的\nvt. 指示, 指挥, 命令, 导演\nvi. 指导, 指挥\nadv. 直接地",,,cet6-all source:ecdict cet4 cet6 family:directed family:directing family:directs,1478
direction,di'rekʃәn,n.,"n. 方向, 指导, 趋势\n[计] 方向; 流向",,,cet6-all source:ecdict cet4 cet6 family:directions,928
directly,"di'rektli, dai'rektli",adv.,"adv. 径直地, 直接地, 直率地, 正好地, 直截了当地, (非正式)立即, 马上\nconj. 一...(就...), 一当...就...\n[计] 直接的",,,cet6-all source:ecdict cet4 cet6,1139
director,di'rektә,n.,"n. 主管, 导演, 董事\n[计] 寻向偶极子; 指挥仪",,,cet6-all source:ecdict cet4 cet6 family:directors,510
directory,di'rektәri,n.,"n. 目录, 工商名录, 指南\n[计] 目录",,,cet6-all source:ecdict cet6 cet6-core family:directories,8211
disable,dis'eibl,vt.,"vt. 使失去能力, 使残废, (律)使无资格\n[计] 使无效, 禁止, 关闭",,,cet6-all source:ecdict cet4 cet6 cet6-core family:disabled family:disabling family:disables,11005
disadvantage,.disәd'vɑ:ntidʒ,n.,"n. 缺点, 不利, 坏处",,,cet6-all source:ecdict cet4 cet6 family:disadvantages family:disadvantaged family:disadvantaging,6291
disagree,.disә'gri:,vi.,"vi. 不一致, 不适宜\n[法] 抵触, 不同意, 争执",,,cet6-all source:ecdict cet4 cet6 family:disagreed family:disagrees family:disagreeing,2679
disagreement,.disә'gri:mәnt,n.,"n. 不合, 争论, 不一致\n[法] 不一致, 不同意, 陪审团的意见不一",,,cet6-all source:ecdict cet6 family:disagreements,5117
disappear,.disә'piә,vi.,"vi. 消失, 不见",,,cet6-all source:ecdict cet4 cet6 family:disappeared family:disappears family:disappearing,1578
disappearance,.disә'piәrәns,n.,"n. 看不见, 失踪, 消失",,,cet6-all source:ecdict cet6 family:disappearances,6530
disappoint,.disә'pɒint,vt.,vt. 使失望,,,cet6-all source:ecdict cet4 cet6 family:disappointed family:disappoints family:disappointing,8204
disapproval,.disә'pru:vәl,n.,n. 不赞成,,,cet6-all source:ecdict cet6 family:disapprovals,10369
disaster,di'zɑ:stә,n.,"n. 灾祸, 不幸, 彻底失败",,,cet6-all source:ecdict cet4 cet6 cet6-core family:disasters,2321
disastrous,di'zɑ:strәs,adj.,"a. 损失惨重的, 悲伤的",,,cet6-all source:ecdict cet6 cet6-core,7241
discard,dis'kɑ:d,vt.,"vt. 丢弃, 抛弃\nvi. 垫牌\nn. 垫牌, 抛弃",,,cet6-all source:ecdict cet4 cet6 cet6-core family:discarded family:discarding family:discards,5416
discern,di'zә:n,v.,"v. 辨别, 看清楚, 了解",,,cet6-all source:ecdict cet6 cet6-core family:discerned family:discerns family:discerning,7711
discharge,dis'tʃɑ:dʒ,vt.,"vt. 卸下, 放出, 解雇, 拔染, 履行, 放电\nvi. 卸货, 流出\nn. 卸货, 流出, 放电",,,cet6-all source:ecdict cet4 cet6 cet6-core family:discharged family:discharges family:discharging,6214
discipline,'disiplin,n.,"n. 训练, 纪律\nvt. 训练, 惩罚",,,cet6-all source:ecdict cet4 cet6 cet6-core family:disciplines family:disciplined family:disciplining,2278
disclose,dis'klәuz,vt.,"vt. 揭露, 透露\n[法] 揭发, 揭露, 公开",,,cet6-all source:ecdict cet4 cet6 cet6-core family:disclosed family:disclosing family:discloses,4420
discontented,.diskәn'tentid,adj.,a. 不满意的,,,cet6-all source:ecdict cet6 family:pd family:discontent,25337
discount,'diskaunt,n.,"n. 折扣, 贴现率\nvt. 打折扣\nvi. 贴现",,,cet6-all source:ecdict cet4 cet6 cet6-core family:discounts family:discounted family:discounting,4504
discourage,dis'kʌridʒ,vt.,"vt. 使气馁, 阻碍",,,cet6-all source:ecdict cet4 cet6 family:discouraged family:discouraging family:discourages,4211
discourse,'diskɒ:s,n.,"n. 谈话, 演讲\nvi. 谈话, 讲述",,,cet6-all source:ecdict cet6 family:discourses family:discoursing family:discoursed,3253
discover,dis'kʌvә,vt.,"vt. 发现, 找到, 暴露\nvi. 发现",,,cet6-all source:ecdict cet4 cet6 family:discovered family:discovering family:discovers,956
discovery,dis'kʌvәri,n.,"n. 发现, 被发现的事物\n[法] 要求告知, 发现, 发觉",,,cet6-all source:ecdict cet4 cet6 family:discoveries,2227
discrepancy,dis'krepәnsi,n.,"n. 不符合, 差异, 不相符之处\n[化] 不符值; 偏差值",,,cet6-all source:ecdict cet6 cet6-core family:discrepancies,6872
discrete,dis'kri:t,adj.,"a. 不连续的, 离散的\n[计] 离散的",,,cet6-all source:ecdict cet6 cet6-core family:discretes,9847
discrimination,dis.krimi'neiʃәn,n.,"n. 差别, 岐视, 辨别力\n[化] 鉴别",,,cet6-all source:ecdict cet4 cet6 family:discriminations,3167
discussion,dis'kʌʃәn,n.,n. 讨论,,,cet6-all source:ecdict cet4 cet6 family:discussions,1041
disease,di'zi:z,n.,"n. 疾病, 弊病\n[医] [疾]病",,,cet6-all source:ecdict cet4 cet6 cet6-core family:diseases,775
disgrace,dis'greis,n.,"n. 耻辱, 不名誉\nvt. 使受耻辱, 使失体面",,,cet6-all source:ecdict cet6 family:disgraced family:disgracing family:disgraces,10352
disguise,dis'gaiz,n.,"n. 假面目, 假装\nvt. 假装, 隐瞒",,,cet6-all source:ecdict cet4 cet6 cet6-core family:disguised family:disguising family:disguises,7364
disgust,dis'gʌst,n.,"n. 厌恶, 嫌恶\nvi. 令人厌恶\nvt. 使作呕",,,cet6-all source:ecdict cet4 cet6 cet6-core family:disgusted family:disgusts family:disgusting,7464
dishonour,dis'ɔnә,n.,"n. 不名誉, 使人丢脸的人/事, 耻辱, 不光彩\nvt. 使丧失名誉, 使受耻辱, 使丢脸, 奸污, 拒收, 无法偿付, 拒付",,,cet6-all source:ecdict cet4 cet6 family:dishonoured family:dishonours family:dishonouring,
disillusion,.disi'lu:ʒәn,n.,"n. 觉醒, 幻灭\nvt. 使醒悟, 使幻想破灭",,,cet6-all source:ecdict cet6 family:disillusioned family:disillusioning family:disillusions,15275
disillusioned,,adj.,"a. 幻想破灭了的, 大失所望的, 醒悟了的",,,cet6-all source:ecdict cet6 family:disillusion family:dp family:disillusioned,19439
disk,disk,n.,"n. 圆盘, 磁盘\n[计] 磁盘",,,cet6-all source:ecdict cet4 cet6 family:disks,3761
dislike,dis'laik,n.,"n. 嫌恶\nvt. 讨厌, 不喜欢",,,cet6-all source:ecdict cet4 cet6 family:disliked family:dislikes family:disliking,6813
dismay,dis'mei,n.,"n. 沮丧\nvt. 使惊愕, 使气馁",,,cet6-all source:ecdict cet6 cet6-core family:dismayed family:dismaying family:dismays,9018
dismiss,dis'mis,vt.,"vt. 解散, 开除, 解职\nvi. 解散\n[计] 解散",,,cet6-all source:ecdict cet4 cet6 cet6-core family:dismissed family:dismissing family:dismisses,2802
disobedience,.disә'bi:djәns,n.,"n. 不服从, 不孝, 违反",,,cet6-all source:ecdict cet6,14049
disorder,dis'ɒ:dә,n.,"n. 杂乱, 混乱\nvt. 扰乱, 使失调",,,cet6-all source:ecdict cet4 cet6 cet6-core family:disorders family:disordered family:disordering,2368
disorient,dis'ɒ:rient,vt.,"vt. 使失去方向, 使迷惑",,,cet6-all source:ecdict cet6 family:disorienting family:disoriented family:disorients,23395
dispatch,dis'pætʃ,vt.,"vt. 派遣\nn. 派遣, 急件\n[计] 调度",,,cet6-all source:ecdict cet6 cet6-core family:dispatched family:dispatches family:dispatching,7363
dispense,dis'pens,vt.,"vt. 分发, 分配\nvi. 特许, 豁免",,,cet6-all source:ecdict cet6 family:dispensed family:dispensing family:dispenses,8334
disperse,dis'pә:s,vt.,"vt. 分散, 传播, 散开\nvi. 分散\na. 分散的\n[计] 分散",,,cet6-all source:ecdict cet6 cet6-core family:dispersed family:dispersing family:disperses,7421
displace,dis'pleis,vt.,"vt. 移置, 替换, 转移",,,cet6-all source:ecdict cet6 cet6-core family:displaced family:displacing family:displaces,6789
displacement,dis'pleismәnt,n.,"n. 换置, 移位, 移动, 取代\n[化] 顶替展开法",,,cet6-all source:ecdict cet6 family:displacements,9099
display,dis'plei,n.,"n. 显示, 陈列, 炫耀, 显示器\nvt. 陈列, 显示, 表现, 夸示\n[计] 显示器; 显示",,,cet6-all source:ecdict cet4 cet6 cet6-core family:displayed family:displays family:displaying,2092
displease,dis'pli:z,v.,"v. 使不愉快, 使(人)生气",,,cet6-all source:ecdict cet4 cet6 family:displeasing family:displeased family:displeases,19965
disposal,dis'pәuzәl,n.,"n. 丢掉, 处理, 排列, 销毁, 布置\n[医] 处理, 处置",,,cet6-all source:ecdict cet4 cet6 cet6-core family:disposals,5580
dispose,dis'pәuz,vt.,"vt. 处理, 排列, 布置\nvi. 处置",,,cet6-all source:ecdict cet4 cet6 cet6-core family:disposing family:disposed family:disposes,6900
disposition,.dispә'ziʃәn,n.,"n. 性情, 处置, 处理, 布置\n[医] 素因, 性情",,,cet6-all source:ecdict cet6 cet6-core family:dispositions,7219
disproportionate,.disprә'pɒ:ʃәnit,adj.,a. 不成比例的,,,cet6-all source:ecdict cet6 family:disproportionating,10266
dispute,dis'pju:t,n.,n. 争论\nv. 争论,,,cet6-all source:ecdict cet4 cet6 family:disputes family:disputed family:disputing,2705
disregard,.disri'gɑ:d,n.,"n. 忽视, 漠视\nvt. 忽视, 不顾",,,cet6-all source:ecdict cet6 cet6-core family:disregarded family:disregarding family:disregards,9174
disrupt,dis'rʌpt,adj.,"a. 分裂的, 中断的\nvt. 使分裂, 使瓦解",,,cet6-all source:ecdict cet6 cet6-core family:disrupted family:disrupting family:disrupts,5307
disruptive,dis'rʌptiv,adj.,"a. 分裂的, 破坏(性)的\n[计] 击穿的, 中断的",,,cet6-all source:ecdict cet6,8450
dissatisfaction,'dis.sætis'fækʃәn,n.,"n. 不满, 不平",,,cet6-all source:ecdict cet6 family:dissatisfactions,8530
dissatisfy,dis'sætisfai,vt.,"vt. 使感觉不满, 不满足",,,cet6-all source:ecdict cet4 cet6 family:dissatisfying family:dissatisfies family:dissatisfier family:dissatisfied,
disservice,dis'sә:vis,n.,"n. 伤害, 帮倒忙的行为",,,cet6-all source:ecdict cet6 family:disservices,15185
dissipate,'disipeit,vt.,"vt. 散失, 驱散, 浪费\nvi. 消散, 放荡",,,cet6-all source:ecdict cet6 cet6-core family:dissipated family:dissipates family:dissipating,9775
dissolve,di'zɒlv,v.,"v. 溶解, 解散",,,cet6-all source:ecdict cet4 cet6 family:dissolved family:dissolves family:dissolving,4295
distance,'distәns,n.,"n. 距离, 远方, 遥远\n[计] 位距",,,cet6-all source:ecdict cet4 cet6 family:distances family:distancing family:distanced,1235
distant,'distәnt,adj.,"a. 远的, 疏远的\n[经] 远期的",,,cet6-all source:ecdict cet4 cet6,2630
distil,,vt.,"vt.vi. 蒸馏, 提取...的精华, 用蒸馏法提取\nvi. 滴下, 渗出",,,cet6-all source:ecdict cet6 family:distilled family:distilling family:distils,17042
distinct,dis'tiŋkt,adj.,"a. 清楚的, 显著的, 不同的",,,cet6-all source:ecdict cet4 cet6 cet6-core,3254
distinction,dis'tiŋkʃәn,n.,n. 区别,,,cet6-all source:ecdict cet4 cet6 family:distinctions,2921
distinctive,di'stiŋktiv,adj.,"a. 有特色的, 出众的",,,cet6-all source:ecdict cet6,4723
distinctly,dis'tiŋktli,adv.,"adv. 显然地, 明显地, 清楚地",,,cet6-all source:ecdict cet6,8031
distinguish,dis'tiŋgwiʃ,v.,"v. 区别, 辨别",,,cet6-all source:ecdict cet4 cet6 cet6-core family:distinguished family:distinguishes family:distinguishing,3246
distort,dis'tɒ:t,vt.,"vt. 扭曲, 歪曲\n[法] 歪区, 曲解, 纂改",,,cet6-all source:ecdict cet6 cet6-core family:distorted family:distorts family:distorting,6622
distortion,dis'tɒ:ʃәn,n.,"n. 扭曲, 变形, 曲解\n[计] 畸变; 失真",,,cet6-all source:ecdict cet6 family:distortions,7511
distract,dis'trækt,vt.,"vt. 转移, 分心, 使发狂",,,cet6-all source:ecdict cet6 cet6-core family:distracted family:distracting family:distracts,4498
distress,di'stres,n.,"n. 苦恼, 贫困, 痛苦\nvt. 使苦恼\na. 亏本出售的",,,cet6-all source:ecdict cet4 cet6 family:distressed family:distresses family:distressing,5194
distribute,di'stribju:t,vt.,"vt. 分配, 散布, 分发\n[经] 分配, 分发",,,cet6-all source:ecdict cet4 cet6 family:distributed family:distributing family:distributes,2944
distribution,.distrә'bju:ʃәn,n.,n. 分配\n[计] 分布,,,cet6-all source:ecdict cet4 cet6 cet6-core family:distributions,2373
district,'distrikt,n.,"n. 区域, 地方\n[医] 地区, 地段",,,cet6-all source:ecdict cet4 cet6 family:districts family:districting family:districted,1266
disturb,dis'tә:b,vt.,"vt. 扰乱, 妨碍, 使不安\n[法] 滋扰, 扰乱",,,cet6-all source:ecdict cet4 cet6 family:disturbed family:disturbing family:disturbs,4565
disturbance,dis'tә:bәns,n.,"n. 扰乱, 不安, 忧虑\n[化] 扰动; 干扰; 失调",,,cet6-all source:ecdict cet6 cet6-core family:disturbances,6265
ditch,ditʃ,n.,n. 沟渠\nvt. 在...开沟\nvi. 开沟,,,cet6-all source:ecdict cet4 cet6 family:ditches family:ditched family:ditching,6890
dive,daiv,n.,"n. 潜水, 跳水\nvi. 跳水, 俯冲, 猛冲\nvt. 把...突然伸入",,,cet6-all source:ecdict cet4 cet6 family:dived family:diving family:dives,5121
diverge,dai'vә:dʒ,vi.,"vi. 分歧, 岔开\nvt. 使岔开",,,cet6-all source:ecdict cet6 family:diverged family:diverges family:diverging,13852
diverse,dai'vә:s,adj.,"a. 不同的, 变化多的",,,cet6-all source:ecdict cet4 cet6 cet6-core,2813
diversify,dai'vә:sifai,vt.,"vt. 使多样化, 使变化",,,cet6-all source:ecdict cet6 family:diversified family:diversifying family:diversifies,8552
diversion,dai'vә:ʒәn,n.,n. 转移\n[医] 转向,,,cet6-all source:ecdict cet6 cet6-core family:diversions,7508
divert,dai'vә:t,vt.,"vt. 转移, 使欢娱\nvi. 转移",,,cet6-all source:ecdict cet6 cet6-core family:diverted family:diverting family:diverts,5673
divine,di'vain,adj.,"a. 神的, 神圣的, 非凡的\nn. 神学家",,,cet6-all source:ecdict cet6 cet6-core family:divined family:divines family:divining family:diviner,4052
division,di'viʒәn,n.,"n. 分, 分开, 除法, 部门(如部、处、系等), 师\n[计] 部分",,,cet6-all source:ecdict cet4 cet6 family:divisions,1849
divorce,di'vɒ:s,n.,n. 离婚\nvt. 与...离婚,,,cet6-all source:ecdict cet4 cet6 cet6-core family:divorced family:divorces family:divorcing,2978
dizzy,'dizi,adj.,"a. 晕眩的, 眼花缭乱的\nvt. 使晕眩",,,cet6-all source:ecdict cet6 cet6-core family:dizzied family:dizzier family:dizzying family:dizzies,8740
dock,dɒk,n.,"n. 码头, 船坞, 被告席, 尾巴的骨肉部分\nvt. 使靠码头, 使(船)进港, 剪短\nvi. 进港",,,cet6-all source:ecdict cet4 cet6 cet6-core family:docks family:docked family:docking,4912
doctrine,'dɒktrin,n.,"n. 教条, 学说\n[医] 学说",,,cet6-all source:ecdict cet6 cet6-core family:doctrines,3746
document,'dɒkjumәnt,n.,"n. 文件, 公文, 文档\nvt. 证明, 为...引证\n[计] 文档",,,cet6-all source:ecdict cet4 cet6 family:documents family:documented family:documenting,1389
documentary,.dɒkju'mentәri,n.,n. 记录片\na. 文件的,,,cet6-all source:ecdict cet6 family:documentaries,4222
domain,dәu'mein,n.,"n. 领域, 领土, 产业, 范围\n[计] 域, 区域, 支配命令",,,cet6-all source:ecdict cet6 cet6-core family:domains,3627
dome,dәum,n.,n. 圆顶\nvt. 加圆顶\nvi. 成圆顶状,,,cet6-all source:ecdict cet6 cet6-core family:domes family:domed,5005
domestic,dәu'mestik,adj.,"a. 家庭的, 国内的, 驯养的\n[医] 家庭的, 家用的",,,cet6-all source:ecdict cet4 cet6 cet6-core family:domestics,1547
dominant,'dɒminәnt,adj.,"a. 占优势的, 支配的\n[医] 优性的, 显性的",,,cet6-all source:ecdict cet6 cet6-core family:dominants,3174
dominate,'dɒmineit,v.,"v. 支配, 占优势",,,cet6-all source:ecdict cet4 cet6 cet6-core family:dominated family:dominates family:dominating,2312
donate,'dәuneit,v.,v. 捐赠,,,cet6-all source:ecdict cet6 cet6-core family:donated family:donating family:donates,4095
doom,du:m,n.,"n. 厄运, 不幸, 法律, 宣告, 判决, 死亡\nvt. 命中注定, 判决",,,cet6-all source:ecdict cet6 cet6-core family:doomed family:dooming family:dooms,7469
dorm,dɒ:m,n.,n. 宿舍,,,cet6-all source:ecdict cet4 cet6 family:dorms,8314
dormant,'dɒ:mәnt,adj.,"a. 睡眠状态的, 静止的\n[医] 休眠的, 不活动的, 休止的",,,cet6-all source:ecdict cet6,11487
dormitory,'dɒ:mitәri,n.,n. 宿舍,,,cet6-all source:ecdict cet4 cet6 family:dormitories,10947
dose,dәus,n.,"n. 剂量, 服用量\nvt. 给药, (用药)医治\nvi. 服药",,,cet6-all source:ecdict cet4 cet6 family:doses family:dosed family:dosing,3523
doubt,daut,n.,"n. 怀疑, 疑惑\nv. 怀疑, 不信",,,cet6-all source:ecdict cet4 cet6 family:doubts family:doubted family:doubting,1906
doubtful,'dautful,adj.,"a. 可疑的, 疑心的, 不明确的\n[法] 怀疑的, 有疑问的, 未确的",,,cet6-all source:ecdict cet4 cet6,9015
doubtless,'dautlis,adj.,"a. 无疑的, 确定的\nadv. 无疑地, 确定地",,,cet6-all source:ecdict cet4 cet6 cet6-core,12222
dove,dʌv,n.,n. 鸽子\ndive的过去式,,,cet6-all source:ecdict cet6 family:dive family:p family:doves family:doving,7715
downturn,'dauntә:n,n.,"n. (尤指经济方面的)衰退, 下降趋势\n[电] 低迷时期",,,cet6-all source:ecdict cet6 family:downturns family:downturned,8416
downward,'daunwәd,adj.,a. 向下的,,,cet6-all source:ecdict cet4 cet6,8257
draft,dræft. drɑ:ft,n.,"n. 气流, 草稿, 汇票, 草案\nvt. 起草, 征兵\n[计] 草稿",,,cet6-all source:ecdict cet4 cet6 cet6-core family:drafted family:drafting family:drafts,2624
drag,dræg,n.,"n. 拖, 拖累\nv. 拖累, 拖拉, 沉重缓慢地走, 拖动\n[计] 拖动",,,cet6-all source:ecdict cet4 cet6 cet6-core family:dragged family:dragging family:drags,2127
dragon,'drægәn,n.,"n. 龙, 凶暴的人\n[法] 凶恶的人, 凶恶严厉的监护人",,,cet6-all source:ecdict cet4 cet6 family:dragons,5085
drain,drein,n.,"n. 排水沟, 消耗, 排水\nvt. 排出, 喝光, 耗尽\nvi. 排水, 流干",,,cet6-all source:ecdict cet4 cet6 cet6-core family:drains family:drained family:draining,3601
drainage,'dreinidʒ,n.,"n. 排水\n[医] 引流[法], 导液[法], 排水[设备]",,,cet6-all source:ecdict cet6 cet6-core family:drainages,7695
drama,'drɑ:mә,n.,"n. 戏剧, 戏剧艺术",,,cet6-all source:ecdict cet4 cet6 family:dramas,2631
dramatic,drә'mætik,adj.,"a. 戏剧性的, 生动的",,,cet6-all source:ecdict cet4 cet6 cet6-core family:dramatics,2119
drastic,'dræstik,adj.,"a. 激烈的\n[医] 峻泻药, 剧烈的",,,cet6-all source:ecdict cet6 cet6-core,8118
drawback,'drɒ:bæk,n.,"n. 缺点, 退税\n[法] 退款, 退税",,,cet6-all source:ecdict cet6 cet6-core family:drawbacks,8563
drawer,'drɒ:ә,n.,"n. 抽屉, 开票人\n[计] 抽屉",,,cet6-all source:ecdict cet4 cet6 family:drawers,4212
drawing,'drɒ:iŋ,n.,"n. 图画, 制图, 拉\n[计] 绘图",,,cet6-all source:ecdict cet4 cet6 family:draw family:i family:drawings family:drawing,2521
dread,dred,n.,"n. 恐惧, 可怕的人(或事)\na. 可怕的, 可怖的\nv. 恐惧, 害怕",,,cet6-all source:ecdict cet4 cet6 cet6-core family:dreaded family:dreading family:dreads,9181
dreadful,'dredful,adj.,a. 可怕的,,,cet6-all source:ecdict cet6 cet6-core,9280
dream,dri:m,n.,"n. 梦, 空想, 愿望\nv. 做梦, 想象, 梦想",,,cet6-all source:ecdict cet4 cet6 family:dreams family:dreaming family:dreamed,990
drift,drift,n.,"n. 漂流物, 漂流, 动向\nv. (使)漂流",,,cet6-all source:ecdict cet4 cet6 family:drifted family:drifting family:drifts,3599
drill,dril,n.,"n. 钻孔机, 钻子, 播种机, 粗斜纹布\nv. 训练, 钻孔",,,cet6-all source:ecdict cet4 cet6 cet6-core family:drilling family:drills family:drilled,4760
drip,drip,n.,n. 水滴\nv. (使)滴下,,,cet6-all source:ecdict cet4 cet6 family:dripping family:dripped family:drips,6019
drop,drɒp,n.,"n. 滴, 微量, 落下, 空投\nvi. 放下, 掉下, 下降\nvt. 使滴下, 放下, 丢失, 遗漏\n[计] 投入, 投入点, 接入点, 分接点",,,cet6-all source:ecdict cet4 cet6 family:dropped family:dropping family:drops,690
drought,draut,n.,"n. 干旱, 缺乏",,,cet6-all source:ecdict cet4 cet6 cet6-core family:droughts,5353
drown,draun,vi.,"vi. 淹死\nvt. 把...淹死, 淹没",,,cet6-all source:ecdict cet4 cet6 family:drowned family:drowning family:drowns,4927
drug,drʌg,n.,"n. 药, 麻药, 麻醉药\nvi. 吸毒\nvt. 使服麻醉药, 使麻木",,,cet6-all source:ecdict cet4 cet6 family:drugs family:drugged family:drugging,461
drum,drʌm,n.,"n. 鼓, 鼓声\nvi. 击鼓, 作鼓声\nvt. 打鼓奏出\n[计] 磁鼓",,,cet6-all source:ecdict cet4 cet6 family:drums family:drummed family:drumming,4116
drunk,drʌŋk,adj.,a. 喝醉了的\ndrink的过去式,,,cet6-all source:ecdict cet4 cet6 family:drink family:dp family:drunk family:drunks family:drunker,3701
dubious,'dju:biәs,adj.,"a. 可疑的, 不确定的",,,cet6-all source:ecdict cet6 cet6-core,7599
duck,dʌk,n.,"n. 鸭子\nvi. 没入水中, 闪避\nvt. 猛按...入水, 躲避",,,cet6-all source:ecdict cet4 cet6 family:ducks family:ducked family:ducking,3521
due,dju:,n.,"n. 应得的东西, 应付款\na. 到期的, 应得的, 应付的, 约定的",,,cet6-all source:ecdict cet4 cet6,1796
duke,dju:k,n.,n. 公爵,,,cet6-all source:ecdict cet6 family:dukes,11516
dull,dʌl,adj.,"a. 钝的, 无趣的, 呆滞的, 阴暗的\nvt. 使迟钝, 使阴暗, 缓和\nvi. 变迟钝, 减少",,,cet6-all source:ecdict cet4 cet6 family:duller family:dulled family:dullest family:dulling family:dulls,5094
dully,'dʌli,adv.,"adv. 钝地, 迟钝地, 不清楚地",,,cet6-all source:ecdict cet6,22466
dumb,dʌm,adj.,"a. 哑的, 不说话的, 无声音的\n[医] 哑的",,,cet6-all source:ecdict cet4 cet6 family:dumbing family:dumbest family:dumbed family:dumber,4659
dump,dʌmp,n.,"n. 垃圾场\nvt. 倾倒, 倾销\nvi. 倒垃圾, 倾销商品\n[计] 转出; 转储; 倾卸; 切断电源",,,cet6-all source:ecdict cet4 cet6 family:dumped family:dumping family:dumps,3636
duplicate,'dju:plikeit,n.,"n. 副本, 复本, 复制品\na. 复制的, 二重的\nvt. 复制, 使加倍\n[计] 复制",,,cet6-all source:ecdict cet6 cet6-core family:duplicated family:duplicates family:duplicating,9237
durable,'djurәbl,adj.,"a. 持久的, 耐用的",,,cet6-all source:ecdict cet4 cet6 family:durables,7949
duration,dju'reiʃәn,n.,"n. 持续时间, 持续\n[计] 持续时间",,,cet6-all source:ecdict cet4 cet6 family:durations,5426
dusk,dʌsk,n.,"n. 薄暮, 傍晚, 黄昏\na. 微暗的\nv. (使)微暗",,,cet6-all source:ecdict cet4 cet6 family:dusks family:dusking family:dusked,7212
dust,dʌst,n.,"n. 灰尘, 尘埃, 粉末, 花粉, 土, 骚乱\nvt. 拂去灰尘, 撒, 弄成粉末\nvi. 拂去灰尘, 化为粉末",,,cet6-all source:ecdict cet4 cet6 family:dusting family:dusted family:dusts,2263
duty,'dju:ti,n.,"n. 责任, 关税, 职务, 尊敬\n[化] 职责",,,cet6-all source:ecdict cet4 cet6 family:duties,1752
dwarf,dwɒ:f,n.,"n. 矮子, 侏儒\nv. (使)变矮小",,,cet6-all source:ecdict cet6 cet6-core family:dwarfs family:dwarfed family:dwarfing,6855
dwell,dwel,vi.,"vi. 居住, 居住(于), 存在(于)",,,cet6-all source:ecdict cet6 cet6-core family:dwelt family:dwells family:dwelling,7180
dwelling,'dweliŋ,n.,n. 住处\n[医] 住房,,,cet6-all source:ecdict cet4 cet6 family:dwellings family:dwelling family:i,8213
dye,dai,n.,"n. 颜料, 染料\nvt. 染, 染色\nvi. 被着色",,,cet6-all source:ecdict cet4 cet6 family:dyes family:dyed family:dyeing,8956
dying,'daiiŋ,adj.,"a. 垂死的\n[法] 快要死的, 垂死的, 临终的",,,cet6-all source:ecdict cet4 cet6 family:die family:i family:dying,4582
dynamic,dai'næmik,adj.,"a. 动态的, 有活力的, 有力的, 动力的, 不断变化的\nn. 动力, 动态\n[计] 动态的",,,cet6-all source:ecdict cet4 cet6,3978
dynamical,dai'næmikәl,adj.,"a. 动力的, 动态的, 动力学的, (褒)有生气的, 有力的, 能动的, 精悍的, 机能上的\nn. 动力, 动态, 原动力\n[计] 动态的",,,cet6-all source:ecdict cet6,28387
dynamo,'dainәmәu,n.,"n. 发电机\n[医] 电机, 发电机",,,cet6-all source:ecdict cet6 family:dynamos,20306
eager,'i:gә,adj.,"a. 热心的, 渴望的, 热望的",,,cet6-all source:ecdict cet4 cet6,3123
eagle,'i:gl,n.,"n. 鹰, 鹰状标饰",,,cet6-all source:ecdict cet4 cet6 cet6-core family:eagles family:eagled family:eagling,45890
earnest,'ә:nist,n.,"n. 定金, 诚挚, 认真\na. 认真的, 热心的, 重要的",,,cet6-all source:ecdict cet4 cet6 family:earnests,7000
earnings,'ә:niŋ,n.,"n. 所赚的钱, 工资, 收入\n[经] 工资, 收入, 收益, 盈余",,,cet6-all source:ecdict cet6 family:earnings family:s,2918
earthenware,'ә:θәnweә,n.,n. 陶器\n[化] 陶器; 土器,,,cet6-all source:ecdict cet6 family:earthenwares,19779
earthquake,'ә:θkweik,n.,n. 地震,,,cet6-all source:ecdict cet4 cet6 family:earthquakes,4261
ease,i:z,n.,"n. 安乐, 安逸, 悠闲\nvt. 使安乐, 使安心, 减轻, 放松\nvi. 减轻, 放松, 灵活地移动",,,cet6-all source:ecdict cet4 cet6 family:eased family:easing family:eases,3229
eastward,'i:stwәd,n.,n. 朝东方向\na. 向东方的\nadv. 向东,,,cet6-all source:ecdict cet6,14236
eccentric,ik'sentrik,n.,"n. 怪人, 偏心圆\na. 古怪的, 反常的, 不同圆心的",,,cet6-all source:ecdict cet6 cet6-core family:eccentrics,8531
echo,'ekәu,n.,"n. 回声, 回音, 回波\nvi. 发回声, 随声附和\nvt. 摹仿, 重复, 反射\n[计] 回显; DOS批处理命令:控制MS-DOS命令是否在屏幕上显示",,,cet6-all source:ecdict cet4 cet6 family:echoed family:echoes family:echoing,3424
eclipse,i'klips,n.,"n. 日食, 月食, (地位名誉等的)消失\nvt. 引起日食, 引起月食, 使黯然失色",,,cet6-all source:ecdict cet6 cet6-core family:eclipsed family:eclipses family:eclipsing,7609
ecology,i:'kɒlәdʒi,n.,"n. 生态学, 社会生态学\n[化] 生态学",,,cet6-all source:ecdict cet6 cet6-core family:ecologies,6425
economic,.i:kә'nɒmik,adj.,"a. 经济上的, 实用的, 节省的\n[经] 经济的",,,cet6-all source:ecdict cet4 cet6 cet6-core,453
economical,.i:kә'nɒmikәl,adj.,"a. 节俭的, 经济的, 合算的\n[经] 经济的, 节约的",,,cet6-all source:ecdict cet4 cet6 cet6-core,11250
economically,i:kә'nɔmikәli,adv.,"adv. 节约地, 不浪费地, 节省地, 节俭地, 在经济上, 在经济学上",,,cet6-all source:ecdict cet6,4883
economics,.i:kә'nɒmiks,n.,n. 经济学\n[经] 经济学,,,cet6-all source:ecdict cet4 cet6,3186
economy,i'kɒnәmi,n.,"n. 经济, 理财, 节约\n[医] 经济, 整体",,,cet6-all source:ecdict cet4 cet6 cet6-core family:economies,645
ecosystem,'i:kәu.sistәm,n.,n. 生态系统\n[医] 生态系,,,cet6-all source:ecdict cet6 family:ecosystems,4528
edge,edʒ,n.,"n. 边缘, 尖锐, 刀刃, 优势\nvt. 使锐利, 挤进, 镶边\nvi. 缓缓移动",,,cet6-all source:ecdict cet4 cet6 family:edges family:edged family:edging,977
edible,'edibl,n.,"n. 食品, 食物\na. 可食用的",,,cet6-all source:ecdict cet6 cet6-core family:edibles,10611
edit,'edit,vt.,"vt. 编辑, 编校, 修订, 剪辑\n[计] 编辑; DOS外部命令:该命令是一个用于编辑文本文件的全屏幕编辑程序",,,cet6-all source:ecdict cet6 family:edited family:editing family:edits,4253
edition,i'diʃәn,n.,"n. 版本, 版, 翻版",,,cet6-all source:ecdict cet4 cet6 family:editions,3155
editor,'editә,n.,"n. 编者, 编辑, 主笔, 编辑器, 编辑装置\n[计] 编辑器",,,cet6-all source:ecdict cet4 cet6 family:editors,1385
editorial,.edi'tɒ:riәl,n.,"n. 社论, 评论\na. 编辑的, 主笔的, 社论的",,,cet6-all source:ecdict cet4 cet6 family:editorials,5008
effect,i'fekt,n.,"n. 结果, 影响, 效果, 印象\nvt. 实行, 引起, 完成\n[计] 效果",,,cet6-all source:ecdict cet4 cet6 family:effects family:effected family:effecting,427
effective,i'fektiv,adj.,"a. 有效的, 有力的, 实际的\nn. 有生力量",,,cet6-all source:ecdict cet4 cet6 cet6-core,1133
efficiency,i'fiʃәnsi,n.,"n. 效率, 效能, 功效\n[医] 效率, 效力",,,cet6-all source:ecdict cet4 cet6 cet6-core family:efficiencies,3047
efficient,i'fiʃәnt,adj.,"a. 有效率的, 能干的",,,cet6-all source:ecdict cet4 cet6 cet6-core,2998
effort,'efәt,n.,"n. 努力, 成就",,,cet6-all source:ecdict cet4 cet6 family:efforts,454
ego,'egәu. 'i:gәu,n.,n. 自我\n[医] 自我,,,cet6-all source:ecdict cet6 cet6-core family:egos,4775
egyptian,i'dʒipʃәn,n.,"n. 埃及人\na. 埃及的, 埃及人的",,,cet6-all source:ecdict cet6 family:egyptians,5515
eject,i'dʒekt,vt.,"vt. 逐放, 放逐, 喷射\n[化] 排出",,,cet6-all source:ecdict cet6 cet6-core family:ejected family:ejecting family:ejects,10924
elaborate,i'læbәreit,adj.,"a. 精细的, 详尽的, 精心计划(或制作)的\nvt. 详细地说明, 用心地制作, 发挥\nvi. 变复杂, 作详细说明",,,cet6-all source:ecdict cet4 cet6 cet6-core family:elaborated family:elaborating family:elaborates,4630
elapse,i'læps,vi.,"vi. 逝去, 过去\nn. 逝去, 过去",,,cet6-all source:ecdict cet6 cet6-core family:elapsed family:elapses family:elapsing,16721
elastic,i'læstik,n.,"n. 松紧带, 橡皮筋\na. 有弹性的, 能伸缩的, 可通融的",,,cet6-all source:ecdict cet4 cet6 cet6-core family:elastics,11772
elbow,'elbәu,n.,"n. 手肘, 弯头, 扶手\nv. 用手肘推开, 推挤",,,cet6-all source:ecdict cet4 cet6 family:elbows family:elbowed family:elbowing,3512
election,i'lekʃәn,n.,"n. 选举, 当选, 选择权\n[法] 选举, 当选",,,cet6-all source:ecdict cet4 cet6 family:elections,801
electric,i'lektik,adj.,"a. 电的, 导电的, 电动的\n[医] 电的",,,cet6-all source:ecdict cet4 cet6 cet6-core family:electrics,2696
electrical,i'lektrikәl,adj.,"a. 电的, 有关电的\n[医] 电的",,,cet6-all source:ecdict cet4 cet6 cet6-core family:electricals,3789
electrician,.ilek'triʃәn,n.,"n. 电学家, 电气技师, 电工\n[化] 电工; 电气工人",,,cet6-all source:ecdict cet6 cet6-core family:electricians,13255
electricity,.ilek'trisiti,n.,"n. 电, 电流, 电学, 热情, 电力供应\n[化] 电学; 电",,,cet6-all source:ecdict cet4 cet6 cet6-core,2719
electrode,i'lektrәud,n.,n. 电极\n[化] 电极; 焊条; 电焊条,,,cet6-all source:ecdict cet6 family:electrodes,10607
electron,i'lektrɒn,n.,n. 电子\n[化] 电子,,,cet6-all source:ecdict cet4 cet6 cet6-core family:electrons,5566
electronic,.ilek'trɒnik,adj.,a. 电子的\n[计] 电子工业协会接口,,,cet6-all source:ecdict cet4 cet6 cet6-core,2407
electronics,.ilek'trɒniks,n.,n. 电子学\n[计] 电子学,,,cet6-all source:ecdict cet4 cet6,4863
elegant,'eligәnt,adj.,"a. 优雅的, 端庄的, 高雅的",,,cet6-all source:ecdict cet6 cet6-core,3942
element,'elimәnt,n.,"n. 元件, 元素, 要素\n[计] 部分; 成分; 单元; 码元; 元件; 元素; 单元",,,cet6-all source:ecdict cet4 cet6 cet6-core family:elements,1214
elemental,.eli'mentәl,adj.,"a. 元素的, 基本的",,,cet6-all source:ecdict cet6 family:elementals,14054
elementary,.eli'mentәri,adj.,"a. 初步的, 基本的\n[医] 元素的, 基础的, 初级的",,,cet6-all source:ecdict cet4 cet6 cet6-core,2511
elephant,'elifәnt,n.,n. 象,,,cet6-all source:ecdict cet4 cet6 family:elephants,4355
elevate,'eliveit,vt.,"vt. 举起, 提拔, 鼓舞",,,cet6-all source:ecdict cet6 cet6-core family:elevated family:elevates family:elevating,6022
elevation,.eli'veiʃәn,n.,"n. 海拔, 提高, 仰角\n[计] 仰角",,,cet6-all source:ecdict cet6 family:elevations,6693
elevator,'eliveitә,n.,"n. 电梯, 升降机\n[化] 提升机",,,cet6-all source:ecdict cet4 cet6 family:elevators,3871
elicit,i'lisit,vt.,"vt. 引出, 推导出, 引起",,,cet6-all source:ecdict cet6 cet6-core family:elicited family:eliciting family:elicits,6680
eligible,'elidʒәbl,adj.,"a. 有资格当选的, 合格的\nn. 有资格者, 合格者, 适任者",,,cet6-all source:ecdict cet6 cet6-core,4608
eliminate,i'limineit,vt.,"vt. 除去, 排除, 剔除, 消除",,,cet6-all source:ecdict cet4 cet6 cet6-core family:eliminated family:eliminating family:eliminates,1838
elimination,i.limi'neiʃәn,n.,"n. 除去, 消除, 消灭\n[化] 消去; 脱去",,,cet6-all source:ecdict cet4 cet6 family:eliminations,7330
elite,ei'li:t,n.,"n. 精华, 精锐, 中坚分子",,,cet6-all source:ecdict cet6 cet6-core family:elites,2735
elliptical,i'liptikәl,adj.,a. 椭圆的\n[医] 椭圆形的,,,cet6-all source:ecdict cet6,13889
eloquence,'elәkwәns,n.,"n. 口才, 雄辩术, 雄辩\n[法] 善辩, 口才",,,cet6-all source:ecdict cet6,16655
eloquent,'elәkwәnt,adj.,"a. 雄辩的, 有口才的, 有说服力的",,,cet6-all source:ecdict cet6 cet6-core,10294
elsewhere,'elshwєә,adv.,adv. 在别处,,,cet6-all source:ecdict cet4 cet6,2279
embark,im'bɑ:k,vi.,"vi. 乘船, 着手, 从事, 上飞机\nvt. 使上船, 使上飞机, 使从事",,,cet6-all source:ecdict cet6 cet6-core family:embarking family:embarked family:embarks,6575
embarrass,im'bærәs,vt.,"vt. 使困窘, 使局促不安, 阻碍",,,cet6-all source:ecdict cet4 cet6 cet6-core family:embarrassed family:embarrassing family:embarrasses,7138
embassy,'embәsi,n.,"n. 大使馆, 大使馆全体人员\n[经] 大使馆",,,cet6-all source:ecdict cet6 family:embassies,5731
embody,im'bɒdi,vt.,"vt. 具体表达, 使具体化\n[经] 合并, 具体化, 具体表现",,,cet6-all source:ecdict cet6 cet6-core family:embodied family:embodies family:embodying,5093
embrace,im'breis,n.,"n. 拥抱\nvt. 拥抱, 互相拥抱, 包含, 收买\nvi. 拥抱",,,cet6-all source:ecdict cet4 cet6 family:embracing family:embraced family:embraces,2473
embroidery,im'brɒidәri,n.,"n. 刺绣品, 粉饰, 刺绣",,,cet6-all source:ecdict cet6 family:embroideries,14265
emerge,i'mә:dʒ,vi.,"vi. 浮现, 形成, 出现, (事实)显露",,,cet6-all source:ecdict cet4 cet6 cet6-core family:emerged family:emerges family:emerging,1300
emergency,i'mә:dʒәnsi,n.,"n. 紧急状况, 紧急事件, 紧急需要\n[化] 紧急情况",,,cet6-all source:ecdict cet4 cet6 cet6-core family:emergencies,1725
emigrate,'emigreit,v.,"v. (使)移居, (使)移民",,,cet6-all source:ecdict cet6 family:emigrated family:emigrating family:emigrates,10660
emission,i'miʃәn,n.,"n. 发射, 射出, 发行\n[医] 发射, 遗精",,,cet6-all source:ecdict cet6 family:emissions,2915
emit,i'mit,vt.,"vt. 发出, 放射, 发表(意见等), 散发, 发行\n[化] 放射",,,cet6-all source:ecdict cet4 cet6 family:emitted family:emitting family:emits,6273
emotion,i'mәuʃәn,n.,"n. 情绪, 激动, 强烈的情感\n[医] 情绪, 情感",,,cet6-all source:ecdict cet4 cet6 cet6-core family:emotions,2117
emotional,i'mәuʃәnәl,adj.,"a. 情绪的, 情感的\n[医] 情绪的",,,cet6-all source:ecdict cet4 cet6,1617
emperor,'empәrә,n.,"n. 皇帝, 君主",,,cet6-all source:ecdict cet4 cet6 family:emperors,7060
emphasis,'emfәsis,n.,"n. 强调, 加强, 重点, 强语气",,,cet6-all source:ecdict cet4 cet6 cet6-core,2346
emphasize,'emfәsaiz,vt.,"vt. 强调, 加强语气, 着重",,,cet6-all source:ecdict cet4 cet6 cet6-core family:emphasized family:emphasizes family:emphasizing,1975
empire,'empaiә,n.,"n. 帝国, 帝权",,,cet6-all source:ecdict cet4 cet6 family:empires,4218
empirical,em'pirikәl,adj.,"a. 完全跟据经验的, 经验主义的\n[医] 经验主义的",,,cet6-all source:ecdict cet6 cet6-core family:empiricals,5285
employ,im'plɒi,n.,"n. 雇用\nvt. 雇用, 使用, 使从事于",,,cet6-all source:ecdict cet4 cet6 family:employed family:employs family:employing,1962
employee,.emplɒi'i:,n.,"n. 职员, 员工, 受雇人员\n[化] 职工; 雇员",,,cet6-all source:ecdict cet4 cet6 family:employees,930
employer,im'plɒiә,n.,"n. 雇主, 老板\n[经] 雇主, 业主",,,cet6-all source:ecdict cet4 cet6 family:employers,2297
employment,im'plɒimәnt,n.,"n. 雇用, 职业, 工作\n[经] 职业, 雇用, 职工招请",,,cet6-all source:ecdict cet4 cet6 cet6-core family:employments,2534
enable,i'neibl,vt.,"vt. 使能够\n[计] 允许, 使能, 打开",,,cet6-all source:ecdict cet4 cet6 family:enables family:enabled family:enabling,2192
enchant,in'tʃænt,vt.,"vt. 施魔法, 使入迷",,,cet6-all source:ecdict cet6 family:enchanted family:enchants family:enchanting,17449
enclose,in'klәuz,vt.,"vt. 围绕, 圈起, 放入封套, 附上",,,cet6-all source:ecdict cet4 cet6 family:enclosed family:enclosing family:encloses,8459
enclosure,in'klәuʒә,n.,"n. 附件, 围墙, 围绕\n[化] 机壳; 外壳",,,cet6-all source:ecdict cet6 cet6-core family:enclosures,9856
encounter,in'kauntә,n.,"n. 相会, 相遇, 遭遇\nvt. 遇见, 邂逅, 会战\nvi. 偶然相遇",,,cet6-all source:ecdict cet4 cet6 cet6-core family:encountered family:encounters family:encountering,2712
encourage,in'kʌridʒ,vt.,"vt. 鼓励, 支持, 激励\n[法] 怂恿, 煽动, 助长",,,cet6-all source:ecdict cet4 cet6 cet6-core family:encouraged family:encourages family:encouraging,1184
endanger,in'deindʒә,vt.,"vt. 危及\n[法] 使危险, 危及",,,cet6-all source:ecdict cet6 family:endangering family:endangered family:endangers,7141
endeavor,in'devә,n.,"n. 努力, 尽力\nvi. 努力, 尽力",,,cet6-all source:ecdict cet6 cet6-core family:endeavors family:endeavoring family:endeavored,5892
endeavour,in'devә,n.,"n. 努力, 力图, 尽力\nvi. 努力, 力图, 尽力",,,cet6-all source:ecdict cet6 family:endeavours family:endeavouring family:endeavoured,31964
ending,'endiŋ,n.,"n. 终止, 终了, 收场\n[医] 末梢",,,cet6-all source:ecdict cet4 cet6 family:end family:i family:endings family:ending,5188
endless,'endlis,adj.,"a. 不停的, 无穷尽的, 无尽的\n[机] 无端的, 环状的",,,cet6-all source:ecdict cet4 cet6,3722
endow,in'dau,vt.,"vt. 捐赠, 捐助, 赋予\n[法] 赠送财产给, 分给寡妇一份遗产, 授与",,,cet6-all source:ecdict cet6 cet6-core family:endowed family:endowing family:endows,9907
endurance,in'djuәrәns,n.,"n. 忍耐, 忍耐力, 耐性\n[机] 持九性",,,cet6-all source:ecdict cet6 cet6-core,7739
endure,in'djuә,vt.,"vt. 忍受, 忍耐, 容忍, 耐\nvi. (正式)持久, 持续\n[计] 仍能工作, 继续工作",,,cet6-all source:ecdict cet4 cet6 cet6-core family:endured family:endures family:enduring,3650
energetic,.enә'dʒetik,adj.,"a. 精力充沛的, 积极的",,,cet6-all source:ecdict cet6 cet6-core family:energetics,7129
energize,'enәdʒaiz,vt.,"vt. 使活跃, 激励, 供给...能量\n[电] 激励",,,cet6-all source:ecdict cet6 family:energized family:energizing family:energizes,9205
energy,'enәdʒi,n.,"n. 精力, 精神, 活力, 能量\n[化] 能; 能量",,,cet6-all source:ecdict cet4 cet6 family:energies,615
enforce,in'fɒ:s,vt.,"vt. 强迫, 执行, 坚持\n[经] 予以强制执行",,,cet6-all source:ecdict cet4 cet6 cet6-core family:enforced family:enforcing family:enforces,3545
engage,in'geidʒ,vi.,"vi. 答应, 从事, 交战\nvt. 使忙碌, 雇佣, 预定, 使从事于, 使参加",,,cet6-all source:ecdict cet4 cet6 cet6-core family:engaged family:engaging family:engages,1387
engagement,in'geidʒdmәnt,n.,"n. 诺言, 约会, 婚约, 交战\n[医] 衔接",,,cet6-all source:ecdict cet6 cet6-core family:engagements,3812
engine,'endʒin,n.,"n. 引擎, 发动机, 机车\nvt. 安装发动机于",,,cet6-all source:ecdict cet4 cet6 cet6-core family:engines family:engined,1569
engineer,.endʒi'niә,n.,"n. 工程师, 工兵\nvt. 设计, 监造, 精明地处理, 策划",,,cet6-all source:ecdict cet4 cet6 family:engineers family:engineered family:engineering,1997
engineering,.endʒi'niәriŋ,n.,"n. 工程学, 工程, 操纵\n[化] 机器; 机器学",,,cet6-all source:ecdict cet4 cet6 family:engineering family:i,2385
enhance,in'hæns,vt.,"vt. 提高, 加强, 增加",,,cet6-all source:ecdict cet4 cet6 cet6-core family:enhanced family:enhancing family:enhances,2331
enlarge,in'lɑ:dʒ,vt.,"vt. 扩大, 增大\nvi. 扩大, 详述",,,cet6-all source:ecdict cet4 cet6 family:enlarged family:enlarging family:enlarges,7530
enlighten,in'laitn,vt.,"vt. 教育, 启发, 启蒙, 开导, 教导",,,cet6-all source:ecdict cet6 cet6-core family:enlightening family:enlightened family:enlightens,11536
enormous,i'nɒ:mәs,adj.,"a. 巨大的, 庞大的",,,cet6-all source:ecdict cet4 cet6 cet6-core,1994
enrich,in'ritʃ,vt.,"vt. 使富足, 使肥沃",,,cet6-all source:ecdict cet6 cet6-core family:enriched family:enriching family:enriches,6879
enroll,in'rәul,vt.,"vt. 登记, 使加入\nvi. 参军, 注册",,,cet6-all source:ecdict cet4 cet6 cet6-core family:enrolling family:enrolled family:enrols,3994
ensue,en'su:,vi.,"vi. 跟着发生, 继起\nvt. 追求",,,cet6-all source:ecdict cet6 cet6-core family:ensued family:ensues family:ensuing,9538
ensure,in'ʃuә,vt.,"vt. 确定, 保证, 担保, 保护\n[经] 确保, 确定",,,cet6-all source:ecdict cet4 cet6 family:ensuring family:ensures family:ensured,1754
entail,in'teil,vt.,"vt. 使成为必需, 需要, 使承担, 遗传给\nn. 限定继承",,,cet6-all source:ecdict cet6 cet6-core family:entails family:entailed family:entailing,6162
enterprise,'entәpraiz,n.,"n. 企业, 事业心, 进取心, 干事业\n[计] 企业",,,cet6-all source:ecdict cet6 family:enterprises,2499
entertain,.entә'tein,vt.,"vt. 娱乐, 招待, 怀抱\nvi. 款待",,,cet6-all source:ecdict cet4 cet6 family:entertained family:entertaining family:entertains,4949
entertainment,.entә'teinmәnt,n.,"n. 娱乐, 款待, 娱乐表演",,,cet6-all source:ecdict cet4 cet6 cet6-core family:entertainments,2350
enthusiasm,in'θju:ziæzәm,n.,"n. 巨大的热情, 热心",,,cet6-all source:ecdict cet4 cet6 cet6-core family:enthusiasms,3716
enthusiastic,in.θju:zi'æstik,adj.,"a. 狂热的, 热心的, 热烈的",,,cet6-all source:ecdict cet4 cet6 cet6-core,5508
entire,in'taiә,n.,"n. 整个, 全部\na. 全体的, 完全的, 全部的",,,cet6-all source:ecdict cet4 cet6,868
entitle,in'taitl,vt.,"vt. 给...权利, 取名为, 给予名称, 叫做\n[法] 给...权利, 使有资格, 称呼",,,cet6-all source:ecdict cet4 cet6 cet6-core family:entitled family:entitles family:entitling,3465
entity,'entiti,n.,"n. 实体, 实存物, 存在\n[计] 实体",,,cet6-all source:ecdict cet6 cet6-core family:entities,3932
entrance,'entrәns,n.,"n. 入口, 进入点, 入场, 入学, 进入, 开始(阶段), 就任\nvt. 使出神, 使入迷\n[计] 入口",,,cet6-all source:ecdict cet4 cet6 family:entrances family:entranced family:entrancing,2877
entreat,in'tri:t,v.,"v. 恳求, 乞求",,,cet6-all source:ecdict cet6 family:entreated family:entreating family:entreats,27532
entrepreneur,.ɒntrәprә'nә:,n.,"n. 企业家, 主办人\n[经] 承包商, 企业家",,,cet6-all source:ecdict cet6 cet6-core family:entrepreneurs,4279
entry,'entri,n.,"n. 登录, 条目, 进入, 入口, 报关\n[计] 登录项, 输入项, 条目",,,cet6-all source:ecdict cet4 cet6 family:entries,2338
envelope,'envәlәup,n.,"n. 信封, 封套, 封袋\n[医] 膜, 包袋",,,cet6-all source:ecdict cet4 cet6 family:envelopes,3879
envious,'enviәs,adj.,"a. 嫉妒的, 羡慕的",,,cet6-all source:ecdict cet6,15366
environment,in'vairәnmәnt,n.,"n. 环境, 外界, 围绕\n[计] 环境",,,cet6-all source:ecdict cet4 cet6 cet6-core family:environments,855
environmental,in.vaiәrәn'mentәl,adj.,"a. 周围的, 环境的\n[经] 环境的, 环保的",,,cet6-all source:ecdict cet6,819
envisage,in'vizidʒ,vt.,"vt. 面对, 正视, 想象",,,cet6-all source:ecdict cet6 cet6-core family:envisaged family:envisages family:envisaging,16510
envy,'envi,n.,"n. 羡慕, 嫉妒\nvt. 羡慕, 嫉妒",,,cet6-all source:ecdict cet4 cet6 family:envied family:envying family:envies,8491
epidemic,.epi'demik,n.,"n. 传染病, 流行病\na. 流行的, 传染性的",,,cet6-all source:ecdict cet6 family:epidemics,4919
episode,'episәud,n.,"n. 插曲, 插话, 有趣的事件, 一段情节\n[医] 插话, 插曲, 发作",,,cet6-all source:ecdict cet4 cet6 family:episodes,2846
epoch,'i:pɒk,n.,"n. 新纪元, 时代, 时期",,,cet6-all source:ecdict cet6 cet6-core family:epochs,12794
equal,'i:kwәl,n.,"n. 对手, 匹敌, 同辈\na. 相等的, 平等的, 胜任的, 合适的, 平静的, 不相上下的\nvt. 等于, 比得上\n[计] 等长度编码",,,cet6-all source:ecdict cet4 cet6 family:equals family:equalled family:equalling,1830
equality,i:'kwɒliti,n.,"n. 平等, 均匀, 相等\n[法] 同等, 平等, 相等",,,cet6-all source:ecdict cet4 cet6 cet6-core family:equalities,4590
equate,i'kweit,vt.,"vt. 使相等, 视为平等\nvi. 等同",,,cet6-all source:ecdict cet6 family:equated family:equates family:equating,7997
equation,i'kweiʃәn,n.,"n. 相等, 等式, 平衡\n[化] 方程式; 等式; 反应式; 公式",,,cet6-all source:ecdict cet4 cet6 family:equations,3982
equator,i'kweitә,n.,"n. 赤道\n[医] 赤道, 中纬线",,,cet6-all source:ecdict cet6 cet6-core family:equators,12760
equilibrium,.i:kwi'libriәm,n.,"n. 平衡, 平静, 均衡\n[化] 平衡",,,cet6-all source:ecdict cet6,9063
equip,i'kwip,vt.,"vt. 装备, 配备\n[机] 设备, 装置",,,cet6-all source:ecdict cet4 cet6 cet6-core family:equipped family:equipping family:equips,4145
equipe,e'kɪp,n.,n. <法>运动队（或比赛队）及其装备,,,cet6-all source:ecdict cet6 family:equiped,
equipment,i'kwipmәnt,n.,"n. 装备, 设备, 才能\n[化] 设备; 装备; 装置",,,cet6-all source:ecdict cet4 cet6 family:equipments,1352
equivalent,i'kwivәlәnt,n.,"n. 同等物, 等价物, 相等物\na. 相等的, 相当的, 同意义的\n[计] 等价的",,,cet6-all source:ecdict cet4 cet6 cet6-core family:equivalents,4330
era,'iәrә,n.,"n. 时代, 纪元, 时期",,,cet6-all source:ecdict cet4 cet6 family:eras,1884
eradicate,i'rædikeit,vt.,"vt. 根除, 扑灭, 根绝, 消灭",,,cet6-all source:ecdict cet6 family:eradicated family:eradicating family:eradicates,9110
erect,i'rekt,adj.,"a. 直立的, 竖立的, 笔直的\nvt. 使竖立, 使直立, 树立, 建立\nvi. 勃起",,,cet6-all source:ecdict cet4 cet6 cet6-core family:erected family:erecting family:erects,6356
erosion,i'rәuʒәn,n.,"n. 腐蚀, 冲蚀, 侵蚀\n[化] 磨耗; 侵蚀",,,cet6-all source:ecdict cet6 cet6-core family:erosions,5930
errand,'erәnd,n.,"n. 任务, 差使, 使命",,,cet6-all source:ecdict cet6 family:errands,9937
erroneous,i'rәuniәs,adj.,"a. 错误的, 不正确的\n[法] 错误的, 不正确的",,,cet6-all source:ecdict cet6 cet6-core,12587
error,'erә,n.,"n. 错误, 过失, 失误, 误差\n[计] 错误",,,cet6-all source:ecdict cet4 cet6 family:errors,2198
erupt,i'rʌpt,vi.,vi. 爆发\nvt. 喷出,,,cet6-all source:ecdict cet6 cet6-core family:erupted family:erupts family:erupting,5291
eruption,i'rʌpʃәn,n.,"n. 爆发, 喷出物, 出疹\n[化] 喷发",,,cet6-all source:ecdict cet6 family:eruptions,8662
escape,i'skeip,n.,"n. 逃亡, 避难设备, 逃跑\nvi. 逃脱, 避开, 溜走\nvt. 逃避, 避免, 被...忘掉",,,cet6-all source:ecdict cet4 cet6 family:escaped family:escaping family:escapes,2034
escort,'eskɒ:t,n.,"n. 护送者, 护卫者, 护航舰\nvt. 护卫, 护送",,,cet6-all source:ecdict cet6 cet6-core family:escorted family:escorting family:escorts,6668
especially,i'speʃәli,adv.,"adv. 尤其, 特别, 格外",,,cet6-all source:ecdict cet4 cet6,515
essay,'esei. e'sei,n.,"n. 随笔, 短文, 评论, 企图\nvt. 试图",,,cet6-all source:ecdict cet4 cet6 family:essays family:essayed family:essaying,2536
essence,'esns,n.,"n. 实质, 本质, 香精\n[化] 香精",,,cet6-all source:ecdict cet6 cet6-core family:essences,3468
essential,i'senʃәl,n.,"n. 要素, 要点, 本质\na. 必要的, 重要的, 本质的\n[计] 本质冒险",,,cet6-all source:ecdict cet4 cet6 cet6-core family:essentials,1949
establish,i'stæbliʃ,vt.,"vt. 建立, 确立, 制定\nvi. 移植生长",,,cet6-all source:ecdict cet4 cet6 cet6-core family:established family:establishing family:establishes,896
establishment,i'stæbliʃmәnt,n.,"n. 确立, 制定, 设施\n[经] 企业, 公司, 商店",,,cet6-all source:ecdict cet4 cet6 family:establishments,2890
estate,i'steit,n.,"n. 不动产, (人生的)阶段, 阶层, 财产\n[经] 房地产, 遗产, 财产",,,cet6-all source:ecdict cet4 cet6 family:estates,1778
esthetic,es'θetik,adj.,a. 审美的\n[医] 感觉的,,,cet6-all source:ecdict cet6 cet6-core,19901
estimate,'estimeit,n.,"n. 估计, 判断\nvt. 估计, 评价, 判断\nvi. 估计",,,cet6-all source:ecdict cet4 cet6 cet6-core family:estimated family:estimates family:estimating,1798
eternal,i'tә:nl,adj.,"a. 永恒的, 永远的, 不灭的",,,cet6-all source:ecdict cet6 cet6-core,5626
ethical,'eθikәl,adj.,"a. 伦理的, 民族的, 民族特有的\n[医] 伦理的, 道德的",,,cet6-all source:ecdict cet6,3454
ethics,'eθiks,n.,n. 道德规范\n[医] 伦理学,,,cet6-all source:ecdict cet6,3231
ethnic,'eθnik,adj.,"a. 人种的, 种族的\n[医] 人种的",,,cet6-all source:ecdict cet6 cet6-core,1729
evacuate,i'vækjueit,v.,"v. 疏散, 撤出, 排泄",,,cet6-all source:ecdict cet4 cet6 family:evacuated family:evacuating family:evacuates,6917
evaluate,i'væljueit,vt.,"vt. 评估, 评价, 赋值",,,cet6-all source:ecdict cet4 cet6 cet6-core family:evaluated family:evaluating family:evaluates,2339
evaluation,i.vælju'eiʃәn,n.,"n. 评估, 估价, 求值\n[计] 鉴定; 评价; 求值",,,cet6-all source:ecdict cet6 family:evaluations,2354
evaporate,i'væpәreit,vi.,"vi. 蒸发, 失去水分, 消失\nvt. 使蒸发, 使脱水, 使消失",,,cet6-all source:ecdict cet4 cet6 family:evaporated family:evaporates family:evaporating,7887
evaporation,i.væpә'reiʃәn,n.,"n. 蒸发, 脱水, 消失\n[化] 蒸发",,,cet6-all source:ecdict cet6,15342
evenly,'i:vәnli,adv.,"adv. 平衡地, 平坦地, 平等地",,,cet6-all source:ecdict cet6,5601
eventually,i'ventʃuәli,adv.,"adv. 最后, 终于",,,cet6-all source:ecdict cet4 cet6,1106
everlasting,.evә'læstiŋ,adj.,"a. 永恒的, 持久的\nn. 上帝, 神",,,cet6-all source:ecdict cet6 family:everlastings,16997
evidence,'evidәns,n.,"n. 根据, 证据, 迹象\n[经] 证据, 凭证",,,cet6-all source:ecdict cet4 cet6 cet6-core family:evidenced family:evidences family:evidencing,606
evident,'evidәnt,adj.,"a. 显然的, 明显的",,,cet6-all source:ecdict cet4 cet6 cet6-core,3466
evil,'i:vl,n.,"n. 邪恶, 不幸, 罪恶\na. 邪恶的, 不幸的, 有害的, 讨厌的",,,cet6-all source:ecdict cet4 cet6 cet6-core family:evils,3447
evoke,i'vәuk,vt.,"vt. 唤起, 引起, 召(魂)\n[法] 提审, 移送",,,cet6-all source:ecdict cet6 cet6-core family:evokes family:evoked family:evoking,5018
evolution,.i:vә'lu:ʃәn,n.,"n. 进化, 发展, 进展, (气体)放出, 开方\n[医] 进化, 演化, 旋出",,,cet6-all source:ecdict cet4 cet6 cet6-core family:evolutions,2946
evolutionary,",i:vә'lu:ʃәnәri",adj.,"a. 展开的, 进化论的, 进化的, 发展的\n[计] 进化的, 改良的, 发展的",,,cet6-all source:ecdict cet6,5393
evolve,i'vɒlv,vi.,"vi. 进展, 进化, 展开\nvt. 使发展, 使推断出, 使进化",,,cet6-all source:ecdict cet4 cet6 family:evolved family:evolving family:evolves,2821
exaggerate,ig'zædʒәreit,v.,"v. 夸大, 夸张",,,cet6-all source:ecdict cet4 cet6 cet6-core family:exaggerated family:exaggerating family:exaggerates,6312
examination,ig.zæmi'neiʃәn,n.,"n. 考试, 测验, 审查\n[医] 检查, 诊察",,,cet6-all source:ecdict cet4 cet6 family:examinations,3069
examine,ig'zæmin,v.,"v. 检查, 调查, 考试",,,cet6-all source:ecdict cet4 cet6 family:examined family:examining family:examines,1165
exceed,ik'si:d,vt.,"vt. 超过, 超越, 胜过\nvi. 超过其他",,,cet6-all source:ecdict cet4 cet6 cet6-core family:exceeds family:exceeding family:exceeded,3281
exceedingly,ik'si:diŋli,adv.,"adv. 极端地, 极度地, 非常",,,cet6-all source:ecdict cet4 cet6,10807
excel,ik'sel,vt.,"vt. 胜过, 优于, 擅长\nvi. 胜过其他",,,cet6-all source:ecdict cet6 family:excelled family:excels family:excelling,7055
excellent,'ekslәnt,adj.,"a. 优良的, 杰出的, 出色的",,,cet6-all source:ecdict cet4 cet6,2123
exception,ik'sepʃәn,n.,"n. 例外, 除外, 异议\n[计] 例外; 异常",,,cet6-all source:ecdict cet4 cet6 cet6-core family:exceptions,2401
exceptional,ik'sepʃәnәl,adj.,"a. 例外的, 异常的, 特别的",,,cet6-all source:ecdict cet6 cet6-core family:exceptionals,6002
excess,ik'ses,n.,"n. 过度, 剩于, 超过, 超额\na. 过量的, 额外的",,,cet6-all source:ecdict cet4 cet6 cet6-core family:excesses,5741
excessive,ik'sesiv,adj.,"a. 过度的, 过多的, 极端的\n[法] 过度的, 过分的, 额外的",,,cet6-all source:ecdict cet4 cet6 cet6-core,4564
excessively,ik'sesivli,adv.,"adv. 过多, 极度, 过度, 过分",,,cet6-all source:ecdict cet6,12532
exchange,iks'tʃeindʒ,n.,"n. 交换, (电话)交换局, 交换机, 汇兑, 交易所\nv. 交换, 交易, 兑换\n[计] 交换; 电话局",,,cet6-all source:ecdict cet4 cet6 cet6-core family:exchanges family:exchanged family:exchanging,1513
excite,ik'sait,vt.,"vt. 刺激, 使兴奋, 激励",,,cet6-all source:ecdict cet4 cet6 family:excited family:excites family:exciting,5328
exciting,ik'saitiŋ,adj.,"a. 令人兴奋的, 刺激的\n[电] 激磁",,,cet6-all source:ecdict cet4 cet6 family:exciting family:i,2926
exclaim,iks'kleim,v.,"v. 大叫, 呼喊, 大声叫",,,cet6-all source:ecdict cet4 cet6 cet6-core family:exclaimed family:exclaiming family:exclaims,6297
exclamation,.eksklә'meiʃәn,n.,"n. 惊呼, 激烈言词, 惊叹词",,,cet6-all source:ecdict cet6 family:exclamations,13840
exclude,iks'klu:d,vt.,"vt. 除外, 排除, 排斥\n[医] 除外(诊断)",,,cet6-all source:ecdict cet4 cet6 cet6-core family:excluded family:excluding family:excludes,3470
exclusive,ik'sklu:siv,adj.,"a. 排外的, 独占的, 唯一的\n[计] 独占的",,,cet6-all source:ecdict cet4 cet6 cet6-core family:exclusives,3753
exclusively,ik'sklu:sivli,adv.,"adv. 排他地, 仅仅, 专门, 只, 仅, 唯一地, 专有地",,,cet6-all source:ecdict cet4 cet6,4489
excrete,ek'skri:t,vt.,"vt. 排泄, 分泌\n[医] 排泄, 分泌",,,cet6-all source:ecdict cet6 family:excreted family:excreting family:excretes,20479
excursion,ik'skә:ʒәn,n.,"n. 远足, 游览圆, 短程旅行\n[医] 移动, 离轨, 逸出",,,cet6-all source:ecdict cet4 cet6 cet6-core family:excursions,8288
execute,'eksikju:t,vt.,"vt. 执行, 实行, 完成, 处死, 制成\n[计] 执行",,,cet6-all source:ecdict cet4 cet6 cet6-core family:executed family:executing family:executes,3642
execution,.eksi'kju:ʃәn,n.,"n. 实行, 完成, 执行, 死刑\n[计] 执行",,,cet6-all source:ecdict cet6 cet6-core family:executions,4234
executive,ig'zekjutiv,n.,"n. 执行部门, 执行委员会, 执行者, 经理主管人员\na. 执行的, 善于执行的, 善于经营的\n[计] 执行程序",,,cet6-all source:ecdict cet4 cet6 cet6-core family:executives,863
exemplify,ig'zemplifai,vt.,"vt. 例证, 例示\n[法] 制作经公章证明的誊本, 例证",,,cet6-all source:ecdict cet6 cet6-core family:exemplified family:exemplifies family:exemplifying,7776
exempt,ig'zempt,n.,"n. 免税者, 被免除义务者\na. 免除的\nvt. 使免除, 豁免",,,cet6-all source:ecdict cet6 cet6-core family:exempted family:exempting family:exempts,9520
exert,ig'zә:t,vt.,"vt. 发挥, 运用, 施以影响\n[法] 施加, 产生, 行使",,,cet6-all source:ecdict cet4 cet6 cet6-core family:exerted family:exerts family:exerting,6115
exhaust,ig'zɒ:st,n.,"n. 排气, 排气装置, 废气\nvt. 抽完, 用尽, 耗尽, 使精疲力尽\nvi. 排气",,,cet6-all source:ecdict cet4 cet6 cet6-core family:exhausted family:exhausting family:exhausts,4734
exhibit,ig'zibit,n.,"n. 显示, 显现, 展览品, 陈列品, 展览\nvt. 展现, 陈列, 展览\nvi. 开展览会",,,cet6-all source:ecdict cet4 cet6 cet6-core family:exhibited family:exhibits family:exhibiting,3303
exhibition,.eksi'biʃәn,n.,"n. 表现, 展览会, 展览品\n[医] 投药, 展览, 展出",,,cet6-all source:ecdict cet4 cet6 family:exhibitions,2476
exile,'eksail,n.,"n. 放逐, 流放, 被放逐者\nvt. 放逐, 流放, 使背井离乡",,,cet6-all source:ecdict cet6 cet6-core family:exiles family:exiled family:exiling,5273
exist,ig'zist,vi.,"vi. 存在, 生存, 发生",,,cet6-all source:ecdict cet4 cet6 family:exists family:existed family:existing,1016
existence,ig'zistәns,n.,"n. 存在, 生存\n[法] 存在, 存在状态, 实体",,,cet6-all source:ecdict cet4 cet6 cet6-core family:existences,2213
exit,'eksit,n.,"n. 出口, 退场, 离去, 去世\nvi. 退出, 脱离, 去世\n[计] 退出; DOS内部命令:本命令用于退出当前的命令处理器(COMMAND.COM)\n恢复前一个命令处理器",,,cet6-all source:ecdict cet4 cet6 family:exits family:exiting family:exited,3798
exotic,ig'zɒtik,adj.,"a. 异国的, 外来的\nn. 外来人, 外来物, 舶来品",,,cet6-all source:ecdict cet6 cet6-core family:exotics,4205
expand,ik'spænd,vt.,"vt. 使膨胀, 详述, 扩张\nvi. 张开, 发展\nvt. 展开\nvi. 展开\n[计] 展开; DOS外部命令:将原始DOS磁盘上的压缩文件解压缩并拷贝到硬盘上",,,cet6-all source:ecdict cet4 cet6 cet6-core family:expanded family:expanding family:expands,1572
expansion,ik'spænʃәn,n.,"n. 扩充, 开展, 膨胀\n[计] 扩展",,,cet6-all source:ecdict cet4 cet6 cet6-core family:expansions,2734
expectation,.ekspek'teiʃәn,n.,"n. 期待, 指望, 展望\n[化] 期望值",,,cet6-all source:ecdict cet4 cet6 family:expectations,1890
expedition,.ekspi'diʃәn,n.,"n. 远征, 探险队, 迅速",,,cet6-all source:ecdict cet6 cet6-core family:expeditions,4654
expel,ik'spel,vt.,"vt. 驱逐, 逐出, 排出, 开除\n[医] 排除, 迫出",,,cet6-all source:ecdict cet4 cet6 cet6-core family:expelled family:expelling family:expels,6975
expenditure,ik'spenditʃә,n.,"n. 开支, 费用, 用光, 消费额\n[经] 支出, 费用, 消费",,,cet6-all source:ecdict cet4 cet6 cet6-core family:expenditures,5170
experience,ik'spiәriәns,n.,"n. 经历, 经验, 体验\nvt. 经历, 经验, 体验",,,cet6-all source:ecdict cet4 cet6 family:experiences family:experienced family:experiencing,420
experiment,ik'sperimәnt,n.,"n. 实验, 试验, 实验仪器\nvi. 实验, 尝试",,,cet6-all source:ecdict cet4 cet6 family:experiments family:experimenting family:experimented,1990
experimental,ik.speri'mentәl,adj.,"a. 实验的, 根据实验的\n[医] 实验的",,,cet6-all source:ecdict cet4 cet6,3457
experimentally,ik.speri'mentli,adv.,"adv. 实验式地, 在实验上",,,cet6-all source:ecdict cet6,16281
experimentation,"eks,perimen'teiʃәn",n.,"n. 实验, 试验, 实验法\n[化] 实验; 实验过程",,,cet6-all source:ecdict cet6 family:experimentations,8997
expertise,.ekspә:'ti:z,n.,"n. 专家意见, 专门技术\n[法] 专门知识, 专家意见",,,cet6-all source:ecdict cet6 cet6-core family:expertises,3898
expire,ik'spaiә,vi.,"vi. 期满, 呼气, 断气\nvt. 呼出",,,cet6-all source:ecdict cet6 cet6-core family:expired family:expires family:expiring,6647
explain,ik'splein,v.,"v. 解释, 说明",,,cet6-all source:ecdict cet4 cet6 family:explained family:explains family:explaining,480
explanation,.eksplә'neiʃәn,n.,"n. 解释, 说明, 辩解, 表明\n[经] 解释, 注释, 说明",,,cet6-all source:ecdict cet4 cet6 family:explanations,2054
explicit,ik'splisit,adj.,"a. 详述的, 清楚的, 直言的",,,cet6-all source:ecdict cet6 cet6-core,4826
explode,ik'splәud,vi.,"vi. 爆炸, 爆发, 激增\nvt. 使爆炸",,,cet6-all source:ecdict cet4 cet6 family:exploded family:exploding family:explodes,3106
exploit,'eksplɒit,n.,"n. 功绩, 勋绩\nvt. 开发, 利用, 开拓, 剥削",,,cet6-all source:ecdict cet4 cet6 cet6-core family:exploited family:exploiting family:exploits,4374
exploitation,.eksplɒi'teiʃәn,n.,"n. 开发, 开采, 剥削\n[经] 开发, 剥削, 宜传",,,cet6-all source:ecdict cet6 family:exploitations,6888
exploration,.eksplә'reiʃәn,n.,"n. 探险, 踏勘, 探测\n[医] 探察",,,cet6-all source:ecdict cet6 family:explorations,3885
explore,ik'splɒ:,v.,"v. 探险, 探测, 探究",,,cet6-all source:ecdict cet4 cet6 cet6-core family:exploring family:explored family:explores,1594
explosion,ik'splәuʒәn,n.,"n. 爆发, 激增, 爆炸(声)\n[化] 爆炸",,,cet6-all source:ecdict cet4 cet6 family:explosions,3023
explosive,ik'splәusiv,n.,"n. 炸药, 爆破音\na. 易爆发的, 爆炸的, 暴躁的",,,cet6-all source:ecdict cet4 cet6 family:explosives,5387
expose,ik'spәuz,vt.,"vt. 使暴露, 使曝光, 揭穿, 陈列\n[医] 暴露, 露置",,,cet6-all source:ecdict cet4 cet6 cet6-core family:exposed family:exposing family:exposes,2005
exposition,.ekspә'ziʃәn,n.,"n. 阐述, 讲解, 说明, 博览会, 展览会\n[经] 展览会, 集市, 义卖市场",,,cet6-all source:ecdict cet6 cet6-core family:expositions,14307
exposure,ik'spәuʒә,n.,"n. 暴露, 揭发, 揭露\n[化] 曝光量; 照射; 照射量",,,cet6-all source:ecdict cet4 cet6 family:exposures,2229
express,ik'spres,n.,"n. 快车, 快递, 专使\na. 明确的, 丝毫不差的, 专门的, 快的\nvt. 表达, 表示, 表露",,,cet6-all source:ecdict cet4 cet6 family:expressed family:expressing family:expresses,1272
expression,ik'spreʃәn,n.,"n. 表达, 表现, 词语, 措辞\n[计] 表达式",,,cet6-all source:ecdict cet4 cet6 cet6-core family:expressions,1533
exquisite,'ekskwizit,adj.,"a. 精致的, 细腻的, 敏锐的",,,cet6-all source:ecdict cet6 cet6-core,8096
extend,ik'stend,v.,"v. 扩充, 延伸, 伸展, 扩大\n[计] 扩展",,,cet6-all source:ecdict cet4 cet6 family:extended family:extending family:extends,1445
extension,ik'stenʃәn,n.,"n. 延长, 扩充, 范围, 扩展名\na. 伸缩的\n[计] 扩展名, 扩充名",,,cet6-all source:ecdict cet4 cet6 family:extensions,3190
extensive,ik'stensiv,adj.,"a. 广的, 广泛的, 多方面的\n[经] 广大的, 扩大的",,,cet6-all source:ecdict cet4 cet6 cet6-core,2845
extent,ik'stent,n.,"n. 范围, 程度, 区域\n[计] 范围",,,cet6-all source:ecdict cet4 cet6 cet6-core family:extents,1758
exterior,ik'stiәriә,n.,"n. 外部, 表面, 外貌\na. 外部的, 外在的, 表面的",,,cet6-all source:ecdict cet4 cet6 family:exteriors,8761
external,ik'stә:nl,n.,"n. 外部, 外面\na. 外部的, 客观的, 表面的",,,cet6-all source:ecdict cet4 cet6 cet6-core family:externals,2864
extinct,ik'stiŋkt,adj.,"a. 熄灭的, 灭绝的, 耗尽的\n[法] 消灭了的, 过时的, 无效的",,,cet6-all source:ecdict cet4 cet6 cet6-core,9357
extinction,ik'stiŋkʃәn,n.,"n. 消失, 消灭, 废止\n[化] 消光; 熄灭",,,cet6-all source:ecdict cet6 family:extinctions,6977
extinguish,ik'stiŋgwiʃ,vt.,"vt. 熄灭, 使消亡, 压制, 使减色\n[医] 消灭",,,cet6-all source:ecdict cet6 cet6-core family:extinguished family:extinguishing family:extinguishes,11906
extra,'ekstrә,n.,"n. 额外的事物, 另外的收费\na. 额外的, 特别的\nadv. 额外地, 特别地, 非常地",,,cet6-all source:ecdict cet4 cet6 family:extras,1543
extract,ik'strækt,n.,"n. 榨出物, 精汁, 摘录, 选段\nvt. (费力地)取出, 采掘, 榨取, 摘录, 吸取\n[计] 提取",,,cet6-all source:ecdict cet6 cet6-core family:extracts family:extracted family:extracting,4971
extraction,ik'strækʃәn,n.,"n. 抽出, 取出, 拔出术, 抽出物\n[化] 萃取; 提取",,,cet6-all source:ecdict cet6 family:extractions,10457
extracurricular,.ekstrәkә'rikjulә,adj.,"a. 课外的, 业余的",,,cet6-all source:ecdict cet6,13137
extraordinarily,ik'strɔ:dθnәrili,adv.,"adv. 非凡, 破例, 特别, 非常, 离奇, 使人惊奇, 惊人, 特命, 特派",,,cet6-all source:ecdict cet6,7314
extraordinary,ik'strɒ:dәnәri,adj.,"a. 非常的, 特别的, 非凡的\n[经] 非常的, 特别的, 临时的",,,cet6-all source:ecdict cet4 cet6 cet6-core family:extraordinaries,2625
extravagant,ik'strævgәnt,adj.,"a. 奢侈的, 挥霍无度的, 浪费的",,,cet6-all source:ecdict cet6 cet6-core,10399
extreme,ik'stri:m,n.,"n. 极端, 末端\na. 极端的, 尽头的, 极度的, 偏激的",,,cet6-all source:ecdict cet4 cet6 cet6-core family:extremes family:extremest,2519
extremely,ik'stri:mli,adv.,"adv. 极端地, 非常地",,,cet6-all source:ecdict cet4 cet6,1756
eyesight,'aisait,n.,"n. 视力, 目力",,,cet6-all source:ecdict cet4 cet6,14627
fable,'feibl,n.,"n. 寓言, 神话, 谎言\nvi. 虚构, 作寓言",,,cet6-all source:ecdict cet6 family:fables,12174
fabric,'fæbrik,n.,"n. 织物, 布, 结构, 构造, 建筑物\n[经] 组织, 建筑物, 工厂",,,cet6-all source:ecdict cet4 cet6 cet6-core family:fabrics,3059
fabricate,'fæbrikeit,vt.,"vt. 制造, 建造, 装配, 伪造",,,cet6-all source:ecdict cet6 cet6-core family:fabricated family:fabricating family:fabricates,10365
fabrication,.fæbri'keiʃәn,n.,"n. 制造, 建造, 虚构的谎言\n[医] 虚谈症",,,cet6-all source:ecdict cet6 family:fabrications,11480
facet,'fæsit,n.,"n. (多面体的)面, 方面, 琢面\n[医] 小平面, 小面",,,cet6-all source:ecdict cet6 cet6-core family:facets,8774
facilitate,fә'siliteit,vt.,"vt. 使容易, 促进, 帮助\n[法] 使容易, 使便利, 推进",,,cet6-all source:ecdict cet6 cet6-core family:facilitated family:facilitates family:facilitating,3568
facility,fә'siliti,n.,"n. 容易, 灵巧, 设备\n[计] 设施; 设备; 装备",,,cet6-all source:ecdict cet4 cet6 family:facilities,1297
faction,'fækʃәn,n.,"n. 小派系, 内讧\n[法] 宗派, 派别, 小集团",,,cet6-all source:ecdict cet6 family:factions,5641
faculty,'fækәlti,n.,"n. 才能, 能力, 全体教员, (大学的)系\n[医] 能力, [大学]院系",,,cet6-all source:ecdict cet4 cet6 cet6-core family:faculties,1985
fade,feid,vi.,"vi. 褪色, 消失, 凋谢\nvt. 使褪色\nn. 淡入, 淡出\na. 平淡的",,,cet6-all source:ecdict cet4 cet6 family:fading family:faded family:fades,2882
fahrenheit,'færәnhait,adj.,a. 华氏温度计的\nn. 华氏温度计,,,cet6-all source:ecdict cet4 cet6,
faint,feint,n.,"n. 昏厥, 昏倒\na. 模糊的, 微弱的, 无力的\nvi. 昏倒, 变得微弱",,,cet6-all source:ecdict cet4 cet6 family:faintest family:fainted family:fainter family:fainting family:faints,4117
fair,fєә,n.,"n. 展览会, 市集, 美好的事物\na. 公平的, 按规则进行的, 不好不坏的, 晴朗的, 美丽的\nadv. 公平地, 正面地, 有教养地, 清楚地\nvi. 转晴",,,cet6-all source:ecdict cet4 cet6 family:fairs family:fairer family:fairest family:fairing family:faired,1484
fairly,'fєәli,adv.,"adv. 美观地, 公平地, 相当地, 清楚地",,,cet6-all source:ecdict cet4 cet6,2157
faith,feiθ,n.,"n. 信心, 信任, 忠实, 保证\n[法] 信任, 信仰, 信念",,,cet6-all source:ecdict cet4 cet6 cet6-core family:faiths,1326
faithful,'feiθful,adj.,"a. 忠实的, 详确的, 可靠的\nn. 信徒",,,cet6-all source:ecdict cet4 cet6 family:faithfuls,5013
fake,feik,n.,"n. 假货, 欺骗, 诡计\na. 假的\nvt. 假造, 仿造\nvi. 伪装",,,cet6-all source:ecdict cet6 cet6-core family:fakes family:faking family:faked,5098
false,fɒ:ls,adj.,"a. 错误的, 虚伪的, 假的, 不老实的\nadv. 不准确地, 欺诈地",,,cet6-all source:ecdict cet4 cet6,2516
fame,feim,n.,"n. 名望, 名声, 传说",,,cet6-all source:ecdict cet4 cet6,4593
familiar,fә'miljә,adj.,"a. 熟悉的, 常见的, 亲密的\nn. 熟友, 常客",,,cet6-all source:ecdict cet4 cet6 family:familiars,1492
famine,'fæmin,n.,"n. 饥荒, 缺乏, 饥饿",,,cet6-all source:ecdict cet4 cet6 cet6-core family:famines,8193
fan,fæn,n.,"n. 风扇, 迷, 狂热者, 爱好者\nvt. 煽动, 刺激, 吹拂\nvi. 飘动, 成扇形散开",,,cet6-all source:ecdict cet4 cet6 family:fans family:fanning family:fanned,1208
fancy,'fænsi,n.,"n. 想象力, 幻想, 喜好\na. 想象的, 精美的, 新奇的, 奇特的, 高价的, 特级的\nvt. 想象, 设想, 相信, 喜爱\nvi. 想象, 幻想",,,cet6-all source:ecdict cet4 cet6 family:fancied family:fancies family:fancying family:fancier,5118
fantastic,fæn'tæstik,adj.,"a. 奇妙的, 稀奇的, 空想的",,,cet6-all source:ecdict cet6 cet6-core,4747
fare,fєә,n.,"n. 费用, 旅客, 食物\nvi. 进展, 进步, 经营, 过活",,,cet6-all source:ecdict cet4 cet6 family:fares family:fared family:faring,4776
farewell,'fєә'wel,n.,"n. 辞别, 再见, 再会\ninterj. 再会",,,cet6-all source:ecdict cet4 cet6 family:farewells,8121
farmer,'fɑ:mә,n.,"n. 农夫, 农场主\n[法] 农民, 农场主, 承包者",,,cet6-all source:ecdict cet4 cet6 family:farmers,1589
farther,'fɑ:ðә,adj.,"a. 更远的, 进一步的\nadv. 更远的, 此外, far的比较级",,,cet6-all source:ecdict cet4 cet6 family:far family:r,
fascinate,'fæsineit,vt.,"vt. 令人入神, 使着迷\nvi. 入迷",,,cet6-all source:ecdict cet6 cet6-core family:fascinated family:fascinates family:fascinating,5834
fascinating,'fæsineitiŋ,adj.,"a. 迷人的, 吸引人的, 使人神魂颠倒的",,,cet6-all source:ecdict cet6 family:fascinating family:i,4204
fashion,'fæʃәn,n.,"n. 流行, 风尚, 时样\nvt. 形成, 造, 作",,,cet6-all source:ecdict cet4 cet6 family:fashioned family:fashions family:fashioning,1922
fashionable,'fæʃәnәbl,adj.,"a. 时髦的, 上流社会的, 流行的",,,cet6-all source:ecdict cet4 cet6 family:fashionables,7651
fasten,'fɑ:sәn,vt.,"vt. 拴紧, 使固定, 系, 集中于, 强加于\nvi. 扣紧",,,cet6-all source:ecdict cet4 cet6 family:fastened family:fastening family:fastens,7930
fastener,'fɑ:sәnә,n.,"n. 结扎工, 使系牢之物\n[化] 紧固零件",,,cet6-all source:ecdict cet6 family:fasteners,16956
fatal,'feitәl,adj.,"a. 致命的, 重大的, 命运注定的, 粗心的, 不幸的\n[医] 致命的, 致死的",,,cet6-all source:ecdict cet4 cet6 cet6-core,4921
fate,feit,n.,"n. 命运, 运气\nvt. 注定",,,cet6-all source:ecdict cet4 cet6 family:fates family:fated family:fatest family:fating,2919
father-in-law,'fɑ:ðәrinlɔ:,n.,"n. 公公, 岳父",,,cet6-all source:ecdict cet4 cet6,
fatigue,fә'ti:g,n.,"n. 疲乏, 疲劳\nvt. 使疲劳, 使心智衰弱\nvi. 疲劳\na. 疲劳的",,,cet6-all source:ecdict cet4 cet6 cet6-core family:fatigues family:fatigued family:fatiguing,4806
faultless,'fɒ:ltlis,adj.,"a. 完美的, 无缺点的\n[化] 无故障的",,,cet6-all source:ecdict cet6,30991
faulty,'fɒ:lti,adj.,"a. 有过失的, 有缺点的, 不完美的, 应受责备的\n[经] 缺点多的",,,cet6-all source:ecdict cet4 cet6,9993
favour,'feivә,n.,"n. 好感, 偏爱, 喜爱, 相信, 庇护, 赞同, 支持, 信赖, 善行, 恩惠, 徽章, 礼物\nvt. 赞成, 帮助, 支持, 喜爱, 偏袒, 关切, 赐与, 给与, 有利于, 有助于, 像, 体恤",,,cet6-all source:ecdict cet4 cet6 family:favoured family:favours family:favouring,28142
favourable,'feivәrәbl,adj.,"a. 有用的, 良好的, 赞成的, 顺利的\n[医] 良好的, 顺利的",,,cet6-all source:ecdict cet4 cet6,28013
fear,fiә,n.,"n. 恐怖, 害怕, 担心\nv. 害怕, 恐惧, 为...担心, 敬畏",,,cet6-all source:ecdict cet4 cet6 family:fears family:feared family:fearing,985
fearful,'fiәful,adj.,"a. 可怕的, 恐怕的, 担心的",,,cet6-all source:ecdict cet4 cet6,6198
fearless,'fiәlis,adj.,"a. 大胆的, 勇敢的, 无畏的",,,cet6-all source:ecdict cet6,11481
feasible,'fi:zәbl,adj.,"a. 能实行的, 可行的, 适宜的\n[法] 可行的, 可执行的, 可完成的",,,cet6-all source:ecdict cet4 cet6 cet6-core,7591
feast,fi:st,n.,"n. 宴会, 酒席, 享受, 节日\nvt. 款待, 享乐, 请客\nvi. 参加宴会, 尽情地吃, 享受",,,cet6-all source:ecdict cet4 cet6 cet6-core family:feasts family:feasting family:feasted,5910
feather,'feðә,n.,n. 羽毛\nvi. 长羽毛\nvt. 用羽毛装饰,,,cet6-all source:ecdict cet4 cet6 family:feathers family:feathered family:feathering,4531
feature,'fi:tʃә,n.,"n. 面孔的一部分(如眼、口等), 特征, 容貌, 特色, 特写\nvt. 是...的特色, 特写, 放映\nvi. 起重要作用\n[计] 特性",,,cet6-all source:ecdict cet4 cet6 cet6-core family:features family:featuring family:featured,1190
federal,'fedәrәl,adj.,"a. 联邦的, 联合的, 同盟的\n[法] 联邦的, 联邦制的, 联盟的",,,cet6-all source:ecdict cet4 cet6 cet6-core,493
feeble,fi:bl,adj.,"a. 微弱的, 衰弱的, 无效的\n[医] 无力的, 衰弱的",,,cet6-all source:ecdict cet4 cet6 cet6-core family:feebles,12083
feed,fi:d,n.,"n. 饲料, 一餐, 饲养\nvt. 喂, 饲养, 放牧, 靠...为生\nvi. 吃东西, 用餐, 流入\n[计] 送纸",,,cet6-all source:ecdict cet4 cet6 family:fed family:feeding family:feeds family:pd family:feed,1317
feedback,'fi:dbæk,n.,"n. 反馈, 反应\n[计] 反馈",,,cet6-all source:ecdict cet4 cet6 family:feedbacks,3888
fell,fel,vt.,"vt. 击倒\nn. 一季所伐的木材, 折缝\na. 凶猛的, 可怕的\nfall的过去式",,,cet6-all source:ecdict cet6 family:fall family:pd family:felled family:fells family:felling family:fell family:falls,17411
fellow,'felәu,n.,"n. 男人, 朋友, 同事\na. 同伴的, 同事的, 同道的",,,cet6-all source:ecdict cet4 cet6 family:fellows,2421
fellowship,'felәuʃip,n.,"n. 伙伴关系, 共同参与, 团体, 奖学金, 友谊\n[经] 合伙关系, 研究员薪金, 研究员基金",,,cet6-all source:ecdict cet6 cet6-core family:fellowships,9276
female,'fi:meil,n.,"n. 女性, 女人, 雌性动物\na. 女性的, 女子的",,,cet6-all source:ecdict cet4 cet6 family:females,1396
feminine,'feminin,adj.,"a. 女性的, 阴性的, 柔弱的\n[医] 女性的, 雌性的",,,cet6-all source:ecdict cet6 cet6-core family:feminines,5815
fence,fens,n.,"n. 围墙, 栅栏, 买卖赃物的人, 剑术\nvt. 用篱笆围住, 练习剑术, 防护\nvi. 击剑, 搪塞",,,cet6-all source:ecdict cet4 cet6 family:fences family:fenced family:fencing,2653
ferrous,'ferәs,adj.,"a. 铁的, 含铁的, 亚铁的\n[医] 亚铁的",,,cet6-all source:ecdict cet6,29567
ferry,'feri,n.,"n. 渡船, 渡口\n[法] 摆渡营业权, 轮渡",,,cet6-all source:ecdict cet6 cet6-core family:ferries family:ferried family:ferrying,6492
fertile,'fә:tail,adj.,"a. 可繁殖的, 肥沃的, 生产多的\n[医] 能生育的",,,cet6-all source:ecdict cet4 cet6,7458
fertilizer,'fә:tilaizә,n.,"n. 肥料, 促进发展者, 受精媒介物\n[化] 肥料",,,cet6-all source:ecdict cet4 cet6 cet6-core family:fertilizers,6367
festival,'festәvәl,adj.,"a. 节日的, 喜庆的, 快乐的\nn. 节日, 庆祝, 欢宴",,,cet6-all source:ecdict cet4 cet6 family:festivals,3695
fetch,fetʃ,n.,"n. 取得, 拿, 诡计, 魂\nvt. 接来, 取来, 售得, 带来, 推出, 引出, 杀死, 吸引, 到达\nvi. 取物, 前进\n[计] 取",,,cet6-all source:ecdict cet4 cet6 family:fetched family:fetching family:fetches,6744
fever,'fi:vә,n.,"n. 发烧, 发热, 热病\n[医] 发热, 热",,,cet6-all source:ecdict cet4 cet6 family:fevers family:fevered,4372
fiber,'faibә,n.,"n. 纤维, 构造, 纤维制品\n[化] 纤维",,,cet6-all source:ecdict cet6 family:fibers,2594
fibre,'faibә,n.,"n. 纤维, 构造, 纤维制品\n[化] 纤维",,,cet6-all source:ecdict cet4 cet6 family:fibres,24899
fiction,'fikʃәn,n.,"n. 小说, 虚构故事\n[法] 虚构的事实, 捏造, 拟制",,,cet6-all source:ecdict cet4 cet6 cet6-core family:fictions,2762
fierce,fiәs,adj.,"a. 凶猛的, 猛烈的, 热烈的, 暴躁的",,,cet6-all source:ecdict cet4 cet6 family:fiercest family:fiercer,4482
fight,fait,n.,"n. 打架, 争吵, 斗志\nv. 对抗, 打架",,,cet6-all source:ecdict cet4 cet6 family:fighting family:fought family:fights,676
fighter,'faitә,n.,"n. 斗士, 战士, 好战者, 战斗机",,,cet6-all source:ecdict cet6 family:fighters,3028
figure,'figә,n.,"n. 数字, 价格, 图形, 形状\nvt. 描绘, 表示, 演算, 认为\nvi. 计算, 出现, 估计",,,cet6-all source:ecdict cet4 cet6 cet6-core family:figures family:figured family:figuring,552
filament,'filәmәnt,n.,"n. 细丝, 细线, 灯丝, 单纤维\n[化] 长丝; 单丝(复丝中的单根细丝); 丝极",,,cet6-all source:ecdict cet6 family:filaments,13790
filter,'filtә,n.,"n. 滤波器, 过滤器, 滤光器, 过滤嘴, 去尘器\nvt. 过滤, 渗透, 走漏\nvi. 滤过, 渗入\n[计] 过滤器, 筛选",,,cet6-all source:ecdict cet4 cet6 family:filters family:filtered family:filtering,4370
filth,filθ,n.,"n. 污秽, 不洁, 猥亵\n[法] 污秽, 污物, 淫猥",,,cet6-all source:ecdict cet6 family:filths,15292
finance,fai'næns,n.,"n. 财政, 财务\nvt. 供给...经费, 负担经费\nvi. 筹措资金",,,cet6-all source:ecdict cet4 cet6 cet6-core family:financed family:finances family:financing,2808
financial,fai'nænʃәl,adj.,"a. 财政的, 金融的\n[经] 财政的, 金融的, 财务的",,,cet6-all source:ecdict cet4 cet6 cet6-core,827
finding,'faindiŋ,n.,"n. 发现, 发现物, 决定, 裁决\n[法] 调查结果, 对事实的认定, 判定的要素",,,cet6-all source:ecdict cet4 cet6 family:find family:i family:findings family:finding,1476
finely,'fainli,adv.,"adv. 雅致地, 仔细地, 敏锐地, 微细地",,,cet6-all source:ecdict cet6,5958
finger,'fiŋgә,n.,"n. 手指, 指状物, (手套的)手指部分, 指针\nv. 用手指拨弄, 伸出\n[计] 网络命令",,,cet6-all source:ecdict cet4 cet6 family:fingers family:fingered family:fingering,1042
finite,'fainait,adj.,"a. 有限的, 有穷的, 限定的\nn. 有限物",,,cet6-all source:ecdict cet6 cet6-core family:finites,9670
fireman,'faiәmәn,n.,"n. 救火队员, 消防队员\n[机] 司炉",,,cet6-all source:ecdict cet4 cet6 family:firemen,9069
fireplace,'faiәpleis,n.,n. 壁炉,,,cet6-all source:ecdict cet6 family:fireplaces,5530
firework,,n.,"n. 烟火具, 烟火, 烟火信号弹, 焰火, 激情的表现",,,cet6-all source:ecdict cet6 family:fireworks,
firm,fә:m,n.,"n. 公司, 商号\na. 坚定的, 坚强的, 牢固的, 结实的, 坚硬的, 坚挺的, 严格的, 确定的\nvt. 使牢固, 使坚定\nvi. 变稳固, 变坚实\nadv. 稳固地",,,cet6-all source:ecdict cet4 cet6 family:firms family:firmer family:firmed family:firming,902
firmness,'fә:mnis,n.,"n. 坚固, 坚牢, 坚定",,,cet6-all source:ecdict cet6,19226
first-rate,,adj.,"a. 第一流的, 最上等的, 非常好的\nadv. 非常好地, 一流地",,,cet6-all source:ecdict cet6,
fisherman,'fiʃәmәn,n.,"n. 渔夫, 钓鱼者, 渔船",,,cet6-all source:ecdict cet4 cet6 family:fishermen,4272
fission,'fiʃәn,n.,"n. 裂开, 分裂, 分体\n[化] 裂变",,,cet6-all source:ecdict cet6 family:fissioning,19394
fist,fist,n.,"n. 拳头, 手\nvt. 拳打, 握成拳, 紧握",,,cet6-all source:ecdict cet4 cet6 family:fists family:fisting,3881
fitness,'fitnis,n.,"n. 适合, 合宜, 合理, 恰当, 健康\n[医] 适合性, 适应性",,,cet6-all source:ecdict cet6 family:fitnesses,3357
fitting,'fitiŋ,adj.,"a. 适宜的\nn. 试穿, 试衣, 装配, 装置",,,cet6-all source:ecdict cet6 cet6-core family:fit family:i family:fittings family:fitting,10090
fix,fiks,vt.,"vt. 使固定, 修理, 准备, 安装, 凝视, 牢记, 确定, 整理\nvi. 固定, 注视, 确定\nn. 困境, 方位, 维修, 贿赂",,,cet6-all source:ecdict cet4 cet6 family:fixed family:fixing family:fixes,1850
fixture,'fikstʃә,n.,"n. 固定(状态), 固定物, 设备\n[计] 夹具",,,cet6-all source:ecdict cet6 cet6-core family:fixtures family:fixturing,7036
flag,flæg,n.,"n. 标志, 旗标, 旗子, 信号旗, 菖蒲\nvt. 悬旗, 打旗号, 铺石板\nvi. 无力地下垂\n[计] 标志; 属性标记命令",,,cet6-all source:ecdict cet4 cet6 family:flags family:flagged family:flagging,2444
flake,fleik,n.,"n. 小薄片, 扁薄的一层, 火星, 晒鱼架子\nvt. 使成薄片\nvi. 剥落",,,cet6-all source:ecdict cet6 family:flakes family:flaking family:flaked,7753
flame,fleim,n.,"n. 火焰, 火舌, 热情, 光辉\nvt. 焚烧, 用火焰给...灭菌, 用火焰传送(信号), 点燃, 激动\nvi. 燃烧, 爆发, 闪耀\n[计] 无聊邮件, 无益邮件",,,cet6-all source:ecdict cet4 cet6 family:flames family:flamed family:flaming,3199
flank,flæŋk,n.,"n. 侧面, 侧腹, 胁, 腰窝肉\nvt. 攻击侧面, 守侧面\nvi. 侧面与...相接",,,cet6-all source:ecdict cet6 cet6-core family:flanked family:flanks family:flanking,8452
flannel,'flænl,n.,"n. 法兰绒, 法兰绒衣服",,,cet6-all source:ecdict cet6 family:flannels,11931
flap,flæp,n.,"n. 飘, 摆动, 拍打, 拍打声, 片状垂悬物\nv. 拍打, 鼓翼而飞, 飘动",,,cet6-all source:ecdict cet6 cet6-core family:flapping family:flapped family:flaps,8113
flare,'flєә,n.,"n. 闪光, 闪耀\nvi. 闪光, 闪耀\nvt. 用发光信号发出, 使闪耀, 使张开",,,cet6-all source:ecdict cet4 cet6 cet6-core family:flared family:flares family:flaring,8467
flash,flæʃ,n.,"n. 闪光, 闪现, 一瞬间\nvi. 闪光, 闪现, 反射\nvt. 使闪光, 反射",,,cet6-all source:ecdict cet4 cet6 family:flashed family:flashing family:flashes family:flasher,3500
flask,flæsk,n.,"n. 细颈瓶, 烧瓶, 小水瓶\n[化] 瓶; 烧瓶",,,cet6-all source:ecdict cet6 cet6-core family:flasks family:flasked,14030
flat,flæt,adj.,"a. 平坦的, 单调的, 无力的, 浅的, 萧条的, 干脆的, 无聊的\nadv. 平直地, 断然地\nn. 扁平物, 平面, 平地, 平原, 平板车\nv. (使)变平",,,cet6-all source:ecdict cet4 cet6 cet6-core family:flats family:flatter,2569
flatten,'flætn,vi.,"vi. 使...不活跃, 变平\nvt. 弄平, 打倒, 使失去光泽",,,cet6-all source:ecdict cet6 family:flattened family:flattening family:flattens,7436
flatter,'flætә,vt.,"vt. 奉承, 阿谀, 使高兴\n[机] 平面锤",,,cet6-all source:ecdict cet6 cet6-core family:flat family:r family:flattered family:flattering family:flatters,9933
flavour,'fleivә,n.,"n. 味, 调味香料, 滋味, 香味, 气味, 风味, 情味, 情趣, 风韵\nvt. 给...调味, 给...增添风趣, 加香料, 加味于",,,cet6-all source:ecdict cet4 cet6 family:flavours family:flavoured family:flavouring,
flaw,flɒ:,n.,"n. 缺点, 裂纹, 瑕疵, 一阵狂风\n[化] 划痕; 裂缝; 裂纹",,,cet6-all source:ecdict cet6 cet6-core family:flaws family:flawing family:flawed,5399
flee,fli:,vt.,"vt. 逃避, 逃跑, 逃走\nvi. 逃, 消失",,,cet6-all source:ecdict cet4 cet6 family:fled family:fleeing family:flees,2942
fleet,fli:t,n.,"n. 舰队, 港湾, 小河\na. 快速的, 敏捷的, 浅的, 短暂的\nadv. 浅\nvi. 疾驰, 飞逝, 掠过\nvt. 消磨, 变换船(或船员)的位置",,,cet6-all source:ecdict cet4 cet6 family:fleets family:fleeting family:fleeted,4446
flexible,'fleksәbl,adj.,"a. 易曲的, 灵活的, 柔顺的, 能变形的, 可通融的\n[医] 能屈的",,,cet6-all source:ecdict cet4 cet6 cet6-core,4227
fling,fliŋ,n.,"n. 投掷, 急冲, 嘲弄\nvt. 投, 丢下, 抛弃, 使陷入, 挥动, 嘲笑, 扫视\nvi. 猛冲",,,cet6-all source:ecdict cet6 cet6-core family:flung family:flinging family:flings,6172
float,flәut,n.,"n. 漂流物, 浮舟, 漂浮, 浮萍, 彩车\nvi. 浮动, 飘动, 散播, 摇摆, 动摇, 浮动\nvt. 使漂浮, 容纳, 淹没, 发行, 实行\n[计] 浮动",,,cet6-all source:ecdict cet4 cet6 cet6-core family:floating family:floated family:floats,3140
flock,flɒk,n.,"n. 兽群, 鸟群, 一群人, 大量, 棉束\nvi. 成群而行, 聚集\nvt. 用棉束填满",,,cet6-all source:ecdict cet4 cet6 family:flocks family:flocked family:flocking,6596
flood,flʌd,n.,"n. 洪水, 大量之水, 涨潮\nvt. 淹没, 使泛滥, 注满\nvi. 被淹, 溢出, 涌进",,,cet6-all source:ecdict cet4 cet6 family:flooded family:floods family:flooding,3582
flour,'flauә,n.,"n. 面粉, 粉沫, 碎粉\n[医] 面粉, 麦粉",,,cet6-all source:ecdict cet4 cet6 family:flours family:floured family:flouring,3429
flourish,'flʌriʃ,vi.,"vi. 繁荣, 茂盛, 活跃, 手舞足蹈\nvt. 挥舞, 夸耀\nn. 挥舞, 炫耀, 茂盛, 兴旺, 华丽词藻",,,cet6-all source:ecdict cet4 cet6 family:flourished family:flourishing family:flourishes,6209
flu,flu:,n.,"n. 流感, 流行性感冒",,,cet6-all source:ecdict cet4 cet6,5662
fluctuate,'flʌktʃueit,vi.,"vi. 变动, 起伏, 动摇\nvt. 使波动, 使动摇",,,cet6-all source:ecdict cet6 cet6-core family:fluctuated family:fluctuates family:fluctuating,12670
fluctuation,.flʌktʃu'eiʃәn,n.,"n. 变动, 波动, 动摇\n[化] 涨落; 起伏; 波动; 脉动",,,cet6-all source:ecdict cet6 family:fluctuations,8463
fluent,'flu:әnt,adj.,"a. 流利的, 流畅的",,,cet6-all source:ecdict cet4 cet6,11910
fluid,'flu:id,n.,"n. 液体, 分泌液, 流体\na. 流动的, 可改变的",,,cet6-all source:ecdict cet4 cet6 family:fluids,3779
fluorescent,.fluә'resәnt,n.,n. 荧光\na. 荧光的,,,cet6-all source:ecdict cet6 family:fluorescents,9083
flush,flʌʃ,n.,"n. 流溢, 面红, 旺盛, 发烧, 惊飞的鸟, 同花牌\na. 丰足的, 齐平的, 满盈的, 泛滥的\nadv. 齐平地, 直接地\nvi. 脸发红, 奔涌, 旺盛, 惊飞\nvt. 淹没, 冲洗, 使脸红, 使激动, 使齐平, 使惊飞",,,cet6-all source:ecdict cet4 cet6 cet6-core family:flushed family:flushing family:flushes,5935
flutter,'flʌtә,n.,"n. 摆动, 鼓翼, 烦扰\nvi. 摆动, 鼓翼, 烦扰\nvt. 拍(翅), 使焦急\n[计] 颤动",,,cet6-all source:ecdict cet6 cet6-core family:fluttered family:fluttering family:flutters,8041
flux,flʌks,n.,"n. 流出, 涨潮, 变迁\nvi. 熔化, 流出\nvt. 使熔融\n[计] 助焊剂",,,cet6-all source:ecdict cet6 family:fluxes family:fluxing family:fluxed,9830
foam,fәum,n.,"n. 泡沫, 水沫, 泡沫材料\nvi. 起泡沫, 吐白沫\nvt. 使起泡沫",,,cet6-all source:ecdict cet6 cet6-core family:foams family:foaming family:foamed,6178
focus,'fәukәs,n.,"n. 焦点, 焦距\nvi. 聚焦, 注视\nvt. 使聚焦, 调焦, 集中\n[计] 焦点",,,cet6-all source:ecdict cet4 cet6 cet6-core family:focused family:focusing family:focuses family:foci,688
fog,fɒg,n.,"n. 雾, 迷惑, (割后的)最生草, 苔藓\nvi. 被雾笼罩, 变模糊\nvt. 使困惑, 以雾笼罩",,,cet6-all source:ecdict cet4 cet6 family:fogs family:fogging family:fogged,4913
foil,fɒil,n.,"n. 箔, 烘托, 衬托\nvt. 贴箔于, 衬托, 阻止, 挡开, 挫败",,,cet6-all source:ecdict cet6 cet6-core family:foiled family:foils family:foiling,6713
fold,fәuld,n.,"n. 折层, 折, 羊栏, 折痕, 信徒\nvt. 折叠, 包, 合拢, 交迭\nvi. 折叠起来, 彻底失败\n[计] 折叠; 合并",,,cet6-all source:ecdict cet4 cet6 cet6-core family:folds family:folded family:folding,3493
folk,fәuk,n.,"n. 人们, 家人, 亲属, 民族\na. 民间的",,,cet6-all source:ecdict cet4 cet6 family:folks,1339
follow,'fɒlәu,vt.,"vt. 跟随, 沿行, 遵循, 追求\nvi. 跟随, 接着\nn. 跟随, 追随",,,cet6-all source:ecdict cet4 cet6 family:following family:followed family:follows,325
follower,'fɒlәuә,n.,"n. 从者, 属下, 追补者\n[电] 随动机",,,cet6-all source:ecdict cet6 family:followers,5033
following,'fɒlәuiŋ,n.,"n. 下列各项, 部下, 追随者\na. 下列的, 其次的",,,cet6-all source:ecdict cet4 cet6 family:follow family:i family:following family:followings,1471
fond,fɒnd,adj.,"a. 喜欢的, 宠爱的, 温柔的",,,cet6-all source:ecdict cet4 cet6 family:fonder family:fondest family:fonds,6241
footpath,'futpæθ,n.,"n. 步道, 人行道, 小路",,,cet6-all source:ecdict cet6 family:footpaths,20418
footstep,'futstep,n.,"n. 脚步, 脚步声, 足迹",,,cet6-all source:ecdict cet4 cet6 family:footsteps,6017
forbid,fә'bid,vt.,"vt. 禁止, 不准, 妨碍\n[法] 不许, 禁止, 阻止",,,cet6-all source:ecdict cet4 cet6 family:forbidden family:forbade family:forbids family:forbidding,4698
force,fɒ:s,n.,"n. 力量, 武力, 势力, 影响力, 军队, 力, 效力\nvt. 强迫, 强夺, 推动, 提高\n[计] 人工转移; 强制",,,cet6-all source:ecdict cet4 cet6 cet6-core family:forces family:forced family:forcing,372
fore,fɒ:,adj.,"a. 在前的, 以前的\nadv. 在前面, 在船头\nprep. 在...前",,,cet6-all source:ecdict cet6 family:fores,13386
forecast,'fɒ:kɑ:st,n.,"n. 预想, 预测, 预报\nvt. 预想, 预测, 预报\n[计] 趋势预测",,,cet6-all source:ecdict cet4 cet6 family:forecasts family:forecast family:dp family:forecasting,5890
forehead,'fɒ:rid,n.,"n. 额, 前额, 前部\n[医] 额",,,cet6-all source:ecdict cet4 cet6 family:foreheads,3788
foreigner,'fɒ:rinә,n.,"n. 外国人, 外地人\n[法] 外国人, 进口货, 外国货",,,cet6-all source:ecdict cet4 cet6 family:foreigners,4887
foremost,'fәumәust,adj.,"a. 最初的, 最重要的\nadv. 在最前",,,cet6-all source:ecdict cet4 cet6 cet6-core family:foremost family:t,6296
foresee,fɒ:'si:,vt.,"vt. 预见, 预知",,,cet6-all source:ecdict cet6 cet6-core family:foreseen family:foresaw family:foresees family:foreseeing,7614
forest,'fɒrist,n.,"n. 森林, 林区\nvt. 植树于",,,cet6-all source:ecdict cet4 cet6 family:forests family:foresting family:forested,1108
forever,fә'revә,adv.,adv. 永远,,,cet6-all source:ecdict cet4 cet6,2082
forge,fɒ:dʒ,n.,"n. 熔炉, 铁工厂\nvt. 打制, 锻造, 伪造\nvi. 锻造, 伪造",,,cet6-all source:ecdict cet6 cet6-core family:forged family:forging family:forges,5304
forgive,fә'giv,vt.,"vt. 原谅, 宽恕, 免除\n[法] 免除, 宽恕, 原谅",,,cet6-all source:ecdict cet4 cet6 family:forgiven family:forgave family:forgives family:forgiving,3595
fork,fɒ:k,n.,"n. 叉子, 叉状物, 分岔\nvi. 分支, 分歧\nvt. 做成叉形, 叉起\n[计] 派生指令",,,cet6-all source:ecdict cet4 cet6 family:forks family:forked family:forking,3758
formal,'fɒ:mәl,adj.,"a. 正式的, 形式的, 礼仪的, 拘于礼节的, 拘谨的\nn. 正式的社交活动",,,cet6-all source:ecdict cet4 cet6 cet6-core,2211
formation,fɒ:'meiʃәn,n.,"n. 形成, 构造, 编队\n[医] 形成, 结构",,,cet6-all source:ecdict cet4 cet6 family:formations,3045
formerly,'fɒ:mәli,adv.,"adv. 从前, 以前",,,cet6-all source:ecdict cet6,4684
formidable,'fɒ:midәbl,adj.,"a. 巨大的, 优秀的, 可怕的, 艰难的",,,cet6-all source:ecdict cet6 cet6-core,6229
formula,'fɒ:mjulә,n.,"n. 客套语, 公式, 准则\n[计] 公式",,,cet6-all source:ecdict cet4 cet6 cet6-core family:formulae,3340
formulate,'fɒ:mjuleit,vt.,"vt. 用公式表示, 明确叙述, 制订\n[机] 公式化, 公式表示",,,cet6-all source:ecdict cet6 cet6-core family:formulated family:formulating family:formulates,5843
formulation,.fɒ:mju'leiʃәn,n.,"n. 系统陈述, 公式化, 配制\n[化] 表述; 数学表述; 数式化; 数学表述",,,cet6-all source:ecdict cet6 family:formulations,7322
forsake,fә'seik,vt.,"vt. 放弃, 断念, 抛弃\n[法] 遗弃, 抛弃, 摒绝",,,cet6-all source:ecdict cet6 family:forsaken family:forsaking family:forsakes family:forsook,14525
fort,fɒ:t,n.,"n. 堡垒, 要塞, 易货站\nvt. 设要塞保卫\nvi. 设要塞",,,cet6-all source:ecdict cet6 cet6-core family:forts,7497
forth,fɒ:θ,adv.,"adv. 往前, 以后, 向外",,,cet6-all source:ecdict cet4 cet6,1834
forthcoming,'fɒ:θ'kʌmɑŋ,adj.,a. 即将来临的\nn. 来临,,,cet6-all source:ecdict cet6 cet6-core,6748
fortnight,'fɒ:tnait,n.,n. 两星期,,,cet6-all source:ecdict cet4 cet6 family:fortnights,22633
fortress,'fɒ:tris,n.,"n. 城堡, 要塞\nvt. 筑要塞, 以要塞防守",,,cet6-all source:ecdict cet6 family:fortresses family:fortressed,9115
fortunate,'fɒ:tʃәnit,adj.,"a. 幸运的, 幸福的",,,cet6-all source:ecdict cet4 cet6,5300
fortunately,'fɒitʃәnitli,adv.,"adv. 幸运地, 幸亏",,,cet6-all source:ecdict cet4 cet6,4316
fortune,'fɒ:tʃәn,n.,"n. 财富, 运气, 兴隆, 大量财产, 好运, 命运\n[法] 命运, 财产, 大量财产",,,cet6-all source:ecdict cet4 cet6 family:fortunes,2703
forum,'fɒ:rәm,n.,"n. 论坛, 公开讨论的广场, 法庭, 讨论会\n[法] 讨论会, 专题讨论, 公共论坛",,,cet6-all source:ecdict cet6 cet6-core family:forums,4705
fossil,'fɒsәl,n.,"n. 化石, 古物\na. 化石的, 陈腐的, 守旧的",,,cet6-all source:ecdict cet6 cet6-core family:fossils,5043
foster,'fɒstә,adj.,"a. 收养的, 养育的\nvt. 养育, 抚育, 培养, 鼓励, 抱(希望)",,,cet6-all source:ecdict cet6 cet6-core family:fostered family:fostering family:fosters,4359
foul,faul,adj.,"a. 污秽的, 邪恶的, 恶臭的, 肮脏的, 恶劣的, 淤塞的\nvt. 弄脏, 妨害, 污蔑, 犯规, 淤塞\nvi. 腐烂, 犯规, 缠结\nadv. 违反规则地, 不正当地\nn. 犯规, 缠绕",,,cet6-all source:ecdict cet6 cet6-core family:fouling family:fouled family:fouls family:foulest family:fouler,7712
found,faund,vt.,"vt. 建立, 创立, 铸造\nfind的过去式和过去分词",,,cet6-all source:ecdict cet4 cet6 family:find family:dp family:founded family:founding family:founds,2664
foundation,faun'deiʃәn,n.,"n. 基础, 根据, 建立\n[化] 地基",,,cet6-all source:ecdict cet4 cet6 family:foundations,2256
fountain,'fauntin,n.,"n. 水源, 源, 喷泉, 泉水, 本源\n[医] 泉",,,cet6-all source:ecdict cet4 cet6 family:fountains family:fountained family:fountaining,5279
fowl,faul,n.,"n. 鸟, 飞禽, 家禽\nvi. 打鸟",,,cet6-all source:ecdict cet6 family:fowls family:fowling family:fowled,16675
fox,fɒks,n.,"n. 狐狸, 狡猾的人\nvi. 奸狡地行动, (书页)生斑, 变酸\nvt. 欺骗, 使变酸, 为(鞋等)换面, 使生黄斑",,,cet6-all source:ecdict cet4 cet6 family:foxes family:foxed family:foxing,6537
fraction,'frækʃәn,n.,"n. 小部分, 破片, 分数\n[医] 部分, 成分, 分散",,,cet6-all source:ecdict cet4 cet6 cet6-core family:fractions family:fractioning family:fractioned,4719
fracture,'fræktʃә,n.,"n. 破碎, 骨折\nv. (使)破碎, (使)破裂",,,cet6-all source:ecdict cet6 cet6-core family:fractures family:fractured family:fracturing,6123
fragile,'frædʒail,adj.,"a. 易碎的, 脆的\n[医] 脆弱的, 脆的",,,cet6-all source:ecdict cet6 cet6-core,4733
fragment,'frægmәnt,n.,"n. 碎片, 破片, 片段\n[计] 段落; 片段; 分段",,,cet6-all source:ecdict cet4 cet6 family:fragments family:fragmented family:fragmenting,4744
fragrant,'freigrәnt,adj.,"a. 芬香的, 馥郁的, 愉快的",,,cet6-all source:ecdict cet6,9055
frail,freil,adj.,"a. 脆弱的, 虚弱的, 意志薄弱的\nn. 少女, 少妇, 灯心草篓",,,cet6-all source:ecdict cet6 family:frailer family:frailest family:frails,8930
frame,freim,n.,"n. 框, 结构, 体格\nvt. 构成, 设计, 制定, 使适合, 陷害\n[计] 框架, 图文框, 帧",,,cet6-all source:ecdict cet4 cet6 family:frames family:framed family:framing,1833
framework,'freimwә:k,n.,"n. 结构, 骨架, 参照标准, 准则, 观点\n[医] 构架组织",,,cet6-all source:ecdict cet4 cet6 family:frameworks,2968
france,frɑ:ns,n.,n. 法国,,,cet6-all source:ecdict cet4 cet6,
frank,fræŋk,adj.,"a. 坦白的, 率直的, 老实的\nvt. 免费邮寄\nn. 免费邮寄特权",,,cet6-all source:ecdict cet4 cet6 family:franked family:frankest family:franker family:franking family:franks,8225
fraud,frɒ:d,n.,"n. 欺骗, 欺诈, 诡计, 骗子\n[经] 欺诈, 舞弊, 骗子",,,cet6-all source:ecdict cet6 cet6-core family:frauds,3551
freedom,'fri:dәm,n.,"n. 自由, 坦率, 特权\n[法] 自由, 自主, 免除",,,cet6-all source:ecdict cet4 cet6 family:freedoms,1148
freely,'fri:li,adv.,"adv. 自由地, 随意地, 无拘束地, 直率地, 坦白地, 慷慨地, 免费地, 大量地\n[计] 浮动地",,,cet6-all source:ecdict cet4 cet6,4792
freeze,fri:z,vi.,"vi. 冻结, 冷冻, 僵硬, 楞住\nvt. 使结冰, 使冻住, 使呆住\nn. 结冰, 凝固\n[计] 冻结",,,cet6-all source:ecdict cet4 cet6 family:frozen family:froze family:freezes family:freezing,2807
freight,'freit,n.,"n. 船货, 运费, 货运\nvt. 装货, 使充满, 以货运运送, 租(或出租)(船等)",,,cet6-all source:ecdict cet4 cet6 family:freights family:freighted family:freighting,8566
frequency,'fri:kwәnsi,n.,"n. 频率, 频数\n[计] 频率",,,cet6-all source:ecdict cet4 cet6 cet6-core family:frequencies,3009
frequent,'fri:kwәnt,adj.,"a. 时常发生的, 频繁的, 快速的\nvt. 时常来访, 常常聚集, 常与...交往",,,cet6-all source:ecdict cet4 cet6 cet6-core family:frequented family:frequenting family:frequents,3272
frequently,'fri:kwәntli,adv.,"adv. 频繁, 经常地",,,cet6-all source:ecdict cet4 cet6,1810
fresh,freʃ,adj.,"a. 新鲜的, 新奇的, 另外的, 淡的, 精神饱满的, 冒失的\nadv. 最新地, 刚刚\nn. 开始, 泛滥",,,cet6-all source:ecdict cet4 cet6 family:fresher family:freshest,1107
freshen,'freʃn,v.,"v. (使)显得新鲜, (使)精神饱满, (使)减少咸味",,,cet6-all source:ecdict cet6 family:freshened family:freshening family:freshens,18379
fret,fret,n.,"n. 烦躁, 磨损, 焦急, 网状饰物\nvi. 烦恼, 不满, 磨损\nvt. 使烦恼, 腐蚀, 使磨损, 使起波纹",,,cet6-all source:ecdict cet6 family:frets family:fretted family:fretting,9929
friction,'frikʃәn,n.,"n. 摩擦, 摩擦治疗, 不和\n[医] 摩擦",,,cet6-all source:ecdict cet4 cet6 cet6-core family:frictions family:frictioned,7336
fridge,fridʒ,n.,n. 电冰箱,,,cet6-all source:ecdict cet4 cet6 family:fridges,9318
fright,frait,n.,"n. 惊骇, 吃惊\n[医] 惊吓",,,cet6-all source:ecdict cet6 family:frights family:frighted,12606
frighten,'fraitn,vt.,vt. 使惊吓\nvi. 惊恐,,,cet6-all source:ecdict cet4 cet6 family:frightened family:frightens family:frightening,5537
frightful,'fraitful,adj.,"a. 可怕的, 惊人的, 丑的, 非常的",,,cet6-all source:ecdict cet6,20695
fringe,frindʒ,n.,"n. 边缘, 端, 流苏, 穗, 初步\nvt. 加穗于, 加饰边于\na. 边缘的, 附加的",,,cet6-all source:ecdict cet6 cet6-core family:fringes family:fringed family:fringing,6029
fro,frәu,adv.,"adv. 向那边, 向后",,,cet6-all source:ecdict cet6 family:froing family:fros,17026
frock,frɒk,n.,"n. 女礼服, 连衣裙, 工装, 罩袍, 僧衣",,,cet6-all source:ecdict cet6 family:frocks family:frocked family:frocking,18634
frog,frɒg,n.,"n. 青蛙\n[医] 蛙, 马蹄叉",,,cet6-all source:ecdict cet4 cet6 family:frogs family:frogged family:frogging,5370
frontier,'frʌntjә,n.,"n. 边界, 边境\n[法] 国境, 边境, 边界",,,cet6-all source:ecdict cet4 cet6 family:frontiers,4415
frost,frɒst,n.,"n. 霜, 冰冻, 冷漠\nvt. 覆着霜, 冻结, 结霜\nvi. 受冻, 起霜",,,cet6-all source:ecdict cet4 cet6 family:frosts family:frosting family:frosted,21397
frown,fraun,n.,n. 皱眉\nvi. 皱眉头\nvt. 皱眉表示,,,cet6-all source:ecdict cet4 cet6 family:frowned family:frowning family:frowns,4784
fruitful,'fru:tful,adj.,"a. 结果实的, 多实的, 产量多的",,,cet6-all source:ecdict cet4 cet6,11687
frustrate,'frʌstreit,vt.,"vt. 挫败, 击败, 破坏\na. 无益的, 挫败的, 挫折的",,,cet6-all source:ecdict cet4 cet6 family:frustrated family:frustrates family:frustrating,4856
fry,frai,n.,"n. 油炸食物, 鱼苗\nv. 油炸, 煎",,,cet6-all source:ecdict cet4 cet6 family:fries family:frying family:fried,7089
fulfil,ful'fil,vt.,"vt. 实践, 履行, 实行, 完成, 结束, 满足\n[经] 履行(契约), 满期",,,cet6-all source:ecdict cet4 cet6 family:fulfilled family:fulfilling family:fulfils,5849
fulfill,ful'fil,vt.,"vt. 实践, 履行, 实行, 完成, 结束, 满足\n[法] 履行, 完成, 达到",,,cet6-all source:ecdict cet6 cet6-core family:fulfills family:fulfilling family:fulfilled,5431
function,'fʌŋkʃәn,n.,"n. 官能, 职务, 功能, 函数\nvi. 活动, 运行, 行使职责\n[计] 功能, 函数",,,cet6-all source:ecdict cet4 cet6 cet6-core family:functions family:functioning family:functioned,1442
fund,fʌnd,n.,"n. 基金, 资金, 存款, 财源, 贮藏\nvt. 提供资金, 积累",,,cet6-all source:ecdict cet4 cet6 cet6-core family:funds family:funded family:funding,754
fundamental,.fʌndә'mentәl,n.,"n. 基本原理, 原则, 基波\na. 基本的, 重要的, 原音的",,,cet6-all source:ecdict cet4 cet6 cet6-core family:fundamentals,2328
funding,'fʌndiŋ,n.,[经] 债务转期,,,cet6-all source:ecdict cet6 family:fund family:i family:funding family:fundings,2141
funeral,'fju:nәrәl,n.,"n. 葬礼, 出殡",,,cet6-all source:ecdict cet4 cet6 family:funerals,2885
fur,fә:,n.,"n. 毛皮\nvt. 以毛皮制作, 使生苔, 使生水垢\nvi. 生苔, 积水垢",,,cet6-all source:ecdict cet4 cet6 family:furs family:furred family:furring,4700
furious,'fjuәriәs,adj.,"a. 狂怒的, 激烈的, 吵闹的",,,cet6-all source:ecdict cet4 cet6 cet6-core,5544
furnace,'fә:nis,n.,"n. 火炉, 熔炉, 考验\nvt. 在炉中烧",,,cet6-all source:ecdict cet4 cet6 family:furnaces,9102
furnish,'fә:niʃ,vt.,"vt. 供给, 提供, 装设\n[化] 供应; 供给; 配料",,,cet6-all source:ecdict cet4 cet6 cet6-core family:furnished family:furnishing family:furnishes,7335
furniture,'fәnitʃә,n.,"n. 家具, 帆具",,,cet6-all source:ecdict cet4 cet6 cet6-core,2669
further,'fә:ðә,adj.,"a. 更远的, 此外的, 更多的\nvt. 促进, 增进, 助长\nadv. 更进一步地, 更远地, 此外",,,cet6-all source:ecdict cet4 cet6 family:far family:r family:furthering family:furthered family:furthers,11239
furthermore,'fә:ðә'mɒ:,adv.,"adv. 此外, 而且",,,cet6-all source:ecdict cet4 cet6 cet6-core,3213
fury,'fjuri,n.,"n. 愤怒, 狂暴, 狂怒的人\n[医] 狂乱, 狂暴, 狂怒",,,cet6-all source:ecdict cet6 cet6-core family:furies,6574
fuse,fju:z,n.,"n. 保险丝, 导火线\nv. 熔化, 融合",,,cet6-all source:ecdict cet6 cet6-core family:fused family:fuses family:fusing,10364
fuss,fʌs,n.,"n. 大惊小怪, 小题大作, 忙乱\nvi. 无事自扰, 焦急, 焦燥, 忙乱\nvt. 使激动, 使烦燥",,,cet6-all source:ecdict cet6 family:fussing family:fussed family:fusses,9325
gain,gein,n.,"n. 增益, 获得, 利润, 收获, 增加\nvt. 得到, 增进, 赚到\nvi. 获利, 增加\n[计] 增益",,,cet6-all source:ecdict cet4 cet6 family:gained family:gains family:gaining,1253
galaxy,'gælәksi,n.,"n. 银河, 星系, 一群(显赫的人物)\n[电] 银河系",,,cet6-all source:ecdict cet6 cet6-core family:galaxies,3016
gallery,'gælәri,n.,"n. 走廊, 最高楼座, 画廊, 收集, 图库\n[计] 图库",,,cet6-all source:ecdict cet4 cet6 family:galleries,3354
gallon,'gælәn,n.,n. 加仑\n[医] 加仑,,,cet6-all source:ecdict cet4 cet6 family:gallons,
gamble,'gæmbl,n.,"n. 赌博, 冒险\nv. 赌博, 孤注一掷",,,cet6-all source:ecdict cet6 cet6-core family:gambled family:gambling family:gambles,9148
gang,gæŋ,n.,"n. 队, 群, 帮\nvi. 成群结队, 结成一伙\nvt. 使成群结队",,,cet6-all source:ecdict cet4 cet6 family:gangs family:ganging family:ganged,2614
gangster,'gæŋstә,n.,"n. 流氓, 歹徒\n[法] 暴徒, 恶棍, 打手",,,cet6-all source:ecdict cet6 family:gangsters,9353
gaol,dʒeil,n.,"n. 监禁, 监狱\nvt. 监禁",,,cet6-all source:ecdict cet6 family:gaols family:gaoled family:gaoling,34762
gap,gæp,n.,"n. 缝隙, 缺口, 间断, 间距, 通用汇编程序\nvt. 打开缺口, 造成缝隙\nvi. 豁开\n[计] 通用汇编程序, 图形应用程序, 间距",,,cet6-all source:ecdict cet4 cet6 family:gaps family:gapping family:gapped,2121
garage,gә'rɑ:ʒ. 'gærɑ:ʒ,n.,"n. 车库, 汽车修理厂, 机库\nvt. 把车送入修车场",,,cet6-all source:ecdict cet4 cet6 family:garages family:garaging family:garaged,3208
garbage,'gɑ:bidʒ,n.,"n. 垃圾, 废物\n[计] 无用信息",,,cet6-all source:ecdict cet4 cet6 cet6-core,3934
gardener,'gɑ:dәnә,n.,"n. 园丁, 花匠, 园艺家",,,cet6-all source:ecdict cet4 cet6 family:gardeners,5751
garlic,'gɑ:lik,n.,n. 大蒜\n[化] 大蒜,,,cet6-all source:ecdict cet6,2956
garment,'gɑ:mәnt,n.,"n. 衣服, 衣装, 外表",,,cet6-all source:ecdict cet6 cet6-core family:garments family:garmenting family:garmented,6112
gaseous,'gæsiәs,adj.,"a. 气体的, 气态的, 无实质的\n[医] 气[体]的",,,cet6-all source:ecdict cet4 cet6,18191
gasoline,'gæsәli:n,n.,n. 汽油\n[化] 汽油,,,cet6-all source:ecdict cet4 cet6,4082
gasp,gæsp,n.,"n. 喘气\nvi. 喘气, 喘息, 渴望\nvt. 气喘吁吁地说",,,cet6-all source:ecdict cet4 cet6 cet6-core family:gasped family:gasping family:gasps,5660
gather,'gæðә,n.,"n. 集合, 聚集\nvi. 聚集, 集合, 渐增\nvt. 使聚集, 搜集, 积聚",,,cet6-all source:ecdict cet4 cet6 family:gathered family:gathering family:gathers,1347
gathering,'gæðәriŋ,n.,"n. 聚集, 集中, 采集\n[化] 富集",,,cet6-all source:ecdict cet6 family:gather family:i family:gatherings family:gathering,3999
gauge,geidʒ,n.,"n. 标准度量, 计量器\nvt. 精确计量, 估计\n[计] 线规",,,cet6-all source:ecdict cet4 cet6 cet6-core family:gauges family:gauged family:gauging,6046
gay,gei,adj.,"a. 欢快的, 艳丽的, 快乐的, 放荡的",,,cet6-all source:ecdict cet4 cet6 family:gays,2056
gaze,geiz,n.,"n. 注视, 凝视\nvi. 注视, 凝视",,,cet6-all source:ecdict cet4 cet6 cet6-core family:gazed family:gazing family:gazes,3327
gear,giә,n.,"n. 齿轮, 工具\nvt. 以齿轮连起, 开动, 使适应, 安排\nvi. 连接上, 适合",,,cet6-all source:ecdict cet4 cet6 cet6-core family:geared family:gears family:gearing,2607
general,'dʒenәrәl,n.,"n. 一般, 将军, 大体\na. 全面的, 大体的, 总的, 一般的, 普遍的\nn. 常规\n[计] 常规",,,cet6-all source:ecdict cet4 cet6 family:generals,804
generalization,",dʒenәrәlai'zeiʃәn",n.,"n. 一般化, 普遍化, 概括\n[化] 推广; 普适化",,,cet6-all source:ecdict cet6 family:generalizations,8708
generalize,'dʒenәrәlaiz,vt.,"vt. 一般化, 概括, 推广\nvi. 形成概念, 笼统讲",,,cet6-all source:ecdict cet6 cet6-core family:generalizing family:generalized family:generalizes,10707
generally,'dʒenәrәli,adv.,"adv. 通常, 逐渐地, 普遍地",,,cet6-all source:ecdict cet4 cet6,1202
generate,'dʒenәreit,vt.,"vt. 产生, 发生, 导致\n[电] 产生",,,cet6-all source:ecdict cet4 cet6 cet6-core family:generated family:generates family:generating,1692
generation,.dʒenә'reiʃәn,n.,"n. 一代, 一世, 产生\n[医] 生殖, 世代",,,cet6-all source:ecdict cet4 cet6 family:generations,1026
generator,'dʒenәreitә,n.,"n. 产生器, 发电机, 生产者\n[计] 发生器",,,cet6-all source:ecdict cet4 cet6 family:generators,5836
generosity,.dʒenә'rɒsiti,n.,"n. 慷慨, 宽大",,,cet6-all source:ecdict cet6 family:generosities,7952
generous,'dʒenәrәs,adj.,"a. 慷慨的, 有雅量的, 大量的, 丰富的",,,cet6-all source:ecdict cet4 cet6 cet6-core,3886
genetics,dʒi'netiks,n.,n. 遗传学\n[化] 遗传学,,,cet6-all source:ecdict cet6,7640
genius,'dʒi:njәs,n.,"n. 天才, 天赋, 精神, 神魔\n[医] 特征",,,cet6-all source:ecdict cet4 cet6 family:geniuses,4065
gentle,'dʒentl,adj.,"a. 温和的, 文雅的",,,cet6-all source:ecdict cet4 cet6 family:gentled family:gentling family:gentles,3393
gentleman,'dʒentlmәn,n.,"n. 绅士, 先生",,,cet6-all source:ecdict cet4 cet6 family:gentlemen,2447
gently,'dʒentli,adv.,"adv. 温和地, 温柔地, 轻轻地, 逐渐地",,,cet6-all source:ecdict cet4 cet6,2751
genuine,'dʒenjuin,adj.,"a. 真正的, 真实的, 诚恳的\n[医] 真性的",,,cet6-all source:ecdict cet4 cet6 cet6-core,3747
geographical,dʒiә'græfikl,adj.,"a. 地理学的, 地理的",,,cet6-all source:ecdict cet6,6716
geography,dʒi'ɒgrәfi,n.,"n. 地理学, 地理\n[医] 地理",,,cet6-all source:ecdict cet4 cet6 family:geographies,5163
geology,dʒi'ɒlәdʒi,n.,"n. 地质学, 地质情况",,,cet6-all source:ecdict cet4 cet6 cet6-core family:geologies,11449
geometrical,.dʒiәu'metrikl,adj.,"a. 几何学的, 几何的\n[机] 几何学的",,,cet6-all source:ecdict cet6,22692
geometry,dʒi'ɒmәtri,n.,n. 几何学\n[机] 几何学,,,cet6-all source:ecdict cet4 cet6 family:geometries,7851
germ,dʒә:m,n.,"n. 细菌, 种子, 生殖细胞, 根源\n[医] 芽胞, 胚, 胚芽, 病菌",,,cet6-all source:ecdict cet4 cet6 family:germs,9241
german,'dʒә:mәn,n.,"n. 德国人, 德语\na. 德国的, 德国人的, 德国语的, 同父母的",,,cet6-all source:ecdict cet4 cet6 family:germans,1823
germany,'dʒә:mәni,n.,n. 德国,,,cet6-all source:ecdict cet4 cet6,
gesture,'dʒestʃә,n.,"n. 手势, 姿态\nvi. 作手势, 作姿态",,,cet6-all source:ecdict cet4 cet6 family:gestures family:gestured family:gesturing,2969
giant,'dʒaiәnt,n.,"n. 巨人, 大力士, 巨大怪物\na. 庞大的, 巨大的",,,cet6-all source:ecdict cet4 cet6 family:giants,2539
gigantic,dʒai'gæntik,adj.,"a. 巨人般的, 巨大的",,,cet6-all source:ecdict cet6 cet6-core,7783
ginger,'dʒindʒә,n.,"n. 姜, 精力, 姜黄色\na. 姜黄色的\nvt. 用姜调味, 使活泼, 使有生气",,,cet6-all source:ecdict cet6 family:gingers family:gingered family:gingering,7328
glamour,'glæmә,n.,"n. 魅力, 迷人的美, 魔法\nvt. 迷惑",,,cet6-all source:ecdict cet6 cet6-core family:glamours,8154
glance,'glɑ:ns,n.,"n. 一瞥, 闪光, 掠过, 辉矿类\nvi. 扫视, 闪光, 掠过, 提到, 略说\nvt. 扫视, 反射, 使掠过",,,cet6-all source:ecdict cet4 cet6 cet6-core family:glanced family:glancing family:glances,2417
glare,glєә,n.,"n. 闪耀光, 刺眼\nvi. 发眩光, 瞪视\nvt. 瞪眼表示",,,cet6-all source:ecdict cet4 cet6 cet6-core family:glared family:glaring family:glares,6371
gleam,gli:m,n.,"n. 光束, 微光, 反光\nvi. 闪烁, 隐约地闪现\nvt. 使发微光, 使闪烁",,,cet6-all source:ecdict cet6 cet6-core family:gleamed family:gleaming family:gleams,10208
glide,glaid,n.,"n. 滑动, 滑过, 流水\nvi. 滑动, 滑翔, 溜走, 流逝\nvt. 使滑动",,,cet6-all source:ecdict cet4 cet6 cet6-core family:gliding family:glided family:glides,7090
glider,'glaidә,n.,"n. 滑翔员, 滑翔机",,,cet6-all source:ecdict cet6 family:gliders,16453
glimpse,glimps,n.,"n. 一瞥, 一闪\nvi. 投以一瞥, 闪烁不定\nvt. 瞥见",,,cet6-all source:ecdict cet4 cet6 family:glimpses family:glimpsed family:glimpsing,4555
glitter,'glitә,n.,"n. 灿烂, 闪烁, 辉耀\nvi. 灿烂, 闪烁, 辉耀",,,cet6-all source:ecdict cet4 cet6 cet6-core family:glittered family:glittering family:glitters,11840
global,'glәubl,adj.,"a. 通用的, 全球的, 球形的, 综合的, 普遍的\n[计] 共用",,,cet6-all source:ecdict cet4 cet6,1110
globe,glәub,n.,"n. 球, 球状物, 地球仪, 天体\nv. (使)成球状",,,cet6-all source:ecdict cet4 cet6 family:globes family:globed,4735
gloomy,'glu:mi,adj.,"a. 抑沉的, 忧闷的, 黑暗的, 悲观的",,,cet6-all source:ecdict cet4 cet6 cet6-core family:gloomier family:gloomiest family:gloomies,9832
glorify,'glɒ:rifai,vt.,"vt. 赞美, 美化, 赞扬, 使辉煌",,,cet6-all source:ecdict cet6 family:glorified family:glorifying family:glorifies,13582
glorious,'glɒ:riәs,adj.,a. 光荣的,,,cet6-all source:ecdict cet4 cet6,6191
glory,'glɒ:ri,n.,"n. 光荣, 荣耀, 荣誉, 壮丽, 繁荣\nvi. 自豪",,,cet6-all source:ecdict cet4 cet6 family:glories family:gloried family:glorying,4113
glossary,'glɒsәri,n.,"n. 专业词典, 术语集, 词表\n[计] 图文集",,,cet6-all source:ecdict cet6 family:glossaries,16773
glove,glʌv,n.,n. 手套\nvt. 给...戴手套,,,cet6-all source:ecdict cet4 cet6 family:gloves family:gloving,3095
glow,glәu,n.,"n. 赤热, 光辉, 热情, 热烈, 红光\nvi. 发红光, 红光焕发, 发热, 洋溢, 激动",,,cet6-all source:ecdict cet4 cet6 cet6-core family:glowed family:glowing family:glows,5092
glue,glu:,n.,"n. 胶, 粘性物\nvt. 粘合, 胶合",,,cet6-all source:ecdict cet4 cet6 family:glued family:glues family:gluing,7268
gnaw,nɒ:,v.,"v. 咬, 啃, 侵蚀, 消耗, 折磨",,,cet6-all source:ecdict cet6 family:gnawing family:gnawed family:gnaws,12600
goal,gәul,n.,"n. 目标, 终点, 得分, 球门, 守门员\nvi. 攻门, 射门得分",,,cet6-all source:ecdict cet4 cet6 family:goals,681
goat,gәut,n.,"n. 山羊, 替罪羊, 色鬼",,,cet6-all source:ecdict cet4 cet6 family:goats family:goat family:d,4674
goddess,'gɒdis,n.,"n. 女神, 美女, 受崇拜的女性",,,cet6-all source:ecdict cet6 family:goddesses,6636
golden,'gәuldn,adj.,"a. 金的, 含金的, 金色的, 贵重的, 繁盛的\n[法] 金制的, 金色的, 兴隆的",,,cet6-all source:ecdict cet4 cet6,1821
golf,gɒlf,n.,n. 高尔夫球\nvi. 打高尔夫球,,,cet6-all source:ecdict cet4 cet6 family:golfs family:golfing family:golfed,1801
goodness,'gudnis,n.,"n. 仁慈, 善良",,,cet6-all source:ecdict cet4 cet6,5155
goods,guds,n.,"n. 货物\n[经] 货物, 商品, 动产",,,cet6-all source:ecdict cet4 cet6 family:goods family:s,
goose,gu:s,n.,"n. 鹅, 雌鹅, 鹅肉, 弯把熨斗\nvt. 与...性交, 突然加大油门, 使生色, 喝倒彩",,,cet6-all source:ecdict cet4 cet6 family:geese family:goosed family:goosing family:gooses,5529
gorgeous,'gɒ:dʒәs,adj.,"a. 华丽的, 灿烂的",,,cet6-all source:ecdict cet6 cet6-core,5457
gorilla,gә'rilә,n.,"n. 大猩猩, 残暴的男人, 歹徒",,,cet6-all source:ecdict cet6 family:gorillas,9367
gossip,'gɒsip,n.,"n. 闲聊, 随笔, 流言, 爱讲闲话的人\nvi. 说闲话, 闲聊",,,cet6-all source:ecdict cet6 cet6-core family:gossiping family:gossips family:gossipped,6861
govern,'gʌvәn,v.,"v. 统治, 支配, 管理",,,cet6-all source:ecdict cet4 cet6 family:governed family:governing family:governs,3711
government,'gʌvәnmәnt,n.,"n. 政府, 内阁\n[经] 政府, 政治, 政体",,,cet6-all source:ecdict cet4 cet6 family:governments,201
governor,'gʌvәnә,n.,"n. (美)州长, (英)总督, 统治者, 管理者, 理事\n[医] 节制器, 调节器",,,cet6-all source:ecdict cet4 cet6 family:governors,1811
gown,gaun,n.,"n. 睡衣, 法衣, 大学全体师生\nvt. 使穿睡衣",,,cet6-all source:ecdict cet4 cet6 cet6-core family:gowns family:gowning family:gowned,5262
grab,græb,n.,"n. 抓握, 掠夺, 强占, 东方沿岸帆船\nvi. 抓取, 抢去\nvt. 攫取, 捕获, 霸占",,,cet6-all source:ecdict cet6 family:grabbed family:grabbing family:grabs,1477
grace,greis,n.,"n. 优雅, 风度, 慈悲, 恩惠, 体面, 赦免, 恩典, 谢恩祷告\nvt. 使优美",,,cet6-all source:ecdict cet4 cet6 family:graced family:graces family:gracing,11346
graceful,'greisful,adj.,a. 优美的,,,cet6-all source:ecdict cet4 cet6,7236
gracious,'greiʃәs,adj.,"a. 亲切的, 慈善的",,,cet6-all source:ecdict cet4 cet6 cet6-core,8538
gradient,'greidiәnt,n.,"n. 倾斜度, 梯度, 坡度, 斜率\na. 渐升的, 渐降的, 步行的",,,cet6-all source:ecdict cet6 family:gradients,14325
gradual,'grædʒuәl,adj.,"a. 逐渐的, 渐增的\nn. 弥撒升阶圣歌",,,cet6-all source:ecdict cet4 cet6,6796
gradually,'grædʒuәli,adv.,adv. 逐渐地,,,cet6-all source:ecdict cet4 cet6,2961
graduate,'grædʒueit,n.,"n. 毕业生, 量杯\na. 已得学位的, 研究生的, 毕业的\nvi. 毕业, 得学位, 逐渐变为\nvt. 准予...毕业, 授予...学位, 分等级, 刻刻度",,,cet6-all source:ecdict cet4 cet6 cet6-core family:graduates family:graduated family:graduating,2115
grain,grein,n.,"n. 谷粒, 颗粒, 谷类, 纹理, 本质\nv. (使)成谷粒",,,cet6-all source:ecdict cet4 cet6 cet6-core family:grains family:grained family:graining,3222
grammar,'græmә,n.,"n. 语法学, 入门书\n[计] 语法检查",,,cet6-all source:ecdict cet4 cet6 family:grammars,8367
grammatical,grә'mætikl,adj.,"a. 语法的, 合乎语法的\n[法] 语法上的, 符合语法规则的, 文法上的",,,cet6-all source:ecdict cet4 cet6,18423
gramme,græm,n.,n. 克\n[医] 克,,,cet6-all source:ecdict cet4 cet6 family:grammes,
gramophone,'græmәfәun,n.,n. 留声机,,,cet6-all source:ecdict cet6 family:gramophones,28039
grand,grænd,adj.,"a. 庄重的, 壮观的, 显赫的, 重大的, 最高的, 雄伟的, 宏大的, 豪华的, 傲慢的\n[法] 重大的, 主要的, 伟大的",,,cet6-all source:ecdict cet4 cet6 family:grander family:grandest family:grands,2237
granddaughter,'^rændɔ:tә(r),n.,"n. 孙女, 外孙女",,,cet6-all source:ecdict cet4 cet6 family:granddaughters,8528
grandfather,'grændfɑ:ðә,n.,"n. 祖父, 始祖\n[电] 原始资料组",,,cet6-all source:ecdict cet4 cet6 family:grandfathers,2950
grandmother,'grændmʌðә,n.,"n. 祖母, 女祖先",,,cet6-all source:ecdict cet4 cet6 family:grandmothers,2495
grandson,'grændsʌn,n.,"n. 孙子, 外孙",,,cet6-all source:ecdict cet4 cet6 family:grandsons,6641
granite,'grænit,n.,n. 花岗岩\n[化] 花岗岩,,,cet6-all source:ecdict cet6 family:granites,6819
grant,grænt,n.,"n. 授予, 授予物, 允许\nvt. 允许, 承认, 授与\n[计] 授权命令",,,cet6-all source:ecdict cet4 cet6 cet6-core family:granted family:grants family:granting,1907
grants,,n. / v.,"[经] 补助金, 拨款, 津贴",,,cet6-all source:ecdict cet6 family:grant,
grape,greip,n.,"n. 葡萄, 葡萄树\n[医] 葡萄",,,cet6-all source:ecdict cet4 cet6 family:grapes,4764
graph,græf,n.,"n. 曲线图, 图表, 图形\n[计] 图形",,,cet6-all source:ecdict cet4 cet6 family:graphs family:graphing family:graphed,26137
graphite,'græfait,n.,n. 石墨\n[化] 石墨,,,cet6-all source:ecdict cet6 family:graphites,11261
grasp,græsp,n.,"n. 把握, 抓紧, 理解, 抓, 柄, 控制\nvt. 抓住, 紧握, 领会\nvi. 抓",,,cet6-all source:ecdict cet4 cet6 family:grasped family:grasping family:grasps,4181
grasshopper,'græshɒpә,n.,"n. 蚱蜢, 蝗虫",,,cet6-all source:ecdict cet6 family:grasshoppers family:grasshoppered,15296
grassy,'græsi,adj.,"a. 草绿色的, 象草的, 长满草的",,,cet6-all source:ecdict cet6 family:grassies family:grassiest family:grassier,10102
grateful,'greitful,adj.,"a. 感谢的, 感激的, 令人快意的, 受欢迎的",,,cet6-all source:ecdict cet4 cet6,3672
gratitude,'grætitju:d,n.,n. 感激之情,,,cet6-all source:ecdict cet4 cet6,7058
grave,greiv,n.,"n. 墓穴, 坟墓, 终结, 死亡\na. 庄重的, 严肃的, 重大的, 低沉的\nvt. 雕刻",,,cet6-all source:ecdict cet4 cet6 cet6-core family:graves family:gravest family:graver family:graving family:graven,3358
gravel,'grævәl,n.,"n. 砂砾, 碎石\n[医] 沙砾, 尿沙",,,cet6-all source:ecdict cet6 family:gravels family:gravelling family:gravelled,5620
gravity,'græviti,n.,"n. 地心引力, 重力\n[化] 重力",,,cet6-all source:ecdict cet4 cet6 family:gravities,3956
gray,grei,n.,"n. 灰色, 暗淡\na. 灰色的, 灰白的, 面色苍白的, 年老的, 老练的, 阴沉的\nv. (使)变灰色",,,cet6-all source:ecdict cet4 cet6 family:grays family:graying family:grayed,1939
graze,greiz,n.,"n. 吃草, 放牧, 擦伤, 轻擦\nv. (使)吃草, 放牧, 轻擦, 擦伤",,,cet6-all source:ecdict cet6 cet6-core family:grazing family:grazed family:grazes,7524
grease,gri:s,n.,"n. 脂肪, 兽脂, 油脂, 贿赂\nvt. 涂脂于, 贿赂",,,cet6-all source:ecdict cet6 cet6-core family:greased family:greasing family:greases,7921
greatly,'greitli,adv.,"adv. 很, 非常",,,cet6-all source:ecdict cet4 cet6,3436
greed,gri:d,n.,"n. 贪欲, 贪婪",,,cet6-all source:ecdict cet6 family:greeds,6753
greedy,'gri:di,adj.,"a. 贪婪的, 贪得的, 贪吃的",,,cet6-all source:ecdict cet4 cet6 family:greedier family:greediest,8908
greek,gri:k,n.,"n. 希腊人, 希腊语\na. 希腊的, 希腊人的\n[计] 希腊",,,cet6-all source:ecdict cet4 cet6 family:greeks,4063
greenhouse,'gri:nhaus,n.,n. 温室,,,cet6-all source:ecdict cet4 cet6 family:greenhouses,5166
greet,gri:t,vt.,"vt. 问候, 致敬, 欢迎, 映入眼帘",,,cet6-all source:ecdict cet4 cet6 family:greeted family:greeting family:greets,3475
greeting,'gri:tiŋ,n.,"n. 祝贺, 问候",,,cet6-all source:ecdict cet4 cet6 family:greet family:i family:greetings family:greeting,6324
grey,grei,n.,"n. 灰色\na. 灰色的, 阴沉的\nv. (使)成灰色",,,cet6-all source:ecdict cet4 cet6 family:greys family:greying family:greyed,37508
grief,gri:f,n.,"n. 伤心, 忧愁, 悲痛, 不幸, 灾难",,,cet6-all source:ecdict cet6 cet6-core family:griefs,4092
grieve,gri:v,vt.,"vt. 使悲伤\nvi. 悲痛, 伤心",,,cet6-all source:ecdict cet4 cet6 cet6-core family:grieves family:grieved family:grieving,9760
grim,grim,adj.,"a. 冷酷的, 坚强的, 残忍的, 可怕的, 讨厌的",,,cet6-all source:ecdict cet6 cet6-core family:grimmer family:grimmest,5348
grin,grin,n.,n. 露齿笑\nv. 露齿而笑,,,cet6-all source:ecdict cet6 cet6-core family:grinned family:grinning family:grins,4154
grind,graind,n.,"n. 磨, 碾, 苦差, 摩擦声, 用功的学生\nvt. 磨擦, 磨碎, 磨光, 折磨, 压榨\nvi. 磨, 磨碎, 苦干",,,cet6-all source:ecdict cet4 cet6 family:ground family:grinding family:grinds,5372
grip,grip,n.,"n. 紧握, 柄, 握力, 握手方式, 手提包, 掌握, 支配, 控制\nvt. 抓紧, 抱住, 吸住, 掌握\nvi. 握牢, 有吸引力",,,cet6-all source:ecdict cet4 cet6 cet6-core family:gripped family:grips family:gripping,3694
groan,grәun,n.,"n. 呻吟, 叹息\nvi. 呻吟, 抱怨, 受压迫\nvt. 呻吟地说",,,cet6-all source:ecdict cet4 cet6 cet6-core family:groaned family:groaning family:groans,7178
grocer,'grәusә,n.,n. 食品商,,,cet6-all source:ecdict cet4 cet6 family:grocers,14410
grocery,'grәusәri,n.,"n. 食品杂货店, 食品杂货业",,,cet6-all source:ecdict cet4 cet6 family:groceries,3301
groove,gru:v,n.,"n. 凹槽, 惯例, 理想境况\nvt. 开槽于",,,cet6-all source:ecdict cet6 cet6-core family:grooves family:grooved family:grooving,8325
grope,grәup,v.,v. 摸索\nn. 摸索,,,cet6-all source:ecdict cet6 cet6-core family:groped family:groping family:gropes,10123
gross,grәus,n.,"n. 总数, 总量\na. 总共的, 未打折扣的, 恶劣的, 粗野的\nvt. 总共收入",,,cet6-all source:ecdict cet4 cet6 cet6-core family:grossed family:grosser family:grossing family:grossest family:grosses,4409
grove,grәuv,n.,n. 小树林,,,cet6-all source:ecdict cet6 family:groves,7155
growl,graul,n.,"n. 吠声, 咆哮声\nv. 怒吠, 咆哮, 吼",,,cet6-all source:ecdict cet6 family:growled family:growling family:growls,8745
growth,grәuθ,n.,"n. 生长, 栽培, 增长\n[计] 等比级数",,,cet6-all source:ecdict cet4 cet6 family:growths,787
grumble,'grʌmbl,n.,"n. 怨言, 满腹牢骚\nvi. 抱怨, 发牢骚, 发隆隆声\nvt. 抱怨",,,cet6-all source:ecdict cet6 family:grumbled family:grumbling family:grumbles,8559
grunt,grʌnt,vi.,"vi. 作呼噜声\nvt. 咕哝\nn. 呼噜声, 咕哝",,,cet6-all source:ecdict cet6 family:grunted family:grunts family:grunting,9626
guarantee,.gærәn'ti:,n.,"n. 担保, 抵押品, 保证书\nvt. 保证, 担保",,,cet6-all source:ecdict cet4 cet6 cet6-core family:guaranteed family:guarantees family:guaranteeing,2774
guard,gɑ:d,n.,"n. 守卫者, 警戒, 护卫队, 防护装置\nvt. 保卫, 看守, 当心\nvi. 防止, 警惕, 警卫, 看守",,,cet6-all source:ecdict cet4 cet6 family:guards family:guarded family:guarding,1284
guidance,'gaidns,n.,"n. 指导, 领导\n[医] 导",,,cet6-all source:ecdict cet4 cet6,3869
guide,gaid,n.,"n. 引导者, 导游, 指南, 路标\nvt. 指导, 支配, 管理, 带领, 操纵\nvi. 任向导\n[计] 辅助线",,,cet6-all source:ecdict cet4 cet6 family:guides family:guided family:guiding,1779
guilt,gilt,n.,"n. 罪行, 内疚\n[法] 罪, 犯罪, 罪行",,,cet6-all source:ecdict cet6 family:guilts,3628
guilty,'gilti,adj.,"a. 犯罪的, 有过失的, 自觉有错的, 心虚的\n[法] 有罪的, 犯罪的, 自觉有罪的",,,cet6-all source:ecdict cet4 cet6,2061
guitar,gi'tɑ:,n.,n. 吉他,,,cet6-all source:ecdict cet6 family:guitars,3658
gulf,gʌlf,n.,"n. 海湾, 深渊, 漩涡, 隔阂\nvt. 吞没",,,cet6-all source:ecdict cet4 cet6 family:gulfs,6929
gum,gʌm,n.,"n. 树胶, 橡皮, 橡皮糖, 牙床, 老天\nvt. 涂以树胶, 用胶粘, 使有粘性\nvi. 分泌树胶, 发粘",,,cet6-all source:ecdict cet4 cet6 family:gums family:gumming family:gummed,5971
gun,gʌn,n.,n. 枪\n[医] 枪,,,cet6-all source:ecdict cet4 cet6 family:guns family:gunned family:gunning,840
gunpowder,'gʌnpaudә,n.,n. 火药\n[化] 有烟火药; 火药,,,cet6-all source:ecdict cet4 cet6,16953
gust,gʌst,n.,"n. 突然一阵, 趣味, 爱好",,,cet6-all source:ecdict cet6 family:gusts family:gusting family:gusted,10137
gutter,'gʌtә,n.,"n. 排水沟, 槽, 贫民区\nvt. 开沟于\nvi. 流\n[计] 装订线",,,cet6-all source:ecdict cet6 family:gutters family:guttered family:guttering,10884
gymnasium,dʒim'neiziәm,n.,"n. 健身房, 体育馆\n[医] 体育馆, 健身室, 运动场",,,cet6-all source:ecdict cet4 cet6 family:gymnasiums,13057
habit,'hæbit,n.,"n. 习惯, 嗜好, 习性\nvt. 使穿衣",,,cet6-all source:ecdict cet4 cet6 family:habits family:habiting family:habited,2308
habitual,hә'hitʃuәl,adj.,"a. 习惯的, 惯常的, 平常的\n[法] 习惯的, 以习惯为常业的, 惯常的",,,cet6-all source:ecdict cet4 cet6,13451
hail,heil,n.,"n. 冰雹, 致敬, 欢呼, 招呼\nvt. 向...欢呼, 致敬, 招呼, 使象下雹样落下\nvi. 招呼, 下雹\ninterj. 万岁, 欢迎",,,cet6-all source:ecdict cet6 family:hailed family:hailing family:hails,6105
haircut,'hєәkʌt,n.,"n. 理发, (男子的)发式",,,cet6-all source:ecdict cet4 cet6 family:haircuts family:haircutting,8476
hall,hɒ:l,n.,"n. 门厅, 走廊, 会堂",,,cet6-all source:ecdict cet4 cet6 family:halls family:halling,1839
halt,hɒ:lt,n.,"n. 停止, 立定, 休息\nvt. 使停止, 使立定\nvi. 立定, 停止, 蹒跚, 踌躇, 有缺点\n[计] 停止",,,cet6-all source:ecdict cet4 cet6 family:halted family:halts family:halting,5267
halve,hɑ:v,vt.,"vt. 二等分, 对半分享, 把...减半",,,cet6-all source:ecdict cet6 family:halved family:halve family:halving family:halves,10095
ham,hæm,n.,"n. 火腿, 后腿, 笨拙演员\na. 过火的, 做作的\nv. 演得过火",,,cet6-all source:ecdict cet6 family:hams family:hamming family:hammed,6170
hamburger,'hæmbә:gә,n.,"n. 汉堡(德国港口), 肉饼, 汉堡包, 纯精牛肉, 汉堡牛排",,,cet6-all source:ecdict cet4 cet6 family:hamburgers,7483
hammer,'hæmә,n.,"n. 锤, 铁锤, 钉锤\nvt. 锤打, 敲打, 钉\nvi. 连续锤打\n[计] 锤头",,,cet6-all source:ecdict cet4 cet6 family:hammering family:hammers family:hammered,6231
hamper,'hæpә,n.,"n. 食篮, 阻碍物, 食盒\nvt. 阻碍, 使困累, 妨碍, 牵制",,,cet6-all source:ecdict cet6 cet6-core family:hampered family:hampers family:hampering,9044
handbook,"'hænd,buk",n.,n. 手册\n[计] 手册,,,cet6-all source:ecdict cet6 cet6-core family:handbooks,13017
handful,'hændful,n.,"n. 少数, 一把, 棘手事",,,cet6-all source:ecdict cet4 cet6 family:handfuls,3109
handicap,'hændikæp,n.,"n. 障碍, 困难, 不利条件\nvt. 加障碍于, 妨碍",,,cet6-all source:ecdict cet6 cet6-core family:handicapped family:handicaps family:handicapping,8589
handkerchief,'hæŋkәtʃif,n.,"n. 手帕, 头巾, 围巾",,,cet6-all source:ecdict cet4 cet6 family:handkerchiefs,8487
handle,hændl,n.,"n. 柄, 把手, 把柄, 柄状物, 手感\nvt. 触摸, 运用, 买卖, 处理, 操作\nvi. 搬运, 易于操纵\nn. 句柄\n[计] 句柄",,,cet6-all source:ecdict cet4 cet6 family:handled family:handling family:handles,1238
handout,'hændaut,n.,"n. 施舍物, 救济品, 分发的印刷品资料, 广告物品",,,cet6-all source:ecdict cet6 family:handouts,12059
handsome,'hænsәm,adj.,"a. 英俊的, 大方的, 慷慨的, 相当可观的, 美观的, 灵敏的",,,cet6-all source:ecdict cet4 cet6 family:handsomest family:handsomer,3838
handwriting,'hændraitiŋ,n.,n. 笔迹,,,cet6-all source:ecdict cet4 cet6 family:handwritings,9204
handy,'hændi,adj.,"a. 便利的, 敏捷的, 容易取得的\n[化] 便于使用的; 易操作的",,,cet6-all source:ecdict cet4 cet6 family:handier family:handies,6380
hang,hæŋ,n.,"n. 悬挂, 诀窍, 意义\nvt. 悬挂, 附着, 装饰, 垂下, 踌躇, 绞死, 使悬而未决\nvi. 悬着, 垂下, 被绞死, 悬而不决",,,cet6-all source:ecdict cet4 cet6 family:hanging family:hung family:hangs,867
harbor,'hɑ:bә,n.,"n. 港, 避难所\nv. 庇护, 藏匿, (使)入港停泊",,,cet6-all source:ecdict cet6 family:harboring family:harbored family:harbors,5726
harbour,'hɑ:bә,n.,"n. 港, 避难所\nv. 庇护, 藏匿, (使)入港停泊",,,cet6-all source:ecdict cet4 cet6 family:harbouring family:harbours family:harboured,36866
harden,hɑ:dn,vt.,"vt. 使变硬, 使坚强, 使冷酷\nvi. 变硬, 变冷酷",,,cet6-all source:ecdict cet4 cet6 family:hardened family:hardening family:hardens,8207
hardly,'hɑ:dli,adv.,"adv. 刚刚, 几乎不, 勉强是",,,cet6-all source:ecdict cet4 cet6,1741
hardship,'hɑ:dʃip,n.,"n. 艰难, 辛苦, 苦难\n[法] 受苦, 吃苦, 苦难",,,cet6-all source:ecdict cet4 cet6 family:hardships,6922
hardware,'hɑ:dwєә,n.,"n. 硬件, 五金器具, 零件\n[计] 硬件",,,cet6-all source:ecdict cet4 cet6,4019
hardy,'hɑ:di,adj.,"a. 难的, 艰苦的, 坚硬的, 勇敢的\nadv. 努力地, 辛苦地, 坚硬地",,,cet6-all source:ecdict cet6 cet6-core family:hardier family:hardiest,10388
hare,hєә,n.,n. 野兔\nvi. 飞跑,,,cet6-all source:ecdict cet4 cet6 family:hares family:haring family:hared,14507
harm,hɑ:m,n.,"n. 伤害, 害处\nvt. 伤害, 损害",,,cet6-all source:ecdict cet4 cet6 family:harmed family:harming family:harms,3651
harmful,'hɑ:mful,adj.,"a. 有害的, 伤害的",,,cet6-all source:ecdict cet4 cet6,5809
harmonious,hɑ:'mәuniәs,adj.,"a. 和睦的, 调和的, 和谐的, 协调的",,,cet6-all source:ecdict cet6,12523
harmony,'hɑ:mәni,n.,"n. 协调, 和睦, 调和\n[电] 和声学",,,cet6-all source:ecdict cet4 cet6 cet6-core family:harmonies,4669
harness,'hɑ:nis,n.,"n. 马具, 挽具状带子, 甲胄\nvt. 给...上挽具, 驾驭, 披上甲胄, 利用...以产生动力",,,cet6-all source:ecdict cet4 cet6 family:harnessed family:harnessing family:harnesses,9768
harp,hɑ:p,n.,"n. 竖琴\nvi. 弹奏竖琴, 不停地说",,,cet6-all source:ecdict cet6 family:harping family:harps family:harped,11984
harsh,hɑ:ʃ,adj.,"a. 粗糙的, 刺耳的, 严厉的\n[法] 粗糙的, 严厉的, 苛刻的",,,cet6-all source:ecdict cet4 cet6 family:harsher family:harshest,3471
harvest,'hɑ:vist,n.,"n. 收获, 成果, 收获物, 收获期\nv. 收割, 收获",,,cet6-all source:ecdict cet4 cet6 family:harvested family:harvesting family:harvests,4839
hassle,'hæsl,n.,"n. 激烈而持久的争论\nvi. 争论\nvt. 与...争辩, 使烦恼",,,cet6-all source:ecdict cet6 family:hassles family:hassled family:hassling,10953
haste,heist,n.,"n. 匆忙, 急忙",,,cet6-all source:ecdict cet4 cet6,13347
hasten,'heisn,vt.,"vt. 催促, 加紧\nvi. 赶快, 急忙",,,cet6-all source:ecdict cet4 cet6 family:hastened family:hastening family:hastens,9445
hasty,'heisti,adj.,"a. 匆匆的, 轻率的, 性怠的",,,cet6-all source:ecdict cet4 cet6 cet6-core family:hastiest family:hastier,12658
hatch,hætʃ,n.,"n. 孵化, 舱口\nvt. 孵, 孵出, 策划\nvi. 孵化",,,cet6-all source:ecdict cet4 cet6 cet6-core family:hatched family:hatching family:hatches,7365
hate,heit,n.,"n. 憎恨, 恨, 厌恶\nvt. 憎恨, 憎恶\nvi. 仇恨",,,cet6-all source:ecdict cet4 cet6 family:hated family:hates family:hating,1526
hateful,'heitful,adj.,"a. 憎恨的, 可恨的, 可恶的",,,cet6-all source:ecdict cet4 cet6,14495
hatred,'heitrid,n.,"n. 憎恨, 仇恨, 憎恶\n[法] 敌意, 憎恨, 憎恶",,,cet6-all source:ecdict cet4 cet6 cet6-core family:hatreds,5252
haughty,'hɒ:ti,adj.,"a. 傲慢的, 骄傲的, 崇高的",,,cet6-all source:ecdict cet6 family:haughtiest,19401
haul,hɒ:l,n.,"n. 用力拖拉, 拖运, 强拉, 捕获量, 拖运距离\nvi. 拖, 拉, 改变方向, 改变主意\nvt. 拖拉, 拖运",,,cet6-all source:ecdict cet6 cet6-core family:hauled family:hauling family:hauls,4191
haunt,hɒ:nt,n.,"n. 常到的地方, 生息地\nvt. 常到, 出没于, 萦绕于\nvi. 出没, 作祟",,,cet6-all source:ecdict cet6 cet6-core family:haunted family:haunts family:haunting,5014
hawk,hɒ:k,n.,"n. 鹰, 掠夺者, 鹰派成员\nvi. 放鹰行猎, 像鹰一般地袭击, 清嗓, 咳嗽\nvt. 捕捉, 咳出, 兜售, 叫卖, 散播",,,cet6-all source:ecdict cet4 cet6 cet6-core family:hawks family:hawking family:hawked,7924
hay,hei,n.,"n. 干草\nvt. 制干草, 供给干草\nvi. 晒干草",,,cet6-all source:ecdict cet4 cet6 family:hays family:haying family:hayed,7184
hazard,'hæzәd,n.,"n. 冒险, 危险, 机会\nvt. 冒...的危险, 赌运气, 使冒危险\n[计] 相关危险; 冒险",,,cet6-all source:ecdict cet4 cet6 cet6-core family:hazards family:hazarded family:hazarding,4876
hazardous,'hæzәdәs,adj.,"a. 危险的, 冒险的, 碰运气的\n[法] 危险的, 冒险的, 碰运气的",,,cet6-all source:ecdict cet6,5358
headache,'hedeik,n.,"n. 头痛, 令人头痛之事\n[医] 头痛",,,cet6-all source:ecdict cet4 cet6 family:headaches,4745
heading,'hediŋ,n.,"n. 标题, 起始字, 方向\n[计] 上标题",,,cet6-all source:ecdict cet4 cet6 family:head family:i family:headings family:heading,9765
headline,'hedlain,n.,"n. 大标题, 新闻摘要\nvt. 为...做标题, 写标题",,,cet6-all source:ecdict cet4 cet6 family:headlines family:headlined family:headlining,3293
headlong,'hedlɒŋ,adj.,"a. 头向前的, 仓猝而用力的, 轻率的\nadv. 头向前地, 猛然地, 用力地",,,cet6-all source:ecdict cet6,18274
headmaster,'hed'mɑ:stә,n.,"n. (中小学)校长, 监工",,,cet6-all source:ecdict cet4 cet6 family:headmasters,16726
headquarters,hed'kwɒ:tәz,n.,"n. 总部, 司令部, 总部人员\n[经] 本部, 总部, 总署",,,cet6-all source:ecdict cet4 cet6,2867
heal,hi:l,vi.,"vi. 痊愈\nvt. 使复原, 使和解, 治愈",,,cet6-all source:ecdict cet4 cet6 family:healed family:healing family:heals,4371
heap,hi:p,n.,"n. 堆, 许多, 累积\nvt. 堆积, 装满\n[计] 堆",,,cet6-all source:ecdict cet4 cet6 cet6-core family:heaps family:heaped family:heaping,7087
hearth,hɑ:θ,n.,"n. 炉床, 灶台, 炉边\n[化] 锻造炉; 敞炉; 炉缸; 炉床; 火床; 炉膛",,,cet6-all source:ecdict cet6 family:hearths,10697
hearty,'hɑ:ti,adj.,"a. 诚恳的, 健壮的, 热烈的, 丰盛的",,,cet6-all source:ecdict cet6 family:hearties family:heartiest family:heartier,10166
heat,hi:t,n.,"n. 热, 热度, 体温, 高潮\nvi. 加热, 激昂, 加剧\nvt. 把...加热, 使激动",,,cet6-all source:ecdict cet4 cet6 family:heated family:heats family:heating,1009
heater,'hi:tә,n.,"n. 加热器, 灯丝, 加热工\n[化] 加热器",,,cet6-all source:ecdict cet6 family:heaters,8719
heating,'hi:tiŋ,n.,"n. 加热, 供热, 暖气设备, 供暖系统, 暖气装置\na. 加热的, 供暖的",,,cet6-all source:ecdict cet4 cet6 family:heat family:i family:heating,6037
heave,hi:v,n.,"n. 举, 抛, 起伏, 鼓起\nvt. 用力举起, 使举起, 使鼓起\nvi. 抛出, 起伏, 喘息, 凸起",,,cet6-all source:ecdict cet6 cet6-core family:heaved family:heaving family:heaves,9170
heaven,'hevn,n.,"n. 天堂, 上帝, 天空",,,cet6-all source:ecdict cet4 cet6 family:heavens,2626
heavily,'hevili,adv.,"adv. 很重地, 严重地, 难以忍受地",,,cet6-all source:ecdict cet4 cet6,2363
hedge,hedʒ,n.,"n. 树篱, 障碍, 套头交易\nvt. 用树篱围, 套期保值, 妨碍, 两面下注以防...的损失\nvi. 筑树篱, 躲闪, 两面下注以防损失\na. 树篱的, 偷偷摸摸的",,,cet6-all source:ecdict cet4 cet6 family:hedges family:hedging family:hedged,6032
heel,hi:l,n.,"n. 脚后跟, 踵, 后部, 倾侧\nvt. 尾随, 装以鞋跟, 倾侧, 追赶\nvi. 紧随, 用脚后跟传球",,,cet6-all source:ecdict cet4 cet6 cet6-core family:heels family:heeled family:heeling,3056
height,hait,n.,"n. 高度, 海拔, 高地, 顶点\n[化] 高度",,,cet6-all source:ecdict cet4 cet6 family:heights,2040
heighten,'haitn,vt.,"vt. 增高, 提高, 加强\nvi. 升高, 变大",,,cet6-all source:ecdict cet6 cet6-core family:heightened family:heightening family:heightens,7990
heir,єә,n.,"n. 继承人, 嗣子, 后嗣\n[法] 继承人, 后嗣",,,cet6-all source:ecdict cet4 cet6 cet6-core family:heirs,6177
helicopter,'helikɒptә,n.,n. 直升机\nvt. 由直升机运送\nvi. 乘直升机,,,cet6-all source:ecdict cet4 cet6 family:helicopters family:helicoptered family:helicoptering,3100
hell,hel,n.,"n. 地狱, 邪恶势力, 苦境, 阴间, 毁坏, 训斥\nvi. 狂饮, 飞驰",,,cet6-all source:ecdict cet4 cet6 family:hells,1456
helmet,'helmit,n.,"n. 钢盔, 盔, 防护帽\nvt. 给...戴头盔",,,cet6-all source:ecdict cet4 cet6 family:helmets,4303
helpful,'helpful,adj.,"a. 有帮助的, 有益的, 有用的",,,cet6-all source:ecdict cet4 cet6,3054
helpless,'helplis,adj.,"a. 无助的, 无能为力的, 无依无靠的",,,cet6-all source:ecdict cet4 cet6,6550
hemisphere,'hemisfiә,n.,"n. 半球, 地球的半面, 大脑半球\n[医] 半球",,,cet6-all source:ecdict cet6 cet6-core family:hemispheres,8591
hence,hens,adv.,"adv. 因此, 从此",,,cet6-all source:ecdict cet4 cet6,3639
henceforth,hens'fɒ:θ,adv.,"adv. 自此以后, 今后",,,cet6-all source:ecdict cet6 cet6-core,17401
herald,'herәld,n.,"n. 使者, 传令官, 先驱\nvt. 预报, 宣布, 传达, 欢呼",,,cet6-all source:ecdict cet6 family:heralded family:heralds family:heralding,12546
herb,hә:b,n.,"n. 药草, 香草\n[医] 草, 草本, 草药",,,cet6-all source:ecdict cet6 cet6-core family:herbs,3573
herd,hә:d,n.,"n. 兽群, 人群, 牧人\nvt. 群集, 使成群, 放牧\nvi. 聚在一起",,,cet6-all source:ecdict cet4 cet6 family:herds family:herded family:herding,5174
heritage,'heritidʒ,n.,"n. 遗产, 祖先遗留物, 继承物\n[医] 遗传性",,,cet6-all source:ecdict cet6 cet6-core family:heritages,3175
hero,'hiәrәu,n.,"n. 英雄, 超越常人者, 男主角",,,cet6-all source:ecdict cet4 cet6 family:heroes,1912
heroic,hi'rәuik,adj.,"a. 英勇的, 英雄式的, 壮丽雄伟的\nn. 英雄诗, 史诗, 英勇行为",,,cet6-all source:ecdict cet4 cet6 family:heroics,6176
heroine,'herәuin,n.,"n. 巾帼英雄, 烈妇, 女主角\n[化] 海洛因; 二醋吗啡; 二乙酰吗啡",,,cet6-all source:ecdict cet4 cet6 family:heroines,8342
hesitate,'heziteit,vi.,"vi. 犹豫, 迟疑, 踌躇, 支吾, 停顿",,,cet6-all source:ecdict cet4 cet6 cet6-core family:hesitated family:hesitating family:hesitates,3924
hide,haid,n.,"n. 兽皮, 迹象, 躲藏处\nvt. 藏, 隐瞒, 遮避, 剥...的皮, 隐藏\nvi. 躲藏\n[计] 隐藏",,,cet6-all source:ecdict cet4 cet6 family:hidden family:hiding family:hid family:hides,1255
hierarchy,'haiәrɑ:ki,n.,"n. 等级制度, 僧侣统治, 等级体系\n[计] 分级结构; 分层结构; 新闻组, 新闻组分层",,,cet6-all source:ecdict cet6 cet6-core family:hierarchies,5206
highlight,'hailait,n.,"n. 加亮区, 精彩场面\nvt. 加亮, 使显著, 以强光照射, 突出\n[计] 突出",,,cet6-all source:ecdict cet4 cet6 cet6-core family:highlighted family:highlights family:highlighting,3369
highly,'haili,adv.,"adv. 非常, 非常赞许地\n[电] 大大地",,,cet6-all source:ecdict cet4 cet6,1320
highway,'haiwei,n.,"n. 公路, 大道, 捷径\n[法] 公路, 大路",,,cet6-all source:ecdict cet4 cet6 family:highways,2583
hike,haik,n.,"n. 徒步旅行, 远足, 涨价, 提高\nvi. 步行, 徒步旅行, 上升\nvt. 使高涨, 拉起",,,cet6-all source:ecdict cet6 cet6-core family:hikes family:hiking family:hiked,4456
hillside,'hilsaid,n.,"n. 山坡, 山腹",,,cet6-all source:ecdict cet4 cet6 family:hillsides,6756
hinder,'hindә,adj.,"a. 后面的\nv. 阻碍, 打扰",,,cet6-all source:ecdict cet6 cet6-core family:hindered family:hindering family:hinders,8229
hindrance,'hindrәns,n.,"n. 妨害, 障碍, 阻碍物",,,cet6-all source:ecdict cet6 family:hindrances,18548
hinge,hindʒ,n.,"n. 铰链, 关键, 枢纽\nvt. 装铰链\nvi. 靠铰链移动, 依...而转移",,,cet6-all source:ecdict cet6 cet6-core family:hinges family:hinged family:hingeing,8810
hint,hint,n.,"n. 暗示, 提示\nv. 暗示, 示意",,,cet6-all source:ecdict cet4 cet6 family:hints family:hinted family:hinting,3909
hip,hip,n.,"n. 臀部, 蔷薇果, 忧郁\na. 熟悉内情的\nvt. 使忧郁, 给(屋顶)造屋脊\ninterj. 喝彩声",,,cet6-all source:ecdict cet6 family:hips family:hippest family:hipper,2603
hire,haiә,n.,"n. 租金, 租用, 雇用\nvt. 雇请, 出租\nvi. 受雇",,,cet6-all source:ecdict cet4 cet6 family:hired family:hiring family:hires,1491
hiss,his,n.,"n. 嘘声, 嘶嘶声\nvi. 发出嘘声, 发嘶嘶声\nvt. 发嘶嘶声表示",,,cet6-all source:ecdict cet6 family:hissed family:hissing family:hisses,7778
historian,hi'stɒ:riәn,n.,"n. 历史学家, 记事者",,,cet6-all source:ecdict cet6 cet6-core family:historians,2542
historic,hi'stɒrik,adj.,"a. 历史上著名的, 有历史性的",,,cet6-all source:ecdict cet6,2492
historical,hi'stɒrikәl,adj.,"a. 历史的, 史实的, 历史上的\n[法] 历史性的",,,cet6-all source:ecdict cet4 cet6,1472
history,'histәri,n.,"n. 历史, 过去, 经历, 发展过程, 历史学, 过去的事, 历史记录\n[计] 历史记录",,,cet6-all source:ecdict cet4 cet6 family:histories,350
hit,hit,n.,"n. 打击, 打, 冲撞, 讽刺\nvt. 打, 打击, 碰撞, 打中, 袭击, 偶然碰上\nvi. 打, 打中, 打击, 碰撞, 偶然碰上\n[计] 击中; 找到; 瞬时打扰",,,cet6-all source:ecdict cet4 cet6 family:hit family:pd family:hitting family:hits,535
hitherto,.hiðә'tu:,adv.,"adv. 迄今, 至今",,,cet6-all source:ecdict cet6 cet6-core,16041
hoarse,hɒ:s,adj.,"a. 沙哑的, 嘶哑的\n[医] 声嘶的",,,cet6-all source:ecdict cet6 family:hoarser,14101
hoe,hәu,n.,"n. 锄头\nv. 用锄耕地, 锄",,,cet6-all source:ecdict cet6 family:hoeing family:hoes family:hoed,15567
hoist,hɒist,n.,"n. 升高, 起重机, 推动\nv. 升起, 升高, 举起",,,cet6-all source:ecdict cet6 cet6-core family:hoisted family:hoisting family:hoists family:hoist family:d,9437
hole,hәul,n.,"n. 孔, 洞, 穴, 漏洞\nvt. 挖洞, 掘坑\nvi. 进洞, 凿洞",,,cet6-all source:ecdict cet4 cet6 family:holes family:holed family:holing,1213
hollow,'hɒlәu,n.,"n. 洞, 窟窿, 山谷\na. 空的, 虚伪的, 空腹的, 凹的\nvi. 形成空洞\nvt. 挖空",,,cet6-all source:ecdict cet4 cet6 family:hollows family:hollowed family:hollowing,7413
holy,'hәuli,adj.,"a. 神圣的, 圣洁的, 至善的\nn. 神圣的东西",,,cet6-all source:ecdict cet4 cet6 family:holiest family:holier family:holies,2375
homely,'hәumli,adj.,"a. 家常的, 平凡的, 朴实无华的",,,cet6-all source:ecdict cet6 family:homelier,17381
homogeneous,.hәumә'dʒi:niәs,adj.,"a. 同种的, 同质的, 齐性的\n[医] 同种的, 纯一的, 同质的, 均匀的",,,cet6-all source:ecdict cet6 cet6-core,11195
honesty,'ɒnisti,n.,"n. 诚实, 公正, 正直",,,cet6-all source:ecdict cet4 cet6,6192
honeymoon,'hʌnimu:n,n.,"n. 蜜月, 蜜月假期\nvi. 渡蜜月",,,cet6-all source:ecdict cet4 cet6 family:honeymoons family:honeymooning family:honeymooned,8111
honour,'ɒnә,n.,"n. 荣誉, 头衔, 信用, 尊敬, 名誉, 阁下, 勋章\nvt. 尊敬, 授予荣誉, 承兑, 实践",,,cet6-all source:ecdict cet4 cet6 family:honours family:honoured family:honouring,32290
honourable,'ɒnәrәbl,adj.,"a. 值得尊敬的, 荣耀的, 高贵的\n[法] 荣誉的, 正直的, 体面的",,,cet6-all source:ecdict cet4 cet6 family:honourables,33544
hook,huk,n.,"n. 钩, 钩状, 镰刀, 陷阱\nvt. 挂...于钩上, 钩住, 引上钩, 偷窃\nvi. 弯成钩状, 钩紧\n[计] 钩",,,cet6-all source:ecdict cet4 cet6 family:hooks family:hooked family:hooking,3791
hop,hɒp,n.,"n. 单脚跳, 跳跃, 舞会, 飞行\nvi. 单脚跳, 跳跃\nvt. 跃过, 跳上, 加蛇麻子于, 服麻醉药\n[计] 跳跃式传输",,,cet6-all source:ecdict cet6 cet6-core family:hops family:hopping family:hopped,5647
hopeful,'hәupful,n.,"n. 有希望之人, 有前途之人\na. 有希望的, 怀抱希望的, 保持乐观的",,,cet6-all source:ecdict cet4 cet6 family:hopefuls,5116
hopeless,'hәuplis,adj.,"a. 无希望的, 绝望的, 不可救药的",,,cet6-all source:ecdict cet4 cet6,7926
horizon,hә'raizәn,n.,"n. 地平线, 眼界, (天)视地平",,,cet6-all source:ecdict cet4 cet6 family:horizons,3113
horizontal,.hɒri'zɒntәl,n.,"n. 水平线, 水平面, 水平位置\na. 水平线的, 平坦的, 横的\nn. 水平\n[计] 水平",,,cet6-all source:ecdict cet4 cet6 family:horizontals,6000
horn,hɒ:n,n.,"n. 角, 角质, 喇叭, 号角\na. 角制的\nvt. 用角触, 长角于",,,cet6-all source:ecdict cet4 cet6 family:horns family:horned family:horning,3653
horrible,'hɒrәbl,adj.,"a. 可怕的, 遭透的, 极讨厌的",,,cet6-all source:ecdict cet4 cet6,3750
horror,'hɒrә,n.,"n. 惊骇, 恐怖, 惨状\n[医] 恐怖, 恐惧",,,cet6-all source:ecdict cet4 cet6 family:horrors,3318
horsepower,'hɒ:spauә,n.,n. 马力\n[电] 马力,,,cet6-all source:ecdict cet4 cet6,12375
hose,hәuz,n.,"n. 水管, 橡皮软管, 长统袜\nvt. 用水管浇",,,cet6-all source:ecdict cet6 cet6-core family:hoses family:hosing family:hosed,6226
hospitality,.hɒspi'tæliti,n.,"n. 款待, 亲切, 殷勤",,,cet6-all source:ecdict cet6 cet6-core family:hospitalities,8356
host,hәust,n.,"n. 主人, 旅馆老板, 节目主持人\nvt. 当主人招待, 作...节目主持人\n[计] 主机, 宿主机",,,cet6-all source:ecdict cet4 cet6 family:hosts family:hosted family:hosting,1840
hostage,'hɒstidʒ,n.,"n. 人质, 抵押品\n[经] 人质, 抵押品",,,cet6-all source:ecdict cet6 cet6-core family:hostages,3972
hostess,'hәustis,n.,"n. 女主人, 女房东, 女老板",,,cet6-all source:ecdict cet4 cet6 family:hostesses family:hostessing family:hostessed,10323
hostile,'hɒstail,adj.,"a. 敌人的, 怀敌意的, 敌对的\nn. 敌对分子",,,cet6-all source:ecdict cet4 cet6 cet6-core family:hostiles,4163
hound,haund,n.,"n. 猎犬\nvt. 带猎犬狩猎, 追捕, 激励, 使追逐",,,cet6-all source:ecdict cet6 cet6-core family:hounds family:hounded family:hounding,9177
household,'haushәuld,n.,"n. 一家人, 家庭, 家族, 王室\na. 家庭的, 家常的, 王室的",,,cet6-all source:ecdict cet4 cet6 cet6-core family:households,1967
housewife,'hauswaif,n.,"n. 主妇, 家庭妇女",,,cet6-all source:ecdict cet4 cet6 family:housewives,8592
hover,'hʌvә,vi.,"vi. 盘旋, 翱翔, 徘徊\nvt. 孵\nn. 翱翔",,,cet6-all source:ecdict cet6 cet6-core family:hovering family:hovered family:hovers,5041
howl,haul,n.,"n. 嗥叫, 吠声, 号叫\nvi. 狂吠, 咆哮, 呼啸\nvt. 对...吼叫, 狂喊着说",,,cet6-all source:ecdict cet6 cet6-core family:howled family:howls family:howling,8380
huddle,'hʌdl,n.,"n. 杂乱一团, 混乱, 拥挤\nvt. 把...挤在一起, 乱堆, 草率了事, 蜷曲\nvi. 挤作一团, 蜷缩",,,cet6-all source:ecdict cet6 cet6-core family:huddled family:huddling family:huddles,7190
hug,hʌg,n.,"n. 紧抱, 拥抱\nvt. 紧抱, 坚持, 使沾沾自喜",,,cet6-all source:ecdict cet6 cet6-core family:hugged family:hugging family:hugs,3858
hull,hʌl,n.,"n. 壳, 皮, 船体\nvt. 去壳",,,cet6-all source:ecdict cet6 family:hulls family:hulled family:hulling,6683
hum,hʌm,n.,"n. 嗡嗡声, 哼声, 杂声\nvi. 发低哼声\nvt. 哼, 用哼声表示\ninterj. 哼, 嗯",,,cet6-all source:ecdict cet6 cet6-core family:humming family:hummed family:hums,6823
humanitarian,hju:.mæni'tєәriәn,n.,"n. 人道主义者, 博爱者, 基督凡人论者\na. 人道主义的, 博爱的, 凡人论的",,,cet6-all source:ecdict cet6 family:humanitarians,5270
humanity,hju:'mæniti,n.,"n. 人性, 人类, 博爱",,,cet6-all source:ecdict cet6 cet6-core,3501
humble,'hʌmbl,adj.,"a. 低下的, 谦逊的, 粗陋的\nvt. 使...卑下, 降低...地位, 贬抑",,,cet6-all source:ecdict cet4 cet6 cet6-core family:humbled family:humbles family:humbling,5970
humid,'hju:mid,adj.,"a. 潮湿的, 湿润的, 多湿气的",,,cet6-all source:ecdict cet4 cet6,10699
humidity,hju:'miditi,n.,"n. 湿气, 潮湿, 湿度\n[计] 湿度",,,cet6-all source:ecdict cet6 cet6-core family:humidities,8375
humiliation,hju:.mili'eiʃәn,n.,"n. 耻辱, 丢脸, 谦卑",,,cet6-all source:ecdict cet6 family:humiliations,7690
humorous,'hju:mәrәs,adj.,"a. 富幽默感的, 滑稽的, 诙谐的",,,cet6-all source:ecdict cet4 cet6,9877
humour,'hju:mә,n.,"n. 幽默, 诙谐, 情绪, 体液\nvt. 使满足, 迁就",,,cet6-all source:ecdict cet4 cet6 family:humours family:humouring family:humoured,
hunger,'hʌŋgә,n.,"n. 饥饿, 渴望, 饥荒\nvt. 使挨饿\nvi. 挨饿, 渴望",,,cet6-all source:ecdict cet4 cet6 family:hungers family:hungered family:hungering,4584
hunt,hʌnt,n.,"n. 狩猎, 追捕, 搜寻, 猎区\nvt. 狩猎, 打猎, 搜索\nvi. 打猎, 猎食, 搜寻",,,cet6-all source:ecdict cet4 cet6 family:hunting family:hunted family:hunts,3420
hurl,hә:l,n.,"n. 用力的投掷\nvt. 用力投掷, 发射, 愤慨地说出, 丢下\nvi. 猛投, 猛掷",,,cet6-all source:ecdict cet6 cet6-core family:hurled family:hurling family:hurls,7332
hurrah,hu'rɑ:,n.,"n. 欢呼声, 骚动, 欢乐\nv. 欢呼, 呼万岁, 以欢呼迎接\ninterj. 万岁",,,cet6-all source:ecdict cet6 family:hurrahs family:hurrahing family:hurrahed,27116
hurricane,'hә:rikәn,n.,"n. 飓风, 暴风, 暴风雨",,,cet6-all source:ecdict cet6 cet6-core family:hurricanes,4512
hurt,hә:t,n.,"n. 伤害, 创伤, 损害\nv. 伤害, (使)伤心, 危害, 刺痛",,,cet6-all source:ecdict cet4 cet6 family:hurt family:dp family:hurting family:hurts,1140
hush,hʌʃ,n.,"n. 肃静, 安静, 沉默\nvt. (使)肃静, (使)安静, (使)缄默\ninterj. 嘘, 别作声",,,cet6-all source:ecdict cet6 family:hushed family:hushing family:hushes,13814
hut,hʌt,n.,"n. 小屋, 茅舍, 临时军营\nv. (使)住在茅舍",,,cet6-all source:ecdict cet4 cet6 family:huts,5321
hydraulic,hai'drɒ:lik,adj.,"a. 与水有关的, 水力的, 水压的\n[电] 水力的",,,cet6-all source:ecdict cet6,10564
hydrocarbon,.haidrәu'kɑ:bәn,n.,n. 碳氢化合物\n[化] 烃; 碳氢化合物,,,cet6-all source:ecdict cet6 family:hydrocarbons,13630
hydrogen,'haidrәdʒәn,n.,n. 氢\n[化] 氢H-2,,,cet6-all source:ecdict cet4 cet6 family:hydrogens,5103
hymn,him,n.,"n. 赞美诗, 圣歌\nv. 唱赞美歌",,,cet6-all source:ecdict cet6 family:hymns family:hymned family:hymning,9164
hypotheses,,n.,"pl. 假说, 前提, 假设, 假定",,,cet6-all source:ecdict cet6 family:hypothesis family:s,
hypothesis,hai'pɒθәsis,n.,n. 假设\n[化] 假设,,,cet6-all source:ecdict cet6 cet6-core family:hypotheses,3377
hysteria,his'tiәriә,n.,"n. 歇斯底里症, 不正常的兴奋, 癔病\n[医] 癔病, 歇斯底里",,,cet6-all source:ecdict cet6 family:hysterias,10247
hysterical,his'terikәl,adj.,"a. 歇斯底里的, 异常兴奋的\n[医] 癔病的, 歇斯底里的",,,cet6-all source:ecdict cet6 cet6-core,9244
i.e.,'ai'i:,adv.,adv. 也就是,,,cet6-all source:ecdict cet4 cet6,
icy,'aisi,adj.,"a. 冰的, 冰冷的, 冷淡的, 滑溜的",,,cet6-all source:ecdict cet6 family:icier,6454
ideal,ai'diәl,n.,"n. 理想, 典范, 观念, 思想, 最后目标\na. 理想的, 完美的, 空想的, 观念的, 唯心论的",,,cet6-all source:ecdict cet4 cet6 cet6-core family:ideals,2815
idealism,ai'diәlizm,n.,"n. 唯心主义, 观念论, 唯心论, 理想主义",,,cet6-all source:ecdict cet6 family:idealisms,11045
ideally,ai'diәli,adv.,"adv. 完美地, 理想地",,,cet6-all source:ecdict cet6,7858
identical,ai'dentikәl,adj.,"a. 同一的, 恒等的, 完全相同的\n[医] 同一的, 同等的",,,cet6-all source:ecdict cet4 cet6 cet6-core,3822
identification,ai.dentifi'keiʃәn,n.,"n. 识别, 身份证明, 认同\n[化] 鉴定; 鉴别; 鉴别法; 认证",,,cet6-all source:ecdict cet4 cet6 cet6-core family:identifications,3289
identify,ai'dentifai,vt.,"vt. 识别, 认为...等同于, 确定, 使参与\nvi. 一致, 认同",,,cet6-all source:ecdict cet4 cet6 cet6-core family:identified family:identifying family:identifies,770
ideology,.aidi'ɒlәdʒi,n.,"n. 思想体系, 意识形态, 观念学, 空论\n[医] 观念学, 观念形态",,,cet6-all source:ecdict cet6 cet6-core family:ideologies,3644
idiom,'idiәm,n.,"n. 习语, 成语, 惯用语法, 方言",,,cet6-all source:ecdict cet4 cet6 cet6-core family:idioms,12698
idiot,'idiәt,n.,"n. 白痴, 极蠢之人\n[医] 白痴者, 痴子",,,cet6-all source:ecdict cet6 cet6-core family:idiots,5944
idle,'aidl,adj.,"a. 懒惰的, 闲散的, 停顿的, 空闲的, 无用的\nvi. 无所事事, 闲散, 浪费, 空转\nvt. 虚度, 使闲散, 使空转\nn. 空转, 空闲时间\n[计] 空闲时间",,,cet6-all source:ecdict cet4 cet6 family:idling family:idled family:idles,8146
idleness,'aidlnis,n.,"n. 懒惰, 闲散, 失业\n[化] 空载",,,cet6-all source:ecdict cet6,23589
ignite,ig'nait,vt.,"vt. 点燃, 使灼热, 使兴奋",,,cet6-all source:ecdict cet6 cet6-core family:ignited family:igniting family:ignites,7393
ignorance,'ignәrәns,n.,"n. 无知, 愚味\n[法] 无知, 不知情, 愚昧",,,cet6-all source:ecdict cet6,5789
ignorant,'ignәrәnt,adj.,"a. 无知识的, 不知道的, 由无知产生的\n[法] 无知的, 愚昧的, 不知情的",,,cet6-all source:ecdict cet4 cet6 family:ignorants,7357
ignore,ig'nɒ:,vt.,"vt. 不理睬, 忽视, 驳回, 忽略\n[计] 忽略",,,cet6-all source:ecdict cet4 cet6 cet6-core family:ignored family:ignoring family:ignores,1375
illegal,i'li:gәl,adj.,"a. 违法的, 不合规定的\n[经] 非法的, 犯规的",,,cet6-all source:ecdict cet4 cet6 cet6-core family:illegals,2071
illiterate,i'litәrәt,n.,"n. 文盲\na. 目不识丁的, 没受教育的",,,cet6-all source:ecdict cet6 family:illiterates,12243
illuminate,i'lju:mineit,vt.,"vt. 照明, 用灯装饰, 阐明, 说明, 使灿烂\nvi. 照亮, 用灯装饰",,,cet6-all source:ecdict cet6 cet6-core family:illuminated family:illuminates family:illuminating,5388
illusion,i'lju:ʒәn,n.,"n. 幻影, 错觉, 幻想\n[医] 错觉",,,cet6-all source:ecdict cet4 cet6 cet6-core family:illusions,4317
illustrate,'ilәstreit,vt.,"vt. 举例说明, 作图解, 阐明\nvi. 举例说明",,,cet6-all source:ecdict cet4 cet6 cet6-core family:illustrated family:illustrates family:illustrating,2348
illustration,.ilә'streiʃәn,n.,"n. 例证, 插图\n[化] 插图",,,cet6-all source:ecdict cet4 cet6 family:illustrations,4475
image,'imidʒ,n.,"n. 影像, 肖像, 想象, 图像, 形象, 翻版\nvt. 作...的像, 反映, 想象, 象征\nn. 图像\n[计] 图象",,,cet6-all source:ecdict cet4 cet6 family:images family:imaging family:imaged,555
imaginary,i'mædʒinәri,adj.,"a. 想像的, 虚构的, 假想的",,,cet6-all source:ecdict cet4 cet6 cet6-core,6513
imagination,i.mædʒi'neiʃәn,n.,"n. 想像, 听觉, 想像力\n[医] 想像",,,cet6-all source:ecdict cet4 cet6 family:imaginations,2892
imaginative,i'mædʒinәtiv,adj.,"a. 想像的, 虚构的",,,cet6-all source:ecdict cet6 cet6-core,7925
imagine,i'mædʒin,vt.,"vt. 想像, 设想, 猜测\nvi. 想像起来",,,cet6-all source:ecdict cet4 cet6 family:imagined family:imagining family:imagines,909
imitate,'imiteit,vt.,"vt. 模仿, 效法, 冒充, 仿造",,,cet6-all source:ecdict cet4 cet6 cet6-core family:imitating family:imitated family:imitates,6150
imitation,.imi'teiʃәn,n.,"n. 模仿, 效法, 冒充, 赝品\n[医] 模仿, 仿制, 仿制品",,,cet6-all source:ecdict cet6 cet6-core family:imitations,7375
immediate,i'mi:diәt,adj.,"a. 立即的, 直接的, 接近的\n[医] 直接的, 立即的",,,cet6-all source:ecdict cet4 cet6,2180
immediately,i'mi:diәtli,adv.,"adv. 直接地, 立刻, 立即",,,cet6-all source:ecdict cet4 cet6,1142
immense,i'mens,adj.,"a. 极广大的, 无边的, 非常好的",,,cet6-all source:ecdict cet4 cet6,5645
immerse,i'mә:s,vt.,"vt. 沉浸, 使陷入\n[医] 浸[入]",,,cet6-all source:ecdict cet6 cet6-core family:immersed family:immersing family:immerses,8097
immigrant,'imigrәnt,n.,"n. 移民\na. 移入的, 移民的",,,cet6-all source:ecdict cet4 cet6 cet6-core family:immigrants,2069
immigrate,'imigreit,vt.,vt. 使移居入境\nvi. 移入,,,cet6-all source:ecdict cet4 cet6 family:immigrated family:immigrating family:immigrates,13831
immigration,.imi'greiʃәn,n.,"n. 移民, 移居\n[医] 移民",,,cet6-all source:ecdict cet6,2431
immortal,i'mɒ:tәl,n.,"n. 不朽人物, 神仙\na. 永远的, 不死的, 长久的",,,cet6-all source:ecdict cet6 family:immortals,11365
immune,i'mju:n,adj.,"a. 免疫的, 免除的, 不受影响的\nn. 免疫者",,,cet6-all source:ecdict cet6 cet6-core,4200
immunity,i'mju:niti,n.,"n. 免疫, 免疫性, 免除\n[化] 免疫性",,,cet6-all source:ecdict cet6 family:immunities,6941
impact,'impækt,n.,"n. 冲击, 冲突, 影响, 效果\nvt. 挤入, 撞击, 压紧, 对...发生影响",,,cet6-all source:ecdict cet4 cet6 cet6-core family:impacts family:impacted family:impacting,919
impair,im'pєә,vt.,"vt. 损害, 减少, 削弱\n[法] 损害, 伤害, 减少",,,cet6-all source:ecdict cet6 cet6-core family:impaired family:impairs family:impairing,7440
impart,im'pɑ:t,vt.,"vt. 给予, 传授, 告知",,,cet6-all source:ecdict cet6 cet6-core family:imparted family:imparts family:imparting,9673
impartial,im'pɑ:ʃәl,adj.,"a. 公平的, 不偏不倚的\n[法] 公正无私的, 不偏袒的, 公平的",,,cet6-all source:ecdict cet6,12318
impatient,im'peiʃәnt,adj.,"a. 不耐烦的, 着急的, 急切的",,,cet6-all source:ecdict cet4 cet6 cet6-core,7451
imperative,im'perәtiv,n.,"n. 命令, 必要的事, 规则, 祈使语气\na. 命令式的, 急需的, 势在必行的, 强制的",,,cet6-all source:ecdict cet6 cet6-core family:imperatives,8360
imperial,im'piәriәl,adj.,"a. 帝王的, 宗主国的, 至尊的, 壮丽的\nn. 特等品",,,cet6-all source:ecdict cet6 cet6-core,5035
impetus,'impitәs,n.,"n. 动力, 推动力, 动量\n[医] 冲动, 动能, 起始(病)",,,cet6-all source:ecdict cet6 cet6-core,9359
implement,'implimәnt,n.,"n. 工具, 器具, 手段\nvt. 实现, 使生效, 执行",,,cet6-all source:ecdict cet4 cet6 cet6-core family:implemented family:implementing family:implements,2285
implication,.impli'keiʃәn,n.,"n. 牵连, 含义, 暗示\n[法] 推断, 含蓄之意, 暗示",,,cet6-all source:ecdict cet4 cet6 cet6-core family:implications,2434
implicit,im'plisit,adj.,"a. 暗示的, 含蓄的, 固有的, 绝对的\n[经] 不讲明的, 含蓄的",,,cet6-all source:ecdict cet6 cet6-core,6734
implore,im'plɒ:,vt.,"vt. 恳求, 哀求",,,cet6-all source:ecdict cet6 family:implored family:imploring family:implores,13717
imply,im'plai,vt.,"vt. 暗示, 意味\n[计] 隐含",,,cet6-all source:ecdict cet4 cet6 cet6-core family:implies family:implied family:implying,2796
import,im'pɒ:t,n.,"n. 进口货, 进口, 输入, 含义, 重要性\nvt. 输入, 引入, 进口, 含...的意思, 重要\nvi. 有关系\n[计] 引入",,,cet6-all source:ecdict cet4 cet6 family:imports family:imported family:importing,4050
importance,im'pɒ:tәns,n.,"n. 重要, 重要性, 重要地位, 自大\n[机] 重要, 重要性",,,cet6-all source:ecdict cet4 cet6,1573
impose,im'pәuz,vt.,"vt. 征(税), 把...强加于, 以...欺骗\nvi. 利用, 欺骗, 施加影响",,,cet6-all source:ecdict cet4 cet6 cet6-core family:imposed family:imposes family:imposing,2334
impossible,im'pɒsәbl,adj.,"a. 不可能的, 难以置信的, 令人无法忍受的",,,cet6-all source:ecdict cet4 cet6,1606
impoverish,im'pɒvәriʃ,vt.,"vt. 使贫穷, 耗尽...的力气",,,cet6-all source:ecdict cet6 family:impoverishing family:impoverishes family:impoverished,26828
impress,im'pres,n.,"n. 印象, 特征, 印记\nvt. 使有印象, 印, 铭刻, 传送, 影响, 强征\nvi. 给人印象",,,cet6-all source:ecdict cet4 cet6 family:impressed family:impressing family:impresses,3055
impression,im'preʃәn,n.,"n. 印象, 意念, 盖印, 印记, 印数, 底色, 效果\n[医] 压迹, 印模, 印象, 影响",,,cet6-all source:ecdict cet4 cet6 family:impressions,2537
impressive,im'presiv,adj.,"a. 给人深刻印象的, 威严的",,,cet6-all source:ecdict cet4 cet6,3258
imprison,im'prizn,vt.,"vt. 使下狱, 关闭, 拘禁, 限制\n[法] 关押, 监禁, 限制",,,cet6-all source:ecdict cet4 cet6 family:imprisoned family:imprisoning family:imprisons,8465
improper,im'prɒpә,adj.,"a. 不合适的, 错误的, 不成体统的, 不道德的\n[法] 不适当的, 不合适的, 不正确的",,,cet6-all source:ecdict cet6,8245
improve,im'pru:v,vt.,"vt. 改良, 提高...的价值, 改善, 利用\nvi. 变得更好, 增加",,,cet6-all source:ecdict cet4 cet6 family:improved family:improving family:improves,995
improvement,im'pru:vmәnt,n.,"n. 进步, 改善, 利用\n[医] 改善, 好转, 进步",,,cet6-all source:ecdict cet4 cet6 family:improvements,1936
impulse,'impʌls,n.,"n. 冲动, 驱使, 刺激, 推动, 冲力, 建议, 脉冲\nvt. 推动",,,cet6-all source:ecdict cet6 cet6-core family:impulses,4695
impurity,im'pjuәriti,n.,"n. 杂质, 不洁, 不纯\n[化] 杂质",,,cet6-all source:ecdict cet6 family:impurities,17928
inaccessible,.inæk'sesәbl,adj.,"a. 难得到的, 难接近的, 难达成的",,,cet6-all source:ecdict cet6,12956
inaccurate,in'ækjurit,adj.,"a. 错误的, 不准确的\n[化] 不精确",,,cet6-all source:ecdict cet6,8689
inadequate,in'ædikwәt,adj.,"a. 不充分的, 不适当的\n[法] 不充分的, 不适当的",,,cet6-all source:ecdict cet6 family:inadequates,5006
inasmuch,.inәz'mʌtʃ,adv.,"adv. 因...之故, 在...范围内",,,cet6-all source:ecdict cet6,16991
inaugurate,i'nɒ:gjureit,vt.,"vt. 开始, 举行...就职典礼",,,cet6-all source:ecdict cet6 cet6-core family:inaugurated family:inaugurating family:inaugurates,11908
incandescent,.inkæn'desnt,adj.,"a. 白热的, 闪闪发光的, 辉耀的, 灿烂的\n[医] 白炽的, 白热的",,,cet6-all source:ecdict cet6 family:incandescents,16089
incapable,in'keipәbl,adj.,"a. 无能力的, 不能的\n[机] 不能行的, 耐不住的",,,cet6-all source:ecdict cet6,7779
incense,'inseins,n.,"n. 香, 香气, 奉承\nvi. 焚香\nvt. 用香焚, 使发怒",,,cet6-all source:ecdict cet6 family:incensed family:incenses family:incensing,11969
incentive,in'sentiv,n.,n. 动机\na. 激励的,,,cet6-all source:ecdict cet6 cet6-core family:incentives,2726
inch,intʃ,n.,"n. 英寸, 身高, 小岛\nvi. 慢慢前进, 慢慢移动\nvt. 使缓慢地移动",,,cet6-all source:ecdict cet4 cet6 family:inches family:inched family:inching,8178
incidence,'insidәns,n.,"n. 发生, 发生率, 影响, 负担者, 入射, 倾角\n[医] 入射, 发生率, 发生数",,,cet6-all source:ecdict cet6 cet6-core family:incidences,5847
incident,'insidәnt,n.,"n. 事件, 事变, 小事\na. 附带的, 易于发生的, 外来的, 入射的",,,cet6-all source:ecdict cet4 cet6 cet6-core family:incidents,1980
incidentally,.insi'dentәli,adv.,"adv. 伴随地, 偶然, 顺便",,,cet6-all source:ecdict cet6 cet6-core,8677
inclination,.inkli'neiʃәn,n.,"n. 倾向, 趋向, 倾斜度, 点头\n[化] 倾角",,,cet6-all source:ecdict cet6 family:inclinations,8270
incline,in'klain,n.,"n. 倾斜, 斜坡, 斜面\nvt. 使倾向于, 使倾斜\nvi. 倾向, 倾斜, 爱好, 易于",,,cet6-all source:ecdict cet4 cet6 cet6-core family:inclined family:inclining family:inclines,12701
include,in'klu:d,vt.,"vt. 包括, 把...算入, 包住\n[计] DOS内部命令:在CONFIG.SYS文件的一个配置块中包含另一配置块的内容",,,cet6-all source:ecdict cet4 cet6 family:includes family:included family:including,292
inclusive,in'klu:siv,adj.,"a. 包含的, 包括的",,,cet6-all source:ecdict cet6 cet6-core,8272
income,'inkʌm,n.,"n. 收入, 收益, 流入\n[经] 收益",,,cet6-all source:ecdict cet4 cet6 family:incomes,1138
incompatible,.inkәm'pætәbl,adj.,"a. 不相容的, 不能并存的, 矛盾的\n[化] 不协调",,,cet6-all source:ecdict cet6 family:incompatibles,10142
incomplete,.inkәm'pli:t,adj.,"a. 不完全的, 未完成的, 不完善的\n[机] 不完全的",,,cet6-all source:ecdict cet6,6938
incorporate,in'kɒ:pәreit,adj.,"a. 合并的, 组成公司的, 一体化的\nvt. 吸收, 合并, 使组成公司, 体现\nvi. 合并, 混合, 组成公司",,,cet6-all source:ecdict cet6 cet6-core family:incorporated family:incorporating family:incorporates,2600
incorrect,.inkә'rekt,adj.,"a. 不正确的\n[法] 不正确, 错误的, 不适当的",,,cet6-all source:ecdict cet4 cet6 family:incorrects,7280
increase,in'kri:s,n.,"n. 增加, 增进, 利益\nvt. 增加, 加大\nvi. 增加, 繁殖",,,cet6-all source:ecdict cet4 cet6 family:increased family:increasing family:increases,660
increasingly,in'kri:siŋli,adv.,"adv. 逐渐地, 渐增地",,,cet6-all source:ecdict cet4 cet6,1585
incredible,in'kredәbl,adj.,a. 难以置信的,,,cet6-all source:ecdict cet6 cet6-core,3026
incur,in'kә:,vt.,"vt. 招致, 蒙受, 遭遇\n[经] 招致, 蒙受, 担负",,,cet6-all source:ecdict cet6 cet6-core family:incurred family:incurring family:incurs,8042
indeed,in'di:d,adv.,"adv. 的确, 实在, 真正地, 甚至",,,cet6-all source:ecdict cet4 cet6,848
indefinite,in'definit,adj.,"a. 模糊的, 不确定的, 无限的\n[法] 不确定的, 无限制的",,,cet6-all source:ecdict cet4 cet6 cet6-core,13974
indefinitely,,adv.,adv. 无期限地,,,cet6-all source:ecdict cet6,8418
independence,.indi'pendәns,n.,"n. 独立, 自立, 自主\n[医] 自主性, 独立性",,,cet6-all source:ecdict cet4 cet6 cet6-core,2291
independent,.indi'pendәnt,n.,"n. 独立自主者, 无党派者\na. 独立的, 有主见的, 不须依赖的, 不受约束的",,,cet6-all source:ecdict cet4 cet6 family:independents,1265
index,'indeks,n.,"n. 索引, 指针, 指数, 指标\nvt. 编入索引中, 指出\nvi. 做索引\n[计] 下标; 附标; 变址; 索引; 编索引",,,cet6-all source:ecdict cet4 cet6 family:indices family:indexed family:indexing family:indexes,2621
india,'indjә,n.,n. 印度,,,cet6-all source:ecdict cet4 cet6,
indian,'indiәn,n.,"n. 印度人, 印第安人, 印第安语\na. 印度的, 印度群岛的, 印第安语的",,,cet6-all source:ecdict cet4 cet6 family:indians,1436
indicate,'indikeit,vt.,"vt. 显示, 象征, 指示, 指出\n[医] 指示",,,cet6-all source:ecdict cet4 cet6 family:indicates family:indicated family:indicating,785
indication,.indi'keiʃәn,n.,"n. 指示, 象征, 暗示\n[医] 指示, 指征, 适应征",,,cet6-all source:ecdict cet4 cet6 family:indications,3371
indicative,in'dikәtiv,adj.,"a. 指示的, 象征的, 表示...的\n[经] 指标的",,,cet6-all source:ecdict cet6 cet6-core,9866
indifferent,in'difәrәnt,adj.,"a. 漠不关心的, 无重要性的, 中立的\n[医] 中性的, 无作用的, 无亲和力的, 淡漠的",,,cet6-all source:ecdict cet4 cet6 cet6-core,8368
indignant,in'dignәnt,adj.,"a. 愤怒的, 愤慨的",,,cet6-all source:ecdict cet4 cet6 cet6-core,14792
indignation,.indig'neiʃәn,n.,"n. 愤怒, 愤慨, 义愤",,,cet6-all source:ecdict cet6 cet6-core,12282
indirect,.indi'rekt,adj.,"a. 间接的, 非直截了当的, 不坦率的\n[医] 间接的",,,cet6-all source:ecdict cet4 cet6,6433
indiscriminately,ˌɪndɪ'skrɪmɪnətlɪ,adv.,"adv. 无差别, 任意地; 不分青红皂白地; 滥; 不分皂白",,,cet6-all source:ecdict cet6,18203
indispensable,.indis'pensәbl,n.,"n. 不可缺少之物\na. 不可缺少的, 责无旁贷的, 绝对必要的",,,cet6-all source:ecdict cet4 cet6 cet6-core family:indispensables,8952
individual,.indi'vidʒuәl,n.,"n. 人, 个人, 个体\na. 个别的, 个人的, 独特的",,,cet6-all source:ecdict cet4 cet6 cet6-core family:individuals,762
indoor,'indɒ:,adj.,"a. 户内的, 室内的",,,cet6-all source:ecdict cet4 cet6,6107
indoors,'in'dɒ:z,adv.,adv. 在户内,,,cet6-all source:ecdict cet4 cet6,8145
induce,in'dju:s,vt.,"vt. 引诱, 招致, 归纳出, 感应\n[医] 诱导, 感应",,,cet6-all source:ecdict cet6 cet6-core family:induced family:induces family:inducing,5257
induction,in'dʌkʃәn,n.,"n. 归纳法, 感应, 就职, 入门\n[计] 归纳法",,,cet6-all source:ecdict cet6 family:inductions,10709
indulge,in'dʌldʒ,vt.,"vt. 纵情于, 使高兴, 放任, 迁就\nvi. 沉溺",,,cet6-all source:ecdict cet6 cet6-core family:indulging family:indulged family:indulges,6841
industrial,in'dʌstriәl,adj.,"a. 工业的, 供工业用的, 工业高度发展的, 产业的\nn. 工业工人, 工业股票",,,cet6-all source:ecdict cet4 cet6 cet6-core,1913
industrialize,in'dʌstriәlaiz,vt.,vt. 使工业化\nvi. 实现工业化,,,cet6-all source:ecdict cet4 cet6 family:industrializing family:industrialized family:industrializes,23391
industrious,in'dʌstriәs,adj.,"a. 勤勉的, 刻苦的",,,cet6-all source:ecdict cet6,18792
industry,'indәstri,n.,"n. 勤劳, 工业, 企业, 产业, 有组织的劳动\n[经] 工业, 实业",,,cet6-all source:ecdict cet4 cet6 family:industries,551
inefficient,.ini'fiʃәnt,adj.,"a. 无效率的, 无能的\n[医] 无效的, 无效力的",,,cet6-all source:ecdict cet4 cet6,9644
inertia,i'nә:ʃә,n.,"n. 惯性, 惰性, 迟钝\n[化] 惯性",,,cet6-all source:ecdict cet6 cet6-core family:inertias,12961
inevitable,in'evitәbl,adj.,"a. 不可避免的, 必然的\n[法] 不可避免的, 无法规避的, 必然的",,,cet6-all source:ecdict cet4 cet6 cet6-core,3561
inevitably,in'evitәbli,adv.,adv. 不可避免地,,,cet6-all source:ecdict cet6,4649
inexpensive,.inik'spensiv,adj.,"a. 便宜的, 不贵重的",,,cet6-all source:ecdict cet4 cet6,5823
infancy,'infәnsi,n.,"n. 幼年, 初期, 幼儿期\n[医] 婴儿期(一足岁以内)",,,cet6-all source:ecdict cet6,10935
infant,'infәnt,n.,"n. 婴儿, 儿童, 初学者\na. 婴儿的, 幼稚的",,,cet6-all source:ecdict cet4 cet6 cet6-core family:infants,3037
infect,in'fekt,vt.,"vt. 传染, 感染\n[医] 传染, 感染",,,cet6-all source:ecdict cet4 cet6 family:infected family:infects family:infecting,5200
infectious,in'fekʃәs,adj.,"a. 有传染性的, 易传染的\n[医] 传染性的",,,cet6-all source:ecdict cet6 cet6-core,7091
infer,in'fә:,vt.,"vt. 推论出, 推断\nvi. 作推论",,,cet6-all source:ecdict cet4 cet6 family:inferred family:inferring family:infers,9219
inference,'infәrәns,n.,"n. 推论\n[法] 推论, 推理, 推断",,,cet6-all source:ecdict cet6 family:inferences family:inferencing,9554
inferior,in'fiәriә,adj.,"a. 次等的, 较差的, 下方的, 下级的\nn. 部下, 次品, 下标(符号)",,,cet6-all source:ecdict cet4 cet6 cet6-core family:inferiors,7505
inferiority,in.fiәri'ɒriti,n.,"n. 自卑, 次等\n[医] 下位, 下级, 次级, 劣等",,,cet6-all source:ecdict cet6 family:inferiorities,15138
infinite,'infinit,n.,"n. 无限, 神\na. 无穷的, 无限的, 极大的",,,cet6-all source:ecdict cet4 cet6 cet6-core,6860
infinitely,'infinitli,adv.,"adv. 无限地, 无数地, 庞大地",,,cet6-all source:ecdict cet6,10970
infinity,in'finiti,n.,"n. 无限大, 无限\n[计] 无穷",,,cet6-all source:ecdict cet6 family:infinities,11224
inflate,in'fleit,vt.,"vt. 使膨胀, 使得意, 使通货膨胀, 使充气\nvi. 充气, 膨胀",,,cet6-all source:ecdict cet6 family:inflated family:inflating family:inflates,8865
inflation,in'fleiʃәn,n.,"n. 胀大, 夸张, 通货膨胀\n[化] 充气吹胀; 膨胀",,,cet6-all source:ecdict cet6 family:inflations,3197
inflict,in'flikt,vt.,"vt. 施以, 加害, 使承受\n[法] 处, 加, 予以",,,cet6-all source:ecdict cet6 cet6-core family:inflicted family:inflicting family:inflicts,6479
influence,'influәns,n.,"n. 影响力, 权力, 势力\nvt. 影响, 改变",,,cet6-all source:ecdict cet4 cet6 family:influenced family:influences family:influencing,1392
influential,.infu'enʃәl,adj.,"a. 有影响的, 有势力的",,,cet6-all source:ecdict cet4 cet6,4289
inform,in'fɒ:m,vt.,"vt. 通知, 使了解, 使充满\nvi. 提供资料, 告发",,,cet6-all source:ecdict cet4 cet6 family:informed family:informing family:informs,2177
infrastructure,'infrәstrʌktʃә,n.,"n. 基础结构, 基础设施\n[经] 基础设施",,,cet6-all source:ecdict cet6 family:infrastructures,3613
infusion,in'fju:ʒәn,n.,"n. 注入, 泡制, 注入物\n[化] 浸渍; 浸泡",,,cet6-all source:ecdict cet6 family:infusions,10082
ingenious,in'dʒi:njәs,adj.,"a. 灵敏的, 精巧的, 聪明的",,,cet6-all source:ecdict cet6 cet6-core,11520
ingenuity,.indʒi'nju:iti,n.,"n. 心灵手巧, 精巧, 精巧设计",,,cet6-all source:ecdict cet6 family:ingenuities,11595
ingredient,in'gri:diәnt,n.,"n. 成分, 因素\n[化] 配合剂; 拼料; 成分; 组分",,,cet6-all source:ecdict cet4 cet6 cet6-core family:ingredients,2590
inhabit,in'hæbit,vt.,"vt. 居住于, 占据, 栖息",,,cet6-all source:ecdict cet4 cet6 cet6-core family:inhabited family:inhabits family:inhabiting,6052
inhabitant,in'hæbitәnt,n.,"n. 居民, 居住者\n[医] 居民",,,cet6-all source:ecdict cet4 cet6 cet6-core family:inhabitants,5914
inherent,in'hiәrәnt,adj.,"a. 固有的, 与生俱来的\n[医] 固有的, 生来的",,,cet6-all source:ecdict cet6 cet6-core,4924
inherit,in'herit,vt.,"vt. 继承, 遗传\nvi. 接受遗产",,,cet6-all source:ecdict cet4 cet6 cet6-core family:inherited family:inheriting family:inherits,4471
inhibit,in'hibit,vt.,"vt. 禁止, 抑制\nvi. 起抑制作用",,,cet6-all source:ecdict cet6 cet6-core family:inhibited family:inhibits family:inhibiting,7404
initial,i'niʃәl,n.,"n. 字首, 首字母\na. 开始的, 最初的, 字首的\nvt. 用姓名的首字母签名",,,cet6-all source:ecdict cet4 cet6 cet6-core family:initials family:initialled family:initialling,1943
initially,i'niʃәli,adv.,"adv. 最初, 开头",,,cet6-all source:ecdict cet6,2715
initiate,i'niʃieit,n.,"n. 入会, 开始\na. 新加入的\nvt. 开始, 传授基本知识给",,,cet6-all source:ecdict cet6 cet6-core family:initiated family:initiating family:initiates,3524
initiative,i'niʃiәtiv,n.,"n. 主动行动, 首创精神, 主动权\na. 自发的, 起始的",,,cet6-all source:ecdict cet4 cet6 cet6-core family:initiatives,2138
inject,in'dʒekt,vt.,"vt. 注射, 注入, 使入轨\n[医] 注射",,,cet6-all source:ecdict cet6 cet6-core family:injected family:injecting family:injects,5597
injection,in'dʒekʃәn,n.,"n. 注射, 注射剂\n[化] 注入; 注射",,,cet6-all source:ecdict cet4 cet6 family:injections,5734
injure,'indʒә,vt.,"vt. 伤害, 损害, 使受冤屈\n[医] 损伤",,,cet6-all source:ecdict cet4 cet6 family:injured family:injuring family:injures,3721
injury,'indʒәri,n.,"n. 伤害, 侮辱\n[医] 伤, 损伤",,,cet6-all source:ecdict cet4 cet6 family:injuries,1553
ink,iŋk,n.,"n. 墨水, 墨汁\nvt. 涂墨水于, 签署, 加墨水",,,cet6-all source:ecdict cet4 cet6 family:inks family:inked family:inking,5193
inland,'inlәnd,adj.,"a. 内陆的, 国内的\nn. 内地",,,cet6-all source:ecdict cet6 cet6-core,11233
inlet,'inlet,n.,"n. 进口, 插入物\n[化] 入口; 进口; 投料口; 供料口",,,cet6-all source:ecdict cet6 cet6-core family:inlets,13676
inn,in,n.,"n. 旅馆, 客栈\nvi. 住旅馆",,,cet6-all source:ecdict cet4 cet6 family:inns,6591
innate,i'neit,adj.,"a. 先天的, 天生的\n[医] 先天的, 生来的",,,cet6-all source:ecdict cet6,10178
inner,'inә,adj.,"a. 内部的, 内心的\nn. 内部",,,cet6-all source:ecdict cet4 cet6,2449
innocent,'inәsәnt,adj.,"a. 无罪的, 不懂事的, 无知的\nn. 天真的人, 笨蛋",,,cet6-all source:ecdict cet4 cet6 family:innocents,2775
innovation,.inәu'veiʃәn,n.,"n. 改革, 创新\n[法] 创新, 改革, 刷新",,,cet6-all source:ecdict cet6 cet6-core family:innovations,3657
innumerable,i'nju:mәrәbl,adj.,"a. 无数的, 数不清的",,,cet6-all source:ecdict cet6 cet6-core,12952
inorganic,.inɒ:'gænik,adj.,"a. 无机的, 无生物的, 非自然形成的\n[医] 无机的",,,cet6-all source:ecdict cet6 family:inorganics,17501
input,'input,n.,"n. 输入, 输入电路\nvt. 输入\n[计] 输入",,,cet6-all source:ecdict cet4 cet6 cet6-core family:inputs family:input family:d family:inputting,4120
inquire,in'kwaiә,v.,"v. 询问, 问明, 查究",,,cet6-all source:ecdict cet4 cet6 family:inquired family:inquiring family:inquires,6687
inquiry,in'kwaiәri,n.,"n. 质询, 探索, 调查, 询盘\n[计] 询问; 查询",,,cet6-all source:ecdict cet4 cet6 family:inquiries,3367
insane,in'sein,adj.,"a. 患精神病的, 极愚蠢的\n[医] 神经错乱的",,,cet6-all source:ecdict cet6 cet6-core,6471
insanity,in'sæniti,n.,"n. 疯狂, 愚顽, 精神错乱\n[医] 精神病",,,cet6-all source:ecdict cet6 family:insanities,9821
insect,'insekt,n.,"n. 昆虫, 卑鄙的人\n[医] 昆虫",,,cet6-all source:ecdict cet4 cet6 cet6-core family:insects,3405
insert,in'sә:t,n.,"n. 插入物\nvt. 插入, 把(人造卫星)射入(轨道), 添写\nvi. 附着\n[计] 插入",,,cet6-all source:ecdict cet4 cet6 cet6-core family:inserted family:inserting family:inserts,4301
inside,'in'said,n.,"n. 内部, 内脏, 内幕\na. 内部的, 秘密的, 户内的\nadv. 在里面\nprep. 在...之内",,,cet6-all source:ecdict cet4 cet6 family:insides,964
insidious,in'sidiәs,adj.,"a. 隐伏的, 阴险的, 狡猾的\n[医] 隐袭的",,,cet6-all source:ecdict cet6,12333
insight,'insait,n.,"n. 察看, 洞察力, 见识\n[医] 自知力, 洞察, 顿悟",,,cet6-all source:ecdict cet4 cet6 cet6-core family:insights,2840
insignificant,.insig'nifikәnt,adj.,"a. 无关紧要的, 无意义的, 琐碎的",,,cet6-all source:ecdict cet4 cet6,8884
insist,in'sist,v.,"v. 坚持, 坚决主张, 强调",,,cet6-all source:ecdict cet4 cet6 cet6-core family:insisted family:insists family:insisting,1359
insistent,in'sistәnt,adj.,"a. 坚持的, 迫切的",,,cet6-all source:ecdict cet6,11246
inspect,in'spekt,vt.,"vt. 检查, 检阅, 检验\nvi. 检查",,,cet6-all source:ecdict cet4 cet6 family:inspected family:inspecting family:inspects,5031
inspection,in'spekʃәn,n.,"n. 检验, 检查, 视察\n[医] 检查, 视察, 监督, 望诊",,,cet6-all source:ecdict cet4 cet6 family:inspections,3588
inspector,in'spektә,n.,"n. 检查员, 巡视员\n[化] 检查员",,,cet6-all source:ecdict cet6 family:inspectors,3550
inspiration,.inspә'reiʃәn,n.,"n. 灵感, 鼓舞人心的人或物, 妙计, 吸气\n[医] 吸[气]",,,cet6-all source:ecdict cet6 cet6-core family:inspirations,4058
inspire,in'spaiә,vt.,"vt. 使感动, 激发, 启示, 吸入, 鼓舞, 产生, 使生灵感\nvi. 吸入, 赋予灵感",,,cet6-all source:ecdict cet4 cet6 cet6-core family:inspired family:inspires family:inspiring,2299
instability,.instә'biliti,n.,"n. 不安定, 不稳定\n[医] 不稳定性",,,cet6-all source:ecdict cet6 family:instabilities,6926
install,in'stɒ:l,vt.,"vt. 安装, 安置, 使就职\n[计] 安装, 安装程序; DOS内部命令:安装常驻程序",,,cet6-all source:ecdict cet4 cet6 cet6-core family:installed family:installing family:installs,2505
installation,.instә'leiʃәn,n.,"n. 安装, 装置, 就职\n[医] 结构, 装置, 设立",,,cet6-all source:ecdict cet4 cet6 family:installations,4436
installment,in'stɒ:lmәnt,n.,"n. 就职, 装设, 分期付款\n[经] 分期付款",,,cet6-all source:ecdict cet6 cet6-core family:installments,10234
instance,'instәns,n.,"n. 建议, 情况, 例子, 场合\nvt. 引以为例, 举例说明",,,cet6-all source:ecdict cet4 cet6 cet6-core family:instances family:instanced family:instancing,2957
instant,'instәnt,n.,"n. 立即, 瞬间\na. 紧急的, 立即的, 即时的",,,cet6-all source:ecdict cet4 cet6 family:instants,4453
instantaneous,.instәn'teinjәs,adj.,"a. 即时的, 瞬间的, 猝发的\n[机] 瞬时的",,,cet6-all source:ecdict cet6 cet6-core,14192
instantly,'instәntli,adv.,"adv. 立即地, 即刻地",,,cet6-all source:ecdict cet4 cet6,4170
instinct,'instiŋkt,n.,"n. 本能, 直觉\na. 充满着的",,,cet6-all source:ecdict cet4 cet6 cet6-core family:instincts,4239
instinctively,,adv.,"adv. 本能地, 直觉地",,,cet6-all source:ecdict cet6,9224
institute,'institju:t,n.,"n. 学会, 学院, 协会\nvt. 创立, 开始, 制定, 任命",,,cet6-all source:ecdict cet4 cet6 cet6-core family:institutes family:instituted family:instituting,7980
institution,.insti'tju:ʃәn,n.,"n. 机构, 惯例, 制度\n[医] 机关, 机构, 设施",,,cet6-all source:ecdict cet4 cet6 cet6-core family:institutions,987
instruct,in'strʌkt,vt.,"vt. 教, 教育, 命令, 通知\n[法] 托办, 指导, 指示",,,cet6-all source:ecdict cet4 cet6 cet6-core family:instructed family:instructing family:instructs,4243
instruction,in'strʌkʃәn,n.,"n. 指令, 教导, 命令\n[计] 指令",,,cet6-all source:ecdict cet4 cet6 family:instructions,1563
instructor,in'strʌktә,n.,"n. 教员, 讲师\n[法] 指导者, 教员, 讲师",,,cet6-all source:ecdict cet6 family:instructors,3211
instrument,'instrumәnt,n.,"n. 工具, 手段, 仪器\n[化] 仪器",,,cet6-all source:ecdict cet4 cet6 cet6-core family:instruments,1611
instrumental,.instru'mentәl,adj.,"a. 仪器的, 器具的, 可作为手段的\n[医] 器械的",,,cet6-all source:ecdict cet6 cet6-core family:instrumentals,5653
insufficient,.insә'fiʃәnt,adj.,"a. 不够的, 不能胜任的, 不充足的\n[法] 不足的, 不充分的, 不能胜任的",,,cet6-all source:ecdict cet4 cet6,7113
insulate,'insjuleit,vt.,"vt. 使绝缘, 隔离\n[医] 绝缘",,,cet6-all source:ecdict cet6 cet6-core family:insulated family:insulating family:insulates,10264
insulator,'insjuleitә,n.,"n. 绝缘体, 从事绝缘工作的工人\n[化] 绝缘体; 绝缘器; 绝缘子; 隔离剂",,,cet6-all source:ecdict cet6 family:insulators,24690
insult,'insʌlt,n.,"n. 侮辱, 无礼, 损害\nvt. 损害, 侮辱, 攻击",,,cet6-all source:ecdict cet4 cet6 family:insults family:insulted family:insulting,6568
insurance,in'ʃurәns,n.,"n. 保险, 保险业, 保险费\n[医] 保险",,,cet6-all source:ecdict cet4 cet6 cet6-core family:insurances,1197
insure,in'ʃuә,vt.,"vt. 保险, 确保\nvi. 投保",,,cet6-all source:ecdict cet4 cet6 family:insured family:insuring family:insures,6180
intact,in'tækt,adj.,"a. 尚未被人碰过的, 原封不动的, 完整的\n[医] 完整的, 无伤的",,,cet6-all source:ecdict cet6 cet6-core,4626
intake,'inteik,n.,"n. 入口, 吸入, 吸入量\n[医] 摄取量",,,cet6-all source:ecdict cet6 family:intakes,6025
integral,'intigrәl,n.,"n. 整体, 积分, 整数\na. 固有的, 整体的, 整数的, 积分的\n[计] 积分",,,cet6-all source:ecdict cet6 cet6-core family:integrals,5882
integrate,'intigreit,vt.,"vt. 综合, 使完整, 使成整体\nvi. 成一体\na. 完整的, 完全的",,,cet6-all source:ecdict cet4 cet6 family:integrated family:integrating family:integrates,3431
integrity,in'tegriti,n.,"n. 正直, 廉正, 完整\n[计] 完整性",,,cet6-all source:ecdict cet6 cet6-core,3464
intellect,'intәlekt,n.,"n. 智力, 出众的才华, 知识分子\n[医] 智力, 才智",,,cet6-all source:ecdict cet6 cet6-core family:intellects,8849
intellectual,.intә'lektʃuәl,n.,"n. 有知识者, 知识分子, 凭理智做事者\na. 智力的, 用脑力的, 聪明的",,,cet6-all source:ecdict cet4 cet6 cet6-core family:intellectuals,2857
intellectually,,adv.,adv. 智力上；知性上；理智地,,,cet6-all source:ecdict cet6,8883
intelligence,in'telidʒәns,n.,"n. 智力, 情报, 信息\n[医] 智力",,,cet6-all source:ecdict cet4 cet6 family:intelligences,1417
intelligent,in'telidʒәnt,adj.,"a. 聪明的, 智能的, 了解的",,,cet6-all source:ecdict cet4 cet6 cet6-core,3709
intelligible,in'telidʒәbl,adj.,"a. 可理解的, 易理解的, 纯概念性的",,,cet6-all source:ecdict cet6 cet6-core,17337
intend,in'tend,vt.,"vt. 计划, 打算, 意思是\n[法] 想要, 打算, 意旨",,,cet6-all source:ecdict cet4 cet6 family:intended family:intends family:intending,1536
intense,in'tens,adj.,"a. 非常的, 强烈的, 紧张的, 热情的\n[医] 强的",,,cet6-all source:ecdict cet4 cet6 cet6-core,2295
intensify,in'tensifai,vt.,vt. 加强\nvi. 强化,,,cet6-all source:ecdict cet6 cet6-core family:intensified family:intensifying family:intensifies,5921
intensity,in'tensәti,n.,"n. 强烈, 紧张, 强度\n[计] 强度; 亮度",,,cet6-all source:ecdict cet4 cet6 family:intensities,3300
intensive,in'tensiv,adj.,"a. 加强的, 内涵的, 集中的\nn. 加强器",,,cet6-all source:ecdict cet4 cet6 cet6-core,4973
intent,in'tent,n.,"n. 意图, 含义, 故意\na. 专心的, 决心的, 热心的",,,cet6-all source:ecdict cet6 cet6-core family:intents,3961
intention,in'tenʃәn,n.,"n. 意图, 目的, 含义\n[医] 愈合, 意向",,,cet6-all source:ecdict cet4 cet6 family:intentions,2517
intentional,in'tenʃәnәl,adj.,"a. 故意的, 与目的有关的\n[法] 故意的, 有意的",,,cet6-all source:ecdict cet4 cet6,8744
interact,.intәr'ækt,vi.,"vi. 互相影响, 交互作用\nn. 幕间剧, 幕间休息",,,cet6-all source:ecdict cet6 cet6-core family:interacts family:interacting family:interacted,4341
interaction,.intәr'ækʃәn,n.,"n. 交互作用, 交感\n[计] 交互作用",,,cet6-all source:ecdict cet4 cet6 cet6-core family:interactions,2075
interconnect,.intәkә'nekt,vt.,vt. 使互相连接,,,cet6-all source:ecdict cet6 family:interconnected family:interconnects family:interconnecting,19393
intercourse,'intәkɒ:s,n.,"n. 交往, 交流\n[医] 交际, 往来",,,cet6-all source:ecdict cet6 cet6-core,7736
interest,'intrist,n.,"n. 兴趣, 嗜好, 利息, 利益, 爱好, 趣味, 势力\nvt. 使感兴趣, 与...有关系",,,cet6-all source:ecdict cet4 cet6 family:interests family:interested family:interesting,416
interface,'intәfeis,n.,"n. 分界面, 接触面, 界面\n[计] 接口, 界面",,,cet6-all source:ecdict cet6 family:interfaces family:interfaced,6182
interfere,.intә'fiә,vi.,"vi. 妨碍, 冲突, 干涉, 抵触\n[医] 干扰, 干涉, 阻碍, 碰腿(马)",,,cet6-all source:ecdict cet4 cet6 cet6-core family:interfering family:interfered family:interferes,4424
interference,.intә'fiәrәns,n.,"n. 冲突, 干涉\n[计] 干扰",,,cet6-all source:ecdict cet4 cet6 family:interferences,6409
interim,'intәrim,adj.,"a. 暂时的, 临时的, 间歇的\nn. 过渡时期",,,cet6-all source:ecdict cet6 cet6-core family:interims,6845
interior,in'tiәriә,n.,"n. 内部, 内政\na. 内部的, 心灵的, 内地的, 内政的",,,cet6-all source:ecdict cet4 cet6 family:interiors,3476
intermediate,.intә'mi:diәt,n.,"n. 中间物, 调停者, 中级\na. 中间的, 中级的\nvi. 起媒介作用\n[计] 中级",,,cet6-all source:ecdict cet4 cet6 family:intermediates family:intermediated,6876
intermittent,.intә'mitәnt,adj.,"a. 间歇的, 断断续续的\n[化] 间歇的; 间断的",,,cet6-all source:ecdict cet6 cet6-core,12236
internal,in'tә:nәl,adj.,"a. 内在的, 国内的\n[医] 内的, 内部的",,,cet6-all source:ecdict cet4 cet6 cet6-core family:internals,1728
international,.intә'næʃәnәl,adj.,a. 国际的\nn. 国别设定\n[计] 国别设定,,,cet6-all source:ecdict cet4 cet6 family:internationals,500
interpret,in'tә:prit,vt.,"vt. 解释, 演出, 翻译, 理解\nvi. 翻译, 解释",,,cet6-all source:ecdict cet4 cet6 cet6-core family:interpreted family:interpreting family:interprets,2755
interpretation,in.tә:pri'teiʃәn,n.,"n. 解释, 演出, 翻译\n[计] 插值; 插值法; 解释",,,cet6-all source:ecdict cet4 cet6 family:interpretations,2380
interpreter,in'tә:pritә,n.,"n. 直译程序, 解释者, 口译者, 注释器\n[计] 注释器",,,cet6-all source:ecdict cet4 cet6 family:interpreters,5628
interrupt,.intә'rʌpt,vt.,"vt. 中断, 妨碍, 插嘴\nvi. 打断\nn. 中断\n[计] 中断",,,cet6-all source:ecdict cet4 cet6 cet6-core family:interrupted family:interrupting family:interrupts,3407
interruption,.intә'rʌpʃәn,n.,"n. 打扰, 中断, 障碍物\n[医] 间断, 阻断, 中止",,,cet6-all source:ecdict cet4 cet6 family:interruptions,8994
intersection,.intә'sekʃәn,n.,"n. 交集, 十字路口, 交叉点\n[计] 逻辑乘; 与",,,cet6-all source:ecdict cet6 cet6-core family:intersections family:intersectioning,5760
interval,'intәvәl,n.,"n. 间隔, 距离, 间歇, 间隙\n[计] 时间间隔",,,cet6-all source:ecdict cet4 cet6 family:intervals,4646
intervene,.intә'vi:n,vi.,"vi. 插入, 调停, 干涉\n[经] 进场干预",,,cet6-all source:ecdict cet6 cet6-core family:intervened family:intervenes family:intervening,5091
intervention,.intә'venʃәn,n.,"n. 插入, 介入, 调停\n[经] 干预",,,cet6-all source:ecdict cet6 family:interventions,1926
interview,'intәvju:,n.,"n. 面谈, 访问, 接见, 面试\nvt. 接见, 对...进行面谈(试)",,,cet6-all source:ecdict cet4 cet6 family:interviews family:interviewed family:interviewing,944
intimate,'intimәt,adj.,"a. 亲密的, 私人的, 秘密的\nvt. 暗示, 通知, 告诉\nn. 至交",,,cet6-all source:ecdict cet4 cet6 cet6-core family:intimated family:intimates family:intimating,4217
intimidate,in'timideit,vt.,"vt. 威胁, 恐吓\n[法] 恐吓, 威胁, 使恐惧",,,cet6-all source:ecdict cet4 cet6 cet6-core family:intimidated family:intimidates family:intimidating,6635
intonation,.intәu'neiʃәn,n.,"n. 朗诵, 语调, 唱\n[化] 声调",,,cet6-all source:ecdict cet6 family:intonations,18321
intricacy,'intrikәsi,n.,"n. 纷乱, 复杂, 错综",,,cet6-all source:ecdict cet6 family:intricacies,14675
intricate,'intrikit,adj.,"a. 复杂的, 错综的, 缠结的, 难懂的",,,cet6-all source:ecdict cet6 cet6-core family:intricating,7255
intrigue,in'tri:g,n.,"n. 阴谋, 复杂的事\nvi. 密谋, 私通\nvt. 激起...的兴趣, 用诡计取得",,,cet6-all source:ecdict cet6 cet6-core family:intrigues family:intrigued family:intriguing,7897
intriguing,in'tri:giŋ,adj.,"a. 吸引人的, 有趣的",,,cet6-all source:ecdict cet6 family:i family:intrigue,5894
intrinsic,in'trinsik,adj.,"a. 本质的, 原有的, 真正的\n[医] 内部的, 内在的",,,cet6-all source:ecdict cet6 cet6-core family:intrinsics,7449
introduce,.intrә'dju:s,vt.,"vt. 介绍, 引入, 采用, 输入\n[法] 引进, 输入, 介绍",,,cet6-all source:ecdict cet4 cet6 family:introduced family:introducing family:introduces,1225
introduction,.intrә'dʌkʃәn,n.,"n. 介绍, 传入, 采用, 初步",,,cet6-all source:ecdict cet4 cet6 family:introductions,2904
intuition,.intju:'iʃәn,n.,"n. 直觉, 直觉的知识",,,cet6-all source:ecdict cet6 cet6-core family:intuitions,8521
invade,in'veid,vt.,"vt. 侵入, 拥入, 侵略, 侵袭\n[法] 强入, 侵犯, 侵略",,,cet6-all source:ecdict cet4 cet6 family:invaded family:invading family:invades,4510
invalid,in'vælid,n.,"n. 病人, 残废者\na. 有病的, 无效的",,,cet6-all source:ecdict cet6 cet6-core family:invalids family:invaliding family:invalided,17470
invaluable,in'væljuәbl,adj.,"a. 无价的, 价值无法衡量的",,,cet6-all source:ecdict cet6 cet6-core,10081
invariably,in'vєәriәbli,adv.,"adv. 不变化地, 恒定地, 始终如一地",,,cet6-all source:ecdict cet6 cet6-core,7099
invasion,in'veiʒәn,n.,"n. 侵犯, 侵入, 侵害\n[医] 侵袭, 侵入, 发病",,,cet6-all source:ecdict cet4 cet6 family:invasions,3295
invent,in'vent,vt.,"vt. 发明, 创作, 虚构\n[机] 发明",,,cet6-all source:ecdict cet4 cet6 family:invented family:inventing family:invents,3398
invention,in'venʃәn,n.,"n. 发明, 创作能力, 虚构的故事\n[经] 发明",,,cet6-all source:ecdict cet4 cet6 family:inventions,4773
inventor,in'ventә,n.,"n. 发明家\n[法] 发明人, 发明家, 创造者",,,cet6-all source:ecdict cet4 cet6 family:inventors,8188
inventory,'invәntәri,n.,"n. 详细目录, 存货清单\nvt. 列入详细目录, 清点存货\n[计] 存货清单",,,cet6-all source:ecdict cet6 cet6-core family:inventories family:inventoried family:inventorying,3967
inversely,,adv.,"adv. 相反地\n[机] 反的, 反对",,,cet6-all source:ecdict cet6,19930
invert,in'vә:t,adj.,"a. 转化的\nvt. 使反转, 使颠倒, 使转化\nn. 颠倒的事物\n[计] 倒置; 反转",,,cet6-all source:ecdict cet6 cet6-core family:inverting family:inverts family:inverted,15967
invest,in'vest,vt.,"vt. 投资, 花费, 笼罩, 授予\nvi. 投资, 利用",,,cet6-all source:ecdict cet4 cet6 cet6-core family:invested family:investing family:invests,2001
investigate,in'vestigeit,v.,"v. 调查, 审查",,,cet6-all source:ecdict cet4 cet6 cet6-core family:investigated family:investigating family:investigates,1802
investigation,in.vesti'geiʃәn,n.,"n. 调查, 审查\n[医] 调查, 调查研究",,,cet6-all source:ecdict cet4 cet6 family:investigations,1175
investment,in'vestmәnt,n.,"n. 投资\n[医] 包埋料, 围模料, 包埋法, 围模法",,,cet6-all source:ecdict cet4 cet6 family:investments,1040
invisible,in'vizәbl,adj.,"a. 看不见的, 无形的\n[经] 无形的, 表面上看不见的, 未列在公开帐目的",,,cet6-all source:ecdict cet4 cet6 cet6-core family:invisibles,3811
invitation,.invi'teiʃәn,n.,"n. 邀请, 请柬, 引诱\n[经] 邀请, 招待, 吸引",,,cet6-all source:ecdict cet4 cet6 family:invitations,4072
invite,in'vait,vt.,"vt. 邀请, 请求, 引起, 招致\nn. 邀请",,,cet6-all source:ecdict cet4 cet6 family:invited family:invites family:inviting,1601
invoice,'invɒis,n.,"n. 发票, 发货单\nv. 开发票, 记清单",,,cet6-all source:ecdict cet6 family:invoices family:invoiced family:invoicing,15708
involve,in'vɒlv,vt.,"vt. 包括, 使陷于, 潜心于, 包围\n[医] 累及, 牵涉, 包含",,,cet6-all source:ecdict cet4 cet6 cet6-core family:involved family:involving family:involves,656
inward,'inwәd,adj.,"a. 内心的, 向内的, 本来的\n[医] 向内的",,,cet6-all source:ecdict cet4 cet6,11176
ion,'aiәn,n.,n. 离子\n[化] 离子,,,cet6-all source:ecdict cet6 family:ions,10273
iron,'aiәn,n.,"n. 铁, 熨斗, 铁器, 坚强, 烙铁, 镣铐\nvt. 烫平, 熨, 用铁包\nvi. 烫平",,,cet6-all source:ecdict cet4 cet6 family:irons family:ironed family:ironing,2280
ironically,,adv.,"adv. 冷嘲地, 挖苦地, 讽刺地, 令人啼笑皆非地",,,cet6-all source:ecdict cet6,4808
irony,'aiәrәni,n.,"n. 反语, 讽刺, 具有讽刺意味的事",,,cet6-all source:ecdict cet6 cet6-core family:ironies,4338
irregular,i'regjulә,n.,"n. 不规则物, 不合规格之物\na. 不规则的, 不整齐的, 不合法的",,,cet6-all source:ecdict cet4 cet6 family:irregulars,8410
irregularity,i.regju'læriti,n.,"n. 不规则, 例外, 违反规则的行为\n[化] 不匀度",,,cet6-all source:ecdict cet6 family:irregularities,12549
irrespective,.iri'spektiv,adj.,"a. 不顾的, 无关的, 没关系的",,,cet6-all source:ecdict cet6 cet6-core,14501
irrigation,.iri'geiʃәn,n.,"n. 灌溉, 冲洗\n[医] 冲洗法, 灌溉",,,cet6-all source:ecdict cet6 cet6-core family:irrigations,6974
irritate,'iriteit,vt.,"vt. 激怒, 使发怒, 使兴奋, 使发炎\nvi. 引起不快",,,cet6-all source:ecdict cet6 cet6-core family:irritated family:irritates family:irritating,8466
islam,'izlɑ:m,n.,n. 伊斯兰教,,,cet6-all source:ecdict cet6,3097
island,'ailәnd,n.,"n. 岛, 岛屿, 孤立地区, 安全岛\nvt. 使成岛状, 孤立",,,cet6-all source:ecdict cet4 cet6 family:islands,1512
isolate,'aisәleit,vt.,"vt. 使隔离, 使孤立, 使绝缘\nn. 隔离种群",,,cet6-all source:ecdict cet4 cet6 cet6-core family:isolated family:isolates family:isolating,3963
issue,'isju,n.,"n. 发行, 问题, 后果, 流出, 出口, 争端\nvi. 发行, 流出, 造成...结果, 传下\nvt. 使流出, 放出, 发行, 发布, 发给",,,cet6-all source:ecdict cet4 cet6 cet6-core family:issues family:issued family:issuing,248
italian,i'tæljәn,n.,"n. 意大利人, 意大利语\na. 意大利的, 意大利语的",,,cet6-all source:ecdict cet4 cet6 family:italians,2637
ivory,'aivәri,n.,"n. 象牙, 乳白色\na. 象牙制的, 乳白色的",,,cet6-all source:ecdict cet6 cet6-core family:ivories,6654
jack,dʒæk,n.,"n. 插座, 千斤顶, 男人\nvt. 抬起, 提醒, 扛举, 增加, 提高, 放弃\na. 雄的\n[计] 插座",,,cet6-all source:ecdict cet6 family:jacks family:jacked family:jacking,11765
jacket,'dʒækit,n.,"n. 夹克, 外套, 护套\nvt. 给...穿夹克, 给...装护套",,,cet6-all source:ecdict cet4 cet6 family:jackets family:jacketing family:jacketed,2267
jail,dʒeil,n.,"n. 监牢, 监狱, 拘留所\nvt. 监禁, 下狱",,,cet6-all source:ecdict cet4 cet6 family:jailed family:jails family:jailing,2528
jam,dʒæm,n.,"n. 果酱, 拥塞之物, 堵塞, 困境\nvt. 挤进, 使塞满, 混杂, 压碎, 使堵塞\nvi. 堵塞, 轧住, 拥挤",,,cet6-all source:ecdict cet4 cet6 family:jammed family:jams family:jamming,5470
jar,dʒɑ:,n.,"n. 广口瓶, 震动, 刺耳声\nvi. 震惊, 冲突, 发刺耳声, 不一致\nvt. 震动, 刺激",,,cet6-all source:ecdict cet4 cet6 family:jars family:jarred family:jarring,4262
jaw,dʒɒ:,n.,"n. 颚, 颌\nv. 闲谈, 教训, 唠叨",,,cet6-all source:ecdict cet4 cet6 family:jaws family:jawed family:jawing,4087
jealous,'dʒelәs,adj.,"a. 嫉妒的, 羡慕的, 留心的, 戒备的",,,cet6-all source:ecdict cet4 cet6,6322
jealousy,'dʒelәsi,n.,"n. 妒忌, 猜忌, 羡慕\n[法] 妒忌, 嫉妒, 猜忌",,,cet6-all source:ecdict cet6 family:jealousies,8112
jean,dʒi:n,n.,"n. 牛仔裤, 牛仔布, 斜纹棉布",,,cet6-all source:ecdict cet6,
jelly,'dʒeli,n.,"n. 果冻, 果冻甜食, 胶状物\nv. (使)结冻, (使)成胶状",,,cet6-all source:ecdict cet6 family:jellies family:jellied family:jellying,9024
jeopardize,'dʒepәdaiz,vt.,"vt. 危害, 使受危困, 使陷危地",,,cet6-all source:ecdict cet6 cet6-core family:jeopardized family:jeopardizing family:jeopardizes,7976
jerk,dʒә:k,n.,"n. 性情古怪的人, 急拉, 肌肉抽搐, 牛肉干\nvi. 痉挛, 急拉, 急推\nvt. 猛拉",,,cet6-all source:ecdict cet6 cet6-core family:jerked family:jerking family:jerks,5703
jesus,'dʒi:zәs,n.,n. 耶稣,,,cet6-all source:ecdict cet6,
jet,dʒet,n.,"n. 喷射流, 喷嘴, 煤玉\nv. 射出, 迸出, 喷射\na. 黑而发亮的, 墨黑的",,,cet6-all source:ecdict cet4 cet6 family:jets family:jetting family:jetted,3144
jewel,'dʒu:әl,n.,"n. 珠宝, 贵重物, 镶珠宝的饰物\nvt. 饰以珠宝, 镶以宝石",,,cet6-all source:ecdict cet4 cet6 family:jewels family:jewelled family:jewelling,6074
jewellery,'dʒu:әlri,n.,"n. 宝石, 贵重饰物, 珠宝, 宝石饰物, 受珍视的人/物, 宝贝, 有价值的人/物",,,cet6-all source:ecdict cet6,34122
jewish,'dʒu:iʃ,adj.,"a. 犹太人的, 犹太族的",,,cet6-all source:ecdict cet4 cet6,1795
jingle,'dʒiŋgl,n.,"n. 叮当声\nv. (使)作叮当声, (使)押韵",,,cet6-all source:ecdict cet6 family:jingles family:jingled family:jingling,14960
jog,dʒɒg,n.,"n. 轻推, 轻撞, 慢跑\nv. 轻推, (使)蹒跚行进, (使)慢跑",,,cet6-all source:ecdict cet6 cet6-core family:jogged family:jogging family:jogs,8335
joint,dʒɒint,n.,"n. 连接处, 接合, 关节\na. 共同的, 联合的, 连接的, 合办的\nvt. 连接, 接合, 使有接头\nvi. 贴合, 长节",,,cet6-all source:ecdict cet4 cet6 family:joints family:jointed family:jointing,2218
jolly,'dʒɒli,adj.,"a. 愉快的, 高兴的, 宜人的\nvt. 恭维, 使高兴, 取笑\nvi. 开玩笑\nadv. 非常, 极为",,,cet6-all source:ecdict cet4 cet6 family:jollies family:jollier family:jolliest family:jollying family:jollied,13154
journal,'dʒә:nәl,n.,"n. 日记, 杂志, 日报\n[化] 轴颈",,,cet6-all source:ecdict cet4 cet6 family:journals,2780
journalist,'dʒә:nәlist,n.,"n. 新闻记者, 从事新闻杂志业的人",,,cet6-all source:ecdict cet4 cet6 family:journalists,2099
journey,'dʒә:ni,n.,"n. 旅程, 旅行, 行程\nvi. 旅行\nvt. 游历",,,cet6-all source:ecdict cet4 cet6 family:journeys family:journeyed family:journeying,2409
joyful,'dʒɒiful,adj.,"a. 欢喜的, 高兴的, 令人高兴的",,,cet6-all source:ecdict cet4 cet6,11426
judge,dʒʌdʒ,n.,"n. 法官, 裁判员, 审判官, 鉴定人\nvt. 审理, 鉴定, 判断, 判决, 裁定\nvi. 下判断, 作评价",,,cet6-all source:ecdict cet4 cet6 family:judges family:judged family:judging,1115
judgement,'dʒʌdʒmәnt,n.,"n. 审判, 判决, 判断\n[经] 判定, 审定, 鉴定",,,cet6-all source:ecdict cet4 cet6 family:judgements,14669
jug,dʒʌg,n.,"n. 水壶, 监牢, 模仿夜莺的叫声\nvt. 放入壶中, 炖, 关押\nvi. 模仿夜莺叫",,,cet6-all source:ecdict cet6 family:jugs family:jugging family:jugged,9618
junction,'dʒʌŋkʃәn,n.,"n. 连接, 会合处, 交叉点\n[医] 接[合]处, 接点.[接]界",,,cet6-all source:ecdict cet6 cet6-core family:junctions,13186
jungle,'dʒʌŋgl,n.,"n. 丛林, 杂乱的一堆, 弱肉强食的地方",,,cet6-all source:ecdict cet4 cet6 family:jungles,4507
junior,'dʒu:njә,n.,"n. 年少者, 地位较低者, 大学三年级学生\na. 年少的, 下级的, 后进的",,,cet6-all source:ecdict cet4 cet6 family:juniors,2451
junk,dʒʌŋk,n.,"n. 垃圾, 乌七八糟的东西, 舢板\n[计] 清除",,,cet6-all source:ecdict cet6 cet6-core family:junks family:junking family:junked family:junker,5130
jupiter,'dʒu:pitә,n.,"n. 朱庇物(罗马神话中的主神), 木星",,,cet6-all source:ecdict cet6,
jury,'dʒuәri,n.,"n. 陪审团, 评判委员会\na. 应急的",,,cet6-all source:ecdict cet4 cet6 cet6-core family:juries,1650
justice,'dʒʌstis,n.,"n. 正义, 公平, 公正, 正确, 司法, 审判",,,cet6-all source:ecdict cet4 cet6 family:justices,1481
justification,.dʒʌstifi'keiʃәn,n.,"n. 辩护, 证明正当, 释罪\n[计] 调整",,,cet6-all source:ecdict cet6 family:justifications,5816
justify,'dʒʌstifai,vt.,"vt. 替...辩护, 证明\nvi. 证明合法\n[计] 段落重排, 两端对齐",,,cet6-all source:ecdict cet4 cet6 family:justified family:justifies family:justifying,2834
keen,ki:n,adj.,"a. 锋利的, 敏锐的, 强烈的, 敏捷的, 热心的, 渴望的\nn. 挽歌, 痛哭\nv. 唱挽歌, 痛哭",,,cet6-all source:ecdict cet4 cet6 cet6-core family:keener family:keenest family:keening family:keened family:keens,6508
keeper,'ki:pә,n.,"n. 监护人, 管理人, 看守人\n[机] 保管人, 看守人, 保持片",,,cet6-all source:ecdict cet4 cet6 family:keepers,7388
kernel,'kә:nl,n.,"n. 核心, 中心, 精髓, 内核\n[计] 内核",,,cet6-all source:ecdict cet6 family:kernels,11338
kettle,'ketl,n.,"n. 茶壶, 罐\n[化] 釜体釜; 锅",,,cet6-all source:ecdict cet4 cet6 family:kettles family:kettled,10726
keyboard,'ki:bɒ:d,n.,n. 键盘\n[计] 键盘,,,cet6-all source:ecdict cet4 cet6 family:keyboards family:keyboarding family:keyboarded,5541
kick,kik,n.,"n. 踢, 反冲, 后座力, 凹底\nvi. 踢, 反抗, 反冲\nvt. 踢, 反冲",,,cet6-all source:ecdict cet4 cet6 family:kicked family:kicking family:kicks,1815
kidnap,'kidnæp,vt.,"vt. 绑架, 诱拐, 拐骗\n[法] 拐带, 诱拐, 绑架",,,cet6-all source:ecdict cet6 cet6-core family:kidnapped family:kidnapping family:kidnaps,6993
kidney,'kidni,n.,"n. 肾, 个性\n[医] 肾",,,cet6-all source:ecdict cet6 cet6-core family:kidneys,5152
kilowatt,'kilәwɒt,n.,n. 千瓦\n[医] 千瓦[特],,,cet6-all source:ecdict cet6 family:kilowatts,
kin,kin,n.,"n. 亲戚, 同族, 血缘关系, 家族\na. 有亲属关系的, 性质类似的, 同类的",,,cet6-all source:ecdict cet6,7340
kindle,'kindl,vt.,"vt. 点燃, 使着火, 引起, 照亮\nvi. 着火, 激动, 发亮",,,cet6-all source:ecdict cet6 family:kindled family:kindling family:kindles,16468
kindness,'kaindnis,n.,"n. 仁慈, 亲切, 和蔼",,,cet6-all source:ecdict cet4 cet6 family:kindnesses,7682
kinetic,kai'netik,adj.,"a. 运动的, 运动引起的, 动力学的, 活动的\n[医] 运动的, 动的, 动力的",,,cet6-all source:ecdict cet6,15176
kingdom,'kiŋdәm,n.,"n. 王国, 领域\n[医] 界(动物,植物,矿物)",,,cet6-all source:ecdict cet4 cet6 family:kingdoms,4487
kit,kit,n.,"n. 装备, 工具箱, 成套工具\n[计] 成套部件; 成套零件",,,cet6-all source:ecdict cet6 cet6-core family:kits family:kitted family:kitting,4018
kite,kait,n.,"n. 风筝, 筝帆, 空头支票, 骗子\nvi. 象风筝一样飞, 轻快地移动, 使用空头支票\nvt. 使上升, 骗钱",,,cet6-all source:ecdict cet4 cet6 family:kites family:kiting family:kited,9509
knee,ni:,n.,"n. 膝, 膝盖\nvt. 膝行, 用膝盖碰",,,cet6-all source:ecdict cet4 cet6 family:knees family:kneeing,1488
kneel,ni:l,vi.,vi. 跪下,,,cet6-all source:ecdict cet4 cet6 family:knelt family:kneeling family:kneels,4938
knight,nait,n.,"n. 骑士, 爵士\nvt. 授以爵位",,,cet6-all source:ecdict cet6 family:knights family:knighted family:knighting,27105
knit,nit,v.,"v. 编织, 结合",,,cet6-all source:ecdict cet4 cet6 cet6-core family:knitting family:knitted family:knit family:pd family:knits,8436
knob,nɒb,n.,"n. 把手, 瘤, 旋钮, 球形突出物\nvt. 使有球形突出物\nvi. 鼓起",,,cet6-all source:ecdict cet4 cet6 cet6-core family:knobs family:knobbed family:knobbing,7863
knot,nɒt,n.,"n. 结, 群, 难题\nv. 打结, (使)纠缠",,,cet6-all source:ecdict cet4 cet6 family:knots family:knotted family:knotting,5079
knowledge,'nɒlidʒ,n.,"n. 知识, 学问, 认识, 知道",,,cet6-all source:ecdict cet4 cet6 family:knowledges,839
lab,læb,n.,"n. 实验室, 研究室\n[医] 凝乳酶",,,cet6-all source:ecdict cet4 cet6 family:labs,2089
label,'leibl,n.,"n. 标签, 称号, 商标, 标志\nvt. 贴标签于, 标注\n[计] 标志; 标注; DOS外部命令:用于建立改变或删除磁盘卷标号",,,cet6-all source:ecdict cet4 cet6 cet6-core family:labels family:labelled family:labelling,2619
laboratory,'læbrәtәri,n.,"n. 实验室, 研究室, 化工厂\n[医] 实验室, 检验室, 化验室",,,cet6-all source:ecdict cet4 cet6 family:laboratories,3132
labour,'leibә,n.,"n. 劳动, 努力, 工作, 劳工, 分娩\nvi. 劳动, 努力, 苦干\nvt. 详细分析, 使厌烦",,,cet6-all source:ecdict cet4 cet6 family:labours family:labouring family:laboured,16348
lace,leis,n.,"n. 饰带, 花边, 缎带, 鞋带\nvt. 结带子, 饰以花边\nvi. 系带子\n[计] 全穿孔",,,cet6-all source:ecdict cet4 cet6 cet6-core family:laces family:laced family:lacing,6642
ladder,'lædә,n.,"n. 梯, 梯状物, 发迹的途径\nvi. 袜子抽丝, 成名",,,cet6-all source:ecdict cet4 cet6 family:ladders family:laddered family:laddering,4505
lag,læg,n.,"n. 落后, 囚犯, 迟延, 桶板, 防护套\na. 最后的\nvi. 落后, 蹒跚, 缓缓而行, 滞后\nvt. 落后于, 押往监狱, 加上外套\n[计] 延迟; 落后",,,cet6-all source:ecdict cet4 cet6 family:lagging family:lags family:lagged,8448
lamb,læm,n.,"n. 小羊, 羔羊\nv. 产羊羔",,,cet6-all source:ecdict cet4 cet6 family:lambs family:lambing family:lambed,5590
lame,leim,adj.,"a. 跛足的, 僵痛的, 不完全的, 金属薄板, 不知内情的人\nvi. 变跛\nvt. 使成残废, 使无用",,,cet6-all source:ecdict cet4 cet6 cet6-core family:lames family:lamed family:laming family:lamest family:lamer,9982
lamentation,.læmәn'teiʃәn,n.,"n. 悲叹, 哀悼",,,cet6-all source:ecdict cet6 family:lamentations,23933
lamp,læmp,n.,n. 灯\nvt. 照亮\n[计] 逻辑模拟分析系统,,,cet6-all source:ecdict cet4 cet6 family:lamps,3936
landing,'lændiŋ,n.,"n. 登陆, 码头, 降落\n[经] 上岸, 登陆, 降落",,,cet6-all source:ecdict cet4 cet6 family:land family:i family:landing family:landings,3688
landlady,'lændleidi,n.,"n. 女房东, 女地主",,,cet6-all source:ecdict cet4 cet6 family:landladies,17554
landlord,'lændlɒ:d,n.,"n. 房东, 地主\n[经] 业主, 地主, 房东",,,cet6-all source:ecdict cet4 cet6 family:landlords,6724
landscape,'lændskeip,n.,"n. 风景, 山水, 风景画\nvi. 从事景观美化\nvt. 美化...景观\n[计] 横向",,,cet6-all source:ecdict cet6 family:landscapes family:landscaped family:landscaping,1827
lane,lein,n.,"n. 小路, 巷, 弄, 单行道",,,cet6-all source:ecdict cet4 cet6 cet6-core family:lanes,4136
lantern,'læntәn,n.,"n. 灯笼, 提灯, 航标灯\nvt. 装上提灯",,,cet6-all source:ecdict cet4 cet6 family:lanterns,8338
lap,læp,n.,"n. 膝盖, 舔, 一圈, 下摆, 衣兜, 山坳\nvi. 重叠, 围住, 轻拍, 舔\nvt. 包围, 抱...在膝上, 使重叠, 舔, 拍打, 泼溅\n[计] 链接访问程序",,,cet6-all source:ecdict cet4 cet6 family:laps family:lapped family:lapping,3359
largely,'lɑ:dʒli,adv.,"adv. 大量地, 很多地, 大半地",,,cet6-all source:ecdict cet4 cet6,1679
laser,'leizә,n.,n. 激光\n[计] 激光器,,,cet6-all source:ecdict cet4 cet6 family:lasers family:lasered family:lasering,3896
lately,'leitli,adv.,"adv. 近来, 最近",,,cet6-all source:ecdict cet4 cet6 family:latelier,4028
latent,'leitnt,adj.,"a. 潜伏性的, 隐藏的\nn. 隐约指纹",,,cet6-all source:ecdict cet6 cet6-core,11997
later,'leitә,adv.,"adv. 以后, 随后",,,cet6-all source:ecdict cet4 cet6 family:late family:r,295
lathe,leið,n.,n. 车床\nvt. 用车床加工,,,cet6-all source:ecdict cet6 family:lathes,21462
latin,'lætin,n.,"n. 拉丁人, 拉丁语\na. 拉丁人的, 拉丁语的",,,cet6-all source:ecdict cet4 cet6 family:latins,2526
latitude,'lætitju:d,n.,"n. 纬度, 范围\n[化] 宽容度; 伟度",,,cet6-all source:ecdict cet6 cet6-core family:latitudes,7992
latter,'lætә,adj.,"a. 后者的, 较后的, 近来的",,,cet6-all source:ecdict cet4 cet6,2725
lattice,'lætis,n.,"n. 格子, 组合格子, 格子状东西\nvt. 制做格子, 使成格子状\n[计] 格",,,cet6-all source:ecdict cet6 family:lattices family:latticed,15066
laughter,'lɑ:ftә,n.,"n. 笑, 笑声\n[医] 笑, 大笑",,,cet6-all source:ecdict cet4 cet6,3397
launch,lɒ:ntʃ,n.,"n. 下水, 汽艇, 发射\nvt. 使下水, 发射, 发动\nvi. 起飞, 下水, 投入, 开始",,,cet6-all source:ecdict cet4 cet6 family:launched family:launching family:launches,1743
laundry,'lɒ:ndri,n.,"n. 洗衣店, 洗好的衣服, 洗涤\n[机] 洗衣作, 洗衣店, 洗衣房",,,cet6-all source:ecdict cet4 cet6 family:laundries,4940
lavatory,'lævәtәri,n.,"n. 洗脸盆, 厕所",,,cet6-all source:ecdict cet4 cet6 family:lavatories,19680
law,lɒ:,n.,"n. 法律, 法则, 定律, 法律的制约, 法学, 司法界, 诉讼\nv. 起诉",,,cet6-all source:ecdict cet4 cet6 family:laws,287
lawn,lɒ:n,n.,"n. 草地, 草坪, 上等细麻布\n[机] 细筛",,,cet6-all source:ecdict cet4 cet6 family:lawns,2951
lawsuit,'lɒ:sju:t,n.,"n. 诉讼\n[法] 诉讼, 诉讼案件",,,cet6-all source:ecdict cet6 family:lawsuits,2660
lawyer,'lɒ:jә,n.,n. 律师\n[经] 律师,,,cet6-all source:ecdict cet4 cet6 family:lawyers,816
lay,lei,vt.,"vt. 放置, 产, 铺设, 布置, 提出, 平息\nvi. 下蛋, 打赌\nn. 位置, 层, 隐藏处\na. 世俗的, 外行的\nlie的过去式",,,cet6-all source:ecdict cet4 cet6 family:lie family:p family:laid family:laying family:lays,803
layer,'leiә,n.,"n. 层, 产卵鸡, 放置者\nvt. 分层堆积, 压植\n[计] 层",,,cet6-all source:ecdict cet4 cet6 cet6-core family:layers family:layered family:layering,2168
layman,'leimәn,n.,"n. 俗人, 门外汉, 凡人\n[医] 外行, 业外人",,,cet6-all source:ecdict cet6 cet6-core family:laymen,16061
layoff,'leiɒf,n.,"n. 临时解雇, 操作停止, 活动停止期间",,,cet6-all source:ecdict cet6 family:layoffs,7801
layout,'leiaut,n.,"n. 布局, 陈列, 规划图, 页面布局, 版面编排\n[计] 页面布局, 版面",,,cet6-all source:ecdict cet4 cet6 family:layouts,7478
leader,'li:dә,n.,"n. 领导者, 社论, 指挥, 领袖, 领唱者, 前导字符\n[计] 前导字符",,,cet6-all source:ecdict cet4 cet6 family:leaders,463
leadership,'li:dәʃip,n.,"n. 领导能力, 领导阶层",,,cet6-all source:ecdict cet4 cet6 family:leaderships,1304
leading,'li:diŋ,n.,"n. 领导, 指挥, 神示, 铅板\na. 领导的, 主要的, 在前的",,,cet6-all source:ecdict cet4 cet6 family:lead family:i family:leading,2188
leaf,li:f,n.,"n. 叶, 树叶, 花瓣, 页\nvi. 生叶, 翻书页\nvt. 在...上长叶, 翻...的页",,,cet6-all source:ecdict cet4 cet6 family:leaves family:leafing family:leafed family:leafs,1559
leaflet,'li:flit,n.,"n. 小叶, 传单\n[医] 小叶",,,cet6-all source:ecdict cet6 cet6-core family:leaflets,13599
leak,li:k,n.,"n. 漏洞, 漏处, 漏出, 泄漏\nvi. 漏, 泄漏\nvt. 使渗漏",,,cet6-all source:ecdict cet4 cet6 family:leaked family:leaks family:leaking,5165
leakage,'li:kidʒ,n.,"n. 漏, 漏出物, 泄漏\n[化] 漏电; 漏水; 漏气; 渗漏; 漏失量; 漏出量",,,cet6-all source:ecdict cet6 family:leakages,14382
lean,li:n,n.,"n. 瘦肉, 倾斜, 倾斜度\na. 瘦的, 贫乏的, 歉收的\nvi. 倚靠, 倾斜, 依赖\nvt. 使倾斜",,,cet6-all source:ecdict cet4 cet6 family:leaned family:leaning family:leans family:leaner,1520
leap,li:p,n.,"n. 跳跃, 剧增, 急变, 被越过之物\nvi. 跳跃, 突然经过\nvt. 跃过, 使跃过",,,cet6-all source:ecdict cet4 cet6 family:leapt family:leaping family:leaps,3621
learned,'lә:nid,adj.,"a. 有学问的, 学术上的\nlearn的过去式和过去分词",,,cet6-all source:ecdict cet4 cet6 family:learn family:dp family:learned,10842
learning,'lә:niŋ,n.,"n. 学问, 学识, 学习\n[计] 学习",,,cet6-all source:ecdict cet4 cet6 family:learn family:i family:learning,1455
lease,li:s,n.,"n. 租约, 租期, 租\nvt. 出租, 租出, 租得",,,cet6-all source:ecdict cet6 cet6-core family:leases family:leased family:leasing,6035
least,li:st,n.,"n. 最少, 最小, 最小限度\na. 最少的, 最小的\nadv. 最小, 最少",,,cet6-all source:ecdict cet4 cet6,302
leather,'leðә,n.,"n. 皮革, 皮制品, 马镫的皮带\nvt. 覆以皮革, 鞭苔, 抽打\na. 皮革的, 皮制的",,,cet6-all source:ecdict cet4 cet6 cet6-core family:leathers family:leathering family:leathered,2943
lecture,'lektʃә,n.,"n. 演讲, 谴责, 讲稿\nvt. 演讲, 训诫, 说教\nvi. 讲演",,,cet6-all source:ecdict cet4 cet6 family:lectures family:lecturing family:lectured,3526
legacy,'legәsi,n.,"n. 祖先传下来之物, 遗赠物\n[经] 遗产, 遗赠物",,,cet6-all source:ecdict cet6 family:legacies,3189
legal,'li:gәl,adj.,"a. 法律的, 法定的, 合法的\n[经] 法定权利; 法律(上)的, 合法的",,,cet6-all source:ecdict cet4 cet6 cet6-core,883
legend,'ledʒәnd,n.,"n. 传说, 传奇文学, 图例\n[计] 图例",,,cet6-all source:ecdict cet4 cet6 cet6-core family:legends,3383
legislation,.ledʒis'leiʃәn,n.,"n. 立法, 法律\n[医] 立法, 法规",,,cet6-all source:ecdict cet4 cet6 cet6-core family:legislations,2017
legitimate,li'dʒitimәt,adj.,"a. 合法的, 正当的, 婚生的\nvt. 认为正当, 立为嫡嗣, 使合法",,,cet6-all source:ecdict cet6 cet6-core family:legitimating family:legitimated family:legitimates,3195
leisure,'li:ʒә,n.,"n. 空闲, 闲暇, 悠闲\na. 空闲的, 有闲的",,,cet6-all source:ecdict cet4 cet6 cet6-core family:leisured,6269
length,leŋθ,n.,"n. 长度, 长, 期间, 一段\n[计] 记录长度; 块长; 字长",,,cet6-all source:ecdict cet4 cet6 family:lengths,1855
lengthen,'leŋθәn,vt.,"vt. 加长, 使延长\nvi. 变长",,,cet6-all source:ecdict cet6 family:lengthening family:lengthened family:lengthens,11453
lens,lenz,n.,"n. 透镜, 镜头, 镜片, 晶状体\nvt. 给...摄影",,,cet6-all source:ecdict cet4 cet6 cet6-core,3544
leopard,'lepәd,n.,"n. 豹, 美洲豹",,,cet6-all source:ecdict cet6 family:leopards,11916
lessen,'lesn,vt.,"vt. 减少, 缩小, 减轻\nvi. 变小",,,cet6-all source:ecdict cet4 cet6 family:lessened family:lessening family:lessens,7650
lest,lest,conj.,"conj. 以免, 唯恐, 免得",,,cet6-all source:ecdict cet4 cet6,8827
level,'levl,n.,"n. 水平, 水准, 平地\na. 同高的, 平坦的, 齐平的, 水平的\nvt. 弄平, 夷平, 使同等, 瞄准, 对准\nvi. 变平, 拉平\n[计] 级别",,,cet6-all source:ecdict cet4 cet6 family:levels family:levelled family:levelling,338
lever,'levә,n.,"n. 杠杆, 似杠杆之工具\nvt. 撬开\nvi. 使用杠杆",,,cet6-all source:ecdict cet4 cet6 cet6-core family:levers family:levered family:levering,7487
liability,laiә'biliti,n.,"n. 责任, 债务, 倾向\n[经] 责任, 义务, 负债",,,cet6-all source:ecdict cet6 cet6-core family:liabilities,4121
liable,'laiәbl,adj.,"a. 有义务的, 应负责的, 有...倾向的\n[法] 有责任的, 可受处理的, 应受罚的",,,cet6-all source:ecdict cet4 cet6 cet6-core,8305
liar,'laiә,n.,n. 说谎者,,,cet6-all source:ecdict cet4 cet6 family:liars,6677
liberal,'libәrәl,n.,"n. 自由主义者\na. 慷慨的, 不拘泥的, 宽大的, 自由主义的",,,cet6-all source:ecdict cet4 cet6 cet6-core family:liberals,1993
liberate,'libәreit,vt.,"vt. 解放, 释放, 使自由\n[机] 释出, 放出",,,cet6-all source:ecdict cet4 cet6 family:liberated family:liberates family:liberating,7492
liberation,.libә'reiʃәn,n.,"n. 释放, 解放\n[化] 发出; 释放; 放出",,,cet6-all source:ecdict cet4 cet6,6230
liberty,'libәli,n.,"n. 自由, 特权, 许可, 冒失\n[法] 自由, 自由权, 自由区域",,,cet6-all source:ecdict cet4 cet6 family:liberties,3835
librarian,lai'brєәriәn,n.,"n. 图书馆员, 图书管理员\n[计] 程序库管理程序; 程序库生成程序",,,cet6-all source:ecdict cet4 cet6 family:librarians,7502
license,'laisns,n.,"n. 执照, 许可证, 特许\nvt. 许可, 特许",,,cet6-all source:ecdict cet4 cet6 family:licensed family:licensing family:licenses,2872
lick,lik,n.,"n. 舔, 少许, 打\nvt. 舔, 卷过, 鞭打\nvi. 轻轻拍打",,,cet6-all source:ecdict cet4 cet6 family:licked family:licking family:licks,5936
lid,lid,n.,"n. 盖子, 限制, 眼睑\nvt. 给...盖盖子",,,cet6-all source:ecdict cet4 cet6 family:lids family:lidded,4658
lieutenant,lef'tenәnt,n.,"n. 中尉, 助理人员, 副官",,,cet6-all source:ecdict cet4 cet6 cet6-core family:lieutenants,6051
lifetime,'laiftaim,n.,"n. 一生, 终生\na. 一生的, 终生的",,,cet6-all source:ecdict cet4 cet6 family:lifetimes,2767
lighten,'laitn,vt.,"vt. 照亮, 点亮, 减轻, 使轻松, 闪出\nvi. 发亮, 打闪, 变轻",,,cet6-all source:ecdict cet4 cet6 family:lightened family:lightening family:lightens,8581
lighter,'laitә,n.,"n. 点火者, 点灯工人, 打火机, 驳船\nvt. 以驳船搬运",,,cet6-all source:ecdict cet6 family:light family:r family:lighters,8206
lightly,'laitli,adv.,"adv. 轻轻地, 少许, 不费力地",,,cet6-all source:ecdict cet4 cet6,3396
lightning,'laitniŋ,n.,n. 闪电\nvi. 闪电\na. 闪电的,,,cet6-all source:ecdict cet4 cet6 family:lightnings,4562
likelihood,'laiklihud,n.,"n. 可能, 可能性",,,cet6-all source:ecdict cet4 cet6 cet6-core family:likelihoods,4596
likely,'laikli,adj.,"a. 有可能的, 合适的, 前途有望的\nadv. 或许, 可能",,,cet6-all source:ecdict cet4 cet6 family:likeliest,624
likeness,'laiknis,n.,"n. 相象, 相似物, 样子",,,cet6-all source:ecdict cet6 family:likenesses,10244
likewise,'laikwaiz,adv.,"adv. 同样地, 也",,,cet6-all source:ecdict cet4 cet6,4530
lily,'lili,n.,"n. 百合, 百合花\na. 洁白的, 纯白色的, 纯洁的",,,cet6-all source:ecdict cet6 family:lilies,7313
limb,lim,n.,"n. 四肢, 枝干, 翼, 边缘\nvt. 切断...之手足",,,cet6-all source:ecdict cet4 cet6 cet6-core family:limbs family:limbed,3643
lime,laim,n.,"n. 石灰, 粘鸟胶, 酸橙\nvt. 以石灰处理, 粘鸟胶于, 撒石灰",,,cet6-all source:ecdict cet4 cet6 family:limes family:liming family:limed,5429
limestone,'laimstәun,n.,n. 石灰石\n[化] 石灰石; 石灰岩,,,cet6-all source:ecdict cet6 family:limestones,9196
limit,'limit,n.,"n. 界限, 边界, 限度, 极限, 限制\nvt. 限制, 限定",,,cet6-all source:ecdict cet4 cet6 family:limits family:limited family:limiting,1348
limitation,.limi'teiʃәn,n.,"n. 限制, 缺陷, 限额\n[医] 限界, 限制, 限度",,,cet6-all source:ecdict cet4 cet6 cet6-core family:limitations,3019
limited,'limitid,adj.,"a. 有限制的, 有限的, 有限责任的\nn. 特别快车",,,cet6-all source:ecdict cet4 cet6 family:limit family:dp family:limited,1982
limp,limp,n.,"n. 跛行\na. 柔软的, 无力的, 软弱的\nvi. 跛行",,,cet6-all source:ecdict cet6 cet6-core family:limped family:limping family:limps family:limpest,9496
line,lain,n.,"n. 列, 线, 绳, 电线, 线路, 路线, 航线, 作业线, 界线, 战线, 外形, 排, 家系\nvt. 排成一行, 顺...排列, 划线于, 加衬里, 使有线条, 使起皱纹\nvi. 排队\n[计] 线路",,,cet6-all source:ecdict cet4 cet6 family:lines family:lined family:lining,276
linear,'liniә,adj.,"a. 线的, 直线的, 线状的\n[计] 线性",,,cet6-all source:ecdict cet6 cet6-core,5802
linen,'linin,n.,"n. 亚麻布, 亚麻线, 亚麻制品\na. 亚麻布制的, 亚麻的",,,cet6-all source:ecdict cet4 cet6 cet6-core family:linens,6009
liner,'lainә,n.,"n. 班机, 划线者, 定期船, 衬里\n[化] 衬垫; 垫带; 套管",,,cet6-all source:ecdict cet4 cet6 cet6-core family:liners,7501
linger,'liŋgә,vi.,"vi. 逗留, 消磨, 徘徊\nvt. 消磨",,,cet6-all source:ecdict cet6 cet6-core family:lingered family:lingers family:lingering,5721
linguistic,liŋ'^wistik,adj.,"a. 语言的, 语言学的\n[计] 语言的, 语言学的",,,cet6-all source:ecdict cet6,6695
lining,'lainiŋ,n.,"n. 衬里, 内层, 衬垫\n[化] 衬里; 衬垫; 衬套; 衬层",,,cet6-all source:ecdict cet6 family:line family:i family:linings family:lining,9435
link,liŋk,n.,"n. 环, 连结物, 链接, 火把\nvt. 连结, 联合, 挽住\nvi. 连接起来\n[计] 连接, 链路",,,cet6-all source:ecdict cet4 cet6 family:linked family:links family:linking,1730
lion,'laiәn,n.,"n. 狮子, 狮子(星)座, 国际狮子会会员",,,cet6-all source:ecdict cet4 cet6 family:lions,4305
lip,lip,n.,"n. 唇, 口缘, 唇状构造\nvt. 以嘴唇碰, 轻轻说出\na. 口头上的\n[计] 大型互连网信息包",,,cet6-all source:ecdict cet4 cet6 family:lips family:lipped,1582
lipstick,'lipstik,n.,"n. 口红, 唇膏\n[机] 口红",,,cet6-all source:ecdict cet6 family:lipsticks family:lipsticking family:lipsticked,7372
liquid,'likwid,n.,"n. 液体, 流体, 流音\na. 液体的, 透明的, 明亮的, 流动的, 易变的",,,cet6-all source:ecdict cet4 cet6 family:liquids,4360
liquor,'likә,n.,"n. 酒, 液体, 汁, 溶液\nvt. 浸水\nvi. 喝酒",,,cet6-all source:ecdict cet4 cet6 family:liquors,5711
list,list,n.,"n. 目录, 名单, 明细表, 布条, 条纹, 列表, 序列, 数据清单\nvt. 列出, 列于表上, 记入名单内, 装布条\nvi. 列于表上\n[计] 列表, 序列, 数据清单",,,cet6-all source:ecdict cet4 cet6 family:lists family:listed family:listing,761
liter,'li:tә,n.,n. 公升\n[化] 升,,,cet6-all source:ecdict cet4 cet6,11406
literacy,'litәrәsi,n.,"n. 读写能力, 识字, 精通文学",,,cet6-all source:ecdict cet6 cet6-core family:literacies,5159
literal,'litәrәl,adj.,"a. 逐字的, 字面上的, 文字的, 字母的\nn. 印刷错误\n[计] 文字; 直接量; 字面量; 句节",,,cet6-all source:ecdict cet6 cet6-core family:literals,7706
literally,'litәrәli,adv.,"adv. 逐字地, 按照字面上地, 不夸张地",,,cet6-all source:ecdict cet6,2469
literary,'litәrәri,adj.,"a. 文学的, 文艺的, 精通文学的\n[法] 文学的, 从事文学的, 从事写作的",,,cet6-all source:ecdict cet4 cet6 cet6-core,2700
literature,'litәrәtʃә,n.,"n. 文学, 文艺, 著作\n[经] 广告, 商品介绍等文学",,,cet6-all source:ecdict cet4 cet6 cet6-core family:literatures,1549
litter,'litә,n.,"n. 垃圾, 杂乱, 轿, 担架\nvt. 乱丢, 铺草, 弄乱\nvi. 产仔, 乱丢垃圾",,,cet6-all source:ecdict cet6 cet6-core family:littered family:litters family:littering,8093
lively,'laivli,adj.,"a. 活泼的, 鲜明的, 生动的",,,cet6-all source:ecdict cet4 cet6 family:livelier family:liveliest,5775
liver,'livә,n.,"n. 肝脏, 生活者, 居民\n[医] 肝",,,cet6-all source:ecdict cet4 cet6 family:livers,4667
living,'liviŋ,n.,"n. 生活, 生计, 生存\na. 活的, 逼真的, 现存的",,,cet6-all source:ecdict cet4 cet6 family:live family:i family:living family:livings,1329
load,lәud,n.,"n. 负荷, 担子, 重担, 装载量, 负载, 工作量, 加载\nvt. 装载, 装填, 使担负\nvi. 装货, 上客, 装料\n[计] 加载, 装入程序",,,cet6-all source:ecdict cet4 cet6 family:loads family:loaded family:loading,2901
loaf,lәuf,n.,"n. 一条面包, 块, 游荡\nv. 游手好闲, 虚度光阴",,,cet6-all source:ecdict cet4 cet6 family:loaves family:loafing family:loafed family:loafs,6892
loan,lәun,n.,"n. 贷款, 借出\nv. 借, 供应货款, 借给",,,cet6-all source:ecdict cet4 cet6 family:loans family:loaned family:loaning,1699
lobby,'lɒbi,n.,"n. 大厅, 休息室, 游说议员者\nvi. 游说议员, 游说\nvt. 游说",,,cet6-all source:ecdict cet6 family:lobbies family:lobbying family:lobbied,3736
local,'lәukәl,adj.,"a. 地方性的, 当地的, 局部的, 乡土的, 本地的\nn. 当地居民, 本地新闻, 局部\n[计] 本地的; 局部",,,cet6-all source:ecdict cet4 cet6 family:locals,423
locality,lәu'kæliti,n.,"n. 地方, 所在, 位置\n[法] 位置, 场所, 地区",,,cet6-all source:ecdict cet6 cet6-core family:localities,11068
locate,'lәukeit,vt.,"vt. 找出, 设于, 位于\nvi. 定居",,,cet6-all source:ecdict cet4 cet6 family:located family:locating family:locates,1682
location,lәu'keiʃәn,n.,"n. 位置, 场所, 特定区域\n[计] 位置",,,cet6-all source:ecdict cet4 cet6 family:locations,1433
locomotive,.lәukә'mәutiv,n.,"n. 火车头, 机车\na. 运转的, 火车头的, 移动的",,,cet6-all source:ecdict cet4 cet6 cet6-core family:locomotives,11729
locust,'lәukәst,n.,"n. 蝗虫, 蚱蜢, 蝉",,,cet6-all source:ecdict cet6 family:locusts,15256
lodge,lɒdʒ,n.,"n. 小屋, 门房, 支部, 旅舍, 分会\nvi. 临时住宿, 倒伏, 寄宿, 投宿\nvt. 安顿, 容纳, 提出, 把...射入, 存放",,,cet6-all source:ecdict cet4 cet6 family:lodged family:lodging family:lodges,6843
lodging,'lɒdʒiŋ,n.,"n. 寄宿处, 寄宿\n[法] 提起, 住所",,,cet6-all source:ecdict cet6 family:lodge family:i family:lodging,12958
lofty,'lɒfti,adj.,"a. 高的, 傲慢的, 崇高的, 高级的, 玄虚的",,,cet6-all source:ecdict cet6 cet6-core family:loftier family:loftiest,9596
log,lɒg,n.,"n. 记录, 圆木, 日志, 计程仪\nvt. 伐木, 切, 航行\nvi. 伐木\n[计] 日志",,,cet6-all source:ecdict cet4 cet6 family:logs family:logged family:logging,3423
logic,'lɒdʒik,n.,"n. 逻辑, 逻辑学, 推理的方法, 推理, 逻辑性\n[计] 逻辑",,,cet6-all source:ecdict cet4 cet6 family:logics,3469
logical,'lɒdʒikәl,adj.,"a. 合乎逻辑的, 合理的\n[法] 逻辑的, 符合逻辑的",,,cet6-all source:ecdict cet4 cet6 cet6-core family:logicals,4569
logistics,lәu'dʒistiks,n.,"n. 后勤学, 后勤\n[医] 后勤学",,,cet6-all source:ecdict cet6,9920
lonely,'lәunli,adj.,"a. 孤单的, 孤寂的, 荒凉的",,,cet6-all source:ecdict cet4 cet6 family:loneliest family:lonelier,4002
longevity,lɒn'dʒeviti,n.,"n. 长命, 长寿, 寿命\n[医] 长寿",,,cet6-all source:ecdict cet6 cet6-core,8871
longing,'lɒŋiŋ,n.,"n. 渴望, 热望, 憧憬\na. 渴望的, 热望的",,,cet6-all source:ecdict cet6 family:long family:i family:longing family:longings,8143
longitude,'lɒndʒitju:d,n.,"n. 经度, 经线\n[电] 经度",,,cet6-all source:ecdict cet6 family:longitudes,16823
loop,lu:p,n.,"n. 环, 圈, 弯曲部分, 循环\nvt. 使成环, 以圈结, 以环连结\nvi. 打环, 翻筋斗\n[计] 循环",,,cet6-all source:ecdict cet4 cet6 family:loops family:looping family:looped,4250
loose,lu:s,n.,"n. 发射, 放任, 放纵\na. 宽松的, 松的, 宽的, 不牢固的, 散漫的, 自由的, 不精确的\nvt. 释放, 放枪, 开船\nvi. 变松, 开火\nadv. 松散地",,,cet6-all source:ecdict cet4 cet6 family:loosed family:loosing family:looses,2851
loosely,'lu:sli,adv.,"adv. 松弛地, 宽松地, 不紧",,,cet6-all source:ecdict cet6,6916
loosen,lu:sn,vt.,"vt. 放松, 松开, 解除\nvi. 变松, 松弛",,,cet6-all source:ecdict cet4 cet6 family:loosened family:loosening family:loosens,6023
lord,lɒ:d,n.,"n. 统治者, 阁下, 上帝\nvi. 称王, 作威作福\nvt. 使成贵族",,,cet6-all source:ecdict cet4 cet6 family:lording family:lorded family:lords,31607
lorry,'lɒri,n.,"n. 卡车, 货车\n[化] 载重汽车",,,cet6-all source:ecdict cet4 cet6 family:lorries,24926
lose,lu:z,vt.,"vt. 遗失, 损失, 丢失, 使失去, 错过, 浪费, 迷失, 使迷路, 输去, 使沉溺于\nvi. 受损失, 失败",,,cet6-all source:ecdict cet4 cet6 family:lost family:losing family:loses,283
loss,lɒs,n.,"n. 损失, 遗失, 失败, 输, 错过, 伤亡\n[化] 损失; 损耗",,,cet6-all source:ecdict cet4 cet6 family:losses,788
loudspeaker,'laud'spi:kә,n.,"n. 扩音器, 喇叭\n[电] 扬声器",,,cet6-all source:ecdict cet4 cet6 family:loudspeakers family:loudspeakering family:loudspeakered,12875
lounge,laundʒ,n.,"n. 闲逛, 休闲室, 长沙发\nvi. 闲混, (懒洋洋地)躺\nvt. 闲混",,,cet6-all source:ecdict cet6 cet6-core family:lounges family:lounging family:lounged,5990
loyal,'lɒiәl,adj.,"a. 忠诚的, 忠实的, 忠贞的",,,cet6-all source:ecdict cet4 cet6 cet6-core,4770
loyalty,'lɒiәlti,n.,"n. 忠贞, 忠诚, 忠实\n[法] 忠诚, 忠心",,,cet6-all source:ecdict cet4 cet6 cet6-core family:loyalties,4077
lubricate,'lu:brikeit,vt.,"vt. 使润滑, 涂油\nvi. 润滑",,,cet6-all source:ecdict cet4 cet6 cet6-core family:lubricated family:lubricating family:lubricates,19873
luggage,'lʌgidʒ,n.,"n. 行李, 皮箱",,,cet6-all source:ecdict cet4 cet6 cet6-core family:luggaged,7333
lumber,'lʌmbә,n.,"n. 木材, 破旧家俱, 废物, 隆隆声\nvt. 砍伐木材, 乱堆\nvi. 笨拙地移动, 喧闹地向前走, 隆隆地移动",,,cet6-all source:ecdict cet4 cet6 family:lumbered family:lumbering family:lumbers,6984
luminous,'lu:minәs,adj.,"a. 发光的, 明亮的\n[医] 发光的",,,cet6-all source:ecdict cet6 cet6-core,9593
lump,lʌmp,n.,"n. 块, 瘤, 很多, 肿块, 笨人\nvt. 使成块状, 混在一起\nvi. 结块",,,cet6-all source:ecdict cet4 cet6 family:lumps family:lumped family:lumping,6139
lunar,'lu:nә,adj.,"a. 阴历的, 月的, 微亮的(指光)\n[医] 月的, 银的",,,cet6-all source:ecdict cet4 cet6 cet6-core,6871
luncheon,'lʌntʃәn,n.,"n. 午宴, 午餐会",,,cet6-all source:ecdict cet6 family:luncheons,9818
lung,lʌŋ,n.,"n. 肺, 肺脏, 空地\n[医] 肺",,,cet6-all source:ecdict cet4 cet6 family:lungs family:lunging,3247
luxurious,lʌg'zjuәriәs,adj.,"a. 豪华的, 奢侈的, 放纵的",,,cet6-all source:ecdict cet6,9064
luxury,'lʌkʃәri,n.,"n. 奢侈, 豪华\na. 奢侈的, 豪华的",,,cet6-all source:ecdict cet4 cet6 cet6-core family:luxuries,5575
mad,mæd,adj.,"a. 疯狂的, 发疯的, 生气的, 愚蠢的, 狂欢的\nn. 狂怒",,,cet6-all source:ecdict cet4 cet6 family:madder family:maddest family:mads,2572
magazine,.mægә'zi:n,n.,"n. 杂志, 仓库, 弹盒, 胶卷盒\n[计] 卡片箱, 介质装卸程序",,,cet6-all source:ecdict cet4 cet6 family:magazines,1001
magic,'mædʒik,n.,"n. 魔术, 魔法\na. 魔术的, 有魔力的, 不可思议的",,,cet6-all source:ecdict cet4 cet6 family:magics,3411
magician,mә'dʒiʃәn,n.,"n. 魔术家, 幻术家, 术士",,,cet6-all source:ecdict cet6 family:magicians,9416
magistrate,'mædʒistreit,n.,"n. 长官, 法官, 推事\n[法] 司法行政官, 治安法官, 地方法官",,,cet6-all source:ecdict cet6 cet6-core family:magistrates,11049
magnet,'mægnit,n.,"n. 磁铁, 有吸引力之人, 有吸引力之物\n[化] 磁体",,,cet6-all source:ecdict cet4 cet6 cet6-core family:magnets,6272
magnetic,mæg'netik,adj.,"a. 有磁性的, 有吸引力的, 催眠术的\n[医] 磁[性]的",,,cet6-all source:ecdict cet4 cet6 cet6-core family:magnetics,4830
magnetism,'mægnitizm,n.,"n. 磁性, 吸引力, 磁学, 催眠术\n[化] 磁学",,,cet6-all source:ecdict cet6,17795
magnificent,mæg'nifisnt,adj.,"a. 华丽的, 高尚的, 宏伟的",,,cet6-all source:ecdict cet4 cet6 cet6-core,5493
magnify,'mægnifai,vt.,"vt. 放大, 扩大, 赞美, 夸大\nvi. 有放大能力",,,cet6-all source:ecdict cet6 cet6-core family:magnified family:magnifies family:magnifying,9568
magnitude,'mægnitju:d,n.,"n. 巨大, 重大, 重要, 大小, 数量, 星等(指星的亮度)\n[计] 大小; 值",,,cet6-all source:ecdict cet6 cet6-core family:magnitudes,3971
maid,meid,n.,"n. 少女, 未婚女子, 女仆",,,cet6-all source:ecdict cet4 cet6 family:maids,6044
maiden,'meidn,n.,"n. 年轻未婚女子, 少女, 处女\na. 未婚的, 处女的, 初次的, 无经验的",,,cet6-all source:ecdict cet6 family:maidens,14342
main,mein,n.,"n. 主要部分, 干线, 体力, 力量, 主群组\na. 主要的, 重要的, 全力的\n[计] 主群组",,,cet6-all source:ecdict cet4 cet6,888
mainland,'meinlәnd,n.,"n. 大陆, 本土\n[法] 大陆",,,cet6-all source:ecdict cet4 cet6,6208
mainly,'meinli,adv.,"adv. 主要地, 大抵",,,cet6-all source:ecdict cet4 cet6,2805
maintain,mein'tein,vt.,"vt. 维持, 维修, 保持, 坚持, 供养, 主张\n[化] 维修",,,cet6-all source:ecdict cet4 cet6 cet6-core family:maintained family:maintaining family:maintains,922
maintenance,'meintәnәns,n.,"n. 维护, 保持, 维修, 生活费用, 坚持, 扶养\n[计] 维护; 维修",,,cet6-all source:ecdict cet4 cet6,3067
majesty,'mædʒәsti,n.,"n. 最高权威, 威严, 王权, 雄伟, 庄严",,,cet6-all source:ecdict cet6 cet6-core family:majesties,12516
major,'meidʒә,n.,"n. 主修课, 成年人, 陆军少校\na. 主要的, 较多的, 大部分的, 成年的, 严重的\nvi. 主修\n[计] 主要, 主要刻度",,,cet6-all source:ecdict cet4 cet6 family:majors family:majoring family:majored,444
majority,mә'dʒɒriti,n.,"n. 多数, 大半\n[计] 多数逻辑",,,cet6-all source:ecdict cet4 cet6 cet6-core family:majorities,1085
makeup,'meikʌp,n.,"n. 组成, 性格, 化妆品, 化装(术), 虚构, 补考",,,cet6-all source:ecdict cet6,3366
malice,'mælis,n.,"n. 恶意, 蓄意害人, 怨恨\n[法] 预谋, 蓄意, 恶意",,,cet6-all source:ecdict cet6 family:malices,13560
malicious,mә'liʃәs,adj.,"a. 怀恶意的, 恶毒的",,,cet6-all source:ecdict cet6,13112
mall,mɔ:l,n.,n. 林荫路,,,cet6-all source:ecdict cet6 cet6-core family:malls family:malling,3050
malpractice,mæl'præktis,n.,"n. 不当治疗, 不端行为, 渎职\n[医] 疗法失当, 医疗差错",,,cet6-all source:ecdict cet6 family:malpractices,9572
mammal,mæmәl,n.,n. 哺乳动物\n[化] 哺乳动物,,,cet6-all source:ecdict cet6 family:mammals,6146
manage,'mænidʒ,vi.,"vi. 处理\nvt. 管理, 控制, 维持, 达成, 经营, 运用",,,cet6-all source:ecdict cet4 cet6 family:managed family:manages family:managing,945
management,'mænidʒmәnt,n.,"n. 经营, 支配, 管理\n[化] 管理处",,,cet6-all source:ecdict cet4 cet6 cet6-core family:managements,906
managerial,.mænә'dʒiәriәl,adj.,"a. 管理的\n[经] 管理上的, 经营上的",,,cet6-all source:ecdict cet6,9846
manifest,'mænifest,n.,"n. 载货单, 运货单, 旅客名单\na. 显然的, 明白的\nvi. 显示, 出现\nvt. 表明, 表现, 证明",,,cet6-all source:ecdict cet6 cet6-core family:manifested family:manifests family:manifesting,5931
manipulate,mә'nipjuleit,vt.,"vt. 操纵, 利用, 操作, 巧妙地处理, 假造",,,cet6-all source:ecdict cet6 cet6-core family:manipulated family:manipulating family:manipulates,4248
mankind,mæn'kaind,n.,"n. 人类, 男性",,,cet6-all source:ecdict cet4 cet6,7282
manly,'mænli,adj.,"a. 象男人的, 强壮的, 适于男人的",,,cet6-all source:ecdict cet4 cet6 family:manliest family:manlier,14055
manner,'mænә,n.,"n. 样子, 礼貌, 风格\n[法] 方式, 方法, 样式",,,cet6-all source:ecdict cet4 cet6 family:manners,1818
manoeuvre,mә'nu:vә,n.,"n. 调遣, 演习, 策略\nvi. 调动, 演习, 用策略\nvt. 调动, 操纵",,,cet6-all source:ecdict cet6 family:manoeuvres family:manoeuvring family:manoeuvred,41423
mansion,'mænʃәn,n.,"n. 大厦, 宅邸",,,cet6-all source:ecdict cet6 cet6-core family:mansions,4761
manual,'mænjuәl,n.,"n. 手册, 指南\na. 手的, 手动的, 手工的, 体力的\n[计] 人工的, 手动的",,,cet6-all source:ecdict cet4 cet6 cet6-core family:manuals,4937
manufacture,.mænju'fæktʃә,n.,"n. 产品, 制造\nvt. 制造, 假造\nvi. 制造",,,cet6-all source:ecdict cet4 cet6 cet6-core family:manufactured family:manufactures family:manufacturing,5134
manufacturer,.mænju'fæktʃәrә,n.,"n. 制造业者, 厂商\n[经] 制造人, 制造商, 制造厂",,,cet6-all source:ecdict cet4 cet6 cet6-core family:manufacturers,2251
manuscript,'mænjuskript,n.,"n. 手稿, 原稿, 底稿\na. 手写的",,,cet6-all source:ecdict cet6 cet6-core family:manuscripts,5114
maple,'meipl,n.,"n. 枫, 枫木, 淡棕色\n[机] 枫木",,,cet6-all source:ecdict cet6 family:maples,5571
marathon,'mærәθәn,n.,"n. 马拉松, 耐力的考验",,,cet6-all source:ecdict cet6 family:marathons,6448
marble,'mɑ:bl,n.,"n. 大理石, 石弹, 雕刻品\na. 大理石的, 冷酷无情的, 有大理石花纹的",,,cet6-all source:ecdict cet4 cet6 cet6-core family:marbles family:marbling family:marbled,4819
margin,'mɑ:dʒin,n.,"n. 页边的空白, 边缘, 界限, 余裕, 差数, 差额, 保证金\nvt. 加边于, 加旁注于\n[计] 页边距",,,cet6-all source:ecdict cet4 cet6 cet6-core family:margins,3308
marginal,'mɑ:dʒinәl,adj.,"a. 边缘的, 最低限度的, 有旁注的\n[医] 缘的",,,cet6-all source:ecdict cet6 cet6-core family:marginals,6094
marine,mә'ri:n,n.,"n. 舰队, 水兵, 海景画\na. 海的, 海产的, 海底的, 船舶的, 海运的",,,cet6-all source:ecdict cet4 cet6 family:marines,4916
maritime,'mæritaim,adj.,"a. 海的, 海上的, 海事的, 沿海的, 海员的\n[经] 海事的, 海上的, 海员的",,,cet6-all source:ecdict cet6 family:maritimes,9625
marriage,'mæridʒ,n.,"n. 婚姻, 结婚, 婚礼, 合并\n[医] 婚姻, 结婚",,,cet6-all source:ecdict cet4 cet6 family:marriages,1011
married,'mærid,adj.,"a. 已婚的, 婚姻的\n[法] 结了婚的, 有配偶的, 夫妇的",,,cet6-all source:ecdict cet4 cet6 family:marry family:pd family:married,1610
mars,mɑ:z,n.,"n. 火星, 战神\n[医] 铁",,,cet6-all source:ecdict cet6 family:mar,
marsh,mɑ:ʃ,n.,"n. 沼泽, 湿地\na. 沼泽的",,,cet6-all source:ecdict cet6 cet6-core family:marshes,6794
marshal,'mɑ:ʃәl,n.,"n. 元帅, 陆空军高级将官, 典礼官, 执法官\nvt. 整理, 引领, 统率\nvi. 排列, 各就各位",,,cet6-all source:ecdict cet6 cet6-core family:marshalled family:marshals family:marshalling,10929
martyr,'mɑ:tә,n.,"n. 烈士, 受苦者, 受难者\nvt. 使成为烈士, 使受苦",,,cet6-all source:ecdict cet6 family:martyrs family:martyred family:martyring,8377
marvel,'mɑ:vl,n.,"n. 奇异事物, 罕见例子\nvt. 惊异于\nvi. 惊异",,,cet6-all source:ecdict cet6 family:marvelled family:marvels family:marvelling,7805
marvellous,'mɑ:vilәs,adj.,"a. 奇异的, 神奇的, 奇迹般的, 惊人的, 不可思议的, 绝妙的, 妙极的",,,cet6-all source:ecdict cet6,31078
marxism,'mɑ:ksizm,n.,"n. 马克思主义\n[法] 马克思的, 马克思主义的; 马克思主义",,,cet6-all source:ecdict cet6 family:marxisms,14142
marxist,'mɑ:ksist,adj.,a. 马克思主义的\nn. 马克思主义者,,,cet6-all source:ecdict cet4 cet6 family:marxists,10077
masculine,'mæskjulin,n.,"n. 阳性, 男性\na. 男性的, 阳性的, 有丈夫气的",,,cet6-all source:ecdict cet6 cet6-core family:masculines,7215
masculinity,.mæskju'liniti,n.,"n. 男子气, 刚毅, 大丈夫气概\n[医] 男子本性, 男性",,,cet6-all source:ecdict cet6 family:masculinities,11274
mask,mæsk,n.,"n. 面具, 假面具, 掩饰, 石膏面模\nvt. 戴面具, 掩饰, 使模糊\nvi. 化装, 戴面具, 掩饰, 参加化装舞会\n[计] 屏蔽; 掩码",,,cet6-all source:ecdict cet4 cet6 cet6-core family:masks family:masked family:masking,2893
mass,mæs,n.,"n. 块, 大多数, 质量, 大量, 群众, 弥撒\na. 群众的, 大规模的, 整个的\nvt. 使集合, 集中\nvi. 聚集",,,cet6-all source:ecdict cet4 cet6 cet6-core family:masses family:massing family:massed,1989
massacre,'mæsәkә,n.,"n. 大屠杀\nvt. 大屠杀, 残杀",,,cet6-all source:ecdict cet6 cet6-core family:massacres family:massacring family:massacred,6457
massive,'mæsiv,adj.,"a. 大而重的, 宽大的, 宏伟的\n[医] 大块的, 整块的, 大量的",,,cet6-all source:ecdict cet4 cet6 cet6-core,1996
mast,mɑ:st,n.,"n. 桅, 桅杆, 杆\nvt. 装桅杆于",,,cet6-all source:ecdict cet6 family:masts family:masted,11745
master,'mɑ:stә. 'mæstә,n.,"n. 主人, 硕士, 大师, 母机\na. 主人的, 主要的\nvt. 征服, 控制, 精通",,,cet6-all source:ecdict cet4 cet6 family:masters family:mastered family:mastering,1883
masterpiece,'mɑ:stәpi:s,n.,"n. 杰作, 名著",,,cet6-all source:ecdict cet4 cet6 cet6-core family:masterpieces,7685
mastery,'mɑ:stәri,n.,"n. 征服, 统治权, 优势, 精通, 掌握\n[法] 统治权, 控制权, 征服",,,cet6-all source:ecdict cet6,7593
mat,mæt,n.,"n. 垫, 丛, 衬边\na. 粗糙的, 无光泽的\nvi. 纠缠在一起\nvt. 铺席于...上, 使无光泽, 使缠结",,,cet6-all source:ecdict cet4 cet6 family:mats family:matted family:matting,5639
mate,meit,n.,"n. 配偶, 对手, 助手, (象棋)将死\nvt. 使配对, 使一致, 结伴, (象棋)将死\nvi. 成配偶, 紧密配合",,,cet6-all source:ecdict cet4 cet6 family:mates family:mated family:mating,4061
material,mә'tiәriәl,n.,"n. 材料, 物资, 素材, 布料, 资料\na. 物质的, 肉体的, 重要的",,,cet6-all source:ecdict cet4 cet6 family:materials,641
materialism,mә'tiәriәlizm,n.,n. 唯物主义,,,cet6-all source:ecdict cet4 cet6,12791
maternity,mә'tә:niti,n.,"n. 母性, 怀孕, 妇产科医院\na. 产妇的",,,cet6-all source:ecdict cet6 family:maternities,11382
mathematical,.mæθә'mætikl,adj.,"a. 数学的, 精确的\n[机] 数学上的",,,cet6-all source:ecdict cet4 cet6,6512
mathematics,.mæθә'mætiks,n.,n. 数学\n[机] 数学,,,cet6-all source:ecdict cet4 cet6,4257
maths,mæθs,n.,n. 数学,,,cet6-all source:ecdict cet4 cet6,38684
maturation,.mætʃu'reiʃәn,n.,"n. 化脓, 成熟\n[医] 成熟, 化脓",,,cet6-all source:ecdict cet6 family:maturations,15645
mature,mә'tjuә,adj.,"a. 成熟的, 到期的, 充分考虑的\nvt. 使成熟\nvi. 成熟, 到期",,,cet6-all source:ecdict cet4 cet6 cet6-core family:matures family:matured family:maturing family:maturer,5133
maturity,mә'tjuәriti,n.,"n. 成熟, 完备, 到期\n[医] 成熟, 成熟期, 发育期",,,cet6-all source:ecdict cet6 family:maturities,6413
maximum,'mæksimәn,n.,"n. 极点, 最大量, 极大\na. 最高的, 最大的, 最大极限的\n[计] 最大值",,,cet6-all source:ecdict cet4 cet6 cet6-core family:maxima,3603
mayor,'mєә,n.,n. 市长\n[法] 市长,,,cet6-all source:ecdict cet4 cet6 family:mayors,2486
meadow,'medәu,n.,"n. 草地, 牧场",,,cet6-all source:ecdict cet4 cet6 cet6-core family:meadows,5581
meaningful,'mi:niŋful,adj.,a. 意味深长的,,,cet6-all source:ecdict cet6,3769
means,mi:nz,n.,"n. 方法, 手段, 工具, 财产, 收入\n[经] 方法, 手段, 工具; 意谓",,,cet6-all source:ecdict cet4 cet6 family:mean,
meantime,'mi:ntaim,n.,"n. 间隔时间, 其时\nadv. 其间",,,cet6-all source:ecdict cet4 cet6,4813
meanwhile,'mi:nhwail,n.,"n. 其时, 其间\nadv. 同时, 于此时",,,cet6-all source:ecdict cet4 cet6,1847
measurable,'meʒәrәbl,adj.,"a. 可测量的, 不久的, 重要的",,,cet6-all source:ecdict cet4 cet6,11403
measure,'meʒә,n.,"n. 尺寸, 量度器, 量度标准, 测量, 量具, 程度, 范围, 限度, 分寸, 措施, 方法\nvt. 测量, 测度, 估量, 权衡, 调节, 拿(自己或自己的力量等)作较量\nvi. 度量",,,cet6-all source:ecdict cet4 cet6 family:measures family:measured family:measuring,941
measurement,'meʒәdmәnt,n.,"n. 尺寸, 度量, 度量单位\n[计] 度量, 度量单位",,,cet6-all source:ecdict cet4 cet6 family:measurements,3227
mechanic,mi'kænik,n.,"n. 机械工, 技工\na. 手工的",,,cet6-all source:ecdict cet4 cet6 family:mechanics,4260
mechanical,mi'kænikәl,adj.,"a. 机械的, 机械性的, 力学的\n[医] 机械的, 力学的",,,cet6-all source:ecdict cet4 cet6 cet6-core family:mechanicals,3729
mechanically,mi'kænikәli,adv.,"adv. 机械, 用机械, 机械学, 物理, 力学, 呆板, 无意识, 手工操作, 技工",,,cet6-all source:ecdict cet4 cet6,13921
mechanics,mi'kæniks,n.,"n. 机械学, 结构, 力学\n[化] 力学",,,cet6-all source:ecdict cet4 cet6 family:mechanic family:s,
mechanism,'mekәnizm,n.,"n. 机械, 机构, 结构, 机理, 技巧\n[化] 机理; 历程; 机构",,,cet6-all source:ecdict cet6 family:mechanisms,2677
medal,'medl,n.,"n. 奖牌, 勋章\nvt. 授勋予",,,cet6-all source:ecdict cet4 cet6 family:medals,3451
media,'mi:diә,n.,n. 媒体\n[计] 媒质,,,cet6-all source:ecdict cet4 cet6,757
mediate,'mi:dieit,adj.,"a. 居间的, 间接的\nvt. 斡旋, 调停\nvi. 处于中间, 调解",,,cet6-all source:ecdict cet6 cet6-core family:mediated family:mediating family:mediates,7370
medical,'medikl,n.,"n. 医生, 体格检查\na. 医学的, 内科的, 药的",,,cet6-all source:ecdict cet4 cet6 family:medicals,646
medieval,.medi'i:vl,adj.,"a. 中古的, 中世纪的",,,cet6-all source:ecdict cet6 cet6-core,5073
meditate,'mediteit,vt.,"vt. 想, 考虑, 计划\nvi. 沉思, 反省",,,cet6-all source:ecdict cet6 family:meditating family:meditated family:meditates,12380
mediterranean,.meditә'reiniәn,n.,"n. 地中海, 地中海民族\na. 地中海的, 地中海民族的",,,cet6-all source:ecdict cet4 cet6,7623
medium,'mi:diәm,n.,"n. 媒体, 方法, 媒介\na. 半生熟的, 中间的\n[计] 媒体, 中",,,cet6-all source:ecdict cet4 cet6 cet6-core family:mediums,3241
melancholy,'melәnkɒli,n.,"n. 忧郁, 悲哀, 愁思\na. 忧郁的, 使人悲伤的, 愁思的",,,cet6-all source:ecdict cet6,13596
melody,'melәdi,n.,"n. 曲子, 美妙音乐, 曲调",,,cet6-all source:ecdict cet6 cet6-core family:melodies,5565
melon,'melәn,n.,"n. 瓜, 甜瓜, 红利, 赃物\n[化] 三聚二氰亚胺",,,cet6-all source:ecdict cet4 cet6 family:melons,9886
melt,melt,n.,"n. 熔化, 熔化物, 溶解\nv. (使)熔化, (使)溶解, (使)消散, (使)变软",,,cet6-all source:ecdict cet4 cet6 cet6-core family:melted family:melting family:melts,3460
membership,'membәʃip,n.,"n. 会员的资格, 全体会员, 会员数目\n[法] 会员资格, 成员资格, 会籍",,,cet6-all source:ecdict cet6 family:memberships,3085
memorial,mi'mɒ:riәl,n.,"n. 纪念物, 请愿书\na. 记念的, 记忆的",,,cet6-all source:ecdict cet4 cet6 family:memorials,4564
memory,'memәri,n.,"n. 记忆, 记忆力, 回忆, 纪念, 存储\nn. 内存\n[计] 存储器, 内存, 查看内存实用程序",,,cet6-all source:ecdict cet4 cet6 family:memories,891
menace,'menis,n.,"n. 威胁, 胁迫\nv. 威吓, 胁迫",,,cet6-all source:ecdict cet6 cet6-core family:menaces family:menaced family:menacing,9314
mental,'mentl,adj.,"a. 心智的, 精神病的, 心理的, 颏的\nn. 精神病患者",,,cet6-all source:ecdict cet4 cet6 cet6-core,1584
merchandise,'mә:tʃәndaiz,n.,"n. 商品, 货物\nv. 交易, 买卖",,,cet6-all source:ecdict cet6 family:merchandising family:merchandised,7045
merchant,'mә:tʃәnt,n.,"n. 商人, 店主\na. 商业的, 商人的",,,cet6-all source:ecdict cet4 cet6 family:merchants family:merchanting,4126
merciful,'mә:siful,adj.,"a. 仁慈的, 慈悲的",,,cet6-all source:ecdict cet6,17622
mercury,'mә:kjuri,n.,"n. 水银, 汞, 使者\n[化] 汞Hg",,,cet6-all source:ecdict cet4 cet6 cet6-core,6937
mercy,'mә:si,n.,"n. 仁慈, 宽恕, 慈悲, 怜悯, 幸运\n[法] 权宜处置权, 决定权, 宽恕",,,cet6-all source:ecdict cet4 cet6 family:mercies,5244
mere,miә,n.,"n. 小湖, 池塘\na. 仅仅的, 只不过的",,,cet6-all source:ecdict cet4 cet6 cet6-core family:merest family:meres,2925
merely,'miәli,adv.,adv. 只,,,cet6-all source:ecdict cet4 cet6 cet6-core,1988
merge,mә:dʒ,vt.,"vt. 使合并, 使消失, 吞没\nvi. 合并, 渐渐消失\n[计] 合并",,,cet6-all source:ecdict cet6 cet6-core family:merged family:merging family:merges,5365
merit,'merit,n.,"n. 优点, 功绩, 价值, 功过, 真相\nvt. 值得\nvi. 应受",,,cet6-all source:ecdict cet4 cet6 cet6-core family:merits family:merited family:meriting,4501
merry,'meri,adj.,"a. 快乐的, 愉快的, 嬉戏作乐的",,,cet6-all source:ecdict cet4 cet6 family:merrier family:merriest,7420
mesh,meʃ,n.,"n. 网孔, 网丝, 网眼, 网状物, 圈套, 陷阱, 啮合\nvt. 以网捕捉, 啮合, 使缠住\nvi. 落网, 相啮合",,,cet6-all source:ecdict cet6 family:meshes family:meshed family:meshing family:meshs,7709
mess,mes,n.,"n. 食堂, 伙食, 用膳, 一份食品, 混乱, 乱七八糟, 困境\nvt. 将...弄糟, 妨碍, 使紊乱, 使就餐\nvi. 陷入困境, 搞乱, 用膳",,,cet6-all source:ecdict cet4 cet6 family:messing family:messed family:messes,3381
message,'mesidʒ,n.,"n. 消息, 通讯, 讯息, 教训, 预言, 广告词\nvt. 通知\nvi. 通报, 报告, 报信\n[计] 报文; 消息; 信息",,,cet6-all source:ecdict cet4 cet6 family:messages family:messaging family:messaged,807
messenger,'mesindʒә,n.,"n. 报信者, 使者\n[经] 使者, 送信者, 通信员",,,cet6-all source:ecdict cet4 cet6 cet6-core family:messengers,6537
metabolic,.metә'bɒlik,adj.,"a. 变化的, 变形的, 新陈代谢的\n[医] [新陈]代谢的",,,cet6-all source:ecdict cet6,10967
metal,'metәl,n.,"n. 金属, 金属制品, 合金, 本质, 质料\na. 金属制的\nvt. 以金属覆盖",,,cet6-all source:ecdict cet4 cet6 family:metals family:metaling family:metaled,1574
metallic,mi'tælik,adj.,"a. 金属的, 含金属的, 产生金属的\n[经] 金属的",,,cet6-all source:ecdict cet6 cet6-core family:metallics,8513
metallurgy,'metәlә:dʒi,n.,"n. 冶金学, 冶金术\n[化] 冶金",,,cet6-all source:ecdict cet6,27077
meteorite,'mi:tiәrait,n.,n. 陨星\n[化] 陨石; 陨铁,,,cet6-all source:ecdict cet6 family:meteorites,12025
method,'meθәd,n.,"n. 方法, 办法, 条理, 秩序\n[医] [方]法",,,cet6-all source:ecdict cet4 cet6 family:methods,998
metre,'mi:tә,n.,"n. 公尺, 格律, 韵律\n[医] 米, 公尺",,,cet6-all source:ecdict cet4 cet6 family:metres,
metric,'metrik,adj.,"a. 公尺的, 公制的, 计量的\n[医] 测量的, 米制的, 公制的",,,cet6-all source:ecdict cet4 cet6 family:metrics,10163
metropolitan,.metrә'pɒlitn,n.,"n. 大都市居民, 都主教, 宗主国的公民\na. 大都市的, 都主教区的, 宗主国的",,,cet6-all source:ecdict cet6 cet6-core family:metropolitans,4293
microcomputer,.maikrәu'kɒmpjutә,n.,"n. 微电脑, 微机\n[计] 微型计算机; 微计算机",,,cet6-all source:ecdict cet4 cet6 family:microcomputers,22510
microphone,'maikrәfәun,n.,"n. 扩音器, 麦克风\n[医] 扩音器, 传声器",,,cet6-all source:ecdict cet4 cet6 family:microphones,5577
microprocessor,.maikrәu'prәusesә,n.,n. 微处理器\n[计] 微处理器; 微处理机,,,cet6-all source:ecdict cet6 family:microprocessors,12718
microscope,'maikrәuskәup,n.,n. 显微镜\n[化] 显微镜,,,cet6-all source:ecdict cet4 cet6 family:microscopes family:microscoping,8309
microscopic,maikrә'skɔpik,adj.,"a. 显微镜的, 用显微镜可见的, 微观的, (非正式)极微小的, 细微的\n[计] 微观的",,,cet6-all source:ecdict cet6,9581
microwave,'maikrәuweiv,n.,n. 微波\n[计] 微波,,,cet6-all source:ecdict cet6 family:microwaves family:microwaved family:microwaving,5846
midday,'middei,n.,"n. 正午, 中午\na. 正午的",,,cet6-all source:ecdict cet4 cet6,9129
midnight,'midnait,n.,"n. 午夜, 子夜, 半夜\na. 午夜的, 半夜的",,,cet6-all source:ecdict cet4 cet6 family:midnights,3461
midst,midst,n.,n. 中间\nprep. 在...中间,,,cet6-all source:ecdict cet4 cet6 cet6-core,4342
mighty,'maiti,n.,"n. 有势力的人\na. 有势力的, 强大的, 有力的\nadv. 很, 极",,,cet6-all source:ecdict cet6 family:mightiest family:mightier,5943
migrant,'maigrәnt,n.,"n. 候鸟, 移居者\n[法] 移居者",,,cet6-all source:ecdict cet6 cet6-core family:migrants,5190
migrate,'maigreit,vi.,"vi. 移动, 移往, 随季节而移居\n[计] 迁移程序",,,cet6-all source:ecdict cet6 cet6-core family:migrating family:migrated family:migrates,6504
mild,maild,adj.,"a. 温和的, 温柔的, 淡味的, 适度的, 轻微的, (肥皂等)软性的\n[医] 轻的, 缓和的",,,cet6-all source:ecdict cet4 cet6 cet6-core family:milder family:mildest family:milds,3819
mile,mail,n.,"n. 英里, 很大距离\n[机] 英里, 哩",,,cet6-all source:ecdict cet4 cet6 family:miles,
militant,'militәnt,adj.,a. 好战的,,,cet6-all source:ecdict cet6 cet6-core family:militants,7179
military,'militәri,n.,"n. 军队\na. 军事的, 军人的, 适于战争的",,,cet6-all source:ecdict cet4 cet6 cet6-core,474
milky,'milki,adj.,"a. 乳状的, 乳白色的, 柔和的",,,cet6-all source:ecdict cet6,7173
mill,mil,n.,"n. 压榨机, 磨坊, 制造厂\nvt. 碾磨, 磨细, 搅拌, 使乱转\nvi. 乱转, 被碾磨",,,cet6-all source:ecdict cet4 cet6 family:mills family:milling family:milled,4439
millimetre,'milimi:tә,n.,n. 毫米\n[机] 公厘,,,cet6-all source:ecdict cet4 cet6 family:millimetres,
millionaire,.miljә'nєә,n.,"n. 百万富翁, 大富豪\n[经] 大资本家, 巨富, 百万富翁",,,cet6-all source:ecdict cet6 cet6-core family:millionaires,6769
miner,'mainә,n.,"n. 矿工, 开矿机, 坑道工兵\n[经] 矿工",,,cet6-all source:ecdict cet4 cet6 family:miners,5693
mingle,'miŋgl,v.,v. (使)混合,,,cet6-all source:ecdict cet6 cet6-core family:mingled family:mingling family:mingles,8350
miniature,'miniәtʃә,n.,"n. 缩图, 小画像\na. 小规模的, 纤小的",,,cet6-all source:ecdict cet6 cet6-core family:miniatures,6061
minimal,'miniml,adj.,"a. 最小的, 极微的, 最小限度的\n[医] 最小的, 最低的",,,cet6-all source:ecdict cet6 cet6-core,4313
minimize,'minimaiz,vt.,vt. 将...减到最少\nvt. 最小化\nvi. 最小化\n[计] 最小化,,,cet6-all source:ecdict cet6 cet6-core family:minimizing family:minimized family:minimizes,3941
minimum,'minimәm,adj.,"a. 最小的, 最低的\nn. 最小值\n[计] 最小值",,,cet6-all source:ecdict cet4 cet6 cet6-core family:minima,3633
minister,'ministә,n.,"n. 部长, 牧师, 公使\nvi. 服侍, 救助, 主持宗教仪式",,,cet6-all source:ecdict cet4 cet6 family:ministers family:ministering family:ministered,1910
ministry,'ministri,n.,"n. 部, 内阁, 服务\n[经] 部",,,cet6-all source:ecdict cet4 cet6 family:ministries,4242
minor,'mainә,n.,"n. 未成年人, 副修科目\na. 较小的, 二流的, 未成年的\nvi. 副修\n[计] 次要",,,cet6-all source:ecdict cet4 cet6 family:minors,2610
minority,mai'nɒriti,n.,"n. 少数, 未成年, 少数民族\na. 少数的, 属于少数派的",,,cet6-all source:ecdict cet4 cet6 cet6-core family:minorities,1633
mint,mint,n.,"n. 薄荷, 造币厂, 巨额\nvt. 铸造, 铸币, 制造",,,cet6-all source:ecdict cet6 family:mints family:minted family:minting,8674
minus,'mainәs,n.,"n. 负号, 不足\na. 减的, 负的, 阴性的\nprep. 减, 缺\n[计] 负差",,,cet6-all source:ecdict cet4 cet6 family:minuses,8628
miracle,'mirәkl,n.,"n. 奇迹, 奇事",,,cet6-all source:ecdict cet4 cet6 family:miracles,3279
mirror,'mirә,n.,"n. 镜子, 写真, 典范\nvt. 反映, 映出",,,cet6-all source:ecdict cet4 cet6 family:mirrors family:mirrored family:mirroring,1853
mischief,'mistʃif,n.,"n. 损害, 伤害, 灾祸, 恶作剧, 淘气\n[法] 损害, 伤害, 危害",,,cet6-all source:ecdict cet6 family:mischiefs family:mischiefing,11810
miser,'maizә,n.,"n. 守财奴, 吝啬鬼, (石油工程上用的)锥钻头",,,cet6-all source:ecdict cet6 family:misers,27117
miserable,'mizәrәbl,adj.,a. 悲惨的；痛苦的；卑鄙的,,,cet6-all source:ecdict cet4 cet6,5769
misery,'mizәri,n.,"n. 痛苦, 悲惨, 不幸, 穷困",,,cet6-all source:ecdict cet6 cet6-core family:miseries,6088
misfortune,mis'fɒ:tʃәn,n.,"n. 不幸, 灾祸, 坏运气\n[法] 不幸事故, 不幸, 灾祸",,,cet6-all source:ecdict cet6 cet6-core family:misfortunes,10322
mislead,mis'li:d,vt.,vt. 误导,,,cet6-all source:ecdict cet4 cet6 family:misled family:misleading family:misleads,8670
missile,'misail,n.,"n. 发射物, 导弹, 飞弹, 火箭\na. 可发射的",,,cet6-all source:ecdict cet4 cet6 family:missiles,2367
missing,'misiŋ,adj.,"a. 不见的, 缺少的\n[法] 行踪不明的, 失踪的, 遗失的",,,cet6-all source:ecdict cet4 cet6 family:miss family:i family:missing,3499
mission,'miʃәn,n.,"n. 任务, 代表团, 使命, 传教团\nvt. 派遣, 向...传教",,,cet6-all source:ecdict cet4 cet6 cet6-core family:missions,1095
missionary,'miʃәnәri,n.,"n. 传教士, 负有任务者, 工作人员\na. 传教的, 传教士的",,,cet6-all source:ecdict cet6 cet6-core family:missionaries,4911
mist,mist,n.,"n. 雾, 迷蒙, 朦胧不清\nvt. 使模糊, 使蒙上雾\nvi. 变模糊, 下雾",,,cet6-all source:ecdict cet4 cet6 family:mists family:misted family:misting,5967
mister,'mistә,n.,n. 先生,,,cet6-all source:ecdict cet4 cet6,14999
mistress,'mistris,n.,"n. 主妇, 女主人, 情妇",,,cet6-all source:ecdict cet4 cet6 cet6-core family:mistresses,7187
misunderstand,.misʌndә'stænd,vt.,"vt. 误解, 误会",,,cet6-all source:ecdict cet4 cet6 family:misunderstood family:misunderstanding family:misunderstands,8287
mitten,'mitn,n.,"n. 连指手套, 拳击手套",,,cet6-all source:ecdict cet6 family:mittens family:mittened,16533
mixer,'miksә,n.,"n. 混合者, 混合器, 搅拌机, 搅拌器, 混频器, (非正式)交际家, 与人相处的人\n[计] 混频器, 音装置",,,cet6-all source:ecdict cet6 family:mixers,8987
mixture,'mikstʃә,n.,"n. 混合, 混淆, 混合物\n[化] 混合物",,,cet6-all source:ecdict cet4 cet6 family:mixtures,2413
moan,mәun,n.,"n. 呻吟, 悲叹\nvi. 呻吟, 抱怨, 悲叹\nvt. 呻吟着说",,,cet6-all source:ecdict cet4 cet6 cet6-core family:moaned family:moaning family:moans,7649
mob,mɒb,n.,"n. 暴民, 民众, 暴徒\nvt. 大举包围, 蜂拥进入, 围攻\nvi. 聚众生事",,,cet6-all source:ecdict cet6 cet6-core family:mobs family:mobbed family:mobbing,5707
mobile,'mәubil,adj.,"a. 移动的, 易变的, 机动的\nn. 活动物体",,,cet6-all source:ecdict cet4 cet6 cet6-core family:mobiles,4686
mobility,mәu'biliti,n.,"n. 可动性, 流动性, 机动性\n[化] 迁移率",,,cet6-all source:ecdict cet6 family:mobilities,5701
mobilize,'mәubilaiz,vt.,"vt. 动员, 调动, 使流通\nvi. 动员",,,cet6-all source:ecdict cet6 cet6-core family:mobilized family:mobilizing family:mobilizes,6235
mock,mɒk,n.,"n. 嘲笑, 戏弄, 模仿\na. 假的, 伪造的, 模拟的\nadv. 虚伪地\nvt. 嘲弄, 模仿, 使失望, 欺骗, 挫败\nvi. 嘲弄",,,cet6-all source:ecdict cet6 cet6-core family:mocked family:mocking family:mocks,7541
mode,mәud,n.,"n. 模态, 调式, 样式, 文体, 状态, 方式, 风尚\n[计] 方式; DOS外部命令:设定各种设备命令",,,cet6-all source:ecdict cet4 cet6 family:modes,2793
moderate,'mɒdәrәt,adj.,"a. 适度的, 稳健的, 中等的, 节制的\nvt. 节制, 减轻, 使缓和\nvi. 变缓和, 主持会议",,,cet6-all source:ecdict cet4 cet6 family:moderates family:moderated family:moderating,3264
moderately,'mɒdәrәtli,adv.,"adv. 适当地, 适度地, 中庸地",,,cet6-all source:ecdict cet6,8132
modest,'mɒdist,adj.,"a. 谦逊的, 羞怯的, 端庄的, 适度的\n[经] 适当的",,,cet6-all source:ecdict cet4 cet6 cet6-core,3101
modesty,'mɒdisti,n.,"n. 谦逊, 质朴, 羞怯",,,cet6-all source:ecdict cet6 family:modesties,11845
modification,.mɒdifi'keiʃәn,n.,"n. 修正, 修饰, 修改\n[化] 修饰; 修改",,,cet6-all source:ecdict cet6 family:modifications,5523
modify,'mɒdifai,vt.,"vt. 修正, 变更, 修饰, 缓和, 减轻\nvi. 被修改\n[计] 修改",,,cet6-all source:ecdict cet4 cet6 cet6-core family:modified family:modifying family:modifies,3685
modulate,'mɒdjuleit,vt.,"vt. 调整, 使转调, 控制\nvi. 转调, 调制",,,cet6-all source:ecdict cet6 family:modulated family:modulating family:modulates,16415
module,'mɒdju:l,n.,"n. 组件, 模数\n[计] 模块",,,cet6-all source:ecdict cet6 cet6-core family:modules,6287
moist,mɒist,adj.,"a. 潮湿的, 多雨的, 感伤的, 含泪的\n[医] 湿的",,,cet6-all source:ecdict cet4 cet6 family:moister,6541
moisture,'mɒistʃә,n.,"n. 湿气, 水分, 降雨\n[化] 含水量; 含湿量",,,cet6-all source:ecdict cet4 cet6,5447
molecular,mә'lekjulә,adj.,"a. 分子的, 由分子组成的\n[医] 分子的",,,cet6-all source:ecdict cet6,6323
molecule,'mɒlikju:l,n.,"n. 分子, 些微\n[化] 分子",,,cet6-all source:ecdict cet4 cet6 cet6-core family:molecules,4785
momentary,'mәumәntәri,adj.,"a. 瞬间的, 刹那间的",,,cet6-all source:ecdict cet6,12036
momentum,mәu'mentәm,n.,"n. 动力, 动量\n[化] 动量",,,cet6-all source:ecdict cet6 cet6-core,4335
monarch,'mɒnәk,n.,"n. 帝王, 统治者, 元首\n[医] 单原型(植)",,,cet6-all source:ecdict cet6 family:monarchs,8640
monetary,'mʌnitәri,adj.,"a. 货币的, 金钱的\n[经] 货币的, 金融的",,,cet6-all source:ecdict cet6 cet6-core,5077
monitor,'mɒnitә,n.,"n. 监督器, 级长, 监听员, 班长, 监视器, 告诫物\nv. 监视, 监听, 监督\n[计] 监视器, 监视程序; 监视",,,cet6-all source:ecdict cet4 cet6 cet6-core family:monitored family:monitoring family:monitors,2349
monk,mʌŋk,n.,"n. 修道士, 僧侣, 和尚",,,cet6-all source:ecdict cet6 family:monks,5856
monopoly,mә'nɒpәli,n.,"n. 垄断, 专卖权, 独占事业\n[经] 垄断, 专利品, 垄断(权)独占",,,cet6-all source:ecdict cet6 cet6-core family:monopolies,5686
monster,'mɒnstә,n.,"n. 怪物, 恶人, 巨物\n[医] 畸胎",,,cet6-all source:ecdict cet6 cet6-core family:monsters,3565
monstrous,'mɒnstrәs,adj.,"a. 巨大的, 畸形的, 怪异的\n[法] 巨大的, 异形的, 畸形的:荒诞的",,,cet6-all source:ecdict cet6,10332
monument,'mɒnjumәnt,n.,"n. 纪念碑, 纪念物, 石碑",,,cet6-all source:ecdict cet4 cet6 family:monuments,4066
mood,mu:d,n.,"n. 心情, 气氛, 生气, 基调\n[医] 心境",,,cet6-all source:ecdict cet4 cet6 family:moods,2344
moor,muә,n.,n.荒野；旷野\nMoor: 摩尔人.\nv.系住；停泊,,,cet6-all source:ecdict cet6 family:moors family:moored family:mooring,17855
mop,mɒp,n.,"n. 拖把, 鬼脸\nvt. 用拖把洗擦, 擦, 拭\nvi. 做鬼脸\n[计] 维护操作协议",,,cet6-all source:ecdict cet6 family:mopping family:mopped family:mops,12312
moral,'mɒrәl,n.,"n. 道德, 品行, 寓意\na. 道德的, 品性端正的, 精神上的",,,cet6-all source:ecdict cet4 cet6 cet6-core family:morals,1459
morality,mә'ræliti,n.,"n. 道德, 教训, 品行\n[法] 道德, 道义",,,cet6-all source:ecdict cet6 cet6-core family:moralities,5115
moreover,mɒ:'әuvә,adv.,"adv. 而且, 此外",,,cet6-all source:ecdict cet4 cet6 cet6-core,2282
mortal,'mɒ:tәl,n.,"n. 生物, 人类\na. 不免一死的, 人类的, 临终的",,,cet6-all source:ecdict cet4 cet6 cet6-core family:mortals,9517
mortgage,'mɒ:gidʒ,n.,"n. 抵押, 约束性义务, 抵押借款\nvt. 抵押, 以...作担保, 把...许给",,,cet6-all source:ecdict cet6 cet6-core family:mortgages family:mortgaged family:mortgaging,3215
moslem,'mɒzlәm,n.,"n. 穆斯林\na. 穆斯林的, 伊斯兰教的",,,cet6-all source:ecdict cet6 family:moslems,18804
mosque,mɒsk,n.,n. 清真寺,,,cet6-all source:ecdict cet6 family:mosques,5801
mosquito,mә'ski:tәu,n.,n. 蚊子\n[医] 蚊,,,cet6-all source:ecdict cet4 cet6 family:mosquitos,5667
moss,mɒs,n.,"n. 苔藓, 泥沼\nvt. 使长满苔藓",,,cet6-all source:ecdict cet6 family:mosses,8708
mostly,'mәustli,adv.,"adv. 大概, 大部分, 主要\n[经] 大部份",,,cet6-all source:ecdict cet4 cet6,1324
motel,mәu'tel,n.,n. 汽车旅馆,,,cet6-all source:ecdict cet4 cet6 cet6-core family:motels,5251
motion,'mәuʃәn,n.,"n. 移动, 手势, 动作, 意向, 请求, 提议\nv. 打手势",,,cet6-all source:ecdict cet4 cet6 family:motions family:motioned family:motioning,1822
motivate,'mәutiveit,vt.,"vt. 给与动机, 刺激, 提高...的学习欲望, 促动\n[经] 促动, 激发, 激励",,,cet6-all source:ecdict cet4 cet6 cet6-core family:motivated family:motivates family:motivating,3534
motive,'mәutiv,n.,"n. 动机, 目的, 主题, 基调\na. 运动的, 成为动机的",,,cet6-all source:ecdict cet4 cet6 cet6-core family:motives,3578
motor,'mәutә,n.,"n. 马达, 发动机, 原动力, 汽车\na. 马达的, 发动机的, 汽车的, 发动的\nvt. 推动, 以汽车载运\nvi. 乘汽车, 驾车",,,cet6-all source:ecdict cet4 cet6 family:motors family:motored family:motoring,3138
motorway,'mәutәwei,n.,n. 高速公路,,,cet6-all source:ecdict cet6 family:motorways,30553
mould,mәuld,n.,"n. 模子, 模制品, 松软沃土, 霉\nvt. 形成, 浇铸, 用泥土覆盖\nvi. 发霉",,,cet6-all source:ecdict cet4 cet6 family:moulds family:moulded family:moulding,24169
mount,maunt,n.,"n. 乘骑用马, 框, 衬纸, 山\nvi. 乘马, 爬上, 增长\nvt. 爬上, 使上马, 装上, 装裱, 安放, 制作...的标本, 设置, 上演\n[计] 安装",,,cet6-all source:ecdict cet4 cet6 family:mounted family:mounting family:mounts,2987
mountainous,'mauntinәs,adj.,"a. 多山的, 如山的, 巨大的",,,cet6-all source:ecdict cet6,12342
mourn,mɒ:n,v.,"v. 哀悼, 忧伤, 服丧",,,cet6-all source:ecdict cet4 cet6 cet6-core family:mourning family:mourned family:mourns,6768
mouse,maus,n.,"n. 老鼠, 胆小羞怯的人, 鼠标\nvi. 捕鼠, 窥探\nvt. 探出\n[计] 鼠标",,,cet6-all source:ecdict cet4 cet6 family:mice family:mousing family:moused family:mouses,3305
mouthful,'mauθful,n.,"n. 一口, 满口",,,cet6-all source:ecdict cet4 cet6 family:mouthfuls,13176
movement,'mu:vmәnt,n.,"n. 运动, 动作, 运转, 移动, 倾向, 变化, 活动, 乐章\n[医] 运动",,,cet6-all source:ecdict cet4 cet6 family:movements,707
mud,mʌd,n.,"n. 泥, 诽谤\nvt. 弄脏",,,cet6-all source:ecdict cet4 cet6 family:muds family:mudding family:mudded,3610
muddy,'mʌdi,adj.,"a. 泥泞的, 浑浊的, 模糊的\nvt. 使污浊, 使沾上泥污",,,cet6-all source:ecdict cet4 cet6 cet6-core family:muddied family:muddies family:muddying family:muddier family:muddiest,6484
mug,mʌg,n.,"n. 有柄大杯, 脸, 苦读者\nvt. 给...拍照, 攻击, 苦读\nvi. 拼命用功",,,cet6-all source:ecdict cet4 cet6 family:mugs family:mugged family:mugging,6098
multiple,'mʌltipl,n.,"n. 倍数, 并联\na. 多样的, 许多的, 多功能的",,,cet6-all source:ecdict cet4 cet6 cet6-core family:multiples,1948
multiplication,.mʌltipli'keiʃәn,n.,"n. 乘法, 增加, 乘法运算\n[医] 增殖; 倍增",,,cet6-all source:ecdict cet6 family:multiplications,16434
multiply,'mʌltiplai,v.,"v. 繁殖, 乘, 增加\n[计] 乘",,,cet6-all source:ecdict cet4 cet6 cet6-core family:multiplied family:multiplying family:multiplies,6148
multitude,'mʌltitju:d,n.,"n. 多数, 群众",,,cet6-all source:ecdict cet6 cet6-core family:multitudes,8435
municipal,mju:'nisipl,adj.,"a. 市政的, 自治区的, 内政的\n[经] 市政的, 市的",,,cet6-all source:ecdict cet6 cet6-core family:municipals,4666
murder,'mә:dә,n.,"n. 谋杀\nvt. 谋杀, 损毁, 破坏\nvi. 犯杀人罪",,,cet6-all source:ecdict cet4 cet6 family:murdered family:murders family:murdering,1381
murderer,'mә:dәrә,n.,"n. 凶手, 杀人者, 谋害者\n[法] 谋杀犯, 凶手",,,cet6-all source:ecdict cet4 cet6 family:murderers,5423
murmur,'mә:mә,n.,"n. 低语, 低声的怨言\nvi. 低语, 低声而言\nvt. 低声说",,,cet6-all source:ecdict cet6 cet6-core family:murmured family:murmuring family:murmurs,6039
muscle,'mʌsl,n.,"n. 肌肉, 臂力\n[医] 肌",,,cet6-all source:ecdict cet4 cet6 family:muscles family:muscled family:muscling,1713
muscular,'mʌskjulә,adj.,"a. 强壮的, 肌肉发达的, 有力的\n[医] 肌的; 肌肉发达的",,,cet6-all source:ecdict cet6 cet6-core,6864
muse,mju:z,n.,"n. 沉思, 冥想\nv. 沉思, 冥想, 若有所思地凝望或说",,,cet6-all source:ecdict cet6 family:mused family:muses family:musing,8874
museum,mju:'ziәm,n.,n. 博物馆,,,cet6-all source:ecdict cet4 cet6 family:museums,1723
mushroom,'mʌʃrum,n.,"n. 蘑菇形物, 蘑菇, 暴发户\nvi. 迅速生长, 迅速增加, 采蘑菇\na. 蘑菇形的, 迅速生长的",,,cet6-all source:ecdict cet4 cet6 family:mushrooms family:mushroomed family:mushrooming,4256
musical,'mju:zikl,n.,"n. 音乐片, 音乐舞台剧\na. 音乐的, 声音美妙的, 喜爱音乐的",,,cet6-all source:ecdict cet4 cet6 family:musicals,2097
musician,mju:'ziʃәn,n.,"n. 音乐家, 乐师, 作曲家",,,cet6-all source:ecdict cet4 cet6 family:musicians,2936
mustard,'mʌstәd,n.,"n. 芥末, 芥菜, 强烈的兴趣\n[医] 芥子; 芥属植物",,,cet6-all source:ecdict cet6 family:mustards family:mustarded,6095
mute,mju:t,n.,"n. 哑子, 哑音字母, 弱音器\na. 哑的, 无声的, 沉默的\nvt. 减弱...的声音\nvi. 排泄",,,cet6-all source:ecdict cet4 cet6 cet6-core family:mutes family:muting family:muted,10937
mutter,'mʌtә,n.,"n. 喃喃低语\nvi. 喃喃自语, 作低沉声\nvt. 出怨言, 抱怨地说",,,cet6-all source:ecdict cet4 cet6 cet6-core family:muttered family:muttering family:mutters,4837
mutton,'mʌtn,n.,n. 羊肉,,,cet6-all source:ecdict cet4 cet6 family:muttons,22179
mutual,'mju:tʃuәl,adj.,"a. 相互的, 共有的\n[经] 相互的",,,cet6-all source:ecdict cet4 cet6 cet6-core family:mutuals,2799
mysterious,mis'tiәriәs,adj.,"a. 神秘的, 难解的, 不可思议的",,,cet6-all source:ecdict cet4 cet6,4093
mystery,'mistәri,n.,"n. 秘密, 神秘, 奥秘",,,cet6-all source:ecdict cet4 cet6 family:mysteries,2332
myth,miθ,n.,"n. 神话, 虚构的事, 虚构的人",,,cet6-all source:ecdict cet6 cet6-core family:myths,3076
nail,neil,n.,"n. 钉子, 指甲\nvt. 用钉钉牢, 使固定, 截住, 揭露",,,cet6-all source:ecdict cet4 cet6 family:nails family:nailed family:nailing,3556
naive,nɑ:'i:v,adj.,"a. 天真的, 纯真的, 幼稚的",,,cet6-all source:ecdict cet6 cet6-core,6114
naked,'neikid,adj.,"a. 裸体的, 无装饰的, 无保护的, 赤贫的\n[医] 裸露的",,,cet6-all source:ecdict cet4 cet6,3185
namely,'neimli,adv.,"adv. 即, 就是, 换句话说",,,cet6-all source:ecdict cet4 cet6,5524
nap,næp,n.,"n. 小睡, 稍睡, 细毛, 孤注一掷\nvi. 小睡, 疏忽\nvt. 使拉毛, 打盹度过, 预测...为获胜马",,,cet6-all source:ecdict cet4 cet6 family:napping family:naps family:napped,7438
napkin,'næpkin,n.,"n. 餐巾, 餐巾纸, 尿布",,,cet6-all source:ecdict cet6 cet6-core family:napkins,7155
narration,nә'reiʃәn,n.,"n. 叙述, 故事, 叙述文\n[法] 陈诉, 原告陈述者事实",,,cet6-all source:ecdict cet6 family:narrations,10868
narrative,'nærәtiv,n.,"n. 叙述, 故事\na. 叙述的, 叙事的, 故事体的",,,cet6-all source:ecdict cet6 cet6-core family:narratives,3097
narrow,'nærәu,n.,"n. 狭窄部分, 隘路\na. 狭窄的, 仔细的, 有限的, 勉强的, 狭隘的, 手紧的\nvi. 变窄\nvt. 使变狭窄",,,cet6-all source:ecdict cet4 cet6 family:narrower family:narrowed family:narrowing family:narrows family:narrowest,2007
nasty,'nɑ:sti,adj.,"a. 污秽的, 下流的, 险恶的",,,cet6-all source:ecdict cet4 cet6 cet6-core family:nasties family:nastier family:nastiest,4476
nation,'neiʃәn,n.,"n. 国家, 民族\n[法] 民族, 国家",,,cet6-all source:ecdict cet4 cet6 family:nations,412
national,'næʃәnәl,adj.,"a. 国家的, 国立的, 全国性的, 民族的\n[经] 全国性的, 国家的, 国民的",,,cet6-all source:ecdict cet4 cet6 family:nationals,231
nationality,.næʃә'nælәti,n.,"n. 国籍, 国家, 民族性\n[法] 国家, 民族, 国民",,,cet6-all source:ecdict cet4 cet6 family:nationalities,7751
native,'neitiv,n.,"n. 本地人, 土产, 当地人\na. 本国的, 与生俱来的, 自然的",,,cet6-all source:ecdict cet4 cet6 family:natives,1403
natural,'nætʃәrәl,n.,"n. 白痴\na. 自然的, 自然界的, 本能的, 天然的, 物质的, 正常的, 原始的, 自然数的",,,cet6-all source:ecdict cet4 cet6,715
naturally,'nætʃәrәli,adv.,"adv. 自然地, 以自然力, 天生地",,,cet6-all source:ecdict cet4 cet6,2795
nature,'neitʃә,n.,"n. 自然, 大自然, 本性, 性格, 性质\n[医] 自然, 大自然; 本性, 性能",,,cet6-all source:ecdict cet4 cet6 family:natures,696
naughty,'nɒ:ti,adj.,"a. 顽皮的, 没规矩的, 不适当的, 下流的",,,cet6-all source:ecdict cet4 cet6 family:naughtiest family:naughtier family:naughties,12639
naval,'neivl,adj.,"a. 海军的, 军舰的, 有舰队的\n[法] 海军的, 军舰的, 船的",,,cet6-all source:ecdict cet4 cet6,4941
nave,neiv,n.,"n. (教堂)中殿, 中央广场, 轮毂\n[机] 轮毂",,,cet6-all source:ecdict cet6 family:naves,15915
navigation,.nævi'geiʃәn,n.,"n. 航行, 航海, 导航\n[经] 航空, 航海, 航船",,,cet6-all source:ecdict cet4 cet6 cet6-core family:navigations,8237
navy,'neivi,n.,"n. 海军, 海军人员, 海军军力, 烟蒂",,,cet6-all source:ecdict cet4 cet6 family:navies,5950
nearby,'niәbai,adj.,"a. 附近的, 近旁的\nadv. 在附近, 近旁地\nprep. 在...附近",,,cet6-all source:ecdict cet4 cet6,2423
neat,ni:t,adj.,"a. 整洁的, 巧妙的, 匀称的, 简洁的\nn. 牛",,,cet6-all source:ecdict cet4 cet6 family:neater family:neatest,4683
necessarily,'nesisәrili,adv.,"adv. 必然地, 必须地, 必要地",,,cet6-all source:ecdict cet4 cet6,1957
necessitate,ni'sesiteit,vt.,"vt. 迫使, 使成为必需, 需要",,,cet6-all source:ecdict cet6 cet6-core family:necessitated family:necessitates family:necessitating,10233
necessity,ni'sesәti,n.,"n. 需要, 必需品, 必然\n[法] 必要性, 必然性, 必要",,,cet6-all source:ecdict cet4 cet6 family:necessities,3951
neck,nek,n.,"n. 脖子, 衣领, 颈\nvi. 拥抱, 拥吻, 收缩\nvt. 割颈",,,cet6-all source:ecdict cet4 cet6 family:necks family:necking family:necked,1521
necklace,'neklis,n.,n. 项链,,,cet6-all source:ecdict cet4 cet6 family:necklaces family:necklaced family:necklacing,6583
needle,'ni:dl,n.,"n. 针, 尖\nvt. 用针缝\nvi. 缝纫\n[计] 探针",,,cet6-all source:ecdict cet4 cet6 family:needles family:needling family:needled,3804
needless,'ni:dlis,adj.,"a. 不需要的, 不必要的",,,cet6-all source:ecdict cet4 cet6,9297
negative,'negәtiv,n.,"n. 否定, 否定语, 负数, 底片\na. 否定的, 消极的, 负的, 阴性的\nn. 负数, 负值\n[计] 负数, 负值",,,cet6-all source:ecdict cet4 cet6 cet6-core family:negatives family:negatived family:negativing,1470
neglect,ni'glekt,n.,"n. 疏忽, 忽略, 漏做\nvt. 疏忽, 忽视, 不顾",,,cet6-all source:ecdict cet4 cet6 cet6-core family:neglected family:neglecting family:neglects,5063
negligible,'neglidʒәbl,adj.,"a. 可以忽略的, 不足取的, 无用的\n[医] 可不计的, 可忽视的",,,cet6-all source:ecdict cet6 cet6-core,12050
negotiate,ni'gәuʃieit,vi.,"vi. 商议, 谈判, 交涉\nvt. 谈妥, 转让, 处理",,,cet6-all source:ecdict cet6 cet6-core family:negotiating family:negotiated family:negotiates,2541
negotiation,ni.gәuʃi'eiʃәn,n.,"n. 谈判, 磋商, 交涉\n[经] 谈判, 协商",,,cet6-all source:ecdict cet6 family:negotiations,2259
negro,'ni:grәu,n.,n. 黑人\na. 黑人的,,,cet6-all source:ecdict cet4 cet6 family:negros,16070
neighbour,'neibә,n.,"n. 邻居, 邻接的东西, 邻国, 邻座, 邻人, 世人\na. 邻接的, 邻近的\nvi.vt. 邻近, 与...结邻, 邻接",,,cet6-all source:ecdict cet4 cet6 family:neighbours family:neighbouring family:neighboured,
neighbourhood,'neibәhud,n.,"n. 邻接, 周围, 附近一带, 邻近, 邻居关系, 地区, 街道, 街坊, 四邻\n[计] 邻域",,,cet6-all source:ecdict cet4 cet6 family:neighbourhoods,25261
neighbouring,'neibәriŋ,adj.,"a. 邻近的, 接壤的, 附近的\n[法] 邻近的, 附近的, 接壤的",,,cet6-all source:ecdict cet6 family:i family:neighbour,31857
nephew,'nefju:,n.,"n. 侄子, 外甥",,,cet6-all source:ecdict cet4 cet6 family:nephews,6362
nerve,nә:v,n.,"n. 精神, 勇气, 叶脉, 神经\nvt. 鼓起勇气",,,cet6-all source:ecdict cet4 cet6 family:nerves family:nerved family:nerving,3083
nervous,'nә:vәs,adj.,"a. 神经紧张的, 不安的, 神经的\n[医] 神经的; 神经质的, 神经过敏的",,,cet6-all source:ecdict cet4 cet6,2393
nest,nest,n.,"n. 巢, 窝, 休息所, 隐匿处\nvi. 筑巢, 找鸟巢\nvt. 为...设窝, 使套叠\n[计] 嵌套",,,cet6-all source:ecdict cet4 cet6 family:nests family:nesting family:nested,4131
net,net,n.,"n. 网, 网状物, 罗网, 净利, 净价\na. 净的, 最终的\nvt. 用网捕, 撒网, 净赚, 得到\nvi. 编网\n[计] 网络, 网络分析程序",,,cet6-all source:ecdict cet4 cet6 family:nets family:netted family:netting,2884
network,'netwә:k,n.,"n. 网络, 广播网, 网状物\n[计] 网络",,,cet6-all source:ecdict cet4 cet6 family:networks family:networking family:networked,882
neuron,'njuәrɔn,n.,"n. 神经原, 轴索, 神经细胞\n[计] 神经元",,,cet6-all source:ecdict cet6 family:neurons,10575
neutral,'nju:trәl,n.,"n. 中立者, 中立国, 非彩色, 空档\na. 中立的, 中性的, 无色的",,,cet6-all source:ecdict cet4 cet6 cet6-core family:neutrals,4223
neutron,'nju:trɒn,n.,n. 中子\n[化] 中子,,,cet6-all source:ecdict cet6 family:neutrons,10155
nevertheless,.nevәðә'les,adv.,"adv. 然而, 虽然如此\nconj. 然而",,,cet6-all source:ecdict cet4 cet6,2582
newly,'nju:li,adv.,"adv. 重新, 最近",,,cet6-all source:ecdict cet4 cet6,2791
nickel,'nikl,n.,"n. 镍, 镍币, 五分镍币\nvt. 镀镍于",,,cet6-all source:ecdict cet6 cet6-core family:nickels family:nickelling family:nickelled,7847
nickname,'nikneim,n.,"n. 绰号, 昵称\nvt. 给...取绰号, 叫错名字\n[计] 绰号",,,cet6-all source:ecdict cet6 cet6-core family:nicknamed family:nicknames family:nicknaming,6090
niece,ni:s,n.,"n. 侄女, 甥女",,,cet6-all source:ecdict cet4 cet6 family:nieces,7475
nightmare,'naitmєә,n.,"n. 梦魇, 恶梦, 可怕的事物(或情景、人物)\n[医] 梦魇, 恶梦",,,cet6-all source:ecdict cet6 family:nightmares,3586
nitrogen,'naitrәdʒәn,n.,n. 氮\n[化] 氮N-2,,,cet6-all source:ecdict cet4 cet6 family:nitrogens,5881
noble,'nәubl,n.,"n. 贵族\na. 高贵的, 高尚的, 贵族的, 辉煌的",,,cet6-all source:ecdict cet4 cet6 family:nobles,5553
nod,nɒd,n.,"n. 点头, 打盹, 晃动\nvi. 点头, 打盹\nvt. 点头表示, 点(头)",,,cet6-all source:ecdict cet4 cet6 family:nodded family:nodding family:nods,1557
noisy,'nɒizi,adj.,"a. 嘈杂的, 喧闹的\n[机] 噪声的, 嘈杂的",,,cet6-all source:ecdict cet4 cet6 family:noisier family:noisiest,6565
nominal,'nɒminl,adj.,"a. 名义上的, 名字的, 有名无实的, 稍许的\nn. 名词性词",,,cet6-all source:ecdict cet6 cet6-core family:nominals,10783
nominate,'nɒmineit,vt.,"vt. 提名, 任命, 命名\n[法] 提名...为候选人, 指定, 推荐",,,cet6-all source:ecdict cet6 cet6-core family:nominated family:nominating family:nominates,4958
nonetheless,",nʌnðә'les",conj.,"conj. 然而, 尽管, 不过\nadv. 不过, 仍然, 尽管如此, 然而",,,cet6-all source:ecdict cet6 cet6-core,3298
nonsense,'nɒnsәns,n.,"n. 无意义的事, 荒谬言行, 荒唐",,,cet6-all source:ecdict cet4 cet6 family:nonsenses,5969
norm,nɒ:m,n.,"n. 基准, 模范, 标准, 准则, 平均数\n[化] 定额",,,cet6-all source:ecdict cet6 cet6-core family:norms,3387
normal,'nɒ:ml,n.,"n. 常态, 标准, 正常, 普通\na. 正常的, 正规的, 标准的, 师范的, 正态的\n[计] 标准, 普通",,,cet6-all source:ecdict cet4 cet6 family:normals,1217
normalization,.nɒ:mәlai'zeiʃәn,n.,"n. 常态化, 正常化, 正规化\n[化] 归一化; 正态化; 正火; 正火处理",,,cet6-all source:ecdict cet6,16091
normally,'nɒ:mәli,adv.,"adv. 正规地, 合规则, 正常地",,,cet6-all source:ecdict cet4 cet6,2588
northeast,.nɒ:θ'i:st,n.,"n. 东北\na. 东北的, 向东北的, 来自东北的\nadv. 向东北, 来自东北",,,cet6-all source:ecdict cet4 cet6,4122
northern,'nɒ:ðәn,n.,"n. 北方人\na. 北方的, 向北的, 自北方来的",,,cet6-all source:ecdict cet4 cet6,1556
northward,'nɒ:θwәd,n.,"n. 北方, 北\na. 向北的\nadv. 向北",,,cet6-all source:ecdict cet6,14152
northwards,'nɔ:θwәdz,adv.,adv. 向北方,,,cet6-all source:ecdict cet6,43874
northwest,.nɒ:θ'west,n.,"n. 西北, 西北方\na. 西北的, 在西北的, 来自西北的\nadv. 向西北",,,cet6-all source:ecdict cet4 cet6,3403
notable,'nәutәbl,n.,"n. 著名人士, 值得注意之事物\na. 值得注意的, 显著的",,,cet6-all source:ecdict cet6 cet6-core family:notables,5293
notation,nәu'teiʃәn,n.,"n. 记号, 符号表示法, 注释\n[计] 记数法",,,cet6-all source:ecdict cet6 cet6-core family:notations,10133
notebook,'nәutbuk,n.,"n. 笔记本, 手册, 期票簿",,,cet6-all source:ecdict cet4 cet6 family:notebooks,4427
noted,'nәutid,adj.,"a. 著名的, 显著的, 扬名的",,,cet6-all source:ecdict cet6 family:note family:dp family:noted,10860
notice,'nәutis,n.,"n. 注意, 布告, 通知, 预告, 短评\nvt. 注意, 通知, 评论, 提及, 关注\nvi. 注意",,,cet6-all source:ecdict cet4 cet6 family:noticed family:noticing family:notices,1044
noticeable,'nәutisәbl,adj.,"a. 显而易见的, 显著的, 值得注意的",,,cet6-all source:ecdict cet4 cet6,8488
notification,.nәutifi'keiʃәn,n.,"n. 通知, 通告, 告示\n[经] 通知, 通知书",,,cet6-all source:ecdict cet6 family:notifications,11740
notify,'nәutifai,vt.,"vt. 通知, 通告, 报告\n[计] 通知",,,cet6-all source:ecdict cet4 cet6 cet6-core family:notified family:notifying family:notifies,6111
notion,'nәuʃәn,n.,"n. 概念, 观念, 想法, 打算, 别致的小东西\n[经] 概念, 打算, 想法",,,cet6-all source:ecdict cet4 cet6 cet6-core family:notions,1714
notorious,nәu'tɒ:riәs,adj.,"a. 声名狼藉的, 臭名昭著的, 众人皆知的",,,cet6-all source:ecdict cet6 cet6-core,6155
notwithstanding,.nɒtwiθ'stændiŋ,adv.,"adv. 虽然, 尽管\nprep. 尽管\nconj. 虽然",,,cet6-all source:ecdict cet6 cet6-core,10393
nought,nɒ:t,n.,"n. 没有, 零, 无",,,cet6-all source:ecdict cet6 family:noughts,38124
noun,naun,n.,n. 名词,,,cet6-all source:ecdict cet4 cet6 family:nouns,13780
nourish,'nә:riʃ,vt.,"vt. 滋养, 使健壮, 怀有",,,cet6-all source:ecdict cet6 cet6-core family:nourished family:nourishes family:nourishing,10239
nourishment,'nә:riʃmәnt,n.,"n. 滋养品, 养料, 营养\n[医] 营养, 营养品",,,cet6-all source:ecdict cet6,14745
novel,'nɒvl,n.,"n. 小说, 长篇故事\na. 新奇的, 异常的",,,cet6-all source:ecdict cet4 cet6 family:novels,1647
novelty,'nɒvәlti,n.,"n. 新奇, 新鲜, 新奇的事物",,,cet6-all source:ecdict cet6 cet6-core family:novelties,7961
nowadays,'nauәdeiz,n.,"n. 现在, 现时, 当今\nadv. 时下, 现今",,,cet6-all source:ecdict cet4 cet6,6788
nowhere,'nәuhwєә,adv.,"adv. 无处, 到处都无",,,cet6-all source:ecdict cet4 cet6,2924
nuclear,'nju:kliә,adj.,"a. 核子的, 原子能的, 核的, 中心的\n[医] 核的",,,cet6-all source:ecdict cet4 cet6,1176
nucleus,'nju:kliәs,n.,"n. 核心, 核子, 原子核, 起点\n[计] 核心程序",,,cet6-all source:ecdict cet4 cet6 family:nuclei,6944
nuisance,'nju:sns,n.,"n. 讨厌的东西, 讨厌的人, 损害\n[医] 损害, 讨厌",,,cet6-all source:ecdict cet4 cet6 family:nuisances,8738
numerical,nju:'merikl,adj.,"a. 数字的, 数值的, 以数字表示的, 擅长于计数的\n[经] 数字的, 用数字表示的",,,cet6-all source:ecdict cet6 cet6-core,10114
numerous,'nju:mәrәs,adj.,"a. 很多的, 数目众多的, 多数的\n[机] 多数的, 甚多的",,,cet6-all source:ecdict cet4 cet6 cet6-core,2275
nun,nʌn,n.,"n. 修女, 尼姑",,,cet6-all source:ecdict cet6 family:nuns,5688
nursery,'nә:sәri,n.,"n. 托儿所, 苗圃, 温床\n[医] 婴儿室, 托儿所",,,cet6-all source:ecdict cet4 cet6 family:nurseries,5632
nurture,'nә:tʃә,n.,"n. 养育, 营养物, 培育\nvt. 养育, 供给营养物, 教养",,,cet6-all source:ecdict cet6 cet6-core family:nurtured family:nurturing family:nurtures,5533
nut,nʌt,n.,"n. 坚果, 核心, 螺帽\n[计] Novell NetWare服务器实用程序",,,cet6-all source:ecdict cet4 cet6 family:nuts family:nutting family:nutted,3188
nutrient,'nju:triәnt,adj.,"a. 营养的, 滋养的\nn. 营养物, 滋养物",,,cet6-all source:ecdict cet6 family:nutrients,4849
nutrition,nju:'triʃәn,n.,"n. 营养, 营养学\n[医] 营养, 营养品",,,cet6-all source:ecdict cet6 cet6-core,5563
nylon,'nailɒn,n.,n. 尼龙\n[化] 尼龙; 聚酰胺纤维,,,cet6-all source:ecdict cet4 cet6 family:nylons,8449
oak,әuk,n.,"n. 橡树, 橡木\na. 橡木制的",,,cet6-all source:ecdict cet6 cet6-core family:oaks,4423
oar,ɒ:,n.,"n. 桨, 桨手, 搅棒\nvi. 划桨\nvt. 划动",,,cet6-all source:ecdict cet6 family:oars,14498
oath,әuθ,n.,"n. 誓约, 誓言, 咒骂\n[法] 誓言, 誓约, 宣誓",,,cet6-all source:ecdict cet6 cet6-core family:oaths,6353
obedience,ә'bi:djәns,n.,"n. 服从, 顺从, 忠实\n[法] 服从, 顺从, 遵从",,,cet6-all source:ecdict cet6 family:obediences,9926
obedient,ә'bi:djәnt,adj.,"a. 服从的, 顺从的, 孝顺的\n[法] 服从的, 顺从的, 忠顺的",,,cet6-all source:ecdict cet6 cet6-core,14489
obese,әu'bi:s,adj.,a. 肥胖的\n[医] 肥胖的,,,cet6-all source:ecdict cet6,10333
obey,ә'bei,vt.,"vt. 服从, 遵从, 顺从\nvi. 服从",,,cet6-all source:ecdict cet4 cet6 family:obeyed family:obeying family:obeys,5672
object,'ɒbdʒekt,n.,"n. 物体, 目标, 目的, 对象, 宾语, 客体\nvi. 反对, 抱反感\nvt. 提出...来反对\n[计] 对象",,,cet6-all source:ecdict cet4 cet6 cet6-core family:objects family:objected family:objecting,1153
objection,әb'dʒekʃәn,n.,"n. 异议, 反对, 不喜欢, 缺点, 缺陷, 妨碍, 拒绝之理由\n[法] 异议, 反对, 抗议",,,cet6-all source:ecdict cet4 cet6 cet6-core family:objections,4737
objective,әb'dʒektiv,n.,"n. 目的, 目标, 宗旨, 宾格, 实物\na. 客观的, 如实的, 无偏见的, 宾格的",,,cet6-all source:ecdict cet4 cet6 cet6-core family:objectives,2406
obligation,.ɒbli'geiʃәn,n.,"n. 义务, 责任, 约束, 契约, 恩惠, 债务\n[经] 待付款, 债务, 义务",,,cet6-all source:ecdict cet4 cet6 cet6-core family:obligations,2988
oblige,ә'blaidʒ,vt.,"vt. 强制, 施恩惠于, 使感激\nvi. 施恩惠, 帮忙",,,cet6-all source:ecdict cet4 cet6 family:obliged family:obliges family:obliging,6685
obscene,ɒb'si:n,adj.,"a. 淫秽的, 猥亵的, 讨人厌的, 可憎的\n[法] 猥亵的, 海洋的, 污秽的",,,cet6-all source:ecdict cet6 cet6-core,9798
obscure,әb'skjuә,adj.,"a. 模糊的, 昏暗的, 难解的, 晦涩的, 偏僻的, 微贱的, 无名的\nvt. 使变暗, 隐藏, 使变模糊, 使难解",,,cet6-all source:ecdict cet4 cet6 cet6-core family:obscured family:obscures family:obscuring family:obscurer,5853
observation,.ɒbzә:'veiʃәn,n.,"n. 观察, 注意, 观测, 观察力\n[化] 观察",,,cet6-all source:ecdict cet4 cet6 family:observations,2105
observe,әb'zә:v,vt.,"vt. 觉察到, 遵守, 注意到, 庆祝\nvi. 注意, 评论",,,cet6-all source:ecdict cet4 cet6 family:observed family:observing family:observes,1294
observer,әb'zә:vә,n.,"n. 观察者, 遵守者, 观察员\n[法] 观察者, 观察员, 监场员",,,cet6-all source:ecdict cet4 cet6 family:observers,2456
obsession,әb'seʃәn,n.,"n. 困扰, 困扰人的情绪\n[医] 强迫观念",,,cet6-all source:ecdict cet6 family:obsessions,5558
obstacle,'ɒbstәkl,n.,"n. 障碍, 妨害物, 阻碍",,,cet6-all source:ecdict cet4 cet6 cet6-core family:obstacles,3569
obstinate,'ɒbstinit,adj.,"a. 倔强的, 顽固的, 不让步的",,,cet6-all source:ecdict cet6,21852
obtain,әb'tein,vt.,"vt. 获得, 达到\nvi. 流行, 得到公认",,,cet6-all source:ecdict cet4 cet6 cet6-core family:obtained family:obtaining family:obtains,1595
obvious,'ɒbviәs,adj.,"a. 明显的, 明白的, 显然的, 平淡无奇的",,,cet6-all source:ecdict cet4 cet6,1689
obviously,'ɔbviәsli,adv.,"adv. 显而易见地, 明显地",,,cet6-all source:ecdict cet4 cet6,1278
occasion,ә'keiʒәn,n.,"n. 场合, 时机, 机会, 诱因, 理由\nvt. 惹起, 引起",,,cet6-all source:ecdict cet4 cet6 family:occasions family:occasioned family:occasioning,2262
occasional,ә'keiʒәnl,adj.,"a. 偶然的, 临时的\n[法] 偶然的, 特殊场合的",,,cet6-all source:ecdict cet4 cet6 cet6-core,3511
occasionally,ә'keiʒәnli,adv.,"adv. 有时候, 偶而",,,cet6-all source:ecdict cet4 cet6,2485
occupation,.ɒkju'peiʃәn,n.,"n. 职业, 占有, 占有期, 占领, 占领军\n[经] 占有, 占用, 职业",,,cet6-all source:ecdict cet4 cet6 cet6-core family:occupations,3334
occupy,'ɒkjupai,vt.,"vt. 占领, 占(时间、空间等), 住进, 担任, 使从事, 使全神贯注\n[法] 占领, 占据, 占有",,,cet6-all source:ecdict cet4 cet6 cet6-core family:occupied family:occupies family:occupying,2710
occur,ә'kә:,vi.,"vi. 发生, 被想到, 存在",,,cet6-all source:ecdict cet4 cet6 cet6-core family:occurs family:occurred family:occurring,756
occurrence,ә'kʌrәns,n.,"n. 发生, 事件, 出现\n[医] 发生",,,cet6-all source:ecdict cet4 cet6 family:occurrences,6221
oceania,.әuʃi'æniә,n.,n. 大洋洲,,,cet6-all source:ecdict cet4 cet6,
odd,ɒd,adj.,"a. 奇数的, 古怪的, 剩余的, 零散的, 各种各样的, 少量的\nn. 奇特的事物, 怪人\n[计] 奇数, 奇校验, 光数据数字转换器",,,cet6-all source:ecdict cet4 cet6,2738
odor,'әudә,n.,"n. 气味, 香味, 名声, 意味\n[医] 气味",,,cet6-all source:ecdict cet6 cet6-core family:odors,5311
odour,'әudә,n.,"n. 气味, 臭气, 香气, 味道, 迹象, 名誉, 声誉\n[医] 气味",,,cet6-all source:ecdict cet4 cet6 family:odours,
offence,ә'fens,n.,"n. 犯罪, 冒犯, 违反, 罪过, 过错, 攻击\n[法] 犯法, 罪过, 过错",,,cet6-all source:ecdict cet6 family:offences,22003
offend,ә'fend,v.,"v. 犯罪, 冒犯, 违反, 进攻",,,cet6-all source:ecdict cet4 cet6 family:offended family:offends family:offending,5207
offensive,ә'fensiv,adj.,"a. 令人不快的, 侮辱的, 攻击性的\n[法] 攻击的, 进攻的, 冒犯的",,,cet6-all source:ecdict cet6 cet6-core family:offensives,3168
offer,'ɒfә,n.,"n. 给予(物), 出价, 提议, 意图, 报价\nvt. 提供, 出价, 奉献, 试图, 使出现, 演出\nvi. 出现, 献祭, 提议, 求婚",,,cet6-all source:ecdict cet4 cet6 family:offered family:offers family:offering,373
officer,'ɒfisә,n.,"n. 军官, 主管, 官员, 公务员\nvt. 指挥",,,cet6-all source:ecdict cet4 cet6 family:officers family:officering family:officered,671
official,ә'fiʃәl,n.,"n. 官员, 公务员, 职员\na. 公务的, 官方的, 正式的",,,cet6-all source:ecdict cet4 cet6 family:officials,526
offset,'ɒ:fset,n.,"n. 抵消, 把...并列, 旁系, 支管, 用胶印法印\nvt. 弥补, 抵消, 胶印\nvi. 装支管\nn. 偏移量\n[计] 偏移量",,,cet6-all source:ecdict cet6 cet6-core family:offset family:dp family:offsets family:offsetting,6179
offspring,'ɒ:fspriŋ,n.,"n. 子孙, 后代, 产物\n[法] 后辈, 子孙, 后裔",,,cet6-all source:ecdict cet6 cet6-core family:offsprings,6511
ohm,әum,n.,n. 欧姆\n[化] 欧姆,,,cet6-all source:ecdict cet6 family:ohms,
olive,'ɒliv,n.,"n. 橄榄, 橄榄树, 橄榄色, 橄榄枝\na. 黄绿色的, 黄褐色的, 橄榄色的",,,cet6-all source:ecdict cet6 cet6-core family:olives,6160
omit,әu'mit,vt.,"vt. 省略, 删除, 疏忽, 遗漏\n[化] 省略",,,cet6-all source:ecdict cet4 cet6 family:omitted family:omitting family:omits,5550
onion,'ʌnjәn,n.,n. 洋葱\nvt. 因洋葱使掉泪,,,cet6-all source:ecdict cet4 cet6 family:onions,2567
onward,'ɒnwәd,adj.,"a. 向前的, 前进的\nadv. 向前, 前进, 在先",,,cet6-all source:ecdict cet6,12108
onwards,'ɔnwә:dz,adv.,"adv. 向前, 在前面",,,cet6-all source:ecdict cet6,23422
opaque,әu'peik,n.,"n. 不透明物\na. 不透明的, 不传热的, 不传导的, 阴暗的\n[计] 白底",,,cet6-all source:ecdict cet6 cet6-core family:opaques family:opaqued,9310
opening,'әupәniŋ,n.,"n. 开始, 口子, 穴, 揭幕\na. 开始的",,,cet6-all source:ecdict cet4 cet6 family:open family:i family:opening family:openings,1940
opera,'ɒpәrә,n.,n. 歌剧,,,cet6-all source:ecdict cet4 cet6 family:operas,3851
operate,'ɒpәreit,v.,"v. 操作, 运转, 动手术, 活动",,,cet6-all source:ecdict cet4 cet6 family:operating family:operated family:operates,1309
operation,.ɒpә'reiʃәn,n.,"n. 操作, 动作, 手术, 运算, 作用, 业务\n[计] 运算",,,cet6-all source:ecdict cet4 cet6 family:operations,826
operational,.ɒpә'reiʃәnl,adj.,"a. 操作的, 运作的\n[法] 操作上的, 业务上的, 可起作用的",,,cet6-all source:ecdict cet4 cet6,6134
operator,'ɒpәreitә,n.,"n. 操作员, 行家, 经纪人, 算子, 运算符\n[计] 运算符",,,cet6-all source:ecdict cet4 cet6 family:operators,3210
opinion,ә'pinjәn,n.,"n. 意见, 评价, 主张\n[经] 意见",,,cet6-all source:ecdict cet4 cet6 family:opinions,1124
opium,'әupjәm,n.,n. 鸦片\n[化] 阿片; 鸦片,,,cet6-all source:ecdict cet6,11885
opponent,ә'pәunәnt,n.,"n. 对手, 敌手, 反对者\na. 敌对的, 反对的, 对面的",,,cet6-all source:ecdict cet4 cet6 cet6-core family:opponents,2181
opportunity,.ɒpә'tju:niti,n.,"n. 机会, 时机",,,cet6-all source:ecdict cet4 cet6 family:opportunities,625
oppose,ә'pәuz,vt.,"vt. 反对, 以...对抗, 抗争\nvi. 反对",,,cet6-all source:ecdict cet4 cet6 cet6-core family:opposed family:opposing family:opposes,1945
opposite,'ɒpәzit,adj.,"a. 相对的, 相反的, 对面的\nprep. 对面\nn. 对立面",,,cet6-all source:ecdict cet4 cet6 family:opposites,2222
oppress,ә'pres,vt.,"vt. 压迫, 压抑, 使烦恼",,,cet6-all source:ecdict cet4 cet6 cet6-core family:oppressed family:oppressing family:oppresses,13013
optical,'ɒptikl,adj.,"a. 眼睛的, 视觉的, 光学的\n[机] 光学上的, 光学的",,,cet6-all source:ecdict cet4 cet6 cet6-core family:opticals,5497
optimal,'ɒptimәl,adj.,"a. 最佳的, 最理想的\n[化] 最优的",,,cet6-all source:ecdict cet6,7002
optimism,'ɒptimizm,n.,"n. 乐观主义, 乐观, 乐天\n[医] 乐观主义, 乐观",,,cet6-all source:ecdict cet6 cet6-core,5401
optimistic,.ɒpti'mistik,adj.,"a. 乐观的, 乐观主义的, 乐天的",,,cet6-all source:ecdict cet4 cet6 cet6-core,4141
optimum,'ɒptimәm,n.,"n. 最适条件, 最佳效果\na. 最优的, 最适宜的",,,cet6-all source:ecdict cet6 cet6-core,11020
option,'ɒpʃәn,n.,"n. 选择权, 挑选, 选项\n[计] 选项",,,cet6-all source:ecdict cet4 cet6 cet6-core family:options,1102
optional,'ɒpʃәnl,adj.,"a. 可选择的, 随意的\n[化] 选购的",,,cet6-all source:ecdict cet4 cet6,5692
oral,'ɒ:rәl,n.,"n. 口试\na. 口头的, 口述的, 口部的",,,cet6-all source:ecdict cet4 cet6 family:orals,3875
orbit,'ɒ:bit,n.,"n. 轨道, 常轨, 眼眶\nvt. 绕...轨道而行\nvi. 进入轨道, 盘旋",,,cet6-all source:ecdict cet4 cet6 cet6-core family:orbits family:orbiting family:orbited,4178
orchard,'ɒ:tʃәd,n.,"n. 果园, 果树林",,,cet6-all source:ecdict cet6 family:orchards,7259
orchestra,'ɒ:kistrә,n.,"n. 管弦乐队, 乐队演奏处",,,cet6-all source:ecdict cet4 cet6 cet6-core family:orchestras,5347
orderly,'ɒ:dәli,adj.,"a. 有秩序的, 整齐的, 值班的\nn. 护理员, 清道夫, 传令兵, 勤务兵\nadv. 依次地, 顺序地",,,cet6-all source:ecdict cet4 cet6 family:orderlies,7744
ordinarily,'ɒ:dinәrili,adv.,"adv. 通常, 普通, 一般地",,,cet6-all source:ecdict cet6,9387
ordinary,'ɒ:dinәri,adj.,"a. 平常的, 普通的, 平凡的\nn. 平常的人(或事)",,,cet6-all source:ecdict cet4 cet6 family:ordinaries,2268
ore,ɒ:,n.,n. 矿石\n[经] 矿,,,cet6-all source:ecdict cet4 cet6 cet6-core family:ores,10340
organ,'ɒ:gәn,n.,"n. 风琴, 器官, 元件, 机构, 机关\n[电] 风琴",,,cet6-all source:ecdict cet4 cet6 family:organs,3394
organic,ɒ:'gænik,adj.,"a. 器官的, 有机的, 组织的, 根本的\n[医] 器官的, 有生命的, 有机的, 器质的",,,cet6-all source:ecdict cet4 cet6 family:organics,3070
organism,'ɒ:gәnizm,n.,"n. 生物, 有机体, 社会组织\n[医] 生物[体],[有]机体",,,cet6-all source:ecdict cet4 cet6 family:organisms,4375
organization,.ɒ:gәnai'zeiʃәn,n.,"n. 组织, 结构, 团体, 体制\n[医] 组织, 机构, 机化(血栓或坏死组织)",,,cet6-all source:ecdict cet4 cet6 family:organizations,595
organize,'ɒ:gәnaiz,vt.,"vt. 组织, 有机化, 给予生机\nvi. 组织起来",,,cet6-all source:ecdict cet4 cet6 family:organized family:organizing family:organizes,1643
orient,'ɒ:riәnt,n.,"n. 东方, 东方诸国\na. 东方的\nvi. 向东\nvt. 使朝东, 使适应, 确定方向",,,cet6-all source:ecdict cet4 cet6 cet6-core family:oriented family:orienting family:orients,6514
oriental,.ɒ:ri'entl,n.,"n. 东方人, 亚洲人\na. 东方诸国的, 亚洲的, 东方的",,,cet6-all source:ecdict cet4 cet6 cet6-core family:orientals,8982
orientation,.ɒ:rien'teiʃәn,n.,"n. 定方位, 适应, 向东方\nn. 方向\n[计] 方向",,,cet6-all source:ecdict cet6 cet6-core family:orientations,3196
origin,'ɒridʒin,n.,"n. 起源, 起因, 出身, 开端\n[计] 原点; 起始地址; 信件来源的相关数据",,,cet6-all source:ecdict cet4 cet6 cet6-core family:origins,2547
original,ә'ridʒәnl,adj.,"a. 最初的, 原始的, 有创意的\nn. 原物, 原作",,,cet6-all source:ecdict cet4 cet6 cet6-core family:originals,1135
originate,ә'ridʒineit,vt.,"vt. 创始, 发明, 发起\nvi. 发源, 发生, 起航\n[计] 发自",,,cet6-all source:ecdict cet4 cet6 cet6-core family:originated family:originating family:originates,5287
ornament,'ɒ:nәmәnt,n.,"n. 装饰, 点缀品, 教堂用品\nvt. 装饰, 修饰",,,cet6-all source:ecdict cet4 cet6 cet6-core family:ornaments family:ornamented family:ornamenting,7737
ornamental,.ɒ:nә'mentl,n.,"n. 装饰物, 观赏植物\na. 装饰性的, 装饰的, 观赏用的",,,cet6-all source:ecdict cet6 family:ornamentals,12466
orphan,'ɒ:fәn,n.,"n. 孤儿\na. 无双亲的, 孤儿的\nvt. 使成孤儿\n[计] 弧体",,,cet6-all source:ecdict cet4 cet6 family:orphans family:orphaning family:orphaned,7521
orthodox,'ɒ:θәdɒks,adj.,"a. 正统的, 传统的, 惯常的",,,cet6-all source:ecdict cet6 cet6-core,5340
otherwise,'ʌðәwaiz,adv.,"adv. 否则, 不同地, 别的方式",,,cet6-all source:ecdict cet4 cet6,1527
ought,ɒ:t,aux.,"aux. 应该, 大概\nn. 责任",,,cet6-all source:ecdict cet4 cet6,1755
ounce,auns,n.,"n. 盎司, 少量, 雪豹\n[医] 英两, Г",,,cet6-all source:ecdict cet4 cet6 family:ounces,
outbreak,'autbreik,n.,"n. 爆发, 暴动\n[医] 暴发",,,cet6-all source:ecdict cet6 cet6-core family:outbreaks,5343
outcome,'autkʌm,n.,"n. 结果, 出口",,,cet6-all source:ecdict cet4 cet6 family:outcomes,1747
outcry,'autkrai,n.,"n. 尖叫, 倒彩, 强烈抗议, 喊价\nvi. 喊叫\nvt. 叫得比...响",,,cet6-all source:ecdict cet6 family:outcries family:outcrying family:outcried,11550
outdoor,'autdɒ:,adj.,"a. 户外的, 屋外的, 露天的",,,cet6-all source:ecdict cet4 cet6,3614
outdoors,'aut'dɒ:z,n.,"n. 户外, 野外活动\nadv. 在户外, 在野外",,,cet6-all source:ecdict cet4 cet6,7559
outer,'autә,adj.,"a. 外部的, 外面的, 在外的, 远离中心的\n[机] 外部的, 外面的, 外侧的",,,cet6-all source:ecdict cet4 cet6 family:outers,3698
outermost,'autәmәust,adj.,"a. 最外面的, 最远离中心的",,,cet6-all source:ecdict cet6,21876
outlaw,'autlɒ:,n.,"n. 被剥夺法律保护的人, 罪犯\nvt. 使...失去法律保护, 将...逐出社会, 宣告非法, 取缔",,,cet6-all source:ecdict cet6 family:outlawed family:outlaws family:outlawing,9400
outlet,'autlet,n.,"n. 出口, 发泄方法, 市场\n[医] 出口",,,cet6-all source:ecdict cet4 cet6 family:outlets,4624
outline,'autlain,n.,"n. 大纲, 轮廓, 概要\nvt. 描画轮廓, 描述要点\nn. 大纲, 分级, 轮廓\n[计] 大纲, 分级, 轮廓",,,cet6-all source:ecdict cet4 cet6 cet6-core family:outlined family:outlines family:outlining,4429
outlook,'autluk,n.,"n. 观点, 景色, 前途, 了望\n[经] 展望",,,cet6-all source:ecdict cet4 cet6 family:outlooks,5863
output,'autput,n.,"n. 输出, 产品, 产量\n[计] 输出",,,cet6-all source:ecdict cet4 cet6 cet6-core family:outputs family:output family:d family:outputting,4085
outrage,'autreidʒ,n.,"n. 暴行, 侮辱, 愤怒\nvt. 凌辱, 虐待, 触犯",,,cet6-all source:ecdict cet6 cet6-core family:outrages family:outraging family:outraged,5684
outset,'autset,n.,"n. 着手, 开头, 最初",,,cet6-all source:ecdict cet4 cet6 cet6-core,7964
outskirt,'autskә:t,n.,"n. 边缘, 郊外, 外围",,,cet6-all source:ecdict cet4 cet6,
outstanding,.aut'stændiŋ,adj.,"a. 杰出的, 突出的, 未偿付的, 未决定的\n[经] 未解决的, 未偿付",,,cet6-all source:ecdict cet4 cet6,4000
outward,'autwәd,adj.,"a. 向外的, 表面的, 外服的\nadv. 向外, 在外, 表面",,,cet6-all source:ecdict cet4 cet6 cet6-core,8599
outwards,'autwәdz,adv.,adv. 向外地,,,cet6-all source:ecdict cet4 cet6,29133
oval,'әuvәl,n.,"n. 椭圆形\na. 卵形的, 椭圆形的",,,cet6-all source:ecdict cet4 cet6 family:ovals,6604
oven,'ʌvәn,n.,"n. 烤箱, 灶, 子宫\n[化] 烘箱",,,cet6-all source:ecdict cet4 cet6 family:ovens,2920
overall,'әuvәrɒ:l,adj.,"a. 全部的, 全体的, 从头至尾的, 一切在内的\nadv. 从头到尾, 总的说来\nn. 罩衫, 工作服",,,cet6-all source:ecdict cet4 cet6 family:overalls,1941
overcoat,'әuvәkәut,n.,n. 外套大衣,,,cet6-all source:ecdict cet4 cet6 family:overcoats family:overcoated,12679
overcome,.әuvә'kʌm,vt.,"vt. 战胜, 克服, 胜过\nvi. 得胜",,,cet6-all source:ecdict cet4 cet6 cet6-core family:overcome family:d family:overcoming family:overcame family:overcomes,2707
overestimate,.әuvәr'estimeit,vt.,"vt. 评价过高, 过高估价\nn. 估计过高, 评价过高",,,cet6-all source:ecdict cet6 family:overestimated family:overestimating family:overestimates,12942
overflow,.әuvә'flәu,n.,"n. 溢值, 超值, 泛滥\nv. (使)泛滥, (使)溢出, (使)充溢\n[计] 上溢; 溢出",,,cet6-all source:ecdict cet6 cet6-core family:overflowing family:overflowed family:overflows,9278
overhang,.әuvә'hæŋ,n.,"n. 突出部份, 悬垂部份\nvt. 悬于...之上, (危险等)逼近\nvi. 悬垂, 逼近",,,cet6-all source:ecdict cet6 family:overhangs family:overhanging family:overhung,16004
overhead,'әuvәhed,n.,"n. 经常开支, 普通用费, 天花板\na. 在头上的, 高架的\nadv. 在头顶上, 在空中, 在高处, 从头到脚全部没入地\n[计] 总开销; 额外开销",,,cet6-all source:ecdict cet4 cet6 cet6-core family:overheads,5527
overhear,.әuvә'hiә,vt.,"vt. 无意中听到, 偷听",,,cet6-all source:ecdict cet6 cet6-core family:overheard family:overhearing family:overhears,8536
overlap,.әuvә'læp,n.,"n. 重叠, 重复, 部分的同时发生\nvt. 重叠, 重复, 与...同时发生\nvi. 迭盖, 部分的同时发生\n[计] 重叠",,,cet6-all source:ecdict cet6 cet6-core family:overlapping family:overlaps family:overlapped,8870
overload,.әuvә'lәud,vt.,"vt. 超载, 过载, 超过负荷\nn. 超载, 负荷过多",,,cet6-all source:ecdict cet6 family:overloading family:overloaded family:overloads,14339
overlook,.әuvә'luk,vt.,"vt. 俯瞰, 远眺, 没注意到\nn. 眺望, 俯瞰到的景色",,,cet6-all source:ecdict cet4 cet6 cet6-core family:overlooking family:overlooked family:overlooks,3139
overnight,'әuvәnait,n.,"n. 前一天晚上, 一夜的逗留\na. 通宵的, 晚上的, 前夜的\nadv. 在前一夜, 整夜, 昨晚一晚上",,,cet6-all source:ecdict cet4 cet6 family:overnights,4742
overseas,'әuvә'si:z,adj.,"a. 海外的, 国外的\nadv. 在海外, 在国外",,,cet6-all source:ecdict cet4 cet6,4955
overt,'әuvә:t,adj.,"a. 明显的, 公然的, 蓄意的\n[法] 明显的, 公开的",,,cet6-all source:ecdict cet6 cet6-core,9229
overtake,.әuvә'teik,vt.,"vt. 赶上, 突然降临于, 压倒, 代替",,,cet6-all source:ecdict cet4 cet6 family:overtaken family:overtook family:overtaking family:overtakes,8889
overthrow,.әuvә'θrәu,n.,"n. 推翻, 瓦解, 倾覆\nvt. 打倒, 推翻, 倾覆",,,cet6-all source:ecdict cet6 cet6-core family:overthrown family:overthrowing family:overthrows family:overthrew,8555
overtime,'әuvәtaim,n.,"n. 超时, 加班, 延长时间\na. 超时的, 加班的\nadv. 加班地\nvt. 使超过时间",,,cet6-all source:ecdict cet4 cet6,8317
overwhelm,.әuvә'hwelm,vt.,"vt. 淹没, 受打击, 制服, 压倒, 使不知所措\n[法] 打翻, 倾覆, 覆盖",,,cet6-all source:ecdict cet6 cet6-core family:overwhelmed family:overwhelms family:overwhelming,4804
overwhelming,.әuvә'hwelmiŋ,adj.,"a. 压倒性的, 无法抵抗的",,,cet6-all source:ecdict cet6 cet6-core family:i family:overwhelm,3571
owe,әu,vt.,"vt. 亏欠, 负...债, 归功于, 怀有, 应给予, 感恩\nvi. 欠钱",,,cet6-all source:ecdict cet4 cet6 cet6-core family:owing family:owed family:owes,2979
owl,aul,n.,n. 猫头鹰\n[法] 走私,,,cet6-all source:ecdict cet4 cet6 cet6-core family:owls,5953
owner,'әunә,n.,"n. 拥有者, 物主, 所有人\n[经] 所有者, 物主, 业主",,,cet6-all source:ecdict cet4 cet6 family:owners,1021
ownership,'әunәʃip,n.,"n. 所有权, 物主身份\n[经] 所有权, 所有制",,,cet6-all source:ecdict cet4 cet6 family:ownerships,3585
ox,ɒks,n.,n. 牛,,,cet6-all source:ecdict cet4 cet6 family:oxen family:oxer,
oxide,'ɒksaid,n.,n. 氧化物\n[医] 氧化物,,,cet6-all source:ecdict cet6 cet6-core family:oxides,9787
oxidize,'ɒksidaiz,vt.,"vt. 使氧化, 使生锈\nvi. 氧化",,,cet6-all source:ecdict cet6 family:oxidized family:oxidizes family:oxidizing,21890
oyster,'ɒistә,n.,"n. 牡蛎, 蚝, 沉默者",,,cet6-all source:ecdict cet6 family:oysters family:oystering family:oystered,6305
pace,peis,n.,"n. 速度, 步调, 步法\nvi. 踱步, 缓慢走\nvt. 用步测, 踱步于",,,cet6-all source:ecdict cet4 cet6 family:paces family:pacing family:paced,2533
pacific,pә'sifik,n.,"n. 太平洋\na. 太平洋的, 太平洋沿岸的, 爱好和平的, 安静的, 平息的",,,cet6-all source:ecdict cet4 cet6,26607
package,'pækidʒ,n.,"n. 包裹, 套装软件, 包, 包装用物, 程序包\nvt. 包装, 打包\na. 一揽子的\n[计] 包, 软件包, 包装",,,cet6-all source:ecdict cet4 cet6 cet6-core family:packages family:packaged family:packaging,1685
packet,'pækit,n.,"n. 小包, 一批信件, 大量, 信息包\nvt. 打包, 装进小包\n[计] 分组, 分组报文, 数据分组",,,cet6-all source:ecdict cet4 cet6 family:packets,6240
pad,pæd,n.,"n. 填补, 衬垫, 印色盒, 路\nvt. 填补, 走, 夸大\nvi. 步行\n[计] 焊接点; 包装配/拆卸",,,cet6-all source:ecdict cet4 cet6 family:pads family:padded family:padding,3664
pail,peil,n.,"n. 桶, 提桶",,,cet6-all source:ecdict cet4 cet6 family:pails,14177
pain,pein,n.,"n. 痛苦, 疼痛, 辛苦\nvt. 使痛苦, 痛苦\nvi. 作痛, 疼",,,cet6-all source:ecdict cet4 cet6 family:pains family:pained family:paining,937
painful,'peinful,adj.,"a. 痛苦的, 困难的, 令人烦恼的\n[医] 疼痛的",,,cet6-all source:ecdict cet4 cet6,3034
painting,'peintiŋ,n.,"n. 画, 绘画, 油漆\n[化] 涂漆",,,cet6-all source:ecdict cet4 cet6 family:paintings family:painting family:i,1056
pal,pæl,n.,"n. 朋友, 伙伴, 同志, 同谋\nvi. 交友, 结伴",,,cet6-all source:ecdict cet6 family:pals family:palling family:palled,5020
pale,peil,n.,"n. 栅栏, 界线, 范围\na. 苍白的, 暗淡的, 无力的\nvi. 变苍白, 变暗, 失色\nvt. 使变苍白, 使失色, 用栅栏围",,,cet6-all source:ecdict cet4 cet6 family:paler family:paled family:palest family:pales family:paling,2935
palm,pɑ:m,n.,"n. 手掌, 棕榈, 胜利\nvt. 与...握手, 藏...于掌中",,,cet6-all source:ecdict cet4 cet6 family:palms family:palmed family:palming,2991
pamphlet,'pæmflit,n.,"n. 小册子, 活页文选",,,cet6-all source:ecdict cet6 cet6-core family:pamphlets,8959
pan,pæn,n.,"n. 平锅, 浅盘, 盆地, 硬土层, 拍摄全景\nv. 上下左右移动, 摇镜头, 淘洗, 淘金",,,cet6-all source:ecdict cet4 cet6 family:pans family:panned family:panning,2479
pane,pein,n.,"n. 窗玻璃, 方框, 方格, 窗格\nvt. 嵌窗玻璃于\n[计] 窗格",,,cet6-all source:ecdict cet4 cet6 family:panes,10912
panel,'pænl,n.,"n. 嵌板, 仪表板, 专题讨论小组, 全体陪审员\nvt. 嵌镶板",,,cet6-all source:ecdict cet4 cet6 family:panels family:panelled family:panelling,1607
panic,'pænik,n.,"n. 恐慌, 惊慌\na. 惊慌的, 没有理由的, 恐慌的\nvt. 使惊慌, 使狂热\nvi. 惊慌",,,cet6-all source:ecdict cet6 cet6-core family:panicking family:panics family:panicked,4310
pant,pænt,n.,"n. 喘息, 悸动\nvi. 喘息, 渴望\nvt. 气喘吁吁地说",,,cet6-all source:ecdict cet4 cet6 family:panting family:panted family:pants,2690
panther,'pænθә,n.,"n. 豹, 黑豹, 美洲豹",,,cet6-all source:ecdict cet6 family:panthers,14654
pantry,'pæntri,n.,"n. 餐具室, 食品室",,,cet6-all source:ecdict cet6 family:pantries,10360
pants,pænts,n.,"n. 裤子, 长裤, 短衬裤, 女式运动短裤",,,cet6-all source:ecdict cet4 cet6 family:pants family:s,
parachute,'pærәʃu:t,n.,n. 降落伞\nvi. 跳伞,,,cet6-all source:ecdict cet6 family:parachutes family:parachuting family:parachuted,9674
parade,pә'reid,n.,"n. 游行, 炫耀, 阅兵\nv. 游行, 炫耀, (使)列队行进",,,cet6-all source:ecdict cet4 cet6 family:parades family:parading family:paraded,3907
paradise,'pærәdais,n.,"n. 天堂, 乐园, 伊甸园",,,cet6-all source:ecdict cet4 cet6 cet6-core family:paradises,6816
paradox,'pærәdɒks,n.,"n. 似非而是的论点, 自相矛盾的话, 悖论, 怪人怪事\n[化] 佯谬",,,cet6-all source:ecdict cet6 cet6-core family:paradoxes,6775
paradoxically,,adv.,"adv. 反论, 荒谬, 自相矛盾, 似非而可能是",,,cet6-all source:ecdict cet6,10558
paragraph,'pærәgrɑ:f,n.,"n. 段落, 短评\nvt. 将...分段, 分段落\nvi. 写短讯\n[计] 段落",,,cet6-all source:ecdict cet4 cet6 cet6-core family:paragraphs family:paragraphing family:paragraphed,5897
parallel,'pærәlel,n.,"n. 平行, 对比, 相匹敌之物\na. 平行的, 相似的\nvt. 与...平行, 与...相似, 相比, 使平行\n[计] 并联; 并行",,,cet6-all source:ecdict cet4 cet6 cet6-core family:parallels family:paralleling family:parallelled,5840
paralyse,'pærәlais,vt.,"vt. 使麻痹, 使瘫痪, 使无力, 使气馁, 终止\n[医] 使麻痹, 使瘫痪",,,cet6-all source:ecdict cet6 family:paralysed family:paralysing family:paralyses,
paralysis,pә'rælisis,n.,"n. 麻痹, 停顿, 瘫痪\n[医] 麻痹, 瘫痪",,,cet6-all source:ecdict cet6 family:paralyses,9996
paralyze,'pærәlaiz,vt.,"vt. 使瘫痪, 使麻痹\n[医] 使麻痹, 使瘫痪",,,cet6-all source:ecdict cet6 cet6-core family:paralyzed family:paralyzes family:paralyzing,7146
parameter,pә'ræmitә,n.,"n. 参变数, 参变量, 参数, 参量\n[计] 参量; 参数",,,cet6-all source:ecdict cet6 cet6-core family:parameters,5398
parcel,'pɑ:sl,n.,"n. 包裹, 部分, 片\nvt. 分配, 打包\na. 部分的\nadv. 局部地",,,cet6-all source:ecdict cet4 cet6 family:parcels family:parcelled family:parcelling,7729
parliament,'pɑ:lәmәnt,n.,"n. 国会, 议会\n[法] 会议, 国会, 议院",,,cet6-all source:ecdict cet4 cet6 family:parliaments,5169
partial,'pɑ:ʃәl,adj.,"a. 部分的, 偏袒的, 偏爱的\nn. 分音",,,cet6-all source:ecdict cet4 cet6 cet6-core family:partials,4546
partially,'pɑ:ʃәli,adv.,"adv. 部分地, 一部分地, 不公平地",,,cet6-all source:ecdict cet4 cet6,4379
participant,pɑ:'tisipәnt,n.,"n. 参加者, 参与者\na. 有份的, 参加的, 参与的",,,cet6-all source:ecdict cet6 cet6-core family:participants,1103
participate,pɑ:'tisipeit,vi.,"vi. 参加, 分享, 参与, 带有\nvt. 分享, 分担",,,cet6-all source:ecdict cet4 cet6 family:participating family:participated family:participates,1482
particle,'pɑ:tikl,n.,"n. 颗粒, 粒子, 质点, 极小量\n[化] 粒子; 质点",,,cet6-all source:ecdict cet4 cet6 family:particles,3683
particular,pә'tikjulә,n.,"n. 一项(或条、点), 个别项目, 详细说明\na. 特别的, 独有的, 挑剔的, 详尽的",,,cet6-all source:ecdict cet4 cet6,948
particularly,pә'tikjjlәli,adv.,"adv. 特别, 格外, 尤其, 详细地, 细致地",,,cet6-all source:ecdict cet4 cet6,781
partition,pɑ:'tiʃәn,n.,"n. 分割, 隔离物, 隔墙, 财产分割\nvt. 区分, 瓜分, 隔开, 分割\n[计] 分区; 划分",,,cet6-all source:ecdict cet6 cet6-core family:partitioned family:partitions family:partitioning,9717
partly,'pɑ:tli,adv.,"adv. 部分地, 在一定程度上",,,cet6-all source:ecdict cet4 cet6,2824
partner,'pɑ:tnә,n.,"n. 合伙人, 股东, 伙伴, 伴侣\nvt. 与...合伙, 组成一对\nvi. 做伙伴, 当助手",,,cet6-all source:ecdict cet4 cet6 family:partners family:partnering family:partnered,1048
passenger,'pæsindʒә,n.,"n. 乘客, 旅客\n[经] 乘客, 旅客",,,cet6-all source:ecdict cet4 cet6 family:passengers,2080
passion,'pæʃәn,n.,"n. 激情, 酷爱, 热爱, 强烈感情, 耶稣受难(故事)",,,cet6-all source:ecdict cet4 cet6 cet6-core family:passions,2283
passive,'pæsiv,adj.,"a. 消极的, 被动的, 冷漠的, 顺从的, 无源的\n[医] 被动的",,,cet6-all source:ecdict cet4 cet6 cet6-core family:passives,5680
paste,peist,n.,"n. 面团, 面食, 浆糊, 糊状物, 粘贴, 用拳重击\nvt. 用浆糊粘, 张贴, 狠狠地打\n[计] 粘贴",,,cet6-all source:ecdict cet4 cet6 family:pasted family:pastes family:pasting,7619
pastime,'pæstaim,n.,"n. 消遣, 娱乐, 游戏",,,cet6-all source:ecdict cet4 cet6 cet6-core family:pastimes,11138
pasture,'pæstʃә,n.,"n. 牧场, 草地, 牧草\nvt. 放牧\nvi. 吃草",,,cet6-all source:ecdict cet6 cet6-core family:pastures family:pastured family:pasturing,6330
pat,pæt,n.,"n. 轻拍\nv. 轻拍\nadv. 适时, 正好, 恰好, 毫不迟疑, 熟记地\na. 恰好的, 合适的, 熟练的, 坚定的, 人为的",,,cet6-all source:ecdict cet4 cet6 family:patted family:patting family:pats,4539
patch,pætʃ,n.,"n. 片, 补缀, 碎片, 斑, 傻瓜\nvt. 补缀, 掩饰, 拼凑, 平息\n[计] 修补; 拼凑",,,cet6-all source:ecdict cet4 cet6 family:patches family:patched family:patching,3316
patent,'pætnt. 'peitnt,n.,"n. 专利权, 许可证, 执照, 专利品, 素质\na. 专利的, 特许的, 显著的, 新奇的\nvt. 取得...的专利权, 请准专利",,,cet6-all source:ecdict cet6 cet6-core family:patents family:patented family:patenting,4405
path,pɑ:θ,n.,"n. 路径, 小路, 道路, 途径, 路线, 轨道\n[计] 路径; DOS内部命令:设定DOS读取程序的路径",,,cet6-all source:ecdict cet4 cet6 family:paths,1336
pathetic,pә'θetik,adj.,"a. 悲哀的, 可怜的, 感伤的, 差劲的\n[医] 感情的",,,cet6-all source:ecdict cet6 cet6-core family:pathetics,7927
patience,'peiʃәns,n.,"n. 耐性, 忍耐",,,cet6-all source:ecdict cet4 cet6,4177
patient,'peiʃәnt,n.,"n. 病人, 承受者\na. 忍耐的, 容忍的, 有耐性的, 坚忍的",,,cet6-all source:ecdict cet4 cet6 family:patients,572
patriot,'peitriәt,n.,"n. 爱国者, 爱国主义者",,,cet6-all source:ecdict cet6 cet6-core family:patriots,10621
patriotic,.peitri'ɒtik,adj.,"a. 爱国的, 有爱国心的\n[法] 爱国的, 有爱国心的",,,cet6-all source:ecdict cet6 cet6-core,7633
patrol,pә'trәul,n.,"n. 巡逻, 巡逻员, 侦察队\nv. 巡逻, 巡视",,,cet6-all source:ecdict cet6 cet6-core family:patrols family:patrolling family:patrolled,4183
patron,'peitrәn,n.,"n. 赞助人, 顾客, 保护人\n[法] 保护人, 庇护人, 赞助人",,,cet6-all source:ecdict cet6 cet6-core family:patrons,4665
pattern,'pætәn,n.,"n. 模范, 典型, 式样, 样品, 图案, 格调, 模式\nvt. 模仿, 仿造, 以图案装饰\nvi. 形成图案\n[计] 模式, 图案",,,cet6-all source:ecdict cet4 cet6 cet6-core family:patterns family:patterning family:patterned,1017
pause,pɒ:z,n.,"n. 暂停, 中止, 停顿, 间歇, 踌躇, 休止符\nvi. 暂停, 中止, 停顿, 踌躇\n[计] DOS内部命令:暂时停止批处理文件的执行",,,cet6-all source:ecdict cet4 cet6 family:paused family:pausing family:pauses,2777
pave,peiv,vt.,"vt. 铺设, 安排, 铺满, 为...铺路\n[化] 铺设",,,cet6-all source:ecdict cet4 cet6 cet6-core family:paved family:paving family:paves,7086
pavement,'peivmәnt,n.,"n. 路面, 人行道, 铺面路, 铺路材料",,,cet6-all source:ecdict cet4 cet6 family:pavements,6540
paw,pɒ:,n.,"n. 爪\nv. 以蹄扒地, 用爪子抓, 拼命抓, 向...乱抓, 笨拙地使用, 费力地前进",,,cet6-all source:ecdict cet4 cet6 family:paws family:pawing family:pawed,8033
payment,'peimәnt,n.,"n. 付款, 支付的款项(或实物), 偿还, 报应, 惩罚\n[经] 支付, 缴纳, 支付款额",,,cet6-all source:ecdict cet4 cet6 family:payments,2106
payoff,'peiɒf,n.,"n. 发工资, 分赃, 贿赂, 盈利, 报酬, 报应, 结果, 高潮, 决定因素\na. 决定性的, 产生结果的, 支付的",,,cet6-all source:ecdict cet6 family:payoffs,7645
pea,pi:,n.,"n. 豌豆, 似豌豆的东西",,,cet6-all source:ecdict cet4 cet6 family:peas,5226
peaceful,'pi:sful,adj.,"a. 平静的, 和平的, 和平时期的, 爱好和平的, 喜爱安静的\n[法] 和平的, 爱好和平的, 和平时期的",,,cet6-all source:ecdict cet4 cet6,3655
peach,pi:tʃ,n.,"n. 桃子, 桃树, 桃色, 美人儿, 极好的事物\nvt. 告发\nvi. 告密, 检举",,,cet6-all source:ecdict cet4 cet6 family:peaches family:peaching family:peached,5531
peacock,'pi:kɒk,n.,"n. 孔雀, 好炫耀的人\nvi. 炫耀, 神气活现地行走",,,cet6-all source:ecdict cet6 family:peacocks family:peacocking,15411
peak,pi:k,n.,"n. 山峰, 巅, 山顶, 顶点, 尖峰, 帽舌\na. 最高的, 最大值的\nvi. 到达最高点, 消瘦, 变憔悴, 逐渐缩小\nvt. 使竖起, 使达到最高点",,,cet6-all source:ecdict cet4 cet6 cet6-core family:peaks family:peaked family:peaking,2364
pear,pєә,n.,"n. 梨子, 梨树, 梨木\n[机] 梨木",,,cet6-all source:ecdict cet4 cet6 family:pears,6857
pearl,pә:l,n.,"n. 珍珠, 珠灰色, 杰出者, 珍贵之物\nvt. 用珍珠镶, 使成珠状\nvi. 成珠子状, 采珍珠, 用珍珠做",,,cet6-all source:ecdict cet4 cet6 cet6-core family:pearls family:pearling family:pearled,45772
peasant,'peznt,n.,"n. 农夫, 乡下人",,,cet6-all source:ecdict cet4 cet6 family:peasants,4680
pebble,'pebl,n.,"n. 小圆石, 小鹅卵石, 水晶透镜, 碎石花纹\n[医] 小石",,,cet6-all source:ecdict cet4 cet6 family:pebbles,11162
peck,pek,n.,"n. 配克(英美干量单位), 啄痕, 啄食, 许多\nvt. 啄, 啄食, 琢, 凿成, 扔\nvi. 啄, 吹毛求疵, 啄食, 勉强吃\n[计] 取数",,,cet6-all source:ecdict cet6 family:pecking family:pecked family:pecks,14442
peculiar,pi'kju:ljә,adj.,"a. 奇特的, 罕见的, 特殊的, 特别的\nn. 特有财产, 特权",,,cet6-all source:ecdict cet4 cet6 cet6-core family:peculiars,5505
peculiarity,pi.kju:li'æriti,n.,"n. 特质, 特性, 怪癖",,,cet6-all source:ecdict cet6 family:peculiarities,16495
pedal,'pedl,n.,"n. 踏板, 脚蹬子\na. 脚的, 脚踏的\nvt. 用脚踏动\nvi. 踩踏板, 骑车",,,cet6-all source:ecdict cet6 cet6-core family:pedals family:pedalling family:pedalled,7777
pedestrian,pә'destriәn,n.,"n. 行人, 步行者\na. 人行的, 徒步的, 呆板的, 通俗的, 平淡无奇的",,,cet6-all source:ecdict cet6 cet6-core family:pedestrians,7573
pedlar,'pedlә,n.,"n. 沿街叫卖的小贩, (流言)传播者\n[经] 小贩, 商贩, 货郎",,,cet6-all source:ecdict cet6 family:pedlars,
peel,pi:l,n.,"n. 皮, 外壳\nvt. 削...皮, 剥去...的壳\nvi. 蜕皮, 剥落, 脱皮, 脱去衣服",,,cet6-all source:ecdict cet4 cet6 cet6-core family:peeled family:peeling family:peels,3920
peep,pi:p,n.,"n. 一瞥, 偷看, 不完全的景象, 初现, 吱吱声, 嘀咕抱怨声, 汽车喇叭声\nvi. 窥视, 出现, 吱吱叫\nvt. 使隐约显现",,,cet6-all source:ecdict cet4 cet6 family:peeping family:peeped family:peeps,16608
peer,piә,n.,"n. 同等的人, 匹敌, 贵族\nvi. 凝视, 窥视, 费力地看, 隐现\nvt. 与...同等, 封为贵族",,,cet6-all source:ecdict cet6 family:peers family:peered family:peering,2424
penalty,'penәlti,n.,"n. 处罚, 刑罚, 罚款, 罚球, 报应, 不利结果, 妨碍\n[经] 罚金(款), 违约金",,,cet6-all source:ecdict cet6 cet6-core family:penalties,2680
pendulum,'pendʒәlәm,n.,"n. 钟摆, 摇锤, 摇摆不定的事态(或局面)\n[化] 摆",,,cet6-all source:ecdict cet6 cet6-core family:pendulums,12582
penetrate,'penitreit,vt.,"vt. 穿透, 刺穿, 渗透, 看穿, 洞察, 了解, 使充溢\nvi. 刺入, 看穿, 渗透, 打进",,,cet6-all source:ecdict cet4 cet6 family:penetrated family:penetrates family:penetrating,5392
penetration,.peni'treiʃәn,n.,"n. 穿透, 渗透, 侵入, 识穿, 洞察(力)\n[化] 渗入",,,cet6-all source:ecdict cet6 family:penetrations,10864
peninsula,pi'ninsjulә,n.,"n. 半岛, 突出的地方, 伊比利亚半岛",,,cet6-all source:ecdict cet4 cet6 cet6-core family:peninsulas,9009
penny,'peni,n.,"n. 便士, 一分, 小钱, 点滴\n[经] 便士",,,cet6-all source:ecdict cet4 cet6 family:pennies,
pension,'penʃәn,n.,"n. 养老金, 退休金, 津贴, 年金, 抚恤金, 膳宿学校, 膳宿费\nvt. 发给退休金, 用津贴拉拢",,,cet6-all source:ecdict cet4 cet6 family:pensions family:pensioned family:pensioning,3785
pepper,'pepә,n.,"n. 胡椒粉, 胡椒, 辣椒\n[化] 胡椒; 辣椒; 花椒",,,cet6-all source:ecdict cet4 cet6 family:peppers family:peppered family:peppering,1923
perceive,pә'si:v,vt.,"vt. 感觉, 认知, 理解, 意识到",,,cet6-all source:ecdict cet4 cet6 family:perceived family:perceives family:perceiving,2165
percent,pә'sent,n.,"n. 百分比, 百分数, 部分\n[机] 百分率",,,cet6-all source:ecdict cet4 cet6,
percentage,pә'sentidʒ,n.,"n. 百分比, 比率, 部分, 可能性\n[计] 百分比",,,cet6-all source:ecdict cet4 cet6 family:percentages,1787
perception,pә'sepʃәn,n.,"n. 知觉, 感觉, 领悟力, 获取\n[医] 知觉",,,cet6-all source:ecdict cet6 cet6-core family:perceptions,1866
perch,pә:tʃ,n.,"n. 栖木, 高位, 杆, 河鲈\nv. (使)栖息, 就位, 位于, (使)暂歇",,,cet6-all source:ecdict cet6 family:perched family:perching family:perches,6081
perfection,pә'fekʃәn,n.,"n. 完美, 完成, 极端\n[经] 完整性",,,cet6-all source:ecdict cet6 cet6-core family:perfections,6505
perfectly,'pә:fiktli,adv.,"adv. 完全地, 无瑕疵地, 完整地",,,cet6-all source:ecdict cet4 cet6,2435
perform,pә'fɒ:m,vt.,"vt. 进行, 履行, 完成, 执行, 表演\nvi. 行动, 工作, 执行, 演出",,,cet6-all source:ecdict cet4 cet6 family:performed family:performing family:performs,953
performance,pә'fɒ:mәns,n.,"n. 施行, 工作情况, 成绩, 行为, 表现, 演出\n[电] 绩效, 性能",,,cet6-all source:ecdict cet4 cet6 cet6-core family:performances,675
perfume,'pә:fju:m,n.,"n. 香水, 香气, (悦人的)气氛, 美名\nvt. 洒香水于, 薰香, 使充满香气",,,cet6-all source:ecdict cet4 cet6 cet6-core family:perfumes family:perfumed family:perfuming,6592
perhaps,pә'hæps,adv.,"adv. 也许, 大概",,,cet6-all source:ecdict cet4 cet6,435
peril,'peril,n.,"n. 危险, 冒...之险, 险境, 险因\nvt. 置...于险境, 冒险, 危及",,,cet6-all source:ecdict cet6 family:perils family:periling family:periled,7617
perimeter,pә'rimitә,n.,"n. 周长, 周界, 边缘\n[医] 周, 周边, 周界线; 周长; 视野计",,,cet6-all source:ecdict cet6 family:perimeters,6584
period,'piәriәd,n.,"n. 时期, 节段, 节, 句点, 学时, 周期\na. 当时特有的, 过去某段时期的\ninterj. 就是这话, 就是这么回事",,,cet6-all source:ecdict cet4 cet6 family:periods,617
periodic,.piәri'ɒdik,adj.,"a. 周期的, 定期的, 间歇(性)的, 循环的, 用完整句的, 高碘的\n[医] 周期性的",,,cet6-all source:ecdict cet6 cet6-core,7702
periodical,.piәri'ɒdikl,n.,"n. 期刊\na. 定期出版的, (有关)期刊的, 间歇(性的), 周期的, 定期的",,,cet6-all source:ecdict cet6 cet6-core family:periodicals,12986
peripheral,pә'rifәrәl,adj.,"a. 周边的, 周围的, 圆周的, 无关紧要的, 肤浅的\n[医] 外周的, 周围的, 末梢的",,,cet6-all source:ecdict cet6 family:peripherals,8353
perish,'periʃ,vi.,"vi. 毁灭, 丧生, 凋谢, 颓丧, 死亡, 腐烂\nvt. 毁坏, 使麻木, 使丧生, 耗尽",,,cet6-all source:ecdict cet6 cet6-core family:perished family:perishing family:perishes,9475
permanent,'pә:mәnәnt,adj.,"a. 永久的, 不变的, 固定的, 持久的\nn. 烫发\n[计] 永久的",,,cet6-all source:ecdict cet4 cet6 cet6-core,2464
permanently,'p\\\\:mәntli,adv.,"adv. 永久, 不变, 持久\n[计] 永久性的",,,cet6-all source:ecdict cet4 cet6,5676
permeate,'pә:mieit,vt.,"vt. 弥漫, 渗透, 充满, 影响, 感染\nvi. 透入, 散布",,,cet6-all source:ecdict cet6 cet6-core family:permeates family:permeated family:permeating,9622
permissible,pә'misәbl,adj.,"a. 可允许的, 可容许程度的\n[机] 容许, 允许",,,cet6-all source:ecdict cet6 cet6-core,12774
permission,pә'miʃәn,n.,"n. 许可, 允许\n[计] 许可, 认可",,,cet6-all source:ecdict cet4 cet6 family:permissions,3233
permit,pә'mit,n.,"n. 许可证, 许可, 执照, 通行证\nvt. 允许, 容许, 可能, 使放手做\nvi. 容许, 给以机会, 提供可能",,,cet6-all source:ecdict cet4 cet6 family:permitted family:permits family:permitting,2109
perpendicular,.pә:pәn'dikjulә,n.,"n. 垂直线, 垂直的位置, 直立(姿势), 刚正, 垂规\na. 垂直的, 直立的, 陡峭的",,,cet6-all source:ecdict cet6,13882
perpetual,pә'petʃuәl,adj.,"a. 永久的, 不断的, 无期限的, 没完没了的, 四季开花的\n[经] 永远的, 终身的, 持续的",,,cet6-all source:ecdict cet6 cet6-core family:perpetuals,8766
perplex,pә'pleks,vt.,"vt. 使困惑, 使复杂化, 使为难\n[法] 困惑, 使复杂化, 使纠缠不清",,,cet6-all source:ecdict cet6 cet6-core family:perplexed family:perplexing family:perplexes,15354
persecute,'pә:sikju:t,vt.,"vt. 迫害, 虐待, 困扰, 同...捣乱\n[法] 迫害, 虐待, 烦扰",,,cet6-all source:ecdict cet6 family:persecuted family:persecuting family:persecutes,12900
persevere,.pә:si'viә,vi.,"vi. 坚持, 孜孜不倦, 不屈不挠, (辩论中)固执己见",,,cet6-all source:ecdict cet6 family:persevered family:perseveres family:persevering,13798
persist,pә'sist,vi.,"vi. 坚持, 固执, 持续, 坚称\n[经] 持续",,,cet6-all source:ecdict cet4 cet6 cet6-core family:persisted family:persists family:persisting,4351
persistence,pә'sistәns,n.,"n. 固执, 坚持不懈, 持续(性), 存留(状态)\n[电] 持久",,,cet6-all source:ecdict cet6,7491
persistent,pә'sistәnt,adj.,"a. 固执的, 坚持的, 持续的, 作用持久的\n[法] 坚持的, 固执的, 持续的",,,cet6-all source:ecdict cet6 cet6-core,5269
personal,'pә:snl,adj.,"a. 私人的, 涉及隐私的, 有人性的, 人称的, 亲自的, 身体的\n[医] 人的; 个人的, 自身的",,,cet6-all source:ecdict cet4 cet6,580
personality,.pә:sә'næliti,n.,"n. 个性, 人格, (团体、地方、国家)特有特性, 名人\n[医] 人格; 个性",,,cet6-all source:ecdict cet4 cet6 family:personalities,2076
personnel,.pә:sә'nel,n.,"n. 人员, 人事部门, 人事科(处)\n[经] 人事, 全体人员, 职工",,,cet6-all source:ecdict cet4 cet6 family:personnel family:s,2425
perspective,pә'spektiv,n.,"n. 远景, 透视感, (观察问题的)视角, 透视法, 看法, 透视图\na. 透视的, 透视法的\n[计] 透视",,,cet6-all source:ecdict cet4 cet6 cet6-core family:perspectives,1412
perspiration,.pә:spә'reiʃәn,n.,"n. 汗, 流汗, 努力\n[医] 出汗; 汗",,,cet6-all source:ecdict cet6,14005
persuade,pә'sweid,vt.,"vt. 劝, 使相信, 恳求, 敦促, 说服\nvi. 劝服, 被说服",,,cet6-all source:ecdict cet4 cet6 family:persuaded family:persuading family:persuades,3265
persuasion,pә'sweiʒәn,n.,"n. 说服, 信念, 派别, 说服力",,,cet6-all source:ecdict cet6 cet6-core family:persuasions,9532
pertinent,'pә:tinәnt,adj.,"a. 相关的, 中肯的, 切题的\n[法] 恰当的, 有关的",,,cet6-all source:ecdict cet6,9895
pessimistic,.pesi'mistik,adj.,"a. 悲观的, 厌世的, 悲观主义的",,,cet6-all source:ecdict cet4 cet6 cet6-core,9792
pest,pest,n.,"n. 令人讨厌之物, 有害之物, 害虫, 瘟疫\n[医] 鼠疫, 瘟疫",,,cet6-all source:ecdict cet6 cet6-core family:pests,6842
pet,pet,n.,"n. 宠物, 受宠爱的人, 宠坏的孩子, 不悦, 生气\na. 宠爱的, 表示亲昵的, 养着观赏的, 特别珍爱的, 格外的\nvt. 宠爱, 溺爱, 抚摸\nvi. 拥抱, 爱抚, 生气, 发脾气",,,cet6-all source:ecdict cet4 cet6 family:pets family:petting family:petted,3278
petition,pi'tiʃәn,n.,"n. 请愿, 诉状, 陈情书, 申请, 祈求, 祷文\nv. 正式请求, 恳求, 请愿",,,cet6-all source:ecdict cet6 cet6-core family:petitions family:petitioned family:petitioning,5959
petrol,'petrәl,n.,"n. 汽油\n[经] 汽油, 挥发油, 石油",,,cet6-all source:ecdict cet4 cet6 family:petrols,22027
petroleum,pә'trәuliәm,n.,n. 石油\n[化] 石油,,,cet6-all source:ecdict cet4 cet6,8098
petty,'peti,adj.,"a. 琐碎的, 小规模的, 小气的, 委琐的\n[经] 小额的, 微小的, 小规模的",,,cet6-all source:ecdict cet6 cet6-core family:pettier family:pettys family:pettiest,6435
phase,feiz,n.,"n. 时期, 局面, 方面, 位相, 相, 阶段\nvt. 使调整相位, 使定相, 使一致, 逐步执行, 实行\n[计] 阶段",,,cet6-all source:ecdict cet4 cet6 cet6-core family:phases family:phased family:phasing,2244
phenomenon,fi'nɒminәn,n.,"n. 现象, 迹象, 表现, 奇迹, 奇才\n[化] 现象",,,cet6-all source:ecdict cet4 cet6 cet6-core family:phenomena,2466
philanthropic,fi'lænθrәpic,adj.,"a. 慈善(事业)的, 博爱的, 乐善好施的\n[法] 博爱的, 仁慈的, 慈善事业的",,,cet6-all source:ecdict cet6,15267
philanthropy,fi'lænθrәpi,n.,"n. 慈善, 仁慈, 博爱, 慈善事业, 慈善机构(团体)",,,cet6-all source:ecdict cet6 family:philanthropies,13533
philosopher,fi'lɒsәfә,n.,"n. 哲学家, 哲人, 思想开创人, 达观的人\n[法] 哲学家, 哲学研究者",,,cet6-all source:ecdict cet4 cet6 family:philosophers,5141
philosophy,fi'lɒsәfi,n.,"n. 哲学, 人生观, 哲学思想, 哲理, 基本原理, 见解, 达观, 沉着",,,cet6-all source:ecdict cet4 cet6 family:philosophies,2252
photoelectric,.fәutәui'lektrik,adj.,"a. 光电的, 灯光摄影装置的\n[电] 光电的",,,cet6-all source:ecdict cet6,31967
photograph,'fәutәgrɑ:f,n.,"n. 相片, 照片, 逼真的描绘\nv. 照相, 摄影",,,cet6-all source:ecdict cet4 cet6 family:photographs family:photographed family:photographing,1481
photographic,.fәutә'græfik,adj.,"a. 照相的, 摄影用的, 详细记录的, 逼真的, 酷似的",,,cet6-all source:ecdict cet4 cet6,6248
photography,fә'tɒgrәfi,n.,"n. 摄影, 摄影术\n[化] 照相术",,,cet6-all source:ecdict cet6,3986
phrase,freiz,n.,"n. 惯用语, 词组, 成语, 措词, 乐句\nvt. 用短语表达, 把(乐曲)分成短句\n[计] 短语",,,cet6-all source:ecdict cet4 cet6 family:phrases family:phrased family:phrasing,2589
physical,'fizikl,adj.,"a. 身体的, 物质的, 自然的, 物理学的, 好色的\nn. 体格检查",,,cet6-all source:ecdict cet4 cet6,802
physically,'fizikli,adv.,"adv. 按自然规律, 完全地, 实际上, 真正地, 身体上地",,,cet6-all source:ecdict cet6,3243
physician,fi'ziʃәn,n.,"n. 医师, 内科医师, 解除痛苦者\n[医] 主治医师",,,cet6-all source:ecdict cet4 cet6 family:physicians,2041
physicist,'fizisist,n.,"n. 物理学家, 机械唯物论者, 自然科学家\n[医] 菲西克氏手术(虹膜圆片切除)",,,cet6-all source:ecdict cet4 cet6 family:physicists,5568
physics,'fiziks,n.,"n. 物理学, 物理过程, 物理现象\n[化] 物理; 物理学",,,cet6-all source:ecdict cet4 cet6,3417
physiological,.fiziә'lɒdʒikl,adj.,"a. 生理学的, 生理学上的, 生理机能的\n[医] 生理学的, 生理的",,,cet6-all source:ecdict cet6 cet6-core,8058
pickle,'pikl,n.,"n. 盐卤, 腌汁, 泡菜, 困境, 讨厌鬼\nvt. 腌制, 酸洗, 葬送(机会等), 泡",,,cet6-all source:ecdict cet6 family:pickles family:pickled family:pickling,10048
pier,piә,n.,"n. 码头, 桥墩, 支框, 防波堤\n[医] 桥基, 基牙",,,cet6-all source:ecdict cet6 family:piers,7841
pierce,piәs,vt.,"vt. 刺穿, 穿透, 打眼于, 洞悉, (声音)响彻, (亮光)照进, 深深地打动\nvi. 刺入, 穿入, 透入, 进入",,,cet6-all source:ecdict cet4 cet6 family:pierced family:piercing family:pierces,6839
pigeon,'pidʒin,n.,"n. 鸽子, 易上当受骗的人, 年轻女子",,,cet6-all source:ecdict cet4 cet6 family:pigeons,7986
pile,pail,n.,"n. 堆, 大堆, 大厦, 建筑群, 电池, 大量, 桥桩, 软毛, 痔疮\nvi. 堆起, 堆积, 积累, 挤, 猛烈攻击\nvt. 堆于, 累积, 堆叠, 打桩于, 用桩支撑",,,cet6-all source:ecdict cet4 cet6 family:piles family:piled family:piling,3003
pilgrim,'pilgrim,n.,"n. 旅行者, 朝圣者, 香客\nvi. 朝圣",,,cet6-all source:ecdict cet6 cet6-core family:pilgrims,9037
pill,pil,n.,"n. 药丸, 弹丸, 屈辱, 胡说\nv. 做成药丸, 形成丸状, 服药丸, 挫败, 抢劫",,,cet6-all source:ecdict cet4 cet6 family:pills,3425
pillar,'pilә,n.,"n. 柱子, 栋梁, 台柱, 重要的支持者\n[医] 柱, 脚",,,cet6-all source:ecdict cet4 cet6 family:pillars,6521
pillow,'pilәu,n.,"n. 枕头, 靠垫, 枕状岩\nvt. 作...的枕头, 垫, 枕于\nvi. 靠在枕上",,,cet6-all source:ecdict cet4 cet6 family:pillows family:pillowed family:pillowing,4017
pilot,'pailәt,n.,"n. 飞行员, 领航员, 航船者, 导向器, 驾驶仪, 向导, 领导人\nvt. 领航, 驾驶, 引导, 试用\na. 引导的, 控制的, 试点的\n[计] 引导",,,cet6-all source:ecdict cet4 cet6 family:pilots family:piloting family:piloted,1772
pin,pin,n.,"n. 大头针, 针, 别针, 栓, 销子, 图钉, 插头, 管脚, 品(液量单位)\nvt. 将...用针别住, 钉住, 压住, 牵制, 使不能动, 归罪于\na. 针的, 销子的, 闩的",,,cet6-all source:ecdict cet4 cet6 family:pins family:pinned family:pinning,4347
pinch,pintʃ,n.,"n. 捏, 拧, 撮, 少量, 收缩, 挤压, 夹痛, 苦恼, 逮捕, 指控, 匮乏, 紧急关头\nvt. 捏, 拧, 掐, 挤压, 修剪, 使困苦, 使萎缩, 节制, 少量加入, 逮捕, 勒索\nvi. 收缩, 节省, 挤压, 引起苦恼",,,cet6-all source:ecdict cet4 cet6 family:pinched family:pinching family:pinches,7741
pine,pain,n.,"n. 松树, 松木\nvi. 消瘦, 憔悴, 痛苦, 怀念, 渴望\n[计] 邮件程序",,,cet6-all source:ecdict cet4 cet6 family:pines family:pining family:pined,3158
pineapple,'pain.æpl,n.,"n. 凤梨, 菠萝, 失业救济金\n[医] 凤梨, 波萝",,,cet6-all source:ecdict cet6 family:pineapples,9086
pink,piŋk,n.,"n. 粉红色, 石竹花, 化身, 典范, 头面人物, 极度\na. 粉红的, 石竹科的, 比较激进的, 脸色发红的, 精致的, 有点下流的\nvt. 刺, 扎, 刺痛, 射伤, 使面红耳赤, 使变粉红色\nvi. 变粉红色",,,cet6-all source:ecdict cet4 cet6 family:pinks family:pinker family:pinking family:pinked,2488
pint,paint,n.,"n. 品脱(干量或液量的单位)\n[医] 量磅, 品脱",,,cet6-all source:ecdict cet4 cet6 family:pints,
pious,'paiәs,adj.,"a. 虔诚的, 敬神的, 尽责的, 可嘉的, 不可能实现的",,,cet6-all source:ecdict cet6,12776
pipe,paip,n.,"n. 管, 导管, 输送管, 管状器官, 声带, 尖细的声音, 烟斗, 笛, 管乐器\nvt. 以管输送, 吹哨子, 吹奏, 尖声唱\nvi. 吹笛, 尖叫, 吹长哨发令\n[计] 管道",,,cet6-all source:ecdict cet4 cet6 family:pipes family:piped family:piping,2980
pipeline,'paiplain,n.,"n. 管道, 传递途径\n[化] 管路; 管线",,,cet6-all source:ecdict cet4 cet6 family:pipelines family:pipelined family:pipelining,5181
pirate,'paiәrәt,n.,"n. 海盗, 盗印者, 侵犯专利权者\nvt. 盗印, 掠夺, 翻印\nvi. 做海盗, 从事劫掠",,,cet6-all source:ecdict cet6 cet6-core family:pirates family:pirated family:pirating,7206
pistol,'pistl,n.,"n. 手枪, 信号枪\nvt. 以手枪杀死(或伤害)",,,cet6-all source:ecdict cet4 cet6 cet6-core family:pistols,4943
piston,'pistәn,n.,"n. 活塞, 活塞阀键\n[医] 活塞(如注射器的)",,,cet6-all source:ecdict cet6 family:pistons family:pistoned family:pistoning,13303
pit,pit,n.,"n. 深坑, 矿井, 果核, 地窖, 深渊, 绝境, 陷阱\nvt. 窖藏, 使凹下, 使有麻点, 去...之核, 使留疤痕, 使相斗, 使竞争\nvi. 起凹点, 凹陷",,,cet6-all source:ecdict cet4 cet6 family:pits family:pitted family:pitting,3857
pitch,pitʃ,n.,"n. 程度, 坡度, 顶点, 前倾, 倾斜, 投掷, 音高, 螺距, 节距, 摊位, 树脂, 沥青\nvt. 投, 掷, 向前倾跌, 扎营, 竭力推销, 为...定调, 定位于, 用沥青涂\nvi. 搭帐篷, 投掷, 向前跌, 猛然摔倒, 坠落, 倾斜\n[计] 孔距",,,cet6-all source:ecdict cet4 cet6 cet6-core family:pitches family:pitched family:pitching,3157
plague,pleig,n.,"n. 瘟疫, 天罚, 麻烦, 灾祸\nvt. 折磨, 使苦恼, 使得灾祸",,,cet6-all source:ecdict cet6 cet6-core family:plagued family:plagues family:plaguing,6638
plain,plein,n.,"n. 平原, 草原, 朴实无华的东西, 无格式\na. 简单的, 明白的, 平常的, 不好看的, 朴素的, 清晰的, 普通的, 平坦的, 十足的\nadv. 清楚地, 显然地\n[计] 无格式",,,cet6-all source:ecdict cet4 cet6 family:plains family:plainer family:plainest family:plaining family:plained,3549
planet,'plænit,n.,"n. 行星, 命运星辰, 杰出的人, 重大影响的事",,,cet6-all source:ecdict cet4 cet6 cet6-core family:planets,1592
plantation,plæn'teiʃәn,n.,"n. 种植园, 大农场, 植树造林, 新开垦地\n[医] 栽植(如牙或其他组织的植入、再植和移植)",,,cet6-all source:ecdict cet4 cet6 family:plantations,5736
plaster,'plæstә,n.,"n. 石膏, 灰泥, 安慰(缓解)用品, 膏药\nvt. 涂以灰泥, 敷以膏药, 掩饰, 使平服, 彻底击败, 减轻, 粘贴",,,cet6-all source:ecdict cet4 cet6 cet6-core family:plastered family:plasters family:plastering,8240
plastic,'plæstik,n.,"n. 塑料, 可塑体, 可塑性物质\na. 塑料的, 塑造的, 有可塑性的, 造型的, 易受影响的, 有创造力的",,,cet6-all source:ecdict cet4 cet6 family:plastics,1523
plateau,plæ'tәu,n.,"n. 高地, 高原, (上升后的)稳定水平\n[医] 高原, 平顶, 坪",,,cet6-all source:ecdict cet6 cet6-core family:plateaus,8339
platform,'plætfɒ:m,n.,"n. 站台, 月台, 讲台, 论坛, 平台\n[计] 平台",,,cet6-all source:ecdict cet4 cet6 family:platforms,2806
plausible,'plɒ:zibl,adj.,"a. 貌似真实的, 貌似合理的, 说得煞有其事的\n[法] 花言巧语的, 似乎有理的",,,cet6-all source:ecdict cet6 cet6-core,7125
player,'pleiә,n.,"n. 竞赛者, 上场队员, 游戏者, 演员\n[经] 交易者",,,cet6-all source:ecdict cet4 cet6 family:players,513
playground,'pleigraund,n.,"n. 运动场, 操场, 度假胜地, 活动场所",,,cet6-all source:ecdict cet4 cet6 family:playgrounds,5793
plea,pli:,n.,"n. 恳求, 辩解, 抗辩, 诉讼, 请愿, 托词\n[法] 抗辩, 申诉案件, 答辩",,,cet6-all source:ecdict cet6 cet6-core family:pleas,4894
plead,pli:d,vi.,"vi. 辩护, 恳求\nvt. 为...辩护, 提出...借口, 托称, 恳求",,,cet6-all source:ecdict cet6 cet6-core family:pleaded family:pleading family:pleads,3525
pleasant,'pleznt,adj.,"a. 愉快的, 可爱的, 活泼的, 亲切的",,,cet6-all source:ecdict cet4 cet6 family:pleasanter family:pleasantest,3772
pledge,pledʒ,n.,"n. 诺言, 保证, 誓言, 抵押, 信物, 保人, 祝愿\nvt. 许诺, 保证, 使发誓, 抵押, 典当, 举杯祝...健康",,,cet6-all source:ecdict cet6 cet6-core family:pledged family:pledges family:pledging,5198
plentiful,'plentiful,adj.,"a. 许多的, 丰富的, 丰饶的",,,cet6-all source:ecdict cet4 cet6,9587
plenty,'plenti,n.,"n. 充分, 很多, 丰富\na. 很多的, 足够的, 丰富的",,,cet6-all source:ecdict cet4 cet6,2044
plot,plɒt,n.,"n. 小块土地, 地区图, 图, 阴谋, 情节\nvt. 划分, 绘图, 密谋\nvi. 密谋, 策划\n[计] 绘制",,,cet6-all source:ecdict cet4 cet6 family:plots family:plotting family:plotted,2967
plough,plau,n.,"n. 犁, 犁过的地\nvi. 用犁耕田, 开路\nvt. 耕, 犁, 开路",,,cet6-all source:ecdict cet4 cet6 family:ploughing family:ploughed family:ploughs,28832
pluck,plʌk,n.,"n. 勇气, 猛拉, 动物内脏\nvt. 摘, 猛拉, 拔, 拉, 扯, 采\nvi. 拉, 拽",,,cet6-all source:ecdict cet4 cet6 family:plucked family:plucking family:plucks,6870
plug,plʌg,n.,"n. 塞子, 栓, 插头\nvt. 插入, 塞住, 接插头\nvi. 被塞住",,,cet6-all source:ecdict cet4 cet6 family:plugged family:plugs family:plugging,5586
plump,plʌmp,adj.,"a. 圆胖的, 丰满的, 直接下落的, 直率的\nvt. 突然放下, 支持, 使丰满, 使鼓起\nvi. 扑通落下, 投票赞成, 变丰满, 鼓起\nadv. 沉重地, 突然地, 直截了当地",,,cet6-all source:ecdict cet6 family:plumped family:plumping family:plumper family:plumps family:plumpest,9362
plunder,'plʌndә,n.,"n. 抢夺, 掠夺品, 战利品\nv. 掠夺, 抢劫, 抢夺",,,cet6-all source:ecdict cet6 family:plundered family:plundering family:plunders,15954
plunge,plʌndʒ,n.,"n. 钻进, 跳进, 跳水, 跳水池, 猛跌, 落下, 投入, 开始从事, 盲目投资\nvi. 投入, 投身于, 跳进, 陷入, 下降\nvt. 使投入, 使插入, 使陷入, 使遭受",,,cet6-all source:ecdict cet4 cet6 cet6-core family:plunged family:plunging family:plunges,4610
plural,'pluәrәl,n.,"n. 复数\na. 复数的, 两个以上的",,,cet6-all source:ecdict cet4 cet6 family:plurals,18732
plutocrat,'plu:tәkræt,n.,"n. 富豪, 财阀",,,cet6-all source:ecdict cet6 family:plutocrats,34288
pneumatic,nju:'mætik,adj.,"a. 充气的, 空气的, 有气胎的, 气动的, 灵魂的\nn. 充气轮胎",,,cet6-all source:ecdict cet6 family:pneumatics,18301
pocket,'pɒkit,n.,"n. 口袋, 钱袋, 钱, 容器\nvt. 装...在口袋里, 隐藏, 抑制, 私吞, 搁置, 击...入袋\na. 袖珍的, 小型的, 压缩的, 金钱上的",,,cet6-all source:ecdict cet4 cet6 family:pockets family:pocketing family:pocketed,1620
poem,'pәuim,n.,"n. 诗, 诗般美的事物",,,cet6-all source:ecdict cet4 cet6 family:poems,2494
poet,'pәuit,n.,n. 诗人,,,cet6-all source:ecdict cet4 cet6 family:poets,2923
poetry,'pәuitri,n.,"n. 诗, 韵文, 诗歌艺术",,,cet6-all source:ecdict cet4 cet6 cet6-core,2959
point,pɒint,n.,"n. 点, 小数点, 标点, 地点, 要点, 特点, 尖端, 分数, 得分, 穴位\nvt. 弄尖, 强调, 指出, 加标点于, 瞄准\nvi. 指, 指向, 表明",,,cet6-all source:ecdict cet4 cet6 family:points family:pointed family:pointing,211
poison,'pɒizn,n.,"n. 毒药, 毒, 毒物, 有毒害的事物\nvt. 毒害, 毒杀, 使中毒\nvi. 放毒, 下毒",,,cet6-all source:ecdict cet4 cet6 family:poisons family:poisoned family:poisoning,5542
poisonous,'pɒizәnәs,adj.,"a. 有毒的, 恶毒的, 讨厌的\n[医] 有毒的",,,cet6-all source:ecdict cet4 cet6 cet6-core,10074
poke,pәuk,n.,"n. 刺, 戳, 袋子\nvt. 戳, 捅, 拨弄, 刺\nvi. 戳, 刺, 捅, 搜索, 伸出, 行动散慢\n[计] 存数",,,cet6-all source:ecdict cet4 cet6 cet6-core family:poked family:poking family:pokes,4702
polar,'pәulә,adj.,"a. 两极的, 极地的, 正好相反的, 极性的\nn. 极线, 极面",,,cet6-all source:ecdict cet6 cet6-core family:polars,6795
polarity,pәu'læriti,n.,"n. 极性, 截然相反\n[医] 极性, 极性现象",,,cet6-all source:ecdict cet6 family:polarities,18404
pole,pәul,n.,"n. 波兰人, 极点, 磁极, 电极, 杆, 竿, 相反的极端\nvt. 用竿支撑\nvi. 撑篙",,,cet6-all source:ecdict cet4 cet6 cet6-core family:poles family:poling family:poled,2789
policy,'pɒlisi,n.,"n. 政策, 方针, 策略, 保险单\n[医] 凭单, 保险单",,,cet6-all source:ecdict cet4 cet6 family:policies,388
polish,'pɒliʃ,adj.,"a. 波兰的\nn. 波兰人, 上光剂, 光泽, 优雅\nvt. 擦亮, 擦去, 使完美\nvi. 擦亮, 变得光亮",,,cet6-all source:ecdict cet4 cet6 cet6-core family:polished family:polishing family:polishes,5749
political,pә'litikl,adj.,"a. 政治的, 政治上的, 政党的, 从事政治的\n[法] 政治的, 政治上的, 党派政治的",,,cet6-all source:ecdict cet4 cet6,277
politician,.pɒli'tiʃәn,n.,"n. 政客, 政治家, 从事党派政治的人\n[法] 政客, 政治家",,,cet6-all source:ecdict cet4 cet6 family:politicians,1783
politics,'pɒlitiks,n.,"n. 政治, 政治学, 政见, 政治活动\n[法] 政治, 政治学, 政纲",,,cet6-all source:ecdict cet4 cet6,951
poll,pәul,n.,"n. 投票, 民意测验, 选举投票, 投票数, 一组人中的一个, 头颈和后脑部, 鹦鹉\nvt. 对...进行民意测验, 获得...票, 剪树枝, 轮询\nvi. 投票\na. 剪过毛的, 修过枝的\n[计] 轮询",,,cet6-all source:ecdict cet4 cet6 family:polls family:polled family:polling,1623
pollute,pә'lu:t,vt.,"vt. 污染, 弄脏, 玷污\n[化] 污染",,,cet6-all source:ecdict cet4 cet6 family:polluting family:polluted family:pollutes,9208
pollution,pә'lu:ʃәn,n.,"n. 污染, 玷污\n[化] 污染",,,cet6-all source:ecdict cet4 cet6 family:pollutions,2913
polymer,'pɒlimә,n.,"n. 聚合物, 聚合体\n[化] 多聚体; 高分子; 大分子; 聚合物",,,cet6-all source:ecdict cet6 family:polymers,10292
pond,pɒnd,n.,n. 池塘\nv. 筑成池塘,,,cet6-all source:ecdict cet4 cet6 family:ponds,3626
ponder,'pɒndә,v.,"v. 沉思, 考虑",,,cet6-all source:ecdict cet6 cet6-core family:pondered family:pondering family:ponders,5982
pool,pu:l,n.,"n. 池, 水塘, 石油层, 联营\nvt. 合伙经营, 共享, 采掘, 汇聚成\nvi. 汇合成塘, 淤积, 联营",,,cet6-all source:ecdict cet4 cet6 family:pools family:pooling family:pooled,1565
pop,pɒp,n.,"n. 砰然声, 枪击, 含气饮料, 流行音乐, 通俗艺术\na. 流行的, 热门的, 通俗的\nvt. 使发出爆裂声, 开枪打, 突然伸出\nvi. 发出爆裂声, 射击, 突然出现, 瞪大\nadv. 突然, 砰地\n[计] 出现点, 邮局协议",,,cet6-all source:ecdict cet4 cet6 family:popped family:popping family:pops,2545
pope,pәup,n.,"n. 罗马教皇, 主教",,,cet6-all source:ecdict cet6 cet6-core family:popes,5413
popular,'pɒpjulә,adj.,"a. 通俗的, 流行的, 受欢迎的, 大众的, 人民的, 普及的\n[经] 大众的, 通俗的, 普及的",,,cet6-all source:ecdict cet4 cet6 family:populars,924
popularity,.pɒpju'læriti,n.,"n. 名声, 受大众欢迎, 流行",,,cet6-all source:ecdict cet6,3974
population,.pɒpju'leiʃәn,n.,"n. 人口, 人口数\n[化] 群体; 总体",,,cet6-all source:ecdict cet4 cet6 family:populations,642
porcelain,'pɒ:slin,n.,"n. 瓷器, 瓷\na. 瓷制的",,,cet6-all source:ecdict cet6 family:porcelains,8181
porch,pɒ:tʃ,n.,"n. 门廊, 走廊",,,cet6-all source:ecdict cet4 cet6 cet6-core family:porches,3042
pore,pɒ:,n.,"n. 毛孔, 小孔, 气孔\nvi. 专心阅读, 细想, 钻研, 沉思, 注视\nvt. 使注视得",,,cet6-all source:ecdict cet6 cet6-core family:pores family:poring family:pored,11559
porridge,'pɒ:ridʒ,n.,"n. 粥, 糊",,,cet6-all source:ecdict cet4 cet6 family:porridges,18724
port,pɒ:t,n.,"n. 港口, 埠, 舱门, 避风港, 左舷, 炮眼, 姿势, 意义\nvt. 左转舵, 持(枪)\nvi. 左转舵\n[计] 端口, 移植",,,cet6-all source:ecdict cet4 cet6 family:ports family:ported family:porting,2717
portable,'pɒ:tәbl,adj.,"a. 可携带的, 可搬运的, 可移动的\n[计] 可移植的",,,cet6-all source:ecdict cet4 cet6 family:portables,5441
porter,'pɒ:tә,n.,"n. 大楼管理员, 门房, 搬运工人, 侍者, 服务员\n[化] 搬运车; 搬运工人",,,cet6-all source:ecdict cet4 cet6 family:porters,11418
portion,'pɒ:ʃәn,n.,"n. 部分, 一份, 命运, 嫁妆\nvt. 分配, 给...嫁妆",,,cet6-all source:ecdict cet4 cet6 family:portions family:portioned family:portioning,2178
portrait,'pɒ:treit,n.,"n. 肖像, 人像, 半身像, 描写, 竖排格式\n[计] 纵向",,,cet6-all source:ecdict cet4 cet6 family:portraits,2655
portray,pɒ:'trei,vt.,"vt. 描绘, 描写, 描绘...的肖像",,,cet6-all source:ecdict cet6 cet6-core family:portrayed family:portrays family:portraying,3263
portuguese,.pɒ:tju'gi:z,n.,"n. 葡萄牙人, 葡萄牙语\na. 葡萄牙的, 葡萄牙人的, 葡萄牙语的",,,cet6-all source:ecdict cet4 cet6,10285
pose,pәuz,n.,"n. 姿势, 姿态, 装模作样, 伪装\nvi. 摆姿势, 装模作样, 假装\nvt. 使摆好姿势, 提出, 造成",,,cet6-all source:ecdict cet4 cet6 cet6-core family:posed family:poses family:posing,2230
position,pә'ziʃәn,n.,"n. 位置, 地位, 身分, 形势, 姿势, 立场, 职位, 状态, 阵地\nvt. 安置, 决定...的位置\n[计] 位置",,,cet6-all source:ecdict cet4 cet6 family:positions family:positioned family:positioning,512
positive,'pɒzitiv,adj.,"a. 肯定的, 积极的, 有把握的\n[医] 正的, 阳性的",,,cet6-all source:ecdict cet4 cet6 cet6-core family:positives,1049
positively,,adv.,"adv. 明确地, 肯定地, 无疑地, (非正式)确实地, 真正地",,,cet6-all source:ecdict cet6,5186
possess,pә'zes,vt.,"vt. 持有, 占有, 拥有, 克制, 支配, 迷住\n[法] 持有, 占有, 具有",,,cet6-all source:ecdict cet4 cet6 cet6-core family:possessed family:possesses family:possessing,2842
possession,pә'zeʃәn,n.,"n. 拥有, 占有, 所有, 财产, 领土, 领地, 自制, 着迷\n[经] 占有, 持有",,,cet6-all source:ecdict cet4 cet6 family:possessions,3593
possibility,.pɒsә'biliti,n.,"n. 可能性, 可能的事\n[法] 可能性, 可能发生的事, 不确定权",,,cet6-all source:ecdict cet4 cet6 family:possibilities,1195
possibly,'pɒsәbli,adv.,"adv. 可能, 也许",,,cet6-all source:ecdict cet4 cet6,1696
postage,'pәustidʒ,n.,"n. 邮资\n[经] 邮费, 邮资",,,cet6-all source:ecdict cet4 cet6 family:postages,13293
postal,'pәustl,adj.,"a. 邮政的, 邮局的\n[经] 邮政的",,,cet6-all source:ecdict cet6 family:postals,7070
poster,'pәustә,n.,"n. 海报, 招贴, 驿马",,,cet6-all source:ecdict cet6 family:posters,3834
postman,'pәustmәn,n.,"n. 邮递员\n[法] 邮递员, 理财法庭的高级律师",,,cet6-all source:ecdict cet4 cet6 family:postmen,20141
postpone,pәust'pәun,vt.,"vt. 延迟, 使延期, 缓办, 搁延\nvi. 延缓, 延缓发作",,,cet6-all source:ecdict cet4 cet6 family:postponed family:postpones family:postponing,6545
postulate,'pɒstjuleit,n.,"n. 假定, 基本条件\nvt. 要求, 假定",,,cet6-all source:ecdict cet6 family:postulated family:postulates family:postulating,13028
pot,pɒt,n.,"n. 盆, 罐, 壶, 坩埚, 奖杯\nvt. 装入盆中, 在锅中煮, 随手射击\nvi. 随手射击",,,cet6-all source:ecdict cet4 cet6 family:pots family:potting family:potted,2235
potential,pә'tenʃәl,n.,"n. 潜在性, 可能性, 潜力, 潜能, 势, 位\na. 有潜力的, 可能的, 潜在的",,,cet6-all source:ecdict cet4 cet6 cet6-core family:potentials,1260
poultry,'pәultri,n.,n. 家禽,,,cet6-all source:ecdict cet6 family:poultries,7625
pound,paund,n.,"n. 磅, 英镑, 重击, 鱼塘, 拘留所, 兽栏\nvt. 强烈打击, 捣烂, 监禁, 关入栏内\nvi. 连续重击, 苦干",,,cet6-all source:ecdict cet4 cet6 family:pounds family:pounded family:pounding,1306
pour,pɒ:,n.,"n. 流出, 倾泻, 骤雨\nvt. 倒, 灌, 注, 倾泻, 诉说, 倾吐\nvi. 倾泻, 蜂涌而来, 下大雨",,,cet6-all source:ecdict cet4 cet6 family:poured family:pouring family:pours,1898
poverty,'pɒvәti,n.,"n. 贫穷, 贫困, 缺乏\n[医] 贫乏, 缺乏",,,cet6-all source:ecdict cet4 cet6 cet6-core,2333
powder,'paudә,n.,"n. 粉, 粉末, 火药\nvt. 搽粉于, 搽粉, 撒粉, 使成粉末\nvi. 搽粉, 变成粉末",,,cet6-all source:ecdict cet4 cet6 family:powders family:powdering family:powdered,3260
powerful,'pauәful,adj.,"a. 有力的, 有权力的, 强大的\n[机] 强力的",,,cet6-all source:ecdict cet4 cet6,1159
practicable,'præktikәbl,adj.,"a. 可实行的, 可做的, 可用的",,,cet6-all source:ecdict cet4 cet6 cet6-core,23062
practical,'præktikl,adj.,"a. 实际的, 现实的, 实用性的\n[法] 事实上的, 实际上的, 接近...的",,,cet6-all source:ecdict cet4 cet6 family:practicals,2281
practically,'præktikli,adv.,"adv. 几乎, 差不多, 事实上",,,cet6-all source:ecdict cet4 cet6,3901
practise,'præktis,v.,"v. 实践, 实行, 练习, 实习, 从事(职业)",,,cet6-all source:ecdict cet4 cet6 family:practised family:practising family:practises,23578
prairie,'prєәri,n.,"n. 大草原, 草甸",,,cet6-all source:ecdict cet6,6846
praise,preiz,n.,"n. 赞美, 称赞, 崇拜\nvt. 称赞, 赞美\nvi. 赞扬, 表扬",,,cet6-all source:ecdict cet4 cet6 family:praised family:praising family:praises,3719
pray,prei,v.,"v. 祈祷, 恳求, 请",,,cet6-all source:ecdict cet4 cet6 family:praying family:prayed family:prays,2399
prayer,prєә. 'preiә,n.,"n. 祈祷, 恳求, 祷辞, 祈祷者",,,cet6-all source:ecdict cet4 cet6 family:prayers,2098
preach,pri:tʃ,v.,"v. 传道, 讲道, 说教, 宣讲, 鼓吹\nn. 说教, 布道",,,cet6-all source:ecdict cet6 cet6-core family:preaching family:preached family:preaches,4814
precaution,pri'kɒ:ʃәn,n.,"n. 预防, 留心, 警戒\nvt. 预先警告",,,cet6-all source:ecdict cet4 cet6 family:precautions,7088
precede,.pri:'si:d,vt.,"vt. 在...之前, 优于, 较...优先\nvi. 在前面",,,cet6-all source:ecdict cet6 cet6-core family:preceded family:preceding family:precedes,5604
precedent,'presidәnt,n.,"n. 先例, 前例\na. 在先的, 在前的",,,cet6-all source:ecdict cet6 cet6-core family:precedents,5624
preceding,.pri:'si:diŋ,adj.,"a. 在前的, 前面的\n[法] 在前的, 在先的, 前面的",,,cet6-all source:ecdict cet4 cet6 family:precede family:i family:preceding,7079
precious,'preʃәs,adj.,"a. 宝贵的, 珍贵的, 过于精致的, 珍爱的",,,cet6-all source:ecdict cet4 cet6 cet6-core,3989
precipitate,pri'sipiteit,n.,"n. 沉淀物, 凝结物, 结果\nvt. 猛抛, 使陷入, 促成, 使沉淀\nvi. 猛地落下\na. 突然的, 猛地落下的, 轻率的",,,cet6-all source:ecdict cet6 family:precipitated family:precipitating family:precipitates,10236
precise,pri'sais,adj.,"a. 精确的, 严谨的, 明确的\n[机] 精密的, 正确的",,,cet6-all source:ecdict cet4 cet6 cet6-core,3826
precision,pri'siʒәn,n.,"n. 精密, 精确, 精确度, 精度\na. 精密的, 精确的\n[计] 精度",,,cet6-all source:ecdict cet4 cet6 family:precisions,5466
preclude,pri'klu:d,vt.,"vt. 预先排除, 预防, 阻止, 妨碍\n[法] 预防, 排除, 消除",,,cet6-all source:ecdict cet6 cet6-core family:precludes family:precluded family:precluding,8092
predecessor,.predi'sesә,n.,"n. 前任, 先辈, 前身\n[医] 初牙, 前辈, 祖先",,,cet6-all source:ecdict cet6 cet6-core family:predecessors,5256
predestine,pri:'destin,vt.,"vt. 预定, 注定",,,cet6-all source:ecdict cet6 family:predestined family:predestining family:predestines,
predict,pri'dikt,v.,"v. 预知, 预言, 预报",,,cet6-all source:ecdict cet4 cet6 cet6-core family:predicted family:predicting family:predicts,1613
prediction,pri'dikʃәn,n.,"n. 预言, 预报\n[化] 预测",,,cet6-all source:ecdict cet6 family:predictions,3608
predominant,pri'dɒminәnt,adj.,"a. 占主导地位的, 卓越的\n[法] 占优势的, 支配其他的, 主要的",,,cet6-all source:ecdict cet6 cet6-core,11628
predominantly,,adv.,"adv. 主要地, 显著地, 大多数地, 突出地",,,cet6-all source:ecdict cet6,5942
predominate,pri'dɒmineit,vt.,"vt. 掌握, 控制, 支配\nvi. 占主导地位, 占优势",,,cet6-all source:ecdict cet6 family:predominated family:predominates family:predominating,13934
preface,'prefis,n.,"n. 序, 绪言, 前言\nvi. 作序, 写前言\nvt. 给...作序, 以...开始",,,cet6-all source:ecdict cet4 cet6 family:prefaced family:prefaces family:prefacing,13278
prefer,pri'fә:,vt.,"vt. 宁可, 较喜欢, 提出\n[法] 给予优先权, 优先偿还, 提出",,,cet6-all source:ecdict cet4 cet6 family:preferred family:preferring family:prefers,1716
preferable,'prefәrәbl,adj.,"a. 更可取的, 更好的, 更合意的",,,cet6-all source:ecdict cet4 cet6 cet6-core,10561
preference,'prefәrәns,n.,"n. 偏爱, 优先, 喜爱物\n[计] 首选项",,,cet6-all source:ecdict cet4 cet6 cet6-core family:preferences,3022
pregnancy,'preɡnәnsi,n.,"n. 怀孕；丰富, 多产；意义深长",,,cet6-all source:ecdict cet6 family:pregnancies,3328
pregnant,'pregnәnt,adj.,"a. 怀孕的, 充满的, 思想丰富的, 成果丰硕的\n[医] 妊娠的, 有孕的",,,cet6-all source:ecdict cet6,2629
prejudice,'predʒudis,n.,"n. 偏见, 成见, 侵害\nvt. 使存偏见, 使有成见, 侵害",,,cet6-all source:ecdict cet4 cet6 cet6-core family:prejudices family:prejudiced family:prejudicing,5235
preliminary,pri'liminәri,n.,"n. 初步做法, 初步措施, 预试, 预选赛\na. 初步的, 开始的, 预备的",,,cet6-all source:ecdict cet4 cet6 cet6-core family:preliminaries,4404
premature,.premә'tjuә,adj.,"a. 早产的, 过早的, 不成熟的\nn. 早产儿, 过早发生的事物",,,cet6-all source:ecdict cet6 cet6-core,6883
premier,'pri:mjә,n.,"n. 总理, 首相\na. 首位的, 最初的",,,cet6-all source:ecdict cet4 cet6 cet6-core family:premiers family:premiered family:premiering,7616
premise,'premis,n.,"n. 前提, 房屋连地基, 上述各项\nvt. 预先提出, 引出, 作为...的前提\nvi. 作出前提",,,cet6-all source:ecdict cet6 cet6-core family:premises family:premised family:premising,4556
premium,'pri:miәm,n.,"n. 额外补贴, 奖金, 奖赏, 保险费\n[医] 保险费",,,cet6-all source:ecdict cet6 cet6-core family:premiums,4801
preparation,.prepә'reiʃәn,n.,"n. 准备, 预备, 预习\n[化] 制剂",,,cet6-all source:ecdict cet4 cet6 family:preparations,2513
prepare,pri'pєә,vt.,"vt. 准备, 筹备, 使在思想上有准备, 制造, 调制\nvi. 预备",,,cet6-all source:ecdict cet4 cet6 family:prepared family:preparing family:prepares,774
preposition,.prepә'ziʃәn,n.,"n. 前置词, 介词",,,cet6-all source:ecdict cet4 cet6 family:prepositions,27652
prerequisite,pri:'rekwizit,adj.,"a. 先决条件的, 必要的\nn. 先决条件, 必备条件",,,cet6-all source:ecdict cet6 family:prerequisites,11079
prescribe,pris'kraib,v.,"v. 规定, 指定, 嘱咐, 开处方",,,cet6-all source:ecdict cet4 cet6 family:prescribed family:prescribing family:prescribes,5375
prescription,pri'skripʃәn,n.,"n. 处方, 命令, 指定\n[医] 处方, 药方",,,cet6-all source:ecdict cet6 cet6-core family:prescriptions,3311
presence,'prezns,n.,"n. 出席, 面前, 存在, 仪态, 风度\n[电] 出现",,,cet6-all source:ecdict cet4 cet6 family:presences,1264
presentation,.prezәn'teiʃәn,n.,"n. 赠与, 描述, 介绍\n[计] 简报",,,cet6-all source:ecdict cet6 cet6-core family:presentations,2898
presently,'prezntli,adv.,"adv. 目前, 不久",,,cet6-all source:ecdict cet4 cet6,7442
preservation,.prezә'veiʃәn,n.,"n. 保存, 保藏, 保护\n[医] 保藏, 保存, 防腐",,,cet6-all source:ecdict cet6 family:preservations,5229
preserve,pri'zә:v,vt.,"vt. 保护, 保持, 保存, 维持, 腌, 禁猎\nvi. 加工食品, 禁猎\nn. 加工成的食品, 禁猎地, 保护区, 防护物",,,cet6-all source:ecdict cet4 cet6 cet6-core family:preserved family:preserving family:preserves,2209
preset,pri:'set,vt.,vt. 事先调整\nn. 预调装置\n[计] 边框形式,,,cet6-all source:ecdict cet6 family:presets family:preset family:d family:presetting,23400
preside,pri'zaid,vi.,"vi. 统辖, 当主人, 主持\n[法] 主持, 负责, 指挥",,,cet6-all source:ecdict cet6 cet6-core family:presided family:presiding family:presides,6781
presidency,'prezidәnsi,n.,"n. 总统职权, 总裁职位",,,cet6-all source:ecdict cet6 family:presidencies,3432
president,'prezidәnt,n.,"n. 总统, 总裁, 董事长, (学院)院长, (大学)校长, 主管人, 主持人\n[经] 总经理, 董事长, 总裁",,,cet6-all source:ecdict cet4 cet6 family:presidents,303
press,pres,n.,"n. 压, 揿, 按, 人群, 印刷机, 压力, 出版社, 记者, 报刊, 新闻舆论, 紧迫\nvt. 压, 压榨, 紧抱, 逼迫, 推进, 强迫征募, 催逼\nvi. 压, 重压, 催促, 拥挤, 奋力前进, 受压",,,cet6-all source:ecdict cet4 cet6 family:pressed family:pressing family:presses,1178
pressure,'preʃә,n.,"n. 压, 榨, 按, 强制, 压力, 压迫, 压强\nvt. 迫使, 使增压, 密封",,,cet6-all source:ecdict cet4 cet6 cet6-core family:pressures family:pressured family:pressuring,765
prestige,pre'sti:ʒ,n.,"n. 声望, 威望, 威信\n[经] 商誉, 声誉",,,cet6-all source:ecdict cet6 cet6-core,6691
presumably,pri'zu:mәbli,adv.,"adv. 推测上, 大概",,,cet6-all source:ecdict cet4 cet6 cet6-core,4288
presume,pri'zu:m,vt.,"vt. 假定, 推测, 擅自, 意味着\nvi. 擅自行动, 相信",,,cet6-all source:ecdict cet6 cet6-core family:presumed family:presumes family:presuming,5740
pretend,pri'tend,v.,"v. 假装, 伪称, 自命, 自称",,,cet6-all source:ecdict cet4 cet6 family:pretending family:pretended family:pretends,2905
pretext,'pri:tekst,n.,"n. 借口, 托词\nv. 以...为借口",,,cet6-all source:ecdict cet6 cet6-core family:pretexts,13441
pretty,'priti,adj.,"a. 漂亮的, 优美的, 机灵的, 狡猾的, 恰当的\nadv. 相当, 颇",,,cet6-all source:ecdict cet4 cet6 family:prettiest family:prettier,797
prevail,pri'veil,vi.,"vi. 获胜, 流行, 盛行\n[医] 流行, 盛行",,,cet6-all source:ecdict cet4 cet6 cet6-core family:prevails family:prevailed family:prevailing,4741
prevailing,pri'veiliŋ,adj.,"a. 盛行很广的, 优势的, 主要的, 普遍的\n[法] 占优势的, 盛行的, 通行的",,,cet6-all source:ecdict cet6 family:prevail family:i family:prevailing,6777
prevalence,'prevәlәns,n.,"n. 普遍, 流行, 广泛\n[医] 流行, 盛行",,,cet6-all source:ecdict cet6 family:prevalences,7455
prevalent,'prevәlәnt,adj.,"a. 普遍的, 流行的",,,cet6-all source:ecdict cet6 cet6-core,6987
prevent,pri'vent,v.,"v. 预防, 防止, 阻止, 妨碍",,,cet6-all source:ecdict cet4 cet6 family:preventing family:prevented family:prevents,1083
prevention,pri'venʃәn,n.,"n. 阻止, 妨碍, 预防\n[医] 预防",,,cet6-all source:ecdict cet6 family:preventions,3960
previous,'pri:viәs,adj.,"a. 早先的, 前面的, 过急的\n[法] 以前的, 生前的, 前述的",,,cet6-all source:ecdict cet4 cet6 cet6-core,1276
previously,'pri:vju:sli,adv.,"adv. 先, 先前, 以前, 前, (非正式)过早, 过急, 在前, 在...以前, 在先\n[计] 先前地",,,cet6-all source:ecdict cet4 cet6,2313
prey,prei,n.,"n. 被掠食者, 牺牲者\nvi. 捕食",,,cet6-all source:ecdict cet6 cet6-core family:preyed family:preying family:preys,5502
prick,prik,vt.,"vt. 刺, 戳, 刺痛, 使竖起\nvi. 刺, 竖起\nn. 扎, 一刺, 刺痛\na. 竖起的",,,cet6-all source:ecdict cet6 family:pricking family:pricked family:pricks,13277
pride,praid,n.,"n. 骄傲, 自尊心, 自豪, 精华, 勇气\nvt. 以...自豪",,,cet6-all source:ecdict cet4 cet6 family:prides family:prided family:priding,2801
priest,pri:st,n.,"n. 祭司, 牧师, 神父, 神质人员, 僧侣, 泰斗",,,cet6-all source:ecdict cet4 cet6 cet6-core family:priests,2293
primarily,'praimәrili,adv.,"adv. 主要地, 首先地",,,cet6-all source:ecdict cet4 cet6 cet6-core,2134
primary,'praimәri,n.,"n. 最主要者, 原色\na. 主要的, 初期的, 根本的, 原始的, 首要的, 基本的\n[计] 初等量; 主要的; 一次的",,,cet6-all source:ecdict cet4 cet6 cet6-core family:primaries,1504
primate,'praimit,n.,"n. 大主教, 灵长目动物\n[医] 灵长类",,,cet6-all source:ecdict cet6 family:primates,11355
prime,praim,n.,"n. 最佳部分, 初期, 全盛期\na. 主要的, 最初的, 根本的\nv. 加油启动, 灌注, 填装",,,cet6-all source:ecdict cet4 cet6 cet6-core family:primed family:priming family:primes,1667
primitive,'primitiv,n.,"n. 原始人, 早期艺术家\na. 原始的, 上古的\n[计] 图元; 原语; 基元",,,cet6-all source:ecdict cet4 cet6 cet6-core family:primitives,5798
prince,prins,n.,"n. 王子, 亲王, 国君, 贵族, 诸侯, 有权势的大人物",,,cet6-all source:ecdict cet4 cet6 family:princes,4782
princess,'prinsis,n.,"n. 公主, 王妃, 女巨头",,,cet6-all source:ecdict cet4 cet6 family:princesses,6039
principal,'prinsipәl,n.,"n. 校长, 首长, 本金, 主犯, 资本, 委托人\na. 主要的, 最重要的, 首要的",,,cet6-all source:ecdict cet4 cet6 cet6-core family:principals,3124
principally,'prinsәpәli,adv.,"adv. 主要地, 大部分",,,cet6-all source:ecdict cet6,10478
principle,'prinsipl,n.,"n. 原则, 原理, 主义\n[化] 原理",,,cet6-all source:ecdict cet4 cet6 cet6-core family:principles,1341
printer,'printә,n.,"n. 印刷工, 打印机\n[计] 打印机",,,cet6-all source:ecdict cet6 family:printers,5875
prior,'praiә,adj.,"a. 更重要的, 较早的, 在先的\nn. 小隐修院院长, 大隐修院副院长",,,cet6-all source:ecdict cet4 cet6 family:priors,2856
priority,prai'ɒriti,n.,"n. 优先权, 优先\n[计] 优先级",,,cet6-all source:ecdict cet4 cet6 cet6-core family:priorities,2112
prism,'prizm,n.,"n. 棱镜, 棱柱\n[化] 棱镜",,,cet6-all source:ecdict cet6 family:prisms,13056
prison,'prizn,n.,"n. 监狱, 监禁, 拘留所\nvt. 监禁",,,cet6-all source:ecdict cet4 cet6 family:prisons,1282
prisoner,'priznә,n.,"n. 囚犯, 犯人, 战俘\n[法] 犯人, 囚犯, 扣押犯",,,cet6-all source:ecdict cet4 cet6 family:prisoners,2419
privacy,'praivәsi,n.,"n. 隐私, 隐居, 秘密\n[计] 个人保密权",,,cet6-all source:ecdict cet6 cet6-core family:privacies,3060
private,'praivit,adj.,"a. 私人的, 秘密的, 私立的, 隐蔽的\nn. 士兵, 隐士, 阴部\n[计] 私人的",,,cet6-all source:ecdict cet4 cet6 family:privates,672
privilege,'privilidʒ,n.,"n. 特权, 特别恩典, 基本权利, 特免\nvt. 给与...特权, 特免",,,cet6-all source:ecdict cet4 cet6 cet6-core family:privileges family:privileging family:privileged,3612
prize,praiz,n.,"n. 奖赏, 奖金, 奖品, 战利品, 捕获\na. 得奖的\nvt. 珍视, 估价, 捕获, 撬, 撬动",,,cet6-all source:ecdict cet4 cet6 family:prizes family:prized family:prizing,3686
probability,.prɒbә'biliti,n.,"n. 可能性, 或然率, 几率, 概率\n[化] 概率; 几率",,,cet6-all source:ecdict cet4 cet6 cet6-core family:probabilities,5104
probable,'prɒbәbl,adj.,"a. 很可能的, 大概的, 可信的\nn. 很有希望的候选人, 很可能的事情",,,cet6-all source:ecdict cet4 cet6 family:probables,6767
probably,'prɒbәbli,adv.,"adv. 大概, 或许",,,cet6-all source:ecdict cet4 cet6,398
probe,prәub,n.,"n. 探索, 调查, 探针, 探测器\nv. 用探针探测, 调查, 探索",,,cet6-all source:ecdict cet6 cet6-core family:probes family:probed family:probing,5178
procedure,prә'si:dʒә,n.,"n. 程序, 过程, 手续\n[计] 规程; 过程",,,cet6-all source:ecdict cet4 cet6 cet6-core family:procedures,1369
proceed,prәu'si:d,vi.,"vi. 继续进行, 进行, 开始, 发出, 起诉\n[法] 所得, 收入, 收益",,,cet6-all source:ecdict cet4 cet6 family:proceeds family:proceeded family:proceeding,2697
proceeding,prәu'si:diŋ,n.,"n. 进行, 程序, 行动, 诉讼程序, 事项\n[化] 会议论文集",,,cet6-all source:ecdict cet6 family:proceed family:i family:proceedings family:proceeding,
process,'prɒses,n.,"n. 程序, 进行, 过程\nvt. 加工, 使...接受处理, 对...处置, 对...起诉\na. 经加工的, 有特殊光效的\n[计] 进程",,,cet6-all source:ecdict cet4 cet6 cet6-core family:processes family:processed family:processing,391
procession,prә'seʃәn,n.,"n. 队伍, 连续, 列队行进, 涌出",,,cet6-all source:ecdict cet4 cet6 family:processions,7639
proclaim,prә'kleim,vt.,"vt. 宣布, 公告, 宣言, 表明, 赞扬\n[法] 宣布, 宣告, 公布",,,cet6-all source:ecdict cet4 cet6 cet6-core family:proclaimed family:proclaiming family:proclaims,4454
produce,prә'dju:s,n.,"n. 生产品, 物产, 后代\nvt. 产生, 生产, 提出, 出示\nvi. 生产, 制造",,,cet6-all source:ecdict cet4 cet6 family:produced family:producing family:produces,542
producer,prә'dju:sә,n.,"n. 生产者, 制作者, 制作人\n[化] 发生器; (炉煤气)发生炉; 制气炉; 生产者",,,cet6-all source:ecdict cet6 family:producers,1845
product,'prɒdʌkt,n.,"n. 产品, 结果, 乘积\n[化] 生产物",,,cet6-all source:ecdict cet4 cet6 family:products,569
production,prә'dʌkʃәn,n.,"n. 制造, 生产, 产物\n[医] 产生, 生成",,,cet6-all source:ecdict cet4 cet6 family:productions,959
productive,prә'dʌktiv,adj.,"a. 能生产的, 有生产价值的, 多产的\n[医] 产出性的, 产生性的",,,cet6-all source:ecdict cet4 cet6 cet6-core,3966
productivity,.prәudʌk'tiviti,n.,"n. 生产力\n[经] 生产率, 生产能力",,,cet6-all source:ecdict cet6 cet6-core family:productivities,4158
profession,prә'feʃәn,n.,"n. 职业, 表白, 声明\n[化] 工种; 职业",,,cet6-all source:ecdict cet4 cet6 cet6-core family:professions,2886
professional,prә'feʃәnl,n.,"n. 专业人才\na. 专业的, 职业的",,,cet6-all source:ecdict cet4 cet6 cet6-core family:professionals,1094
professor,prә'fesә,n.,n. 教授,,,cet6-all source:ecdict cet4 cet6 family:professors,825
proficiency,prә'fiʃәns,n.,"n. 精通, 熟练, 精练",,,cet6-all source:ecdict cet6 cet6-core family:proficiencies,10195
proficient,prә'fiʃәnt,n.,"n. 高手, 专家\na. 精通的, 熟练的",,,cet6-all source:ecdict cet6,12137
profile,'prәufail,n.,"n. 侧面, 轮廓, 传略\nvt. 描绘...轮廓, 写...的传略\n[计] 提问档; 剖面图法; 剖面法",,,cet6-all source:ecdict cet6 family:profiles family:profiling family:profiled,2676
profit,'prɒfit,n.,"n. 利润, 赢利, 利益\nvi. 有益, 获利, 赚钱\nvt. 有益于",,,cet6-all source:ecdict cet4 cet6 family:profits family:profiting family:profited,1704
profitable,'prɒfitәbl,adj.,"a. 有利润的, 有利益的, 赚钱的\n[经] 有利(可图)的, 合算的",,,cet6-all source:ecdict cet4 cet6 cet6-core,5352
profound,prә'faund,adj.,"a. 极深的, 深厚的, 深刻的, 渊博的",,,cet6-all source:ecdict cet6 cet6-core family:profoundest family:profounder,3735
program,'prәugræm,n.,"n. 节目, 节目单, 程序, 纲要, 大纲, 计划\nvt. 规划, 拟...计划\nvi. 安排节目, 编程序\n[计] 程序",,,cet6-all source:ecdict cet4 cet6 family:programs family:programming family:programmed,194
progress,'prәugres,n.,"n. 进步, 发展, 前进\nvi. 进步, 进行",,,cet6-all source:ecdict cet4 cet6 family:progressing family:progressed family:progresses,1508
progressive,prә'gresiv,n.,"n. 改革论者, 进步论者\na. 前进的, 累进的, 进步的",,,cet6-all source:ecdict cet4 cet6 cet6-core family:progressives,4228
prohibit,prә'hibit,vt.,"vt. 禁止, 阻止\n[经] 禁止",,,cet6-all source:ecdict cet4 cet6 cet6-core family:prohibited family:prohibiting family:prohibits,3990
prohibition,.prәuhi'biʃәn,n.,"n. 禁令, 禁止",,,cet6-all source:ecdict cet6 family:prohibitions,6807
project,'prɒdʒekt,n.,"n. 计划, 设计, 事业\nvt. 计划, 设计, 投掷, 发射, 使凸出, 放映\nvi. 凸出",,,cet6-all source:ecdict cet4 cet6 cet6-core family:projects family:projected family:projecting,534
projecting,prә'dʒektiŋ,adj.,"a. 突出的, 伸出的",,,cet6-all source:ecdict cet6 family:project family:i family:projecting,16613
projector,prә'dʒektә,n.,"n. 计划人, 发起人, 规划人, 放映机, 映画器, 幻灯机, 幻灯, 探照灯, 发射器\n[计] 投影仪",,,cet6-all source:ecdict cet6 family:projectors,10289
prolong,prәu'lɒŋ,vt.,"vt. 延长, 拖延, 拖长\n[化] 冷凝管",,,cet6-all source:ecdict cet6 cet6-core family:prolonging family:prolonged family:prolongs,9450
prominence,'prɒminәns,n.,"n. 突起, 突出, 显著, 突出物, 凸出\n[医] 隆凸, 凸",,,cet6-all source:ecdict cet6 family:prominences,8419
prominent,'prɒminәnt,adj.,"a. 卓越的, 显著的, 突出的, 凸出的",,,cet6-all source:ecdict cet4 cet6 cet6-core family:prominents,2897
promise,'prɒmis,n.,"n. 诺言, 约定的事情, 有指望\nvt. 允诺, 约定, 预示\nvi. 允诺, 有前途, 有指望",,,cet6-all source:ecdict cet4 cet6 family:promised family:promises family:promising,1438
promising,'prɒmisiŋ,adj.,"a. 有希望的, 前途有望的\n[经] 有希望的",,,cet6-all source:ecdict cet4 cet6 cet6-core family:promise family:i family:promising,3844
promote,prәu'mәut,vt.,"vt. 促进, 晋升, 创办, 推销\n[经] 促进, 推广, 推销",,,cet6-all source:ecdict cet4 cet6 cet6-core family:promoted family:promoting family:promotes,1328
promotion,prәu'mәuʃәn,n.,"n. 晋级, 创建, 增进\n[经] 推广, 推销, 促进",,,cet6-all source:ecdict cet6 family:promotions,3786
prompt,prɒmpt,n.,"n. 激励, 提示, 提醒物, 提词, 付款期限\na. 迅速的, 敏捷的, 立刻的, 提词员的\nvt. 激励, 鼓动, 提示\nadv. 准时地\n[计] 提示符; DOS内部命令:设定DOS命令行的提示符",,,cet6-all source:ecdict cet4 cet6 family:prompted family:prompting family:prompts family:prompter,3114
promptly,'prɒmptli,adv.,"adv. 敏捷地, 迅速地",,,cet6-all source:ecdict cet6,6666
prone,prәun,adj.,"a. 俯伏的, 面向下的, 有...倾向的\n[医] 旋前的, 伏的, 俯的",,,cet6-all source:ecdict cet6 cet6-core,6224
pronoun,'prәunaun,n.,n. 代词,,,cet6-all source:ecdict cet4 cet6 family:pronouns,16856
pronounce,prә'nauns,v.,"v. 发音, 宣告, 断言",,,cet6-all source:ecdict cet4 cet6 family:pronounced family:pronouncing family:pronounces,5332
pronunciation,prәu.nʌnsi'eiʃәn,n.,"n. 发音, 读法",,,cet6-all source:ecdict cet4 cet6 family:pronunciations,15375
proof,pru:f,n.,"n. 证据, 证明, 试验, 检验, 考验\na. 不能透入的, 证明用的, 防...的, 耐...的\nvt. 检验, 试验, 校对, 使不被穿透\n[计] 审稿",,,cet6-all source:ecdict cet4 cet6 cet6-core family:proofs family:proofed family:proofing,2865
propaganda,.prɒpә'gændә,n.,"n. 宣传, 宣传活动\n[医] 宣传",,,cet6-all source:ecdict cet6 cet6-core,5838
propagate,'prɒpәgeit,vt.,"vt. 繁殖, 传播, 传送\nvi. 繁殖, 蔓延",,,cet6-all source:ecdict cet6 cet6-core family:propagated family:propagating family:propagates,11865
propagation,.prɒpә'geiʃәn,n.,"n. 增殖, 繁殖, 宣传\n[医] 传播, 繁殖, 持续培养",,,cet6-all source:ecdict cet6 family:propagations,15569
propel,prәu'pel,vt.,"vt. 推进, 驱使\n[机] 推进",,,cet6-all source:ecdict cet6 cet6-core family:propelled family:propelling family:propels,6618
propeller,prә'pelә,n.,"n. 螺旋桨, 推进器\n[化] 搅拌叶片; 螺旋桨",,,cet6-all source:ecdict cet6 family:propellers,12524
proper,'prɒpә,adj.,"a. 适当的, 固有的, 高尚的, 专属的\nadv. 完全地, 彻底地",,,cet6-all source:ecdict cet4 cet6,2058
properly,'prɒpәli,adv.,"adv. 适当地, 相当地",,,cet6-all source:ecdict cet4 cet6,2880
property,'prɒpәti,n.,"n. 财产, 所有权, 性质, 属性\n[计] 属性",,,cet6-all source:ecdict cet4 cet6 cet6-core family:properties,993
prophecy,'prɒfәsi,n.,"n. 预言, 预言能力",,,cet6-all source:ecdict cet6 family:prophecies,9417
prophet,'prɒfit,n.,"n. 预言者, 先知, 提倡者",,,cet6-all source:ecdict cet6 cet6-core family:prophets,7514
proportion,prә'pɒ:ʃәn,n.,"n. 比例, 比率, 均衡, 部分, 面积\nvt. 使成比例, 使均衡",,,cet6-all source:ecdict cet4 cet6 family:proportions family:proportioned family:proportioning,3063
proportional,prә'pɒ:ʃәnl,adj.,"a. 比例的, 相称的\nn. 比例项",,,cet6-all source:ecdict cet4 cet6,10513
proposal,prә'pәuzl,n.,"n. 提议, 计划, 求婚\n[经] 提案, 申请, 投标",,,cet6-all source:ecdict cet4 cet6 family:proposals,1625
propose,prә'pәuz,vt.,"vt. 计划, 打算, 建议, 提议, 求(婚)\nvi. 打算, 求婚",,,cet6-all source:ecdict cet4 cet6 family:proposed family:proposing family:proposes,1694
proposition,.prɒpә'ziʃәn,n.,"n. 建议, 命题, 主张\nvt. 向...提议, 向...提出猥亵的要求",,,cet6-all source:ecdict cet6 cet6-core family:propositions family:propositioned family:propositioning,5428
propulsion,prә'pʌlʃәn,n.,"n. 推进, 推进力\n[医] 前冲, 慌张步态",,,cet6-all source:ecdict cet6,10762
prose,prәuz,n.,"n. 散文\nv. 写散文\na. 散文的, 平凡的",,,cet6-all source:ecdict cet6 cet6-core family:proses family:prosing,7468
prospect,'prɒspekt,n.,"n. 景色, 展望\nvt. 勘探, 勘察\nvi. 勘探, 有前途",,,cet6-all source:ecdict cet4 cet6 cet6-core family:prospects family:prospecting family:prospected,2323
prospective,prәs'pektiv,adj.,"a. 预期的, 将来的\n[经] 预期的, 未来的",,,cet6-all source:ecdict cet6 cet6-core family:prospectives,5420
prosperity,prɒs'periti,n.,"n. 繁荣, 茂盛, 成功\n[经] 繁荣",,,cet6-all source:ecdict cet4 cet6 family:prosperities,5082
prosperous,'prɒspәrәs,adj.,"a. 成功的, 繁盛的, 幸运的\n[经] 繁荣的, 昌盛的",,,cet6-all source:ecdict cet4 cet6 cet6-core,7343
protect,prә'tekt,vt.,"vt. 防卫, 保护, 警戒\n[法] 庇护, 保护, 警戒",,,cet6-all source:ecdict cet4 cet6 family:protected family:protecting family:protects,749
protection,prә'tekʃәn,n.,"n. 保护, 防卫, 贸易保护制度\n[计] 保护",,,cet6-all source:ecdict cet4 cet6 family:protections,1315
protective,prә'tektiv,adj.,"a. 给予保护的, 保护的\n[医] 保护的, 防护的, 保护剂, 保护物, 油绸",,,cet6-all source:ecdict cet4 cet6,4114
protein,'prәuti:in,n.,n. 蛋白质\na. 蛋白质的,,,cet6-all source:ecdict cet4 cet6 cet6-core family:proteins,2523
protend,prәu'tend,v.,"v. (使)伸出, (使)伸展",,,cet6-all source:ecdict cet6,
protest,prә'test,n.,"n. 抗议, 反对, 抗议书, 断言\nv. 反对, 抗议, 断言",,,cet6-all source:ecdict cet4 cet6 cet6-core family:protests family:protested family:protesting,2835
proton,'prәutɒn,n.,n. 质子\n[化] 质子,,,cet6-all source:ecdict cet6 family:protons,12172
prototype,'prәutәtaip,n.,n. 原型\n[计] 样机; 原型,,,cet6-all source:ecdict cet6 cet6-core family:prototypes,6270
proud,praud,adj.,"a. 骄傲的, 自大的, 自豪的, 辉煌的, 壮丽的",,,cet6-all source:ecdict cet4 cet6 family:proudest family:prouder,1983
prove,pru:v,vt.,"vt. 证明, 查验, 检验, 勘探, 显示\nvi. 证明是",,,cet6-all source:ecdict cet4 cet6 family:proved family:proving family:proves,866
proverb,'prɒvә:b,n.,"n. 谚语, 格言, 箴言\nvt. 使众所周知, 用谚语表达",,,cet6-all source:ecdict cet6 family:proverbs,12937
provide,prә'vaid,vt.,"vt. 提供, 供应, 规定, 预备\nvi. 作准备, 抚养, 规定",,,cet6-all source:ecdict cet4 cet6 family:provided family:provides family:providing,262
provided,prә'vaidid,conj.,"conj. 倘若, 以...为条件",,,cet6-all source:ecdict cet4 cet6 cet6-core family:provide family:dp,3842
province,'prɒvins,n.,"n. 省, 地方, 职权, 领域\n[法] 省, 地方, 领域",,,cet6-all source:ecdict cet4 cet6 family:provinces,3228
provision,prә'viʒәn,n.,"n. (政府提供的)钱和设备, 准备, 供应品, 规定, 条款\nvt. 供给...食物及必需品",,,cet6-all source:ecdict cet4 cet6 cet6-core family:provisions family:provisioning family:provisioned,2612
provocative,prә'vɒkәtiv,adj.,"a. 激发感情的, 挑拨的, 刺激的\nn. 刺激物, 挑拨物, 兴奋剂",,,cet6-all source:ecdict cet6 cet6-core,7222
provoke,prә'vәuk,vt.,"vt. 激怒, 惹起, 诱导\n[法] 刺激, 煽动, 激怒",,,cet6-all source:ecdict cet6 cet6-core family:provoked family:provoking family:provokes,4821
provost,'prɒvәst,n.,"n. 教务长, 监督员, 牧师\n[法] 监督者, 负责官员, 监狱看守",,,cet6-all source:ecdict cet6 family:provosts,19065
proximity,prɒk'simiti,n.,"n. 接近, 亲近",,,cet6-all source:ecdict cet6 cet6-core family:proximities,6588
prudent,'pru:dnt,adj.,"a. 审慎的, 三思而后行的, 精明的, 节俭的",,,cet6-all source:ecdict cet6 family:prudenter,8823
psychological,.saikә'lɒdʒikәl,adj.,"a. 心理学的, 精神上的, 心灵的\n[法] 心理上的, 心理学的",,,cet6-all source:ecdict cet4 cet6 cet6-core,2361
psychology,sai'kɒlәdʒi,n.,"n. 心理学, 心理状态\n[医] 心理学",,,cet6-all source:ecdict cet6 family:psychologies,2972
public,'pʌblik,n.,"n. 公众, 民众\na. 公众的, 公共的, 公立的, 公用的",,,cet6-all source:ecdict cet4 cet6,333
publication,.pʌbli'keiʃәn,n.,"n. 出版物, 出版, 公布\n[经] 发布",,,cet6-all source:ecdict cet4 cet6 family:publications,2459
publicity,pʌb'lisiti,n.,"n. 名声, 宣传, 公开场合\n[经] 宣传, 广告",,,cet6-all source:ecdict cet6,4540
publish,'pʌbliʃ,vt.,"vt. 出版, 发行, 公开, 发表, 宣传, 公布\nvi. 出版, 发行",,,cet6-all source:ecdict cet4 cet6 family:published family:publishing family:publishes,1116
pudding,'pudiŋ,n.,n. 布丁,,,cet6-all source:ecdict cet4 cet6 cet6-core family:puddings,8518
puff,pʌf,n.,"n. 一阵喷烟, 肿块, 喘息\nv. 喷出, 张开, 吹捧, (使)充气, 喘气, (使)骄傲, (使)膨胀",,,cet6-all source:ecdict cet4 cet6 family:puffed family:puffs family:puffing,8283
pulley,'puli,n.,"n. 滑车, 滑轮\n[医] 滑车",,,cet6-all source:ecdict cet6 family:pulleys,15800
pulse,pʌls,n.,"n. 脉冲, 脉搏, 情绪, 意向, 拍子, 豆类\nvi. 跳动, 脉跳\nvt. 使跳动, 用脉冲调制\n[计] 脉冲",,,cet6-all source:ecdict cet4 cet6 family:pulses family:pulsed family:pulsing,4331
pump,pʌmp,n.,"n. 抽水机, 打气筒, 泵, 抽吸\nvt. 用唧筒抽水, 打气, 盘问, 倾注, 使疲惫\nvi. 抽水, 上下(或往复)运动",,,cet6-all source:ecdict cet4 cet6 family:pumps family:pumped family:pumping,3444
pumpkin,'pʌmpkin,n.,n. 南瓜,,,cet6-all source:ecdict cet6 cet6-core family:pumpkins,6149
punch,pʌntʃ,n.,"n. 打洞器, 钻孔机, 冲压机, 冲床, 潘趣酒\nvt. 以拳重击, 开洞, 冲压\nvi. 用拳猛击",,,cet6-all source:ecdict cet4 cet6 family:punched family:punches family:punching,4348
punctual,'pәŋktʃuәl,adj.,"a. 准时的, 守时的, 点状的, 中肯的\n[经] 准时的, 不误期的, 准时",,,cet6-all source:ecdict cet4 cet6,25334
punish,'pʌniʃ,vt.,"vt. 处罚, 惩罚, 严厉对待\nvi. 惩罚",,,cet6-all source:ecdict cet4 cet6 family:punished family:punishing family:punishes,3862
punishment,'pʌniʃmәnt,n.,"n. 处罚, 刑罚, 惩罚\n[法] 罚, 处罚, 刑罚",,,cet6-all source:ecdict cet4 cet6 family:punishments,3110
puppet,'pʌpit,n.,"n. 傀儡, 木偶\n[法] 木偶, 傀儡, 受他人操纵的人",,,cet6-all source:ecdict cet4 cet6 family:puppets,7250
puppy,'pʌpi,n.,"n. 小狗, 小动物, 自负的年轻人",,,cet6-all source:ecdict cet6 family:puppies,6801
purchase,'pә:tʃәs,n.,"n. 购买, 购买品, 紧握, 绞辘\nvt. 购买, 赢得, 努力取得, 用滑轮起(锚等)",,,cet6-all source:ecdict cet4 cet6 cet6-core family:purchased family:purchases family:purchasing,2149
pure,pjuә,adj.,"a. 纯的, 纯净的, 纯洁的, 清白的, 完美的, 无瑕的, 抽象的\n[医] 的, 纯净的",,,cet6-all source:ecdict cet4 cet6 family:purest family:purer,2416
purely,'pjuәli,adv.,"adv. 纯粹地, 清白地, 贞洁地",,,cet6-all source:ecdict cet4 cet6,5120
purify,'pjuәrifai,vi.,"vi. 变纯净\nvt. 使纯净, 净化, 提纯, 精炼",,,cet6-all source:ecdict cet4 cet6 cet6-core family:purified family:purifying family:purifies,13440
purity,'pjuәrәti,n.,"n. 纯净, 纯正, 纯粹\n[化] 纯度",,,cet6-all source:ecdict cet4 cet6 cet6-core family:purities,8748
purple,'pә:pl,n.,"n. 紫色, 帝位\na. 紫色的, 帝王的, 华而不实的\nv. (使)成紫色",,,cet6-all source:ecdict cet4 cet6 family:purples family:purpled family:purpling family:purpler family:purplest,3894
purpose,'pә:pәs,n.,"n. 目的, 意向, 决心, 用途, 效果, 论题\nvt. 意欲, 企图, 计划",,,cet6-all source:ecdict cet4 cet6 family:purposes family:purposing family:purposed,1014
purse,pә:s,n.,"n. 钱包, 小钱袋, 金钱, 募捐款, 囊状物\nv. 缩拢, 皱起",,,cet6-all source:ecdict cet4 cet6 family:pursed family:purses family:pursing,4358
pursue,pә'sju:,vt.,"vt. 追赶, 追踪, 追随, 追求, 实行, 继续, 从事\nvi. 追赶, 继续",,,cet6-all source:ecdict cet4 cet6 cet6-core family:pursued family:pursuing family:pursues,1785
pursuit,pә'sju:t,n.,"n. 追踪, 追求, 追赶, 娱乐, 职业\n[法] 追捕, 追求",,,cet6-all source:ecdict cet4 cet6 cet6-core family:pursuits,3873
puzzle,'pʌzl,n.,"n. 难题, 迷惑\nvt. 使困惑, 使为难\nvi. 迷惑, 苦思",,,cet6-all source:ecdict cet4 cet6 family:puzzles family:puzzling family:puzzled,4255
pyjamas,pә'dʒɑ:mәs,n.,"n. 睡衣裤, 宽松裤",,,cet6-all source:ecdict cet6 family:pyjamas family:s,
qualification,.kwɒlifi'keiʃәn,n.,"n. 资格, 条件, 限制\n[计] 限定",,,cet6-all source:ecdict cet6 family:qualifications,6828
qualify,'kwɒlifai,vi.,"vi. 取得资格, 有资格\nvt. 使有资格, 使合格, 限定, 限制, 准予",,,cet6-all source:ecdict cet4 cet6 family:qualified family:qualifies family:qualifying,3049
qualitative,'kwɒlitәtiv,adj.,"a. 性质的, 质的, 定性的",,,cet6-all source:ecdict cet6 cet6-core,7101
quality,'kwɒlәti,n.,"n. 品质, 特性, 才能, 质量\na. 优质的\n[计] 品质",,,cet6-all source:ecdict cet4 cet6 family:qualities,764
quantify,'kwɒntifai,vt.,"vt. 定量, 用数量表示, 测量",,,cet6-all source:ecdict cet6 cet6-core family:quantified family:quantifying family:quantifies,9701
quantitative,'kwɒntitәtiv,adj.,"a. 数量的, 定量的\n[医] 定量的, 数量的",,,cet6-all source:ecdict cet6 cet6-core,7662
quantity,'kwɒntәti,n.,"n. 量, 数量, 总量\n[计] 数量; 量",,,cet6-all source:ecdict cet4 cet6 family:quantities,4057
quarrel,'kwɒrәl,n.,"n. 吵架, 反目, 怨言, 方头凿\nvi. 吵架, 争论, 挑剔",,,cet6-all source:ecdict cet4 cet6 family:quarrels family:quarrelled family:quarrelling,11177
quart,kwɒ:t,n.,n. 夸脱\n[医] 夸脱(四分之一加仑),,,cet6-all source:ecdict cet4 cet6 cet6-core family:quarts,
quarterly,'kwɔ:tәli,adj.,"a. 季度的, 按季度的, 每季的\nadv. 按季, 每三个月, 每季一次\nn. 季刊",,,cet6-all source:ecdict cet4 cet6 cet6-core family:quarterlies,11417
quartz,kwɒ:ts,n.,n. 石英\n[化] 石英,,,cet6-all source:ecdict cet6 cet6-core,16587
queen,'kwi:n,n.,"n. 王后, 女王\nvt. 立为女王\nvi. 做女王",,,cet6-all source:ecdict cet4 cet6 family:queens family:queening family:queened,43081
queer,kwiә,n.,"n. 怪人, 同性恋者\na. 奇怪的, 不舒服的, 可疑的\nvt. 搞糟",,,cet6-all source:ecdict cet4 cet6 cet6-core family:queers family:queerest family:queering family:queerer family:queered,11708
quench,kwentʃ,vt.,"vt. 熄灭, 结束, 使冷却, 将...淬火\nvi. 熄灭, 平息",,,cet6-all source:ecdict cet6 cet6-core family:quenching family:quenched family:quenches,19110
quest,kwest,n.,"n. 探索, 寻求, 调查\nv. 寻找, 找, 追寻猎物",,,cet6-all source:ecdict cet6 cet6-core family:quests family:questing family:quested,4067
questionable,'kwestʃәnәbl,adj.,"a. 可疑的\n[法] 可疑的, 有问题的, 不可靠的",,,cet6-all source:ecdict cet6,6242
questionnaire,kwestʃә'nєә,n.,"n. 调查表, 问卷\n[经] 调查表",,,cet6-all source:ecdict cet6 cet6-core family:questionnaires,3606
queue,kju:,n.,"n. 辫子, 一队人, 队列\nvt. 使排队, 将...梳成辫子\nvi. 排队\n[计] 队列",,,cet6-all source:ecdict cet4 cet6 family:queues family:queuing family:queued,15489
quicken,'kwikәn,vt.,"vt. 加快, 激发, 使有生气, 鼓舞, 使复活\nvi. 加快, 变活跃, 进入胎动期",,,cet6-all source:ecdict cet4 cet6 family:quickened family:quickens family:quickening,11424
quilt,kwilt,n.,"n. 棉被\nvt. 加软衬料后缝制, 东拼西凑地编\nvi. 缝被子",,,cet6-all source:ecdict cet4 cet6 family:quilts family:quilting family:quilted,6124
quit,kwit,vi.,"vi. 离开, 辞职, 停止\nvt. 离开, 放弃, 使解除, 停止\nn. 离开\n[计] 结束, 退出",,,cet6-all source:ecdict cet4 cet6 family:quit family:pd family:quitting family:quits,2522
quiver,'kwivә,n.,"n. 震动, 颤抖, 箭袋\nvi. 颤抖, 振动\nvt. 使颤动\na. 敏捷的",,,cet6-all source:ecdict cet6 cet6-core family:quivered family:quivering family:quivers,11515
quiz,kwiz,n.,"n. 考查, 课堂测验, 恶作剧, 智力测验\nvt. 戏弄, 考查, 恶作剧",,,cet6-all source:ecdict cet4 cet6 family:quizzed family:quizzing family:quizzes,8784
quotation,kwәu'teiʃәn,n.,"n. 引用语, 语录, 牌价, 报价\n[化] 报价",,,cet6-all source:ecdict cet4 cet6 family:quotations,8858
quote,kwәut,n.,"n. 引用\nvt. 引述, 举证, 报(价)\nvi. 引用",,,cet6-all source:ecdict cet4 cet6 family:quoted family:quoting family:quotes,2255
rabbit,'ræbit,n.,n. 兔子\nvi. 猎兔\nvt. 让...见鬼去,,,cet6-all source:ecdict cet4 cet6 family:rabbits family:rabbiting family:rabbited,4373
race,reis,n.,"n. 种族, 人种, 赛跑, 比赛, 急流, 人类, 同道, 姜根\nvi. 赛跑, 竞赛, 疾走\nvt. 与...赛跑, 使疾走, 使猛转\n[计] 竞争; 追赶; 欧州高级通信研究开发计划",,,cet6-all source:ecdict cet4 cet6 family:races family:racing family:raced,716
racial,'reiʃәl,adj.,"a. 人种的, 种族的\n[医] 种族的",,,cet6-all source:ecdict cet4 cet6 cet6-core,2243
rack,ræk,n.,"n. 架, 行李架, 饲草架, 搁物架, 痛苦, 折磨, 齿条, 行云团\nvt. 把...放在架上, 在架上制作, 折磨, 使痛苦, 压榨, 榨取, 猛烈撕拉, 拷问\nvi. 变形, 倾斜, (云)随风飘, (马)小步跑\n[计] 机架",,,cet6-all source:ecdict cet4 cet6 family:racks family:racked family:racking,4151
racket,'rækit,n.,"n. 球拍, 喧闹, 杂乱无章\nvi. 喧闹\nvt. 用球拍打",,,cet6-all source:ecdict cet4 cet6 cet6-core family:rackets,9912
radar,'reidә,n.,"n. 雷达, 无线电探测器\n[计] 雷达图",,,cet6-all source:ecdict cet4 cet6 family:radars,4780
radial,'reidiәl,adj.,"a. 光线的, 光线状的, 放射状的, 半径的, 径向的\nn. 光线, 射线",,,cet6-all source:ecdict cet6 family:radials,16392
radiant,'reidiәnt,adj.,"a. 发光的, 明亮的, 辐射的, 容光焕发的\n[医] 放射的, 辐射的, 辐射物[质]",,,cet6-all source:ecdict cet6 cet6-core,9731
radiate,'reidieit,vt.,"vt. 放射, 散发, 辐射, 传播, 广播\nvi. 发光, 辐射, 流露\na. 有射线的, 辐射状的",,,cet6-all source:ecdict cet4 cet6 cet6-core family:radiating family:radiated family:radiates,8496
radiation,.reidi'eiʃәn,n.,n. 辐射\n[化] 放射,,,cet6-all source:ecdict cet4 cet6 family:radiations,3652
radiator,'reidieitә,n.,"n. 暖气装置, 散热器, 辐射体\n[化] 散热器",,,cet6-all source:ecdict cet6 family:radiators,13342
radical,'rædikl,n.,"n. 激进分子, 词根, 基础, 根式, 根\na. 激进的, 根本的, 基本的, 根的",,,cet6-all source:ecdict cet4 cet6 cet6-core family:radicals,2929
radioactive,.reidiәu'æktiv,adj.,"a. 放射性的, 有放射能的\n[医] 放射性的, 放射的",,,cet6-all source:ecdict cet4 cet6 cet6-core,7890
radioactivity,.reidiәuæk'tiviti,n.,n. 放射性\n[化] 放射性,,,cet6-all source:ecdict cet4 cet6 family:radioactivities,20084
radish,'rædiʃ,n.,n. 小萝卜,,,cet6-all source:ecdict cet4 cet6 family:radishes,14920
radium,'reidiәm,n.,n. 镭\n[化] 镭Ra,,,cet6-all source:ecdict cet4 cet6,30174
radius,'reidiәs,n.,"n. 半径, 范围, 辐射光线\n[电] 半径",,,cet6-all source:ecdict cet4 cet6 cet6-core family:radii,9413
rag,ræg,n.,"n. 碎布, 抹布, 碎片, 碎屑, 少量, 破旧衣服\nvt. 责骂, 揶揄, 戏弄\nvi. 喧闹",,,cet6-all source:ecdict cet4 cet6 family:rags family:ragged family:ragging,6662
rage,reidʒ,n.,"n. 愤怒, 情绪激动, 狂暴\nvi. 大怒, 狂吹, 流行",,,cet6-all source:ecdict cet4 cet6 family:raged family:raging family:rages,3984
raid,reid,n.,"n. 袭击, 突袭, 搜捕\nv. 奇袭, 搜捕\n[计] 廉价磁盘冗余阵列",,,cet6-all source:ecdict cet4 cet6 family:raids family:raided family:raiding,5096
rail,reil,n.,"n. 横杆, 围栏, 栏杆, 铁轨, 扶手, 秧鸡\nvt. 以横木围栏, 给...铺铁轨\nvi. 责骂, 抱怨",,,cet6-all source:ecdict cet4 cet6 family:rails family:railed family:railing,3373
railroad,'reilrәud,n.,"n. 铁路, 铁路公司\nvt. 铺设铁路, 用铁路运输\nvi. 在铁路工作",,,cet6-all source:ecdict cet4 cet6 family:railroads family:railroaded family:railroading,3649
rainbow,'reinbәu,n.,n. 彩虹\na. 五彩缤纷的,,,cet6-all source:ecdict cet4 cet6 family:rainbows,7427
rainforest,'rein'fɔrist,n.,[生态]雨林,,,cet6-all source:ecdict cet6 family:rainforests,11383
rainy,'reini,adj.,"a. 下雨的, 多雨的",,,cet6-all source:ecdict cet4 cet6 family:rainiest,7477
raisin,'reizn,n.,n. 葡萄干,,,cet6-all source:ecdict cet6 family:raisins,8989
rake,reik,n.,"n. 耙子, 钱耙, 斜度, 浪子\nv. 搜索, 掠过, (用耙子)耙, (使)倾斜",,,cet6-all source:ecdict cet4 cet6 family:raked family:raking family:rakes,8861
rally,'ræli,n.,"n. 重振旗鼓, 集合, 群众集会, 跌停回升\nv. 重整旗鼓, 集合, 恢复精神, 团结, 挖苦, 嘲笑",,,cet6-all source:ecdict cet6 family:rallies family:rallied family:rallying,4619
ramble,'ræmbl,n.,"n. 漫步, 随笔\nvi. 漫步, 漫谈, 漫游, 蔓延\nvt. 闲逛于",,,cet6-all source:ecdict cet6 family:rambles family:rambled family:rambling,16774
ranch,ræntʃ. rɑ:ntʃ,n.,n. 大牧场\nv. 经营牧场,,,cet6-all source:ecdict cet6 family:ranches family:ranching family:ranched,4036
random,'rændәm,n.,"n. 随意, 随机\na. 任意的, 随便的, 胡乱的, 随机的\nadv. 胡乱地",,,cet6-all source:ecdict cet6 cet6-core,3619
range,'reindʒ,n.,"n. 排, 行, 山脉, 范围, 行列, 射程\nvt. 排列, 归类于, 使并列, 放牧\nvi. 平行, 延伸, 漫游\n[计] 量程; 范围; 域; 距离",,,cet6-all source:ecdict cet4 cet6 family:ranging family:ranges family:ranged,972
rank,ræŋk,n.,"n. 等级, 排, 横列, 队伍, 阶级\na. 茂密丛生的, 恶臭的, 十足的, 粗俗的\nvt. 排列, 归类于, 把...分等\nvi. 列为, 列队\nn. 秩\n[计] 秩",,,cet6-all source:ecdict cet4 cet6 cet6-core family:ranks family:ranked family:ranking,2647
rap,ræp,n.,"n. 轻敲, 拍击, 责骂, 无价值的东西\nvt. 轻敲, 厉声说出, 叱责, 抢走, 使着迷\nvi. 敲击, 发敲击声, 交谈, 同情\n[计] 随机存取程序, 资源分配处理器, 常驻汇编程序",,,cet6-all source:ecdict cet6 cet6-core family:rapped family:raps family:rapping,5303
rapid,'ræpid,adj.,"a. 迅速的, 飞快的, 急促的, 陡的\nn. 急流",,,cet6-all source:ecdict cet4 cet6 family:rapids,3029
rapidity,rә'piditi,n.,"n. 迅速, 急速, 速度",,,cet6-all source:ecdict cet6,23076
rapidly,'ræpidli,adv.,"adv. 飞快地, 迅速地, 赶紧地",,,cet6-all source:ecdict cet4 cet6,2527
rapture,'ræptʃә,n.,"n. 兴高采烈, 着迷, 欢天喜地, 狂喜\nvt. 使狂喜",,,cet6-all source:ecdict cet6 family:raptures family:raptured,16318
rare,rєә,adj.,"a. 稀罕的, 罕有的, 珍奇的, 稀薄的, 半熟的, 非常好的\nadv. 非常",,,cet6-all source:ecdict cet4 cet6 family:rarer family:rarest family:raring,1872
rarely,'rєәli,adv.,"adv. 很少地, 罕有地",,,cet6-all source:ecdict cet4 cet6 cet6-core,2271
rascal,'ræskl,n.,"n. 流氓, 无赖, 坏蛋, 淘气鬼\n[法] 流氓, 无赖, 恶棍",,,cet6-all source:ecdict cet6 family:rascals,20319
rash,ræʃ,adj.,"a. 轻率的, 匆忙的, 鲁莽的\nn. 皮疹",,,cet6-all source:ecdict cet6 cet6-core family:rashes,8937
rat,ræt,n.,"n. 鼠, 卑鄙的人, 破坏者, 变节者\nvi. 捕鼠, 变节\nvt. 弄蓬松",,,cet6-all source:ecdict cet4 cet6 family:rats family:ratting family:ratted,3558
rate,reit,n.,"n. 比率, 率, 速度, 价格, 费用, 等级\nvt. 估价, 认为, 鉴定等级, 责骂\nvi. 被评价, 责骂",,,cet6-all source:ecdict cet4 cet6 family:rates family:rated family:rating,457
rather,'ræðә,adv.,"adv. 宁可, 稍微, 相当",,,cet6-all source:ecdict cet4 cet6,860
rating,'reitiŋ,n.,"n. 等级, 额定功率, 责骂\n[经] 等级评定",,,cet6-all source:ecdict cet6 cet6-core family:rate family:i family:ratings family:rating,1819
ratio,'reiʃәu,n.,"n. 比, 比率\n[医] 比, 比率, 比例",,,cet6-all source:ecdict cet4 cet6 family:ratios,3088
rational,'ræʃәnl,adj.,"a. 理性的, 合理的\nn. 有理数",,,cet6-all source:ecdict cet4 cet6 cet6-core,4481
rattle,'rætl,vt.,"vt. 使嘎嘎响, 喋喋不休地说\nvi. 格格响, 喋喋不休\nn. 格格声, 拨浪鼓, 喋喋不休的话",,,cet6-all source:ecdict cet6 family:rattling family:rattled family:rattles,5452
raw,rɒ:,n.,"n. 擦伤处, 半成品\na. 生的, 未加工的, 生疏的, 不成熟的, 阴冷的, 刺痛的, 擦掉皮的\nvt. 擦伤\n[计] 写后读",,,cet6-all source:ecdict cet4 cet6 family:rawest,2783
ray,rei,n.,"n. 光线, 射线, 闪烁, 光辉\nvi. 射出光线, 浮现, 放射光线\nvt. 放射, 显出",,,cet6-all source:ecdict cet4 cet6 family:rays family:raying family:rayed,4432
razor,'reizә,n.,n. 剃刀\nvt. 剃,,,cet6-all source:ecdict cet4 cet6 family:razors,7444
reach,ri:tʃ,n.,"n. 伸出, 延伸, 区域, 范围, 流域, 岬\nvt. 到达, 达到, 伸出, 延伸, 影响\nvi. 达到, 延伸, 伸出手, 传到",,,cet6-all source:ecdict cet4 cet6 family:reached family:reaching family:reaches,422
react,ri'ækt,vi.,"vi. 起反应, 起作用, 反攻\n[医] 应答, 发生反应",,,cet6-all source:ecdict cet4 cet6 family:reacted family:reacting family:reacts,2666
reaction,ri'ækʃәn,n.,"n. 反应, 反作用, 反动\n[医] 反应",,,cet6-all source:ecdict cet4 cet6 cet6-core family:reactions,1409
reactor,ri'æktә,n.,"n. 反应者, 反应器, 反应堆, 电抗器\n[化] 反应釜; 反应锅",,,cet6-all source:ecdict cet6 family:reactors,6317
reader,'ri:dә,n.,"n. 读者, 读物, 文选, 校对人, 讲师\n[计] 阅读程序; 阅读器",,,cet6-all source:ecdict cet4 cet6 family:readers,1268
readily,'redili,adv.,"adv. 迅速地, 轻易地, 乐意地",,,cet6-all source:ecdict cet4 cet6 cet6-core,4013
reading,'ri:diŋ,n.,"n. 阅读, 知识, 读物\na. 阅读的",,,cet6-all source:ecdict cet4 cet6 family:read family:i family:reading family:readings,1581
real,'riәl,adj.,"a. 真的, 真实的, 实际的, 实在的, 不动(产)的, 实数的\nn. 实数, 现实\nadv. 真正地",,,cet6-all source:ecdict cet4 cet6,305
realistic,riә'listik,adj.,"a. 现实的, 逼真的, 现实主义的, 实在论的",,,cet6-all source:ecdict cet6 cet6-core,3993
reality,ri'æliti,n.,"n. 实在, 事实, 实体, 逼真\n[法] 现实, 实在存在的事物, 实在性",,,cet6-all source:ecdict cet4 cet6 family:realities,1032
realization,.riәlai'zeiʃәn,n.,"n. 实现, 领悟, 实得\n[医] 现实化, 实现",,,cet6-all source:ecdict cet6 family:realizations,5579
realize,'riәlaiz,vt.,"vt. 了解, 实现, 使显得逼真, 变卖\nvi. 变卖",,,cet6-all source:ecdict cet4 cet6 family:realized family:realizing family:realizes,616
realm,relm,n.,"n. 王国, 领土, 领域\n[计] 领域",,,cet6-all source:ecdict cet4 cet6 family:realms,3911
reap,ri:p,vt.,"vt. 收割, 收获, 获得\nvi. 收割, 得到报应",,,cet6-all source:ecdict cet4 cet6 cet6-core family:reaping family:reaped family:reaps,7589
rear,riә,n.,"n. 后面, 背后, 后方\na. 后面的, 背面的, 后方的\nvt. 养育, 培养, 饲养, 举起, 树立, 栽种\nvi. 高耸, 暴跳",,,cet6-all source:ecdict cet4 cet6 family:reared family:rearing family:rears,4033
reasonable,'ri:znәbl,adj.,"a. 合理的, 明理的, 适当的\n[法] 合理的, 公道的, 正当的",,,cet6-all source:ecdict cet4 cet6,2510
reassure,.ri:ә'ʃuә,vt.,"vt. 使...安心, 向...再保证\n[法] 重新保证, 再保险, 使清除疑虑",,,cet6-all source:ecdict cet6 cet6-core family:reassured family:reassuring family:reassures,5411
rebel,'rebl,n.,"n. 叛徒, 反叛者\nvi. 造反, 反抗, 抵抗, 反感\na. 造反的, 反抗的",,,cet6-all source:ecdict cet4 cet6 cet6-core family:rebels family:rebelled family:rebelling,3776
rebellion,ri'beljәn,n.,"n. 谋反, 叛乱, 反抗\n[法] 造反, 反叛, 叛乱",,,cet6-all source:ecdict cet4 cet6 cet6-core family:rebellions,6331
rebuke,ri'bju:k,n.,"n. 指责, 谴责, 非难\nvt. 斥责, 指责, 制止",,,cet6-all source:ecdict cet6 family:rebuked family:rebuking family:rebukes,17270
recall,ri'kɒ:l,n.,"n. 回忆, 召回, 撤消\nvt. 回想, 回忆, 召回, 撤消, 使恢复\n[计] 检索",,,cet6-all source:ecdict cet4 cet6 cet6-core family:recalled family:recalls family:recalling,1129
receiver,ri'si:vә,n.,"n. 接收器；接受者；收信机；收款员, 接待者",,,cet6-all source:ecdict cet4 cet6 family:receivers,3401
recent,'ri:snt,adj.,"a. 最近的, 近代的, 最新的\n[经] 最近的, 新进的",,,cet6-all source:ecdict cet4 cet6,567
recently,'ri:sntli,adv.,adv. 最近,,,cet6-all source:ecdict cet4 cet6,699
reception,ri'sepʃәn,n.,"n. 接待, 接受, 招待会\n[医] 接受, 感受",,,cet6-all source:ecdict cet4 cet6 cet6-core family:receptions,3944
recession,ri'seʃәn,n.,"n. 后退, 凹处, 衰退, 归还\n[医] 退缩",,,cet6-all source:ecdict cet6 cet6-core family:recessions,3576
recipe,'resipi,n.,"n. 食谱, 处方, 秘诀\n[医] 取(处方头语), 处方",,,cet6-all source:ecdict cet6 cet6-core family:recipes,2509
recipient,ri'sipiәnt,adj.,"a. 领受的, 容易接受的, 感受性强的\nn. 领受者, 容纳者, 容器",,,cet6-all source:ecdict cet6 cet6-core family:recipients,3919
reciprocal,ri'siprәkl,adj.,"a. 互惠的, 相互的, 相等的, 倒数的, 彼此相反的\nn. 倒数, 互相起作用的事物",,,cet6-all source:ecdict cet6 cet6-core family:reciprocals,10639
recite,ri'sait,v.,"v. 背诵, 朗读, 叙述",,,cet6-all source:ecdict cet4 cet6 cet6-core family:reciting family:recited family:recites,6397
reckless,'reklis,adj.,"a. 不介意的, 大意的, 鲁莽的, 不顾后果的\n[法] 不注意的, 粗心大意的, 鲁莽的",,,cet6-all source:ecdict cet6 cet6-core,8562
reckon,'rekәn,vt.,"vt. 计算, 总计, 估计, 认为, 猜想\nvi. 数, 计算, 估计, 依赖, 料想",,,cet6-all source:ecdict cet6 cet6-core family:reckons family:reckoned family:reckoning,8525
reclaim,ri'kleim,vt.,"vt. 开垦, 改造, 感化, 纠正, 回收\nvi. 喊叫, 抗议",,,cet6-all source:ecdict cet6 cet6-core family:reclaimed family:reclaiming family:reclaims,7452
recognition,.rekәg'niʃәn,n.,"n. 赞誉, 认得, 识别, 承认, 认可, 认识\n[电] 认识",,,cet6-all source:ecdict cet4 cet6 cet6-core family:recognitions,2441
recognize,'rekәgnaiz,vt.,"vt. 认出, 认可, 承认, 公认, 识别, 赏识\nvi. 承认, 具结",,,cet6-all source:ecdict cet4 cet6 cet6-core family:recognized family:recognizing family:recognizes,779
recollect,.rekә'lekt,vt.,"vt. 回忆, 回想, 忆起\nvi. 回忆",,,cet6-all source:ecdict cet4 cet6 family:recollected family:recollects family:recollecting,17984
recommend,.rekә'mend,vt.,"vt. 推荐, 介绍, 劝告, 使受欢迎, 托付\n[经] 建议, 推荐",,,cet6-all source:ecdict cet4 cet6 family:recommended family:recommends family:recommending,1688
recommendation,.rekәmen'deiʃәn,n.,"n. 推荐, 介绍, 推荐信, 劝告\n[经] 建议书",,,cet6-all source:ecdict cet4 cet6 family:recommendations,2765
reconcile,'rekәnsail,vt.,"vt. 使和解, 调停, 使和谐, 使一致, 使听从\n[经] 对帐, 使一致",,,cet6-all source:ecdict cet6 cet6-core family:reconciled family:reconciling family:reconciles,6560
record,ri'kɒ:d,n.,"n. 记录, 履历, 档案, 审判记录, 最高纪录, 唱片\nvt. 记录, 记载, 标明, 将...录音\nvi. 记录, 录音, 可被录音\na. 创纪录的\n[计] 录制, 记录",,,cet6-all source:ecdict cet4 cet6 family:records family:recorded family:recording,516
recorder,ri'kɒ:dә,n.,"n. 记录员, 录音机\nn. 记录器\n[计] 宏录制器, 记录器",,,cet6-all source:ecdict cet4 cet6 family:recorders,6015
recover,ri'kʌvә,vt.,"vt. 重新获得, 恢复, 复原, 拯救\nvi. 痊愈, 复原, 胜诉\n[计] 恢复",,,cet6-all source:ecdict cet4 cet6 cet6-core family:recovered family:recovering family:recovers,2131
recovery,ri'kʌvәri,n.,"n. 恢复, 复原, 痊愈, 重获\n[计] 恢复",,,cet6-all source:ecdict cet4 cet6 cet6-core family:recoveries,2443
recreation,.rekri'eiʃәn,n.,"n. 娱乐, 消遣, 休息, 再创造\n[医] 娱乐, 休养",,,cet6-all source:ecdict cet4 cet6 cet6-core family:recreations,5867
recruit,ri'kru:t,n.,"n. 新兵, 新手, 新会员, 补给品\nvt. 恢复, 补充, 充实, 征募\nvi. 征募新兵, 复原, 得到补充",,,cet6-all source:ecdict cet4 cet6 cet6-core family:recruited family:recruits family:recruiting,3314
recruitment,ri'kru:tmәnt,n.,"n. 新兵征召\n[医] 募集[反应], 募集[现象](生理), 复聪(耳科)",,,cet6-all source:ecdict cet6 family:recruitments,6379
rectangle,'rektæŋgl,n.,"n. 长方形, 矩形\n[化] 矩形",,,cet6-all source:ecdict cet6 family:rectangles,10058
rectangular,rek'tæŋgjulә,adj.,a. 成直角的\n[化] 矩形的,,,cet6-all source:ecdict cet6 cet6-core,9527
rectify,'rektifai,vt.,"vt. 订正, 矫正, 改正, 调正, 校正, 精馏, 整流\n[化] 精馏",,,cet6-all source:ecdict cet6 cet6-core family:rectified family:rectifying family:rectifies,14350
recur,ri'kә:,vi.,"vi. 复发, 回到, 重现, 再来, 诉诸, 采用, 循环",,,cet6-all source:ecdict cet6 cet6-core family:recurs family:recurred family:recurring,13001
recurrence,ri'kʌrәns,n.,"n. 再现, 再发生, 反复, 循环\n[医] 复发, 再发",,,cet6-all source:ecdict cet6 family:recurrences,10768
recycle,.ri:'saikl,vt.,"vt. 使再循环, 重新利用, 再制\nn. 再循环",,,cet6-all source:ecdict cet6 cet6-core family:recycling family:recycled family:recycles,5806
reduce,ri'dju:s,vt.,"vt. 减少, 分解, 降低, 使衰退, 把...分解, 把...归纳\nvi. 减少, 减肥, 缩小\n[计] 缩小",,,cet6-all source:ecdict cet4 cet6 family:reduced family:reducing family:reduces,701
reduction,ri'dʌkʃәn,n.,"n. 减少, 缩影, 变化\n[化] 还原",,,cet6-all source:ecdict cet4 cet6 family:reductions,2270
redundant,ri'dʌndәnt,adj.,"a. 多余的, 过多的, 冗长的\n[医] 过多的, 多余的",,,cet6-all source:ecdict cet6 cet6-core,12969
reed,ri:d,n.,"n. 芦苇, 芦笛, 簧舌, 纤弱的人\nvt. 用芦苇盖, 用小凸嵌线装饰",,,cet6-all source:ecdict cet4 cet6 family:reeds family:reeding,8359
reef,ri:f,n.,"n. 暗礁, 礁, 缩帆\nv. 缩(帆)",,,cet6-all source:ecdict cet6 family:reefs family:reefing family:reefed,6352
reel,ri:l,n.,"n. 卷轴, 一卷, 纺车, 旋转, 蹒跚\nvt. 卷...于轴上, 绕, 使旋转\nvi. 蹒跚地走, 旋转, 眩晕, 摇晃, 退缩\n[计] 卷; 盘",,,cet6-all source:ecdict cet4 cet6 cet6-core family:reeling family:reeled family:reels,7527
refer,ri'fә:,vt.,"vt. 提交, 归诸于, 把...提交, 使求助于\nvi. 提到, 涉及, 查阅, 查询, 咨询",,,cet6-all source:ecdict cet4 cet6 family:referred family:refers family:referring,1156
referee,.refә'ri:,n.,"n. 仲裁人, 调解人, 裁判员\nv. 仲裁, 裁判",,,cet6-all source:ecdict cet6 cet6-core family:referees family:refereed family:refereeing,8516
reference,'refәrәns,n.,"n. 参考, 索引, 参照\nvt. 给...加上参考资料\nvt. 引用\nvi. 引用\n[计] 引用",,,cet6-all source:ecdict cet4 cet6 cet6-core family:references family:referenced family:referencing,1904
refine,ri'fain,vt.,"vt. 精炼, 净化, 使优雅, 使精炼\nvi. 被精炼, 被净化",,,cet6-all source:ecdict cet4 cet6 family:refining family:refined family:refines,6600
refinery,ri'fainәri,n.,n. 精炼厂\n[化] 精炼厂炼糖厂,,,cet6-all source:ecdict cet6 family:refineries,9383
reflect,ri'flekt,vt.,"vt. 反射, 反映, 招致, 深思\nvi. 被反射, 映出, 深思, 考虑, 指责",,,cet6-all source:ecdict cet4 cet6 cet6-core family:reflects family:reflected family:reflecting,1004
reflection,ri'flekʃәn,n.,"n. 反映, 沉思, 映像, 想法, 责难\n[计] 反射",,,cet6-all source:ecdict cet4 cet6 family:reflections,2757
reflexion,ri'flekʃәn,n.,"[医] 反射[作用], 反折",,,cet6-all source:ecdict cet4 cet6 family:reflexions,
reform,ri'fɒ:m,n.,"n. 改革, 改正, 改造\nvt. 改革, 改过, 革新, 重整\nvi. 革新, 改过",,,cet6-all source:ecdict cet4 cet6 cet6-core family:reforms family:reformed family:reforming,1112
refrain,ri'frein,n.,"n. 重复的话, 叠句, 副歌\nvi. 节制, 避免, 克制",,,cet6-all source:ecdict cet6 cet6-core family:refrained family:refraining family:refrains,9029
refresh,ri'freʃ,vt.,"vt. 使清新, 使恢复, 使生气蓬勃\nvi. 提起精神, 恢复精神, 吃点心, 喝饮料\nvt. 刷新, 重新整理\nvi. 刷新, 重新整理\n[计] 刷新, 重新整理",,,cet6-all source:ecdict cet4 cet6 cet6-core family:refreshed family:refreshing family:refreshes,12356
refreshment,ri'freʃmәnt,n.,"n. 点心, 起提神作用的事物, 精神爽快",,,cet6-all source:ecdict cet4 cet6 cet6-core family:refreshments,14418
refrigerator,ri'fridʒәreitә,n.,"n. 电冰箱, 冷藏库\n[计] 冷冻机; 致冷器",,,cet6-all source:ecdict cet4 cet6 family:refrigerators,4133
refuge,'refju:dʒ,n.,"n. 避难所, 安全地带, 避难, 庇护\nvi. 躲避\nvt. 给予...庇护",,,cet6-all source:ecdict cet4 cet6 cet6-core family:refuges,4616
refugee,.refju'dʒi:,n.,"n. 难民, 流亡者\n[法] 避难者, 流亡者, 难民",,,cet6-all source:ecdict cet6 family:refugees,2599
refusal,ri'fju:zl,n.,"n. 拒绝, 推却, 优先决定权\n[法] 拒绝, 谢绝, 取舍权",,,cet6-all source:ecdict cet4 cet6 cet6-core family:refusals,5933
refuse,ri'fju:z,vt.,"vt. 拒绝, 谢绝\nvi. 拒绝\nn. 废物\na. 扔掉的, 无用的",,,cet6-all source:ecdict cet4 cet6 family:refused family:refusing family:refuses,1247
refute,ri'fju:t. ri:-,vt.,"vt. 反驳, 驳斥；驳倒",,,cet6-all source:ecdict cet4 cet6 cet6-core family:refuted family:refutes family:refuting,11103
regard,ri'gɑ:d,n.,"n. 关心, 注意, 尊敬, 关系, 问候\nvt. 视为, 注意, 考虑, 和...有关, 看待\nvi. 注视, 注意",,,cet6-all source:ecdict cet4 cet6 family:regarded family:regards family:regarding,2084
regarding,ri'gɑ:diŋ,prep.,prep. 关于,,,cet6-all source:ecdict cet4 cet6 family:regard family:i,2153
regardless,ri'gɑ:dlis,adj.,"a. 不管, 不注意, 不顾",,,cet6-all source:ecdict cet4 cet6,2899
regenerate,ri'dʒenәreit,vt.,"vt. 使再生, 重建, 革新\nvi. 新生, 再生\na. 新生的, 再生的\n[计] 再生; 重写",,,cet6-all source:ecdict cet6 family:regenerating family:regenerated family:regenerates,14883
regenerative,ri'dʒenәreitiv,adj.,"a. 再生的, 更生的, 更新的\n[医] 再生的",,,cet6-all source:ecdict cet6,22864
regime,rei'ʒi:m,n.,"n. 政权, 当权期间, 政体, 社会制度, 体制, 情态\n[医] 制度, 生活制度",,,cet6-all source:ecdict cet6 cet6-core family:regimes,1848
regiment,'redʒimәnt,n.,"n. （军队）团, 大量（人或物）\nv. 组编成团，组织，严格管制",,,cet6-all source:ecdict cet6 cet6-core family:regiments family:regimented family:regimenting,10298
region,'ri:dʒәn,n.,"n. 区域, 地带, 地区, 领域, 范围, 区\n[计] 区, 区域",,,cet6-all source:ecdict cet4 cet6 cet6-core family:regions,793
register,'redʒistә,n.,"n. 寄存器, 记录, 登记簿, 注册\nvt. 记录, 注册, 提示, 表达, 把...挂号\nvi. 登记, 注册, 挂号\n[计] 寄存器",,,cet6-all source:ecdict cet4 cet6 cet6-core family:registered family:registers family:registering,3173
regret,ri'gret,n.,"n. 遗憾, 后悔, 悔恨, 抱歉, 歉意\nvt. 为...感到遗憾, 后悔, 惋惜, 懊悔, 抱歉\nvi. 感到抱歉",,,cet6-all source:ecdict cet4 cet6 family:regretted family:regrets family:regretting,4595
regular,'regjulә,adj.,"a. 规则的, 常例的, 有秩序的, 整齐的, 等边的, 定期的, 经常的, 合格的, 常备军的\nn. 正规军, 正式队员\nadv. 经常地\nn. 正常体\n[计] 正常体",,,cet6-all source:ecdict cet4 cet6 family:regulars,1370
regularity,.regju'læriti,n.,"n. 规则性, 匀整, 正规, 经常\n[医] 规律性",,,cet6-all source:ecdict cet6 family:regularities,12202
regularly,'regjulәli,adv.,"adv. 有规则地, 一丝不苟地, 正式地",,,cet6-all source:ecdict cet4 cet6,2818
regulate,'regjuleit,vt.,"vt. 管理, 控制, 调节, 调整, 校准\n[经] 控制, 管理",,,cet6-all source:ecdict cet4 cet6 family:regulated family:regulating family:regulates,3384
regulation,.regju'leiʃәn,n.,"n. 规则, 管理, 调整\n[计] 调整; 规章; 规则; 调节",,,cet6-all source:ecdict cet4 cet6 cet6-core family:regulations,1675
rehearsal,ri'hә:sl,n.,"n. 预演, 排演, 练习, 叙述, 复述\n[法] 详述, 列举事实, 复述",,,cet6-all source:ecdict cet4 cet6 cet6-core family:rehearsals,5413
reign,rein,v.,v. 为王，为君；当政；统治\nn. 为王，为君；当政；统治,,,cet6-all source:ecdict cet4 cet6 cet6-core family:reigned family:reigns family:reigning,7626
reimburse,.ri:im'bә:s,vt.,"vt. 付还, 偿还, 赔偿\n[经] 偿付, 赔还, 付还; 偿还",,,cet6-all source:ecdict cet6 family:reimbursed family:reimburses family:reimbursing,11893
rein,rein,n.,"n. 缰绳, 统治, 支配\nvt. 驾驭, 以缰绳控制, 控制\nvi. 勒住马",,,cet6-all source:ecdict cet4 cet6 cet6-core family:reins family:reined family:reining,8629
reinforce,.ri:in'fɒ:s,vt.,"vt. 加强, 增援, 补充\nvi. 求援, 得到增援\nn. 加固材料",,,cet6-all source:ecdict cet4 cet6 cet6-core family:reinforced family:reinforces family:reinforcing,3329
reject,ri'dʒekt,n.,"n. 被拒之人, 被弃之物, 不合格品, 次品\nvt. 拒绝, 抵制, 否决, 驳回, 丢弃, 呕出",,,cet6-all source:ecdict cet4 cet6 cet6-core family:rejected family:rejecting family:rejects,2029
rejection,ri'dʒekʃәn,n.,"n. 拒绝, 抛弃, 驳回, 被抛弃的东西, 呕出物\n[化] 报废; 拒收",,,cet6-all source:ecdict cet6 family:rejections,5003
rejoice,ri'dʒɒis,vt.,"vt. 使欢喜\nvi. 欣喜, 高兴, 庆祝",,,cet6-all source:ecdict cet4 cet6 cet6-core family:rejoicing family:rejoiced family:rejoices,10736
rejuvenate,ri'dʒu:vineit,vt.,"vt. 使年轻, 使复原, 使恢复精神\nvi. 返老还童, 复原",,,cet6-all source:ecdict cet6 family:rejuvenated family:rejuvenating family:rejuvenates,18505
relate,ri'leit,vt.,"vt. 讲, 叙述, 使互相关联\nvi. 有关, 符合, 相处得好",,,cet6-all source:ecdict cet4 cet6 family:relating family:related family:relates,1080
relation,ri'leiʃәn,n.,"n. 关系, 联系, 叙述, 故事, 家属, 亲戚\n[计] 关系",,,cet6-all source:ecdict cet4 cet6 family:relations,1118
relationship,ri'leiʃәnʃip,n.,"n. 关系, 关联\n[医] 关系",,,cet6-all source:ecdict cet4 cet6 family:relationships,486
relative,'relәtiv,n.,"n. 亲戚, 关系词\na. 有关系的, 相对的, 比较的",,,cet6-all source:ecdict cet4 cet6 cet6-core family:relatives,2428
relatively,'relәtivli,adv.,"adv. 相对地, 比较地, 相当地, 相关地\n[计] 相对地",,,cet6-all source:ecdict cet4 cet6,1462
relativity,.relә'tiviti,n.,"n. 有关系, 相关性, 相对性\n[化] 相对性",,,cet6-all source:ecdict cet4 cet6 family:relativities,11500
relax,ri'læks,vi.,"vi. 放松, 松懈, 松弛, 变从容, 休息, 休养\nvt. 使松弛, 缓和, 使松懈, 使休息",,,cet6-all source:ecdict cet4 cet6 family:relaxed family:relaxing family:relaxes,2861
relay,'ri:lei,n.,"n. 驿马, 替班, 中继, 接力\nvt. 分程传递, 转播, 使接替\nvi. 接力传送, 转播",,,cet6-all source:ecdict cet6 cet6-core family:relayed family:relaying family:relays,8326
release,ri'li:s,n.,"n. 释放, 发泄, 豁免, 发行, 释放证书\nvt. 释放, 解除, 放松, 豁免, 免除, 发布, 放弃, 让与\nn. 发布\n[计] 版本, 发布",,,cet6-all source:ecdict cet4 cet6 cet6-core family:released family:releasing family:releases,1120
relegate,'religeit,vt.,"vt. 驱逐, 使降低地位, 把...归类, 把...委托给\n[法] 流放, 判流放刑, 驱逐",,,cet6-all source:ecdict cet6 family:relegated family:relegating family:relegates,9699
relevant,'relivәnt,adj.,"a. 有关联的, 有关系的, 适当的, 相应的\n[法] 有关的, 相关的",,,cet6-all source:ecdict cet4 cet6 cet6-core,2814
reliability,ri.laiә'biliti,n.,"n. 信度, 可靠性\n[计] 可靠性",,,cet6-all source:ecdict cet4 cet6 family:reliabilities,4202
reliable,ri'laiәbl,adj.,"a. 可靠的, 可信赖的\n[法] 可靠的, 可信赖的, 确实的",,,cet6-all source:ecdict cet4 cet6 cet6-core,3504
reliance,ri'laiәns,n.,"n. 信任, 信赖, 受信赖的人(或事)\n[法] 信任, 信赖, 信心",,,cet6-all source:ecdict cet4 cet6 cet6-core,6942
relief,ri'li:f,n.,"n. 减轻, 解除, 救济, 安慰, 调剂, 浮雕, 换班, (地势的)起伏\n[医] 缓减, 减轻, 浮雕(绘画中)",,,cet6-all source:ecdict cet4 cet6 cet6-core family:reliefs,1812
relieve,ri'li:v,vt.,"vt. 减轻, 救济, 解除, 使免除, 换...的班, 使得到调剂, 使不单调, 衬托, 使显著\nvi. 救济, 当替补投手, 呈鲜明突出",,,cet6-all source:ecdict cet4 cet6 cet6-core family:relieved family:relieving family:relieves,3764
religion,ri'lidʒәn,n.,"n. 宗教, 信仰\n[法] 宗教, 宗教信仰, 信仰",,,cet6-all source:ecdict cet4 cet6 cet6-core family:religions,1383
religious,ri'lidʒәs,adj.,"a. 宗教性的, 虔诚的, 宗教上的, 严谨的\nn. 修道士, 出家人",,,cet6-all source:ecdict cet4 cet6 cet6-core,884
reluctant,ri'lʌktәnt,adj.,"a. 不情愿的, 勉强的\n[法] 不愿的, 勉强的, 难以处理的",,,cet6-all source:ecdict cet4 cet6 cet6-core,3900
rely,ri'lai,vi.,"vi. 信赖, 依赖, 信任",,,cet6-all source:ecdict cet4 cet6 cet6-core family:relying family:relies family:relied,1857
remain,ri'mein,vi.,"vi. 保持, 逗留, 剩余\n[法] 停留, 居住, 继续",,,cet6-all source:ecdict cet4 cet6 cet6-core family:remains family:remained family:remaining,426
remainder,ri'meindә,n.,"n. 剩余物, 其他人, 残余, 余数\nv. 削价出售(图书)\na. 剩余的, 出售削价剩书的\n[计] 余数",,,cet6-all source:ecdict cet6 cet6-core family:remainders family:remaindered family:remaindering,6805
remains,ri'meins,n.,"n. 剩余物, 废墟, 残余\n[法] 遗体, 尸体, 遗骸",,,cet6-all source:ecdict cet4 cet6 family:remain family:remains,5315
remark,ri'mɑ:k,n.,"n. 评论, 注意\nvt. 评论, 注意\nvi. 评论, 谈论\n[计] 注释",,,cet6-all source:ecdict cet4 cet6 family:remarks family:remarked family:remarking,3389
remarkable,ri'mɑ:kәbl,adj.,"a. 不平常的, 值得注意的, 显著的",,,cet6-all source:ecdict cet4 cet6,2708
remedy,'remidi,n.,"n. 药物, 治疗法, 治疗, 补救, 赔偿\nvt. 治疗, 补救, 矫正, 改善, 修补, 修缮",,,cet6-all source:ecdict cet4 cet6 cet6-core family:remedies family:remedied family:remedying,5111
remind,ri'maind,vt.,"vt. 提醒, 使想起",,,cet6-all source:ecdict cet4 cet6 family:reminded family:reminds family:reminding,1458
remnant,'remnәnt,n.,"n. 剩余, 零料, 遗迹\na. 剩余的, 残余的",,,cet6-all source:ecdict cet6 cet6-core family:remnants,6394
remote,ri'mәut,adj.,"a. 遥远的, 偏僻的, 疏远的, 微少的\n[计] 远程, 远程访问实用程序",,,cet6-all source:ecdict cet4 cet6 cet6-core family:remoter family:remotest,2778
removal,ri'mu:vl,n.,"n. 移动, 移居, 迁移, 排除, 切除\n[医] 切除, 除去",,,cet6-all source:ecdict cet4 cet6 family:removals,4711
remove,ri'mu:v,vt.,"vt. 移动, 调动, 除去, 迁移, 开除, 移交\nvi. 迁移, 移动, 搬家\nn. 班级, 升级, 移动, 搬家, 间距\n[计] 删除",,,cet6-all source:ecdict cet4 cet6 family:removed family:removing family:removes,876
renaissance,ri'neisәns,n.,"n. 复活, 复兴, 文艺复兴\na. 文艺复兴的",,,cet6-all source:ecdict cet6 cet6-core,11032
render,'rendә,vt.,"vt. 回报, 给于, 付给, 汇报, 提出, 舍弃, 反映, 表示, 表演, 致使, 执行, 实施\nvi. 给予补偿\nn. 交纳, 打底",,,cet6-all source:ecdict cet4 cet6 cet6-core family:rendered family:renders family:rendering,3537
renew,ri'nju:,vt.,"vt. 使更新, 使恢复, 复兴, 修补, 补充, 继续, 重订, 重申, 续借\nvi. 更新, 重新开始",,,cet6-all source:ecdict cet4 cet6 family:renewed family:renewing family:renews,5526
renovation,.renәu'veiʃәn,n.,"n. 革新, 刷新, 修理\n[化] 改建",,,cet6-all source:ecdict cet6 family:renovations,7265
rent,rent,n.,"n. 租金, 房租, 出租物, 裂缝, 破裂处, 分裂\nvt. 租用, 租出\nvi. 出租\na. 分裂的, 破裂的\nrend的过去式和过去分词",,,cet6-all source:ecdict cet4 cet6 family:rents family:renting family:rented family:rent family:d,3433
repair,ri'pєә,n.,"n. 修理, 补救, 修复\nvt. 修理, 修补, 补救, 恢复, 补偿\nvi. 修理, 修补, 补救, 恢复, 去, 常去, 集合",,,cet6-all source:ecdict cet4 cet6 family:repairs family:repairing family:repaired,3874
repay,ri'pei,v.,"v. 偿还, 报答, 报复",,,cet6-all source:ecdict cet6 cet6-core family:repaid family:repaying family:repays,7971
repeal,ri'pi:l,n.,"n. 废止, 撤消\nvt. 废止, 撤消, 放弃",,,cet6-all source:ecdict cet6 family:repealed family:repealing family:repeals,9535
repeat,ri'pi:t,n.,"n. 重复, 反复\nvt. 重做, 重复, 复述, 使再现, 复制\nvi. 重复\n[计] 重复",,,cet6-all source:ecdict cet4 cet6 family:repeated family:repeating family:repeats,1602
repeatedly,ri'pi:tidli,adv.,"adv. 重复地, 再三地",,,cet6-all source:ecdict cet4 cet6,3245
repel,ri'pel,vt.,"vt. 逐退, 抵制, 使厌恶, 抗御\nvi. 使厌恶, 相互排斥",,,cet6-all source:ecdict cet6 cet6-core family:repelled family:repelling family:repels,11198
repent,ri'pent,vi.,"vi. 后悔, 懊悔, 忏悔\nvt. 后悔\na. 匍匐生根的",,,cet6-all source:ecdict cet4 cet6 family:repented family:repents family:repenting,16583
repertoire,'repәtwɑ:,n.,"n. 全部剧目, 全部技能, 全部节目, 全部作品",,,cet6-all source:ecdict cet6 cet6-core family:repertoires,7784
repetition,.repi'tiʃәn,n.,"n. 重复, 背诵, 循环, 复制品, 副本\n[机] 重复, 反复",,,cet6-all source:ecdict cet4 cet6 family:repetitions,5821
replace,ri'pleis,vt.,"vt. 代替, 替换, 放回, 归还\n[计] 替换; DOS外部命令:取代或更新文件",,,cet6-all source:ecdict cet4 cet6 family:replaced family:replacing family:replaces,1182
replacement,ri'pleismәnt,n.,"n. 归还, 更换, 代替者\n[医] 复位, 置换",,,cet6-all source:ecdict cet6 family:replacements,3656
reply,ri'plai,n.,"n. 答复, 回答, 答辩\nvi. 答复, 回答, 回击, 反响, 答辩\nvt. 回答\n[计] 答复",,,cet6-all source:ecdict cet4 cet6 family:replied family:replies family:replying,2219
reporter,ri'pɒ:tә,n.,"n. 记者, 报告者\n[化] 指示器",,,cet6-all source:ecdict cet4 cet6 family:reporters,1286
represent,.repri'zent,vt.,"vt. 表现, 表示, 描绘, 讲述, 代表, 象征, 回忆, 再赠送, 再上演\nvi. 提出异议",,,cet6-all source:ecdict cet4 cet6 cet6-core family:represented family:represents family:representing,687
representation,.reprizen'teiʃәn,n.,"n. 表示法, 表现, 陈述, 代表\n[计] 表示法指定",,,cet6-all source:ecdict cet6 family:representations,2908
representative,.repri'zentәtiv,n.,"n. 代表, 众议员, 典型\na. 描写的, 表现的, 代理的, 代表的, 代议制的, 典型的",,,cet6-all source:ecdict cet4 cet6 family:representatives,1976
reproach,ri'prәutʃ,n.,"n. 责备, 耻辱\nvt. 责备, 申斥, 使丢脸",,,cet6-all source:ecdict cet4 cet6 cet6-core family:reproached family:reproaches family:reproaching,18288
reproduce,.ri:prә'dju:s,v.,"v. 繁殖, 再生, 复制, 生殖\n[计] 复制",,,cet6-all source:ecdict cet4 cet6 family:reproduced family:reproducing family:reproduces,4987
reproduction,.ri:prә'dʌkʃәn,n.,"n. 再现, 复制, 生殖, 繁殖, 复制品\n[医] 生殖, 复现(心理)",,,cet6-all source:ecdict cet6 family:reproductions,5658
reptile,'reptail,n.,"n. 爬行动物, 爬虫, 卑鄙的人\na. 爬行的, 爬虫类的, 卑鄙的",,,cet6-all source:ecdict cet6 family:reptiles,10530
republic,ri'pʌblik,n.,"n. 共和国, 共和政体, 团体, 界",,,cet6-all source:ecdict cet4 cet6 family:republics,3709
republican,ri'pʌblikәn,n.,"n. 共和主义者, 共和党员\na. 共和政体的, 共和国的, 共和主义的",,,cet6-all source:ecdict cet4 cet6 family:republicans,594
reputation,.repju'teiʃәn,n.,"n. 名誉, 名声, 声望\n[法] 名声, 名誉, 公认证据",,,cet6-all source:ecdict cet4 cet6 cet6-core family:reputations,2411
request,ri'kwest,n.,"n. 请求, 需要, 申请书\nvt. 请求, 要求, 邀请\n[计] 请求",,,cet6-all source:ecdict cet4 cet6 family:requests family:requested family:requesting,2116
require,ri'kwaiә,vt.,"vt. 需要, 命令, 要求\n[法] 需要, 要求, 命令",,,cet6-all source:ecdict cet4 cet6 family:required family:requires family:requiring,446
requirement,ri'kwaiәmәnt,n.,"n. 需求, 必要条件, 要求\n[化] 要求; 合同要求",,,cet6-all source:ecdict cet4 cet6 family:requirements,1885
requisite,'rekwizit,n.,"n. 必需品, 要素, 必要物品\na. 必要的, 需要的",,,cet6-all source:ecdict cet6 family:requisites,12141
rescue,'reskju:,n.,"n. 援救, 解救, 营救\nvt. 援救, 救出, 营救",,,cet6-all source:ecdict cet4 cet6 family:rescued family:rescuing family:rescues,3815
research,ri'sә:tʃ,n.,"n. 研究, 调查, 考察\nvi. 研究, 调查",,,cet6-all source:ecdict cet4 cet6 family:researching family:researched family:researches,362
researcher,ri:'sә:tʃә,n.,n. 研究人员,,,cet6-all source:ecdict cet4 cet6 family:researchers,1177
resemblance,ri'zemblәns,n.,"n. 相似处, 类似, 肖像",,,cet6-all source:ecdict cet6 cet6-core family:resemblances,7553
resemble,ri'zembl,vt.,"vt. 相似, 类似",,,cet6-all source:ecdict cet4 cet6 family:resembles family:resembling family:resembled,3058
resent,ri'zent,vt.,"vt. 愤恨, 憎恶, 怨恨",,,cet6-all source:ecdict cet6 cet6-core family:resented family:resenting family:resents family:resent family:dp,6430
resentment,ri'zentmәnt,n.,"n. 怨恨, 愤恨",,,cet6-all source:ecdict cet6 family:resentments,5813
reservation,.rezә'veiʃәn,n.,"n. 保留, 预定, 保留品, 保留地\n[经] 预定, 预约, 权益保留",,,cet6-all source:ecdict cet4 cet6 cet6-core family:reservations,3046
reserve,ri'zә:v,n.,"n. 储备品, 贮量, 后备军, 自然保护区, 保留, 拘谨, 节制, 储备金\nvt. 保留, 保存, 预订, 延期, 推迟",,,cet6-all source:ecdict cet4 cet6 cet6-core family:reserves family:reserved family:reserving,3740
reservoir,'rezәvwɑ:,n.,"n. 贮水池, 贮藏处, 贮备, 水库\nvt. 储藏",,,cet6-all source:ecdict cet6 family:reservoirs,5907
reside,ri'zaid,vi.,"vi. 住, 居留, 属于\n[法] 居住",,,cet6-all source:ecdict cet6 cet6-core family:resides family:residing family:resided,5284
residence,'rezidәns,n.,"n. 住宅, 居留, 驻扎, 居住期间\n[医] 住房",,,cet6-all source:ecdict cet4 cet6 family:residences,3766
resident,'rezidәnt,n.,"n. 居民, 常驻程序, 居住者, 留鸟\na. 居留的, 定居的",,,cet6-all source:ecdict cet4 cet6 cet6-core family:residents,1254
residential,.rezi'denʃәl,adj.,"a. 住宅的, 与居住有关的\n[法] 有关居住的, 房产的:居所的, 适于居住的",,,cet6-all source:ecdict cet6 cet6-core,3828
residual,'rezidju:l,adj.,"a. 残渣的, 剩余的\nn. 残渣, 剩余, 余数",,,cet6-all source:ecdict cet6 family:residuals,7792
resign,ri'zain,vt.,"vt. 辞职, 放弃, 使顺从\nvi. 辞职, 屈从",,,cet6-all source:ecdict cet4 cet6 cet6-core family:resigned family:resigning family:resigns,3390
resignation,.rezig'neiʃәn,n.,"n. 辞职, 辞呈, 听从\n[经] 辞职",,,cet6-all source:ecdict cet4 cet6 family:resignations,5762
resist,ri'zist,v.,"v. 抵抗, 耐得住, 抵制, 反抗\nn. 防染材料",,,cet6-all source:ecdict cet4 cet6 family:resisted family:resisting family:resists,2470
resistance,ri'zistәns,n.,"n. 抵抗力, 反抗, 耐力, 阻力, 电阻\n[化] 抵抗; 抗性; 阻力; 抗药性; 电阻",,,cet6-all source:ecdict cet4 cet6 family:resistances,2226
resistant,ri'zistәnt,n.,"n. 抵抗者, 反抗者\na. 抵抗的, 反抗的, 耐...的",,,cet6-all source:ecdict cet4 cet6 cet6-core,6664
resolute,'rezәlu:t,n.,"n. 果断的人\na. 坚决的, 刚毅的, 毅然的",,,cet6-all source:ecdict cet6 family:resolutes,14975
resolution,.rezә'lu:ʃәn,n.,"n. 解析, 决心, 坚定, 决定, 决议, 消除, 解答, 分解\nn. 图形分辨率\n[计] 图形分辨率",,,cet6-all source:ecdict cet4 cet6 family:resolutions,1968
resolve,ri'zɒlv,vi.,"vi. 决定, 分解, 决心\nvt. 使分解, 解析, 解决, 消除, 决心\nn. 决定之事, 决心, 坚决",,,cet6-all source:ecdict cet4 cet6 cet6-core family:resolved family:resolving family:resolves,2242
resonance,'rezәnәns,n.,"n. 共鸣, 回声, 反响, 谐振, 共振\n[化] 共振; 共鸣",,,cet6-all source:ecdict cet6 family:resonances,7935
resort,ri'zɒ:t,n.,"n. 度假胜地, 手段, 凭借, 常去之地\nvi. 诉诸, 常去",,,cet6-all source:ecdict cet4 cet6 cet6-core family:resorts family:resorting family:resorted,2684
resource,ri'sɒ:s,n.,"n. 资源, 财力, 办法, 策略, 急智, 消遣\n[计] 资源",,,cet6-all source:ecdict cet4 cet6 family:resources family:resourced family:resourcing,769
respect,ri'spekt,n.,"n. 尊敬, 尊重, 问候\nvt. 尊敬, 注意, 遵守",,,cet6-all source:ecdict cet4 cet6 family:respects family:respected family:respecting,1554
respectable,ri'spektәbl,adj.,"a. 值得尊重的, 人格高尚的, 相当数量的\nn. 品格高尚的人",,,cet6-all source:ecdict cet6 family:respectables,7353
respectful,ri'spektful,adj.,"a. 表示尊敬的, 有礼貌的, 谦恭的",,,cet6-all source:ecdict cet4 cet6,8374
respective,ri'spektiv,adj.,"a. 分别的, 各自的",,,cet6-all source:ecdict cet4 cet6 cet6-core,5883
respectively,ri'spektivli,adv.,"adv. 各自地, 独自地, 个别地, 分别地",,,cet6-all source:ecdict cet4 cet6,3726
respond,ri'spɒnd,vt.,"vt. 以...回答\nvi. 回答, 响应, 回报, 有反应, 承担责任",,,cet6-all source:ecdict cet4 cet6 cet6-core family:responding family:responded family:responds,920
response,ri'spɒns,n.,"n. 反应, 回答, 响应\n[计] 应答",,,cet6-all source:ecdict cet4 cet6 cet6-core family:responses,725
responsibility,ri.spɒnsә'biliti,n.,"n. 责任, 职责, 负担, 可靠性\n[化] 职责",,,cet6-all source:ecdict cet4 cet6 family:responsibilities,1067
responsible,ri'spɒnsәbl,adj.,"a. 有责任的, 负责的, 责任重大的\n[法] 应负责任的, 有责任的, 能履行责任的",,,cet6-all source:ecdict cet4 cet6 cet6-core,1365
restless,'restlis,adj.,"a. 不安静的, 慌张的, 休息不充分的\n[医] 不安静的, 不宁的",,,cet6-all source:ecdict cet4 cet6,7303
restore,ri'stɒ:,vt.,"vt. 回复, 恢复, 归还, 修补, 修复\nvt. 还原\nvi. 还原\n[计] 还原; DOS外部命令:从备份盘中取回文件",,,cet6-all source:ecdict cet4 cet6 cet6-core family:restored family:restoring family:restores,2543
restrain,ri'strein,vt.,"vt. 抑制, 阻止, 束缚\n[法] 抑制, 遏制, 制止",,,cet6-all source:ecdict cet4 cet6 cet6-core family:restrained family:restraining family:restrains,6825
restraint,ri'streint,n.,"n. 抑制, 克制, 束缚\n[医] 约束, 拘束",,,cet6-all source:ecdict cet4 cet6 cet6-core family:restraints,5419
restrict,ri'strikt,vt.,"vt. 限制, 限定, 约束\n[医] 限制",,,cet6-all source:ecdict cet4 cet6 cet6-core family:restricted family:restricting family:restricts,3539
restriction,ri'strikʃәn,n.,"n. 限制, 限定, 约束\n[计] 限定",,,cet6-all source:ecdict cet4 cet6 family:restrictions,3127
result,ri'zʌlt,n.,"n. 结果, 成绩, 答案\nvi. 产生, 结果, 致使\n[计] 结果",,,cet6-all source:ecdict cet4 cet6 family:results family:resulted family:resulting,354
resultant,ri'zʌltәnt,adj.,"a. 结果的, 合成的\nn. 结果, 合力, 生成物",,,cet6-all source:ecdict cet6 cet6-core family:resultants,14064
resume,ri'zju:m,vt.,"vt. 重新开始, 取回, 恢复\nvi. 再开始\nn. 摘要, 个人简历\n[计] 继续执行",,,cet6-all source:ecdict cet4 cet6 cet6-core family:resumed family:resuming family:resumes,3780
retail,'ri:teil,n.,"n. 零售\na. 零售的\nvt. 零售, 详述, 传播\nvi. 零售",,,cet6-all source:ecdict cet4 cet6 family:retailing family:retails family:retailed,3479
retain,ri'tein,vt.,"vt. 保持, 保有, 留住, 记得, 付定金聘请\n[经] 保留, 留存",,,cet6-all source:ecdict cet4 cet6 cet6-core family:retained family:retains family:retaining,2724
retard,ri'tɑ:d,n.,"n. 阻止, 延迟\nvt. 妨碍, 延迟, 使减速\nvi. 减速, 延迟",,,cet6-all source:ecdict cet6 family:retarding family:retards family:retarded,17082
retell,ri:'tel,vt.,"vt. 再讲, 重复, 重说",,,cet6-all source:ecdict cet4 cet6 family:retelling family:retells family:retold,19549
retention,ri'tenʃәn,n.,"n. 保持, 留置, 保留, 保持力, 保留物, 记忆, 停滞, 固位\n[计] 保贸, 保持",,,cet6-all source:ecdict cet6 cet6-core family:retentions,6542
retire,ri'taiә,n.,"n. 隐居\nvi. 引退, 退役, 退休, 退去, 撤退, 退却\nvt. 使...撤退, 辞退",,,cet6-all source:ecdict cet4 cet6 family:retired family:retiring family:retires,2301
retirement,ri'taiәmәnt,n.,"n. 退休, 隐居, 撤退\n[经] 退休, 退股, (固定资产)报废",,,cet6-all source:ecdict cet6 family:retirements,2442
retort,ri'tɒ:t,n.,"n. 反驳, 顶嘴, 蒸馏器, 曲颈甑\nvi. 反驳, 回嘴, 反击\nvt. 反击, 反驳, 蒸馏",,,cet6-all source:ecdict cet6 cet6-core family:retorted family:retorts family:retorting,13847
retreat,ri'tri:t,n.,"n. 休息寓所, 撤退, 隐居, 退避\nvi. 撤退, 隐退, 向后倾\nvt. 退(棋)",,,cet6-all source:ecdict cet4 cet6 family:retreated family:retreating family:retreats,4787
retrieve,ri'tri:v,vt.,"vt. 取回, 挽回, 弥补, 恢复, 补偿, 回忆, 检索\nvi. 找回猎物\nn. 取回, 恢复, 救险球\n[计] 检索",,,cet6-all source:ecdict cet4 cet6 cet6-core family:retrieved family:retrieving family:retrieves,4952
retrospect,'retrәspekt,n.,"n. 回顾, 追忆, 回溯\nv. 回顾, 追忆",,,cet6-all source:ecdict cet6 cet6-core family:retrospects family:retrospecting family:retrospected,8344
reunion,ri:'ju:njәn,n.,"n. 团圆, 重聚\n[医] 再连合, 复连[合]",,,cet6-all source:ecdict cet6 cet6-core family:reunions,6067
reveal,ri'vi:l,vt.,"vt. 露出, 显示, 透露, 揭露, 泄露, (神)启示\nn. 窗侧, 门侧",,,cet6-all source:ecdict cet4 cet6 cet6-core family:revealed family:reveals family:revealing,927
revelation,.revi'leiʃәn,n.,"n. 揭露, 泄露, 发觉, 默示, 启示",,,cet6-all source:ecdict cet6 cet6-core family:revelations,4184
revenge,ri'vendʒ,n.,"n. 报仇, 复仇, 报复\nvt. 报仇, 报复",,,cet6-all source:ecdict cet4 cet6 cet6-core family:revenged family:revenges family:revenging,5280
revenue,'revinju:,n.,"n. 收入, 岁入, 税收, 税务局\n[经] 岁入, 税收, 税务局",,,cet6-all source:ecdict cet4 cet6 cet6-core family:revenues,1681
reverse,ri'vә:s,n.,"n. 相反, 背面, 倒退, 挫折, 失败\na. 反面的, 相反的, 反向的, 颠倒的\nvt. 使颠倒, 使逆转, 使倒退, 使反向\nvi. 倒退, 反向, 倒转, 反转\n[计] 反转",,,cet6-all source:ecdict cet4 cet6 cet6-core family:reversed family:reversing family:reverses,3497
review,ri'vju:,n.,"n. 检讨, 复习, 回顾, 检阅, 评论\nvt. 温习, 检讨, 评论, 再检察, 复审\nvi. 复习功课, 写评论",,,cet6-all source:ecdict cet4 cet6 family:reviewed family:reviews family:reviewing,1384
revise,ri'vaiz,n.,"n. 校订, 修正, 改样\nvt. 校订, 修正, 校正",,,cet6-all source:ecdict cet4 cet6 family:revised family:revising family:revises,5829
revision,ri'viʒәn,n.,"n. 校订, 修正, 修订本, 修订版\n[计] 修订版",,,cet6-all source:ecdict cet6 family:revisions,5994
revive,ri'vaiv,vt.,"vt. 使苏醒, 使复兴, 使振奋, 回想起, 重播\nvi. 苏醒, 复活, 复兴, 恢复精神",,,cet6-all source:ecdict cet6 cet6-core family:revived family:reviving family:revives,5278
revolt,ri'vәult,n.,"n. 叛乱, 反抗, 反感\nvi. 叛乱, 反抗, 起义, 厌恶, 反感\nvt. 使反感, 使恶心",,,cet6-all source:ecdict cet4 cet6 family:revolts family:revolted family:revolting,8955
revolution,.revә'lu:ʃәn,n.,"n. 革命, 大变革, 旋转, 转数, 循环\n[化] 回转",,,cet6-all source:ecdict cet4 cet6 family:revolutions,2753
revolutionary,.revә'lu:ʃәnәri,n.,"n. 革命者, 革命党人\na. 革命的, 革命性的",,,cet6-all source:ecdict cet4 cet6 cet6-core family:revolutionaries,4014
revolve,ri'vɒlv,v.,"v. (使)旋转, 反复考虑, 循环出现",,,cet6-all source:ecdict cet6 cet6-core family:revolves family:revolved family:revolving,7394
reward,ri'wɒ:d,n.,"n. 报酬, 酬谢, 赏金\nvt. 奖赏, 酬谢, 给...应有报应",,,cet6-all source:ecdict cet4 cet6 cet6-core family:rewards family:rewarded family:rewarding,3392
rhythm,'riðәm,n.,"n. 旋律, 节奏, 韵律, 匀称, 张弛节律\n[医] 节律",,,cet6-all source:ecdict cet4 cet6 cet6-core family:rhythms,3280
rib,rib,n.,"n. 肋骨, 肋状物, 笑话\nvt. 装肋状物于, 戏弄",,,cet6-all source:ecdict cet4 cet6 family:ribs family:ribbing family:ribbed,4568
ribbon,'ribәn,n.,"n. 缎带, 色带, 带状物\nvt. 用丝带装饰, 把...撕成条状\nvi. 形成带状\n[计] 带状条, 格式栏",,,cet6-all source:ecdict cet4 cet6 family:ribbons family:ribboning,4838
rid,rid,vt.,"vt. 免除, 以...清除, 使获自由, 使摆脱\n[法] 免除, 清除, 摆脱",,,cet6-all source:ecdict cet4 cet6 family:rid family:dp family:ridding family:rids,3041
riddle,'ridl,n.,"n. 谜, 谜语, 粗筛\nvt. 解谜, 给...出谜, 筛, 寻根究底地检验, 充满于\nvi. 出谜",,,cet6-all source:ecdict cet4 cet6 family:riddled family:riddles family:riddling,11712
rider,'raidә,n.,"n. 骑手, (文件后的)附件, 扶手\n[化] 游码",,,cet6-all source:ecdict cet4 cet6 family:riders,3824
ridge,ridʒ,n.,"n. 脊, 山脊, 山脉\n[医] 嵴, 脊, 棱线",,,cet6-all source:ecdict cet4 cet6 family:ridges family:ridging family:ridged,4853
ridicule,'ridikju:l,n.,"n. 嘲笑, 愚弄, 笑柄\nvt. 嘲笑, 嘲弄, 愚弄",,,cet6-all source:ecdict cet6 family:ridiculed family:ridiculing family:ridicules,10051
ridiculous,ri'dikjulәs,adj.,"a. 荒谬的, 可笑的",,,cet6-all source:ecdict cet4 cet6 cet6-core,4043
rifle,'raifl,n.,"n. 来复枪, 步枪\nvt. 用步枪射击, 抢夺\nvi. (抱有不良意图)迅速翻查",,,cet6-all source:ecdict cet4 cet6 family:rifles family:rifled family:rifling,3065
rig,rig,n.,"n. 装备, 帆装\nvt. 装配, 装扮, 给船装帆, 垄断, 操纵",,,cet6-all source:ecdict cet6 cet6-core family:rigs family:rigged family:rigging,8285
rigid,'ridʒid,adj.,"a. 坚硬的, 刚性的, 严格的, 精密的, 刻板的",,,cet6-all source:ecdict cet4 cet6,5469
rigorous,'rigәrәs,adj.,"a. 严厉的, 严酷的, 严格的, 苛刻的, 严密的, 精确的",,,cet6-all source:ecdict cet6 cet6-core,6606
rim,rim,n.,"n. 边, 轮缘, 框\nvt. 镶边, 为...装边\nvi. 形成边缘",,,cet6-all source:ecdict cet6 cet6-core family:rims family:rimmed family:rimming,4602
rinse,rins,n.,"n. 清洗, 染发, 染发剂\nvt. 以清水冲洗, 漱, 漂清\nvi. 被漂净",,,cet6-all source:ecdict cet6 family:rinsed family:rinsing family:rinses,7024
riot,'raiәt,n.,"n. 暴动, 喧闹, 放纵\nvi. 发动, 暴动, 纵情, 放荡\nvt. 浪费, 挥霍",,,cet6-all source:ecdict cet6 family:riots family:rioted family:rioting,4848
rip,rip,n.,"n. 裂痕, 破绽, 拉裂, 浪子, 巨浪\nvi. 被拉开, 裂开, 猛冲\nvt. 撕, 扯, 劈",,,cet6-all source:ecdict cet6 cet6-core family:ripped family:ripping family:rips,3572
ripe,raip,adj.,"a. 成熟的, 熟练的, 成年的\n[医] 成熟的",,,cet6-all source:ecdict cet4 cet6 family:ripest family:riper,6068
ripen,'raipәn,vt.,vt. 使成熟\nvi. 成熟,,,cet6-all source:ecdict cet4 cet6 family:ripening family:ripens family:ripened,14750
ripple,'ripl,n.,"n. 涟波, 涟漪, 波纹, 粗钢梳\nvt. 使起涟漪\nvi. 起微波, 起潺潺声",,,cet6-all source:ecdict cet6 family:ripples family:rippled family:rippling,8123
rise,raiz,n.,"n. 上升, 增加, 上涨, 高地, 升高, 出现\nvi. 升起, 起身, 起立, 上升, 上涨, 增长, 高耸, 起义, 浮现\nvt. 使飞起",,,cet6-all source:ecdict cet4 cet6 family:rose family:rising family:risen family:rises,727
risk,risk,n.,"n. 冒险, 危险, 保险额\nvt. 冒...的危险, 冒险干",,,cet6-all source:ecdict cet4 cet6 family:risks family:risking family:risked,650
ritual,'ritʃuәl,n.,"n. 仪式, 典礼, 宗教仪式\na. 仪式的, 依仪式进行的",,,cet6-all source:ecdict cet6 cet6-core family:rituals,3404
rival,'raivl,n.,"n. 对手, 竞争者\na. 竞争的",,,cet6-all source:ecdict cet4 cet6 cet6-core family:rivals family:rivalled family:rivalling,4346
roam,rәum,v.,"v. 漫游, 闲逛, 徜徉\nn. 漫步, 漫游",,,cet6-all source:ecdict cet6 family:roaming family:roamed family:roams,6175
roar,rɒ:,n.,"n. 吼, 咆哮, 轰鸣\nvi. 吼, 大声说出, 叫喊, 喧闹\nvt. 呼喊, 使轰鸣",,,cet6-all source:ecdict cet4 cet6 family:roared family:roaring family:roars,5275
roast,rәust,n.,"n. 烤肉, 烘烤, 嘲笑\na. 烘烤的, 烤过的\nvt. 烤, 炙, 烘焙, 嘲笑\nvi. 烤, 炙, 烘焙",,,cet6-all source:ecdict cet4 cet6 family:roasting family:roasted family:roasts family:roaster,7679
rob,rɒb,v.,"v. 抢夺, 抢掠, 剥夺",,,cet6-all source:ecdict cet4 cet6 family:robbed family:robbing family:robs,5071
robber,'rɒbә,n.,"n. 强盗, 盗贼",,,cet6-all source:ecdict cet4 cet6 family:robbers,9557
robbery,'rɒbәri,n.,"n. 抢掠, 抢夺\n[法] 强盗, 抢劫, 劫掠",,,cet6-all source:ecdict cet4 cet6 family:robberies,6012
robe,rәub,n.,"n. 宽松长袍, 礼服, 披肩, 覆盖物\nv. (给)穿长袍",,,cet6-all source:ecdict cet4 cet6 family:robes family:robed family:robing,5241
robot,'rәubәt,n.,"n. 机械人, 自动机械, 机械般工作的人\n[计] 机器人; 自动机",,,cet6-all source:ecdict cet4 cet6 family:robots,4523
robust,rәu'bʌst,adj.,"a. 健康的, 强健的, 要用力气的, 坚定的, 粗野的\n[计] 健壮性",,,cet6-all source:ecdict cet6 cet6-core family:robuster,6419
rock,rɒk,n.,"n. 岩石, 岩礁, 石头, 基石, 暗礁, 摇动, 摇滚乐\nvt. 摇摆, 摇动, 使摇晃, 使动摇\nvi. 摇, 摇动",,,cet6-all source:ecdict cet4 cet6 family:rocks family:rocking family:rocked,869
rocket,'rɒkit,n.,"n. 火箭, 烟火\nvi. 急升, 猛涨, 飞驰\nvt. 用火箭运载",,,cet6-all source:ecdict cet4 cet6 family:rockets family:rocketed family:rocketing,4094
rod,rɒd,n.,"n. 竿, 笞鞭, 小枝\n[化] 棒",,,cet6-all source:ecdict cet4 cet6 family:rods family:rodding,4575
role,rәul,n.,"n. 角色, 职责, 任务\n[医] 作用, 功用",,,cet6-all source:ecdict cet4 cet6 family:roles,451
roll,rәul,n.,"n. 卷, 滚动, 名单, 案卷, 压路机\nvi. 滚, 滚动, 飘流, 起伏, 卷, 绕\nvt. 使滚动, 卷, 绕",,,cet6-all source:ecdict cet4 cet6 family:rolled family:rolls family:rolling,1249
roller,'rәulә,n.,"n. 滚筒, 滚轴, 压路机\n[化] 滚柱; 托辊",,,cet6-all source:ecdict cet4 cet6 family:rollers family:rollered family:rollering,6161
roman,'rәumәn,n.,"n. 罗马人\na. 罗马人的, 罗马的",,,cet6-all source:ecdict cet4 cet6 family:romans,3507
romance,rәu'mæns,n.,"n. 冒险故事, 浪漫史, 传奇文学\nvi. 写传奇, 作空想, 虚构",,,cet6-all source:ecdict cet6 cet6-core family:romances family:romancing family:romanced,4016
romantic,rәu'mæntik,adj.,"a. 浪漫的, 风流的, 传奇性的, 夸大的, 空想的, 浪漫派的",,,cet6-all source:ecdict cet4 cet6 family:romantics,3135
roof,ru:f,n.,"n. 屋顶, 室顶\nvt. 给...盖屋顶, 遮蔽",,,cet6-all source:ecdict cet4 cet6 family:roofs family:roofed family:roofing,2135
rooster,'ru:stә,n.,"n. 公鸡, 栖息的鸟\n[机] 炉篦",,,cet6-all source:ecdict cet6 family:roosters,11564
root,ru:t,n.,"n. 根, 根本, 根源, 基础, 底部\nvt. 使扎根, 使固定, 根除, 肃清, 搜出, 用鼻拱\nvi. 生根, 固定, 源于, 用鼻拱土, 寻找, 捧场, 支持",,,cet6-all source:ecdict cet4 cet6 family:roots family:rooted family:rooting,1734
rope,rәup,n.,"n. 绳, 索, 粗绳, 绞索, 决窍\nvt. 捆, 缚, 绑, 圈起, 以绳将...系住\nvi. 拧成绳状",,,cet6-all source:ecdict cet4 cet6 family:ropes family:roped family:roping,3309
rose,rәuz,n.,"n. 玫瑰, 蔷薇, 玫瑰色\na. 玫瑰色的, 玫瑰花的\nvt. 使成玫瑰色\nrise的过去式",,,cet6-all source:ecdict cet4 cet6 family:rise family:pd family:roses,23633
rot,rɒt,n.,"n. 腐烂, 腐蚀, 败坏\nvi. 腐烂, 烂, 堕落, 憔悴\nvt. 使腐烂, 使腐朽, 使堕落",,,cet6-all source:ecdict cet4 cet6 cet6-core family:rotted family:rotting family:rots,9603
rotary,'rәutәri,adj.,"a. 旋转的, 轮流的\nn. 旋转式机器",,,cet6-all source:ecdict cet4 cet6 cet6-core family:rotaries,12580
rotate,'rәuteit,adj.,"a. 辐状的\nvt. 使旋转, 使转动, 使轮流\nvi. 旋转, 循环\n[计] 旋转",,,cet6-all source:ecdict cet4 cet6 family:rotating family:rotated family:rotates,5483
rotation,rәu'teiʃәn,n.,"n. 旋转, 循环, 轮流\n[计] 旋转",,,cet6-all source:ecdict cet4 cet6 family:rotations,5230
rotten,'rɒtn,adj.,"a. 腐烂的, 恶臭的, 堕落的, 风化的, 虚弱的\n[经] 腐烂的, 堕落的",,,cet6-all source:ecdict cet4 cet6,8385
rough,rʌf,n.,"n. 粗糙的东西, 毛坯, 未加工品, 梗概, 草图, 暴徒, 艰难\na. 粗糙的, 粗暴的, 蓬乱的, 草率的, 大致的, 简陋的, 暴风雨的, 艰难的\nvt. 使粗糙, 使不平, 使蓬乱, 粗制, 草拟, 粗暴对待, 对...动粗\nvi. 变粗糙\nadv. 粗糙地, 粗暴地",,,cet6-all source:ecdict cet4 cet6 family:rougher family:roughest family:roughed family:roughs family:roughing,2627
roughly,'rʌfli,adv.,"adv. 概略地, 粗糙地, 粗暴地",,,cet6-all source:ecdict cet4 cet6,2657
roundabout,'raundә.baut,adj.,"a. 迂回的, 委婉的\nn. 迂回路线",,,cet6-all source:ecdict cet6 family:roundabouts,21821
rouse,rauz,n.,"n. 觉醒, 奋起, 干杯\nvt. 唤醒, 鼓舞, 激动, 使振奋, 惊起\nvi. 醒来, 奋起",,,cet6-all source:ecdict cet4 cet6 family:roused family:rousing family:rouses,10921
route,ru:t,n.,"n. 路径, 途径, 路线\nvt. 确定路线, 按规定路线发送\n[计] 传递, 路由设定程序",,,cet6-all source:ecdict cet4 cet6 family:routes family:routing family:routed,1946
routine,ru:'ti:n,n.,"n. 常规, 日常工作, 惯例, 例行公事\na. 日常的, 常规的\n[计] 例程",,,cet6-all source:ecdict cet4 cet6 cet6-core family:routines,2585
row,rәu. rau,n.,"n. 排, 行, 街道, 划船, 吵闹\nvt. 使成排, 划, 划船, 参加(赛船), 痛骂\nvi. 划船, 划动, 争吵\n[计] 行",,,cet6-all source:ecdict cet4 cet6 family:rows family:rowed family:rowing,1843
royal,'rɒiәl,n.,"n. 王室, 皇族\na. 王室的, 皇家的, 盛大的, 庄严的",,,cet6-all source:ecdict cet4 cet6 family:royals,4306
royalty,'rɒiәlti,n.,"n. 皇室, 王族成员, 王权, 特权阶层, 庄严\n[经] 特许权, 使用费, 使用税",,,cet6-all source:ecdict cet6 cet6-core family:royalties,6908
rub,rʌb,n.,"n. 摩擦, 困难, 障碍, 磨损处\nvt. 擦, 搓, 摩擦, 惹怒\nvi. 摩擦, 擦破",,,cet6-all source:ecdict cet4 cet6 family:rubbed family:rubbing family:rubs,2875
rubber,'rʌbә,n.,"n. 橡皮, 橡胶, 做摩擦动作的人, 按摩师, 决胜盘\nvt. 用橡胶制造, 涂橡胶于",,,cet6-all source:ecdict cet4 cet6 family:rubbers family:rubbering family:rubbered,4791
rubbish,'rʌbiʃ,n.,"n. 废物, 垃圾, 胡说",,,cet6-all source:ecdict cet4 cet6 family:rubbished family:rubbishing family:rubbishes,14955
ruby,'ru:bi,n.,"n. 红宝石, 深红色\na. 红宝石色的, 深红色的\nvt. 使带红宝石色",,,cet6-all source:ecdict cet6 family:rubies,37798
rude,ru:d,adj.,"a. 粗鲁无礼的, 粗陋的, 粗暴的, 原始的, 未开化的, 大略的, 崎岖不平的, 狂暴的",,,cet6-all source:ecdict cet4 cet6 family:ruder family:rudest,6718
rug,rʌg,n.,"n. 小块地毯, 揭露某人",,,cet6-all source:ecdict cet4 cet6 family:rugs,5095
ruin,ruin,n.,"n. 毁灭, 推翻, 废墟\nvi. 毁灭, 衰败, 破坏, 破产, 堕落\nvt. 使毁灭, 毁坏, 使破产",,,cet6-all source:ecdict cet4 cet6 cet6-core family:ruins family:ruining family:ruined,4197
rule,ru:l,n.,"n. 规则, 统治, 控制, 支配, 规律, 标准, 章程, 破折号, 铅线\nvt. 规定, 统治, 管理, 控制, 支配, 裁决\nvi. 统治, 管辖, 裁定\n[计] 规则, 水线",,,cet6-all source:ecdict cet4 cet6 family:rules family:ruled family:ruling,633
ruler,'ru:lә,n.,"n. 统治者, 管理者, 尺, 直尺\nn. 划线板\n[计] 标尺",,,cet6-all source:ecdict cet4 cet6 family:rulers,5552
rumour,'ru:mә,n.,"n. 谣言, 传闻\nvt. 谣传",,,cet6-all source:ecdict cet4 cet6 family:rumours family:rumoured family:rumouring,
runner,'rʌnә,n.,"n. 跑步者, 赛跑者, 送信人, 走私船, 操作者, 滑槽\n[化] 碾碎机; 压碎机",,,cet6-all source:ecdict cet4 cet6 family:runners,4214
rupture,'rʌptʃә,n.,"n. 破裂, 断裂, 裂开, 决裂, 不和\nv. (使)破裂",,,cet6-all source:ecdict cet6 cet6-core family:ruptured family:rupturing family:ruptures,13956
rural,'ruәrәl,adj.,"a. 乡下的, 田园的, 乡村风味的\n[法] 农村的, 乡村的, 有关农业的",,,cet6-all source:ecdict cet4 cet6,2006
rush,rʌʃ,n.,"n. 匆促, 冲进, 急流, 灯心草\nvi. 冲, 奔, 闯, 赶紧, 匆促行事, 涌现\nvt. 使冲, 匆忙地做, 突袭, 飞跃, 用灯心草做\na. 紧急的",,,cet6-all source:ecdict cet4 cet6 family:rushing family:rushed family:rushes,1956
rust,rʌst,n.,"n. 锈, 生锈, 衰退\nvi. 生锈, 衰退\nvt. 使生锈, 腐蚀",,,cet6-all source:ecdict cet4 cet6 family:rusting family:rusted family:rusts,10260
rusty,'rʌsti,adj.,"a. 生锈的, 腐蚀的, 生疏的, 顽固的, 腐烂的\n[医] 锈色的",,,cet6-all source:ecdict cet4 cet6 family:rustiest family:rustier,9614
ruthless,'ru:θlis,adj.,"a. 无情的, 残忍的, 毫不留情的, 彻底的\n[法] 无情的, 残忍的",,,cet6-all source:ecdict cet6,9398
sack,sæk,n.,"n. 麻布袋, 洗劫\nvt. 把...装入袋, 洗劫",,,cet6-all source:ecdict cet4 cet6 family:sacked family:sacks family:sacking,4467
sacred,'seikrid,adj.,"a. 神圣的, 献给上帝的, 庄严的, 祭祀的\n[法] 神圣的, 不可侵犯的",,,cet6-all source:ecdict cet4 cet6 cet6-core,3338
sacrifice,'sækrifais,n.,"n. 牺牲, 供奉, 祭品\nvt. 牺牲, 祭祀, 贱卖\nvi. 献祭",,,cet6-all source:ecdict cet4 cet6 cet6-core family:sacrifices family:sacrificed family:sacrificing,4068
saddle,'sædl,n.,"n. 鞍, 马鞍, 车座, 鞍状物\nvt. 装以马鞍, 使负担\nvi. 跨上马鞍",,,cet6-all source:ecdict cet4 cet6 family:saddled family:saddles family:saddling,6217
sadly,'sædli,adv.,"adv. 悲痛地, 悲惨地, 悲伤地, 说来遗憾",,,cet6-all source:ecdict cet4 cet6,5717
sadness,'sædnis,n.,"n. 悲哀, 悲伤",,,cet6-all source:ecdict cet4 cet6 family:sadnesses,5506
safe,seif,n.,"n. 保险箱, 冷藏室\na. 安全的, 可靠的, 平安的, 稳健的, 有把握的",,,cet6-all source:ecdict cet4 cet6 family:safer family:safest family:safes,1058
safeguard,'seifgɑ:d,n.,"n. 保卫, 保护措施, 防护设施\nvt. 保卫, 保护",,,cet6-all source:ecdict cet6 cet6-core family:safeguards family:safeguarding family:safeguarded,9121
safely,'seifli,adv.,"adv. 安全地, 确实地",,,cet6-all source:ecdict cet4 cet6,4266
safety,'seifti,n.,"n. 安全, 保险, 平安, 保安设备\nvt. 保护, 防护",,,cet6-all source:ecdict cet4 cet6,1132
sail,seil,n.,"n. 帆, 篷, 帆船, 航程, 帆状物\nvi. 航行, 启航, 张帆而行\nvt. 航行于, 驾船",,,cet6-all source:ecdict cet4 cet6 family:sailing family:sailed family:sails,4124
sailor,'seilә,n.,"n. 水手, 船员, 海员\n[法] 水手, 船员, 海员",,,cet6-all source:ecdict cet4 cet6 family:sailors,5030
saint,seint,n.,"n. 圣徒, 圣人\na. 神圣的\n[计] 自动积分程序符号",,,cet6-all source:ecdict cet4 cet6 family:saints family:sainting family:sainted,4582
sake,seik,n.,"n. 目的, 缘故, 理由",,,cet6-all source:ecdict cet4 cet6 cet6-core family:sakes,3325
salad,'sælәd,n.,n. 色拉,,,cet6-all source:ecdict cet4 cet6 family:salads,2773
salary,'sælәri,n.,n. 薪水\nvt. 给...加薪,,,cet6-all source:ecdict cet4 cet6 family:salaries,2455
sale,seil,n.,"n. 出售, 卖, 拍卖, 销售额, 廉价出售\n[经] 卖, 出售; 销售(货)",,,cet6-all source:ecdict cet4 cet6,2234
salesman,'seilzmәn,n.,"n. 售货员, 推销员\n[经] 售货员, 店员, 推销员",,,cet6-all source:ecdict cet4 cet6 family:salesmen,5573
salmon,'sæmәn,n.,"n. 鲑鱼, 大麻哈鱼\n[医] 鲑",,,cet6-all source:ecdict cet6 family:salmons,3406
salt,sɒ:lt,n.,"n. 盐, 风趣, 刺激\na. 含盐的, 咸的, 风趣的, 辛辣的\nvt. 加盐于, 用盐腌",,,cet6-all source:ecdict cet4 cet6 family:salts family:salted family:salting,1571
salute,sә'lu:t,vi.,"vi. 行礼, 致意, 问候, 放礼炮\nvt. 向...致意, 迎接, 赞扬\nn. 招呼, 敬礼, 礼炮",,,cet6-all source:ecdict cet4 cet6 cet6-core family:saluted family:salutes family:saluting,8974
salvation,sæl'veiʃә,n.,"n. 拯救, 救助, 救世",,,cet6-all source:ecdict cet6 cet6-core,5519
sample,'sæmpl,n.,"n. 样品, 范例, 样本\nvt. 抽样, 尝试\n[计] 示例, 字样",,,cet6-all source:ecdict cet4 cet6 cet6-core family:samples family:sampled family:sampling,1311
sanction,'sæŋkʃәn,n.,"n. 核准, 制裁, 处罚, 约束力\nvt. 制定制裁规则, 认可, 核准, 同意",,,cet6-all source:ecdict cet6 cet6-core family:sanctions family:sanctioned family:sanctioning,3217
sand,sænd,n.,"n. 沙, 沙子, 沙滩, 光阴, 生涯\nvt. 撒沙, 以沙掩盖",,,cet6-all source:ecdict cet4 cet6 family:sands family:sanding family:sanded,2205
sandwich,'sændwitʃ,n.,"n. 三明治, 夹心面包, 夹层板\nvt. 插入, 夹入, 把...制成三明治",,,cet6-all source:ecdict cet4 cet6 family:sandwiches family:sandwiched family:sandwiching,3529
sandy,'sændi,adj.,"a. 沙的, 沙地的, 多沙的",,,cet6-all source:ecdict cet4 cet6 family:sandier,6261
sardine,sɑ:'di:n,n.,n. 沙丁鱼,,,cet6-all source:ecdict cet6 family:sardines family:sardined,15458
satellite,'sætlait,n.,"n. 人造卫星\n[医] 伴行静脉, 陪静脉, 陪病部, 随体, 卫星",,,cet6-all source:ecdict cet4 cet6 family:satellites,2632
satisfaction,.sætis'fækʃәn,n.,"n. 满足, 满意, 快事, 赔偿, 赎罪, 报仇的机会\n[经] 偿还, 赎回",,,cet6-all source:ecdict cet4 cet6 family:satisfactions,2779
satisfactorily,.sætis'fæktәrili,adv.,adv. 令人满意地,,,cet6-all source:ecdict cet6,17786
satisfactory,.sætis'fæktәri,adj.,"a. 满意的, 赎罪的\n[法] 令人满意的, 令当事人满意的, 充分的",,,cet6-all source:ecdict cet4 cet6,8301
satisfy,'sætisfai,vt.,"vt. 使满意, 满足, 符合, 使确信, 赔偿\nvi. 令人满意, 替人赎罪",,,cet6-all source:ecdict cet4 cet6 family:satisfies family:satisfied family:satisfying,3001
saturate,'sætʃәreit,vt.,"vt. 使渗透, 浸透, 使充满, 使饱和\na. 浸透的, 饱和度高的, 深颜色的\nn. 饱和化合物, 饱和脂肪酸",,,cet6-all source:ecdict cet6 cet6-core family:saturated family:saturating family:saturates,11157
saturation,.sætʃә'reiʃәn,n.,"n. 饱和, 渗透, 浸透, 色饱和度\n[计] 饱和度",,,cet6-all source:ecdict cet6 family:saturations,13581
saturn,'sætәn,n.,n. 土星,,,cet6-all source:ecdict cet6,
sauce,sɒ:s,n.,"n. 酱油, 调味汁, 酱\nvt. 给...调味, 使增加趣味",,,cet6-all source:ecdict cet4 cet6 family:sauces family:sauced family:saucing,2289
saucer,'sɒ:sә,n.,"n. 茶碟, 茶托\n[医] 碟",,,cet6-all source:ecdict cet4 cet6 family:saucers,10769
sausage,'sɒsidʒ,n.,"n. 香肠, 腊肠",,,cet6-all source:ecdict cet4 cet6 family:sausages,6199
savage,'sævidʒ,adj.,"a. 未开化的, 野蛮的, 无礼的, 残酷的, 原始的, 粗鲁的, 未开发的\nvt. 用暴力对付, 凶猛攻击\nn. 原始人, 粗鲁人",,,cet6-all source:ecdict cet6 cet6-core family:savages family:savaged family:savaging,10011
save,seiv,n.,"n. 救球\nvt. 解救, 挽救, 储蓄, 保存, 节省, 保留\nvi. 挽救, 节省, 救球\nprep. 除...之外\n[计] 保存",,,cet6-all source:ecdict cet4 cet6 family:saved family:saving family:saves,735
saving,'seiviŋ,n.,"n. 存款, 挽救, 节约\na. 搭救的, 节约的, 保留的, 补偿的\nprep. 除...之外",,,cet6-all source:ecdict cet4 cet6 family:save family:i family:savings family:saving,2193
saw,sɒ:,n.,"n. 锯子, 谚语\nvt. 锯, 锯开, 来回移动\nvi. 拉锯, 移动\nsee的过去式",,,cet6-all source:ecdict cet4 cet6 family:see family:p family:sawing family:saws family:sawn family:sawed,7433
scale,skeil,n.,"n. 刻度, 衡量, 比例, 比例尺, 数值范围, 等级, 规模, 天平, 秤, 鳞, 积垢\nvt. 依比例决定, 攀登, 测量, 绘制, 刮鳞, 使生垢, 过秤\nvi. 剥落, 生水垢, 重量为, 攀登, 衡量\n[计] 刻度",,,cet6-all source:ecdict cet4 cet6 cet6-core family:scales family:scaled family:scaling,1223
scan,skæn,n.,"n. 审视, 浏览, 扫描, 细查\nvt. 细看, 浏览, 扫描, 详细调查, 标出格律\nvi. 押韵, 扫描\n[计] 网络软件目录, 编码与分析系统",,,cet6-all source:ecdict cet4 cet6 cet6-core family:scanning family:scanned family:scans,4031
scandal,'skændәl,n.,"n. 丑闻, 中伤, 耻辱, 反感, 流言蜚语\n[法] 丑事, 丑闻, 干丑事的人",,,cet6-all source:ecdict cet4 cet6 cet6-core family:scandals,3052
scar,skɑ:,n.,"n. 疤痕, 伤痕, 悬崖\nvi. 结疤, 愈合, 痊愈\nvt. 使有伤痕",,,cet6-all source:ecdict cet4 cet6 cet6-core family:scars family:scarred family:scarring,5026
scarce,skɑ:s,adj.,"a. 难得的, 稀罕的, 缺乏的",,,cet6-all source:ecdict cet4 cet6 family:scarcer family:scarcest,6771
scarcely,'skɑ:sli,adv.,"adv. 简直不, 一定不, 仅仅",,,cet6-all source:ecdict cet4 cet6,6981
scarcity,'skɑ:siti,n.,"n. 缺乏, 不足, 缺少\n[经] 缺乏, 不足",,,cet6-all source:ecdict cet6 family:scarcities,9799
scare,skєә,n.,"n. 惊吓, 恐慌\nvt. 惊吓, 使恐慌\nvi. 受惊",,,cet6-all source:ecdict cet4 cet6 family:scared family:scares family:scaring,3807
scarf,skɑ:f,n.,"n. 围巾, 头巾, 领带, 领巾, 嵌接\nvt. 用围巾围, 嵌接",,,cet6-all source:ecdict cet4 cet6 family:scarves family:scarfed family:scarfing family:scarfs,6140
scarlet,'skɑ:lit,n.,"n. 猩红色, 绯红色, 红衣\na. 绯红色的, 鲜红色的",,,cet6-all source:ecdict cet6 family:scarlets,10320
scatter,'skætә,n.,"n. 消散, 分散, 散播, 散射, 散布, 酒馆\nvi. 散布, 散播, 消散\nvt. 使消散, 使分散, 撒, 散布, 散播, 散射\n[计] 散点图",,,cet6-all source:ecdict cet4 cet6 cet6-core family:scattered family:scattering family:scatters,3754
scene,si:n,n.,"n. 场, 情景, 镜头, 发生地点, 道具, 布景, 景色\n[化] 现场",,,cet6-all source:ecdict cet4 cet6 family:scenes,738
scenery,'si:nәri,n.,"n. 风景, 景色, 舞台布景",,,cet6-all source:ecdict cet4 cet6 family:sceneries,8152
scent,sent,n.,"n. 气味, 香味, 香水, 踪迹, 痕迹, 线索, 嗅觉\nvt. 闻出, 嗅, 发觉, 使充满气味\nvi. 嗅猎, 发出气味",,,cet6-all source:ecdict cet4 cet6 cet6-core family:scents family:scented family:scenting,4460
sceptical,'skeptikl,adj.,"a. 怀疑论的, 怀疑的",,,cet6-all source:ecdict cet6,37694
schedule,'skedʒuәl,n.,"n. 时间表, 一览表, 计划表, 议事日程\nvt. 预定, 编制目录, 制...表, 安排",,,cet6-all source:ecdict cet4 cet6 cet6-core family:scheduled family:schedules family:scheduling,2144
scheme,ski:m,n.,"n. 方案, 计划, 组合, 系统, 图解, 诡计, 阴谋\nv. 计划, 设计, 图谋, 策划",,,cet6-all source:ecdict cet4 cet6 cet6-core family:schemes family:scheming family:schemed,3007
scholar,'skɒlә,n.,"n. 学者, 奖学金获得者, 有文化者, 学习者",,,cet6-all source:ecdict cet4 cet6 family:scholars,2101
scholarship,'skɒlәʃip,n.,"n. 学问, 学术成就, 奖学金",,,cet6-all source:ecdict cet4 cet6 family:scholarships,3044
scientific,.saiәn'tifik,adj.,"a. 科学的, 系统的, 符合科学规律的\n[计] 科学记数法",,,cet6-all source:ecdict cet4 cet6,1605
scientist,'saiәntist,n.,n. 科学家\n[医] 科学家,,,cet6-all source:ecdict cet4 cet6 family:scientists,1057
scissors,'sizәz,n.,pl. 剪刀\n[医] 剪,,,cet6-all source:ecdict cet4 cet6 family:scissors family:s,8906
scoff,skɒf,n.,"n. 嘲笑, 愚弄, 笑柄, 食品\nv. 嘲笑, 嘲弄, 贪吃, 狼吞虎咽地吃",,,cet6-all source:ecdict cet6 family:scoffed family:scoffing family:scoffs,11015
scold,skәuld,n.,"n. 好骂街的人, 责骂\nv. 责骂",,,cet6-all source:ecdict cet4 cet6 family:scolded family:scolding family:scolds,10246
scope,skәup,n.,"n. 范围, 机会, 广度, 眼界, 观察仪器, 导弹射程\n[计] 作用域",,,cet6-all source:ecdict cet4 cet6 cet6-core family:scopes,3107
scorch,skɒ:tʃ,n.,"n. 烧焦, 枯萎\nv. 烧焦, 拷焦, (使)枯萎, 讽刺",,,cet6-all source:ecdict cet6 family:scorching family:scorched family:scorches,14072
score,skɒ:,n.,"n. 得分, 抓痕, 二十个, 刻痕, 帐目, 乐谱, 起跑线, 终点线, 大量\nvt. 刻划, 划线, 获得, 评价, 把...记下\nvi. 刻痕, 记分, 得分\n[计] 得分",,,cet6-all source:ecdict cet4 cet6 cet6-core family:scored family:scores family:scoring,1070
scorn,skɒ:n,n.,"n. 轻蔑, 藐视, 嘲笑, 被嘲弄的人\nvt. 轻蔑, 不屑做",,,cet6-all source:ecdict cet4 cet6 cet6-core family:scorned family:scorning family:scorns,11935
scout,skaut,n.,"n. 守候, 侦察, 搜索, 侦察员, 侦察机\nvi. 守候, 侦察, 巡视, 嘲笑\nvt. 侦察, 跟踪, 发现, 监视, 嘲弄",,,cet6-all source:ecdict cet4 cet6 family:scouts family:scouting family:scouted,7109
scramble,'skræmbl,n.,"n. 攀缘, 爬行, 抢夺, 混乱, 紧急起飞\nvi. 攀缘, 杂乱蔓延, 争夺, 拼凑, 匆忙\nvt. 攀登, 扰乱, 使混杂",,,cet6-all source:ecdict cet6 cet6-core family:scrambled family:scrambling family:scrambles,4326
scrap,skræp,n.,"n. 碎片, 残余物, 些微, 片断, 铁屑, 吵架\nvt. 扔弃, 敲碎, 拆毁\nvi. 互相殴打\na. 零碎拼凑成的, 废弃的",,,cet6-all source:ecdict cet6 cet6-core family:scraps family:scrapped family:scrapping,5594
scrape,skreip,n.,"n. 刮, 擦, 挖, 擦痕, 刮擦声, 困境\nvi. 刮掉, 擦掉, 刮出刺耳声\nvt. 刮, 擦, 擦伤, 挖成, 积蓄",,,cet6-all source:ecdict cet4 cet6 cet6-core family:scraped family:scraping family:scrapes,5494
scratch,skrætʃ,n.,"n. 抓痕, 搔, 抓, 擦伤, 刮擦声, 乱写, 零分, 起跑线\nvt. 搔, 抓, 挖出, 擦, 刮, 乱涂, 勾抹掉\nvi. 搔, 抓, 发刮擦声, 勉强糊口\na. 碰巧的, 凑合的, 打草稿用的\n[计] 擦除",,,cet6-all source:ecdict cet4 cet6 cet6-core family:scratching family:scratched family:scratches,4644
scream,skri:m,n.,"n. 尖叫声\nvi. 尖叫, 大笑, 尖啸, 令人震惊\nvt. 尖叫着说, 大叫大嚷着要求",,,cet6-all source:ecdict cet4 cet6 family:screaming family:screamed family:screams,2118
screen,skri:n,n.,"n. 幕, 银幕, 屏风, 掩蔽物, 屏蔽, 筛子\nvt. 掩蔽, 放映, 拍摄, 掩护, 筛, 甄别\nvi. 拍电影\n[计] 筛选; 屏幕",,,cet6-all source:ecdict cet4 cet6 family:screens family:screened family:screening,1252
screw,skru:,n.,"n. 螺旋, 螺杆, 螺钉, 螺旋桨, 吝啬鬼\nvt. 调节, 扭紧, 旋, 拧, 加强, 压榨, 勒索\nvi. 转动, 旋, 拧",,,cet6-all source:ecdict cet4 cet6 cet6-core family:screws family:screwed family:screwing,4750
script,skript,n.,"n. 手迹, 手稿, 正本, 手写体\nvt. 改编为演出本\n[计] 手写体, 小型程序",,,cet6-all source:ecdict cet6 family:scripts family:scripted family:scripting,3286
scripture,'skriptʃә,n.,"n. 圣经, 圣经的一节, 圣经的一句, 铭文",,,cet6-all source:ecdict cet6 family:scriptures,9225
scrub,skrʌb,n.,"n. 用力擦洗, 矮树, 矮人, 渺小之物\nvt. 用力擦洗, 擦掉, 摩擦\nvi. 擦洗干净, 进行手臂消毒\na. 次等的, 矮小的, 非正规球队的, 临时凑合的",,,cet6-all source:ecdict cet6 cet6-core family:scrubbed family:scrubbing family:scrubs,7546
scrutiny,'skru:tini,n.,"n. 细看, 仔细检查, 监视, 选票检查\n[经] 复查, 评核, 仔细检查",,,cet6-all source:ecdict cet6 cet6-core family:scrutinies,4964
sculpture,'skʌlptʃә,n.,"n. 雕刻, 雕塑\nvt. 雕刻, 雕塑\nvi. 当雕刻师",,,cet6-all source:ecdict cet6 cet6-core family:sculptures family:sculptured family:sculpturing,3427
seal,si:l,n.,"n. 印章, 封条, 海豹, 海豹皮, 火漆, 封蜡, 玺, 保证, 批准, 象征, 标志\nvt. 封闭, 盖印, 盖章\nvi. 猎海豹",,,cet6-all source:ecdict cet4 cet6 family:seals family:sealed family:sealing,4021
seam,si:m,n.,"n. 缝合线, 衔接口, 接缝, 线缝, 伤疤\nvt. 缝合, 接合, 焊合, 使留下伤痕\nvi. 裂开, 发生裂痕",,,cet6-all source:ecdict cet6 cet6-core family:seams family:seamed family:seaming,8135
seaman,'si:mәn,n.,"n. 船员, 海员, 水兵\n[法] 海员, 水手, 精通海事者",,,cet6-all source:ecdict cet4 cet6 family:seamen,17406
seaport,'si:pɒ:t,n.,"n. 海港, 港口城市",,,cet6-all source:ecdict cet4 cet6 family:seaports,21035
search,sә:tʃ,n.,"n. 搜寻, 查究\nv. 搜寻, 搜查, 探求, 调查, 搜索\n[计] 搜索, 路径检索程序",,,cet6-all source:ecdict cet4 cet6 family:searching family:searched family:searches,1500
seaside,'si:said,adj.,"a. 海边的, 海滨的\nn. 海滨",,,cet6-all source:ecdict cet6 family:seasides,12240
second-hand,'sekәnd'hænd,adj.,"a. 用过的, 旧货的, 旧的, 间接的, 传来的, 第二手的\n[机] 半新的, 旧货",,,cet6-all source:ecdict cet6 family:second-hands,
secondary,'sekәndәri,adj.,"a. 中级的, 中等的, 次要的, 第二的, 从属的, 辅助的\n[化] 仲(指CH-3...CH(CH-3)-型支链烃基或指二元胺及R-2CHOH型的醇); 第二",,,cet6-all source:ecdict cet4 cet6 family:secondaries,3455
secondly,'sekәndli,adv.,"adv. 第二, 其次",,,cet6-all source:ecdict cet4 cet6,6891
secret,'si:krit,n.,"n. 秘密, 机密, 秘诀, 秘方\na. 秘密的, 极机密的, 隐蔽的, 暗中的, 神秘的, 偏僻的",,,cet6-all source:ecdict cet4 cet6 family:secrets,1868
section,'sekʃәn,n.,"n. 区段, 部分, 区域, 节, 截面, 处, 科, 区, 扇区\nvt. 把...分段, 把...切片\nvi. 被切成片\n[计] 扇区",,,cet6-all source:ecdict cet4 cet6 family:sections family:sectioned family:sectioning,818
sector,'sektә,n.,"n. 扇形, 部门, 部分, 函数尺, 象限仪, 段, 区段\nvt. 把...分成扇形\n[计] 扇面; 扇区; 段; 区段",,,cet6-all source:ecdict cet6 family:sectors,1974
secure,si'kjuә,adj.,"a. 无虑的, 安心的, 安全的, 可靠的, 保险的\nvt. 固定, 获得, 保证, 使安全, 掩护, 招致\nvi. 停止操作, 船抛锚",,,cet6-all source:ecdict cet4 cet6 family:secured family:securing family:secures,2489
security,si'kjuriti,n.,"n. 安全, 安全性, 防护物, 保安, 可靠性, 担保人, 抵押品, 保证金\n[计] 安全性, 保密性, 安全检查程序",,,cet6-all source:ecdict cet4 cet6 cet6-core family:securities,661
sedentary,'sedәntәri,adj.,"a. 久坐的, 坐惯的, 定栖的\n[医] 静坐的; 坐式的",,,cet6-all source:ecdict cet6,13725
seed,si:d,n.,"n. 种子, 籽, 萌芽, 子孙, 精液\nvt. 在...播种, 催...发育, 脱...籽\nvi. 结实, 播种",,,cet6-all source:ecdict cet4 cet6 family:seeds family:seeded family:seeding,1919
seek,si:k,vt.,"vt. 寻求, 寻找, 探索, 追求, 搜索, 请求\nvi. 寻找, 搜索\n[计] 查找",,,cet6-all source:ecdict cet4 cet6 family:seeking family:sought family:seeks,668
seemingly,'si:miŋli,adv.,"adv. 看来似乎, 表面上看来",,,cet6-all source:ecdict cet6 cet6-core,3541
segment,'segmәnt,n.,"n. 片段, 部分, 分节, 段\nv. 分割, 分裂\n[计] 段",,,cet6-all source:ecdict cet4 cet6 cet6-core family:segments family:segmented family:segmenting,2922
segregate,'segrigeit,adj.,"a. 分离的, 被隔离的\nvi. 分离, 隔离, 分凝\nvt. 使分离, 使隔离",,,cet6-all source:ecdict cet6 cet6-core family:segregated family:segregating family:segregates,12370
seize,si:z,vt.,"vt. 抓住, 逮捕, 俘获, 没收, 扣押, 掌握\nvi. 突然抓住, 利用",,,cet6-all source:ecdict cet4 cet6 family:seized family:seizing family:seizes,3230
seldom,'seldәm,adj.,"a. 不常的, 稀少的\nadv. 很少, 不常",,,cet6-all source:ecdict cet4 cet6,4878
select,si'lekt,adj.,"a. 挑选出来的, 极好的\nv. 选择, 挑选\nn. 被挑选者, 精萃\n[计] 选定",,,cet6-all source:ecdict cet4 cet6 family:selected family:selecting family:selects,1733
selection,si'lekʃәn,n.,"n. 选择, 选文, 精选品\n[医] 选择, 淘汰",,,cet6-all source:ecdict cet4 cet6 family:selections,2133
self,self,n.,"n. 自己, 自我, 本性, 本质, 私心, 本人\nvt. 使近亲繁殖, 使自花授精\nvi. 自花授精\na. 同一的",,,cet6-all source:ecdict cet4 cet6 family:selves,2162
selfish,'selfiʃ,adj.,"a. 自私的, 利己主义的, 自我中心的",,,cet6-all source:ecdict cet4 cet6,7386
seller,'selә,n.,n. 销售者\n[化] 卖方,,,cet6-all source:ecdict cet4 cet6 family:sellers,4908
semester,si'mestә,n.,n. 学期,,,cet6-all source:ecdict cet4 cet6 cet6-core family:semesters,5465
semiconductor,.semikәn'dʌktә,n.,n. 半导体\n[化] 半导体,,,cet6-all source:ecdict cet4 cet6 family:semiconductors,8736
seminar,'seminɑ:,n.,"n. 研究班, 专题讨论会\n[经] 讨论会, 专家讨论会",,,cet6-all source:ecdict cet4 cet6 family:seminars,4862
seminate,'semineit,vt.,"vt.播种于, 传播,散布",,,cet6-all source:ecdict cet6,
senate,'senit,n.,"n. 参议院, 立法机构, 评议会",,,cet6-all source:ecdict cet4 cet6 family:senates,1111
senator,'senәtә,n.,"n. 参议员, (某些大学的)理事\n[法] 参议员, 上议员",,,cet6-all source:ecdict cet6 cet6-core family:senators,2769
senior,'si:njә,n.,"n. 年长者, 资深者, 毕业班学生\na. 年长的, 高级的, 资深的",,,cet6-all source:ecdict cet4 cet6 family:seniors,1090
sensation,sen'seiʃәn,n.,"n. 感觉, 轰动\n[医] 感觉",,,cet6-all source:ecdict cet6 cet6-core family:sensations,4378
sense,sens,n.,"n. 感应, 感觉, 感官, 意识, 观念, 情理, 知觉, 理智\nvt. 感觉, 觉察, 检测\n[计] 阅读; 检测",,,cet6-all source:ecdict cet4 cet6 family:senses family:sensed family:sensing,407
senseless,'senslis,adj.,"a. 无感觉的, 无意识的, 不省人事的",,,cet6-all source:ecdict cet6,12428
sensible,'sensәbl,adj.,"a. 有感觉的, 敏感的, 明智的\n[医] 可感觉的",,,cet6-all source:ecdict cet4 cet6 cet6-core,6126
sensitive,'sensitiv,adj.,"a. 敏感的, 易感的, 灵敏的, 感光的\n[机] 敏感的, 灵敏的, 感度高的",,,cet6-all source:ecdict cet4 cet6 cet6-core family:sensitives,2506
sensitivity,.sensә'tiviti,n.,"n. 敏感, 灵敏度\n[计] 灵敏度",,,cet6-all source:ecdict cet6 family:sensitivities,4452
sensor,'sensә,n.,n. 传感器\n[计] 检测器,,,cet6-all source:ecdict cet6 family:sensors,4935
sentence,'sentәns,n.,"n. 句子, 命题, 宣判\nvt. 宣判, 判决\n[计] 句子",,,cet6-all source:ecdict cet4 cet6 family:sentences family:sentenced family:sentencing,2036
sentiment,'sentimәnt,n.,"n. 感情, 感伤, 情操, 情绪, 感想, 意见\n[医] 情感, 情操",,,cet6-all source:ecdict cet6 cet6-core family:sentiments,4051
separate,'sepәreit,n.,"n. 独立件, 抽印本\na. 分开的, 各别的, 单独的, 分隔的\nvi. 分开, 隔开, 分居\nvt. 使分离, 使分开, 区分, 使分居",,,cet6-all source:ecdict cet4 cet6 family:separated family:separating family:separates,1892
separately,'sepәrәtli,adv.,"adv. [表]分开, 不相连, 分隔, 分离, 不同, 单独, 独立, 各自, 各别, 脱离肉体, 灵魂\n[计] 分离地",,,cet6-all source:ecdict cet4 cet6,5463
separation,.sepә'reiʃәn,n.,"n. 分离, 分居, 缺口, 退职\n[化] 分离",,,cet6-all source:ecdict cet4 cet6 family:separations,3704
sequence,'si:kwәns,n.,"n. 序列, 续发事件, 顺序, 连续\nvt. 按顺序排好\n[计] 顺序",,,cet6-all source:ecdict cet4 cet6 cet6-core family:sequences family:sequenced family:sequencing,3143
series,'siәri:z,n.,"n. 串联, 序列, 连续, 系列, 丛书, 套, 级数, 组\n[计] 系列",,,cet6-all source:ecdict cet4 cet6 cet6-core,718
serious,'siәriәs,adj.,"a. 严肃的, 认真的, 重要的, 严重的\n[电] 严重的",,,cet6-all source:ecdict cet4 cet6,755
seriously,'siәriәsli,adv.,"adv. 严肃地, 认真地, 严重地",,,cet6-all source:ecdict cet4 cet6,1908
sermon,'sә:mәn,n.,"n. 说教, 启示, 布道",,,cet6-all source:ecdict cet6 family:sermons,6599
serpent,'sә:pәnt,n.,"n. 巨蛇座, 蛇, 蛇形管, 狡猾的人",,,cet6-all source:ecdict cet6 family:serpents,11649
servant,'sә:vәnt,n.,"n. 仆人, 有用物, 公务员, 雇员\n[法] 受雇人, 服务者, 公务员",,,cet6-all source:ecdict cet4 cet6 family:servants,3938
session,'seʃәn,n.,"n. 期间, 开庭期, 会议, 学期\n[计] 会话, 对话, 会晤, 通用任务程序",,,cet6-all source:ecdict cet4 cet6 family:sessions,1544
setback,'setbæk,n.,"n. 挫折, 退步, 逆流",,,cet6-all source:ecdict cet6 cet6-core family:setbacks,7298
setting,'setiŋ,n.,"n. 环境, 背景, 布景, 镶嵌, 调整, 沉落, 一副餐具\n[计] 设置",,,cet6-all source:ecdict cet4 cet6 family:set family:i family:settings family:setting,1742
settle,'setl,n.,"n. 有背长椅\nvt. 决定, 整理, 安放, 使定居, 使平静, 支付, 安排, 解决, 结算\nvi. 停留, 下陷, 沉淀, 澄清, 安下心来, 结清, 定居, 安家",,,cet6-all source:ecdict cet4 cet6 cet6-core family:settled family:settling family:settles,1316
settlement,'setlmәnt,n.,"n. 安顿, 解决, 处理, 结算, 殖民, 殖民地, 沉降\n[医] 居住区; 沉渣",,,cet6-all source:ecdict cet4 cet6 cet6-core family:settlements,2167
seventeen,sevn'ti:n,num.,"num. 十七, 十七个",,,cet6-all source:ecdict cet4 cet6,6318
seventy,'sevnti,num.,"num. 七十, 七十个",,,cet6-all source:ecdict cet4 cet6,7889
severe,si'viә,adj.,"a. 严格的, 尖锐的, 严肃的, 严重的, 严厉的, 朴素的\n[法] 严厉的, 苛刻的, 严重的",,,cet6-all source:ecdict cet4 cet6 cet6-core family:severest family:severer,2330
severely,si'viәli,adv.,"adv. 严格, 尖锐, 严肃, 严重, 严厉, 朴素",,,cet6-all source:ecdict cet4 cet6,4850
sew,sәu,vt.,"vt. 缝纫, 缝合, 缝\nvi. 缝纫",,,cet6-all source:ecdict cet4 cet6 family:sewn family:sewing family:sewed family:sews,6478
sex,seks,n.,"n. 性别, 性欲\nvt. 区别...的性别, 引起...的性欲",,,cet6-all source:ecdict cet4 cet6 family:sexes family:sexing family:sexed,814
sexual,'sekʃuәl,adj.,"a. 性的, 性别的\n[医] 性的; 性欲的",,,cet6-all source:ecdict cet4 cet6,1006
shabby,'ʃæbi,adj.,"a. 衣衫褴褛的, 低劣的, 破旧的, 吝啬的, 卑鄙的",,,cet6-all source:ecdict cet6 cet6-core family:shabbier family:shabbiest,10996
shade,ʃeid,n.,"n. 荫, 阴暗, 遮光物, 灯罩, 帘, 浓淡, 微量, 底纹\nvi. 渐变\nvt. 使阴暗, 使渐变, 遮蔽, 微减\n[计] 底纹",,,cet6-all source:ecdict cet4 cet6 family:shades family:shading family:shaded,2984
shadow,'ʃædәu,n.,"n. 阴影, 荫, 影子, 影像, 阴暗, 幽灵, 少许, 隐蔽处, 庇护\nvt. 遮蔽, 使朦胧, 预示, 尾随\nvi. 渐变, 变阴暗\n[计] 阴影",,,cet6-all source:ecdict cet4 cet6 family:shadowed family:shadowing family:shadows,1668
shadowy,'ʃædәui,adj.,"a. 有影的, 暗黑的, 朦胧的, 虚幻的",,,cet6-all source:ecdict cet6 family:shadowier,9710
shady,'ʃeidi,adj.,"a. 荫凉的, 成荫的, 阴暗的, 隐蔽的\n[法] 成问题的, 令人怀疑的",,,cet6-all source:ecdict cet4 cet6 family:shadier family:shadiest,9404
shaft,ʃæft,n.,"n. 轴, 箭杆, 矛, 矿井\nvt. 装杆于, 利用",,,cet6-all source:ecdict cet6 cet6-core family:shafts family:shafting family:shafted,5366
shake,ʃeik,n.,"n. 摇动, 震动\nvt. 摇动, 动摇, 使震动, 挥舞\nvi. 震动, 发抖, 动摇",,,cet6-all source:ecdict cet4 cet6 family:shook family:shaking family:shaken family:shakes,942
shaky,'ʃeiki,adj.,"a. 震动的, 摇晃的, 动摇的",,,cet6-all source:ecdict cet6 family:shakier family:shakiest,7947
shallow,'ʃælәu,n.,"n. 水浅的地方, 浅滩\na. 浅的, 肤浅的\nv. (使)变浅",,,cet6-all source:ecdict cet4 cet6 family:shallows family:shallower family:shallowest family:shallowed family:shallowing,4123
sham,ʃæm,n.,"n. 假, 赝品, 骗子, 哄骗\na. 假的, 伪造的\nvt. 假装, 冒充\nvi. 装假",,,cet6-all source:ecdict cet6 family:shams family:shamming family:shammed,12391
shame,ʃeim,n.,"n. 羞耻, 羞愧, 耻辱\nvt. 使羞愧, 侮辱",,,cet6-all source:ecdict cet4 cet6 family:shamed family:shames family:shaming,3767
shameful,'ʃeimful,adj.,"a. 可耻的, 丢脸的, 不道德的, 淫猥的, 猥亵的, 不体面的",,,cet6-all source:ecdict cet6,11754
shampoo,ʃæm'pu:,n.,"n. 洗头, 洗发剂\nvt. 洗头, 洗发",,,cet6-all source:ecdict cet4 cet6 family:shampoos family:shampooing family:shampooed,10085
shape,ʃeip,n.,"n. 形状, 形态, 外形, 形式, 身材\nvt. 定形, 使成形, 塑造, 计划, 使符合\nvi. 成形, 形成, 成长\n[计] 形状",,,cet6-all source:ecdict cet4 cet6 family:shapes family:shaped family:shaping,1267
share,ʃєә,n.,"n. 部分, 参与, 一份, 参股, 份额\nvt. 均分, 分担, 分享, 分配, 共有\nvi. 分享\n[计] 共享; DOS外部命令:在网络或多工系统中提供文件共享\n文件锁定及检测磁盘更动和对超过32MB硬盘分区的支持",,,cet6-all source:ecdict cet4 cet6 family:shares family:shared family:sharing,711
shark,ʃɑ:k,n.,"n. 鲨鱼, 骗子\nv. 诈骗",,,cet6-all source:ecdict cet6 cet6-core family:sharks family:sharking family:sharked,4438
sharp,ʃɑ:p,n.,"n. 半升音调, 利刃, 骗子\na. 锋利的, 明显的, 敏锐的, 急剧的, 尖刻的, 严厉的, 刺耳的, 精明的\nadv. 锐利地, 急速地",,,cet6-all source:ecdict cet4 cet6 family:sharps,2049
sharpen,'ʃɑ:pn,vt.,"vt. 使尖锐, 使敏捷, 加重, 削尖\nvi. 尖锐化, 变锋利",,,cet6-all source:ecdict cet4 cet6 family:sharpened family:sharpening family:sharpens,8298
sharply,'ʃɑ:pli,adv.,"adv. 锐利地, 严厉地, 厉害地\n[经] 剧烈地",,,cet6-all source:ecdict cet4 cet6,3908
shatter,'ʃætә,n.,"n. 碎片, 粉碎, 落叶, 喷洒\nvt. 打碎, 使散开, 粉碎, 破坏\nvi. 粉碎, 损坏, 脱落",,,cet6-all source:ecdict cet6 cet6-core family:shattered family:shattering family:shatters,5453
shave,ʃeiv,n.,"n. 修面, 刮胡子, 幸免, 剃刀\nvt. 修面, 剃, 修剪, 掠过\nvi. 刮脸, 勉强通过",,,cet6-all source:ecdict cet4 cet6 family:shaved family:shaving family:shaves,5779
shear,ʃiә,n.,"n. 修剪, 剪下的东西, 大剪刀, 切变, 剪切机, 切\nvt. 修剪, 割, 剥夺, 横越, 削剪\nvi. 剪, 修剪, 剪羊毛, 切断",,,cet6-all source:ecdict cet4 cet6 family:shears family:shorn family:shearing family:sheared,9594
shed,ʃed,n.,"n. 车棚, 小屋, 脱落之物, 分水岭\nvt. 使流出, 放射, 脱落, 散发, 摆脱\nvi. 流出, 散布, 脱落",,,cet6-all source:ecdict cet4 cet6 cet6-core family:sheds family:shed family:dp family:shedding,4356
sheer,ʃiә,adj.,"a. 绝对的, 全然的, 纯粹的, 透明的, 峻峭的\nvi. 偏转, 偏航\nvt. 使急转向, 使偏航\nadv. 完全, 全然, 峻峭\nn. 偏航",,,cet6-all source:ecdict cet6 cet6-core family:sheers family:sheered family:sheering,4198
sheet,ʃi:t,n.,"n. 床单, 张, 纸张, 印刷品, 裹尸布, 薄片\nvt. 盖上被单, 遍布\nvi. 大片落下\na. 片状的, 成薄片的\n[计] 工作表",,,cet6-all source:ecdict cet4 cet6 family:sheets family:sheeted family:sheeting,1753
shelf,ʃelf,n.,"n. 架子, 搁板\n[化] 架子",,,cet6-all source:ecdict cet4 cet6 family:shelves,2947
shell,ʃel,n.,"n. 贝壳, 壳, 外形, 炮弹\nvt. 去壳, 脱落, 炮轰\nvi. 剥落, 脱壳\n[计] 外壳; DOS内部命令:指定命令行处理程序",,,cet6-all source:ecdict cet4 cet6 family:shells family:shelling family:shelled,2560
shelter,'ʃeltә,n.,"n. 庇护所, 避难所, 庇护, 隐蔽处, 掩蔽\nvt. 庇护, 保护, 隐匿\nvi. 躲避",,,cet6-all source:ecdict cet4 cet6 family:shelters family:sheltering family:sheltered,2874
shepherd,'ʃepәd,n.,"n. 牧羊人, 牧羊犬, 牧师, 保护者\nvt. 看守, 领导, 指导, 牧羊",,,cet6-all source:ecdict cet4 cet6 cet6-core family:shepherds family:shepherded family:shepherding,8911
sheriff,'ʃerif,n.,"n. 郡治安官, 县治安官\n[法] 司法行政官, 郡长, 执行吏",,,cet6-all source:ecdict cet6 family:sheriffs,5016
shield,'ʃi:ld,n.,"n. 盾, 防卫物, 保护者, 屏蔽\nvt. 保护, 遮蔽, 屏蔽, 庇护, 挡开, 避开\nvi. 起保护作用",,,cet6-all source:ecdict cet4 cet6 cet6-core family:shields family:shielding family:shielded,5606
shift,ʃift,n.,"n. 变化, 移动, 轮班, 手段, 应急办法, 移位\nvt. 替换, 转移, 改变, 推卸, 变速\nvi. 转换, 移动, 转变, 推托, 变速\n[计] DOS内部命令:该命令可将批处理参数向左移动一个位置",,,cet6-all source:ecdict cet4 cet6 family:shifts family:shifted family:shifting,1680
shilling,'ʃiliŋ,n.,n. 先令\n[经] 先令,,,cet6-all source:ecdict cet4 cet6 family:shillings,23182
shipbuilding,'ʃipbildiŋ,n.,n. 造船,,,cet6-all source:ecdict cet6 family:shipbuilding family:i,21523
shipment,'ʃipmәnt,n.,"n. 装船, 出货\n[经] 运送, 运送(寄出)货物, 装载",,,cet6-all source:ecdict cet6 cet6-core family:shipments,6962
shipwreck,'ʃiprek,n.,"n. 遇难船, 海难\nvt. 遇海难, 毁灭, 使失事",,,cet6-all source:ecdict cet6 family:shipwrecks family:shipwrecked family:shipwrecking,17434
shiver,'ʃivә,vi.,"vi. 颤抖, 哆嗦, 被打碎\nvt. 使迎风飘动, 粉碎\nn. 战栗, 碎块",,,cet6-all source:ecdict cet4 cet6 family:shivered family:shivering family:shivers,6211
shock,ʃɒk,n.,"n. 震动, 冲突, 震惊, 冲击, 突击, 禾束堆, 休克, 长毛狗\nvt. 使震动, 使休克, 使受电击, 震惊得\nvi. 震动, 吓人\na. 蓬乱浓密的",,,cet6-all source:ecdict cet4 cet6 family:shocked family:shocks family:shocking,2298
shoot,ʃu:t,n.,"n. 射击, 狩猎, 芽, 射伤, 发射, 发芽, 急流, 推力, 摄影, 急送, 滑运道, 浪费\nvt. 射击, 射中, 损毁, 拍摄, 喷出, 投射, 挥出, 飞速行进, 挥霍, 给...注射\nvi. 射出, 射击, 发出, 拍电影, 射门, 发芽",,,cet6-all source:ecdict cet4 cet6 family:shot family:shooting family:shoots,732
shopkeeper,'ʃɒp.ki:pә,n.,"n. 零售商, 店主, 老板",,,cet6-all source:ecdict cet4 cet6 family:shopkeepers,12729
shopping,'ʃɒpiŋ,n.,"n. 买东西, 购物\n[经] 购物, 买东西",,,cet6-all source:ecdict cet4 cet6 family:shop family:i family:shopping,2713
shore,ʃɒ:,n.,"n. 海岸, 海滨, 斜撑柱\nvt. 把...送上岸, 支撑, 支持",,,cet6-all source:ecdict cet4 cet6 family:shores family:shoring family:shored,3244
shortage,'ʃɒ:tidʒ,n.,"n. 不足, 缺乏\n[化] 缺额",,,cet6-all source:ecdict cet4 cet6 family:shortages,4027
shortcoming,'ʃɒ:t'kʌmiŋ,n.,"n. 缺点, 短处",,,cet6-all source:ecdict cet4 cet6 family:shortcomings,8140
shortcut,'ʃɒ:tkʌt,n.,"n. 捷径, 最短路线\n[计] 快捷方式",,,cet6-all source:ecdict cet6 family:shortcuts,11087
shorten,'ʃɒ:tn,vt.,"vt. 弄短, 缩短, 减少\nvi. 缩小, 变短",,,cet6-all source:ecdict cet6 family:shortened family:shortening family:shortens,7578
shortfall,'ʃɒ:tfɒ:l,n.,"n. 不足, 不足量\n[经] 缺少, 不足, 亏舱运费",,,cet6-all source:ecdict cet6 family:shortfalls,10472
shorthand,'ʃɒ:thænd,n.,"n. 速记\n[法] 速记法, 速记, 记录文字",,,cet6-all source:ecdict cet6 family:shorthanded,14434
shortly,'ʃɒ:tli,adv.,"adv. 不久, 简短, 唐突地",,,cet6-all source:ecdict cet4 cet6,2853
shot,ʃɒt,n.,"n. 发射, 炮弹, 射击, 射手, 投篮, 射门, 子弹, 射程, 拍摄, 注射\nvt. 装弹, 使成颗粒状\na. 杂色的, 交织着的, 渗透的, 点焊的, 破旧的\nshoot的过去式和过去分词",,,cet6-all source:ecdict cet4 cet6 family:shoot family:dp family:shots,1053
shoulder,'ʃәuldә,n.,"n. 肩, 肩膀, 衣肩\nvt. 肩负, 负担, 担任\nvi. 用肩推挤",,,cet6-all source:ecdict cet4 cet6 family:shoulders family:shouldered family:shouldering,986
shove,ʃʌv,n.,"n. 推, 挤\nvt. 推挤, 猛推, 强使\nvi. 推",,,cet6-all source:ecdict cet6 cet6-core family:shoved family:shoving family:shoves,4384
shovel,'ʃʌvl,n.,"n. 铲, 铁铲\nv. 铲",,,cet6-all source:ecdict cet6 family:shovels family:shovelling family:shovelled,7249
shower,'ʃauә,n.,"n. 阵雨, 淋浴, 一阵, 展出者, 显示者\nvi. 淋浴, 下阵雨\nvt. 淋湿, 倾注",,,cet6-all source:ecdict cet4 cet6 family:showers family:showered family:showering,3204
shrewd,ʃru:d,adj.,"a. 精明的, 锐利的, 剧烈的, 机灵的, 厉害的",,,cet6-all source:ecdict cet6 cet6-core family:shrewder family:shrewdest,11036
shriek,ʃri:k,n.,"n. 尖锐的响声\nvi. 尖叫, 发尖声\nvt. 尖声发出",,,cet6-all source:ecdict cet4 cet6 family:shrieked family:shrieking family:shrieks,9309
shrill,ʃril,n.,"n. 尖声\na. 尖锐的, 刺耳的\nvt. 尖声说出\nvi. 发出刺耳声",,,cet6-all source:ecdict cet6 family:shriller family:shrills family:shrillest family:shrilling family:shrilled,12017
shrimp,ʃrimp,n.,"n. 虾, 小虾, 矮子\nvi. 捕小虾",,,cet6-all source:ecdict cet6 family:shrimps family:shrimping family:shrimped,4144
shrine,ʃrain,n.,"n. 圣地, 神龛, 庙\nvt. 将...置于神龛内",,,cet6-all source:ecdict cet6 family:shrines family:shrining family:shrined,6082
shrink,ʃriŋk,n.,"n. 收缩, 萎缩, 回避\nvi. 收缩, 退缩, 萎缩, 缩小, 回避\nvt. 使收缩, 使缩小",,,cet6-all source:ecdict cet4 cet6 cet6-core family:shrank family:shrunk family:shrinking family:shrinks,4474
shrub,ʃrʌb,n.,"n. 矮树, 灌木, 果汁甜酒",,,cet6-all source:ecdict cet6 cet6-core family:shrubs,7153
shrug,ʃrʌg,n.,n. 耸肩\nv. 耸肩,,,cet6-all source:ecdict cet4 cet6 cet6-core family:shrugged family:shrugging family:shrugs,3191
shut,ʃʌʃ,n.,"n. 关闭\nvt. 关上, 闭起, 幽禁, 合拢, 轧住\nvi. 关上, 停止营业",,,cet6-all source:ecdict cet4 cet6 family:shut family:dp family:shutting family:shuts,1541
shutter,'ʃʌtә,n.,"n. 百叶窗, 关闭物, 照相机快门, 关闭者\nvt. 为...装百叶窗, 以百叶窗遮闭",,,cet6-all source:ecdict cet6 cet6-core family:shutters family:shuttering family:shuttered,9012
shuttle,'ʃʌtl,n.,"n. 穿梭, 梭子, 往返移动之物\nv. (使)穿梭移动, 往返运送",,,cet6-all source:ecdict cet4 cet6 cet6-core family:shuttles family:shuttling family:shuttled,3810
shy,ʃai,n.,"n. 惊跳, 惊避\na. 胆怯的, 畏缩的, 迟疑的, 羞怯的\nvi. 惊退, 乱投, 乱掷, 厌恶, 避开\nvt. 乱投, 乱掷",,,cet6-all source:ecdict cet4 cet6 family:shied family:shying family:shies family:shyer family:shyest,4407
sickness,'siknis,n.,"n. 疾病, 不健康, 呕吐\n[医] 病",,,cet6-all source:ecdict cet4 cet6 family:sicknesses,7417
sideways,'saidweiz,adv.,"adv. 向旁边, 向侧面地\na. 旁边的, 向侧面的",,,cet6-all source:ecdict cet4 cet6,7384
siege,si:dʒ,n.,"n. 包围, 围攻, 再三的努力\nvt. 包围, 围攻",,,cet6-all source:ecdict cet6 cet6-core family:sieges,6774
sift,sift,vt.,"vt. 筛, 过滤, 撒, 详查\nvi. 筛, 被筛下, 精选",,,cet6-all source:ecdict cet6 family:sifting family:sifted family:sifts,7955
sigh,sai,n.,"n. 叹息\nvi. 叹息, 渴望\nvt. 叹息着说",,,cet6-all source:ecdict cet4 cet6 family:sighed family:sighs family:sighing,3349
sight,sait,n.,"n. 景观, 视力, 眼界, 阅读, 见解, 意见\nvt. 看见, 瞄准\nvi. 瞄准, 观看\na. 即席的, 见票即付的",,,cet6-all source:ecdict cet4 cet6 family:sights family:sighted family:sighting,1629
sightseeing,'saitsi:iŋ,n.,"n. 观光, 游览\na. 观光的, 游览的",,,cet6-all source:ecdict cet4 cet6 family:sightseeing family:i,16109
sign,sain,n.,"n. 符号, 招牌, 征兆, 正负号, 手势\nvt. 签名, 打手势表达\nvi. 签名\n[计] 正负号; 符号; 符号字符",,,cet6-all source:ecdict cet4 cet6 family:signs family:signed family:signing,759
signal,'signl,n.,"n. 信号, 暗号, 近因, 导火线\nvt. 向...作信号, 标志, 用信号通知\nvi. 发信号\na. 作为信号的, 显著的\n[计] 信号",,,cet6-all source:ecdict cet4 cet6 cet6-core family:signals family:signalled family:signalling,2078
signature,'signәtʃә,n.,"n. 签字, 识别标志, 调号\n[计] 签名附件",,,cet6-all source:ecdict cet4 cet6 family:signatures,3773
significance,sig'nifikәns,n.,"n. 重要性, 意义, 意味\n[计] 有效; 有效性",,,cet6-all source:ecdict cet4 cet6 family:significances,2937
significant,sig'nifikәnt,adj.,"a. 重要的, 有效的, 有含义的, 暗示的, 值得注意的",,,cet6-all source:ecdict cet4 cet6 cet6-core,719
signify,'signifai,vt.,"vt. 象征, 预示\nvi. 要紧, 重要",,,cet6-all source:ecdict cet6 cet6-core family:signifies family:signified family:signifying,6690
silence,'sailәns,n.,"n. 沉默, 无声, 静寂, 湮没, 无声息\nvt. 使缄默\ninterj. 安静",,,cet6-all source:ecdict cet4 cet6 family:silenced family:silencing family:silences,1820
silent,'sailәnt,adj.,"a. 沉默的, 安静的, 无声的, 静止的\n[医] 静止的, 无症状的",,,cet6-all source:ecdict cet4 cet6,2160
silicon,'silikәn,n.,n. 硅\n[化] 硅Si,,,cet6-all source:ecdict cet6 cet6-core family:siliconed family:siliconing,8531
silly,'sili,adj.,"a. 愚蠢的, 糊涂的",,,cet6-all source:ecdict cet4 cet6 family:silliest family:sillier,4009
silver,'silvә,n.,"n. 银, 银币, 银器\na. 银的, 银制的, 银器的\nvt. 镀银\nvi. 变银白色",,,cet6-all source:ecdict cet4 cet6 family:silvering family:silvered family:silvers,2439
similarity,.simi'læriti,n.,"n. 类似, 类似处\n[法] 类似, 相似, 类似事例",,,cet6-all source:ecdict cet6 family:similarities,4655
similarly,'similәli,adv.,"adv. 相像地, 类似于",,,cet6-all source:ecdict cet4 cet6,2792
simplicity,sim'plisiti,n.,"n. 单纯, 简朴, 朴素, 坦率, 天真\n[计] 简明性",,,cet6-all source:ecdict cet4 cet6 family:simplicities,7007
simplify,'simplifai,vt.,"vt. 单一化, 简单化",,,cet6-all source:ecdict cet4 cet6 family:simplified family:simplifies family:simplifying,8483
simulate,'simjuleit,vt.,"vt. 模拟, 假装, 模仿\n[法] 伪装的, 模拟的; 假装的, 伪装的, 冒充",,,cet6-all source:ecdict cet6 cet6-core family:simulating family:simulated family:simulates,7892
simultaneous,.simәl'teinjәs,adj.,"a. 同时的, 同时发生的\n[计] 同时的",,,cet6-all source:ecdict cet6 cet6-core,8695
simultaneously,simәl'teiniәsly; (?@) saim-,adv.,"adv. 同时发生, 一齐, 同时, 同时存在",,,cet6-all source:ecdict cet6,3662
sin,sin,n.,"n. 罪, 犯罪, 过失, 失礼\nv. 犯",,,cet6-all source:ecdict cet4 cet6 family:sins family:sinned family:sinning,3285
sincere,sin'siә,adj.,"a. 诚实的, 正直的, 真挚的, 纯净的",,,cet6-all source:ecdict cet4 cet6 family:sincerest family:sincerer,6875
sincerity,sin'serәti,n.,"n. 诚实, 真实, 诚心诚意",,,cet6-all source:ecdict cet6 family:sincerities,10928
singer,'siŋә,n.,n. 歌手,,,cet6-all source:ecdict cet4 cet6 family:singers,2823
singular,'siŋgjulә,n.,"n. 单数\na. 异常的, 单一的",,,cet6-all source:ecdict cet4 cet6 family:singulars,9212
sink,siŋk,n.,"n. 藏垢的场所, 沟渠, 污水槽\nvi. 下沉, 沉没, 下陷, 减弱, 衰退, 消沉, 堕落, 渗透\nvt. 使低落, 使下沉, 陷于, 投入(资金等), 挖掘",,,cet6-all source:ecdict cet4 cet6 family:sank family:sunk family:sinking family:sinks,2809
siren,'saiәrin,n.,"n. 女海妖, 妖女, 警报器, 汽笛, 迷人的美女\na. 诱惑的\nvi. 响着警报器前进",,,cet6-all source:ecdict cet6 family:sirens,6750
site,sait,n.,"n. 位置, 场所, 地点\nvt. 给...择址",,,cet6-all source:ecdict cet4 cet6 family:sites family:sited family:siting,532
sitting-room,,n.,n. 起居室,,,cet6-all source:ecdict cet6 family:sitting-rooms,
situated,'sitjueitid,adj.,"a. 位于...的, 坐落在...的, 处于某种境地的\n[法] 坐落...的, 位于...的, 处于某种境地的",,,cet6-all source:ecdict cet6 cet6-core family:dp family:situate family:situated,35216
situation,.sitju'eiʃәn,n.,"n. 情形, 境遇, 位置\n[医] 情境, 处境",,,cet6-all source:ecdict cet4 cet6 family:situations,548
sixty,'siksti,num.,"num. 六十, 六十个",,,cet6-all source:ecdict cet4 cet6,5642
skate,skeit,n.,"n. 溜冰, 冰鞋\nvi. 滑冰, 滑过",,,cet6-all source:ecdict cet4 cet6 family:skating family:skates family:skated,5756
skeleton,'skelәtn,n.,"n. 骨骼, 骨瘦如柴的人, 梗概, 骨干, 残骸\na. 骨骼的, 概略的, 基层的, 骨干的\n[计] 骨架",,,cet6-all source:ecdict cet6 cet6-core family:skeletons,6474
skeptical,'skeptikәl,adj.,"a. 怀疑论的, 怀疑的, 不可知论的\n[法] 怀疑的, 不信的, 怀疑论者的",,,cet6-all source:ecdict cet6 cet6-core,4963
sketch,sketʃ,n.,"n. 素描, 草图, 小品\nv. 描绘略图, 画素描或速写",,,cet6-all source:ecdict cet4 cet6 family:sketches family:sketched family:sketching,5051
ski,ski:,n.,n. 滑雪橇\nvi. 滑雪,,,cet6-all source:ecdict cet4 cet6 family:skis family:skiing family:skied,3032
skill,'skil,n.,"n. 技术, 技巧, 技能, 熟练, 熟练工人\n[化] 技能",,,cet6-all source:ecdict cet4 cet6 family:skills,821
skilled,'skild,adj.,"a. 熟练的\n[经] 熟练的, 有技能的",,,cet6-all source:ecdict cet4 cet6,4903
skillful,'skilful,adj.,"a. 熟练的, 巧妙的\n[机] 熟练的",,,cet6-all source:ecdict cet4 cet6,12290
skim,skim,vt.,"vt. 撇取浮沫, 略读, 掠过\nvi. 擦过, 浏览\nn. 脱脂乳, 擦过, 表层物\na. 撇去浮沫的",,,cet6-all source:ecdict cet4 cet6 family:skimming family:skimmed family:skims,8515
skin,skin,n.,"n. 皮肤, 皮\nvt. 剥皮, 在...植皮\nvi. 长皮, 愈合, 蜕皮",,,cet6-all source:ecdict cet4 cet6 family:skins family:skinned family:skinning,1019
skip,skip,n.,"n. 跳跃, 跳读\nvi. 跳越, 跳读, 跳绳, 遗漏, 跳级\nvt. 跳过, 遗漏\n[计] 跳过",,,cet6-all source:ecdict cet6 cet6-core family:skipped family:skipping family:skips,4519
skyscraper,'skaiskreipә,n.,"n. 摩天楼, 三角形天帆",,,cet6-all source:ecdict cet6 family:skyscrapers,10626
slack,slæk,n.,"n. 松弛, 松懈, 淡季, 闲散, 家常裤\na. 松弛的, 不流畅的, 疏忽的, 无力的, 呆滞的, 软弱的, 漏水的\nadv. 马虎地, 缓慢地\nvt. 放松, 使缓慢\nvi. 松懈, 减弱, 松弛",,,cet6-all source:ecdict cet6 cet6-core family:slacks family:slacker family:slacking family:slackest family:slacked,6983
slam,slæm,n.,"n. 砰然声, 猛然, 猛烈的抨击\nvt. 猛然关上, 砰地关上, 猛烈抨击\nvi. 砰地关上, 猛攻",,,cet6-all source:ecdict cet4 cet6 family:slammed family:slamming family:slams,3458
slander,'slændә,n.,"n. 中伤, 诽谤\nvt. 中伤, 诽谤",,,cet6-all source:ecdict cet6 family:slanders family:slandering family:slandered,20554
slang,slæŋ,n.,"n. 俚语\nv. 辱骂, 用俚语说",,,cet6-all source:ecdict cet6 family:slanging family:slangs family:slanged,13716
slap,slæp,n.,"n. 掴, 掌击, 侮辱, 拍击声\nv. 拍击, 惩罚\nadv. 正面地, 直接地, 突然地",,,cet6-all source:ecdict cet6 cet6-core family:slapped family:slapping family:slaps,4086
slaughter,'slɒ:tә,n.,"n. 残杀, 屠杀, 杀戮\nvt. 残杀, 屠杀, 亏本出售",,,cet6-all source:ecdict cet6 cet6-core family:slaughtered family:slaughtering family:slaughters,8340
slave,sleiv,n.,"n. 奴隶, 从动装置, 卑鄙的人\nvi. 拼命工作\n[计] 从设备",,,cet6-all source:ecdict cet4 cet6 family:slaves family:slaving family:slaved,2727
slavery,'sleivәri,n.,"n. 奴隶的身分, 奴隶状态, 奴隶制度\n[法] 奴隶制度, 奴役, 苦役",,,cet6-all source:ecdict cet4 cet6,4574
sleepy,'sli:pi,adj.,"a. 困乏的, 欲睡的",,,cet6-all source:ecdict cet4 cet6 family:sleepier family:sleepies,7429
sleeve,sli:v,n.,"n. 袖子, 套管\nvt. 缝上袖子",,,cet6-all source:ecdict cet4 cet6 family:sleeves family:sleeved family:sleeving,4567
slender,'slendә,adj.,"a. 苗条的, 纤弱的, 微少的, 微薄的\n[机] 细的, 纤细的",,,cet6-all source:ecdict cet4 cet6 family:slendering,6578
slice,slais,n.,"n. 薄的切片, 一部分, 菜刀\nvt. 切成薄片, 切下\nvi. 切\n[计] 片",,,cet6-all source:ecdict cet4 cet6 cet6-core family:slices family:slicing family:sliced,3333
slide,slaid,n.,"n. 滑, 滑道, 山崩, 雪崩, 幻灯片\nvt. 使滑动, 偷偷放入\nvi. 滑动, 滑落, 不知不觉陷入, 偷偷地走",,,cet6-all source:ecdict cet4 cet6 cet6-core family:slid family:slides family:sliding,2174
slight,slait,n.,"n. 轻蔑, 怠慢\na. 轻微的, 纤细的, 脆弱的, 苗条的\nvt. 轻视, 忽略, 怠慢",,,cet6-all source:ecdict cet4 cet6 cet6-core family:slightest family:slighter family:slights family:slighted family:slighting,2982
slightly,'slaitli,adv.,"adv. 些微地, 苗条地",,,cet6-all source:ecdict cet4 cet6,1408
slim,slim,adj.,"a. 瘦的, 苗条的, 微小的, 稀少的, 微薄的\nvi. 变苗条\nvt. 使苗条",,,cet6-all source:ecdict cet6 family:slimmer family:slimming family:slimmed family:slims family:slimmest,5312
slip,slip,n.,"n. 滑, 滑行, 事故, 溜, 差错, 滑台, 下降, 插条, 后裔, 板条, 瘦长的年轻人\nvi. 滑动, 滑倒, 失足, 溜走, 滑落, 犯错, 变坏\nvt. 使滑动, 滑过, 摆脱, 闪开, 塞入, 从...取接枝\na. 滑动的, 滑移的, 活络的, 有活结的\n[计] 串行线接口协议",,,cet6-all source:ecdict cet4 cet6 cet6-core family:slipped family:slipping family:slips,1786
slipper,'slipә,n.,"n. 拖鞋, 制轮器\nvt. 用拖鞋打",,,cet6-all source:ecdict cet4 cet6 family:slippers family:slippered family:slippering,8779
slippery,'slipәri,adj.,"a. 滑的, 光滑的, 靠不住的, 圆滑的, 不稳固的\n[法] 狡猾的, 不可靠的, 不安定的",,,cet6-all source:ecdict cet4 cet6 cet6-core,7707
slit,slit,n.,"n. 裂缝, 投币口, 狭长裂口\nvt. 切开, 扯裂, 使有狭缝\nvi. 纵切, 纵裂",,,cet6-all source:ecdict cet4 cet6 family:slits family:slit family:dp family:slitting,11326
slogan,'slәugәn,n.,"n. 呐喊声, 标语, 口号",,,cet6-all source:ecdict cet4 cet6 cet6-core family:slogans family:sloganned,6076
slope,slәup,n.,"n. 倾斜, 斜坡, 斜率, 扛枪姿势\nvt. 使倾斜, 弄斜, 扛\nvi. 倾斜, 走, 逃走",,,cet6-all source:ecdict cet4 cet6 cet6-core family:slopes family:sloped family:sloping,3434
slot,slɒt,n.,"n. 水沟, 细长孔, 硬币投币口, 缝, 狭槽, 狭通道, 位置, 一档(广播节目等)\nvt. 开槽于, 把...纳入机构\n[计] 槽; 存储槽",,,cet6-all source:ecdict cet6 cet6-core family:slots family:slotted family:slotting,4842
slowly,'slәuli,adv.,"adv. 慢慢地, 迟缓地",,,cet6-all source:ecdict cet4 cet6,1222
slum,slʌm,n.,n. 贫民窟\nvi. 访问贫民区,,,cet6-all source:ecdict cet4 cet6 cet6-core family:slums family:slumming family:slummed,9642
slumber,'slʌmbә,n.,"n. 睡眠, 麻木状态\nvi. 微睡, 静止, 麻木\nvt. 睡着度过(时间)",,,cet6-all source:ecdict cet6 family:slumbers family:slumbering family:slumbered,15579
sly,slai,adj.,"a. 狡猾的, 诡密的, 俏皮的, 偷偷摸摸的",,,cet6-all source:ecdict cet4 cet6,9698
smart,smɑ:t,adj.,"a. 聪明的, 漂亮的, 刺痛的, 剧烈的, 敏捷的, 巧妙的, 伶俐的, 潇洒的\nn. 刺痛, 痛苦\nvi. 刺痛",,,cet6-all source:ecdict cet4 cet6 family:smarter family:smarting family:smartest family:smarted family:smarts,1856
smash,smæʃ,n.,"n. 打碎, 粉碎, 打碎时哗啦声, 猛击, 扣球, 杀球, 经营失败, 破产, 硬币, 假硬币\na. 非常轰动的, 了不起的\nvt. 打碎, 粉碎, 击溃, 使破产, 使裂变, 使用假硬币\nvi. 碎裂, 猛撞, 破产, 扣球, 杀球\nadv. 轰隆一声, 哗啦一声",,,cet6-all source:ecdict cet4 cet6 cet6-core family:smashed family:smashing family:smashes,5113
smog,smәug,n.,n. 烟雾\n[化] 烟雾,,,cet6-all source:ecdict cet4 cet6 family:smogs,12947
smooth,smu:ð,adj.,"a. 平滑的, 平稳的, 流畅的, 和蔼的, 安祥的, 圆滑的, 调匀的, 无毛的\nvt. 使光滑, 烫平, 使平和, 消除\nvi. 变平滑, 变平静\nn. 一块平地, 平滑部分",,,cet6-all source:ecdict cet4 cet6 family:smoothing family:smoother family:smoothed family:smooths family:smoothest,2422
smoothly,'smu:ðli,adv.,"adv. 平滑地, 流畅地, 流利地",,,cet6-all source:ecdict cet4 cet6,6168
smuggle,'smʌgl,vt.,"vt. 偷运, 走私, 私运\nvi. 走私",,,cet6-all source:ecdict cet6 cet6-core family:smuggled family:smuggling family:smuggles,8668
snack,snæk,n.,"n. 小吃, 点心, 快餐\nvi. 吃零食, 吃快餐",,,cet6-all source:ecdict cet6 cet6-core family:snacks family:snacking family:snacked,5187
snail,sneil,n.,"n. 蜗牛, 行动迟缓的人, 脑筋迟钝的人, 蜗形凸轮\nvt. (蜗牛般)缓慢地打发(时间)\nvi. 缓慢移动",,,cet6-all source:ecdict cet6 family:snails,10183
snake,sneik,n.,"n. 蛇, 阴险的人\nvi. 曲折行进\nvt. 迂回, 拉, 急抽",,,cet6-all source:ecdict cet4 cet6 family:snakes family:snaked family:snaking,3481
snap,snæp,vt.,"vt. 使突然中断, 猛咬, 争夺, 拉断, 使有啪啪声, 厉声说, 突然射击, 用快照拍摄\nvi. 咬, 扑, 抓, 折断, 劈啪地响, 厉声说, 砰然关上\nn. 猛咬, 猛扑, 劈啪声, 申斥, 快照, 活力, 一般时期的寒冷天气, 揿钮\na. 突然的, 装搭扣的\nadv. 猛地\n[计] 子网访问协议",,,cet6-all source:ecdict cet4 cet6 family:snapped family:snapping family:snaps,2597
snatch,snætʃ,n.,"n. 抢夺, 攫取, 片断\nvt. 夺取, 攫取\nvi. 想抢走, 攫取",,,cet6-all source:ecdict cet6 cet6-core family:snatched family:snatching family:snatches,6071
sneak,sni:k,vi.,"vi. 鬼鬼祟祟做事\nvt. 偷偷地做\nn. 鬼鬼祟祟的人, 偷偷摸摸的行为, 帆布胶底运动鞋\na. 暗中进行的",,,cet6-all source:ecdict cet6 cet6-core family:sneaked family:sneaking family:sneaks,4557
sneer,sniә,n.,"n. 冷笑, 嘲笑\nvi. 嘲笑, 冷笑\nvt. 嘲笑着说, 嘲笑得使",,,cet6-all source:ecdict cet6 family:sneered family:sneering family:sneers,12717
sneeze,sni:z,n.,n. 喷嚏\nvi. 打喷嚏,,,cet6-all source:ecdict cet6 family:sneezing family:sneezed family:sneezes,12750
sniff,snif,n.,"n. 以鼻吸气, 嗅, 气息\nvi. 嗅, 蔑视, 嗤之以鼻\nvt. 闻, 用力吸, 发觉",,,cet6-all source:ecdict cet6 cet6-core family:sniffed family:sniffing family:sniffs,5870
snob,snɒb,n.,"n. 势利的人, 假内行",,,cet6-all source:ecdict cet6 family:snobs,17236
snobbish,'snɒbiʃ,adj.,"a. 自命不凡的, 势利的",,,cet6-all source:ecdict cet6,29534
snore,snɒ:,n.,"n. 鼾声, 打鼾\nvi. 打鼾\nvt. 打鼾度过",,,cet6-all source:ecdict cet6 family:snoring family:snored family:snores,10440
snowstorm,'snәustɒ:m,n.,n. 暴风雪\n[化] 雪暴,,,cet6-all source:ecdict cet4 cet6 family:snowstorms,13456
snowy,'snәui,adj.,"a. 多雪的, 雪的, 被雪所覆盖着的, 下雪的",,,cet6-all source:ecdict cet4 cet6 family:snowys family:snowiest,9600
so-called,,adj.,"a. 所谓的, 号称的\n[法] 所谓的, 据称的",,,cet6-all source:ecdict cet4 cet6,
soak,sәuk,n.,"n. 浸, 湿透, 大雨\nvt. 使上下湿透, 浸, 吸入, 吸收, 浸洗掉\nvi. 浸泡, 渗透",,,cet6-all source:ecdict cet4 cet6 family:soaking family:soaked family:soaks,4835
soap,sәup,n.,"n. 肥皂, 阿谀\nvt. 以肥皂洗, 阿谀\n[计] 评语",,,cet6-all source:ecdict cet4 cet6 family:soaps family:soaping family:soaped,4344
soar,sɒ:,n.,"n. 高扬, 翱翔\nvi. 往上飞舞, 高耸, 翱翔",,,cet6-all source:ecdict cet6 cet6-core family:soared family:soaring family:soars,4707
sob,sɒb,vi.,"vi. 啜泣, 呜咽\nvt. 哭诉, 哭得使\nn. 啜泣, 呜咽",,,cet6-all source:ecdict cet4 cet6 family:sobbing family:sobbed family:sobs,7230
sober,'sәubә,adj.,"a. 未醉的, 稳重的, 节制的, 严肃的, 不夸大的, 合理的, 朴素的\nvt. 使醒酒, 使严肃\nvi. 从醉里醒来, 变严肃",,,cet6-all source:ecdict cet4 cet6 cet6-core family:sobered family:sobers family:sobering,7423
soccer,'sɒkә,n.,n. 英式足球,,,cet6-all source:ecdict cet4 cet6,3353
social,'sәuʃәl,adj.,"a. 社会的, 群居的, 社交的\nn. 联欢会",,,cet6-all source:ecdict cet4 cet6,319
socialism,'sәuʃәlizm,n.,"n. 社会主义, 社会主义运动",,,cet6-all source:ecdict cet4 cet6 family:socialisms,7238
socialist,'sәuʃәlist,n.,"n. 社会主义者, 社会党党员\n[法] 社会主义的",,,cet6-all source:ecdict cet4 cet6 family:socialists,5591
society,sә'saiәti,n.,n. 社会；社交界；交往；社团,,,cet6-all source:ecdict cet4 cet6 family:societies,507
sociology,.sәusi'ɒlәdʒi,n.,n. 社会学\n[医] 社会学,,,cet6-all source:ecdict cet6 cet6-core family:sociologies,8002
sock,sɒk,n.,"n. 短袜, 鞋垫, 一击\nvt. 重击, 猛投, 给...穿袜\nvi. 打击\nadv. 正着地, 不偏不倚地\na. 非常成功的",,,cet6-all source:ecdict cet4 cet6 family:socks family:socked family:socking,4277
soda,'sәudә,n.,"n. 苏打, 碳酸水\n[化] 纯碱; 苏打; 碳酸钠",,,cet6-all source:ecdict cet4 cet6 family:sodas,5125
sodium,'sәudiәm,n.,n. 钠\n[化] 钠Na,,,cet6-all source:ecdict cet6,3783
sofa,'sәufә,n.,n. 沙发,,,cet6-all source:ecdict cet6 family:sofas,4782
soft,sɒft,adj.,"a. 软的, 温和的, 柔和的, 柔滑的, 温柔的, 软弱的, 坡度小的, 笨的, 纸币的\nn. 柔软的东西, 笨人, 纸币\nadv. 柔软地, 温和地",,,cet6-all source:ecdict cet4 cet6 family:softer family:softest,1374
soften,'sɒftn,v.,"v. (使)变柔软, (使)变柔和",,,cet6-all source:ecdict cet6 family:softened family:softening family:softens,4869
softly,'sɒftli,adv.,"adv. 柔和地, 静静地, 温柔地",,,cet6-all source:ecdict cet4 cet6,4040
softness,'sɒftnis,n.,"n. 柔和, 温柔",,,cet6-all source:ecdict cet6 family:softnesses,13851
software,'sɒftwєә,n.,n. 软件\n[计] 软设备,,,cet6-all source:ecdict cet4 cet6,1577
soil,sɒil,n.,"n. 土壤, 土地, 国家, 国土, 温床, 污物, 粪便, 水池\nvt. 弄脏, 污辱\nvi. 变脏",,,cet6-all source:ecdict cet4 cet6 family:soils family:soiled family:soiling,1791
solar,'sәulә,adj.,"a. 太阳的, 日光的, 源自太阳的\n[医] 太阳的; 腹腔丛的",,,cet6-all source:ecdict cet4 cet6,2744
sole,sәul,n.,"n. 脚掌, 鞋底, 底部\na. 唯一的, 仅有的, 单独的, 独身的\nvt. 上鞋底, 触底",,,cet6-all source:ecdict cet4 cet6 family:soles family:soled family:soling,4535
solely,'sәulli,adv.,"adv. 仅仅, 单独地",,,cet6-all source:ecdict cet4 cet6,4671
solemn,'sɒlәm,adj.,"a. 严肃的, 郑重的, 庄严的",,,cet6-all source:ecdict cet4 cet6 cet6-core,9168
solid,'sɒlid,n.,"n. 固体\na. 坚硬的, 稳固的, 固体的, 实心的, 纯质的, 立体的, 立方的\n[计] 原色",,,cet6-all source:ecdict cet4 cet6 family:solids,2011
solidarity,.sɒli'dæriti,n.,"n. 团结, 团结一致, 共同一致\n[法] 团结, 共同责任",,,cet6-all source:ecdict cet6 cet6-core family:solidarities,6213
solidify,sә'lidifai,v.,"v. (使)凝固, (使)团结, 巩固",,,cet6-all source:ecdict cet6 family:solidifying family:solidifies family:solidified,10906
solitary,'sɒlitәri,n.,"n. 独居者\na. 孤独的, 独居的",,,cet6-all source:ecdict cet6 cet6-core family:solitaries,6798
solo,'sәulәu,n.,"n. 独奏, 独唱, 单独表演\na. 单独的, 独奏的, 独唱的\nvi. 放单飞",,,cet6-all source:ecdict cet6 cet6-core family:solos family:soloing family:soloed,5164
soluble,'sɒljubl,adj.,"a. 溶解的, 可溶解的, 可以解决的\n[医] 溶解的, 可溶的",,,cet6-all source:ecdict cet4 cet6 cet6-core family:solubles,18497
solution,sә'lu:ʃәn,n.,"n. 解决, 解答, 溶液\n[化] 溶液",,,cet6-all source:ecdict cet4 cet6 cet6-core family:solutions,1221
solvable,'sɒlvәbl,adj.,"a. 可以解的, 可以解决的\n[医] 溶解的, 可溶的",,,cet6-all source:ecdict cet6,30153
solve,sɒlv,vt.,"vt. 解决, 付给, 溶解\nvt. 求解\nvi. 求解\n[计] 求解",,,cet6-all source:ecdict cet4 cet6 family:solved family:solving family:solves,1825
somehow,'sʌmhau,adv.,adv. 不知何故,,,cet6-all source:ecdict cet4 cet6,1649
sometime,'sʌmtaim,adj.,"a. 以前的, 某一时间的\nadv. 改天, 来日",,,cet6-all source:ecdict cet4 cet6,4914
somewhat,'sʌmhwɒt,n.,"n. 某物, 几分\nadv. 多少, 几分",,,cet6-all source:ecdict cet4 cet6,1897
sophisticate,sә'fistikeit,n.,"n. 久经世故的人, 精于...之道的人\nvt. 篡改, 曲解, 使变得世故, 掺合, 弄复杂\nvi. 诡辩",,,cet6-all source:ecdict cet6 family:sophisticates family:sophisticated family:sophisticating,28011
sophisticated,sә'fistikeitid,adj.,"a. 复杂的, 久经世故的\n[法] 尖端的, 高级的, 非常有经验的",,,cet6-all source:ecdict cet4 cet6 cet6-core family:dp family:sophisticate,3077
sore,sɒ:,adj.,"a. 悲伤的, 痛的, 引起痛苦的\nn. 痛处, 溃疡, 疮",,,cet6-all source:ecdict cet4 cet6 family:sores family:sorer,6349
sorrow,'sɒrәu,n.,"n. 悲伤, 哀惜, 不幸\nvi. 悲伤, 懊悔, 遗憾",,,cet6-all source:ecdict cet4 cet6 family:sorrows family:sorrowed family:sorrowing,6304
sorrowful,'sɒrәuful,adj.,a. 悲伤的,,,cet6-all source:ecdict cet6,19887
sort,sɒ:t,n.,"n. 种类, 方式, 品质, 态度, 举止\nvt. 分类, 排序, 挑选\nvi. 交往, 协调\n[计] 排序; DOS外部命令:从标准输入设备接收数据, 整个数据输入完后\n对它以行为单位进行排序, 然后在标准输出设备上输出",,,cet6-all source:ecdict cet4 cet6 family:sorts family:sorted family:sorting,835
soul,sәul,n.,"n. 灵魂, 心灵, 精神, 精髓, 人, 化身, 典型, 鬼魂\na. 黑人的",,,cet6-all source:ecdict cet4 cet6 family:souls,1604
soup,su:p,n.,"n. 汤, 马力\nvt. 加速, 增加马力",,,cet6-all source:ecdict cet4 cet6 family:soups family:souped family:souping,2997
sour,'sauә,adj.,"a. 酸的, 酸臭的, 发酵的, 愠怒的, 讨厌的, 拙劣的, 不健全的\nvi. 变酸, 发酵, 厌烦, 变坏\nvt. 使变酸, 使失望\nn. 酸味, 酸饮料",,,cet6-all source:ecdict cet4 cet6 cet6-core family:soured family:sours family:souring family:sourer family:sourest,5281
source,sɒ:s,n.,"n. 来源, 水源, 根源, 原始资料, 源\n[计] 来源, 源程序",,,cet6-all source:ecdict cet4 cet6 family:sources family:sourced family:sourcing,597
southeast,sauθ'i:st,n.,"n. 东南, 东南地区\na. 东南的, 向东南的, 来自东南的\nadv. 往东南, 来自东南",,,cet6-all source:ecdict cet4 cet6,3708
southern,'sʌðәn,n.,"n. 南方人, 男风\na. 向南方的, 来自南方的",,,cet6-all source:ecdict cet4 cet6,1105
southwards,'sajθwәdz,adv.,adv. 在南方,,,cet6-all source:ecdict cet6,
southwest,sauθ'west,n.,"n. 西南, 西南方, 西南地区\na. 西南的, 来自西南方的\nadv. 往西南, 来自西南",,,cet6-all source:ecdict cet4 cet6,3564
souvenir,.su:vә'niә,n.,n. 纪念品,,,cet6-all source:ecdict cet6 family:souvenirs,8063
sovereign,'sɒvrin,n.,"n. 元首, 独立国\na. 具有主权的, 至高无上的, 国王的, 完全的",,,cet6-all source:ecdict cet6 cet6-core family:sovereigns,8038
soviet,'sәuviәt,n.,"n. 代表会议, 苏维埃, 苏联\na. 苏维埃的, 苏联的",,,cet6-all source:ecdict cet4 cet6 family:soviets,1246
sow,sau. sәu,n.,"n. 母猪, 懒胖女人\nvt. 播种, 散布, 使密布\nvi. 播种",,,cet6-all source:ecdict cet4 cet6 family:sown family:sows family:sowing family:sowed,10366
soy,sɒi,n.,"n. 酱油, 大豆\n[医] 大豆; 酱油",,,cet6-all source:ecdict cet6,6060
space,speis,n.,"n. 位置, 空间, 距离, 太空, 空白, 间隔, (期刊等的)篇幅\nvt. 隔开, 分隔\nvi. 留间隔\n[计] 空白, 空格校验",,,cet6-all source:ecdict cet4 cet6 family:spaces family:spaced family:spacing,521
spacecraft,'speiskræft,n.,n. 航天飞船,,,cet6-all source:ecdict cet4 cet6 family:spacecrafts,6442
spaceship,'speisʃip,n.,n. 宇宙飞船,,,cet6-all source:ecdict cet4 cet6 family:spaceships,11577
spacious,'speiʃәs,adj.,"a. 广大的, 宽广的",,,cet6-all source:ecdict cet6 cet6-core,8653
spade,speid,n.,"n. 铲子, 锄, 铲刀, 黑桃\nvt. 以锄掘, 把...弄实抹平\nvi. 铲",,,cet6-all source:ecdict cet4 cet6 family:spades family:spading family:spaded,13365
span,spæn,n.,"n. 指距, 全长, 跨距, 一段时间, 小范围\nvt. 以手指测量, 跨越, 架设, 持续",,,cet6-all source:ecdict cet4 cet6 cet6-core family:spanning family:spanned family:spans family:span family:dp,5718
spanish,'spæniʃ,n.,"n. 西班牙人, 西班牙语\na. 西班牙的",,,cet6-all source:ecdict cet4 cet6,2204
spark,spɑ:k,n.,"n. 火花, 火星, 闪光, 无线电报务员, 瞬间放电, 活力, 朝气, 花花公子, 情郎\nvi. 闪光, 发火花, 求婚\nvt. 发动, 鼓舞, 使有朝气, 求婚",,,cet6-all source:ecdict cet4 cet6 family:sparks family:sparked family:sparking,4805
sparkle,'spɑ:kl,n.,"n. 闪耀, 火花, 活力, 发泡\nvi. 闪耀, 冒火花\nvt. 使闪耀",,,cet6-all source:ecdict cet4 cet6 cet6-core family:sparkled family:sparkling family:sparkles,10602
sparrow,'spærәu,n.,n. 麻雀,,,cet6-all source:ecdict cet4 cet6 family:sparrows,14123
spatial,'speiʃәl,adj.,"a. 空间的, 受空间条件限制的, 占地位的\n[医] 隙的, 间隙的, 腔的; 空间的, 立体的",,,cet6-all source:ecdict cet6,5869
speaker,'spi:kә,n.,"n. 说话人, 讲演者, 发言人, 喇叭, 扬声器\n[计] 扬声器",,,cet6-all source:ecdict cet4 cet6 family:speakers,2535
spear,spiә,n.,"n. 矛, 枪, 持矛者, 嫩枝\nvt. 用矛刺\nvi. 刺, 戳\na. 父系的",,,cet6-all source:ecdict cet4 cet6 family:spears family:speared family:spearing,8310
special,'speʃәl,n.,"n. 专辑, 专车, 号外, 特别的东西, 负有特别任务的人员\na. 特别的, 专门的, 特殊的, 额外的, 附加的, 特别亲密的",,,cet6-all source:ecdict cet4 cet6 family:specials,520
specialist,'speiʃәlist,n.,"n. 专门医师, 专家\na. 专业的, 专家的",,,cet6-all source:ecdict cet4 cet6 cet6-core family:specialists,2546
speciality,.speʃi'æliti,n.,"n. 专长, 擅长, 特种技能, 详细说明, 特性, 特产, 专业\n[化] 特制品",,,cet6-all source:ecdict cet4 cet6 family:specialities,23907
specialize,'speʃәlaiz,vt.,"vt. 使特殊化, 列举, 特别指明, 限定...的范围\nvi. 成为专家, 专攻",,,cet6-all source:ecdict cet4 cet6 family:specializing family:specialized family:specializes,4111
specially,'speʃәli,adv.,"adv. 特别地, 专门地",,,cet6-all source:ecdict cet4 cet6,7946
species,'spi:ʃiz,n.,"n. 种, 类, 外形\n[医] 茶剂; 种",,,cet6-all source:ecdict cet4 cet6 cet6-core,1141
specific,spi'sifik,n.,"n. 特效药, 特性\na. 特殊的, 明确的, 具有特效的, 特定地, 具体地",,,cet6-all source:ecdict cet4 cet6 cet6-core family:specifics,979
specifically,spi'sifikli,adv.,"adv. 特定地, 明确地, 按特性",,,cet6-all source:ecdict cet6,1958
specification,.spesifi'keiʃәn,n.,"n. 规格, 详述, 详细说明书\n[计] 规范; 形式说明; 说明; 说明书; 规格",,,cet6-all source:ecdict cet6 cet6-core family:specifications,7835
specify,'spesifai,vt.,"vt. 详列, 指定, 说明\n[计] 指定",,,cet6-all source:ecdict cet4 cet6 family:specified family:specifying family:specifies,4860
specimen,'spesimәn,n.,"n. 样品, 标本, 试料\n[化] 试样",,,cet6-all source:ecdict cet4 cet6 family:specimens,5851
spectacle,'spektәkl,n.,"n. 引人羡慕的东西, 景象, 眼镜, 场面, 公开展示",,,cet6-all source:ecdict cet4 cet6 cet6-core family:spectacles family:spectacled,5857
spectacular,spek'tækjulә,adj.,"a. 公开展示的, 惊人的, 壮观的\nn. 奇观, 惊人之举, 展览物",,,cet6-all source:ecdict cet6 family:spectaculars,4196
spectator,spek'teitә,n.,"n. 观众, 目击者, 旁观者",,,cet6-all source:ecdict cet6 cet6-core family:spectators,5215
spectrum,'spektrәm,n.,"n. 光谱, 范围, 系列\n[化] 光谱",,,cet6-all source:ecdict cet6 cet6-core family:spectra,3893
speculate,'spekjuleit,vi.,"vi. 深思, 推测, 投机\n[经] 投机",,,cet6-all source:ecdict cet6 cet6-core family:speculating family:speculated family:speculates,4809
speech,spi:tʃ,n.,"n. 演讲, 说话, 谈话, 言语, 引语, 民族语言\n[医] 言语, 语言",,,cet6-all source:ecdict cet4 cet6 family:speeches,1100
speed,spi:d,n.,"n. 速率, 速度, 迅速\nvi. 加速, 超速, 快进\nvt. 快速传送, 促进, 使加速\n[计] 中央处理机速度设置程序",,,cet6-all source:ecdict cet4 cet6 family:speeds family:speeding family:sped family:speeded,1390
spell,spel,n.,"n. 符咒, 魅力, 轮值, 轮班, 工作时间, 一次发作\nvt. 拼写, 拼成, 琢磨, 理解, 招致, 轮换, 迷住\nvi. 轮换, 拼字",,,cet6-all source:ecdict cet4 cet6 family:spells family:spelt family:spelling,4299
spelling,'speliŋ,n.,"n. 拼, 拼字, 拼法\n[计] 拼写检查",,,cet6-all source:ecdict cet4 cet6 family:spell family:i family:spelling family:spellings,7907
sphere,sfiә,n.,"n. 球, 球面, 球体, 天体, 地球仪, 范围\nvt. 包围, 使成球体, 放入球内",,,cet6-all source:ecdict cet4 cet6 family:spheres,4533
spherical,'sferikl,adj.,"a. 球的, 球面的, 球状的, 天体的\n[医] 球形的, 球状的",,,cet6-all source:ecdict cet6,14655
spice,spais,n.,"n. 香料, 药料, 香气, 调味品, 情趣, 少许\nvt. 加香料, 使添趣味",,,cet6-all source:ecdict cet6 cet6-core family:spices family:spiced family:spicing,5640
spider,'spaidә,n.,"n. 蜘蛛, 设圈套者\n[化] 星形轮",,,cet6-all source:ecdict cet4 cet6 family:spiders,5555
spill,spil,n.,"n. 溢出, 溅出, 摔下, 溢出量, 木片, 小塞子\nvt. 使溢出, 使散落, 洒, 使流出, 倒出, 使摔下\nvi. 溢出, 涌流, 摔下",,,cet6-all source:ecdict cet4 cet6 family:spilling family:spilled family:spills,3671
spin,spin,n.,"n. 旋转, 自旋, 疾驰, 情绪低落\nvt. 纺织, 纺, 使旋转, 编造\nvi. 纺纱, 吐丝, 作茧, 结网, 旋转, 自旋, 疾驰",,,cet6-all source:ecdict cet4 cet6 family:spinning family:spun family:spins,2644
spinal,'spainl,adj.,"a. 针的, 尖刺的, 尖刺状突起的, 脊骨的\n[医] 棘折; 脊柱的",,,cet6-all source:ecdict cet6,7983
spiral,'spairәl,n.,"n. 螺旋形之物, 螺线\na. 螺旋形的, 盘旋的\nvi. 螺旋形下降, 螺旋形上升, 螺旋形行进\nvt. 使螺旋形行进",,,cet6-all source:ecdict cet6 cet6-core family:spirals family:spiralling family:spiralled,8028
spirit,'spirit,n.,"n. 精神, 心灵, 灵魂, 态度, 志气, 人格, 情绪, 心情, 烈酒\nvt. 诱拐, 鼓励, 鼓舞",,,cet6-all source:ecdict cet4 cet6 family:spirits family:spirited family:spiriting,1180
spiritual,'spiritʃuәl,adj.,"a. 精神上的, 神圣的, 崇高的, 高尚的, 鬼的, 招魂术的\nn. 有关教会的事",,,cet6-all source:ecdict cet4 cet6 family:spirituals,2096
spit,spit,n.,"n. 唾液, 唾吐, 小雨, 炙叉, 一铲的深度\nvt. 唾吐, 吐出, 降小雨, 用炙叉穿过\nvi. 吐唾沫, 吐痰, 唾弃, 飘霏霏细雨",,,cet6-all source:ecdict cet4 cet6 family:spat family:spitting family:spits family:pd family:spit,4932
spite,spait,n.,"n. 恶意, 怨恨, 使人烦恼的事物\nvt. 故意刁难, 欺侮",,,cet6-all source:ecdict cet4 cet6 cet6-core family:spiting family:spited family:spites,4179
splash,splæʃ,n.,"n. 飞溅, 污点, 一点儿, 溅泼声, 色斑\nvi. 溅湿, 溅开, 飞溅\nvt. 溅, 泼, 使溅起水, 洒, 使成斑驳状",,,cet6-all source:ecdict cet4 cet6 cet6-core family:splashing family:splashed family:splashes,6696
splendid,'spendid,adj.,"a. 光亮的, 了不起的, 灿烂的, 壮丽的, 显著的, 杰出的",,,cet6-all source:ecdict cet4 cet6,7708
split,split,n.,"n. 劈开, 裂片, 裂缝, 分裂, 派系, 派别, 柳条\na. 劈开的\nvi. 分离, 分开, 裂开, 被劈开\nvt. 劈开, 切开, 使分裂, 使分离\n[计] 拆分",,,cet6-all source:ecdict cet4 cet6 family:split family:dp family:splitting family:splits,2910
spoil,spɒil,n.,"n. 战利品, 赃物, 奖品, 变质, 次品\nvt. 损坏, 破坏, 溺爱\nvi. 腐坏, 掠夺",,,cet6-all source:ecdict cet4 cet6 cet6-core family:spoiled family:spoiling family:spoils,6411
spokesman,'spәuksmәn,n.,"n. 发言人, 代言者",,,cet6-all source:ecdict cet6 family:spokesmen,2723
sponge,spʌndʒ,n.,"n. 海绵, 海绵状的东西\nvt. 用海绵擦拭, 吸收掉, 抹掉\nvi. 采集海绵, 海绵般吸收",,,cet6-all source:ecdict cet4 cet6 cet6-core family:sponges family:sponged family:sponging,9290
sponsor,'spɒnsә,n.,"n. 保证人, 赞助者, 发起者, 倡议者, 教父\nvt. 发起, 赞助, 倡议",,,cet6-all source:ecdict cet4 cet6 family:sponsored family:sponsors family:sponsoring,3453
spontaneous,spɒn'teiniәs,adj.,"a. 自然的, 自发的, 未经琢磨的\n[医] 自发的, 特发的, 自生的",,,cet6-all source:ecdict cet4 cet6 cet6-core,6576
spoon,spu:n,n.,"n. 匙, 调羹, 匙形工具\nvt. 以匙舀起, 调情, 使成匙状",,,cet6-all source:ecdict cet4 cet6 family:spoons family:spooned family:spooning,4339
sportsman,'spɒ:tsmәn,n.,"n. 运动员, 冒险家",,,cet6-all source:ecdict cet4 cet6 family:sportsmen,14506
spot,spɒt,n.,"n. 污点, 地点, 斑点, 点, 娱乐场所, 处境, 少量\na. 当场的, 现场的, 现货买卖的, 现金交易的, 抽样的\nvt. 点缀, 玷污, 认出, 准确定...的位, 用灯光照射\nvi. 玷污, (从空中)侦察敌方目标",,,cet6-all source:ecdict cet4 cet6 family:spots family:spotted family:spotting,1228
spouse,spauz,n.,n. 配偶,,,cet6-all source:ecdict cet6 cet6-core family:spouses,3777
spray,sprei,n.,"n. 水沫, 浪花, 水花, 喷雾, 喷雾器, 小树枝\nvt. 喷雾, 扫射, 喷射\nvi. 喷, 溅开",,,cet6-all source:ecdict cet4 cet6 family:sprayed family:sprays family:spraying,4417
spread,spred,n.,"n. 传播, 散布, 伸展\na. 双唇展开的, 伸展的\nvt. 展开, 铺开, 传播, 推广, 伸出, 涂, 敷, 延伸\nvi. 展开, 扩大, 传开, 延伸\n[计] 展开",,,cet6-all source:ecdict cet4 cet6 family:spread family:dp family:spreading family:spreads,1371
springtime,'spriŋtaim,n.,"n. 春天, 春季, 初期",,,cet6-all source:ecdict cet4 cet6,14237
sprinkle,'spriŋkl,vt.,"vt. 洒, 散置, 撒, 点缀\nvi. 洒, 撒, 下小雨\nn. 洒, 撒, 散置, 小雨, 少量",,,cet6-all source:ecdict cet4 cet6 cet6-core family:sprinkled family:sprinkling family:sprinkles,4663
spur,spә:,n.,"n. 马刺, 刺激物, 鼓舞\nvt. 刺激, 激励, 用马刺策(马)前进\nvi. 用马刺驱马, 疾驰",,,cet6-all source:ecdict cet4 cet6 family:spurred family:spurring family:spurs,6458
spy,spai,n.,"n. 间谍, 侦探, 侦察\nvt. 侦察, 找出, 发现\nvi. 做密探, 侦查",,,cet6-all source:ecdict cet4 cet6 cet6-core family:spies family:spying family:spied,4846
square,skwєә,n.,"n. 正方形, 街区, 广场, 平方, 直角尺\na. 正方形的, 正直的, 公正的, 平方的, 方正的, 结清的\nadv. 成直角地, 对准地\nvi. 一致, 符合, 结清\nvt. 使成方形, 使平方自乘, 调正, 结清, 使一致",,,cet6-all source:ecdict cet4 cet6 family:squares family:squared family:squaring,2747
squash,skwɒʃ,n.,"n. 挤压, 压碎的东西, 南瓜属植物, 拥挤的人群\nvt. 压扁, 镇压, 压制\nvi. 被压扁, 发溅泼声, 挤入",,,cet6-all source:ecdict cet6 family:squashed family:squashing family:squashes,6923
squat,skwɒt,n.,"n. 蹲, 窝\na. 蹲着的, 矮胖的\nvi. 蹲下, 蹲坐, 蹲伏\nvt. 使蹲下, 擅自占有",,,cet6-all source:ecdict cet6 family:squatted family:squatting family:squats,7870
squeeze,skwi:z,n.,"n. 紧握, 挤, 榨, 榨取, 佣金\nvt. 紧握, 挤, 榨取\nvi. 压榨, 榨",,,cet6-all source:ecdict cet4 cet6 family:squeezed family:squeezing family:squeezes,2891
squirrel,'skwә:rәl,n.,"n. 松鼠, 松鼠毛皮\nvt. 贮藏",,,cet6-all source:ecdict cet4 cet6 family:squirrels family:squirrelling family:squirrelled,6904
stab,stæb,n.,"n. 刺, 戳, 剧痛, 尝试, 努力\nvt. 刺, 戳, 刺入, 刺痛, 直入, 使伤心\nvi. 刺, 刺伤",,,cet6-all source:ecdict cet4 cet6 cet6-core family:stabbed family:stabbing family:stabs,5835
stability,stә'biliti,n.,"n. 安定, 稳定性, 坚实, 巩固\n[化] 稳定性",,,cet6-all source:ecdict cet4 cet6 cet6-core family:stabilities,2962
stabilize,'steibilaiz,vt.,"vt. 使安定, 使稳固\nvi. 稳定, 安定",,,cet6-all source:ecdict cet6 cet6-core family:stabilized family:stabilizing family:stabilizes,5723
stable,'steibl,n.,"n. 马房, 牛棚\na. 稳定的, 安定的, 坚固的, 坚定的\nvt. 赶入马房\nvi. 被关在马厩",,,cet6-all source:ecdict cet4 cet6 cet6-core family:stables family:stabled family:stabling,2903
stack,stæk,n.,"n. 堆叠, 堆, 大量, 书库, 枪架, 烟囱, 堆积, 存贮栈\nvt. 堆积, 堆满, 暗中对...做手脚\nvi. 堆起\n[计] 堆积, 堆栈",,,cet6-all source:ecdict cet4 cet6 cet6-core family:stacks family:stacked family:stacking,4466
stadium,'steidiәm,n.,"n. 露天大型运动场\n[医] 期, 病期",,,cet6-all source:ecdict cet4 cet6 family:stadia,4128
staff,stɑ:f,n.,"n. 全体人员, 工作班子, 棍棒, 杆, 拐杖, 支柱, 权杖\na. 职员的, 雇员的, 参谋的\nvt. 为...配备人员",,,cet6-all source:ecdict cet4 cet6 family:staffed family:staffs family:staffing,784
stage,steidʒ,n.,"n. 阶段, 舞台, 场所, 戏剧, 站, 驿站, 级, 层, 脚手架\nvt. 上演, 表演, 筹划\nvi. 适于上演, 乘驿车旅行",,,cet6-all source:ecdict cet4 cet6 family:stages family:staged family:staging,829
stagger,'stægә,n.,"n. 蹒跚, 踌躇\nvi. 蹒跚, 犹豫\nvt. 使摇摆, 使踌躇, 交错, 错开\na. 交错的, 错开的",,,cet6-all source:ecdict cet6 cet6-core family:staggered family:staggering family:staggers,7724
stain,stein,n.,"n. 污染, 污点, 着色剂\nvt. 沾染, 染污, 着色\nvi. 变脏",,,cet6-all source:ecdict cet4 cet6 family:stained family:staining family:stains,6708
stainless,'steinlis,adj.,"a. 无瑕疵的, 不锈的\n[机] 不绣的, 污染的",,,cet6-all source:ecdict cet6,8262
stair,stєә,n.,"n. 梯级, 楼梯, 阶梯",,,cet6-all source:ecdict cet4 cet6,2863
staircase,'stєәkeis,n.,"n. 楼梯, 梯子, 楼梯部分\n[医] 阶梯现象",,,cet6-all source:ecdict cet4 cet6 cet6-core family:staircases,7028
stairway,'stєәwei,n.,"n. 楼梯, 阶梯",,,cet6-all source:ecdict cet6 family:stairways,10157
stake,steik,n.,"n. 桩, 炮烙刑, 木柱, 赌注, 奖金\nvt. 打桩, 用桩撑, 下赌注, 资助\nvi. 打赌",,,cet6-all source:ecdict cet4 cet6 family:stakes family:staking family:staked,2591
stale,steil,n.,"n. 尿\na. 不新鲜的, 陈腐的, 疲惫的, 陈旧的\nvt. 使变旧, 走味\nvi. 变陈旧, 走味, 失时效, 撒尿",,,cet6-all source:ecdict cet4 cet6 family:staler family:staled family:stales family:staling family:stalest,9924
stalk,stɒ:k,n.,"n. 茎, 追踪, 高视阔步\nvi. 悄悄靠近, 蹑手蹑脚地走近, 蔓延, 高视阔步\nvt. 追踪, 搜索",,,cet6-all source:ecdict cet6 cet6-core family:stalks family:stalked family:stalking,6634
stall,stɒ:l,n.,"n. 厩, 停车处, 牧师职位, 货摊, 托辞, 拖延\nvt. 关入厩, 停顿, 推托, 支吾, 使陷于泥中\nvi. 被关在厩内, 陷于泥中, 停止, 支吾",,,cet6-all source:ecdict cet6 cet6-core family:stalls family:stalled family:stalling,6674
stammer,'stæmә,v.,"v. 口吃, 结结巴巴地说\nn. 口吃, 结巴",,,cet6-all source:ecdict cet6 family:stammered family:stammering family:stammers,14314
standard,'stændәd,n.,"n. 标准, 规格, 旗, 军旗, 本位\na. 标准的, 合规格的\n[计] 标准",,,cet6-all source:ecdict cet4 cet6 family:standards,806
standardize,'stændәdaiz,vt.,"vt. 使标准化, 使合于标准, 用标准检验\n[计] 标准化; 规格化",,,cet6-all source:ecdict cet6 family:standardized family:standardizing family:standardizes,13182
standpoint,'stændpɒint,n.,"n. 立场, 观点",,,cet6-all source:ecdict cet4 cet6 cet6-core family:standpoints,6206
stare,stєә,vi.,"vi. 注视, 凝视, 瞪视, 显眼\nvt. 盯\nn. 凝视",,,cet6-all source:ecdict cet4 cet6 family:stared family:staring family:stares,1131
startle,'stɑ:tl,n.,"n. 惊愕, 惊恐\nvt. 吃惊, 使惊愕\nvi. 惊起",,,cet6-all source:ecdict cet4 cet6 cet6-core family:startled family:startling family:startles,5455
starve,stɑ:v,v.,"v. (使)饿死, (使)挨饿",,,cet6-all source:ecdict cet4 cet6 family:starved family:starving family:starves,7450
state,steit,n.,"n. 州, 状态, 情形, 国家, 政府, 领土, 国务, 社会地位\na. 国家的, 正式的, 礼仪用的, 州的\nvt. 说明, 陈述, 规定\n[计] 状态",,,cet6-all source:ecdict cet4 cet6 family:states family:stated family:stating,137
statement,'steitmәnt,n.,"n. 陈述, 指令, 声明\n[计] 程序语句; 语句",,,cet6-all source:ecdict cet4 cet6 cet6-core family:statements,921
statesman,'steitsmәn,n.,n. 政治家,,,cet6-all source:ecdict cet4 cet6 cet6-core family:statesmen,10075
static,'stætik,n.,"n. 静电, 静电干扰\na. 静态的, 静止的, 固有的, 静电的",,,cet6-all source:ecdict cet4 cet6 family:statics,5963
stationary,'steiʃ(ә)nәri,adj.,"a. 不动的, 静止的, 不变的, 固定的, 停留的\n[计] 定常, 定态, 固定的",,,cet6-all source:ecdict cet6 cet6-core,10049
stationery,'steiʃәnәri,n.,"n. 文具, 信纸\n[法] 文具",,,cet6-all source:ecdict cet6,14645
statistical,stә'tistikl,adj.,"a. 统计的, 统计上的, 统计学的\n[经] 统计的, 统计学的",,,cet6-all source:ecdict cet4 cet6,4292
statistics,stә'tistiks,n.,"n. 统计学, 统计资料\n[计] 统计信息",,,cet6-all source:ecdict cet4 cet6,2709
statue,'stætju,vt.,vt. 以雕像装饰\nn. 雕像,,,cet6-all source:ecdict cet4 cet6 family:statues,3872
status,'steitәs,n.,"n. 状态, 情形, 地位, 要人身份\n[计] 状态",,,cet6-all source:ecdict cet4 cet6 cet6-core,1215
steadily,'stedili,adv.,"adv. 稳定地, 无变化地, 有规则地",,,cet6-all source:ecdict cet4 cet6,4794
steady,'stedi,adj.,"a. 稳定的, 不动摇的, 沉着的, 稳固的, 坚定的, 经常的\nvt. 使稳定, 使坚定\nvi. 变为沉着, 稳固",,,cet6-all source:ecdict cet4 cet6 family:steadied family:steadying family:steadier family:steadies family:steadiest,2914
steak,steik,n.,"n. 牛排, 鱼排, 肉排",,,cet6-all source:ecdict cet6 family:steaks,4634
steal,sti:l,vt.,vt. 剽窃；偷偷地做；偷窃；vi. 窃取；偷偷地行动；[棒球]偷垒；n. [口]偷窃；便宜货；偷垒；[篮球]断球,,,cet6-all source:ecdict cet4 cet6 family:stolen family:stole family:stealing family:steals,1784
steam,sti:m,n.,"n. 蒸汽, 精力\na. 蒸汽的\nvi. 蒸发, 行驶, 发怒\nvt. 蒸, 煮, 散发",,,cet6-all source:ecdict cet4 cet6 family:steaming family:steamed family:steams,4139
steamer,'sti:mә,n.,"n. 汽船, 蒸汽机\n[化] 蒸汽发生器; 蒸汽机",,,cet6-all source:ecdict cet4 cet6 family:steamers,13331
steel,sti:l,n.,"n. 钢, 钢制品, 钢铁, 坚硬, 坚固\na. 钢的, 钢制的, 钢铁业的, 坚强的\nvt. 使坚强, 钢化, 使冷酷",,,cet6-all source:ecdict cet4 cet6 family:steeled family:steels family:steeling,2152
steep,sti:p,n.,"n. 浸渍, 悬崖\na. 险峻的, 陡峭的, 急剧升降的, 夸大的\nv. 浸, 泡",,,cet6-all source:ecdict cet4 cet6 family:steeper family:steeped family:steepest family:steeping family:steeps,3973
steer,stiә,vt.,"vt. 引导, 驾驶, 航行, 控制\nvi. 驾驶, 掌舵, 行驶\nn. 驾驶指示, 劝告",,,cet6-all source:ecdict cet4 cet6 family:steered family:steering family:steers,4623
stem,stem,n.,"n. 茎, 干, 柄, 船首, 血统, 堵塞物\nvt. 摘掉茎, 装柄于, 阻止, 堵住, 逆行\nvi. 堵住, 逆行",,,cet6-all source:ecdict cet4 cet6 family:stems family:stemmed family:stemming,3414
step,step,n.,"n. 步骤, 步, 步幅, 脚步声, 踏级, 步伐, 短距离, 步态, 手段, 等级\nvt. 踏, 以步测量, 跨步, 使成阶梯状\nvi. 跨步, 轻快地走, 跳舞, 踩, 踏上, 行走\n[计] 步骤",,,cet6-all source:ecdict cet4 cet6 family:steps family:stepped family:stepping,587
stereo,'stiәriәu,n.,"n. 铅版, 立体照片\na. 立体的, 立体感觉的",,,cet6-all source:ecdict cet6 cet6-core family:stereos,6158
stereotype,'stiәriәtaip,n.,"n. 铅版, 陈规, 老套\nvt. 使用铅版, 把...印制成盲文, 套用老套, 使一成不变",,,cet6-all source:ecdict cet6 cet6-core family:stereotypes family:stereotyping family:stereotyped,4936
stern,stә:n,n.,"n. 尾部, 船尾, 臀\na. 严厉的, 严格的, 坚定的, 坚决的",,,cet6-all source:ecdict cet4 cet6 cet6-core family:sterns,10140
stew,stju:,n.,"n. 炖, 烦恼, 热浴, 妓院, 鱼塘\nvi. 炖, 焖, 忧虑\nvt. 炖, 焖, 使焦虑",,,cet6-all source:ecdict cet6 family:stews family:stewed family:stewing,7118
steward,'stju:wәd,n.,"n. 管理人, 招待员, 管家, 乘务员\n[经] 轮船, 飞机的服务员, (财务)管理员",,,cet6-all source:ecdict cet4 cet6 family:stewards family:stewarding family:stewarded,10595
stewardess,'stju:wәdis,n.,"n. 空中小姐, 女管理人, 女管家",,,cet6-all source:ecdict cet4 cet6 family:stewardesses,17096
stick,stik,n.,"n. 棍, 棒, 刺, 枯枝, 茎, 条状物\nvt. 插进, 刺入, 钉住, 伸出, 粘贴, 停止\nvi. 粘住, 停留, 坚持, 陷住, 伸出",,,cet6-all source:ecdict cet4 cet6 family:stuck family:sticking family:sticks,1209
sticky,'stiki,adj.,"a. 粘的, 有粘性的, 顽固的",,,cet6-all source:ecdict cet4 cet6 cet6-core family:stickiest family:stickier family:stickied family:stickies,6495
stiff,stif,adj.,"a. 坚硬的, 严厉的, 呆板的, 生硬的, 刚强的, 强烈的, 粘的, 稠的, 艰难的\nn. 死尸, 醉鬼, 钞票\nvt. 不肯付...小费",,,cet6-all source:ecdict cet4 cet6 family:stiffer family:stiffs family:stiffest,4084
stiffen,'stifn,vt.,"vt. 使变硬, 使僵硬, 使顽强, 使严厉\nvi. 变粘, 变硬, 变强烈",,,cet6-all source:ecdict cet4 cet6 family:stiffened family:stiffening family:stiffens,9758
stiffness,'stifnis,n.,"n. 坚硬, 呆板, 刻板\n[医] 强直, 僵硬",,,cet6-all source:ecdict cet6 family:stiffnesses,11547
stillness,'stilnis,n.,"n. 静止, 沉静",,,cet6-all source:ecdict cet6 family:stillnesses,11128
stimulate,'stimjuleit,vt.,"vt. 刺激, 激励, 鼓舞\nvi. 起刺激作用",,,cet6-all source:ecdict cet4 cet6 family:stimulated family:stimulates family:stimulating,4440
stimulus,'stimjulәs,n.,"n. 刺激, 激励, 刺激品\n[医] 刺激特, 刺激",,,cet6-all source:ecdict cet6 cet6-core family:stimuli,4525
sting,stiŋ,n.,"n. 叮, 刺痛, 刺激, 讽刺\nvt. 叮, 刺痛, 刺激, 使苦恼\nvi. 叮, 刺痛",,,cet6-all source:ecdict cet4 cet6 family:stung family:stings family:stinging,8139
stir,stә:,n.,"n. 骚动, 轰动, 搅动, 监狱\nvt. 移动, 摇动, 激起, 惹起, 搅拌\nvi. 走动, 传播, 搅拌",,,cet6-all source:ecdict cet4 cet6 family:stirred family:stirring family:stirs,1899
stitch,stitʃ,n.,"n. 一针, 疼痛, 针法, 碎布条, 针脚\nv. 缝, 缝合, 装订",,,cet6-all source:ecdict cet4 cet6 family:stitches family:stitched family:stitching,9743
stock,stɒk,n.,"n. 树干, 祖先, 血统, 原料, 备料, 库存, 牲畜, 股票, 股份, 保留剧目\na. 存货的, 常备的, 平凡的, 普通的, 股票的, 保留剧目的, 繁殖用的\nvt. 装把手于, 进货, 备有, 放牧\nvi. 出新芽, 备货, 囤积",,,cet6-all source:ecdict cet4 cet6 cet6-core family:stocks family:stocked family:stocking,740
stockholder,'stɒkhәuldә,n.,"n. 股东\n[法] 股东, 股票持有者, 股票所有人",,,cet6-all source:ecdict cet6 family:stockholders,12990
stocking,'stɒkiŋ,n.,n. 长袜\n[医] 马足水肿; 长袜,,,cet6-all source:ecdict cet4 cet6 family:stock family:i family:stockings family:stocking,8355
stomach,'stʌmәk,n.,"n. 胃, 食欲, 欲望, 肚子\nvt. 吃下, 忍受",,,cet6-all source:ecdict cet4 cet6 family:stomachs family:stomaching family:stomached family:stomaches,2503
stone,stәun,n.,"n. 石头, 宝石, 果核, 纪念碑, 结石\nvt. 投扔石子, 铺石头\na. 石的, 石制的, 完全的",,,cet6-all source:ecdict cet4 cet6 family:stones family:stoned family:stoning,1220
stony,'stәuni,adj.,"a. 多石的, 无情的",,,cet6-all source:ecdict cet4 cet6 family:stonier,11616
stool,stu:l,n.,"n. 凳子, 大便, 粪便, 厕所\nvi. 长新枝\nvt. 引诱, 诱捕",,,cet6-all source:ecdict cet4 cet6 family:stools family:stooling family:stooled,5989
stoop,stu:p,n.,"n. 佝偻, 屈从, 弯腰\nvi. 弯下, 屈从, 弯腰, 堕落\nvt. 使屈从, 使弯曲",,,cet6-all source:ecdict cet4 cet6 family:stooped family:stooping family:stoops,10380
storage,'stɒ:ridʒ,n.,"n. 存储器, 储藏, 保管, 库存, 仓库\n[计] 存放处; 存储",,,cet6-all source:ecdict cet4 cet6 family:storages,2941
storey,'stɔ:ri,n.,"n. 楼, 楼层, 层楼",,,cet6-all source:ecdict cet4 cet6 family:storeys family:storeyed,32282
storm,stɒ:m,n.,"n. 暴风雨, 骚动, 风波, 风暴, 猛攻\nvi. 起风, 猛冲, 怒吼\nvt. 猛攻",,,cet6-all source:ecdict cet4 cet6 family:storms family:stormed family:storming,1656
stormy,'stɒ:mi,adj.,"a. 暴风雨的, 粗暴的, 激烈的",,,cet6-all source:ecdict cet4 cet6 family:stormiest family:stormier,11643
stout,staut,adj.,a. 结实的；矮胖的；勇敢的；激烈的\nn. 矮胖子；烈性啤酒,,,cet6-all source:ecdict cet6 family:stouter family:stoutest family:stouts,13326
stove,stәuv,n.,"n. 火炉, 窑\nvt. 用火炉烤\nstave的过去式和过去分词",,,cet6-all source:ecdict cet4 cet6 family:stoves family:stoved family:stove family:p,4388
straighten,'streitn,vt.,"vt. 弄直, 整顿, 清理, 使改正\nvi. 直起来, 改正, 好转",,,cet6-all source:ecdict cet6 family:straightened family:straightening family:straightens,4877
straightforward,streit'fɒ:wәd,adj.,"a. 笔直的, 率直的, 明确的, 简单的, 直接的",,,cet6-all source:ecdict cet6 cet6-core,6187
strain,strein,n.,"n. 紧张, 拉紧, 张力, 过劳, 扭伤, 血缘, 种, 族, 气质, 曲调, 旋律, 口吻\nvt. 使劳累, 拉紧, 过分使用, 扭伤, 滥用, 曲解, 滤\nvi. 尽力, 努力, 紧拉, 弯曲, 被滤出",,,cet6-all source:ecdict cet4 cet6 cet6-core family:strains family:straining family:strained,3659
strait,streit,n.,"n. 海峡, 困境\na. 困难的, 窘迫的, 狭窄的",,,cet6-all source:ecdict cet6 family:straits,12059
stranger,'streindʒә,n.,"n. 陌生人, 门外汉\n[法] 局外人, 非当事人, 第三者",,,cet6-all source:ecdict cet4 cet6 family:strange family:r family:strangers,2691
strangler,'stræŋ^lә,n.,"n. 扼杀者, 压制者, (英)阻气门, 阻塞门",,,cet6-all source:ecdict cet6 family:stranglers,28274
strap,stræp,n.,"n. 带, 皮带\nvt. (用皮带)捆扎",,,cet6-all source:ecdict cet4 cet6 family:straps family:strapped family:strapping,5909
strategic,strә'ti:dʒik,adj.,"a. 战略的, 战略上的\n[经] 战略的",,,cet6-all source:ecdict cet4 cet6,2702
strategy,'strætidʒi,n.,"n. 战略, 策略\n[经] 战略, 策略",,,cet6-all source:ecdict cet4 cet6 cet6-core family:strategies,844
straw,strɒ:,n.,"n. 稻草, 麦管, 吸管, 一文不值的东西, 草帽\na. 稻草的, 稻草色的, 琐碎的, 无价值的",,,cet6-all source:ecdict cet4 cet6 family:straws family:strawing family:strawed,4730
strawberry,'strɒ:bәri,n.,n. 草莓,,,cet6-all source:ecdict cet4 cet6 family:strawberries,5437
stray,strei,n.,"n. 走失的家畜, 浪子\na. 迷途的, 偶然的\nvi. 迷路, 彷徨, 流浪",,,cet6-all source:ecdict cet6 cet6-core family:strayed family:straying family:strays,9258
stream,stri:m,n.,"n. 水流, 小河, 流出, 趋势, 人潮\nvt. 流出, 流动, 展开\nvi. 流, 涌, 飘扬\n[计] 流",,,cet6-all source:ecdict cet4 cet6 cet6-core family:streams family:streaming family:streamed,2231
streamline,'stri:mlain,n.,"n. 流线, 流线型\nvt. 使成流线型, 使合理化",,,cet6-all source:ecdict cet6 cet6-core family:streamlining family:streamlined family:streamlines,11669
strength,streŋθ,n.,"n. 力量, 实力, 强度, 浓度, 人数, 抵抗力\n[化] 强度",,,cet6-all source:ecdict cet4 cet6 family:strengths,1275
strengthen,'streŋθәn,vt.,"vt. 加强, 变坚固\nvi. 变强, 股票上涨",,,cet6-all source:ecdict cet4 cet6 family:strengthened family:strengthening family:strengthens,3074
stress,stres,n.,"n. 压力, 紧迫, 强调, 重音, 重点, 应力\nvt. 加压力于, 着重, 重读",,,cet6-all source:ecdict cet4 cet6 family:stressed family:stresses family:stressing,1731
stretch,stretʃ,n.,"n. 伸展, 张开, 连绵, 一段路, 一段时间\na. 可伸缩的, 弹性的\nvt. 伸展, 张开, 曲解, 使过度伸展\nvi. 伸展, 延伸\n[计] 伸展",,,cet6-all source:ecdict cet4 cet6 family:stretched family:stretching family:stretches,1915
strict,strikt,adj.,"a. 严厉的, 绝对的, 详尽的, 严格的, 精确的\n[法] 严格的, 精确的, 绝对的",,,cet6-all source:ecdict cet4 cet6 family:stricter family:strictest,3553
strictly,'striktli,adv.,"adv. 严格地, 确实地",,,cet6-all source:ecdict cet4 cet6,4544
stride,straid,n.,"n. 大步, 步幅, 步态, 进步\nv. 迈大步走, 跨过, 跨",,,cet6-all source:ecdict cet6 cet6-core family:strode family:striding family:strides,6056
strife,straif,n.,"n. 争吵, 竞争, 冲突",,,cet6-all source:ecdict cet6,10875
strike,straik,n.,"n. 罢工, 打击, 殴打\nvt. 打, 撞击, 冲击, 侵袭, 取消, 结算, 打掉, 罢工, 刺透, 使生根, 遇见\nvi. 打, 打击, 抓, 罢工, 搏动, 触礁, 敲, 响, 穿透, 打动",,,cet6-all source:ecdict cet4 cet6 family:struck family:strikes family:striking,1145
striking,'straikiŋ,adj.,"a. 醒目的, 惊人的, 打击的, 罢工的\n[法] 罢工的, 罢市的, 罢课的",,,cet6-all source:ecdict cet6 family:strike family:i family:striking,4594
string,striŋ,n.,"n. 线, 细绳, 一串, 字符串\nvt. 串起, 成串, 收紧, 缚, 扎\nvi. 成一串\n[计] 字符串, 串",,,cet6-all source:ecdict cet4 cet6 cet6-core family:strings family:strung family:stringing,2671
strip,strip,n.,"n. 长条, 条状, 带, 脱衣舞\nvt. 脱衣, 被剥去, 剥夺, 拆卸\nvi. 脱衣服",,,cet6-all source:ecdict cet4 cet6 family:strips family:stripped family:stripping,2754
stripe,straip,n.,"n. 斑纹, 条纹\n[医] 纹, 条纹",,,cet6-all source:ecdict cet4 cet6 family:stripes family:striped family:striping,6292
strive,straiv,vi.,"vi. 努力, 奋斗, 斗争",,,cet6-all source:ecdict cet6 cet6-core family:striving family:strove family:strives family:striven,5062
stroke,strәuk,n.,"n. 笔划, 打, 中风, 抚, 摩, 冲程\nvt. 划尾桨, 抚, 摩, 划去\n[计] 笔划",,,cet6-all source:ecdict cet4 cet6 cet6-core family:strokes family:stroked family:stroking,3108
stroll,strәul,n.,"n. 闲逛, 漫步\nv. 闲逛, 漫步",,,cet6-all source:ecdict cet6 cet6-core family:strolling family:strolls family:strolled,5880
strongly,'strɒŋli,adv.,"adv. 强有力地, 坚强地, 激烈地",,,cet6-all source:ecdict cet4 cet6,2383
structural,'strʌktʃәrәl,adj.,"a. 结构的, 建筑的\n[医] 结构的",,,cet6-all source:ecdict cet4 cet6,3829
structure,'strʌktʃә,n.,"n. 结构, 构造, 建筑物\nvt. 构成, 组织",,,cet6-all source:ecdict cet4 cet6 family:structures family:structured family:structuring,950
struggle,'strʌgl,n.,"n. 斗争, 努力, 奋斗\nvi. 努力, 奋斗, 挣扎",,,cet6-all source:ecdict cet4 cet6 family:struggling family:struggled family:struggles,1669
stubborn,'stʌbәn,adj.,"a. 顽固的, 不听话的, 执拗的, 棘手的",,,cet6-all source:ecdict cet6 cet6-core,7548
studio,'stju:diәu,n.,"n. 工作室, 画室, 演播室, 电影制片厂",,,cet6-all source:ecdict cet6 family:studios,1515
stuff,stʌf,n.,"n. 原料, 要素, 东西, 材料, 素质, 织品, 废物, 废话\nvt. 装填\nvi. 狼吞虎咽",,,cet6-all source:ecdict cet4 cet6 family:stuffed family:stuffing family:stuffs,996
stuffy,'stʌfi,adj.,"a. 闷热的, 窒息的, 乏味的, 固步自封的, 自以为是的",,,cet6-all source:ecdict cet6 family:stuffies family:stuffiest family:stuffier,15048
stumble,'stʌmbl,n.,"n. 绊倒, 蹒跚而行, 失足\nvt. 使绊倒, 使困惑\nvi. 绊倒, 失足, 失策, 犯错, 蹒跚, 踌躇",,,cet6-all source:ecdict cet4 cet6 cet6-core family:stumbled family:stumbling family:stumbles,4001
stun,stʌn,vt.,"vt. 使昏迷, 使震惊, 打昏\nn. 昏迷, 猛击",,,cet6-all source:ecdict cet6 cet6-core family:stunned family:stuns family:stunning,5131
stupid,'stju:pid,adj.,"a. 愚蠢的, 麻木的",,,cet6-all source:ecdict cet4 cet6,2704
sturdy,'stә:di,adj.,"a. 强健的, 健全的\n[医] 羊晕倒病, 羊蹒跚病",,,cet6-all source:ecdict cet6 cet6-core family:sturdier family:sturdiest,6613
style,stail,n.,"n. 风格, 时尚, 文体, 风度, 字体, 类型\nvt. 称呼, (根据新款式)设计, 使合潮流\nn. 风格, 样式\n[计] 风格, 样式",,,cet6-all source:ecdict cet4 cet6 family:styles family:styled family:styling,968
subdivide,'sʌbdi'vaid,vt.,"vt.vi. (把...)再分, (把...)细分\n[法] 再分, 细分",,,cet6-all source:ecdict cet6 family:subdivided family:subdividing family:subdivides,17117
subdue,sәb'dju:,vt.,"vt. 使服从, 压制, 减弱, 抑制, 克制",,,cet6-all source:ecdict cet6 family:subdued family:subduing family:subdues,12577
subjective,sәb'dʒektiv,adj.,"a. 主观的, 个人的\n[医] 主观的, 自觉的",,,cet6-all source:ecdict cet6 cet6-core,5947
submarine,'sʌbmәri:n,n.,"n. 潜水艇, 海底生物\na. 海中的, 生长在海中的\nvt. 用潜水艇攻击\nvi. 在下疾行, 在下滑动",,,cet6-all source:ecdict cet4 cet6 cet6-core family:submarines family:submarining family:submarined,6881
submerge,sәb'mә:dʒ,vt.,"vt. 使浸水, 使陷入, 淹没\nvi. 潜入水中",,,cet6-all source:ecdict cet4 cet6 family:submerged family:submerging family:submerges,11140
submit,sәb'mit,vt.,"vt. 使服从, 使受到, 委托, 提交, 认为\nvi. 屈服, 服从",,,cet6-all source:ecdict cet4 cet6 cet6-core family:submitted family:submitting family:submits,3184
subordinate,sә'bɒ:dnit,n.,"n. 属下, 附属物\na. 下级的, 次要的, 附属的\nvt. 使居下位, 使服从",,,cet6-all source:ecdict cet6 cet6-core family:subordinates family:subordinated family:subordinating,9779
subscribe,sәb'skraib,vt.,"vt. 捐献, 签署\nvi. 赞成, 同意, 捐款, 预订, 认购\n[计] 订阅",,,cet6-all source:ecdict cet6 cet6-core family:subscribed family:subscribing family:subscribes,7979
subscript,'sʌbskript,adj.,"a. 下标的, 写在底下的\nn. 下标\n[计] 下标",,,cet6-all source:ecdict cet6 family:subscripts,36740
subscription,sәb'skripʃәn,n.,"n. 捐献, 订金, 订阅, 签署, 同意\n[化] 订购",,,cet6-all source:ecdict cet6 family:subscriptions,8304
subsequent,'sʌbsikwәnt,adj.,"a. 后来的, 接下去的\n[经] 后来的",,,cet6-all source:ecdict cet4 cet6 cet6-core,3267
subsequently,'sʌbsikwәntli,adv.,"adv. 后来, 随后",,,cet6-all source:ecdict cet6,5011
subsidiary,sәb'sidiәri,n.,"n. 子公司, 附件, 辅助者\na. 辅助的, 次要的, 津贴的",,,cet6-all source:ecdict cet6 cet6-core family:subsidiaries,7513
subsidy,'sʌbsidi,n.,"n. 补助金, 津贴\n[经] 补助金, 津贴, 补贴",,,cet6-all source:ecdict cet4 cet6 cet6-core family:subsidies,4252
substance,'sʌbstәns,n.,"n. 物质, 实质, 主旨, 资产, 本质, 牢固\n[化] 物质",,,cet6-all source:ecdict cet4 cet6 cet6-core family:substances,2277
substantial,sәb'stænʃәl,n.,"n. 重要材料(或事物), 有实际价值的东西\na. 实质上的, 物质的, 有内容的, 结实的",,,cet6-all source:ecdict cet4 cet6 cet6-core,2544
substantially,sәb'stænʃәli,adv.,"adv. 实质上, 本质上, 大体上",,,cet6-all source:ecdict cet6,4815
substitute,'sʌbstitju:t,n.,"n. 代理, 代理人, 代用品, 代替者, 代替物\nvt. 代替\nvi. 替代, 取代, 代用\na. 代替的, 代用的, 代用品的\n[计] 置换; 替代",,,cet6-all source:ecdict cet4 cet6 cet6-core family:substitutes family:substituted family:substituting,5613
subtle,'sʌtl,adj.,"a. 敏锐的, 精细的, 狡猾的, 稀薄的, 灵巧的, 微妙的\n[医] 锐敏的; 精细的",,,cet6-all source:ecdict cet6 cet6-core,3435
subtract,sәb'trækt,vt.,"vt. 减去, 扣掉, 减少\nvi. 做减法\n[计] 减",,,cet6-all source:ecdict cet4 cet6 cet6-core family:subtracting family:subtracted family:subtracts,10238
suburb,'sʌbә:b,n.,"n. 市郊住宅区, 郊区, 边缘",,,cet6-all source:ecdict cet4 cet6 cet6-core family:suburbs,3531
subway,'sʌbwei,n.,"n. 地铁, 地道\nvi. 乘地铁",,,cet6-all source:ecdict cet4 cet6 family:subways,5383
succeed,sәk'si:d,vi.,"vi. 成功, 继承, 继续\nvt. 继承, 接替",,,cet6-all source:ecdict cet4 cet6 family:succeeded family:succeeds family:succeeding,2018
success,sәk'ses,n.,"n. 成功, 成就, 胜利",,,cet6-all source:ecdict cet4 cet6 family:successes,777
successful,sәk'sesful,adj.,"a. 成功的, 一帆风顺的, 顺利的\n[经] 成功的",,,cet6-all source:ecdict cet4 cet6,1101
successfully,sәk'sesfjli,adv.,"adv. 成功, 结果良好, 有成就",,,cet6-all source:ecdict cet4 cet6,3176
succession,sәk'seʃәn,n.,"n. 连续, 继承权, 继位, 演替, 地层次序\n[法] 继承, 继承权, 继位",,,cet6-all source:ecdict cet4 cet6 family:successions,6389
successive,sәk'sesiv,adj.,"a. 继承的, 连续的\n[经] 接续承运人; 连续的",,,cet6-all source:ecdict cet4 cet6 cet6-core,8065
successor,sәk'sesә,n.,"n. 继承者, 接任者\n[计] 后继",,,cet6-all source:ecdict cet6 cet6-core family:successors,5433
suck,sʌk,vt.,"vt. 吸, 吮, 吸入, 吮吸, 吸收\nvi. 吸, 吸奶\nn. 吸, 吸入, 吮吸",,,cet6-all source:ecdict cet4 cet6 family:sucking family:sucked family:sucks,3618
sudden,'sʌdn,n.,"n. 突然, 忽然\na. 突然的, 意外的, 快速的",,,cet6-all source:ecdict cet4 cet6,2868
suddenly,'sʌdәnli,adv.,"adv. 突然, 意外, 忽然, 迅速, 即席作成, 即刻, 急速",,,cet6-all source:ecdict cet4 cet6,955
sue,su:,vt.,"vt. 控告, 起诉, 请求\nvi. 提出诉讼, 提出请求",,,cet6-all source:ecdict cet6 cet6-core family:sued family:suing family:sues,3137
suffer,'sʌfә,vt.,"vt. 遭受, 经历, 忍受\nvi. 受痛苦, 受损害",,,cet6-all source:ecdict cet4 cet6 family:suffered family:suffering family:suffers,1099
suffice,sә'fais,vi.,"vi. 足够, 有能力\nvt. 满足",,,cet6-all source:ecdict cet6 cet6-core family:suffices family:sufficed family:sufficing,9294
sufficient,sә'fiʃәnt,adj.,"a. 充分的, 足够的\n[法] 充分的, 足够的",,,cet6-all source:ecdict cet4 cet6 cet6-core,3099
sufficiently,sә'fiʃәntli,adv.,"adv. 足够, 充分",,,cet6-all source:ecdict cet4 cet6,5950
suicide,'sjuisaid,n.,"n. 自杀, 自杀者\nv. 自杀\na. 自杀的",,,cet6-all source:ecdict cet6 family:suicides,2274
suit,sju:t. su:t,n.,"n. 套装, 诉讼, 请求, 起诉, 套, 组\nvt. 适合, 使适应\nvi. 合适, 相称",,,cet6-all source:ecdict cet4 cet6 family:suited family:suits family:suiting,1411
suitable,'sju:tәbl,adj.,"a. 适当的, 相配的\n[法] 合适的, 适宜的, 适当的",,,cet6-all source:ecdict cet4 cet6,4756
suitcase,'sju:tkeis,n.,n. 手提箱,,,cet6-all source:ecdict cet6 family:suitcases,5600
sullen,'sʌlәn,adj.,"a. 愠怒的, 沉闷的, 阴沉的",,,cet6-all source:ecdict cet6,12817
sulphur,'sʌlfә,n.,"n. 硫, 硫磺\n[化] 硫",,,cet6-all source:ecdict cet4 cet6,22759
sum,sʌm,n.,"n. 总数, 总和, 金额, 概要, 顶点\nvt. 总计, 概括\nvi. 合计\n[计] 系统实用程序和维护",,,cet6-all source:ecdict cet4 cet6 family:sums family:summed family:summing,3843
summarize,'sʌmәraiz,v.,"v. 概述, 总结",,,cet6-all source:ecdict cet4 cet6 family:summarized family:summarizes family:summarizing,5532
summary,'sʌmәri,n.,"n. 摘要, 概要\na. 摘要的, 简略的\n[计] 摘要; 概要",,,cet6-all source:ecdict cet4 cet6 family:summaries,4917
summit,'sʌmit,n.,"n. 顶点, 最高阶层, 最高级会议\na. 政府首脑的, 最高级的",,,cet6-all source:ecdict cet4 cet6 cet6-core family:summits,3235
summon,'sʌmәn,vt.,"vt. 召唤, 召集, 号召, 振奋, 唤起, 鼓起\n[经] 传唤, 传讯",,,cet6-all source:ecdict cet6 cet6-core family:summoned family:summoning family:summons,5691
sunlight,'sʌnlait,n.,"n. 日光\n[医] 日光, 太阳光",,,cet6-all source:ecdict cet4 cet6,3895
sunrise,'sʌnraiz,n.,"n. 日出, 黎明, 拂晓",,,cet6-all source:ecdict cet4 cet6 family:sunrises,7313
sunset,'sʌnset,n.,"n. 日落, 晚年",,,cet6-all source:ecdict cet4 cet6 family:sunsets,5739
sunshine,'sʌnʃain,n.,"n. 阳光, 光明, 晴天",,,cet6-all source:ecdict cet4 cet6,7752
super,'sju:pә,n.,"n. 跑龙套角色, 冗员, 特级品, 特大号, 管理人\na. 上等的, 特大的, 超级的, 极好的, 十分的, 过分的\nadv. 非常",,,cet6-all source:ecdict cet4 cet6 family:supers,2651
superb,sju'pә:b,adj.,"a. 极度的, 华丽的, 极好的",,,cet6-all source:ecdict cet6,6911
superficial,.sju:pә'fiʃәl,n.,"n. 表面, 外表\na. 表面的, 肤浅的, 面积的",,,cet6-all source:ecdict cet4 cet6 cet6-core,8281
superficially,,adv.,"adv. 表面, 表面性, 浅层, 不深, 表皮, (贬)肤浅, 一知半解, 浅薄, 平方, 浮面",,,cet6-all source:ecdict cet6,19088
superior,sju:'piәriә,n.,"n. 长者, 占优势的人, 上级\na. 上级的, 出众的, 高傲的",,,cet6-all source:ecdict cet4 cet6 cet6-core family:superiors,3410
superiority,sju:.piәri'ɒriti,n.,"n. 优越, 高傲\n[化] 优越性",,,cet6-all source:ecdict cet6 cet6-core family:superiorities,7766
supersonic,.sju:pә'sɒnik,adj.,a. 超声波的\n[医] 超声[波]的,,,cet6-all source:ecdict cet6 cet6-core,17396
superstition,.sju:pә'stiʃәn,n.,n. 迷信\n[法] 迷信,,,cet6-all source:ecdict cet6 family:superstitions,11572
supervise,'sju:pәvaiz,v.,"v. 监督, 管理, 指导",,,cet6-all source:ecdict cet6 cet6-core family:supervised family:supervising family:supervises,5603
supervision,.sju:pә'viʒәn,n.,"n. 监督, 管理\n[经] 监督, 管理",,,cet6-all source:ecdict cet6 family:supervisions,5614
supplement,'sʌplimәnt,n.,"n. 补充物, 增刊, 补充, 补遗, 补编, 附录, 补角\nvt. 补充, 增补",,,cet6-all source:ecdict cet4 cet6 cet6-core family:supplements family:supplemented family:supplementing,5192
supplementary,.sʌpli'mentәri,adj.,"a. 补足的, 补充的, 追加的\n[经] 追加的, 补充的, 增补的",,,cet6-all source:ecdict cet6 cet6-core family:supplementaries,16252
supply,sә'plai,n.,"n. 补给, 供给, 供应品\nvt. 补给, 供给, 提供, 补充\nvi. 替代",,,cet6-all source:ecdict cet4 cet6 family:supplied family:supplies family:supplying,1494
support,sә'pɒ:t,n.,"n. 支持, 支撑, 援助, 供养, 支撑物\nvt. 支援, 支撑, 帮助, 支持, 忍受, 供养, 证实\n[计] 后援; 支持",,,cet6-all source:ecdict cet4 cet6 family:supported family:supporting family:supports,524
suppose,sә'pәuz,vt.,"vt. 推想, 假设, 以为, 想像, 假定\nvi. 料想",,,cet6-all source:ecdict cet4 cet6 family:supposed family:supposing family:supposes,2161
suppress,sә'pres,vt.,"vt. 镇压, 使止住, 禁止, 抑制, 查禁\n[法] 镇压, 平定, 禁止出版",,,cet6-all source:ecdict cet6 cet6-core family:suppressed family:suppressing family:suppresses,4965
supreme,sju'pri:m,n.,"n. 至高, 霸权\na. 至高的, 终极的, 极端的, 最大的",,,cet6-all source:ecdict cet4 cet6 cet6-core,1618
surely,'ʃuәli,adv.,"adv. 的确地, 安全地\n[经] 保证, 保证人, 保证金",,,cet6-all source:ecdict cet4 cet6,2410
surge,sә:dʒ,n.,"n. 巨涌, 汹涌, 澎湃\nvi. 汹涌, 澎湃, 颠簸, 猛冲, 突然放松\nvt. 使汹涌奔腾, 急放\n[计] 电压尖峰",,,cet6-all source:ecdict cet6 cet6-core family:surged family:surging family:surges,5029
surgeon,'sә:dʒәn,n.,"n. 外科医生, 军医, 船医\n[医] 外科医师",,,cet6-all source:ecdict cet4 cet6 cet6-core family:surgeons,3413
surgery,'sә:dʒәri,n.,"n. 外科, 手术, 手术室, 换球术",,,cet6-all source:ecdict cet4 cet6 cet6-core family:surgeries,1793
surname,'sә:neim,n.,"n. 姓, 别号, 绰号\nvt. 呼以姓氏, 起绰号",,,cet6-all source:ecdict cet4 cet6 family:surnames family:surnamed,15663
surpass,sә'pɑ:s,vt.,"vt. 超越, 凌驾, 胜过",,,cet6-all source:ecdict cet6 cet6-core family:surpassed family:surpasses family:surpassing,6859
surplus,'sә:plәs,n.,"n. 剩余, 过剩, 盈余\na. 过剩的, 剩余的",,,cet6-all source:ecdict cet4 cet6 cet6-core,6243
surprising,sә'praiziŋ,adj.,a. 令人惊讶的,,,cet6-all source:ecdict cet4 cet6 family:surprise family:i family:surprising,2785
surprisingly,,adv.,"adv. 使人惊奇, 出人意外, 惊人, 令人惊讶",,,cet6-all source:ecdict cet4 cet6,3368
surrender,sә'rendә,vt.,"vt. 交出, 放弃, 使投降, 让与\nvi. 投降, 自首\nn. 交出, 放弃, 投降",,,cet6-all source:ecdict cet4 cet6 family:surrendered family:surrendering family:surrenders,5024
surround,sә'raund,vt.,"vt. 包围, 环绕, 围绕\nn. 围绕物",,,cet6-all source:ecdict cet4 cet6 family:surrounded family:surrounding family:surrounds,1599
surroundings,sә'rajndiŋz,n.,"n. 环境, 周围的事物\n[化] 环境",,,cet6-all source:ecdict cet4 cet6 family:surroundings family:s,6249
survey,sә'vei,n.,"n. 纵览, 视察, 测量, 俯瞰, 调查\nvt. 审视, 视察, 俯瞰, 通盘考虑\nvi. 测量土地",,,cet6-all source:ecdict cet4 cet6 family:surveys family:surveying family:surveyed,1241
survival,sә'vaivәl,n.,"n. 生存, 残存, 幸存者\na. 赖以生存的",,,cet6-all source:ecdict cet4 cet6 cet6-core family:survivals,2656
survive,sә'vaiv,vt.,"vt. 比...活得长, 生存, 生还, 幸免于\nvi. 活下来, 幸存",,,cet6-all source:ecdict cet4 cet6 cet6-core family:survived family:survives family:surviving,1342
susceptible,sә'septәbl,adj.,"a. 易受影响的, 易感动的, 容许...的\n[法] 易感的, 易受影响的, 容许",,,cet6-all source:ecdict cet6 cet6-core family:susceptibles,7030
suspect,sә'spekt,n.,"n. 被怀疑者, 嫌疑犯\na. 令人怀疑的, 不可信的, 可疑的\nv. 怀疑, 猜想",,,cet6-all source:ecdict cet4 cet6 family:suspected family:suspects family:suspecting,2100
suspend,sә'spend,vt.,"vt. 悬, 吊, 使悬浮, 暂停, 中止, 推迟\nvi. 暂停, 中止, 悬浮, 停止偿付债务\n[计] 暂停",,,cet6-all source:ecdict cet4 cet6 family:suspended family:suspending family:suspends,3775
suspension,sә'spenʃәn,n.,"n. 悬挂, 暂停, 中止\n[化] 悬浮; 悬浮体; 悬浮液",,,cet6-all source:ecdict cet6 cet6-core family:suspensions,5034
suspicion,sә'spiʃәn,n.,"n. 怀疑, 觉察, 嫌疑\n[法] 怀疑, 疑心, 嫌疑",,,cet6-all source:ecdict cet4 cet6 cet6-core family:suspicions,3762
suspicious,sә'spiʃәs,adj.,"a. 可疑的, 多疑的, 怀疑的\n[法] 怀疑的, 令人怀疑的, 可疑的",,,cet6-all source:ecdict cet4 cet6 cet6-core,4603
sustain,sә'stein,vt.,"vt. 承受, 支持, 供养, 继续, 忍受, 蒙受, 证实, 准许\n[电] 持续",,,cet6-all source:ecdict cet4 cet6 cet6-core family:sustained family:sustaining family:sustains,2986
swallow,'swɒlәu,n.,"n. 燕子, 吞咽, 喉\nvt. 咽, 淹没, 吞没, 耗尽, 轻信, 忍受, 抑制\nvi. 吞下, 咽下",,,cet6-all source:ecdict cet4 cet6 family:swallowed family:swallowing family:swallows,3535
swamp,swɒmp,n.,"n. 沼泽, 进退两难的困境\nvt. 淹没, 击溃, 清除, 使陷于沼泽\nvi. 陷于沼泽, 淹没",,,cet6-all source:ecdict cet4 cet6 cet6-core family:swamped family:swamps family:swamping,6335
swan,swɒn,n.,"n. 天鹅, 天鹅星座, 有才华的诗人\nvi. 闲荡, 蜿蜒而行",,,cet6-all source:ecdict cet4 cet6 family:swans family:swanning family:swanned,11579
swarm,swɒ:m,n.,"n. 群, 大群, 蜂群, 分蜂群\nvi. 分群, 群集, 聚集一块, 云集, 攀\nvt. 挤满, 爬, 攀",,,cet6-all source:ecdict cet4 cet6 family:swarmed family:swarming family:swarms,8983
sway,swei,n.,"n. 摇摆, 影响力, 支配\nvt. 摇动, 支配, 弄歪, 使倾斜, 使动摇, 影响\nvi. 摇动, 摇摆, 倾斜, 动摇, 统治, 转向",,,cet6-all source:ecdict cet4 cet6 family:swaying family:swayed family:sways,5924
swear,swєә,vt.,"vt. 发誓, 咒骂, 使宣誓\nvi. 发誓, 诅咒\nn. 诅咒, 誓言",,,cet6-all source:ecdict cet4 cet6 family:sworn family:swore family:swearing family:swears,3330
sweat,swet,n.,"n. 汗, 汗水, 水珠, 焦急\nvi. 出汗, 渗出, 冒出水气, 结水珠, 烦恼, 懊恼\nvt. 使出汗, 流出, 榨出, 使汗流浃背",,,cet6-all source:ecdict cet4 cet6 family:sweating family:sweated family:sweats,3696
sweater,'swetә,n.,"n. 毛衣, 毛线衫, 运动衫, 出汗者\n[化] 发汗器",,,cet6-all source:ecdict cet4 cet6 family:sweaters,4789
sweep,swi:p,n.,"n. 扫除, 打扫, 肃清, 视野, 范围, 全胜\nvt. 扫除, 掸去, 猛拉, 扫荡, 肃清, 冲走, 刮起, 环视, 掠过, 扫射\nvi. 扫, 打扫, 袭击, 席卷, 扫视, 掠过",,,cet6-all source:ecdict cet4 cet6 family:swept family:sweeping family:sweeps,2639
sweeten,'swi:tn,vt.,"vt. 使变甜, 加糖于, 使悦耳, 使温和, 减轻\nvi. 变甜",,,cet6-all source:ecdict cet6 family:sweetened family:sweetening family:sweetens,14697
sweetness,'swi:tnis,n.,"n. 甜蜜, 芳香, 美妙",,,cet6-all source:ecdict cet6 family:sweetnesses,9462
swell,swel,n.,"n. 增大, 隆起的部分, 巨浪, 肿胀\na. 优秀的, 一流的\nvi. 增大, 膨胀, 肿胀, 增强, 骄傲\nvt. 使膨胀, 使增大, 使上涨, 使骄傲",,,cet6-all source:ecdict cet4 cet6 family:swollen family:swelling family:swelled family:swells,4867
swift,swift,n.,"n. 褐雨燕, 快速爬行的小蜥蜴, 蝙蝠蛾, 大滚筒\na. 迅速的, 快的, 敏捷的, 立刻的\nadv. 迅速地, 敏捷地",,,cet6-all source:ecdict cet4 cet6 family:swifts family:swifter family:swiftest,6627
swing,swiŋ,n.,"n. 摇摆, 振幅, 音律, 节奏, 涨落, 秋千, 旋转, 行动自由\nvi. 摇摆, 悬挂, 旋转, 大摇大摆地走, 转向\nvt. 挥舞, 使旋转, 使转向, 悬挂, 吊运\na. 旋转的, 悬挂的, 强节奏爵士音乐的",,,cet6-all source:ecdict cet4 cet6 family:swung family:swinging family:swings,2453
swiss,swis,n.,"n. 瑞士人, 瑞士腔调\na. 瑞士的, 瑞士风格的",,,cet6-all source:ecdict cet4 cet6,5727
switch,switʃ,n.,"n. 开关, 电闸, 转换, 软枝, 鞭子, 道岔\nvt. 转变, 切换, 摆动, 转换, 使转轨\nvi. 转换, 变换, 摆动\n[计] 开关; 翻转; 转移",,,cet6-all source:ecdict cet4 cet6 family:switched family:switching family:switches,2604
sword,sɒ:d,n.,"n. 刀, 剑, 战争, 武力, 剑状物",,,cet6-all source:ecdict cet4 cet6 family:swords,4105
symbol,'simbl,n.,"n. 符号, 象征, 代号, 信条\n[计] 符号; 码元",,,cet6-all source:ecdict cet4 cet6 cet6-core family:symbols,2340
symmetrical,si'metrikl,adj.,"a. 对称的, 匀称的\n[医] 对称的, 均称的",,,cet6-all source:ecdict cet6,13664
symmetry,'simitri,n.,"n. 对称, 匀称\n[化] 对称; 对称性; 对称现象",,,cet6-all source:ecdict cet6 cet6-core family:symmetries,10174
sympathetic,.simpә'θetik,adj.,"a. 有同情心的, 合意的, 赞成的\nn. 交感神经, 容易感受的人",,,cet6-all source:ecdict cet4 cet6 cet6-core,5209
sympathize,'simpәθaiz,vi.,"vi. 同情, 怜悯, 同意, 体谅",,,cet6-all source:ecdict cet4 cet6 family:sympathized family:sympathizes family:sympathizing,11121
sympathy,'simpәθi,n.,"n. 同情, 赞同, 怜悯, 慰问, 吊唁\n[医] 交感[作用], 同感[作用], 感应, 同情",,,cet6-all source:ecdict cet4 cet6 cet6-core family:sympathies,4270
symphony,'simfәni,n.,"n. 交响乐, 交响曲",,,cet6-all source:ecdict cet6 cet6-core family:symphonies,7665
symposium,sim'pәuziәm,n.,"n. 讨论会, 座谈会, 专题报告会, 专题论文集",,,cet6-all source:ecdict cet6 cet6-core family:symposiums,11312
symptom,'simptәm,n.,"n. 症状, 征候, 征兆\n[医] 症状",,,cet6-all source:ecdict cet6 family:symptoms,2249
synthesis,'sinθisis,n.,"n. 综合, 组织, 综合体\n[化] 合成",,,cet6-all source:ecdict cet6 cet6-core family:syntheses,8268
synthesize,'sinθisaiz,v.,"v. 综合, 合成",,,cet6-all source:ecdict cet6 family:synthesized family:synthesizing family:synthesizes family:synthesizer,10905
synthetic,sin'θetik,n.,"n. 合成物质\na. 综合(性)的, 人造的, 合成的",,,cet6-all source:ecdict cet4 cet6 family:synthetics,6824
system,'sistәm,n.,"n. 系统, 体系, 制度, 方式, 秩序, 分类原则\n[计] 系统; 体制; 体系",,,cet6-all source:ecdict cet4 cet6 family:systems,191
systematic,.sisti'mætik,adj.,"a. 有系统的, 分类上的, 体系的\n[医] 系统的, 系的, 分类的",,,cet6-all source:ecdict cet4 cet6 family:systematics,5408
systematically,.sisti'mætikli,adv.,"adv. 有系统地, 有组织地, 有条理地",,,cet6-all source:ecdict cet6,7537
tablet,'tæblit,n.,"n. 平板, 门牌, 笔记簿, 碑, 匾, 药片\n[化] 片剂",,,cet6-all source:ecdict cet4 cet6 family:tablets,7864
tabulate,'tæbjuleit,vt.,"vt. 作成表, 作成一览表, 使成平面\na. 平板状的, 平面的\n[计] 制表",,,cet6-all source:ecdict cet6 family:tabulated family:tabulates family:tabulating,18339
tack,tæk,n.,"n. 平头钉, 大头钉, 粗缝针脚, 行动方针, 食物\nvt. 以大头针钉住, 附加",,,cet6-all source:ecdict cet6 cet6-core family:tacks family:tacked family:tacking,10013
tackle,'tækl,n.,"n. 工具, 复滑车, 滑车, 装备, 扭倒\nvt. 固定, 处理, 抓住\nvi. 扭倒",,,cet6-all source:ecdict cet6 cet6-core family:tackling family:tackled family:tackles,4096
tact,tækt,n.,"n. 机智, 手法, 老练\n[经] (自动加工线的)生产节拍",,,cet6-all source:ecdict cet6,17499
tactics,'tæktiks,n.,"n. 用兵学, 战术, 兵法\n[经] 战术, 策略",,,cet6-all source:ecdict cet6 family:tactic family:s,
tag,tæg,n.,"n. 标签, 附属物, 碎片, 结束语, 口头禅, 附加语, 浑名, 标记, 标记符\nvt. 附以签条, 尾随, 添饰, 起浑名, 连接\nvi. 紧紧跟随\n[计] 标记",,,cet6-all source:ecdict cet4 cet6 family:tags family:tagged family:tagging,4442
tail,teil,n.,"n. 尾部, 后部, 辫子, 随员, 特务, 燕尾服, 踪迹, 限定继承(权)\na. 在后面的, 从后面而来的, 限定继承的, 尾部的, 后部的\nvt. 为...装尾, 附于其后, 尾随, 使搭牢, 跟踪, 监视\nvi. 跟踪, 船尾搁浅",,,cet6-all source:ecdict cet4 cet6 family:tails family:tailed family:tailing,2985
tailor,'teilә,n.,"n. 裁缝, 成衣匠\nvt. 缝制, 制作, 使适应\nvi. 做裁缝",,,cet6-all source:ecdict cet4 cet6 family:tailored family:tailors family:tailoring,7806
tale,teil,n.,"n. 故事, 谎言, 谣言, 陈述, 叙述\n[法] 虚语, 诽语, 谣言",,,cet6-all source:ecdict cet4 cet6 family:tales,2239
talent,'tælәnt,n.,"n. 天才, 才能, 有才干的人, 天资",,,cet6-all source:ecdict cet4 cet6 family:talents,2030
tame,teim,adj.,"a. 驯服的, 柔顺的, 被开垦的, 顺从的, 乏味的, 平淡的\nvt. 驯养, 驯服, 制服, 失去锋芒\nvi. 变得驯服",,,cet6-all source:ecdict cet4 cet6 cet6-core family:tamed family:taming family:tamer family:tames,10816
tan,tæn,n.,"n. 黄褐色, 鞣料, 马戏团\na. 黄褐色的, 鞣皮的\nvi. 晒成棕褐色\nvt. 把...晒黑, 鞣(革), 狠狠鞭打",,,cet6-all source:ecdict cet4 cet6 cet6-core family:tans family:tanned family:tanning,9634
tangle,'tæŋgl,n.,"n. 缠结, 纠结的一团, 困惑, 纠纷, 混乱\nvt. 使缠结, 缠住\nvi. 缠结, 乱作一团",,,cet6-all source:ecdict cet6 cet6-core family:tangles family:tangled family:tangling,9440
tank,tæŋk,n.,"n. 槽, 箱, 柜, 罐, 池塘, 储水池, 坦克\nvt. 储于箱中",,,cet6-all source:ecdict cet4 cet6 family:tanks family:tanking family:tanked,1874
tanker,'tæŋkә,n.,"n. 坦克手, 油船, 空中加油飞机, 运油飞机, 油槽/水槽汽车\n[化] 槽车; 油槽船",,,cet6-all source:ecdict cet6 cet6-core family:tankers family:tankered,9275
tap,'tæp,n.,"n. 轻打, 水龙头\nvt. 轻打, 轻敲, 敲打出, 选择, 装上嘴子, 使流出, 开发, 分接, 向...乞讨\nvi. 轻叩, 轻拍, 啪塔啪塔地走\n[计] 接头",,,cet6-all source:ecdict cet4 cet6 family:tapped family:tapping family:taps,2843
tape,teip,n.,"n. 带子, 录音带, 磁带, 窄带, 卷尺\nvt. 以带子绑起, 测量, 录音\n[计] 带",,,cet6-all source:ecdict cet4 cet6 family:tapes family:taping family:taped,1490
taper,'teipә,n.,"n. 带子操作工, 小蜡烛, 尖细, 渐弱, 锥形, 尖塔\na. 尖细的, 分等级的\nv. (使)一头逐渐变细, (使)逐渐减少",,,cet6-all source:ecdict cet6 family:tapering family:tapers family:tapered,17027
tar,tɑ:,n.,"n. 焦油, 柏油, 水手\nvt. 涂以焦油, 玷污, 怂恿\na. 焦油的",,,cet6-all source:ecdict cet6 family:tarred family:tars family:tarring,11903
target,'tɑ:git,n.,"n. 目标, 靶子, 指标\nvt. 对准, 订指标",,,cet6-all source:ecdict cet4 cet6 cet6-core family:targets family:targeted family:targeting,1281
tariff,'tærif,n.,"n. 关税, 关税表, 价格表, 收费表\nvt. 课以关税\n[计] 价目表",,,cet6-all source:ecdict cet6 cet6-core family:tariffs family:tariffing family:tariffed,7354
task,tɑ:sk,n.,"n. 工作, 任务, 作业, 困难的工作\nvt. 派给...工作, 使辛劳\n[计] 任务",,,cet6-all source:ecdict cet4 cet6 family:tasks family:tasked family:tasking,1047
taste,teist,n.,"n. 味道, 品味, 味觉, 感受, 体验, 爱好, 审美, 少量\nvt. 尝, 察觉...的味道, 体会\nvi. 品尝, 察觉味道, 有某种味道",,,cet6-all source:ecdict cet4 cet6 family:tastes family:tasted family:tasting,2031
tax,tæks,n.,"n. 税, 税款, 重负, 会费\nvt. 课以税, 使负重荷, 斥责",,,cet6-all source:ecdict cet4 cet6 family:taxes family:taxed family:taxing,509
teaching,'ti:tʃiŋ,n.,"n. 教学, 学说, 教导",,,cet6-all source:ecdict cet4 cet6 family:teach family:i family:teaching family:teachings,1638
team,ti:m,n.,"n. 队, 组\nvt. 把马(牛)套在同一辆车上, 把...编成一组\nvi. 驾驶卡车, 协作",,,cet6-all source:ecdict cet4 cet6 family:teams family:teamed family:teaming,307
tear,tiә. tєә,n.,"n. 泪滴, 眼泪, 撕, 扯, 裂缝, 激怒, 飞奔\nvi. 流泪, 撕破, 赶快, 飞奔, 被撕破\nvt. 撕裂, 戳破, 拉掉, 撕掉, 使分裂, 使精神不安, 折磨",,,cet6-all source:ecdict cet4 cet6 family:tears family:torn family:tore family:tearing,1905
tease,ti:z,n.,"n. 揶揄, 戏弄, 逗惹\nvt. 戏弄, 取笑, 强求, 梳理, 使起毛",,,cet6-all source:ecdict cet6 cet6-core family:teased family:teasing family:teases,5458
technical,'teknikl,adj.,"a. 技术上的, 专门的, 工业的, 严格根据法律的\n[化] 技巧",,,cet6-all source:ecdict cet4 cet6,2064
technician,tek'niʃәn,n.,n. 技师\n[化] 技师,,,cet6-all source:ecdict cet4 cet6 family:technicians,4831
technique,tek'ni:k,n.,"n. 技巧, 技术, 方法\n[化] 工艺方法; 技巧",,,cet6-all source:ecdict cet4 cet6 family:techniques,1335
technology,tek'nɒlәdʒi,n.,"n. 技术, 工业技术, 术语\n[医] 技术学, 工艺学",,,cet6-all source:ecdict cet4 cet6 family:technologies,585
tedious,'ti:diәs,adj.,"a. 沉闷的, 冗长乏味的",,,cet6-all source:ecdict cet4 cet6 cet6-core,10501
teenager,'ti:nidʒә,n.,n. 十三岁到十九岁的少年,,,cet6-all source:ecdict cet4 cet6 family:teenagers,2440
telegram,'teli^ræm,n.,"n. 电报, 一封电报\n[计] 电报",,,cet6-all source:ecdict cet4 cet6 family:telegrams,12224
telegraph,'teligrɑ:f,n.,"n. 电报, 电报机\nvi. 打电报\nvt. 打电报给, 电汇, 流露, 显示出要...的样子",,,cet6-all source:ecdict cet4 cet6 family:telegraphs family:telegraphed family:telegraphing,26182
telescope,'teliskәup,n.,"n. 望远镜\nvi. 叠缩, 嵌进, 缩短\nvt. 使叠缩, 使缩短",,,cet6-all source:ecdict cet4 cet6 family:telescopes family:telescoped family:telescoping,2759
telex,'teleks,n.,"n. 用户直通电报, 电传打字机\n[计] 电传, 用户电报",,,cet6-all source:ecdict cet6 family:telexes family:telexed family:telexing,33037
temper,'tempә,n.,"n. (钢等的)硬度, 脾气, 心情, 中和剂, 倾向, 回火\nvt. 使回火, 锻炼, 调和, 使缓和\nvi. 回火",,,cet6-all source:ecdict cet4 cet6 cet6-core family:tempered family:tempers family:tempering,6436
temperament,'temprәmәnt,n.,"n. 气质, 性格, 性情\n[医] 气质, 禀赋",,,cet6-all source:ecdict cet6 cet6-core family:temperaments,8423
temperature,'temprәtʃә,n.,"n. 温度, 发烧, 热度\n[化] 温度",,,cet6-all source:ecdict cet4 cet6 family:temperatures,1622
temple,templ,n.,"n. 圣堂, 庙宇, 教堂, 礼拜堂, 太阳穴, 鬓角\n[医] 颞颥, 颞部",,,cet6-all source:ecdict cet4 cet6 family:temples,3616
tempo,'tempәu,n.,"n. 速度, 节奏, 进行速度, (棋的)一着",,,cet6-all source:ecdict cet6 cet6-core family:tempos,9998
temporary,'tempәrәri,adj.,"a. 暂时的, 临时的\nn. 临时工, 临时雇员\n[计] 临时",,,cet6-all source:ecdict cet4 cet6 family:temporaries,3150
tempt,tempt,vt.,"vt. 诱惑, 引诱, 引起...的兴趣, 吸引, 冒...风险",,,cet6-all source:ecdict cet4 cet6 cet6-core family:tempted family:tempts family:tempting,5592
temptation,temp'teiʃәn,n.,"n. 诱惑, 诱惑物\n[法] 诱惑, 诱惑物",,,cet6-all source:ecdict cet4 cet6 family:temptations,5906
tenable,'tenәbl,adj.,"a. 可守的, 站得住(脚)的, 合理的, 成立的",,,cet6-all source:ecdict cet6,26987
tenant,'tenәnt,n.,"n. 承租人, 房客, 居住者\nvt. 租借\n[计] 占据者",,,cet6-all source:ecdict cet4 cet6 cet6-core family:tenants family:tenanted family:tenanting,5543
tend,tend,vi.,"vi. 走向, 有某种的倾向, 易于, 照顾, 注意\nvt. 照料, 护理",,,cet6-all source:ecdict cet4 cet6 family:tends family:tended family:tending,1039
tendency,'tendәnsi,n.,"n. 趋向, 倾向\n[医] 趋向, 趋势",,,cet6-all source:ecdict cet4 cet6 cet6-core family:tendencies,3040
tender,'tendә,adj.,"a. 嫩的, 柔软的, 脆弱的, 温柔的, 亲切的, 未成熟的, 微妙的, 棘手的, 审慎的\nvt. 使变嫩, 提供, 偿还\nvi. 变柔软, 投标\nn. 照料, 看管人, 供应船, 小船, 提出, 偿付, 投标",,,cet6-all source:ecdict cet4 cet6 family:tenders family:tendered family:tendering,4225
tense,tens,adj.,"a. 紧张的, 拉紧的\nv. (使)紧张, (使)拉紧\nn. 时态",,,cet6-all source:ecdict cet4 cet6 family:tensed family:tensing family:tenses,6263
tensile,'tensail,adj.,"a. 可拉长的, 可伸长的, 张力的, 拉力的\n[机] 拉的",,,cet6-all source:ecdict cet6,24946
tent,tent,n.,"n. 帐篷, 帷幕, 住处, 塞条, 塞子\nvi. 住帐蓬, 宿营, 暂时居住\nvt. 用帐篷遮盖, 使住帐篷, 用塞条嵌入",,,cet6-all source:ecdict cet4 cet6 family:tents family:tented family:tenting,3071
tentative,'tentәtiv,n.,"n. 试验\na. 试验性的, 暂时的",,,cet6-all source:ecdict cet6 cet6-core,7722
term,tә:m,n.,"n. 术语, 专有名词, 期限, 学期, 任期, 条件, 价钱, 关系, 地位, 项, 界石\nvt. 称, 呼\n[计] 检索词; 项",,,cet6-all source:ecdict cet4 cet6 family:terms family:termed family:terming,626
terminal,'tә:minәl,n.,"n. 终端机, 终点, 末端, 极限, 终点站\na. 终点的, 定期的, 致死的, 结尾的, 末端的, 晚期的\n[计] 终端; 终端设备",,,cet6-all source:ecdict cet4 cet6 family:terminals,5777
terminate,'tә:mineit,adj.,"a. 有结尾的, (可)结束的\nvi. 结束, 终止, 满期\nvt. 使停止, 使结束, 使终止\n[计] 终止",,,cet6-all source:ecdict cet6 cet6-core family:terminated family:terminating family:terminates,7189
terminology,.tә:mi'nɒlәdʒi,n.,"n. 术语, 术语学\n[医] 名词学, 命名法",,,cet6-all source:ecdict cet6 family:terminologies,9306
terrace,'terәs,n.,"n. 阶地, 梯田, 房屋之平顶, 阳台, 沿岸防地, 露台\na. 叠层式的\nvt. 使成梯田, 使成有平台屋顶",,,cet6-all source:ecdict cet6 cet6-core family:terraces family:terracing family:terraced,6431
terrain,'terein,n.,"n. 地带, 地区, 地形, 领域, 范围",,,cet6-all source:ecdict cet6 cet6-core family:terrains,4492
terrible,'terәbl,adj.,"a. 可怕的, 令人恐惧的, 极坏的",,,cet6-all source:ecdict cet4 cet6,1944
terrific,tә'rifik,adj.,"a. 非常好的, 极端的, 可怕的",,,cet6-all source:ecdict cet4 cet6 cet6-core,4237
terrify,'terifai,vt.,"vt. 使恐惧, 恐吓",,,cet6-all source:ecdict cet6 cet6-core family:terrified family:terrifying family:terrifies,5828
territory,'teritәri,n.,"n. 领土, 领地, 版图, 地区, 活动范围\n[经] (推销员等的)推销区域",,,cet6-all source:ecdict cet4 cet6 cet6-core family:territories,2179
terror,'terә,n.,"n. 恐怖, 可怕的人\n[医] 惊吓, 惊悸",,,cet6-all source:ecdict cet4 cet6 family:terrors,2732
terrorist,'terәrist,n.,"n. 恐怖分子\n[法] 恐怖份子, 恐怖主义",,,cet6-all source:ecdict cet6 family:terrorists,2841
test,test,n.,"n. 测试, 试验, 化验, 检验, 考验, 甲壳\nvt. 测试, 试验, 化验\nvi. 接受测验, 进行测试",,,cet6-all source:ecdict cet4 cet6 family:tests family:tested family:testing,575
testify,'testifai,v.,"v. 证明, 作证, 声明, 表明",,,cet6-all source:ecdict cet6 cet6-core family:testified family:testifies family:testifying,2790
testimony,'testimәni,n.,"n. 证言, 证据, 声明\n[医] 证据",,,cet6-all source:ecdict cet6 cet6-core family:testimonies,2661
textbook,'tekstbuk,n.,n. 教科书,,,cet6-all source:ecdict cet4 cet6 family:textbooks,4473
textile,'tekstail,n.,"n. 纺织品, 纺织业\na. 织的, 纺织的",,,cet6-all source:ecdict cet4 cet6 family:textiles,5621
texture,'tekstʃә,n.,"n. (织物的)密度, (材料等的)结构, 纹理\n[化] 纹理",,,cet6-all source:ecdict cet6 cet6-core family:textures family:textured family:texturing,4413
thanksgiving,'θæŋks.giviŋ,n.,n. 感谢,,,cet6-all source:ecdict cet6 cet6-core family:thanksgivings,4464
theatre,,n.,"n. 戏院, 电影院, 剧场, 全体观众, 戏剧, 戏剧效果, 阶梯式讲堂, 场所",,,cet6-all source:ecdict cet4 cet6 family:theatres,
theft,θeft,n.,"n. 盗窃, 失窃, 盗窃罪, 赃物\n[法] 盗窃行为, 偷窃, 失窃",,,cet6-all source:ecdict cet6 cet6-core family:thefts,5367
theme,θi:m,n.,"n. 主题, 话题, 题目",,,cet6-all source:ecdict cet4 cet6 cet6-core family:themes,1655
theorem,'θiәrәm,n.,"n. 定理, 原理\n[化] 定理",,,cet6-all source:ecdict cet6 family:theorems,17159
theoretical,θiә'retikәl,adj.,"a. 理论的, 理论上的, 假设的, 推理的\n[计] 理论的",,,cet6-all source:ecdict cet4 cet6,3781
theory,'θiәri,n.,"n. 理论, 学说, 原理, 意见, 推测\n[化] 理论",,,cet6-all source:ecdict cet4 cet6 family:theories,918
therapy,'θerәpi,n.,"n. 治疗\n[医] 疗法, 治疗",,,cet6-all source:ecdict cet6 family:therapies,2142
thereafter,.ðєәr'æftә,adv.,"adv. 其后, 从那时以后",,,cet6-all source:ecdict cet6 cet6-core,6497
thereby,'ðєәbai,adv.,adv. 因此,,,cet6-all source:ecdict cet4 cet6,3891
therefore,'ðєәfɒ:,adv.,"adv. 因此, 所以",,,cet6-all source:ecdict cet4 cet6 cet6-core,1161
therein,.ðєәr'in,adv.,"adv. 在其中, 在那里, 在那一点上",,,cet6-all source:ecdict cet6,12928
thereof,.ðєәr'ɒv,adv.,"adv. 在其中, 关于..., 由此\n[法] 由是, 由此, 属于它的",,,cet6-all source:ecdict cet6,12522
thermal,'θә:ml,adj.,"a. 热的, 热量的, 温泉的\nn. 上升温暖气流",,,cet6-all source:ecdict cet6 cet6-core family:thermals family:thermalling,7148
thermometer,θә'mɒmitә,n.,"n. 温度计, 体温计\n[化] 温度计",,,cet6-all source:ecdict cet4 cet6 family:thermometers,9651
thesis,'θi:sis,n.,"n. 论题, 论文",,,cet6-all source:ecdict cet6 cet6-core family:theses,5974
thick,θik,adj.,"a. 厚的, 粗壮的, 浓的, 迟钝的, 浑浊的, 多雾的, 过分的, 口齿不清的\nadv. 厚地, 密地, 浓浓地\nn. 最浓处, 最厚处, 最密集处\n[计] 暗, 粗线",,,cet6-all source:ecdict cet4 cet6 family:thicker family:thickest,1721
thicken,'θikәn,vi.,"vi. 变浓, 变厚, 变得模糊, 变为复杂\nvt. 使变厚, 加强, 使模糊",,,cet6-all source:ecdict cet6 family:thickened family:thickening family:thickens,8485
thickness,'θiknis,n.,"n. 厚度, 密度, 愚钝, 含混不清\n[医] 厚度",,,cet6-all source:ecdict cet4 cet6 family:thicknesses family:thicknessing,8553
thief,θi:f,n.,"n. 小偷, 贼\n[化] 取样",,,cet6-all source:ecdict cet4 cet6 family:thieves,5007
thigh,θai,n.,"n. 大腿, 股\n[医] 股, 大腿",,,cet6-all source:ecdict cet6 cet6-core family:thighs,4209
thirdly,'θә:dli,adv.,adv. 第三,,,cet6-all source:ecdict cet4 cet6,19412
thirst,θә:st,n.,"n. 口渴, 渴望\nvi. 口渴, 渴望",,,cet6-all source:ecdict cet4 cet6 family:thirsting family:thirsts family:thirsted,10813
thorn,θɒ:n,n.,"n. 刺, 棘, 荆棘",,,cet6-all source:ecdict cet4 cet6 cet6-core family:thorns family:thorning family:thorned,11159
thorough,'θʌrә,adj.,"a. 十分的, 彻底的",,,cet6-all source:ecdict cet4 cet6,5852
thoroughly,'θʌrәli,adv.,"adv. 彻底地, 绝对地, 透彻地, 详尽地, 周到地, 完全地, 完善地, 全面地",,,cet6-all source:ecdict cet6,4135
thought,θɒ:t,n.,"n. 想法, 思想, 思维, 关心, 挂念\nthink的过去式和过去分词",,,cet6-all source:ecdict cet4 cet6 family:think family:pd family:thoughts,760
thoughtful,'θɒ:tful,adj.,"a. 深思的, 体贴的",,,cet6-all source:ecdict cet4 cet6,5674
thoughtless,'θɒ:tlis,adj.,"a. 欠考虑的, 无深虑的, 轻率的",,,cet6-all source:ecdict cet6,20001
thrash,θræʃ,vt.,"vt. 打, 使逆行, 胜过, 推敲, 鞭打\nvi. 打谷, 痛打, 剧烈扭动, 逆行\nn. 打谷, (划水)鞭状动作",,,cet6-all source:ecdict cet6 family:thrashing family:thrashed family:thrashes,11448
thread,θred,n.,"n. 线, 丝, 纤维, 线索\nvt. 穿线于, 穿过, 通过, 用线穿成\nvi. 穿过\n[计] 线索, 线程",,,cet6-all source:ecdict cet4 cet6 family:threads family:threaded family:threading,4714
threat,θret,n.,"n. 恐吓, 恶兆, 威胁\n[经] 威胁",,,cet6-all source:ecdict cet4 cet6 family:threats,1066
threaten,'θretn,vt.,"vt. 恐吓, 威胁, 预示...的凶兆\nvi. 威胁, 恫吓, 可能来临",,,cet6-all source:ecdict cet4 cet6 cet6-core family:threatened family:threatening family:threatens,1395
thresh,θreʃ,vt.,"vt. 打谷, 摔打, 反复研究, 推敲\nvi. 打谷, 鞭打, 剧烈扭动",,,cet6-all source:ecdict cet6 family:threshing family:threshed family:threshes,30106
threshold,'θreʃәuld,n.,"n. 门槛, 入口, 开端, 阈\n[计] 阈; 阈值",,,cet6-all source:ecdict cet6 cet6-core family:thresholds,4724
thrifty,'θrifti,adj.,"a. 节俭的, 兴旺的, 繁茂的",,,cet6-all source:ecdict cet6,21446
thrill,θril,n.,"n. 震颤, 激动, 刺激性, 一阵激动\nvi. 震颤, 颤抖, 激动\nvt. 使激动, 使颤动",,,cet6-all source:ecdict cet4 cet6 cet6-core family:thrills family:thrilling family:thrilled,5858
thrive,θraiv,vi.,"vi. 繁荣, 兴旺, 茁壮成长\n[经] 兴旺, 繁荣, 旺盛",,,cet6-all source:ecdict cet4 cet6 cet6-core family:thrives family:thrived family:thriving,4628
throat,θrәut,n.,"n. 咽喉, 喉咙, 嗓音\nvt. 用喉音说, 开沟于",,,cet6-all source:ecdict cet4 cet6 family:throats,2454
throne,'θrәun,n.,"n. 王座, 君主",,,cet6-all source:ecdict cet4 cet6 cet6-core family:thrones family:throning family:throned,7253
throng,θrɒ:ŋ,n.,"n. 群, 人群, 群集, 众多\na. 拥挤的\nvi. 群集, 蜂拥\nvt. 在...群集, 使拥塞",,,cet6-all source:ecdict cet4 cet6 family:thronged family:thronging family:throngs,11014
throughout,θru:'aut,adv.,"adv. 到处, 贯穿全部地, 自始至终\nprep. 遍及, 在各处\n[计] 吞吐量",,,cet6-all source:ecdict cet4 cet6,983
thrust,θrʌst,n.,"n. 插, 戳, 刺, 猛推, 口头攻击, 推力\nvt. 插入, 猛推, 刺, 戳, 强加, 延伸\nvi. 插, 刺, 戳, 延伸, (用力)推",,,cet6-all source:ecdict cet4 cet6 family:thrust family:pd family:thrusting family:thrusts,5904
thumb,θʌm,n.,"n. 拇指\nvt. 以拇指拨弄, 笨拙地摆弄, 用拇指翻旧, 迅速翻阅, 作搭车手势",,,cet6-all source:ecdict cet4 cet6 family:thumbs family:thumbed family:thumbing,3748
thunder,'θʌndә,n.,"n. 雷, 雷声\nvi. 打雷, 轰隆地响, 怒喝\nvt. 大声喊出, 轰隆地发出",,,cet6-all source:ecdict cet4 cet6 family:thundered family:thundering family:thunders,8090
thus,ðʌs,adv.,"adv. 如此, 因此, 到如此程度\n[医] 乳香",,,cet6-all source:ecdict cet4 cet6,744
tick,tik,n.,"n. 滴答声, 一瞬间, 壁虱, 褥套, 信用, 赊欠\nvi. 滴答响, 活动\nvt. 滴答地记录, 标记号于",,,cet6-all source:ecdict cet4 cet6 cet6-core family:ticking family:ticks family:ticked,7358
tickle,'tikl,n.,"n. 胳肢, 痒\nvt. 胳肢, 使发痒, 使快乐, 逗乐\nvi. 觉得痒, 使人痒",,,cet6-all source:ecdict cet6 cet6-core family:tickling family:tickled family:tickles,9498
tide,taid,n.,"n. 潮, 潮汐, 趋势, 潮流, 涨潮, 高潮\nvt. 使随潮漂流\nvi. 顺潮行驶",,,cet6-all source:ecdict cet4 cet6 family:tides family:tiding family:tided,4010
tidy,'taidi,n.,"n. 椅子的背罩, 装杂物的容器\na. 整齐的, 有条理的\nvt. 弄整齐, 收拾, 整理\nvi. 整理, 收拾",,,cet6-all source:ecdict cet4 cet6 family:tidying family:tidied family:tidier family:tidies family:tidiest,9867
tie,tai,n.,"n. 带子, 线, 鞋带, 领带, 领结, 关系, 束缚, 平局, 不分胜负\nvt. 系, 打结, 扎, 约束, 与...成平局\nvi. 结合, 打结, 不分胜负",,,cet6-all source:ecdict cet4 cet6 family:tied family:ties family:tying,1501
tiger,'taigә,n.,"n. 老虎, 虎, 凶暴的人",,,cet6-all source:ecdict cet4 cet6 family:tigers,5908
tight,tait,adj.,"a. 紧的, 密封的, 吝啬的, 严厉的\nadv. 紧紧地",,,cet6-all source:ecdict cet4 cet6 family:tighter family:tights family:tightest,2741
tighten,'taitn,vt.,"vt. 勒紧, 使变紧\nvi. 变紧, 绷紧",,,cet6-all source:ecdict cet6 family:tightened family:tightening family:tightens,4536
tightly,'taitli,adv.,"adv. 紧紧地, 坚固地",,,cet6-all source:ecdict cet6,4107
tile,tail,n.,"n. 砖瓦, 瓷砖, 瓦片\nvt. 铺以瓦, 铺以瓷砖\n[计] 平铺",,,cet6-all source:ecdict cet6 cet6-core family:tiles family:tiled family:tiling,4880
tilt,tilt,n.,"n. 倾斜, 倾向, 船篷, 车篷\nvt. 使倾斜, 使倾侧, 用帆布篷遮盖\nvi. 倾斜, 翘起, 冲, 评击\n[计] 倾斜",,,cet6-all source:ecdict cet6 cet6-core family:tilted family:tilting family:tilts,5070
timber,'timbә,n.,"n. 木材, 木料\nvt. 用木材建造",,,cet6-all source:ecdict cet4 cet6 family:timbers family:timbered,4896
timely,'taili,adj.,"a. 及时的, 适时的\nadv. 及时地",,,cet6-all source:ecdict cet6 cet6-core,7462
timetable,'taimteibl,n.,n. 时间表,,,cet6-all source:ecdict cet4 cet6 family:timetables family:timetabling family:timetabled,8819
timid,'timid,adj.,"a. 胆小的, 羞怯的",,,cet6-all source:ecdict cet4 cet6 cet6-core,11301
tin,tin,n.,"n. 锡, 马口铁, 罐头\nvt. 在...镀锡于\na. 锡制的\n[计] tin阅读程序",,,cet6-all source:ecdict cet4 cet6 family:tins family:tinning family:tinned,5424
tiny,'taini,adj.,"a. 很少的, 微小的",,,cet6-all source:ecdict cet4 cet6 family:tiniest family:tinier family:tinies,1313
tip,tip,n.,"n. 顶, 尖端, 梢, 末端, 倾斜, 垃圾场, 小费, 轻击, 指点, 秘密消息\nvt. 装顶端, 使倾斜, 使翻倒, 泄露, 告诫, 暗示, 给...小费, 轻击\nvi. 倾斜, 翻倒, 倾覆, 踮脚走, 给小费\n[计] 终端接口处理器, 提示, 技巧",,,cet6-all source:ecdict cet4 cet6 family:tips family:tipped family:tipping,1928
tire,taiә,n.,"n. 轮胎, 头饰\nvt. 使疲倦, 使厌烦, 打扮\nvi. 疲劳, 厌倦",,,cet6-all source:ecdict cet4 cet6 family:tired family:tires family:tiring,2850
tiresome,'taiәsәm,adj.,"a. 累人的, 烦人的",,,cet6-all source:ecdict cet6,17944
tissue,'tiʃu:,n.,"n. 薄的织物, 薄纱, 棉纸, 组织, 一套\n[化] 组织",,,cet6-all source:ecdict cet4 cet6 cet6-core family:tissues family:tissuing family:tissued,2688
title,'taitl,n.,"n. 头衔, 名称, 标题, 书名, 扉页, 权利, 资格, 冠军, 字幕\nvt. 授予头衔, 加标题于\n[计] 标题",,,cet6-all source:ecdict cet4 cet6 family:titles family:titled family:titling,1323
toad,tәud,n.,"n. 蟾蜍, 癞蛤蟆, 讨厌的家伙",,,cet6-all source:ecdict cet6 family:toads,12413
toast,tәust,n.,"n. 吐司, 烤面包, 干杯\nvt. 敬酒, 烤, 使暖和\nvi. 烤, 烘",,,cet6-all source:ecdict cet4 cet6 family:toasting family:toasts family:toasted,6163
tobacco,tә'bækәu,n.,"n. 烟草, 香烟\n[医] 烟草",,,cet6-all source:ecdict cet4 cet6 family:tobaccos,3010
toe,tәu,n.,"n. 足趾, 趾部, 脚趾\nvt. 以趾踏触, 用脚尖走\nvi. 动脚尖",,,cet6-all source:ecdict cet4 cet6 family:toes family:toed family:toeing,3360
toilet,'tɒilit,n.,"n. 厕所, 梳妆\nvi. 梳妆, 打扮, 上厕所\nvt. 给...梳妆打扮",,,cet6-all source:ecdict cet4 cet6 family:toilets,3983
token,'tәukәn,n.,"n. 表征, 记号, 代币\na. 象征的, 表意的\n[计] 记号",,,cet6-all source:ecdict cet6 cet6-core family:tokens,8924
tolerance,'tɒlәrәns,n.,"n. 宽容, 忍受, 容忍, 容许量, 公差\n[计] 允许误差",,,cet6-all source:ecdict cet4 cet6 family:tolerances,4670
tolerant,'tɒlәrәnt,adj.,"a. 宽容的, 容忍的, (对冷、热)能耐的\n[医] 能耐受的",,,cet6-all source:ecdict cet6 cet6-core,9167
tolerate,'tɒlәreit,vt.,"vt. 宽容, 容许, 有耐力",,,cet6-all source:ecdict cet4 cet6 family:tolerated family:tolerating family:tolerates,4319
tomato,tә'mɑ:tәu,n.,"n. 番茄, 西红柿",,,cet6-all source:ecdict cet4 cet6 family:tomatoes,2400
tomb,tu:m,n.,"n. 坟墓, 死亡\nvt. 埋葬",,,cet6-all source:ecdict cet4 cet6 family:tombs,6183
ton,tʌn,n.,n. 吨\n[经] 吨,,,cet6-all source:ecdict cet4 cet6 family:tons family:toning family:tonner,
tone,tәun,n.,"n. 音调, 音质, 语调, 语气, 色调, 气氛, 状况, 思想状态\nvt. 给...定色调, 增强, 使...的声调和谐, 定音调\nvi. 颜色调和\n[计] 双音频",,,cet6-all source:ecdict cet4 cet6 family:tones family:toned family:toning,1995
tongue,tʌŋ,n.,"n. 舌, 语言能力, 讲话方式, 语言\nvt. 舔, 斥责, 发...的音\nvi. 使用舌头, 吹管乐器",,,cet6-all source:ecdict cet4 cet6 family:tongues family:tonguing family:tongued,2871
tool,tu:l,n.,"n. 工具, 机床, 傀儡\nvt. 用工具加工\nvi. 使用工具",,,cet6-all source:ecdict cet4 cet6 family:tools family:tooling family:tooled,1291
top,tɒp,n.,"n. 顶部, 顶端, 极点, 上面, 上部, 顶篷, 最高地位, 首位, 陀螺\na. 最高的, 顶上的, 头等的\nvt. 盖, 加以顶, 高达, 超越\nvi. 结束, 达到顶点, 高出\n[计] TOP协议",,,cet6-all source:ecdict cet4 cet6 family:tops family:topped family:topping,678
topic,'tɒpik,n.,"n. 主题, 论题, 话题",,,cet6-all source:ecdict cet4 cet6 family:topics,1860
torch,tɒ:tʃ,n.,"n. 火把, 启发之物\n[化] 火炬",,,cet6-all source:ecdict cet4 cet6 family:torches family:torched family:torching,7182
torment,'tɒ:ment,n.,"n. 使人痛苦的东西, 折磨者, 苦痛\nvt. 使苦恼, 纠缠, 歪曲, 拷问",,,cet6-all source:ecdict cet6 family:tormented family:tormenting family:torments,12020
torpedo,tɒ:'pi:dәu,n.,"n. 鱼雷, 水雷, 地雷\nvt. 用鱼雷袭击, 破坏",,,cet6-all source:ecdict cet6 family:torpedoing family:torpedos family:torpedoed,12984
torque,tɒ:k,n.,"n. 扭转力, 转矩, 项圈\n[化] 转矩",,,cet6-all source:ecdict cet6 family:torques,10225
torrent,'tɒ:rәnt,n.,"n. 奔流, 倾盆大雨, 倾注, 迸发",,,cet6-all source:ecdict cet4 cet6 family:torrents,11727
tortoise,'tɒ:tәs,n.,"n. 龟, 行动迟缓的人",,,cet6-all source:ecdict cet4 cet6 family:tortoises family:tortoising family:tortoised,13299
torture,'tɒ:tʃә,n.,"n. 拷问, 苦闷\nvt. 拷问, 曲解, 折磨, 使弯曲",,,cet6-all source:ecdict cet4 cet6 family:tortured family:torturing family:tortures,5272
toss,tɒs,n.,"n. 投掷, 抛, 摇摆, 震荡, 掷钱币决定\nvt. 投掷, 猛抬, 摇荡, 使不安, 掷钱币决定\nvi. 被到处扔, 摇摆, 颠簸, 辗转, 掷钱币决定某事",,,cet6-all source:ecdict cet4 cet6 cet6-core family:tossed family:tossing family:tosses,2396
total,'tәutl,adj.,"a. 全体的, 总的, 全然的\nvt. 计算...的总和, 共计为\nvi. 合计\nn. 总数, 全体, 合计\nadv. 统统",,,cet6-all source:ecdict cet4 cet6 family:totalling family:totalled family:totals,1038
touch,tʌtʃ,n.,"n. 触觉, 碰, 触, 机灵, 轻触, 格调, 少许, 缺点, 弹力\nvt. 接触, 触摸, 触及, 使接触, 达到, 涉及, 影响到, 使轻度受害, 感动\nvi. 触摸, 接近, 涉及, 提到",,,cet6-all source:ecdict cet4 cet6 family:touched family:touching family:touches,1166
touchable,'tʌtʃәbl,adj.,"a. 可触的, 可使感动的",,,cet6-all source:ecdict cet6,35163
tough,tʌf,n.,"n. 恶棍\na. 强硬的, 艰苦的, 坚固的, 坚韧的, 粗暴的, 咬不动的",,,cet6-all source:ecdict cet4 cet6 family:tougher family:toughest family:toughs,1012
tour,tuә,n.,"n. 旅游, 观光旅行, 任期\nvi. 旅行, 周游, 巡回\nvt. 周游, 观光, 游历, 使巡回演出",,,cet6-all source:ecdict cet4 cet6 family:tours family:touring family:toured,1474
tow,tәu,n.,"n. 拖, 拖绳, 拖轮\nvt. 拖, 拉, 牵引",,,cet6-all source:ecdict cet6 cet6-core family:towed family:towing family:tows,9000
towards,tә'wɔ:dz,prep.,"prep. 向, 对于, 为了",,,cet6-all source:ecdict cet4 cet6,2004
towel,'tauәl,n.,"n. 手巾, 毛巾\nv. 擦干身子",,,cet6-all source:ecdict cet4 cet6 family:towels family:towelled family:towelling,3682
tower,'tauә,n.,"n. 塔, 高楼, 堡垒\nvi. 高耸, 翱翔",,,cet6-all source:ecdict cet4 cet6 family:towers family:towered family:towering,2412
toxic,'tɒksik,adj.,"a. 有毒的, 中毒的\n[医] 中毒的, 毒物的",,,cet6-all source:ecdict cet6 cet6-core family:toxics,4090
toy,tɒi,n.,"n. 玩具, 小玩艺儿, 小型的东西, 消遣\na. 供玩耍的, 作为玩具的\nvi. 玩弄, 戏弄, 调情",,,cet6-all source:ecdict cet4 cet6 family:toys family:toyed family:toying,2418
trace,treis,n.,"n. 痕迹, 踪迹, 微量, 迹线, 缰绳\nvt. 追踪, 回溯, 描绘\nvi. 追溯, 沿路走",,,cet6-all source:ecdict cet4 cet6 family:traced family:traces family:tracing,3020
track,træk,n.,"n. 轨迹, 足迹, 径迹, 小道, 轨道, 磁轨, 途径\nvt. 循路而行, 追踪, 通过, 用纤拉\nvi. 追踪, 留下足迹, 沿轨道运行\n[计] 跟踪",,,cet6-all source:ecdict cet4 cet6 family:tracks family:tracked family:tracking,1143
tract,trækt,n.,"n. 大片土地, 地带, 小册子\n[医] 束, 道",,,cet6-all source:ecdict cet6 cet6-core family:tracts,6133
tractor,'træktә,n.,"n. 牵引器, 拖拉机, 拉纸器\n[计] 进纸器",,,cet6-all source:ecdict cet4 cet6 family:tractors,6548
trade,treid,n.,"n. 贸易, 商业, 交易, 生意, 职业, 顾客, 信风\nvi. 进行交易, 做买卖, 经商, 对换, 购物\nvt. 用...进行交换",,,cet6-all source:ecdict cet4 cet6 family:trades family:trading family:traded,800
trademark,'treidmɑ:k,n.,n. 商标\n[法] 商标,,,cet6-all source:ecdict cet6 cet6-core family:trademarks family:trademarking,6787
trader,'treidә,n.,"n. 商人, 商船\n[经] 交易者, 商船",,,cet6-all source:ecdict cet6 family:traders,5021
tradesman,'treidzmәn,n.,"n. 零售商, 工匠\n[经] 商人, 店主, 零售商",,,cet6-all source:ecdict cet6 family:tradesmen,22615
tradition,trә'diʃәn,n.,"n. 传说, 传统, 交付\n[法] 传统, 惯例, 移交",,,cet6-all source:ecdict cet4 cet6 family:traditions,1243
traditional,trә'diʃәnl,adj.,"a. 传统的, 惯例的\n[经] 传统的, 惯例的",,,cet6-all source:ecdict cet4 cet6,925
traffic,'træfik,n.,"n. 交通, 通行, 运输, 交通量, 贸易, 交易, 交往, 通信量\nvi. 交易, 做买卖\nvt. 用...作交换\n[计] 通信量, 传输量",,,cet6-all source:ecdict cet4 cet6 family:trafficking family:trafficked family:traffics,1712
tragedy,'trædʒidi,n.,"n. 悲剧, 惨案, 悲剧作品\n[法] 惨事, 灾难, 不辛",,,cet6-all source:ecdict cet4 cet6 family:tragedies,2883
tragic,'trædʒik,adj.,"a. 悲惨的, 悲剧的",,,cet6-all source:ecdict cet6 cet6-core,4259
trail,treil,n.,"n. 踪迹, 痕迹, 一串, 尾部, 小径, 持枪姿势\nvt. 拖, 尾随, 追踪, 落后于, 开出路\nvi. 拖曳, 垂下, 落后, 飘出, 蔓生",,,cet6-all source:ecdict cet4 cet6 family:trailed family:trailing family:trails,1646
training,'treiniŋ,n.,"n. 训练, 培养\n[医] 训练",,,cet6-all source:ecdict cet4 cet6 family:training family:i,796
trait,treit,n.,"n. 特征, 特性, 一笔, 少许",,,cet6-all source:ecdict cet6 cet6-core family:traits,3737
traitor,'treitә,n.,"n. 叛逆者, 叛国者\n[法] 叛徒, 叛逆, 背信者",,,cet6-all source:ecdict cet4 cet6 family:traitors,9963
tram,træm,n.,"n. 电车轨道, 煤车, 纬纱, 纬丝\nvt. 用煤车运载\nvi. 乘电车",,,cet6-all source:ecdict cet4 cet6 family:trams family:tramming family:trammed,14885
tramp,træmp,n.,"n. 坚实(或沉重)的脚步声, 流浪者\nvi. 践踏, 重步行走, 步行, 流浪\nvt. 走过, 踩",,,cet6-all source:ecdict cet4 cet6 family:tramps family:tramping family:tramped,16137
trample,'træmpl,n.,"n. 践踏(声), 蹂躏\nv. 践踏, 无视",,,cet6-all source:ecdict cet6 family:trampled family:trampling family:tramples,11298
tranquil,'træŋkwil,adj.,a. 安静的,,,cet6-all source:ecdict cet6 family:tranquils,13037
transaction,træn'sækʃәn,n.,"n. 交易, 办理, 学报, 和解协议\n[计] 事务处理",,,cet6-all source:ecdict cet6 cet6-core family:transactions,3813
transcend,træn'send,vt.,"vt. 超越, 胜过",,,cet6-all source:ecdict cet6 cet6-core family:transcends family:transcended family:transcending,6661
transfer,træns'fә:,n.,"n. 迁移, 移动, 传递, 转让, 转移, 过户, 汇兑, 换车\nvt. 使转移, 调转, 调任, 改变, 传递, 转让\nvi. 转移, 转学, 转职, 换车\n[计] 传送",,,cet6-all source:ecdict cet4 cet6 cet6-core family:transferred family:transfers family:transferring,2315
transform,træns'fɒ:m,vt.,"vt. 使转换, 改变, 改造, 使...变形\nvi. 改变, 转化, 变换\n[计] 变换",,,cet6-all source:ecdict cet4 cet6 cet6-core family:transformed family:transforming family:transforms,2185
transformation,.trænsfә'meiʃәn,n.,"n. 变形, 变质, 变化, 改革, 变换\n[化] 转化; 变换",,,cet6-all source:ecdict cet4 cet6 family:transformations,3290
transformer,træns'fɒ:mә,n.,"n. 变压器, 促使变化的人\n[化] 变压器",,,cet6-all source:ecdict cet4 cet6 family:transformers,17547
transient,'trænziәnt,n.,"n. 瞬, 短期居留者, 过境鸟, 瞬变现象\na. 短暂的, 易变的, 瞬变的, 路过的\n[计] 瞬变过程; 过渡过程; 过渡的; 瞬变的; 瞬时峰值电压",,,cet6-all source:ecdict cet6 cet6-core family:transients,10735
transistor,træn'zistә,n.,n. 晶体管\n[化] 晶体管,,,cet6-all source:ecdict cet4 cet6 cet6-core family:transistors,13031
transit,'trænsit,n.,"n. 经过, 通行, 运输, 运输线, 转变\nvt. 运送, 使通过, 经过\nvi. 通过",,,cet6-all source:ecdict cet6 cet6-core family:transits family:transiting family:transitted family:transited,4859
transition,træn'ziʃәn,n.,"n. 转变, 转换, 变迁, 过渡时期, 临时转调\n[化] 跃迁",,,cet6-all source:ecdict cet6 cet6-core family:transitions family:transitioned family:transitioning,2212
translate,træns'leit,vt.,"vt. 翻译, 解释, 转化, 转变为, 调动\nvi. 翻译, 被译\n[计] 转换",,,cet6-all source:ecdict cet4 cet6 family:translated family:translating family:translates,2729
translation,træns'leiʃәn,n.,"n. 翻译, 译文, 转化, 调任, 平移, 转译\n[计] 转换",,,cet6-all source:ecdict cet4 cet6 family:translations,4290
transmission,træns'miʃәn,n.,"n. 传输, 传送, 变速器\n[计] 传输",,,cet6-all source:ecdict cet4 cet6 cet6-core family:transmissions,3665
transmit,træns'mit,vt.,"vt. 传输, 传染, 传达, 遗传, 发射, 传播\nvi. 发射信号, 留传下来\n[计] 传送",,,cet6-all source:ecdict cet4 cet6 cet6-core family:transmitted family:transmitting family:transmits,4836
transparent,træns'pærәnt,adj.,"a. 透明的, 显然的, 清晰的\n[计] 透明",,,cet6-all source:ecdict cet4 cet6 family:transparents,5884
transplant,træns'plɑ:nt,vt.,"vt. 使移居, 移植, 使迁移\nvi. 移居, 耐移植\nn. 移居者, 移植",,,cet6-all source:ecdict cet4 cet6 cet6-core family:transplants family:transplanted family:transplanting,5386
transport,træns'pɒ:t,n.,"n. 运输, 运输工具, 激动, 狂喜, 流放犯\nvt. 传送, 运输, 流放\n[计] 传送",,,cet6-all source:ecdict cet4 cet6 cet6-core family:transported family:transporting family:transports,4640
transportation,.trænspә'teiʃәn,n.,"n. 运输, 输送, 交通车辆\n[经] 运转, 运输, 运输费",,,cet6-all source:ecdict cet4 cet6 family:transportations,2374
transverse,træns'vә:s,n.,"n. 横断物\na. 横的, 横向的",,,cet6-all source:ecdict cet6 family:transversed,20982
trap,træp,n.,"n. 圈套, 陷阱, 诡计, 存水弯\nvi. 设圈套, 设陷阱\nvt. 诱捕, 诱骗, 抓住, 使受限制\n[计] 俘获; 陷井",,,cet6-all source:ecdict cet4 cet6 family:trapped family:traps family:trapping,3538
traverse,'trævә:s,n.,"n. 越过, 横贯, 横断物, 屏障, 否认, 反驳\nvt. 横过, 穿过, 经过, 详细研究, 反对, 在...来回移动\nvi. 横越, 横断, 旋转, 来回移动\na. 横亘的, 横贯的",,,cet6-all source:ecdict cet6 cet6-core family:traversed family:traversing family:traverses,9649
tray,trei,n.,"n. 托盘, 公文盘, 满盘, 发射箱\n[化] 淋盘",,,cet6-all source:ecdict cet4 cet6 family:trays,4469
tread,tred,n.,"n. 踏, 步态, 梯级, 交尾, 鞋底\nvi. 踏, 行走, 交尾\nvt. 踩, 踏, 践踏, 跳(舞)",,,cet6-all source:ecdict cet6 family:treading family:trod family:trodden family:treads,8263
treason,'tri:zn,n.,"n. 叛逆, 不忠, 叛国罪\n[法] 叛逆, 通敌, 叛国罪",,,cet6-all source:ecdict cet4 cet6 family:treasons,12926
treasure,'treʒә,n.,"n. 宝物, 财富\nvt. 珍爱, 重视, 秘藏",,,cet6-all source:ecdict cet4 cet6 family:treasures family:treasured family:treasuring,4074
treasurer,'treʒәrә,n.,"n. 会计, 出纳员, 司库\n[经] 司库, 财务主任, 财政大臣",,,cet6-all source:ecdict cet6 family:treasurers,11019
treat,tri:t,n.,"n. 宴请, 款待\nvt. 视为, 对待, 论述, 治疗, 款待\nvi. 讨论, 谈判, 作东",,,cet6-all source:ecdict cet4 cet6 family:treated family:treating family:treats,960
treatment,'tri:tmәnt,n.,"n. 治疗, 待遇, 处理\n[医] 疗法, 治疗; 处理",,,cet6-all source:ecdict cet4 cet6 family:treatments,745
treaty,'tri:ti,n.,"n. 条约, 谈判\n[经] 协议, 协定, 协商",,,cet6-all source:ecdict cet4 cet6 cet6-core family:treaties,2836
tremble,'trembl,n.,"n. 战栗, 颤抖\nvi. 战栗, 忧虑, 摇晃",,,cet6-all source:ecdict cet4 cet6 family:trembling family:trembled family:trembles,5233
tremendous,tri'mendәs,adj.,"a. 巨大的, 非常的, 可怕的",,,cet6-all source:ecdict cet4 cet6 cet6-core,2768
tremendously,trə'mendəslɪ,adv.,adv. 极大地; 极端地; 极其; 非常,,,cet6-all source:ecdict cet6,8855
trench,trentʃ,n.,"n. 渠, 沟渠, 战壕\nvt. 在...开沟, 挖战壕于, 用战壕围住\nvi. 挖战壕, 开沟",,,cet6-all source:ecdict cet6 cet6-core family:trenches family:trenching family:trenched,6459
trend,trend,n.,"n. 趋势, 倾向, 走向\nvi. 倾向, 转向\n[计] 趋势",,,cet6-all source:ecdict cet4 cet6 cet6-core family:trends family:trending family:trended,1697
trial,'traiәl,n.,"n. 审判, 试验, 艰苦, 麻烦事, 考验\na. 审讯的, 试验性的",,,cet6-all source:ecdict cet4 cet6 cet6-core family:trials family:trialled,898
triangle,'traiæŋgl,n.,"n. 三角形, 三个一组, 三角关系\n[医] 三角, 三角形",,,cet6-all source:ecdict cet4 cet6 family:triangles,5605
triangular,trai'æŋgjulә,adj.,"a. 三角形的, 三人间的\n[医] 三角的, 三角形的",,,cet6-all source:ecdict cet6,12260
tribe,traib,n.,"n. 宗族, 部落, 一群人\n[医] 族(生物分类)",,,cet6-all source:ecdict cet4 cet6 cet6-core family:tribes,2948
tribute,'tribju:t,n.,"n. 贡物, 礼物, 颂辞",,,cet6-all source:ecdict cet6 cet6-core family:tributes,4953
trick,trik,n.,"n. 诡计, 欺诈, 谋略, 恶作剧, 习惯, 决窍\nvt. 愚弄, 欺骗, 装饰\nvi. 哄骗, 戏弄\na. 有决窍的, 特技的, 欺诈的, 漂亮的, 靠不住的",,,cet6-all source:ecdict cet4 cet6 family:tricks family:tricked family:tricking,3068
trifle,'traifl,n.,"n. 琐事, 少量\nvt. 浪费\nvi. 开玩笑, 翻弄, 虚度光阴",,,cet6-all source:ecdict cet4 cet6 cet6-core family:trifles family:trifled family:trifling,16426
trigger,'trigә,n.,"n. 触发器, 扳机\nvt. 触发, 发射, 引起\nvi. 松开扳柄\n[计] 切换开关",,,cet6-all source:ecdict cet6 cet6-core family:triggered family:triggering family:triggers,3666
trim,trim,n.,"n. 整齐, 情形, 修剪\na. 整齐的\nvt. 使整齐, 整理, 修剪\nvi. 调整, 见风使舵\n[计] 库存管理检查规则程序",,,cet6-all source:ecdict cet4 cet6 family:trimmed family:trimming family:trims family:trimmer,4920
triple,'tripl,n.,"n. 三倍数, 三个一组\na. 三倍的\nvt. 使增至三倍\nvi. 增至三倍",,,cet6-all source:ecdict cet6 cet6-core family:tripled family:triples family:tripling,7063
triumph,'traiәmf,n.,"n. 凯旋, 胜利, 欢欣\nvi. 得胜, 成功",,,cet6-all source:ecdict cet4 cet6 cet6-core family:triumphs family:triumphed family:triumphing,4638
triumphant,trai'ʌmfәnt,adj.,"a. 得胜的, 得意洋洋的",,,cet6-all source:ecdict cet6 family:triumphants,10088
trivial,'tiviәl,adj.,"a. 琐碎的, 不重要的, 轻微的, 平常的",,,cet6-all source:ecdict cet6 cet6-core,8180
trolley,'trɒli,n.,"n. 电车, 手推车, 台车\nvt. 用手推车运\nvi. 乘电车",,,cet6-all source:ecdict cet6 family:trolleys,12139
troop,tru:p,n.,"n. 军队, 一群, 一队\nvi. 群集, 结队, 成群而行",,,cet6-all source:ecdict cet4 cet6 family:troops family:trooped family:trooping,1137
tropic,'trɒpik,n.,n. 回归线,,,cet6-all source:ecdict cet6,26288
tropical,'trɒpikl,adj.,"a. 热带的, 热情的\n[医] 热带的",,,cet6-all source:ecdict cet4 cet6 family:tropicals,4182
trot,trɒt,n.,"n. 快步\nvi. 快步走, 小跑\nvt. 使小跑, 策马小跑",,,cet6-all source:ecdict cet6 family:trotted family:trotting family:trots,8347
troublesome,'trʌblsәm,adj.,"a. 麻烦的, 令人讨厌的",,,cet6-all source:ecdict cet4 cet6,9839
trousers,'trauzәz,n.,"pl. 裤子, 长裤",,,cet6-all source:ecdict cet4 cet6 family:trousers family:s,7124
truck,trʌk,n.,"n. 卡车, 货车, 对...进行交易, 来往, 实物工资, (供应市场的)蔬菜, 废物, 废话\nvt. 对...进行交易, 交往, 以卡车运输\nvi. 驾驶卡车, 以物易物",,,cet6-all source:ecdict cet4 cet6 family:trucks family:trucking family:trucked,1237
truly,'tru:li,adv.,"adv. 真实地, 不假",,,cet6-all source:ecdict cet4 cet6,1719
trumpet,'trʌmpit,n.,"n. 喇叭, 小号, 喇叭声\nvi. 吹喇叭\nvt. 用喇叭吹出, 吹嘘",,,cet6-all source:ecdict cet4 cet6 family:trumpets family:trumpeting family:trumpeted,8936
trunk,trʌŋk,n.,"n. 树干, 干线, 躯干, 主干, 象鼻, 箱子\nvt. 把...放入旅行箱内\na. 树干的, 躯干的, 干线的, 箱形的\n[计] 中继线; 母线",,,cet6-all source:ecdict cet4 cet6 family:trunks family:trunking,3533
trust,trʌst,n.,"n. 信任, 信赖, 相信, 受托, 职责, 信心, 托拉斯\na. 信托的, 托拉斯的\nvt. 信赖, 信任, 相信, 盼望, 赊卖给\nvi. 相信, 信赖, 依靠\n[计] 委托, 信任",,,cet6-all source:ecdict cet4 cet6 family:trusts family:trusted family:trusting,1841
truth,tru:θ,n.,"n. 事实, 实情\n[法] 真实, 真相, 事实",,,cet6-all source:ecdict cet4 cet6 family:truths,850
tub,tʌb,n.,"n. 桶, 浴盆\nvt. 装入桶, 洗澡\nvi. 洗盆浴, 被放在桶里洗",,,cet6-all source:ecdict cet4 cet6 cet6-core family:tubs family:tubbing family:tubbed,5418
tube,tju:b,n.,"n. 管, 软管, 隧道\nvt. 把...装管, 使通过管子\n[计] 管子",,,cet6-all source:ecdict cet4 cet6 family:tubes family:tubed family:tubing,2520
tuberculosis,"tju,bә:kju'lәusis",n.,n. 肺结核\n[医] 顿挫性结核,,,cet6-all source:ecdict cet6,9082
tuck,tʌk,n.,"n. 缝褶, 活力, 鼓声, 船尾突出部, 食品\nvt. 打褶, 卷起, 挤进, 塞, 收藏\nvi. 缝褶裥, 缩拢",,,cet6-all source:ecdict cet4 cet6 cet6-core family:tucked family:tucking family:tucks,4115
tug,tʌg,n.,"n. 用力拉, 拖曳, 苦干, 挣扎, 绳索\nv. 用力拉",,,cet6-all source:ecdict cet6 cet6-core family:tugged family:tugging family:tugs,6210
tuition,tju:'iʃәn,n.,"n. 学费, 讲授",,,cet6-all source:ecdict cet4 cet6 cet6-core family:tuitioning,5817
tulip,'tju:lip,n.,n. 郁金香,,,cet6-all source:ecdict cet6 family:tulips,12259
tumble,tʌmbl,n.,"n. 跌倒, 摔跤, 翻斤斗\nvi. 翻倒, 摔倒, 倒塌, 滚动, 翻斤斗, 仓促地行动\nvt. 使摔倒, 使滚翻, 弄乱",,,cet6-all source:ecdict cet4 cet6 cet6-core family:tumbled family:tumbling family:tumbles,5472
tuna,'tju:nә,n.,"n. 金枪鱼, 金枪鱼肉",,,cet6-all source:ecdict cet6 family:tunas,5993
tune,tju:n,n.,"n. 歌曲, 主旋律, 心情, 声调, 和谐, 一致, 语调, 程度\nvt. 为...调音, 调整, 调谐, 使一致\nvi. 协调, 调谐",,,cet6-all source:ecdict cet4 cet6 family:tunes family:tuned family:tuning,3646
tunnel,'tʌnl,n.,"n. 隧道, 地下道\nvi. 挖隧道\nvt. 掘隧道于",,,cet6-all source:ecdict cet4 cet6 cet6-core family:tunnels family:tunnelled family:tunnelling,3355
turbine,'tә:bain,n.,n. 涡轮机\n[化] 涡轮机,,,cet6-all source:ecdict cet4 cet6 family:turbines,7278
turbulent,'tә:bjulәnt,adj.,"a. 狂暴的, 骚乱的, 紊乱的",,,cet6-all source:ecdict cet4 cet6 cet6-core,9806
turkey,'tә:ki,n.,"n. 火鸡, 无用的家伙, 土耳其",,,cet6-all source:ecdict cet4 cet6 family:turkeys,3292
turmoil,'tә:mɒil,n.,"n. 骚动, 混乱",,,cet6-all source:ecdict cet6 family:turmoils family:turmoiled,6502
turning,'tә:niŋ,n.,"n. 旋转, 转弯处, 车削工作\n[化] 车削",,,cet6-all source:ecdict cet4 cet6 family:turn family:i family:turning family:turnings,6215
turnip,'tә:nip,n.,"n. 芜菁, 芜菁甘蓝\n[医] 芜菁, 萝卜",,,cet6-all source:ecdict cet4 cet6 family:turnips,15232
turnover,'tә:n.әuvә,n.,"n. 翻倒, 翻转, 半圆酥饼, 营业额, 流通, 周转\na. 可翻转的",,,cet6-all source:ecdict cet6 cet6-core family:turnovers,6125
turtle,'tә:tl,n.,n. 海龟,,,cet6-all source:ecdict cet6 family:turtles family:turtling family:turtled,6490
tutor,'tju:tә,n.,"n. 家庭教师, 导师, 助教, 监护人\nvt. 当...的教师, 教, 指导, 约束, 克制\nvi. 当家庭教师, 受家庭教师的指导",,,cet6-all source:ecdict cet4 cet6 cet6-core family:tutors family:tutoring family:tutored,9093
twilight,'twailait,n.,"n. 暮光, 曙光, 黎明, 黄昏, 微光, 朦胧状态\na. 微明的",,,cet6-all source:ecdict cet6 family:twilights,6896
twin,twin,n.,"n. 双胞胎中一人, 一对非常相像的人(或物)中的一个\na. 双胞胎的, 成对的, 孪生的\nvi. 生双胞胎, 成对\nvt. 怀(双胞胎), 使成对",,,cet6-all source:ecdict cet4 cet6 family:twins family:twinned family:twinning,2376
twinkle,'twiŋkl,n.,"n. 闪烁, 闪耀, 瞬息\nvi. 闪烁\nvt. 使闪耀",,,cet6-all source:ecdict cet4 cet6 family:twinkled family:twinkling family:twinkles,12769
twist,twist,n.,"n. 一扭, 扭曲, 曲折, 歪曲, 螺旋状, 新手法\nvt. 拧, 扭, 捻, 编织, 使扭转, 缠绕, 盘绕, 歪曲, 使转动, 使苦恼, 使混乱, 使旋转\nvi. 转向, 弯曲, 缠绕, 扭动, 呈螺旋形",,,cet6-all source:ecdict cet4 cet6 cet6-core family:twisted family:twisting family:twists,3759
type,taip,n.,"n. 类型, 样式, 典型, 榜样, 标志, 符号, 型, 式\nvi. 打字\nvt. 作为代表, 测定类型, 用打字机打\n[计] 类型; 键入; DOS内部命令:在屏幕上显示指定文件的内容",,,cet6-all source:ecdict cet4 cet6 family:types family:typed family:typing,590
typewriter,'taip.raitә,n.,n. 打字机,,,cet6-all source:ecdict cet4 cet6 family:typewriters,9870
typhoon,tai'fu:n,n.,n. 台风,,,cet6-all source:ecdict cet4 cet6 family:typhoons,21835
typical,'tipikl,adj.,"a. 典型的, 象征性的\n[医] 典型的",,,cet6-all source:ecdict cet4 cet6,1835
typist,'taipist,n.,n. 打字员,,,cet6-all source:ecdict cet4 cet6 family:typists,22849
tyranny,'tirәni,n.,"n. 专制, 暴政\n[法] 苛政, 暴政, 专横",,,cet6-all source:ecdict cet6 family:tyrannies,9346
tyrant,'taiәrәnt,n.,"n. 暴君\n[法] 专制君主, 暴君, 压制他人者",,,cet6-all source:ecdict cet6 family:tyrants,11629
tyre,'taiә,n.,n. 轮胎\nvt. 装轮胎于,,,cet6-all source:ecdict cet4 cet6 family:tyres,
ugly,'ʌgli,adj.,"a. 丑陋的, 邪恶的, 险恶的, 不祥的\nn. 丑陋的人(或物)",,,cet6-all source:ecdict cet4 cet6 family:ugliest family:uglier family:uglies,3262
ultimate,'ʌltimit,n.,"n. 终极, 根本, 顶点, 基本原则\na. 终极的, 根本的, 极限的, 最远的, 最后的, 最大的",,,cet6-all source:ecdict cet4 cet6 cet6-core family:ultimates,2601
ultimately,'ʌltimәtli,adv.,"adv. 最后, 最终\n[法] 最后, 终究, 总之",,,cet6-all source:ecdict cet4 cet6,1774
ultrasonic,.ʌltrә'sɒnik,n.,n. 超声波\na. 超音速的,,,cet6-all source:ecdict cet6,21711
ultraviolet,.ʌltrә'vaiәlit,adj.,a. 紫外线的\n[化] 紫外线的; 紫外线,,,cet6-all source:ecdict cet6 cet6-core,9521
unable,ʌn'eibl,adj.,"a. 不能的, 不会的\n[法] 无能力的, 无资格的, 没有办法的",,,cet6-all source:ecdict cet4 cet6,2136
unanimous,ju:'nænimәs,adj.,"a. 意见一致的, 无异议的",,,cet6-all source:ecdict cet6 cet6-core,8826
unavoidable,.ʌnә'vɒidәbl,adj.,"a. 不可避免的, 不得已的, 不能作废的\n[医] 难免的",,,cet6-all source:ecdict cet6,11557
unbearable,.ʌn'bєәrәbl,adj.,"a. 无法忍受的, 承受不住的",,,cet6-all source:ecdict cet4 cet6,10284
uncertain,.ʌn'sә:tn,adj.,"a. 不确定的, 无常的, 不确信的, 不可预测的\n[法] 不确定的, 未定的, 不确信的",,,cet6-all source:ecdict cet4 cet6,4291
uncomfortable,.ʌn'kʌmfәtәbl,adj.,"a. 不舒服的, 不自在的, 不安的",,,cet6-all source:ecdict cet4 cet6,3640
unconscious,.ʌn'kɒnʃәs,adj.,"a. 未意识到的, 无意识的, 无知觉的\n[医] 人事不省的, 神志丧失的; 无意识的",,,cet6-all source:ecdict cet4 cet6,5668
unconventional,.ʌnkәn'venʃәnl,adj.,"a. 不依惯例的, 非传统的, 非常规的",,,cet6-all source:ecdict cet6,9964
uncover,.ʌn'kʌvә,vt.,"vt. 揭露, 揭开, 暴露, 脱帽致敬\nvi. 脱帽致敬, 揭去盖子",,,cet6-all source:ecdict cet4 cet6 family:uncovered family:uncovering family:uncovers,4432
underestimate,.ʌndәr'estimeit,n.,"n. 低估\nvt. 低估, 看轻",,,cet6-all source:ecdict cet6 cet6-core family:underestimated family:underestimating family:underestimates,6410
undergo,.ʌndә'gәu,vt.,"vt. 遭受, 经历, 忍受\n[法] 经受, 经历, 忍受",,,cet6-all source:ecdict cet4 cet6 cet6-core family:undergoing family:undergone family:underwent family:undergoes,3141
undergraduate,.ʌndә'grædjuit,n.,"n. 大学本科生, 大学肄业生\na. 大学生的",,,cet6-all source:ecdict cet4 cet6 family:undergraduates,4751
underline,'ʌndәlain,vt.,"vt. 在...下面划线, 作...的衬里, 强调\nn. 下划线, 图下说明文字\n[计] 加下划线; 下划线",,,cet6-all source:ecdict cet4 cet6 family:underlined family:underlines family:underlining,9691
underlying,.ʌndә'laiiŋ,adj.,"a. 在下面的\n[经] 优先的, 基础的, 放在下面的",,,cet6-all source:ecdict cet6 cet6-core family:underlying family:i,4265
undermine,.ʌndә'main,vt.,"vt. 在...下面挖, 渐渐破坏, 暗地里破坏\n[法] 暗中破坏, 以阴谋中伤伤害",,,cet6-all source:ecdict cet6 cet6-core family:undermined family:undermining family:undermines,3697
underneath,.ʌndә'ni:θ,adv.,adv. 在下面\nprep. 在...的下面,,,cet6-all source:ecdict cet4 cet6,5730
understanding,.ʌndә'stændiŋ,n.,"n. 理解, 谅解\n[法] 协商, 协议, 谅解",,,cet6-all source:ecdict cet4 cet6 family:understand family:i family:understanding family:understandings,1298
undertake,.ʌndә'teik,vt.,"vt. 试图, 从事, 保证, 承担, 同意, 接受\n[化] 承包; 承担",,,cet6-all source:ecdict cet4 cet6 family:undertaken family:undertook family:undertaking family:undertakes,4035
undertaking,.ʌndә'teikiŋ,n.,"n. 事业, 企业, 保证\n[经] 企业, 事业, 承担",,,cet6-all source:ecdict cet4 cet6 family:undertake family:i family:undertakings family:undertaking,9442
underwear,'ʌndәwєә,n.,n. 内衣,,,cet6-all source:ecdict cet6,6524
undesirable,.ʌndi'zaiәrәbl,adj.,"a. 不受欢迎的, 不合乎社会道德标准的\n[法] 不受欢迎的人, 不良份子, 不法份子",,,cet6-all source:ecdict cet6 family:undesirables,10932
undo,.ʌn'du:,vt.,"vt. 解开, 取消, 破坏, 毁灭, 扰乱\nvi. 松开\n[计] 撤消",,,cet6-all source:ecdict cet4 cet6 family:undone family:undid family:undoing family:undoes,6632
undoubtedly,ʌn'dajtidli,adv.,"adv. 无疑, 必定, 确实地",,,cet6-all source:ecdict cet4 cet6,5545
uneasy,.ʌn'i:zi,adj.,"a. 心神不安的, 不自在的, 不稳定的, 不舒服的",,,cet6-all source:ecdict cet4 cet6,6528
unemployment,.ʌnim'plɒimәnt,n.,"n. 失业, 失业人数\n[经] 失业",,,cet6-all source:ecdict cet6 cet6-core,3492
unexpected,.ʌnik'spektid,adj.,"a. 料想不到的, 突然的, 意外的\n[法] 不能预料的, 意外的",,,cet6-all source:ecdict cet4 cet6 family:unexpect family:d,3567
unfair,.ʌn'fєә,adj.,"a. 不公平的, 不正直的, 不正当的\n[法] 不正直的, 不公平的, 偏颇的",,,cet6-all source:ecdict cet4 cet6 family:unfairest,4493
unfit,.ʌn'fit,adj.,"a. 不适当的, 不胜任的, 不健康的\nvt. 使不相宜, 使不合格",,,cet6-all source:ecdict cet6 family:unfits family:unfitting family:unfitted,13433
unfold,.ʌn'fәuld,vt.,"vt. 展开, 打开, 披露, 开展, 挑明\nvi. 伸展, 开花, 呈现",,,cet6-all source:ecdict cet6 cet6-core family:unfolds family:unfolded family:unfolding,4541
unfortunate,.ʌn'fɒ:tʃәnit,adj.,"a. 不幸的, 不合适的, 不吉利的",,,cet6-all source:ecdict cet4 cet6 family:unfortunates,4970
unfortunately,ʌn'fɔ:tjjnәtli,adv.,"adv. 恐怕, 不幸的是",,,cet6-all source:ecdict cet4 cet6,2016
unhappy,.ʌn'hæpi,adj.,"a. 不快乐的, 不幸的, 不适当的",,,cet6-all source:ecdict cet4 cet6 family:unhappiest family:unhappier,4717
uniform,'ju:nifɒ:m,n.,"n. 制服\na. 统一的, 一律的, 始终如一的",,,cet6-all source:ecdict cet4 cet6 family:uniforms family:uniforming family:uniformed,3043
uniformly,'ju:nifɔ:mli,adv.,"adv. 一样, 一致, 相同, 一直不变, 一贯, 始终如一, 均质, 一律, 均匀\n[计] 均匀地",,,cet6-all source:ecdict cet6,11160
unify,'ju:nifai,v.,"v. 统一, 使成一体",,,cet6-all source:ecdict cet6 family:unified family:unifying family:unifies,8008
union,'ju:njәn,n.,"n. 联盟, 联合, 结合, 工会\n[化] 联合; 联管节; 活接头",,,cet6-all source:ecdict cet4 cet6 family:unions,1658
unique,ju:'ni:k,adj.,"a. 独一无二的, 独特的, 稀罕的",,,cet6-all source:ecdict cet4 cet6 cet6-core,1726
unit,'ju:nit,n.,"n. 单位, 分队, 部队, 单元, 部件, 装置\na. 单位的, 单元的\n[计] 单元常数; 部件",,,cet6-all source:ecdict cet4 cet6 family:units,966
unite,ju:'nait,vi.,"vi. 联合, 接合, 混合\nvt. 使联合, 统一, 使粘合, 使结合",,,cet6-all source:ecdict cet4 cet6 family:united family:unites family:uniting,4146
unity,'ju:niti,n.,"n. 一致, 联合, 单一(性), 个体\n[经] 统一",,,cet6-all source:ecdict cet4 cet6 cet6-core family:unities,3749
universal,.ju:ni'vә:sl,adj.,"a. 全世界的, 普遍的, 宇宙的, 通用的\nn. 一般概念",,,cet6-all source:ecdict cet4 cet6 family:universals,2642
universally,ju:ni'v\\\\:sәli,adv.,"adv. 宇宙, 全世界, 普遍, 一般, 普通, 全体, 一致, 通用, 万能, 广用, 广泛",,,cet6-all source:ecdict cet6,8939
universe,'ju:nivә:s,n.,"n. 宇宙, 星系, (思想等)范围",,,cet6-all source:ecdict cet4 cet6 cet6-core family:universes,2120
university,.ju:ni'vә:siti,n.,n. 大学,,,cet6-all source:ecdict cet4 cet6 family:universities,1106
unjust,.ʌn'dʒʌst,adj.,"a. 不公平的\n[法] 不公正的人; 不公正的, 不公平的, 不合理的",,,cet6-all source:ecdict cet4 cet6,10866
unkind,.ʌn'kaind,adj.,"a. 不仁慈的, 不亲切的",,,cet6-all source:ecdict cet4 cet6 family:unkindest,17651
unknown,.ʌn'nәun,adj.,"a. 不知道的, 未知的, 陌生的\nn. 未知物, 未知数",,,cet6-all source:ecdict cet4 cet6 family:unknowns,2825
unless,.ʌn'les,conj.,conj. 除非\nprep. 除...之外,,,cet6-all source:ecdict cet4 cet6,1332
unlike,.ʌn'laik,adj.,"a. 不像的, 不同的\nprep. 不像, 和...不同",,,cet6-all source:ecdict cet4 cet6,2468
unlikely,.ʌn'laikli,adj.,a. 不太可能的,,,cet6-all source:ecdict cet4 cet6 family:unlikeliest,2687
unlimited,.ʌn'limitid,adj.,"a. 无限的, 不受限制的, 无条件的\n[经] 无限的, 不定的",,,cet6-all source:ecdict cet6,6742
unload,.ʌn'lәud,vi.,"vi. 卸货\nvt. 从...卸下, 摆脱...之负担, 倾销, 卸(货)\n[计] 卸载",,,cet6-all source:ecdict cet4 cet6 family:unloaded family:unloading family:unloads,7160
unlock,.ʌn'lɒk,vt.,"vt. 开...的锁, 开启, 表露, 放出\nvi. 被开启, 揭开, 解放\n[计] 解出锁定",,,cet6-all source:ecdict cet6 family:unlocked family:unlocking family:unlocks,6901
unlucky,.ʌn'lʌki,adj.,"a. 不吉利的, 不祥的, 不幸的",,,cet6-all source:ecdict cet4 cet6 family:unluckiest family:unluckier,13668
unnecessary,.ʌn'nesәsәri,adj.,a. 不必要的,,,cet6-all source:ecdict cet4 cet6,5396
unorthodox,.ʌn'ɒ:θәdɒks,adj.,"a. 非正统的, 异教的",,,cet6-all source:ecdict cet6,14537
unpaid,.ʌn'peid,adj.,"a. 未付款的, 不支薪水的\n[经] 未付的, 未缴纳的",,,cet6-all source:ecdict cet6,10099
unpleasant,.ʌn'pleznt,adj.,"a. 使人不愉快的, 使人厌恶的, 煞风景的",,,cet6-all source:ecdict cet4 cet6,6472
unprecedented,.ʌn'presidentid,adj.,"a. 空前的\n[经] 空前的, 无前例的",,,cet6-all source:ecdict cet6,4401
unreasonable,.ʌn'ri:znәbl,adj.,"a. 不合理的, 过度的, 不切实际的\n[法] 不讲道理的, 非理智的, 不合理的",,,cet6-all source:ecdict cet6,9239
unreliable,.ʌnri'laiәbl,adj.,"a. 不可靠的\n[法] 不可靠的, 靠不住的",,,cet6-all source:ecdict cet6 family:unreliables,10731
unsatisfactory,'ʌn.sætis'fæktәri,adj.,a. 不令人满意的,,,cet6-all source:ecdict cet4 cet6,14865
unstable,.ʌn'steibl,adj.,a. 不稳定的,,,cet6-all source:ecdict cet4 cet6,7097
unsuitable,.ʌn'sju:tәbl,adj.,"a. 不适合的\n[法] 不适合的, 不适当的",,,cet6-all source:ecdict cet4 cet6,16738
untie,.ʌn'tai,vt.,vt. 解开\nvi. 松开,,,cet6-all source:ecdict cet6 family:untying family:untied family:unties,14160
unusual,.ʌn'ju:ʒu:l,adj.,"a. 不寻常的, 罕见的, 与众不同的",,,cet6-all source:ecdict cet4 cet6,2037
unusually,ʌn'ju:ʒәli,adv.,"adv. 不寻常地, 异乎寻常地, (非正式)非常",,,cet6-all source:ecdict cet4 cet6,6275
unwilling,.ʌn'wiliŋ,adj.,"a. 不愿意的, 勉强的\n[法] 不愿意的, 勉强的, 不服从的",,,cet6-all source:ecdict cet4 cet6,6237
up-to-date,'ʌptә'deit,adj.,"a. 直到现在的, 最近的, 现代化的\n[化] 最新的",,,cet6-all source:ecdict cet4 cet6,
update,ʌp'deit,vt.,"vt. 更新, 使现代化\nn. 更新\n[计] 更新",,,cet6-all source:ecdict cet6 cet6-core family:updated family:updating family:updates,4803
upgrade,'ʌpgreid,n.,"n. 上坡, 升级, 上升\nadv. 往上\nvt. 使升级, 提升, 改良品种\nvi. 升级\n[计] 升级",,,cet6-all source:ecdict cet6 cet6-core family:upgraded family:upgrading family:upgrades,5927
uphold,ʌp'hәuld,vt.,"vt. 支撑, 赞成, 鼓励, 举起, 坚持\n[法] 确认, 赞成, 支持",,,cet6-all source:ecdict cet6 cet6-core family:upholding family:upholds family:upheld,5354
upon,ә'pɒn,prep.,"prep. 在...之上, 迫近, 紧接着",,,cet6-all source:ecdict cet4 cet6,693
upper,'ʌpә,adj.,"a. 上面的, 较高的, 上级的, 上院的, 穿在外面的, 北部的, 地表的, 后期的\nn. 鞋帮, 上齿",,,cet6-all source:ecdict cet4 cet6 family:uppers,1955
upright,'ʌprait,adj.,"a. 正直的, 诚实的, 公正的, 垂直的, 竖式的\n[化] 立杆",,,cet6-all source:ecdict cet4 cet6 cet6-core family:uprights family:uprighted,7488
uproar,'ʌprɒ:,n.,"n. 骚动, 喧嚣",,,cet6-all source:ecdict cet6 family:uproars,13150
upset,ʌp'set,adj.,"a. 弄翻的, 混乱的, 心烦的\nvt. 弄翻, 颠覆, 推翻, 打乱, 使不适, 使心烦\nvi. 翻倒",,,cet6-all source:ecdict cet4 cet6 family:upset family:dp family:upsetting family:upsets,3388
upside-down,'ʌpsaid'daun,adj.,"a. 颠倒的, 乱七八糟的",,,cet6-all source:ecdict cet4 cet6,
upstairs,'ʌp'stєәz,adj.,"a. 楼上的\nadv. 在楼上, 向楼上, 处于更高地位\nn. 楼层",,,cet6-all source:ecdict cet4 cet6,4381
upward,'ʌpwәd,adj.,a. 向上的\nadv. 以上,,,cet6-all source:ecdict cet4 cet6,6144
upwards,'ʌpwәdz,adv.,"adv. 以上, 向上",,,cet6-all source:ecdict cet4 cet6,10989
uranium,ju'reiniәm,n.,n. 铀\n[化] 铀U,,,cet6-all source:ecdict cet6,7797
urban,'ә:bәn,adj.,"a. 都市的, 住在都市的, 习惯于都市的\n[法] 城市的, 都市的, 市区的",,,cet6-all source:ecdict cet4 cet6 cet6-core,1583
urge,ә:dʒ,n.,"n. 冲动, 推动力, 迫切的要求\nvt. 驱策, 力劝, 竭力主张, 推动\nvi. 强烈要求",,,cet6-all source:ecdict cet4 cet6 cet6-core family:urged family:urging family:urges,2261
urgent,'ә:dʒәnt,adj.,"a. 紧急的, 急迫的, 催逼的\n[经] 紧急的, 急迫的",,,cet6-all source:ecdict cet4 cet6,5330
usage,'ju:sidʒ,n.,"n. 用法, 使用, 习惯, 惯用法, 习惯法\n[经] 使用情况, 使用用途, 惯例",,,cet6-all source:ecdict cet4 cet6 family:usages,6347
used,'ju:st,adj.,"a. 使用过的, 二手的, 习惯的",,,cet6-all source:ecdict cet4 cet6 family:use family:dp family:used,1828
useful,'ju:sful,adj.,"a. 有用的, 有益的\n[机] 有用的, 有效的",,,cet6-all source:ecdict cet4 cet6,2026
useless,'ju:slis,adj.,"a. 无用的, 无效的, 无益的\n[机] 无用, 无价值, 无效",,,cet6-all source:ecdict cet4 cet6,5657
user,'ju:zә,n.,n. 使用者\n[计] 用户,,,cet6-all source:ecdict cet4 cet6 family:users,1813
usual,'ju:ʒuәl,adj.,"a. 平常的, 通常的",,,cet6-all source:ecdict cet4 cet6,2360
utensil,ju:'tensl,n.,"n. 器皿, 用具",,,cet6-all source:ecdict cet6 family:utensils,12652
utility,ju:'tiliti,n.,"n. 功用, 有用之物, 实用, 公用事业, 实用程序\na. 实用的, 有多种用途的\n[计] 实用程序, 工具",,,cet6-all source:ecdict cet4 cet6 family:utilities,2578
utilization,.ju:tilai'zeiʃәn,n.,n. 利用\n[医] 利用,,,cet6-all source:ecdict cet6,9879
utilize,'ju:tilaiz,vt.,vt. 利用,,,cet6-all source:ecdict cet4 cet6 cet6-core family:utilized family:utilizing family:utilizes,4264
utmost,'ʌtmәust,n.,"n. 极限, 最大限度, 极度\na. 极度的, 最远的",,,cet6-all source:ecdict cet4 cet6 cet6-core,11755
utter,'ʌtә,adj.,"a. 全然的, 绝对的, 完全的\nvt. 发出声音, 做声, 发表, 发射, 流通",,,cet6-all source:ecdict cet4 cet6 family:uttered family:uttering family:utters,6873
vacant,'veikәnt,adj.,"a. 空的, 空白的, 空虚的, 空闲的, 茫然的, 空缺的\n[法] 空的, 空虚的, 闲暇的",,,cet6-all source:ecdict cet4 cet6 cet6-core,6751
vacation,vei'keiʃәn,n.,"n. 假期, 休假\n[法] 假期, 停审期, 休庭期",,,cet6-all source:ecdict cet4 cet6 family:vacations family:vacationing family:vacationed,2622
vaccinate,'væksineit,v.,v. 预防接种,,,cet6-all source:ecdict cet6 family:vaccinated family:vaccinating family:vaccinates,15363
vacuum,''vækjuәm,n.,"n. 真空, 空间, 真空吸尘器\na. 真空的, 产生真空的, 利用真空的\nvt. 用吸尘器打扫",,,cet6-all source:ecdict cet4 cet6 family:vacuums family:vacuuming family:vacuumed,4930
vague,veig,adj.,"a. 含糊的, 不清楚的, 茫然的",,,cet6-all source:ecdict cet4 cet6,4885
vain,vein,adj.,"a. 无价值的, 徒然的, 空虚的, 自负的, 愚蠢的",,,cet6-all source:ecdict cet4 cet6 cet6-core family:vainest family:vainer,10144
valid,'vælid,adj.,"a. 有确实根据的, 有法律效力的, 正当的, 正确的\n[经] 有效的",,,cet6-all source:ecdict cet4 cet6 cet6-core,4703
validity,vә'liditi,n.,"n. 有效性, 正确性\n[计] 有效性",,,cet6-all source:ecdict cet6,4542
valley,'væli,n.,"n. 山谷, 溪谷, 流域, 凹地\n[医] 谷",,,cet6-all source:ecdict cet4 cet6 family:valleys,2793
valuable,'væljuәbl,adj.,"a. 有价值的, 贵重的, 宝贵的, 可估价的\n[经] 有价值的, 可估价的, 贵重的",,,cet6-all source:ecdict cet4 cet6,2605
value,'vælju:,n.,"n. 价值, 价格, 购买力, 评价, 估价, 计算结果\nvt. 评价, 估价, 重视\n[计] 计算结果",,,cet6-all source:ecdict cet4 cet6 family:values family:valued family:valuing,499
valve,vælv,n.,"n. 活瓣, 阀, 活门\nv. 装阀, 用阀调节",,,cet6-all source:ecdict cet6 cet6-core family:valves family:valved,5952
van,væn,n.,"n. 货车, 篷车, 先锋, 前驱, 前卫\nvt. 用货车搬运\n[计] 增值网",,,cet6-all source:ecdict cet4 cet6 cet6-core family:vans,3115
vanish,'væniʃ,vi.,"vi. 消失, 不见, 成为零",,,cet6-all source:ecdict cet4 cet6 family:vanished family:vanishes family:vanishing,3949
vanity,'væniti,n.,"n. 虚荣心, 虚无, 自负, 空虚, 时髦的小摆饰",,,cet6-all source:ecdict cet4 cet6 family:vanities,9493
vapour,'veipә,n.,"n. 汽, 蒸气\nvi. 蒸发, 吹牛\nvt. 使蒸发, 使汽化",,,cet6-all source:ecdict cet4 cet6 family:vapours family:vapouring,
variable,'vєәriәbl,n.,"n. 易变的事物, 变数, 可变物, 变量\na. 可变的, 不定的, 易变的, 变量的\n[计] 变量",,,cet6-all source:ecdict cet4 cet6 family:variables,1862
variation,.vєәri'eiʃәn,n.,"n. 变更, 变化, 变种, 变奏\n[医] 变异, 变易; 变度",,,cet6-all source:ecdict cet4 cet6 cet6-core family:variations,2927
variety,vә'raiәti,n.,"n. 多样, 种类, 变种, 杂耍\n[化] 变种",,,cet6-all source:ecdict cet4 cet6 family:varieties,1171
various,'vєәriәs,adj.,"a. 不同的, 各种的, 多方面的, 许多的, 个别的, 杂色的\n[法] 不同的, 种种的, 各式各样的",,,cet6-all source:ecdict cet4 cet6 cet6-core,859
vary,'vєәri,vt.,"vt. 改变, 使多样化\nvi. 变化, 有不同, 违反",,,cet6-all source:ecdict cet4 cet6 cet6-core family:varies family:varied family:varying,2371
vase,veis,n.,"n. 花瓶, 瓶",,,cet6-all source:ecdict cet4 cet6 family:vases,7044
vast,vɑ:st,adj.,"a. 巨大的, 广大的, 非常的, 大量的",,,cet6-all source:ecdict cet4 cet6 cet6-core family:vaster,1965
vault,vɒ:lt,n.,"n. 拱顶, 窖, 地下室, 撑竿跳, 穹窿\nvt. 做成圆拱形, 撑竿跳过\nvi. 成穹状弯曲, 跳跃",,,cet6-all source:ecdict cet6 family:vaults family:vaulted family:vaulting,8437
vector,'vektә,n.,"n. 矢量, 传病媒介\nvt. (用无线电)导引, 给...导航\n[计] 矢量; 向量",,,cet6-all source:ecdict cet6 family:vectors,10136
vegetation,.vedʒi'teiʃәn,n.,"n. 植物\n[医] 贽生物, 贽疣, 增殖体; 生长, 增殖",,,cet6-all source:ecdict cet6 cet6-core,6271
vehicle,'vi:ikl,n.,"n. 交通工具, 车辆, 传播媒介\n[化] 载体; 运载体; 漆料",,,cet6-all source:ecdict cet4 cet6 cet6-core family:vehicles,1293
veil,veil,n.,"n. 面纱, 面罩, 借口, 幕, 帐, 遮蔽物\nvt. 戴面纱, 隐藏, 遮蔽, 掩饰\nvi. 蒙上面纱",,,cet6-all source:ecdict cet4 cet6 cet6-core family:veils family:veiled family:veiling,7300
vein,vein,n.,"n. 血管, 静脉, 纹理, 气质, 情绪\nvt. 使有脉络, 像脉络般分布于",,,cet6-all source:ecdict cet6 cet6-core family:veins family:veined family:veining,5023
velocity,vi'lɒsәti,n.,"n. 速度, 迅速\n[化] 速度",,,cet6-all source:ecdict cet4 cet6 cet6-core family:velocities,6557
velvet,'velvit,n.,n. 天鹅绒\na. 天鹅绒的,,,cet6-all source:ecdict cet4 cet6 cet6-core family:velvets,6154
vengeance,'vendʒәns,n.,"n. 复仇, 报仇\n[法] 报仇, 复仇",,,cet6-all source:ecdict cet6,8569
vent,vent,n.,"n. 排气口, 出口, 通风孔, 发泄\nvt. 发泄, 排出, 给...开孔",,,cet6-all source:ecdict cet6 cet6-core family:vents family:venting family:vented,7608
ventilate,'ventileit,vt.,"vt. 使空气流通, 使通风, 公开讨论, 公开\n[医] 通风, 换气",,,cet6-all source:ecdict cet6 cet6-core family:ventilated family:ventilating family:ventilates,23817
venture,'ventʃә,n.,"n. 冒险, 风险\nvt. 敢于, 冒...的危险\nvi. 冒险",,,cet6-all source:ecdict cet4 cet6 cet6-core family:ventures family:ventured family:venturing,3294
venus,'vi:nәs,n.,"n. 维纳斯(爱与美的女神), 金星",,,cet6-all source:ecdict cet6,
verb,vә:b,n.,n. 动词\n[计] 动词,,,cet6-all source:ecdict cet4 cet6 family:verbs,8951
verbal,'vә:bl,adj.,"a. 用言辞的, 言语的, 口头的, 逐字的, 动词的\n[医] 言语的, 口述的",,,cet6-all source:ecdict cet6 cet6-core family:verbals,4037
verdict,'vә:dikt,n.,"n. 裁决, 判决, 判断性意见, 定论, 结论\n[法] 定论, 判断, 意见",,,cet6-all source:ecdict cet6 cet6-core family:verdicts,4245
verge,vә:dʒ,n.,"n. 边缘, 边界, 起始点\nvi. 处在边缘, 接近, 下沉, 趋向",,,cet6-all source:ecdict cet6 cet6-core family:verging family:verges family:verged,6637
verify,'verifai,vt.,"vt. 证明, 查证, 证实, 检验, 校验\n[计] 校验, 检验; DOS内部命令:设定写入磁盘时是否验证写入的正确性",,,cet6-all source:ecdict cet4 cet6 cet6-core family:verified family:verifying family:verifies,5634
versatile,'vә:sәtail,adj.,"a. 多才多艺的, 万用的, 万向的",,,cet6-all source:ecdict cet6 cet6-core,8734
verse,vә:s,n.,"n. 诗, 韵文, 诗句\nvt. 用诗表达\nvi. 作诗",,,cet6-all source:ecdict cet6 cet6-core family:verses family:versed family:versing,5446
version,'vә:ʒәn,n.,"n. 一种描述, 版本, 译文\n[计] 版本",,,cet6-all source:ecdict cet4 cet6 cet6-core family:versions,1130
versus,'vә:sәs,prep.,"prep. 对...\n[法] 诉, 对, 相形",,,cet6-all source:ecdict cet6 cet6-core,3160
vertical,'vә:tikl,adj.,"a. 垂直的, 直立的\n[医] 垂直的, 顶的, 头顶的",,,cet6-all source:ecdict cet4 cet6 cet6-core family:verticals,4448
vessel,'vesl,n.,"n. 船, 容器, 脉管\n[医] 管, 脉管, (容)器",,,cet6-all source:ecdict cet4 cet6 family:vessels,2940
vest,vest,n.,"n. 背心, 汗背心\nvt. 使穿衣服, 授予\nvi. 穿衣服, 归属",,,cet6-all source:ecdict cet4 cet6 family:vested family:vests family:vesting,6686
veteran,'vetәrәn,n.,"n. 老手, 退伍军人, 老兵, 老树\na. 老兵的, 老练的, 经验丰富的",,,cet6-all source:ecdict cet4 cet6 family:veterans,2389
veto,'vi:tәu,n.,"n. 否决权\nvt. 否决, 禁止",,,cet6-all source:ecdict cet6 cet6-core family:vetoed family:vetoing family:vetoes,7289
vex,veks,vt.,"vt. 使烦恼, 使苦恼\nvi. 烦恼",,,cet6-all source:ecdict cet4 cet6 family:vexed family:vexing family:vexes,17663
via,vaiә,prep.,"prep. 经由, 经过, 通过\n[医] 病毒灭活剂",,,cet6-all source:ecdict cet4 cet6,2576
vibrate,'vaibreit,vi.,"vi. 振动, 颤动, 激动, 摇摆, 踌躇\nvt. 使颤动, 使振动, 使摆动",,,cet6-all source:ecdict cet4 cet6 family:vibrating family:vibrated family:vibrates,9666
vibration,vai'breiʃәn,n.,"n. 振动, 颤动\n[化] 振动",,,cet6-all source:ecdict cet4 cet6 family:vibrations,7418
vice,vais,n.,"n. 恶习, 恶行, 罪恶, 堕落, 缺陷, 恶癖, 老虎钳\nvt. 钳住\nprep. 代替",,,cet6-all source:ecdict cet4 cet6 cet6-core family:vices,9910
vicinity,vi'siniti,n.,"n. 附近, 邻近, 附近地区, 近处\n[法] 附近, 邻近, 附近地区",,,cet6-all source:ecdict cet6 cet6-core family:vicinities,9483
vicious,'viʃәs,adj.,"a. 邪恶的, 堕落的, 品性不端的, 恶毒的, 恶性的, 有错误的\n[医] 缺点的, 恶的",,,cet6-all source:ecdict cet6 cet6-core,6247
victim,'viktim,n.,"n. 受害人, 牺牲者, 牺牲品\n[法] 受害人, 被害人, 遭难者",,,cet6-all source:ecdict cet4 cet6 cet6-core family:victims,1063
victorious,vik'tɔ:riәs,adj.,"a. 胜利的, 得胜的, 战胜的",,,cet6-all source:ecdict cet4 cet6,11574
victory,'viktәri,n.,"n. 胜利, 战胜, 克服",,,cet6-all source:ecdict cet4 cet6 family:victories,1463
video,'vidiәu,n.,"n. 影像, 电视\na. 图像的, 电视的",,,cet6-all source:ecdict cet4 cet6 family:videos family:videoing,1109
view,vju:,n.,"n. 视野, 风景, 见解, 视力, 观看, 视图, 指望, 意图, 印象\nvt. 看, 考虑, 视察, 查看, 估量\n[计] 视图",,,cet6-all source:ecdict cet4 cet6 family:views family:viewed family:viewing,485
viewpoint,'vju:pɒint,n.,n. 观点,,,cet6-all source:ecdict cet4 cet6 family:viewpoints,6069
vigor,'vigә,n.,"n. 精力, 活力",,,cet6-all source:ecdict cet6,9655
vigorous,'vigәrәs,adj.,"a. 精力充沛的, 元气旺盛的, 茁壮的, 有力的",,,cet6-all source:ecdict cet4 cet6 cet6-core,6236
vigour,'vigә,n.,"n. 精力, 活力, 力量, 效力, 气势",,,cet6-all source:ecdict cet6,
villa,'vilә,n.,n. 别墅,,,cet6-all source:ecdict cet6 family:villas,10076
vine,vain,n.,"n. 藤本植物, 葡萄, 藤, 蔓\nvi. 形成藤蔓",,,cet6-all source:ecdict cet4 cet6 family:vines family:vining,5675
vinegar,'vinigә,n.,"n. 醋, 尖酸刻薄\nvt. 加醋于",,,cet6-all source:ecdict cet4 cet6 family:vinegars,5106
violate,'vaiәleit,vt.,"vt. 违犯, 亵渎, 违反, 侵犯, 妨碍\n[经] 违犯, 违反",,,cet6-all source:ecdict cet6 cet6-core family:violated family:violating family:violates,2909
violation,.vaiә'leiʃәn,n.,"n. 违反, 违背, 妨碍\n[法] 违犯, 违背, 违反",,,cet6-all source:ecdict cet6 family:violations,2870
violence,'vaiәlәns,n.,"n. 猛烈, 暴力, 暴虐, 暴行\n[法] 暴行, 暴力, 暴乱",,,cet6-all source:ecdict cet4 cet6,1037
violent,'vaiәlәnt,adj.,"a. 暴力的, 猛烈的, 激烈的, 极端的, 凶暴的",,,cet6-all source:ecdict cet4 cet6 cet6-core,2158
violently,'vaiәlәntli,adv.,"adv. 猛烈地, 激烈地, 极端地",,,cet6-all source:ecdict cet6,7809
violet,'vaiәlit,n.,"n. 堇菜, 紫罗兰\na. 堇菜科的, 紫罗兰色的",,,cet6-all source:ecdict cet4 cet6 family:violets,14924
violin,.vaiә'lin,n.,n. 小提琴,,,cet6-all source:ecdict cet4 cet6 family:violins,6665
virgin,'vә:dʒin,n.,"n. 处女\na. 处女的, 贞洁的, 纯洁的, 初始的, 纯的",,,cet6-all source:ecdict cet6 cet6-core family:virgins,10055
virtual,'vә:tʃuәl,adj.,"a. 实际上起作用的, 虚的, 实质的, 有效的, 事实上生效的\n[计] 虚拟",,,cet6-all source:ecdict cet4 cet6 cet6-core,3675
virtually,'vә:tʃuәli,adv.,adv. 事实上,,,cet6-all source:ecdict cet4 cet6,2046
virtue,'vә:tju:,n.,"n. 德行, 美德, 优点, 功效, 效力\n[法] 美德, 贞操, 优点",,,cet6-all source:ecdict cet4 cet6 cet6-core family:virtues,3362
virus,'vaiәrәs,n.,"n. 病毒, 滤过性病毒, 毒害\n[化] 病毒",,,cet6-all source:ecdict cet4 cet6 family:viruses,2701
visa,'vi:zә,n.,n. 签证\nvt. 签发,,,cet6-all source:ecdict cet6 cet6-core family:visas family:visaing family:visaed,5525
viscous,'viskәs,adj.,"a. 粘的, 粘性的\n[医] 粘的",,,cet6-all source:ecdict cet6,19766
visible,'vizәbl,adj.,"a. 看得见的, 明显的, 显然的\nn. 可见物",,,cet6-all source:ecdict cet4 cet6,2304
vision,'viʒәn,n.,"n. 视觉, 眼光, 视力, 幻想\nvt. 梦见, 想象, 显示",,,cet6-all source:ecdict cet4 cet6 cet6-core family:visions,1216
visitor,'vizitә,n.,"n. 参观者, 游客, 访客\n[法] 视察人, 检视人, 检查员",,,cet6-all source:ecdict cet4 cet6 family:visitors,1698
visual,'viʒuәl,adj.,"a. 视觉的\n[医] 视觉的, 视力的, 视觉性记忆优势者",,,cet6-all source:ecdict cet4 cet6 family:visuals,2156
visualize,'viʒuәlaiz,vt.,"vt. 使看得见, 使具体化, 想象, 设想\nvi. 想象, 显形",,,cet6-all source:ecdict cet6 cet6-core family:visualized family:visualizing family:visualizes,8673
vital,'vaitl,adj.,"a. 生命的, 重要的, 充满活力的, 生死攸关的, 致命的\n[医] 生命的, 生活的, 生活上必需的, 紧要的",,,cet6-all source:ecdict cet4 cet6 cet6-core family:vitals,2916
vitamin,'vaitәmin,n.,n. 维生素\n[化] 维生素,,,cet6-all source:ecdict cet4 cet6 family:vitamins,3715
vitamine,"'vitәmin, -mi:n; 'vai-",n.,"n. 维生素, 维他命",,,cet6-all source:ecdict cet6,
vivid,'vivid,adj.,"a. 生动的, 鲜明的, 鲜艳的, 活泼的, 逼真的, 清晰的",,,cet6-all source:ecdict cet4 cet6 cet6-core,5539
vividly,,adv.,"adv. 鲜艳, 强烈, 明亮, 鲜明, 活泼, 有生气, 生动, 清晰, 逼真",,,cet6-all source:ecdict cet6,9349
vocabulary,vә'kæbjulәri,n.,"n. 词汇(量), 词汇表\n[计] 词表",,,cet6-all source:ecdict cet4 cet6 family:vocabularies,5564
vocal,'vәukl,adj.,"a. 嗓音的, 声音的, 有声的, 歌唱的\nn. 元音, 声乐作品",,,cet6-all source:ecdict cet6 cet6-core family:vocals,4488
vocation,vәu'keiʃәn,n.,"n. 职业, 天命, 天职, 才能, 行业\n[法] 行业, 职业, 职业上的才能",,,cet6-all source:ecdict cet6 family:vocations,9913
vocational,vәu'keiʃәnl,adj.,"a. 职业的\n[法] 职业上的, 天职的",,,cet6-all source:ecdict cet6 cet6-core,8293
voice,vɒis,n.,"n. 声音, 嗓音, 嗓子, 愿望, 发言权, 表达, 喉舌, 语态\nvt. 表达, 吐露, 调音",,,cet6-all source:ecdict cet4 cet6 family:voices family:voiced family:voicing,465
void,vɒid,n.,"n. 空虚, 空间, 空白, 空隙, 空虚感\na. 空的, 无效的, 无人的, 没有的, 无用的\n[计] 脱墨; 空白点",,,cet6-all source:ecdict cet6 cet6-core family:voids family:voided family:voiding family:voider,6815
volcano,vɒl'keinәu,n.,n. 火山,,,cet6-all source:ecdict cet4 cet6 family:volcanos,6321
volleyball,'vɒlibɒ:l,n.,n. 排球,,,cet6-all source:ecdict cet4 cet6,7896
volt,vәult,n.,n. 伏特\n[化] 伏特,,,cet6-all source:ecdict cet4 cet6 family:volts,
voltage,'vәultidʒ,n.,"n. 电压, 伏特数\n[化] 电压",,,cet6-all source:ecdict cet4 cet6 family:voltages,9759
volume,'vɒljum,n.,"n. 册, 卷, 体积, 容量, 大量, 许多, 份量, 音量\nvi. 成团卷起\nvt. 把...收集成卷\na. 大量的\n[计] 卷",,,cet6-all source:ecdict cet4 cet6 cet6-core family:volumes,1917
voluntary,'vɒlәntәri,adj.,"a. 自动的, 自愿的, 故意的, 志愿的, 自发的\nn. 自愿行动, 志愿者, 自由调",,,cet6-all source:ecdict cet4 cet6 cet6-core family:voluntaries,4701
volunteer,.vɒlәn'tiә,n.,n. 志愿者\na. 志愿的\nv. 自愿,,,cet6-all source:ecdict cet4 cet6 cet6-core family:volunteers family:volunteered family:volunteering,2284
vote,vәut,n.,"n. 投票, 选举, 选票, 表决, 选举权, 得票数\nvi. 投票, 选举\nvt. 投票选举, 投票决定, 公认, 使投票",,,cet6-all source:ecdict cet4 cet6 family:votes family:voted family:voting,1078
vow,vau,n.,"n. 誓约, 誓言, 许愿\nvi. 起誓, 发誓, 郑重宣言\nvt. 立誓, 起誓要, 郑重地宣布",,,cet6-all source:ecdict cet6 family:vowed family:vows family:vowing,5464
vowel,'vauәl,n.,n. 元音\na. 元音的,,,cet6-all source:ecdict cet6 family:vowels,13592
voyage,'vɒiidʒ,n.,"n. 航行, 航海, 航程, 旅行, 航空\nvi. 航海, 航行\nvt. 航行越过, 飞过",,,cet6-all source:ecdict cet4 cet6 family:voyages family:voyaging family:voyaged,6619
vulgar,'vʌlgә,adj.,"a. 粗俗的, 庸俗的, 普通的, 通俗的, 方言的\n[法] 庸俗的, 卑下的, 粗俗的",,,cet6-all source:ecdict cet6 cet6-core,11317
vulnerable,'vʌlnәrәbl,adj.,"a. 易受伤害的, 有弱点的, 易受影响的, 脆弱的, 成局的\n[医] 易损的",,,cet6-all source:ecdict cet6 cet6-core,2955
wade,weid,vi.,"vi. 跋涉\nvt. 涉水\nn. 跋涉, 浅滩",,,cet6-all source:ecdict cet6 family:waded family:wading family:wades,7622
wag,wæg,vt.,"vt. 摇摆, 摇动, 饶舌\nvi. 摆动, 喋喋不休\nn. 摇摆, 爱说笑打趣的人",,,cet6-all source:ecdict cet6 family:wagging family:wagged family:wags,11879
wage,weidʒ,n.,"n. 工资, 报应, 报偿\nvt. 开展, 进行\nvi. 进行",,,cet6-all source:ecdict cet4 cet6 family:wages family:waged family:waging,2586
waggon,,n.,"n. 运货车, 四轮运货马车, (英)铁路货车, 流动服务车, 小型客车, 囚车, 童车",,,cet6-all source:ecdict cet4 cet6 family:waggons family:waggoning family:waggoned,
waist,weist,n.,"n. 腰部, 腰\n[医] 腰",,,cet6-all source:ecdict cet4 cet6 family:waists family:waisted,4304
waiter,'weitә,n.,n. 侍者,,,cet6-all source:ecdict cet4 cet6 family:waiters,5460
waitress,'weitris,n.,"n. 女侍者, 女服务员",,,cet6-all source:ecdict cet6 family:waitresses family:waitressing family:waitressed,6390
waken,'weikn,vt.,"vt. 唤醒, 使觉醒, 激发\nvi. 觉醒, 醒来",,,cet6-all source:ecdict cet4 cet6 family:wakened family:wakening family:wakens,21433
wallet,'wɒlit,n.,"n. 皮夹\n[法] 皮包, 皮夹, 钱袋",,,cet6-all source:ecdict cet4 cet6 cet6-core family:wallets,5587
walnut,'wɒ:lnәt,n.,n. 胡桃\n[机] 胡桃木,,,cet6-all source:ecdict cet6 family:walnuts,7840
wander,'wɒndә,vi.,"vi. 游荡, 漫步, 徘徊, 迷路, 离题, 蜿蜒\nvt. 在...漫游",,,cet6-all source:ecdict cet4 cet6 family:wandering family:wandered family:wanders,3183
war,wɒ:,n.,"n. 战争, 战争状态, 战术, 军事, 冲突, 斗争, 竞争\nvi. 进行战争, 作战, 打仗, 战斗\na. 战争的, 战时用的",,,cet6-all source:ecdict cet4 cet6 family:wars family:warring family:warred,349
ward,wɒ:d,n.,"n. 病房, 守卫, 保卫, 保护, 监护, 牢房, 行政区, 锁孔内的榫舌\nvt. 使入病房, 守护, 保卫",,,cet6-all source:ecdict cet6 cet6-core family:wards family:warding family:warded,5065
wardrobe,'wɒ:drәub,n.,"n. 衣橱, 衣室, 全部衣服",,,cet6-all source:ecdict cet6 cet6-core family:wardrobes,7918
ware,wєә,n.,"n. 物品, 器具, 货物, 商品, 陶器\nvt. 留心, 小心\na. 知道的, 意识到的, 留神的",,,cet6-all source:ecdict cet6 family:wares family:waring family:wared,
warehouse,'wєәhaus,n.,"n. 仓库, 货栈, 大商店\nvt. 储入仓库",,,cet6-all source:ecdict cet6 cet6-core family:warehouses family:warehoused family:warehousing,4922
warfare,'wɒ:fєә,n.,"n. 战争, 战斗, 交战, 斗争, 竞争\n[法] 战事, 作战, 交战",,,cet6-all source:ecdict cet6 cet6-core,5066
warmth,wɒ:mθ,n.,"n. 温暖, 温情, 暖和, 激动, 生气",,,cet6-all source:ecdict cet4 cet6,4749
warn,wɒ:n,vt.,"vt. 警告, 提醒, 通知\nvi. 发出警告",,,cet6-all source:ecdict cet4 cet6 family:warned family:warns family:warning,1773
warning,'wɒ:niŋ,n.,"n. 警告, 预告, 预兆, 通知\n[法] 警告, 警戒, 预告; 警告的, 注意的",,,cet6-all source:ecdict cet6 family:warn family:i family:warnings family:warning,2102
warrant,'wɒ:rәnt,n.,"n. 授权, 正当理由, 根据, 证明, 批准, 凭证, 令状, 委任状\nvt. 授权给, 保证, 担保, 批准, 使有正当理由",,,cet6-all source:ecdict cet6 cet6-core family:warrants family:warranted family:warranting,5999
wasp,wɒsp,n.,"n. 黄蜂, 胡蜂, 易怒的人, 刻毒的人\n[医] 胡蜂, 黄蜂",,,cet6-all source:ecdict cet6,11805
waste,weist,n.,"n. 浪费, 废物, 损耗, 消耗, 荒地, 垃圾, 地面风化物\na. 废弃的, 荒芜的, 多余的\nvt. 浪费, 消耗, 使荒芜\nvi. 浪费, 消耗, 变消瘦",,,cet6-all source:ecdict cet4 cet6 family:wasting family:wasted family:wastes,1986
wasteful,'weistful,adj.,"a. 浪费的, 不经济的",,,cet6-all source:ecdict cet6,12903
watchful,'wɒtʃful,adj.,"a. 注意的, 警戒的, 警醒的, (时间)醒着换过的",,,cet6-all source:ecdict cet6,12369
waterfall,'wɒtәfɒ:l,n.,n. 瀑布,,,cet6-all source:ecdict cet4 cet6 family:waterfalls,8091
waterproof,'wɒtәpru:f,n.,"n. 防水材料\na. 不透水的, 防水的\nvt. 使防水",,,cet6-all source:ecdict cet4 cet6 family:waterproofs family:waterproofed family:waterproofing,12010
watertight,'wɒtәtait,adj.,"a. 不透水的, 不漏水的, 无懈可击的\n[化] 不透水的; 不漏水的",,,cet6-all source:ecdict cet6 cet6-core,23518
watery,'wɒ:tәri,adj.,"a. 水的, 湿的, 平淡的, 稀薄的, 水淋淋的",,,cet6-all source:ecdict cet6,10596
watt,wɒt,n.,n. 瓦(特)\n[化] 瓦; 瓦特,,,cet6-all source:ecdict cet6 cet6-core family:watts,
wave,weiv,n.,"n. 波, 波浪, 波动, 起伏, 高潮, 潮涌, 挥手致意, (气压)突变\nvi. 波动, 飘动, 挥手示意, 起伏\nvt. 使波动, 使飘扬, 挥舞, 使成波浪形",,,cet6-all source:ecdict cet4 cet6 family:waves family:waved family:waving,1398
wavelength,'weivleŋθ,n.,n. 波长\n[化] 波长,,,cet6-all source:ecdict cet4 cet6 family:wavelengths,8023
waver,'weivә,n.,"n. 动摇, 踌躇, 挥动者\nvi. 摇摆, 颤抖, 摆动, 摇曳, 犹豫",,,cet6-all source:ecdict cet6 family:wavered family:wavering family:wavers,9407
wax,wæks,n.,"n. 蜡, 蜡状物, 一阵发怒, 增加, (月亮)渐盈\nvi. 变大, 增大, 月亮渐满\nvt. 上蜡于",,,cet6-all source:ecdict cet4 cet6 cet6-core family:waxing family:waxed family:waxes,7228
weak,wi:k,adj.,"a. 不牢固的, 弱的, 虚弱的, 软弱的, 无力的, 无权力的, (论据等)不充分的\n[经] 疲软的",,,cet6-all source:ecdict cet4 cet6 family:weaker family:weakest,2070
weaken,'wi:kәn,vt.,"vt. 削弱, 减弱, 使虚弱\nvi. 变弱, 变软弱",,,cet6-all source:ecdict cet4 cet6 family:weakened family:weakening family:weakens,4486
weakness,'wi:knis,n.,"n. 虚弱, 薄弱, 弱点\n[经] 欲振乏力",,,cet6-all source:ecdict cet4 cet6 family:weaknesses,3487
wealth,welθ,n.,"n. 财富, 资源, 财产, 丰富, 富裕, 大量\n[经] 财富",,,cet6-all source:ecdict cet4 cet6 cet6-core,2559
wealthy,'welθi,adj.,"a. 富有的, 丰裕的, 充分的",,,cet6-all source:ecdict cet4 cet6 cet6-core family:wealthier family:wealthiest,3015
weapon,'wepәn,n.,"n. 武器, 兵器\nvt. 武装",,,cet6-all source:ecdict cet4 cet6 cet6-core family:weapons,929
weary,'wiәri,adj.,"a. 疲倦的, 萎靡的, 厌倦的, 厌烦的\nvt. 使疲倦, 使厌烦\nvi. 疲乏, 生厌, 不耐烦",,,cet6-all source:ecdict cet4 cet6 cet6-core family:wearied family:wearying family:wearier family:wearies family:weariest,6761
weave,wi:v,n.,"n. 编法, 织法, 编织式样\nvt. 编织, 组合, 编排, 使迂回前进\nvi. 纺织, 迂回行进",,,cet6-all source:ecdict cet4 cet6 family:woven family:weaving family:wove family:weaves,4893
weaver,'wi:vә,n.,"n. 织布者, 织工",,,cet6-all source:ecdict cet6 family:weavers,11920
web,web,n.,"n. 网, 蛛丝, 蹼, 织物, 圈套, 卷筒纸\nvi. 结网, 形成网\nvt. 织蜘蛛网于, 使落入圈套",,,cet6-all source:ecdict cet6 cet6-core family:webs family:webbing family:webbed,3706
wedding,'wediŋ,n.,"n. 婚礼, 结婚, 结婚周年纪念日, 结合\n[法] 结婚, 婚礼, 结婚纪念日",,,cet6-all source:ecdict cet4 cet6 family:weddings family:wedding family:i,2176
wedge,wedʒ,n.,"n. 楔子, 楔形物, 起因, 导致分裂的东西\nvt. 楔住, 挤进, 楔入\nvi. 楔入, 挤进",,,cet6-all source:ecdict cet6 cet6-core family:wedges family:wedged family:wedging,6257
weed,wi:d,n.,"n. 杂草, 野草\nvi. 除草\nvt. 除...的草, 剔除",,,cet6-all source:ecdict cet4 cet6 family:wee family:dp family:weeds family:weeding family:weeded,4545
weekday,'wi:kdei,n.,"n. 周日, 平日\n[计] 工作日",,,cet6-all source:ecdict cet4 cet6 family:weekdays,8312
weekly,'wi:kli,n.,"n. 周刊, 周报\na. 每周的, 一周一次的, 周刊的\nadv. 每周, 一周一次",,,cet6-all source:ecdict cet4 cet6 family:weeklies,3220
weep,wi:p,n.,"n. 哭, 哭泣\nvi. 哭泣, 流泪, 哀悼, 滴落\nvt. 哭着使..., 悲叹, 滴下",,,cet6-all source:ecdict cet4 cet6 family:wept family:weeping family:weeps,5709
weigh,wei,vt.,"vt. 称...重量, 衡量, 把...压弯, 考虑, 权衡, 起锚\nvi. 称分量, 有意义, 重压, 起锚\nn. 过秤, 称分量",,,cet6-all source:ecdict cet4 cet6 family:weighing family:weighed family:weighs,2504
weld,weld,n.,"n. 焊接处, 焊接\nvt. 焊接, 使密接, 使结合, 使成整体\nvi. 焊牢",,,cet6-all source:ecdict cet4 cet6 family:welded family:welding family:welds,15095
welfare,'welfєә,n.,"n. 福利, 安宁, 幸福, 福利事业\na. 福利的",,,cet6-all source:ecdict cet4 cet6,1933
well-known,,adj.,"a. 众所周知的, 有名的",,,cet6-all source:ecdict cet4 cet6,
westward,'westwәd,n.,n. 朝西的方向\na. 向西的\nadv. 向西的,,,cet6-all source:ecdict cet4 cet6,12556
whale,hweil,n.,"n. 鲸\nvi. 捕鲸\nvt. 使惨败, 猛揍",,,cet6-all source:ecdict cet4 cet6 family:whales family:whaling family:whaled,4232
wharf,hwɒ:f,n.,"n. 码头\nvt. 卸在码头上, 靠码头\nvi. 靠码头, 入坞",,,cet6-all source:ecdict cet6 family:wharves family:wharfing family:wharfed family:wharfs,17288
whatever,hwɒt'evә,pron.,pron. 无论什么,,,cet6-all source:ecdict cet4 cet6,776
wheat,hwi:t,n.,n. 小麦,,,cet6-all source:ecdict cet4 cet6 family:wheats,4479
wheel,hwi:l,n.,"n. 轮子, 车轮, 轮, 方向盘, 旋转, 机构, 重要人物\nvt. 使旋转, 转动, 使转向\nvi. 旋转, 转弯, 盘旋",,,cet6-all source:ecdict cet4 cet6 family:wheels family:wheeled family:wheeling,1999
whenever,hwen'evә,conj.,"conj. 每当\nadv. 不论何时, 每逢",,,cet6-all source:ecdict cet4 cet6,2314
whereas,hwєәr'æz,conj.,"conj. 然而, 鉴于\n[法] 考虑到, 鉴于, 就...而论",,,cet6-all source:ecdict cet4 cet6 cet6-core,2731
whereby,(h)weә'bai,adv.,"adv. 靠什么, 如何, 为何, 靠那个, 因此, 由此\n[法] 因此, 由是",,,cet6-all source:ecdict cet6 cet6-core,8497
wherever,hwєәr'evә,adv.,adv. 无论哪里,,,cet6-all source:ecdict cet4 cet6,3710
whichever,hwitʃ'evә,pron.,"pron. 无论那一个, 任何一个",,,cet6-all source:ecdict cet4 cet6,10672
whilst,wailst,conj.,"conj. 当...的时候, 和...同时, 虽然, 只要, 然而, 而, 尽管",,,cet6-all source:ecdict cet4 cet6,18717
whip,hwip,n.,"n. 鞭子, 抽打, 车夫, 搅拌器\nvt. 鞭打, 搅拌, 煽动, 召集, 仓促制成\nvi. 拍击, 急走, 抽打",,,cet6-all source:ecdict cet4 cet6 family:whips family:whipped family:whipping,4254
whirl,hwә:l,n.,"n. 回旋, 旋转, 急走, 眩晕\nvt. 使旋转, 使回旋, 卷走\nvi. 回旋, 旋转, 急走, 发晕",,,cet6-all source:ecdict cet4 cet6 cet6-core family:whirled family:whirling family:whirls,8035
whisker,'hwiskә,n.,"n. 腮须, 胡须, 一丝儿\n[化] 晶须",,,cet6-all source:ecdict cet6 family:whiskers,13794
whisky,'hwiski,n.,"n. 威士忌酒, 轻便马车\n[化] 威士忌酒",,,cet6-all source:ecdict cet4 cet6 family:whiskies,17204
whisper,'hwispә,n.,"n. 耳语, 密谈, 谣传, 沙沙声\nvi. 耳语, 密谈, 沙沙地响\nvt. 低声说",,,cet6-all source:ecdict cet4 cet6 family:whispered family:whispering family:whispers,2446
whistle,'hwisl,n.,"n. 口哨, 汽笛, 啸啸声, 口哨声\nvi. 吹口哨, 鸣汽笛, 发嘘嘘声\nvt. 用口哨或吹哨传意, 用口哨演奏",,,cet6-all source:ecdict cet4 cet6 family:whistled family:whistling family:whistles,6463
whitewash,'hwaitwɒʃ,n.,"n. 白色涂料, 粉饰, 得零分的惨败",,,cet6-all source:ecdict cet4 cet6 family:whitewashed family:whitewashing family:whitewashes,20142
whoever,hu'evә,pron.,"pron. 任何人, 无论谁",,,cet6-all source:ecdict cet4 cet6,4240
whole,hәul,n.,"n. 全部, 全体, 整体, 完全之体系\na. 所有的, 完整的, 完全的, 纯粹的",,,cet6-all source:ecdict cet4 cet6 family:wholes,467
wholesome,'hәulsәm,adj.,"a. 有益健康的, 合乎卫生的, 健全的, 有益的, 有生气的, 审慎的",,,cet6-all source:ecdict cet6,12893
wholly,'hәuli,adv.,"adv. 完全地, 整个, 统统, 全部\n[法] 完全地, 统统地",,,cet6-all source:ecdict cet4 cet6,6835
wicked,'wikid,adj.,"a. 坏的, 邪恶的, 缺德的, 刻毒的, 恶劣的, 淘气的",,,cet6-all source:ecdict cet4 cet6,7732
widely,'waidli,adv.,adv. 广泛地,,,cet6-all source:ecdict cet4 cet6,2175
widen,'waidn,vt.,"vt. 弄宽, 加宽, 扩大\nvi. 变宽, 扩大",,,cet6-all source:ecdict cet4 cet6 family:widened family:widening family:widens,5456
widespread,'waidspred,adj.,"a. 充分伸展的, 广布的, 普及的, 流传广的",,,cet6-all source:ecdict cet4 cet6,3282
widow,'widәu,n.,"n. 寡妇, 孀妇\nvt. 使成寡妇",,,cet6-all source:ecdict cet4 cet6 family:widows family:widowed family:widowing,4691
width,widθ,n.,"n. 宽度, 宽广, 广博\n[医] 宽度",,,cet6-all source:ecdict cet4 cet6 family:widths,6752
wield,wi:ld,vt.,"vt. 挥舞, 运用",,,cet6-all source:ecdict cet6 family:wielding family:wielded family:wields,7460
wild,waild,n.,"n. 荒野, 荒地\na. 野性的, 野蛮的, 野生的, 失控的, 任性的, 杂乱的, 轻率的, 狂热的, 疯狂的\nadv. 狂暴地, 失控地",,,cet6-all source:ecdict cet4 cet6 family:wilder family:wildest family:wilds,1292
wilful,'wilful,adj.,"a. 任性的, 固执的, 故意的, 存心的\n[法] 有意的, 故意的, 任性的",,,cet6-all source:ecdict cet6,44654
willing,'wiliŋ,adj.,"a. 乐意的, 自愿的, 甘愿的",,,cet6-all source:ecdict cet4 cet6 family:willing family:i,1274
willow,'wilәu,n.,"n. 柳树, 柳木制品\na. 柳树的, 柳木制的",,,cet6-all source:ecdict cet6 family:willows family:willowing,10016
win,win,vt.,"vt. 赢得, 打胜, 成功\nvi. 获胜, 达到, 影响\nn. 胜利, 赢, 收益",,,cet6-all source:ecdict cet4 cet6 family:won family:winning family:wins,361
winding,'waindiŋ,n.,"n. 绕, 卷, 弯曲, 线圈\na. 蜿蜒的, 卷绕的, 弯曲的",,,cet6-all source:ecdict cet6 family:wind family:i family:winding family:windings,10105
windmill,'windmil,n.,n. 风车,,,cet6-all source:ecdict cet6 family:windmills,12809
windy,'windi,adj.,"a. 多风的, 风强的, 腹胀的, 吹牛的",,,cet6-all source:ecdict cet6 family:windies family:windiest family:windier,8867
wine,wain,n.,"n. 葡萄酒, 果酒, 暗红色\nv. (请)喝酒",,,cet6-all source:ecdict cet4 cet6 family:wines family:wined family:wining,1449
wing,wiŋ,n.,"n. 翅膀, 翼, 机翼, 派别\nvt. 给...装上翼, 飞过, 使飞, 空运, 增加...速度\nvi. 飞行",,,cet6-all source:ecdict cet4 cet6 family:wings family:winging family:winged,1889
wink,wiŋk,n.,"n. 眨眼, 使眼色, 瞬间\nvi. 眨眼, 使眼色, 闪烁\nvt. 眨",,,cet6-all source:ecdict cet6 family:winked family:winking family:winks,7901
winner,'winә,n.,"n. 胜利者, 优胜者\n[法] 取胜者",,,cet6-all source:ecdict cet4 cet6 family:winners,1916
wipe,waip,n.,"n. 擦拭, 用力打, 凸轮\nvt. 擦, 揩, 消灭, 涂上, 拭去\nvi. 擦, 打",,,cet6-all source:ecdict cet4 cet6 family:wiped family:wiping family:wipes,2711
wire,'waiә,n.,"n. 电线, 电报, 电信, 铁丝网, 金属丝\nvt. 用金属丝捆扎, 拍电报\nvi. 打电报",,,cet6-all source:ecdict cet4 cet6 family:wires family:wired family:wiring,2370
wireless,'waiәlis,n.,"n. 无线电\na. 无线的, 无线电的",,,cet6-all source:ecdict cet4 cet6 family:wirelesses family:wirelessed,5363
wisdom,'wizdәm,n.,"n. 智慧, 明智行为, 学识, 名言, 贤人",,,cet6-all source:ecdict cet4 cet6 family:wisdoms,2954
wise,waiz,adj.,"a. 明智的, 慎虑的, 聪明的, 博学的, 狡猾的, 机灵的\nvi. 知道\nvt. 教导, 告诉, 劝导\nn. 方法, 方式\n[计] 教育信息系统",,,cet6-all source:ecdict cet4 cet6 family:wiser family:wisest family:wised,3234
wit,wit,n.,"n. 机智, 智力, 头脑, 理智, 妙语, 机智的人",,,cet6-all source:ecdict cet4 cet6 family:wits,5755
withdraw,wið'drɒ:,vt.,"vt. 撤回, 取回, 撤消, 使撤退, 拉开, 移开\nvi. 撤退, 离开",,,cet6-all source:ecdict cet4 cet6 cet6-core family:withdrawn family:withdrew family:withdrawing family:withdraws,2786
wither,'wiðә,vt.,"vt. 使凋谢, 使消亡, 使畏缩\nvi. 枯萎, 衰退",,,cet6-all source:ecdict cet6 family:withered family:withering family:withers,11891
withhold,wið'hәuld,vt.,"vt. 使停止, 扣留, 保留, 拒给\nvi. 克制, 忍住",,,cet6-all source:ecdict cet6 cet6-core family:withheld family:withholding family:withholds,6650
within,wi'ðin,n.,"n. 内部, 里头\nadv. 在内部, 在内心里\nprep. 在...之内",,,cet6-all source:ecdict cet4 cet6,352
withstand,wið'stænd,vt.,"vt. 抵住, 顶住, 经得起",,,cet6-all source:ecdict cet4 cet6 family:withstood family:withstanding family:withstands,6972
witness,'witnis,n.,"n. 证人, 目击者, 证据, 证词\nvt. 目击, 作证, 证明, 表明\nvi. 作证人, 作为证据",,,cet6-all source:ecdict cet4 cet6 cet6-core family:witnesses family:witnessed family:witnessing,1970
witty,'witi,adj.,"a. 富于机智的, 诙谐的",,,cet6-all source:ecdict cet6 family:wittiest family:wittier,9923
woe,wәu,n.,"n. 悲哀, 悲痛, 苦痛",,,cet6-all source:ecdict cet6 family:woes,8122
wolf,wulf,n.,"n. 狼, 残忍贪婪之人, 极度穷困\nvt. 狼吞虎咽, 大吃",,,cet6-all source:ecdict cet4 cet6 family:wolves family:wolfed family:wolfing family:wolfs,4150
wonder,'wʌndә,n.,"n. 奇迹, 惊奇, 惊愕\nvt. 惊奇, 想知道\nvi. 惊讶, 怀疑",,,cet6-all source:ecdict cet4 cet6 family:wondered family:wondering family:wonders,790
wonderful,'wʌndәful,adj.,"a. 令人惊奇的, 奇妙的, 极好的",,,cet6-all source:ecdict cet4 cet6,1405
wood,wud,n.,"n. 木材, 木制品\nvt. 植林于, 给...添加木柴\nvi. 收集木材",,,cet6-all source:ecdict cet4 cet6 family:woods,1236
wooden,'wudn,adj.,"a. 木制的, 呆笨的, 木然的",,,cet6-all source:ecdict cet4 cet6,2512
woodpecker,'wudpekә,n.,n. 啄木鸟,,,cet6-all source:ecdict cet6 family:woodpeckers,16605
wool,wul,n.,"n. 羊毛, 毛织物, 毛线, 绒线\n[医] 羊毛, 绒毛, 棉[花]",,,cet6-all source:ecdict cet4 cet6 family:wools,5569
woollen,'wulin,n.,n. 毛织品\na. 羊毛制的,,,cet6-all source:ecdict cet4 cet6 family:woollens,41582
workman,'wә:kmәn,n.,"n. 工人, 工匠, 男工",,,cet6-all source:ecdict cet4 cet6 family:workmen,12739
workpiece,'wә:kpi:s,n.,n. 工件,,,cet6-all source:ecdict cet6 family:workpieces,34198
workshop,'wә:kʃɒp,n.,"n. 工场, 车间, 研讨会\n[计] 讨论会; 专题研究组",,,cet6-all source:ecdict cet4 cet6 family:workshops,3130
world-wide,,adj.,a. 遍及全世界的,,,cet6-all source:ecdict cet4 cet6,
worm,wә:m,n.,"n. 虫, 蠕虫, 小人物, 螺纹, 蜗杆\nvi. 蠕行, 慢慢前进\nvt. 使蠕行, 慢慢地走, 除虫\n[计] 蠕虫病毒",,,cet6-all source:ecdict cet4 cet6 family:worms family:wormed family:worming,4993
worse,wә:s,n.,"n. 更坏的事, 更恶劣的事, 败局\na. 更坏的, 更恶劣的\nadv. 更坏地, 更恶劣地",,,cet6-all source:ecdict cet4 cet6 family:bad family:r,25899
worship,'wә:ʃip,n.,"n. 崇拜, 礼拜, 尊敬\nvi. 参加礼拜\nvt. 崇拜, 尊敬",,,cet6-all source:ecdict cet4 cet6 family:worshipped family:worships family:worshipping,5808
worst,wә:st,n.,"n. 最坏, 最坏的时候\na. 最坏的, 最恶劣的, 最不利的\nadv. 最坏, 最糟",,,cet6-all source:ecdict cet4 cet6 family:bad family:t family:worsted family:worsts family:worst,33505
worthless,'wә:θlis,adj.,"a. 无价值的, 无益的, 无足轻重的\n[法] 无价值的, 无用的",,,cet6-all source:ecdict cet4 cet6,8848
worthwhile,'wә:θ'hwail,adj.,"a. 值得花时间的, 值得做的, 有真实价值的",,,cet6-all source:ecdict cet4 cet6 cet6-core,6958
worthy,'wә:ði,n.,"n. 杰出人物\na. 有价值的, 可敬的, 值得的",,,cet6-all source:ecdict cet4 cet6 cet6-core family:worthies family:worthier family:worthiest,5102
wound,wu:nd,n.,"n. 创伤, 伤口, 伤疤, 伤害, 痛苦\nvt. 伤害, 损害, 使受伤\nvi. 打伤, 伤害\nwind的过去式和过去分词",,,cet6-all source:ecdict cet4 cet6 family:wind family:pd family:wounds family:wounded family:wounding,3202
wrap,ræp,n.,"n. 外套, 围巾, 包裹物, 限制, 约束, 秘密, 换行\nvt. 包装, 卷, 缠绕, 包, 裹, 覆盖, 遮蔽, 隐藏, 掩护\nvi. 缠绕, 穿外衣, 包起来\n[计] 换行",,,cet6-all source:ecdict cet4 cet6 family:wrapped family:wrapping family:wraps,2090
wrath,rɒ:θ,n.,"n. 愤怒, 激怒, 愤怒的举动, (自然现象等)严酷",,,cet6-all source:ecdict cet6 family:wraths,9893
wreath,ri:θ,n.,"n. 花圈, 花环, 圈状物\n[医] 花冠, 花冠体(细胞核分裂的一时期)",,,cet6-all source:ecdict cet4 cet6 family:wreaths,9842
wreck,rek,n.,"n. 失事, 残骸, 破坏\nvt. 使失事, 拆毁, 破坏\nvi. (船)失事, 营救失事船只",,,cet6-all source:ecdict cet4 cet6 cet6-core family:wrecked family:wrecks family:wrecking,7201
wrench,'rentʃ,n.,"n. 扳钳, 扳手, 扭伤, 歪曲, 痛苦\nvt. 猛扭, 扭伤, 曲解, 折磨\nvi. 猛扭, 猛绞",,,cet6-all source:ecdict cet6 cet6-core family:wrenched family:wrenching family:wrenches,10376
wrestle,'resl,n.,"n. 摔跤, 角力, 扭斗\nvi. 摔跤, 搏斗, 斗争, 斟酌\nvt. 与(对手)摔跤",,,cet6-all source:ecdict cet6 family:wrestled family:wrestling family:wrestles,6407
wretched,'retʃid,adj.,"a. 可怜的, 不幸的, 卑鄙的",,,cet6-all source:ecdict cet6 cet6-core,11796
wring,riŋ,n.,"n. 扭绞, 拧, 挤\nvt. 拧, 绞, 扭, 勒索, 折磨, 使痛苦\nvi. 蠕动, 扭动, 绞, 扭, 感到痛苦",,,cet6-all source:ecdict cet6 family:wringing family:wrung family:wrings,10500
wrinkle,'riŋkl,n.,"n. 皱纹, 妙计, 方法, 技巧\nvi. 起皱\nvt. 使起皱纹",,,cet6-all source:ecdict cet6 cet6-core family:wrinkles family:wrinkled family:wrinkling,7819
wrist,rist,n.,"n. 手腕, 腕关节\n[医] 腕",,,cet6-all source:ecdict cet4 cet6 family:wrists,3624
writer,'raitә,n.,"n. 作家, 撰稿者, 抄写员\n[化] 记录器",,,cet6-all source:ecdict cet4 cet6 family:writers,980
writing,'raitiŋ,n.,"n. 书写, 著作, 笔迹, 作品\n[医] 书写",,,cet6-all source:ecdict cet4 cet6 family:write family:i family:writing family:writings,1528
xerox,'ziәrɒks,v.,v. 静电复印,,,cet6-all source:ecdict cet6 family:xeroxes family:xeroxed,30041
yacht,jɒt,n.,"n. 快艇, 游艇\nvi. 驾游艇, 乘游艇",,,cet6-all source:ecdict cet6 cet6-core family:yachts family:yachting family:yachted,7495
yard,jɑ:d,n.,"n. 码, 庭院, 工场\n[化] 堆置场",,,cet6-all source:ecdict cet4 cet6 family:yards,1035
yawn,jɒ:n,n.,"n. 哈欠\nvi. 打哈欠, 裂开\nvt. 打着哈欠说",,,cet6-all source:ecdict cet4 cet6 family:yawned family:yawning family:yawns,10649
yearly,'jiәli,adj.,"a. 每年的, 一年一度的\nadv. 一年一次, 每年",,,cet6-all source:ecdict cet4 cet6,8913
yearn,jә:n,vi.,"vi. 渴望, 想念, 怀念, 同情",,,cet6-all source:ecdict cet6 family:yearning family:yearned family:yearns,7999
yeast,ji:st,n.,n. 酵母\n[化] 酵母,,,cet6-all source:ecdict cet6 family:yeasts,10001
yell,jel,vi.,"vi. 叫喊, 大叫, (齐声)呐喊欢呼\nvt. 喊叫着说\nn. 叫声, 喊声, 呐喊",,,cet6-all source:ecdict cet4 cet6 cet6-core family:yelled family:yelling family:yells,2628
yield,ji:ld,n.,"n. 生产量, 投资收益\nvt. 出产, 给予, 让出, 放弃, 使屈服\nvi. 出产, 屈服, 投降, 倒塌",,,cet6-all source:ecdict cet4 cet6 cet6-core family:yields family:yielded family:yielding,2652
yielding,'ji:ldiŋ,adj.,"a. 生产的, 屈从的, 柔顺的, 易弯曲的\n[化] 屈服",,,cet6-all source:ecdict cet6 family:yield family:i family:yielding,21183
yoke,jәuk,n.,"n. 轭, 牛轭, 束缚\nvt. 给...上轭, 连接, 结合, 使匹配\nvi. 结合, 匹配\n[计] 磁轭; 磁头组; 偏转线圈",,,cet6-all source:ecdict cet6 cet6-core family:yoked family:yokes family:yoking,16099
yolk,jәuk,n.,"n. 蛋黄, 卵黄\n[医] 卵黄, 羊毛脂",,,cet6-all source:ecdict cet6 family:yolks family:yolked,11348
youngster,'jʌŋstә,n.,"n. 小孩, 年轻人, 少年\n[法] 儿童, 少年, 青年",,,cet6-all source:ecdict cet4 cet6 family:youngsters,4797
youth,ju:θ,n.,"n. 年轻, 青年时代, 青年们, 青春\n[法] 青年, 青年时期, 青春时期",,,cet6-all source:ecdict cet4 cet6 family:youths,1397
youthful,'ju:θful,adj.,"a. 年轻的, 青年的\n[法] 青年的, 年轻的",,,cet6-all source:ecdict cet4 cet6,7434
zeal,zi:l,n.,"n. 热心, 热衷, 热诚",,,cet6-all source:ecdict cet4 cet6,10184
zealous,'zelәs,adj.,"a. 热衷的, 热诚的, 热心的, 热情的",,,cet6-all source:ecdict cet4 cet6,15938
zebra,'zi:brә,n.,n. 斑马,,,cet6-all source:ecdict cet4 cet6 family:zebras,13912
zinc,ziŋk,n.,n. 锌\nvt. 镀锌于,,,cet6-all source:ecdict cet6 cet6-core family:zincs family:zincing family:zinced,10443
zone,zәun,n.,"n. 地带, 带, 地区\nvt. 环绕, 使分成地带\nvi. 分成区\n[计] 卡片顶部的三行区; 区; 区域",,,cet6-all source:ecdict cet4 cet6 family:zones family:zoning family:zoned,1763
