spelling,phonetic,part_of_speech,definition_cn,example_en,example_cn,tags,frequency_rank
acre,'eikә,n.,n. 英亩,,,cet4-core source:ecdict cet4 cet4-all family:acres,
africa,'æfrikә,n.,n. 非洲,,,cet4-core source:ecdict cet4 cet4-all,
america,ә'merikә,n.,"n. 美洲, 美国",,,cet4-core source:ecdict cet4-all,
april,'eiprәl,n.,n. 四月,,,cet4-core source:ecdict cet4-all,
asia,'eiʒә,n.,n. 亚洲,,,cet4-core source:ecdict cet4-all,
atlantic,әt'læntik,n.,n. 大西洋\na. 大西洋的,,,cet4-core source:ecdict cet4 cet4-all,
australia,ɒ'streiljә,n.,"n. 澳洲, 澳大利亚",,,cet4-core source:ecdict cet4-all,
britain,'britәn,n.,n. 英国,,,cet4-core source:ecdict cet4-all,
canada,'kænәdә,n.,n. 加拿大,,,cet4-core source:ecdict cet4-all,
cent,sent,n.,n. 分\n[经] 美分,,,cet4-core source:ecdict cet4 cet6 cet4-all family:cents,
centigrade,'sentigreid,adj.,"a. 百分度的, 摄氏的\n[医] 百分度",,,cet4-core source:ecdict cet4 cet6 cet4-all,
centimetre,"'senti,mi:tә(r)",n.,"n. 厘米, 公分",,,cet4-core source:ecdict cet4 cet6 cet4-all family:centimetres,
centre,'sentә,n.,"n. 中心, 中心点, 中锋\na. 中央的, 位在正中的\nvt. 集中, 定中心\nvi. 居中",,,cet4-core source:ecdict cet4 cet6 cet4-all family:centres family:centred family:centring,
congratulation,kәn.grætʃә'leiʃәn,n.,"n. 祝贺, 恭喜",,,cet4-core source:ecdict cet4 cet6 cet4-all,
december,di'sembә,n.,n. 十二月,,,cet4-core source:ecdict cet4-all,
dissatisfy,dis'sætisfai,vt.,"vt. 使感觉不满, 不满足",,,cet4-core source:ecdict cet4 cet6 cet4-all family:dissatisfying family:dissatisfies family:dissatisfier family:dissatisfied,
dollar,'dɒlә,n.,"n. 美元, 元(加、澳等国货币单位)\n[经] 纯经济的, 美元, 元",,,cet4-core source:ecdict cet4-all family:dollars,
england,'iŋglәnd,n.,"n. 英格兰\n[法] 英格兰, 英国",,,cet4-core source:ecdict cet4-all,
europe,'juәrәp,n.,n. 欧洲,,,cet4-core source:ecdict cet4-all,
fahrenheit,'færәnhait,adj.,a. 华氏温度计的\nn. 华氏温度计,,,cet4-core source:ecdict cet4 cet6 cet4-all,
farther,'fɑ:ðә,adj.,"a. 更远的, 进一步的\nadv. 更远的, 此外, far的比较级",,,cet4-core source:ecdict cet4 cet6 cet4-all family:far family:r,
father-in-law,'fɑ:ðәrinlɔ:,n.,"n. 公公, 岳父",,,cet4-core source:ecdict cet4 cet6 cet4-all,
february,'februәri,n.,n. 二月,,,cet4-core source:ecdict cet4-all,
flavour,'fleivә,n.,"n. 味, 调味香料, 滋味, 香味, 气味, 风味, 情味, 情趣, 风韵\nvt. 给...调味, 给...增添风趣, 加香料, 加味于",,,cet4-core source:ecdict cet4 cet6 cet4-all family:flavours family:flavoured family:flavouring,
france,frɑ:ns,n.,n. 法国,,,cet4-core source:ecdict cet4 cet6 cet4-all,
friday,'fraidi,n.,n. 星期五,,,cet4-core source:ecdict cet4-all family:fridays,
gallon,'gælәn,n.,n. 加仑\n[医] 加仑,,,cet4-core source:ecdict cet4 cet6 cet4-all family:gallons,
germany,'dʒә:mәni,n.,n. 德国,,,cet4-core source:ecdict cet4 cet6 cet4-all,
goods,guds,n.,"n. 货物\n[经] 货物, 商品, 动产",,,cet4-core source:ecdict cet4 cet6 cet4-all family:goods family:s,
gramme,græm,n.,n. 克\n[医] 克,,,cet4-core source:ecdict cet4 cet6 cet4-all family:grammes,
humour,'hju:mә,n.,"n. 幽默, 诙谐, 情绪, 体液\nvt. 使满足, 迁就",,,cet4-core source:ecdict cet4 cet6 cet4-all family:humours family:humouring family:humoured,
ice-cream,'aiskri:m,adj.,"a. 冰淇淋的, 乳白色的",,,cet4-core source:ecdict cet4 cet4-all family:ice-creams,
india,'indjә,n.,n. 印度,,,cet4-core source:ecdict cet4 cet6 cet4-all,
january,'dʒænjuәri,n.,n. 一月,,,cet4-core source:ecdict cet4-all,
japan,dʒә'pæn,n.,n. 日本\n[化] 天然漆; 大漆; 漆器,,,cet4-core source:ecdict cet4-all family:japanning family:japanned family:japans,
july,dʒu:'lai,n.,n. 七月,,,cet4-core source:ecdict cet4-all,
june,dʒu:n,n.,n. 六月,,,cet4-core source:ecdict cet4-all,
kilogram,'kilәgræm,n.,"n. 千克, 公斤\n[医] 千克, 公斤",,,cet4-core source:ecdict cet4 cet4-all family:kilograms,
kilometer,'kilәmi:tә,n.,"n. 千米, 公里\n[医] 千米, 公里",,,cet4-core source:ecdict cet4 cet4-all family:kilometers,
living-room,,n.,n. 起居室,,,cet4-core source:ecdict cet4 cet4-all family:living-rooms,
means,mi:nz,n.,"n. 方法, 手段, 工具, 财产, 收入\n[经] 方法, 手段, 工具; 意谓",,,cet4-core source:ecdict cet4 cet6 cet4-all family:mean,
mechanics,mi'kæniks,n.,"n. 机械学, 结构, 力学\n[化] 力学",,,cet4-core source:ecdict cet4 cet6 cet4-all family:mechanic family:s,
metre,'mi:tә,n.,"n. 公尺, 格律, 韵律\n[医] 米, 公尺",,,cet4-core source:ecdict cet4 cet6 cet4-all family:metres,
mile,mail,n.,"n. 英里, 很大距离\n[机] 英里, 哩",,,cet4-core source:ecdict cet4 cet6 cet4-all family:miles,
millimetre,'milimi:tә,n.,n. 毫米\n[机] 公厘,,,cet4-core source:ecdict cet4 cet6 cet4-all family:millimetres,
monday,'mʌndi,n.,n. 星期一,,,cet4-core source:ecdict cet4-all family:mondays,
neighbour,'neibә,n.,"n. 邻居, 邻接的东西, 邻国, 邻座, 邻人, 世人\na. 邻接的, 邻近的\nvi.vt. 邻近, 与...结邻, 邻接",,,cet4-core source:ecdict cet4 cet6 cet4-all family:neighbours family:neighbouring family:neighboured,
november,nәu'vembә,n.,n. 十一月,,,cet4-core source:ecdict cet4-all,
oceania,.әuʃi'æniә,n.,n. 大洋洲,,,cet4-core source:ecdict cet4 cet6 cet4-all,
october,ɒk'tәubә,n.,n. 十月,,,cet4-core source:ecdict cet4-all,
odour,'әudә,n.,"n. 气味, 臭气, 香气, 味道, 迹象, 名誉, 声誉\n[医] 气味",,,cet4-core source:ecdict cet4 cet6 cet4-all family:odours,
ounce,auns,n.,"n. 盎司, 少量, 雪豹\n[医] 英两, Г",,,cet4-core source:ecdict cet4 cet6 cet4-all family:ounces,
outskirt,'autskә:t,n.,"n. 边缘, 郊外, 外围",,,cet4-core source:ecdict cet4 cet6 cet4-all,
ox,ɒks,n.,n. 牛,,,cet4-core source:ecdict cet4 cet6 cet4-all family:oxen family:oxer,
penny,'peni,n.,"n. 便士, 一分, 小钱, 点滴\n[经] 便士",,,cet4-core source:ecdict cet4 cet6 cet4-all family:pennies,
percent,pә'sent,n.,"n. 百分比, 百分数, 部分\n[机] 百分率",,,cet4-core source:ecdict cet4 cet6 cet4-all,
pint,paint,n.,"n. 品脱(干量或液量的单位)\n[医] 量磅, 品脱",,,cet4-core source:ecdict cet4 cet6 cet4-all family:pints,
quart,kwɒ:t,n.,n. 夸脱\n[医] 夸脱(四分之一加仑),,,cet4-core source:ecdict cet4 cet6 cet4-all cet6-core family:quarts,
reflexion,ri'flekʃәn,n.,"[医] 反射[作用], 反折",,,cet4-core source:ecdict cet4 cet6 cet4-all family:reflexions,
rumour,'ru:mә,n.,"n. 谣言, 传闻\nvt. 谣传",,,cet4-core source:ecdict cet4 cet6 cet4-all family:rumours family:rumoured family:rumouring,
saturday,'sætәdi,n.,n. 星期六,,,cet4-core source:ecdict cet4-all family:saturdays,
september,sep'tembә,n.,n. 九月,,,cet4-core source:ecdict cet4-all,
so-called,,adj.,"a. 所谓的, 号称的\n[法] 所谓的, 据称的",,,cet4-core source:ecdict cet4 cet6 cet4-all,
sunday,'sʌndi,n.,"n. 星期日\na. 星期日的, 业余的\nvi. 度星期日",,,cet4-core source:ecdict cet4-all family:sundays,
theatre,,n.,"n. 戏院, 电影院, 剧场, 全体观众, 戏剧, 戏剧效果, 阶梯式讲堂, 场所",,,cet4-core source:ecdict cet4 cet6 cet4-all family:theatres,
thursday,'θә:zdi,n.,n. 星期四,,,cet4-core source:ecdict cet4-all family:thursdays,
ton,tʌn,n.,n. 吨\n[经] 吨,,,cet4-core source:ecdict cet4 cet6 cet4-all family:tons family:toning family:tonner,
tuesday,'tju:zdi,n.,n. 星期二,,,cet4-core source:ecdict cet4-all family:tuesdays,
tyre,'taiә,n.,n. 轮胎\nvt. 装轮胎于,,,cet4-core source:ecdict cet4 cet6 cet4-all family:tyres,
up-to-date,'ʌptә'deit,adj.,"a. 直到现在的, 最近的, 现代化的\n[化] 最新的",,,cet4-core source:ecdict cet4 cet6 cet4-all,
upside-down,'ʌpsaid'daun,adj.,"a. 颠倒的, 乱七八糟的",,,cet4-core source:ecdict cet4 cet6 cet4-all,
vapour,'veipә,n.,"n. 汽, 蒸气\nvi. 蒸发, 吹牛\nvt. 使蒸发, 使汽化",,,cet4-core source:ecdict cet4 cet6 cet4-all family:vapours family:vapouring,
volt,vәult,n.,n. 伏特\n[化] 伏特,,,cet4-core source:ecdict cet4 cet6 cet4-all family:volts,
waggon,,n.,"n. 运货车, 四轮运货马车, (英)铁路货车, 流动服务车, 小型客车, 囚车, 童车",,,cet4-core source:ecdict cet4 cet6 cet4-all family:waggons family:waggoning family:waggoned,
wednesday,'wenzdi,n.,n. 星期三,,,cet4-core source:ecdict cet4-all family:wednesdays,
well-known,,adj.,"a. 众所周知的, 有名的",,,cet4-core source:ecdict cet4 cet6 cet4-all,
world-wide,,adj.,a. 遍及全世界的,,,cet4-core source:ecdict cet4 cet6 cet4-all,
x-ray,'eks'rei,adj.,"a. X射线的\nvt. 用X光检查, 照X光\nvi. 使用X光",,,cet4-core source:ecdict cet4 cet4-all family:x-rays family:x-raying family:x-rayed,
the,ðә,art.,art. 那,,,cet4-core source:ecdict cet4-all,1
be,bi:,v.,"v. 是, 表示, 在\n[计] 后端, 总线允许",,,cet4-core source:ecdict cet4-all family:was family:is family:been family:being,2
and,ænd,conj.,"conj. 和, 与\n[计] 与",,,cet4-core source:ecdict cet4-all,3
of,ɒv,prep.,"prep. 的, 属于",,,cet4-core source:ecdict cet4-all,4
in,in,prep.,"prep. 在...期间, 在...之内, 处于...之中, 从事于, 按照, 穿着\nadv. 进入, 朝里, 在里面, 在屋里\na. 在里面的, 在朝的\nn. 执政者, 交情",,,cet4-core source:ecdict cet4-all,6
to,tu:,prep.,"prep. 到, 向, 趋于\nadv. 向前",,,cet4-core source:ecdict cet4-all,7
have,hæv,vt.,"vt. 有, 怀有, 拿, 进行\naux. 已经",,,cet4-core source:ecdict cet4-all family:having family:had family:has,8
it,it,pron.,"pron. 它\n[计] 信息论, 输入终端, 智能终端, 内捕获",,,cet4-core source:ecdict cet4-all,10
that,ðæt,adj.,"a. 那, 那个\nconj. 以致, 因为\npron. 那\nadv. 那么, 那样",,,cet4-core source:ecdict cet4-all,12
for,fɒ:,prep.,"prep. 为, 因为, 至于\nconj. 因为\n[计] DOS批处理命令:对一组参数重复执行指定的命令",,,cet4-core source:ecdict cet4-all,13
you,ju:,pron.,"pron. 你, 你们",,,cet4-core source:ecdict cet4-all,14
he,hi:,pron.,"pron. 他\nn. 男孩, 男人, 雄性动物",,,cet4-core source:ecdict cet4-all,15
with,wið,prep.,"prep. 和...在一起, 以, 由于",,,cet4-core source:ecdict cet4-all,16
on,ɒn,prep.,prep. 在...之上\nadv. ...上去\na. 正起作用的\n[计] 打开,,,cet4-core source:ecdict cet4-all,17
do,du:,v.,"v. 做, 进行, 完成",,,cet4-core source:ecdict cet4-all family:doing family:did family:does family:done,18
say,sei,vt.,"vt. 说, 讲, 念, 说明, 指明\nvi. 说, 讲\nn. 意见, 发言权",,,cet4-core source:ecdict cet4-all family:said family:says family:saying,19
this,θis,pron.,"pron. 这, 本\na. 这, 本\nadv. 这么",,,cet4-core source:ecdict cet4-all,20
they,ðei,pron.,"pron. 他们, 它们",,,cet4-core source:ecdict cet4-all,21
at,æt,prep.,"prep. 在, 向, 对\n[计] 地址转换器, 异常传输, 自动订票",,,cet4-core source:ecdict cet4-all,22
but,bʌt,prep.,prep. 除了\nconj. 但是\nadv. 仅仅,,,cet4-core source:ecdict cet4-all,23
we,wi:,pron.,pron. 我们,,,cet4-core source:ecdict cet4-all,24
his,hiz,pron.,pron. 他的\n[化] 组氨酸,,,cet4-core source:ecdict cet4-all,25
from,frɒm,prep.,"prep. 从, 来自, 根据",,,cet4-core source:ecdict cet4-all,26
not,nɒt,adv.,"adv. 不, 非, 未\n[计] 非",,,cet4-core source:ecdict cet4-all,28
by,bai,prep.,"prep. 被, 经, 由, 在...之旁\nadv. 经过, 在近处",,,cet4-core source:ecdict cet4-all,30
she,ʃi:,pron.,pron. 她,,,cet4-core source:ecdict cet4-all,31
or,ɒ:,conj.,"conj. 或, 或者\n[计] 或",,,cet4-core source:ecdict cet4-all,32
as,æz,adv.,"adv. 同样地, 例如\nprep. 做为, 当作\nconj. 当...之时, 以...的方式, 像...一样, 因为\n[计] 高级系统, 先进系统, 辅助存储器, 自治系统",,,cet4-core source:ecdict cet4-all,33
what,hwɒt,pron.,"pron. 什么\ninterj. 怎么, 多么\na. 什么的\nadv. 到什么程度",,,cet4-core source:ecdict cet4-all,34
go,gou,vi.,"vi. 去, 走, 达到, 运转, 查阅, 消失, 结束, 放弃, 花费, 流传, 趋于, 打算, 剩下\nvt. 以...打赌, 对付, 忍受, 出产, 为被捕者出(保释金)\nn. 去, 尝试, 进行",,,cet4-core source:ecdict cet4-all family:going family:went family:gone family:goes,35
their,ðєә,pron.,pron. 他们的,,,cet4-core source:ecdict cet4-all,36
can,kæn,vt.,"vt. 装罐\nn. 罐头, 容器\naux. 能, 可以\n[计] 作废字符",,,cet4-core source:ecdict cet4-all family:cans family:could family:can,37
who,hu:,pron.,pron. 谁,,,cet4-core source:ecdict cet4-all,38
get,get,vt.,"vt. 得到, 获得, 变成, 使得, 收获, 接通, 抓住, 染上\nvi. 到达, 成为, 变得\nn. (网球等)救球, 生殖, 幼兽\n[计] 取得指令, 获取文件",,,cet4-core source:ecdict cet4-all family:got family:getting family:gets,39
if,if,conj.,"conj. 如果, 是否, 无论何时, 假设, 即使\nn. 条件\n[计] DOS批处理命令:根据所测试的条件决定是否执行另一条命令",,,cet4-core source:ecdict cet4-all,40
would,wud,aux.,"aux. 将, 愿意",,,cet4-core source:ecdict cet4-all,41
her,hә:,pron.,"pron. 她的, 她",,,cet4-core source:ecdict cet4-all family:hering,42
all,ɒ:l,adj.,"a. 所有的, 全部的, 一切的\nadv. 全部, 全然\npron. 全部\nn. 全部",,,cet4-core source:ecdict cet4-all,43
my,mai,pron.,pron. 我的\n[医] 迈尔(热容单位),,,cet4-core source:ecdict cet4-all,44
make,meik,vt.,"vt. 制造, 安排, 创造, 构成, 使得, 产生, 造成, 整理, 布置, 引起, 到达, 进行\nvi. 开始, 前进, 增大, 被制造, 被处理\nn. 制造, 构造, 性情",,,cet4-core source:ecdict cet4-all family:made family:making family:makes,45
about,ә'baut,prep.,"prep. 在...周围, 大约, 有关, 关于\nadv. 大约, 四处, 在附近, 周围",,,cet4-core source:ecdict cet4-all,46
know,nәu,v.,"v. 知道, 了解, 认识, 确信",,,cet4-core source:ecdict cet4-all family:knew family:known family:knows family:knowing,47
will,wil,n.,"n. 意志, 决心, 意愿, 意向, 干劲, 遗嘱\nvt. 用意志的力量驱使, 决意, 愿意, 立遗嘱\nvi. 下决心, 愿意\naux. 将, 愿意, 必须",,,cet4-core source:ecdict cet4-all family:willing family:willed family:wills,48
up,ʌp,adj.,"a. 向上的, 起床的, 涨的\nadv. 向上, 上涨\nprep. 在...上面, 向...的较高处",,,cet4-core source:ecdict cet4-all family:upped family:up family:upping family:ups,50
one,wʌn,n.,"n. 一(个)\npron. 一, 任何人\nnum. 一, 一个\na. 一致的, 完整的",,,cet4-core source:ecdict cet4-all family:ones,51
time,taim,n.,"n. 时间, 时侯, 时机, 时期, 期限, 次数, 节拍, 暂停, 规定时间\nvt. 测定...的时间, 记录...的时间, 计时, 定时\na. 时间的, 记时的, 定时的, 定期的, 分期的\n[计] DOS内部命令:用于显示或设定系统的时间",,,cet4-core source:ecdict cet4-all family:times family:timed family:timing,52
there,ðєә,adv.,adv. 在那里,,,cet4-core source:ecdict cet4-all,53
year,jiә,n.,"n. 年, 年度, 年龄\n[经] 年度",,,cet4-core source:ecdict cet4-all family:years,54
so,sәu,adv.,"adv. 如此, 如是, 如...那样\nconj. 所以, 因此\npron. 这样",,,cet4-core source:ecdict cet4-all,55
think,θiŋk,vt.,"vt. 想, 考虑, 想起, 想像, 打算, 认为\nvi. 思考, 料想\nn. 想法\na. 思想的",,,cet4-core source:ecdict cet4-all family:thought family:thinking family:thinks,56
when,hwen,conj.,"conj. 当...的时候\nadv. 何时, 什么时候\npron. 什么时侯\nn. 时间",,,cet4-core source:ecdict cet4-all,57
which,hwitʃ,pron.,"pron. 哪一个, 那一个",,,cet4-core source:ecdict cet4-all,58
them,ðem,pron.,"pron. 他们, 她们, 它们",,,cet4-core source:ecdict cet4-all family:thems,59
some,sʌm,pron.,"pron. 一些, 一部分, 若干\nadv. 大约\na. 一些的, 少许的, 某一的",,,cet4-core source:ecdict cet4-all,60
me,mi:,pron.,pron. 我,,,cet4-core source:ecdict cet4-all family:mes,61
people,'pi:pl,n.,"n. 人, 人民, 民族, 平民\nvt. 使住满人, 居住于",,,cet4-core source:ecdict cet4-all family:peoples family:peopling family:peopled,62
take,teik,vt.,"vt. 拿, 取, 抓, 带领, 获得, 就座, 接受, 吃, 吸引, 采取, 乘, 需要, 花费\nvi. 吃掉对方棋子, 抓住, 起作用, 依法获得财产\nn. 拿, 取, 收成, 奏效",,,cet4-core source:ecdict cet4-all family:took family:taken family:taking family:takes,63
out,aut,adj.,"a. 外面的, 熄灭的, 结束的\nadv. 在外, 熄灭, 出现\nprep. 出自, 离去, 向",,,cet4-core source:ecdict cet4-all family:outing family:outed family:outs,64
into,'intu:,prep.,"prep. 进入...之内, 朝..., 深入...之中, 成为...状况",,,cet4-core source:ecdict cet4-all,65
just,dʒʌst,adj.,"a. 正直的, 合理的, 正确的, 应得的\nadv. 刚刚, 正好, 仅仅",,,cet4-core source:ecdict cet4-all,66
see,si:,vt.,"vt. 看见, 查看, 参观, 游览, 理解, 知道, 同意\nvi. 看, 观看, 注意, 知道, 考虑\nn. 主教的职位",,,cet4-core source:ecdict cet4-all family:seen family:saw family:seeing family:sees,67
him,him,pron.,pron. 他,,,cet4-core source:ecdict cet4-all family:hims,68
your,juә,pron.,"pron. 你的, 你们的",,,cet4-core source:ecdict cet4-all,69
come,kʌm,vi.,"vi. 过来, 来, 到达, 出现, 开始\ninterj. 喂",,,cet4-core source:ecdict cet4-all family:came family:coming family:comes family:come family:d,70
could,kud,aux.,"aux. 可以, 能",,,cet4-core source:ecdict cet4-all,71
now,nau,adv.,"adv. 现在, 刚才, 目前\nn. 现在\na. 现在的\nconj. 由于",,,cet4-core source:ecdict cet4-all,72
than,ðæn,conj.,"conj. 比, 除...外\nprep. 比",,,cet4-core source:ecdict cet4-all,73
like,laik,adj.,"a. 相似的, 同样的\nvt. 喜欢, 愿意, 想\nvi. 喜欢, 希望\nn. 爱好, 同样的人(或物)\nprep. 象, 如同\nadv. 可能",,,cet4-core source:ecdict cet4-all family:liked family:likes family:liking,74
other,'ʌðә,adj.,"a. 其他的, 另外的, 从前的\npron. 其他的, 他人, 另外一个",,,cet4-core source:ecdict cet4-all family:others,75
how,hau,adv.,"adv. 如何, 怎样, 多少, 多么\nn. 方式",,,cet4-core source:ecdict cet4-all,76
then,ðen,adv.,"adv. 然后, 当时\nconj. 然后, 当时\nn. 那时",,,cet4-core source:ecdict cet4-all,77
its,its,pron.,pron. 它的,,,cet4-core source:ecdict cet4-all,78
our,'auә,pron.,pron. 我们的,,,cet4-core source:ecdict cet4-all,79
two,tu:,num.,"num. 二, 二个",,,cet4-core source:ecdict cet4-all,80
more,mɒ:,n.,"n. 更多\na. 多的, 程度较大的, 更大的\nadv. 多, 更多, 进一步\n[计] DOS外部命令:显示满屏后自动暂停, 并显示:""--More--"", 按任意键继续",,,cet4-core source:ecdict cet4-all,81
these,ði:z,pron.,pron. 这些,,,cet4-core source:ecdict cet4-all,82
want,wɒnt,n.,"n. 需要的东西, 缺乏, 贫困, 需要\nvt. 要, 希望, 应该, 缺少\nvi. 生活困苦, 需要, 缺少",,,cet4-core source:ecdict cet4-all family:wanted family:wants family:wanting,83
way,wei,n.,"n. 路, 路线, 路途, 方法, 道路, 情形, 规模, 习惯, 行业, 方面\nadv. 远远地, 非常",,,cet4-core source:ecdict cet4-all family:ways,84
look,luk,n.,"n. 一看, 神色, 样子, 面容\nvi. 看, 注意, 朝着, 显得\nvt. 打量, 看上去与...一样, 以眼色(或脸色)显示, 期待",,,cet4-core source:ecdict cet4-all family:looked family:looking family:looks,85
first,fә:st,adv.,"adv. 首先, 第一, 优先\na. 第一的\nnum. 第一\nn. 开始, 第一",,,cet4-core source:ecdict cet4-all,86
also,'ɒ:lsәu,adv.,"adv. 也, 并且, 同样地",,,cet4-core source:ecdict cet4-all,87
new,nju:,adj.,"a. 新的, 陌生的, 最近的, 不熟悉的\n[法] 新发现的, 新的, 重新开始的",,,cet4-core source:ecdict cet4-all family:newer family:newest,88
because,bi'kɒ:z,conj.,conj. 因为,,,cet4-core source:ecdict cet4-all,89
day,dei,n.,"n. 天, 日子, 白天, 工作日\n[医] 日(一昼夜), 昼, 白天",,,cet4-core source:ecdict cet4-all family:days,90
use,ju:s,n.,"n. 使用, 习惯, 使用价值, 用法, 使用权\nvt. 使用, 利用, 运用, 耗费\nvi. 惯常",,,cet4-core source:ecdict cet4-all family:used family:using family:uses,92
no,nәu,n.,"n. 不, 拒绝, 否决票\na. 没有, 不是, 绝非\nadv. 不",,,cet4-core source:ecdict cet4-all,93
man,mæn,n.,"n. 男人, 人类, 人\nvt. 为...配备人手, 操纵, 使振奋\n[计] 城域网, 手册",,,cet4-core source:ecdict cet4-all family:men family:manned family:manning family:mans,94
find,faind,vt.,"vt. 发现, 感到, 找到, 认为, 得到\nvi. 裁决\nn. 发现\n[计] 查找; DOS外部命令:在指定的文件或从键盘输入的文本行中\n寻找指定的字符串, 将符合条件的行或行数输出到标准输出设备上",,,cet4-core source:ecdict cet4-all family:found family:finding family:finds,95
here,hiә,adv.,"adv. 在这里, 此时, 这里\nn. 这里",,,cet4-core source:ecdict cet4-all,96
thing,θiŋ,n.,"n. 事物, 东西, 物, 用品, 事, 事件, 情况, 行为, 特征",,,cet4-core source:ecdict cet4-all family:things,97
give,giv,n.,"n. 弹性, 适应性\nvt. 给, 授予, 供给, 产生, 发表, 付出, 献出, 让出\nvi. 捐赠, 支持不住, 让步",,,cet4-core source:ecdict cet4-all family:given family:gave family:giving family:gives,98
many,'meni,n.,"n. 多数, 多数人\na. 许多的\npron. 许多",,,cet4-core source:ecdict cet4-all,99
well,wel,n.,"n. 井, 泉水, 源泉, 好\nv. 涌出\na. 健康的, 良好的, 适宜的, 恰当的\nadv. 很好地, 适当地, 好意地, 很, 完全\ninterj. 好啦",,,cet4-core source:ecdict cet4-all family:wells family:welling family:welled,100
only,'әunli,adj.,"a. 唯一的, 仅有的, 最佳的\nadv. 只有, 仅仅, 只能\nconj. 但是, 不过",,,cet4-core source:ecdict cet4-all,101
those,ðәuz,pron.,pron. 那些,,,cet4-core source:ecdict cet4-all,102
tell,tel,vt.,"vt. 告诉, 说, 吩咐, 断定, 知道\nvi. 讲述, 泄密, 告发, 表明",,,cet4-core source:ecdict cet4-all family:told family:telling family:tells,103
very,'veri,adj.,"a. 真正的, 恰好的, 十足的, 特有的\nadv. 非常, 完全",,,cet4-core source:ecdict cet4-all,105
even,'i:vәn,adj.,"a. 平坦的, 相等的, 连贯的, 均等的, 公平的, 偶数的, 平均的, 平衡的, 恰好的\nvt. 使平坦, 使相等\nvi. 变平, 成为相等\nadv. 甚至, 实际上, 完全, 十分\nn. 偶数, 偶校验\n[计] 偶数, 偶校验",,,cet4-core source:ecdict cet4-all family:evening family:evened family:evens,107
back,bæk,adj.,"a. 后面的\nvt. 使后退, 支持\nvi. 倒退, 背靠\nadv. 向后地\nn. 背部, 后面",,,cet4-core source:ecdict cet4-all family:backed family:backs family:backing,108
any,'eni,adj.,a. 任何的\npron. 任何,,,cet4-core source:ecdict cet4-all,109
good,gud,n.,"n. 善行, 好处, 利益\na. 好的, 优良的, 上等的, 愉快的, 有益的, 好心的, 慈善的, 虔诚的",,,cet4-core source:ecdict cet4-all family:best family:better,110
woman,'wumәn,n.,"n. 女人, 妇女, 女仆\na. 女用的, 女性的, 妇女的\nvt. 贬称...为女人, 使成女人腔",,,cet4-core source:ecdict cet4-all family:women,111
through,θru:,adv.,"adv. 穿越, 从头至尾, 到底, 因为\nprep. 经过, 穿过\na. 对穿的, 直达的, 完结的",,,cet4-core source:ecdict cet4-all,112
us,ʌs,pron.,pron. 我们\n[经] 美国,,,cet4-core source:ecdict cet4-all,113
life,laif,n.,"n. 生活, 生命, 人生, 世事, 生物, 寿命, 一生, 生命力, 灵魂, 无期徒刑\n[医] 生活, 生存, 生命, 寿命",,,cet4-core source:ecdict cet4-all family:lives,114
child,tʃaild,n.,"n. 孩子, 产物, 追随者\n[医] 儿童",,,cet4-core source:ecdict cet4-all family:children,115
work,wә:k,n.,"n. 工作, 劳动, 职业, 行为, 功, 作品, 成果, 产品, 工程\nvi. 工作, 劳动, 做, 运转, 起作用, 被加工\nvt. 使工作, 使转动, 开动, 使用, 经营, 使逐渐变得, 造成",,,cet4-core source:ecdict cet4-all family:working family:works family:worked,117
down,daun,adj.,"a. 向下的\nadv. 下, 下去, 降下\nprep. 往下, 沿着\nn. 丘陵, 软毛, 开阔的高地\n[计] 向下, 退下命令",,,cet4-core source:ecdict cet4-all family:downs family:downing family:downed,118
may,mei,n.,"n. 五月\naux. 愿能, 可以, 愿意",,,cet4-core source:ecdict cet4-all,119
after,'ɑ:ftә,prep.,"prep. 在...之后, 由于\nconj. 在...之后\nadv. 后来",,,cet4-core source:ecdict cet4-all,120
should,ʃud,aux.,"aux. 应该, 将要",,,cet4-core source:ecdict cet4-all,121
call,kɒ:l,n.,"n. 呼叫, 访问, 打电话, 号召, 召集, 要求\nvt. 呼叫, 召集, 打电话\nvi. 叫喊, 访问, 叫牌\n[计] 调用; 呼叫; DOS内部命令:在批处理文件中调用另一个批处理文件",,,cet4-core source:ecdict cet4-all family:called family:calling family:calls,122
world,wә:ld,n.,"n. 世界, 地球, 宇宙, 万物, 世人, 人间, 领域, 世事, 世故, 社会生活, 大量\n[法] 世界, 地球, 世人",,,cet4-core source:ecdict cet4-all family:worlds,123
over,'әuvә,adv.,"adv. 结束, 越过, 从头到尾\nprep. 在...之上, 遍于...之上, 越过\na. 上面的\nvt. 越过",,,cet4-core source:ecdict cet4-all family:overs,124
school,sku:l,n.,"n. 学校, 鱼群, 门派, 学派\nvt. 教育, 训练, 培养\nvi. 成群地游",,,cet4-core source:ecdict cet4-all family:schools family:schooling family:schooled,125
still,stil,n.,"n. 蒸馏室, 寂静, 剧照\nv. 蒸馏, (使)平静, (使)静止\na. 静止的, 不动的, 静寂的, 不起泡的, 静物摄影的\nadv. 仍然, 更, 静止地\nconj. 然而, 但是",,,cet4-core source:ecdict cet4-all family:stills family:stilling family:stilled,126
try,trai,n.,"n. 尝试, 试验, 审理, 审判\nvt. 试, 尝试, 试验, 考验, 审问, 提炼\nvi. 尝试, 试图",,,cet4-core source:ecdict cet4-all family:trying family:tried family:tries,127
last,lɑ:st,adj.,"a. 最后的, 末尾的, 最近的\nvi. 持续, 支持, 维持\nvt. 使维持, 够...用\nadv. 最后, 后来\nn. 最后, 末尾, 鞋楦头",,,cet4-core source:ecdict cet4-all family:lasted family:lasts family:lasting,130
ask,ɑ:sk,vi.,"vi. 问, 要求\nvt. 问, 要求, 邀请, 需要",,,cet4-core source:ecdict cet4-all family:asked family:asking family:asks,131
need,ni:d,n.,"n. 需要, 必须, 缺乏\nvt. 需要, 必需\nvi. 贫困, 有必要\naux. 需要",,,cet4-core source:ecdict cet4-all family:needs family:needed family:needing,132
too,tu:,adv.,"adv. 也, 非常, 太",,,cet4-core source:ecdict cet4-all,133
feel,fi:l,vt.,"vt. 感觉, 觉得, 触摸, 以为\nvi. 有知觉, 摸索, 同情\nn. 感觉, 觉得, 触摸",,,cet4-core source:ecdict cet4-all family:felt family:feeling family:feels,134
three,θri:,num.,"num. 三, 三个",,,cet4-core source:ecdict cet4-all,135
state,steit,n.,"n. 州, 状态, 情形, 国家, 政府, 领土, 国务, 社会地位\na. 国家的, 正式的, 礼仪用的, 州的\nvt. 说明, 陈述, 规定\n[计] 状态",,,cet4-core source:ecdict cet4 cet6 cet4-all family:states family:stated family:stating,137
never,'nevә,adv.,"adv. 从不, 决不, 不曾\n[法] 永不, 决不, 从来没有",,,cet4-core source:ecdict cet4-all,138
become,bi'kʌm,vi.,"vi. 变成, 变得\nvt. 适合",,,cet4-core source:ecdict cet4-all family:became family:become family:d family:becomes family:becoming,139
between,bi'twi:n,prep.,prep. 在...之间,,,cet4-core source:ecdict cet4-all,140
high,hai,n.,"n. 高度, 高处\na. 高的, 高级的, 主要的, 高尚的, 高原的, 高音的, 昂贵的, 傲慢的\nadv. 高度地, 奢侈地",,,cet4-core source:ecdict cet4-all family:higher family:highest family:highs,141
something,'sʌmθiŋ,pron.,"pron. 某事, 某物",,,cet4-core source:ecdict cet4-all,142
really,'riәli,adv.,"adv. 实际上, 真实地, 实在",,,cet4-core source:ecdict cet4-all,143
most,mәust,n.,"n. 最多, 最大\na. 大多数的, 几乎全部的, 最多的\nadv. 最, 最多, 极其",,,cet4-core source:ecdict cet4-all,144
another,ә'nʌðә,adj.,"a. 另外的, 再一的, 不同的\npron. 又一个, 另一个, 类似的另一个",,,cet4-core source:ecdict cet4-all,145
much,mʌtʃ,n.,"n. 大量, 许多, 重要的事\na. 很多的, 重要的\nadv. 多, 甚, 几乎",,,cet4-core source:ecdict cet4-all,146
family,'fæmәli,n.,"n. 家庭, 家人, 族\na. 家庭的",,,cet4-core source:ecdict cet4-all family:families,147
own,әun,n.,"n. 自己的\na. 自己的, 嫡亲的, 同胞的\nvt. 拥有, 支配, 自认, 承认, 顺从于\nvi. 承认, 供认",,,cet4-core source:ecdict cet4-all family:owned family:owns family:owning,148
leave,li:v,n.,"n. 许可, 告别, 请假, 休假\nvt. 离开, 剩下, 遗忘, 委托, 丢弃\nvi. 出发, 离开, 生叶",,,cet4-core source:ecdict cet4-all family:left family:leaving family:leaves,150
put,put,vt.,"vt. 放, 摆, 安置, 移动, 发射, 投掷, 写上, 表达, 使从事, 使受到, 驱使, 赋予\nvi. 出发, 航行, 发芽\nn. 掷, 股票出售权, 笨蛋\na. 固定不动的\n[计] 发送文件",,,cet4-core source:ecdict cet4-all family:put family:dp family:putting family:puts,151
old,әuld,n.,"n. 以前, 往昔\na. 老的, 旧的, 古老的, 年长的, 老练的",,,cet4-core source:ecdict cet4-all family:older family:oldest family:olds,152
while,hwail,n.,"n. 一会儿, (一段)时间\nconj. 当...的时候, 虽然\nvt. 消磨",,,cet4-core source:ecdict cet4-all,153
mean,mi:n,adj.,"a. 低劣的, 卑贱的, 简陋的, 吝啬的, 惭愧的, 平均的, 中间的, 普通的\nvt. 意谓, 想要, 意欲, 预定\nvi. 用意, 有意义\nn. 平均数, 中间, 中庸",,,cet4-core source:ecdict cet4-all family:means family:meant family:meaning,154
keep,ki:p,n.,"n. 生计, 维持, 保持\nvt. 保持, 保存, 遵守, 看守, 整理, 维持, 履行, 经营, 拘留, 记帐\nvi. 保持, 继续不断",,,cet4-core source:ecdict cet4-all family:kept family:keeping family:keeps,156
student,'stju:dnt,n.,"n. 学生, 研究者, 学者",,,cet4-core source:ecdict cet4-all family:students,157
why,hwai,adv.,"adv. 为什么\nn. 原因, 理由",,,cet4-core source:ecdict cet4-all,158
let,let,vt.,"vt. 让, 假设, 出租, 排放, 妨碍\nvi. 出租, 被承包\nn. 出租屋, 障碍",,,cet4-core source:ecdict cet4-all family:letting family:let family:dp family:lets,159
great,greit,adj.,"a. 大的, 非常的, 主要的, 重大的, 崇高的, 伟大的\nadv. 顺利地, 得意地\nn. 全部, 大人物, 大师",,,cet4-core source:ecdict cet4-all family:greater family:greatest family:greats,160
same,seim,adj.,"a. 相同的, 同样的\npron. 相同的人(或事物)\nadv. 同样地",,,cet4-core source:ecdict cet4-all,161
big,big,adj.,"a. 大的, 重要的\nadv. 大量地",,,cet4-core source:ecdict cet4-all family:biggest family:bigger,162
group,gru:p,n.,"n. 团体, 组, 团, 群\nv. 聚合, 成群\n[计] 创建组; 组, 用户组",,,cet4-core source:ecdict cet4-all family:groups family:grouped family:grouping,163
begin,bi'gin,v.,v. 开始\n[计] 开始,,,cet4-core source:ecdict cet4-all family:began family:beginning family:begun family:begins,164
seem,si:m,vi.,"vi. 象是, 似乎",,,cet4-core source:ecdict cet4-all family:seems family:seemed family:seeming,165
country,'kʌntri,n.,"n. 国家, 乡村, 地区, 故乡\na. 乡下的, 农村的\n[计] DOS外部命令:用于设定国家代码, 包括日期时间及货币格式",,,cet4-core source:ecdict cet4-all family:countries,166
help,help,n.,"n. 帮忙, 帮助者, 补救办法, 有益的东西\nvt. 帮助, 帮忙, 接济, 治疗, 款待\nvi. 有用, 救命, 招待\n[计] 帮助, 帮助程序; DOS外部命令: DOS命令的电子文件帮助程序",,,cet4-core source:ecdict cet4-all family:helped family:helping family:helps,167
talk,tɒ:k,n.,"n. 谈话, 交谈, 会谈, 讲话, 演讲, 空谈, 谣言, 方言, 语言\nvi. 讲话, 演讲, 说话, 谈话, 交流, 闲聊, 说闲话\nvt. 讲, 说, 讨论, 谈论\n[计] 对话类, 聊天",,,cet4-core source:ecdict cet4-all family:talking family:talks family:talked,168
where,hwєә,adv.,adv. 在哪里\npron. 哪里\nn. 地点,,,cet4-core source:ecdict cet4-all,169
turn,tә:n,n.,"n. 转弯, 转动, 旋转, 翻转, 一圈, 顺次, 改动, 变化, 性格, 特色, 形状, 转折\nvt. 使旋转, 转弯, 转动, 使转向, 驱赶, 阻挡, 兑换, 改写, 使作对, 绕过, 使流通\nvi. 转动, 转弯, 转向, 翻转, 回转, 改变, 转身, 变成, 变质, 晕眩, 易脱手",,,cet4-core source:ecdict cet4-all family:turned family:turning family:turns,170
problem,'prɒblәm,n.,"n. 问题, 难题\na. 成问题的, 难处理的",,,cet4-core source:ecdict cet4-all family:problems,171
every,'evri,adj.,"a. 每一, 所有的",,,cet4-core source:ecdict cet4-all,172
start,stɑ:t,n.,"n. 惊起, 出发, 开端, 起点, 吃惊, 有利条件\nvi. 开始, 出发, 启动, 跳起, 吃惊, 出现, 松动, 脱落, 起价, 参赛\nvt. 使惊起, 开动, 发动, 启动, 开始, 创办, 提议, 使松动, 使脱落, 起用\n[计] 起始",,,cet4-core source:ecdict cet4-all family:started family:starts family:starting,173
hand,hænd,n.,"n. 手, 爪, 指针, 掌握, 协助, 人手, 手艺, 手迹, 支配, 插手\nvt. 交给, 支持, 搀扶",,,cet4-core source:ecdict cet4-all family:hands family:handed family:handing,174
might,mait,n.,"n. 力量, 权力\naux. 可能, 也许",,,cet4-core source:ecdict cet4 cet4-all,175
american,ә'merikәn,n.,"n. 美国人\na. 美国的, 美洲的",,,cet4-core source:ecdict cet4-all family:americans,176
show,ʃәu,n.,"n. 显示, 表现, 展览, 卖弄, 炫耀, 外观, 演出, 洋相\nvt. 表示, 显示, 展现, 陈列, 演出, 表明, 指出, 带领\nvi. 露面, 显现, 演出\n[计] 显示",,,cet4-core source:ecdict cet4-all family:shown family:showed family:shows family:showing,177
part,pɑ:t,n.,"n. 部分, 局部, 零件, 要素, 等分, 职责, 角色, 部位\nvt. 分开, 分离, 断绝, 区别, 分配\nvi. 分开, 断裂, 分手\na. 部分的, 局部的\nadv. 部分地, 有些",,,cet4-core source:ecdict cet4 cet4-all family:parts family:parted family:parting,178
against,ә'geinst,prep.,"prep. 反对, 对着, 倚靠",,,cet4-core source:ecdict cet4 cet4-all,180
place,pleis,n.,"n. 地方, 地点, 位置, 住所, 座位, 地位, 处境, 特权, 空间, 余地, 职务, 位\nvt. 放置, 寄予, 认出, 评定, 任命\nvi. 名次列前",,,cet4-core source:ecdict cet4-all family:places family:placed family:placing,181
such,sʌtʃ,adj.,"a. 如此的, 这样的",,,cet4-core source:ecdict cet4-all,183
again,ә'gein,adv.,"adv. 再一次, 又, 到原处",,,cet4-core source:ecdict cet4-all,184
few,fju:,adj.,"a. 很少的, 不多的, 少数的\nn. 少数",,,cet4-core source:ecdict cet4-all,185
case,keis,n.,"n. 情形, 情况, 箱, 容器, 事实, 病例, 案例, 框子\nvt. 装箱, 包盖",,,cet4-core source:ecdict cet4-all family:cases family:casing family:cased,186
week,wi:k,n.,"n. 星期, 周",,,cet4-core source:ecdict cet4-all family:weeks,188
company,'kʌmpәni,n.,"n. 公司, 友伴, 交往, 连队, 朋友, 一群\nvt. 陪伴\nvi. 交往",,,cet4-core source:ecdict cet4-all family:companies family:companying family:companied,189
system,'sistәm,n.,"n. 系统, 体系, 制度, 方式, 秩序, 分类原则\n[计] 系统; 体制; 体系",,,cet4-core source:ecdict cet4 cet6 cet4-all family:systems,191
each,i:tʃ,adj.,"a. 每个, 每一\nadv. 每个\npron. 每个, 个人, 各自",,,cet4-core source:ecdict cet4-all,192
right,rait,n.,"n. 权利, 右边, 正义, 右派, 公正\na. 正确的, 对的, 恰当的, 正常的, 正直的, 正面的, 右方的\nadv. 正确地, 以有利结果, 一直, 直接, 向右\nvt. 扶直, 整理, 纠正, 伸冤, 使昭雪\nvi. 恢复平衡\n[计] 右, 权利",,,cet4-core source:ecdict cet4-all family:rights family:righting family:righted,193
program,'prәugræm,n.,"n. 节目, 节目单, 程序, 纲要, 大纲, 计划\nvt. 规划, 拟...计划\nvi. 安排节目, 编程序\n[计] 程序",,,cet4-core source:ecdict cet4 cet6 cet4-all family:programs family:programming family:programmed,194
hear,hiә,vt.,"vt. 听到, 倾听, 听说, 审理\nvi. 听见, 听",,,cet4-core source:ecdict cet4-all family:heard family:hearing family:hears,195
question,'kwestʃәn,n.,"n. 问题, 询问\nv. 询问, 审问, 怀疑\n[计] 询问",,,cet4-core source:ecdict cet4-all family:questions family:questioned family:questioning,197
during,'djuәriŋ,prep.,prep. 在...的时候,,,cet4-core source:ecdict cet4-all,198
play,plei,n.,"n. 游戏, 游玩, 玩笑, 运动, 比赛, 赌博, 跳动, 表演, 剧本\nv. 玩, 游戏, 假装, 开玩笑, 比赛, 扮演, 演奏, 演戏, 传摇曳, (使)跳动\n[计] 播放",,,cet4-core source:ecdict cet4-all family:playing family:played family:plays,200
government,'gʌvәnmәnt,n.,"n. 政府, 内阁\n[经] 政府, 政治, 政体",,,cet4-core source:ecdict cet4 cet6 cet4-all family:governments,201
run,rʌn,n.,"n. 跑, 赛跑, 奔跑, 奔跑的路程, 趋向, 流出, 运转时间, 连续\nvi. 跑, 奔跑, 跑步, 赛跑, 竞赛, 行驶, 运转, 进行, 蔓延\nvt. 使跑, 参赛, 追究, 驾驶, 开动, 管理, 经营, 使流出, 运行\na. 熔化的, 融化的, 浇铸的\nrun的过去式和过去分词\n[计] 运行",,,cet4-core source:ecdict cet4-all family:ran family:running family:run family:d family:runs,202
small,smɒ:l,adj.,"a. 小的, 少的, 小型的, 低微的, 小气的, 细微的\nadv. 些微地\nn. 狭小部分",,,cet4-core source:ecdict cet4-all family:smaller family:smallest,203
number,'nʌmbә,n.,"n. 数, 数字, 数目, 号码\nvt. 数, 计算, 共计\nvi. 计算, 报数\n[计] 数字",,,cet4-core source:ecdict cet4-all family:numbers family:numbered family:numbering family:numb family:r family:numbs,204
off,ɒf,adj.,"a. 关着的, 不再生效的, 处于...境况的, 休假的, 空闲的\nadv. 走开, ...掉, ...下, 休息, 出发, 隔断\nprep. 离开, 脱落, 不在从事......, 在...之外\nvi. 离开, 滚开\nvt. 杀死\nn. 关闭状态\n[计] 关闭, 清屏命令",,,cet4-core source:ecdict cet4-all family:offing family:offed family:offs,205
always,'ɒ:lweiz,adv.,"adv. 总是, 始终",,,cet4-core source:ecdict cet4-all,206
move,mu:v,n.,"n. 移动, 迁居, 步骤\nvt. 移动, 开动, 感动, 搬(家)\nvi. 移动, 离开, 运行, 迁移, 摇动, 搬家, 交往, 进展, 脱手\n[计] 移动; 传送; DOS外部命令:移动文件, 它可将文件移动到指定的地方",,,cet4-core source:ecdict cet4-all family:moving family:moved family:moves,207
night,nait,n.,"n. 夜, 夜晚, 晚上, 黑暗, 夜晚的工作\n[法] 夜, 黑夜, 黑暗",,,cet4-core source:ecdict cet4-all family:nights,209
live,liv.laiv,adj.,"a. 活的, 生动的, 精力充沛的, 实况转播的\nvi. 活, 生存, 居住\nvt. 过着, 度过, 经历\nadv. 实况地",,,cet4-core source:ecdict cet4-all family:lived family:living family:lives,210
point,pɒint,n.,"n. 点, 小数点, 标点, 地点, 要点, 特点, 尖端, 分数, 得分, 穴位\nvt. 弄尖, 强调, 指出, 加标点于, 瞄准\nvi. 指, 指向, 表明",,,cet4-core source:ecdict cet4 cet6 cet4-all family:points family:pointed family:pointing,211
believe,bi'li:v,v.,v. 相信,,,cet4-core source:ecdict cet4-all family:believed family:believes family:believing,212
hold,hәuld,n.,"n. 把握, 把持力, 柄, 控制, 掌握, 监禁\nvt. 保存, 握住, 拿住, 占据, 持有, 拥有\nvi. 支持, 持续, 有效\nn. 保留\n[计] 保留",,,cet4-core source:ecdict cet4-all family:held family:holding family:holds,213
today,tә'dei,n.,"n. 今天, 当今, 现在\nadv. 今天, 当今",,,cet4-core source:ecdict cet4-all family:todays,214
bring,briŋ,vt.,"vt. 带来, 产生, 促使, 提出\nvi. 生产",,,cet4-core source:ecdict cet4-all family:brought family:bringing family:brings,215
happen,'hæpәn,vi.,"vi. 发生, 发生, 恰巧",,,cet4-core source:ecdict cet4 cet4-all family:happened family:happens family:happening,216
next,'nekst,n.,"n. 下一个\na. 下一个的, 其次的, 贴近的\nadv. 然后, 下次, 次于\n[计] 近邻干扰",,,cet4-core source:ecdict cet4-all,217
without,wi'ðaut,prep.,"prep. 没有, 不, 在...之外\nadv. 在外面, 户外\nn. 外面, 外部",,,cet4-core source:ecdict cet4-all,218
before,bi'fɒ:,prep.,prep. 在...之前\nconj. 在...之前\nadv. 在前,,,cet4-core source:ecdict cet4-all,219
large,lɑ:dʒ,adj.,"a. 大的, 大量的, 宽大的, 广博的\nadv. 大大地, 夸大地",,,cet4-core source:ecdict cet4-all family:larger family:largest,220
million,'miljәn,n.,"n. 百万, 无数\nnum. 百万",,,cet4-core source:ecdict cet4-all,222
must,mʌst,n.,"n. 必须, 未发酵葡萄汁, 绝对必要的事物\naux. 必须",,,cet4-core source:ecdict cet4-all,223
home,hәum,n.,"n. 家, 避难所, 故乡\na. 家庭的, 国内的, 打中目标的\nadv. 在家, 在本国, 打中目标地\n[计] 返回始位",,,cet4-core source:ecdict cet4-all family:homes family:homing family:homed,224
under,'ʌndә,prep.,"prep. 在...之下, 低于\na. 下面的, 从属的\nadv. 在下面",,,cet4-core source:ecdict cet4-all,225
water,'wɒ:tә,n.,"n. 水, 雨水, 海水, 水位, 水面, 流水\nvt. 给...浇水, 供以水, 注入水, 使湿\nvi. 流泪, 流口水, 加水\na. 水的, 水上的, 水生的, 含水的",,,cet4-core source:ecdict cet4-all family:waters family:watered family:watering,226
room,ru:m,n.,"n. 房间, 空位, 场所\nvi. 住宿, 居住\nvt. 留宿",,,cet4-core source:ecdict cet4-all family:rooms family:rooming family:roomed,227
write,rait,vt.,"vt. 书写, 著述, 写, 写满, 写信给\nvi. 写, 写字, 写信, 写作, 作曲\n[计] 书写器",,,cet4-core source:ecdict cet4-all family:wrote family:written family:writing family:writes,228
mother,'mʌðә,n.,"n. 母亲, 修女院长\nvt. 产生, 照看, 收养",,,cet4-core source:ecdict cet4-all family:mothers family:mothering family:mothered,229
area,'єәriә,n.,"n. 区域, 面积, 范围, 空地\n[计] 区域",,,cet4-core source:ecdict cet4 cet4-all family:areas,230
national,'næʃәnәl,adj.,"a. 国家的, 国立的, 全国性的, 民族的\n[经] 全国性的, 国家的, 国民的",,,cet4-core source:ecdict cet4 cet6 cet4-all family:nationals,231
money,'mʌni,n.,"n. 金钱, 一笔款, 财富, 货币, 金额\n[经] 货币, 金钱, 财产",,,cet4-core source:ecdict cet4-all family:moneys,232
story,'stɒ:ri,n.,"n. 故事, 小说, 传奇, 描述, 阅历, 经历, 层",,,cet4-core source:ecdict cet4-all family:stories,233
young,jʌŋ,adj.,"a. 年轻的, 无经验的, 朝气蓬勃的\nn. 青年们, 幼小动物, 崽",,,cet4-core source:ecdict cet4-all family:younger family:youngest,234
fact,fækt,n.,"n. 事实, 真实性, 真相, 细节, 论据",,,cet4-core source:ecdict cet4 cet4-all family:facts,235
month,mʌnθ,n.,n. 月\n[经] 月,,,cet4-core source:ecdict cet4-all family:months,236
different,'difәrәnt,adj.,"a. 不同的\n[机] 差动, 微分的, 差速器",,,cet4-core source:ecdict cet4-all,237
lot,lɒt,n.,"n. 运气, 签, 抽签, 份额, 许多, 一堆\nvt. 划分\nvi. 抽签, 抓阄",,,cet4-core source:ecdict cet4-all family:lotting family:lotted family:lots,238
study,'stʌdi,n.,"n. 学习, 研究, 学科, 论文, 求学, 书房, 试作\nvt. 学习, 读书, 研究, 考虑, 计划\nvi. 学习, 思索",,,cet4-core source:ecdict cet4-all family:studies family:studying family:studied,240
book,buk,n.,"n. 书, 书籍, 帐簿, 名册, 工作簿\nv. 登记, 预订\n[计] 工作簿",,,cet4-core source:ecdict cet4-all family:books family:booked family:booking,241
eye,ai,n.,"n. 眼睛, 视力, 看\nvt. 看, 注视",,,cet4-core source:ecdict cet4-all family:eyes family:eyed family:eyeing,242
job,dʒɒb,n.,"n. 工作, 零活, 职业, 事情\nvi. 做零工, 打杂, 做股票经纪, 假公济私\nvt. 代客买卖, 批发, 承包, 欺骗\n[计] 作业",,,cet4-core source:ecdict cet4-all family:jobs family:jobbing family:jobbed,243
word,wә:d,n.,"n. 话, 消息, 词, 诺言, 命令\nvt. 用言辞表达\n[计] 字",,,cet4-core source:ecdict cet4-all family:words family:worded family:wording,244
though,ðәu,adv.,"adv. 然而, 可是\nconj. 虽然, 纵然",,,cet4-core source:ecdict cet4-all,245
business,'biznis,n.,"n. 生意, 事情, 业务, 商业, 商行, 职责\n[经] 企业, 商业, 营业",,,cet4-core source:ecdict cet4 cet6 cet4-all family:businesses,246
four,fɒ:,num.,"num. 四, 四个\n[机] 四冲程循环",,,cet4-core source:ecdict cet4-all,247
issue,'isju,n.,"n. 发行, 问题, 后果, 流出, 出口, 争端\nvi. 发行, 流出, 造成...结果, 传下\nvt. 使流出, 放出, 发行, 发布, 发给",,,cet4-core source:ecdict cet4 cet6 cet4-all cet6-core family:issues family:issued family:issuing,248
side,said,n.,"n. 旁边, 侧, 方面, 胁, 侧边, 血统\na. 旁的, 侧的, 次要的\nvt. 同意, 支持\nvi. 支持, 赞助",,,cet4-core source:ecdict cet4-all family:sides family:sided family:siding,249
kind,kaind,n.,"n. 种类, 性质, 方式\na. 亲切的, 仁慈的, 和蔼的",,,cet4-core source:ecdict cet4-all family:kinds family:kinder family:kindest,250
head,hed,n.,"n. 头, 头脑, 领袖, 脑袋, 最前的部分\nvt. 为首, 朝向, 前进, 用头顶\nvi. 朝特定方向行进, (作物)结穗\na. 头的, 在顶端的, 主要的\n[计] 磁头; 冲头",,,cet4-core source:ecdict cet4-all family:heads family:heading family:headed,251
far,fɑ:,adj.,"a. 远的, 久远的, 遥远的\nadv. 甚远地, 很, 到很深的程度, 到很远的距离",,,cet4-core source:ecdict cet4-all family:further family:furthest,252
black,blæk,n.,"n. 黑色, 黑颜料\na. 黑色的",,,cet4-core source:ecdict cet4-all family:blacks family:blacked family:blacker family:blackest family:blacking,253
long,lɒŋ,adj.,"a. 长的, 长久的, 冗长的, 做多头的\nvi. 渴望, 热望, 极想\nadv. 长久, 始终\nn. 长时间, 长信号, 长整型\n[计] 长, 长整型",,,cet4-core source:ecdict cet4-all family:longer family:longest family:longed family:longing family:longs,254
both,bәuθ,adj.,a. 两者的\nadv. 两者都\npron. 两者,,,cet4-core source:ecdict cet4-all,255
little,'litl,n.,"n. 一点点, 少许, 一会儿, 短时间\na. 小的, 很少的, 幼小的, 琐碎的, 短暂的, 矮小的\nadv. 很少, 稍微, 完全不",,,cet4-core source:ecdict cet4-all,256
house,haus,n.,"n. 房子, 住宅, 机构, 议院, 家族, 家庭\nvt. 给...房子住, 收藏\nvi. 住, 躲藏",,,cet4-core source:ecdict cet4-all family:houses family:housing family:housed,257
yes,jes,adv.,"adv. 是\nn. 是, 同意\nv. 同意",,,cet4-core source:ecdict cet4-all,258
since,sins,prep.,"prep. 自...以后, 自...以来\nadv. 自那时以后\nconj. 既然, 自...以后, 自...以来",,,cet4-core source:ecdict cet4-all,260
provide,prә'vaid,vt.,"vt. 提供, 供应, 规定, 预备\nvi. 作准备, 抚养, 规定",,,cet4-core source:ecdict cet4 cet6 cet4-all family:provided family:provides family:providing,262
service,'sә:vis,n.,"n. 服务, 贡献, 雇佣, 公职, 服役, 功劳, 仪式, 送达, 行政部门\nvt. 保养, 维修\na. 武装部队的, 服务性的, 仆人的, 耐用的\n[计] 服务, 业务",,,cet4-core source:ecdict cet4-all family:services family:serviced family:servicing,263
around,ә'raund,prep.,"prep. 包围, 在...周围, 四处\nadv. 兜着圈子, 在附近, 到处",,,cet4-core source:ecdict cet4-all,264
friend,frend,n.,"n. 朋友, 支持者, 赞助者\n[法] 朋友, 友人, 赞助者",,,cet4-core source:ecdict cet4-all family:friends,265
important,im'pɒ:tәnt,adj.,"a. 重要的, 有地位的, 大量的, 显要的, 自负的\n[计] 要点",,,cet4-core source:ecdict cet4-all,266
father,'fɑ:ðә,n.,"n. 父亲, 祖先, 长辈, 神父, 创始者\nvt. 当...的父亲, 保护, 创作, 发明, 培养",,,cet4-core source:ecdict cet4-all family:fathers family:fathered family:fathering,267
sit,sit,vi.,"vi. 坐, 就座, 坐落\nvt. 使就座, 骑\nn. 坐, 衣服合身",,,cet4-core source:ecdict cet4-all family:sat family:sitting family:sits,268
away,ә'wei,adv.,adv. 离去,,,cet4-core source:ecdict cet4-all,269
until,әn'til,prep.,"prep. 直到, 在...以前\nconj. 直到...时, 在...以前",,,cet4-core source:ecdict cet4-all,270
power,'pauә,n.,"n. 力, 体力, 力量, 势力, 动力, 权力, 强国, 乘方, 强度, 幂, 功率\nvt. 使...有力量, 供以动力, 激励\n[计] 乘幂; DOS外部命令:能控制许多电池电源计算机上的电源管理特性",,,cet4-core source:ecdict cet4 cet4-all family:powers family:powered family:powering,271
hour,auә,n.,"n. 小时, 钟头, 时间, ...点钟, 课时",,,cet4-core source:ecdict cet4-all family:hours,272
game,geim,n.,"n. 比赛, 玩耍, 比分, 得胜, 比赛规则, 策略, 游戏, 野味\nvi. 赌博\na. 勇敢的, 有胆量的, 关于野味的, 跛的\n[计] 博弈; 对策",,,cet4-core source:ecdict cet4-all family:games family:gaming family:gamed,273
often,'ɒ:fn,adv.,"adv. 时常, 常常",,,cet4-core source:ecdict cet4-all,274
yet,jet,adv.,"adv. 还, 尚, 仍然, 已经, 然而\nconj. 然而",,,cet4-core source:ecdict cet4-all,275
line,lain,n.,"n. 列, 线, 绳, 电线, 线路, 路线, 航线, 作业线, 界线, 战线, 外形, 排, 家系\nvt. 排成一行, 顺...排列, 划线于, 加衬里, 使有线条, 使起皱纹\nvi. 排队\n[计] 线路",,,cet4-core source:ecdict cet4 cet6 cet4-all family:lines family:lined family:lining,276
political,pә'litikl,adj.,"a. 政治的, 政治上的, 政党的, 从事政治的\n[法] 政治的, 政治上的, 党派政治的",,,cet4-core source:ecdict cet4 cet6 cet4-all,277
end,end,n.,"n. 结束, 终点, 目标, 末端, 梢, 死亡, 残余\nv. 结束, 终结, 终止\n[计] 端; 结束",,,cet4-core source:ecdict cet4-all family:ended family:ends family:ending,278
among,ә'mʌŋ,prep.,prep. 在...之中,,,cet4-core source:ecdict cet4-all,279
ever,'evә,adv.,"adv. 曾经, 究竟, 永远",,,cet4-core source:ecdict cet4-all,280
stand,stænd,n.,"n. 站立, 站住, 停顿, 讲台, 看台, 立场, 法院证人席\nvi. 站, 立, 坐落, 停滞, 位于, 坚持, 维持原状\nvt. 忍受, 使站立, 抵挡",,,cet4-core source:ecdict cet4-all family:stood family:standing family:stands,281
bad,bæd,adj.,a. 坏的\nn. 坏\nadv. 坏地,,,cet4-core source:ecdict cet4-all family:worse family:worst,282
lose,lu:z,vt.,"vt. 遗失, 损失, 丢失, 使失去, 错过, 浪费, 迷失, 使迷路, 输去, 使沉溺于\nvi. 受损失, 失败",,,cet4-core source:ecdict cet4 cet6 cet4-all family:lost family:losing family:loses,283
however,hau'evә,adv.,"adv. 然而, 无论如何, 究竟怎样\nconj. 然而, 可是",,,cet4-core source:ecdict cet4 cet4-all,284
member,'membә,n.,"n. 成员, 会员\n[医] │肢, 肢体",,,cet4-core source:ecdict cet4-all family:members,285
pay,pei,n.,"n. 薪资, 付款, 补偿\nvt. 支付, 付清, 补偿, 偿还, 对...有利, 为...涂防水物\nvi. 付款, 付出代价, 偿还, 得到报应, 获得好处",,,cet4-core source:ecdict cet4-all family:paid family:paying family:pays,286
law,lɒ:,n.,"n. 法律, 法则, 定律, 法律的制约, 法学, 司法界, 诉讼\nv. 起诉",,,cet4-core source:ecdict cet4 cet6 cet4-all family:laws,287
meet,mi:t,n.,"n. 会, 集会\na. 适宜的, 合适的\nvt. 遇见, 引见, 认识, 满足, 对付\nvi. 相遇, 接触",,,cet4-core source:ecdict cet4-all family:met family:meeting family:meets,288
car,kɑ:,n.,"n. 汽车, 客车\n[机] 车",,,cet4-core source:ecdict cet4-all family:cars,289
city,'siti,n.,"n. 城市, 市\n[法] 都市, 城市, 市",,,cet4-core source:ecdict cet4-all family:cities,290
almost,'ɒ:lmәust,adv.,"adv. 几乎, 差不多",,,cet4-core source:ecdict cet4-all,291
include,in'klu:d,vt.,"vt. 包括, 把...算入, 包住\n[计] DOS内部命令:在CONFIG.SYS文件的一个配置块中包含另一配置块的内容",,,cet4-core source:ecdict cet4 cet6 cet4-all family:includes family:included family:including,292
continue,kәn'tinju:,vi.,"vi. 继续, 延续, 延长\nvt. 使继续, 使延长",,,cet4-core source:ecdict cet4 cet6 cet4-all family:continued family:continues family:continuing,293
set,set,n.,"n. 日落, 同伙, 组合, 集合, 装置\nvt. 放, 安置, 放置, 设定, 使凝结, 点燃, 确定, 点缀, 使就位, 树立, 分配, 调整\nvi. 日落, 凝固, 定型, 搁住, 结果, 适合\na. 决心的, 规定的, 故意的, 持久的, 固定的, 老套的, 准备好的\n[计] 设置; DOS内部命令:改变或显示分配给环境变量的值",,,cet4-core source:ecdict cet4-all family:set family:dp family:setting family:sets,294
later,'leitә,adv.,"adv. 以后, 随后",,,cet4-core source:ecdict cet4 cet6 cet4-all family:late family:r,295
community,kә'mju:niti,n.,"n. 社区, 公众, 共有, 共同体\n[经] 公众, 共有, 社会",,,cet4-core source:ecdict cet4 cet6 cet4-all cet6-core family:communities,296
name,neim,n.,"n. 名字, 名称, 姓名, 名义, 名誉, 文件名\nvt. 命名, 称呼, 任命, 提名, 列举\na. 姓名的, 据以取名的\n[计] 名称, 文件名, 姓名",,,cet4-core source:ecdict cet4-all family:names family:named family:naming,298
five,faiv,num.,"num. 五, 五个",,,cet4-core source:ecdict cet4-all,299
once,wʌns,adv.,"adv. 一次, 曾经, 一旦\nconj. 一旦, 一经\nn. 一次\na. 从前的",,,cet4-core source:ecdict cet4-all,300
white,hwait,n.,"n. 白色, 洁白, 眼白, 白种人, 蛋白\na. 白色的, 纯洁的, 白种的, 苍白的, 空白的, 幸运的",,,cet4-core source:ecdict cet4-all family:whites family:whiter family:whiting family:whited,301
least,li:st,n.,"n. 最少, 最小, 最小限度\na. 最少的, 最小的\nadv. 最小, 最少",,,cet4-core source:ecdict cet4 cet6 cet4-all,302
president,'prezidәnt,n.,"n. 总统, 总裁, 董事长, (学院)院长, (大学)校长, 主管人, 主持人\n[经] 总经理, 董事长, 总裁",,,cet4-core source:ecdict cet4 cet6 cet4-all family:presidents,303
learn,lә:n,vt.,vt. 学习；认识到；得知,,,cet4-core source:ecdict cet4-all family:learned family:learning family:learns,304
real,'riәl,adj.,"a. 真的, 真实的, 实际的, 实在的, 不动(产)的, 实数的\nn. 实数, 现实\nadv. 真正地",,,cet4-core source:ecdict cet4 cet6 cet4-all,305
change,tʃeindʒ,n.,"n. 变化, 找回的零钱, 找头, 更换\nvt. 改变, 更换, 兑换",,,cet4-core source:ecdict cet4-all family:changes family:changed family:changing,306
team,ti:m,n.,"n. 队, 组\nvt. 把马(牛)套在同一辆车上, 把...编成一组\nvi. 驾驶卡车, 协作",,,cet4-core source:ecdict cet4 cet6 cet4-all family:teams family:teamed family:teaming,307
minute,'minit. mai'nju:t,n.,"n. 分, 分钟, 片刻, 备忘录, 笔记\nvt. 记录, 摘录, 测定时间\na. 微小的, 详细的",,,cet4-core source:ecdict cet4-all family:minutes,308
best,best,adj.,a. 最好的\nadv. 最好地\nn. 最好的人,,,cet4-core source:ecdict cet4-all family:good family:t family:best family:bests family:bested family:besting,309
several,'sevәrәl,adj.,"a. 几个的, 一些的, 各自的\npron. 几个",,,cet4-core source:ecdict cet4-all,310
idea,ai'diә,n.,"n. 主意, 办法, 理想, 思想, 概念, 意见\n[医] 观念, 思想",,,cet4-core source:ecdict cet4-all family:ideas,311
kid,kid,n.,"n. 小山羊, 小山羊肉, 小孩, 欺骗\na. 小山羊皮制的\nv. 哄骗, 嘲弄",,,cet4-core source:ecdict cet4 cet4-all family:kids family:kidding family:kidded,312
body,'bɒdi,n.,"n. 身体, 人, 尸体, 主要部分, 团体\nvt. 赋以形体\n[计] 体",,,cet4-core source:ecdict cet4-all family:bodies family:bodying family:bodied,313
information,.infә'meiʃәn,n.,"n. 消息, 知识, 通知, 情报, 信息, 问讯处, 起诉\n[计] 信息",,,cet4-core source:ecdict cet4-all,314
nothing,'nʌθiŋ,n.,"n. 无, 不关紧要之事, 零\nadv. 毫不, 决不\ninterj. 什么也没有, 无",,,cet4-core source:ecdict cet4-all,315
ago,ә'gәu,adv.,adv. 以前,,,cet4-core source:ecdict cet4-all,316
lead,li:d. led,n.,"n. 铅, 铅条, 领导, 超前量, 领引, 榜样, 主角, 导线\nvt. 引导, 带领, 领导, 指挥, 致使, 加铅于, 用铅包\nvi. 领导, 带头, 导致, 用测深锤测深, 被铅覆盖\na. 带头的, 最重要的",,,cet4-core source:ecdict cet4 cet4-all family:led family:leading family:leads family:lead family:d,318
social,'sәuʃәl,adj.,"a. 社会的, 群居的, 社交的\nn. 联欢会",,,cet4-core source:ecdict cet4 cet6 cet4-all,319
understand,.ʌndә'stænd,vt.,"vt. 理解, 了解, 领会, 听说, 懂\nvi. 懂得, 认为",,,cet4-core source:ecdict cet4-all family:understood family:understanding family:understands,320
whether,'hweðә,conj.,"conj. 是否, 不论\npron. 两个中的哪一个",,,cet4-core source:ecdict cet4-all,321
watch,wɒtʃ,n.,"n. 观察, 手表, 看守, 守护, 监视, 值班人\nvt. 看, 注视, 照顾, 看守, 守护, 监视\nvi. 观看, 注视, 守侯",,,cet4-core source:ecdict cet4-all family:watching family:watched family:watches,323
together,tә'geðә,adv.,"adv. 一起, 共同, 彼此",,,cet4-core source:ecdict cet4-all,324
follow,'fɒlәu,vt.,"vt. 跟随, 沿行, 遵循, 追求\nvi. 跟随, 接着\nn. 跟随, 追随",,,cet4-core source:ecdict cet4 cet6 cet4-all family:following family:followed family:follows,325
parent,'perәnt,n.,"n. 父母, 父母亲, 根源\n[法] 父亲, 母亲, 根源",,,cet4-core source:ecdict cet4-all family:parents,327
stop,stɒp,n.,"n. 停止, 车站, 逗留, 填塞, 障碍, (风琴的)音栓\nvi. 停止, 被塞住\nvt. 塞住, 堵塞, 阻止, 击落, 停止, 终止, 断绝",,,cet4-core source:ecdict cet4-all family:stopped family:stopping family:stops,329
face,feis,n.,"n. 脸, 面容, 正面, 外观\nvt. 面对, 朝, 正视, 面临\nvi. 朝, 向\n[计] 现场可改变的控制元件",,,cet4-core source:ecdict cet4-all family:facing family:faces family:faced,330
anything,'eniθiŋ,pron.,pron. 任何事,,,cet4-core source:ecdict cet4-all,331
create,kri:'eit,vt.,"vt. 创造, 建造, 引起, 任命",,,cet4-core source:ecdict cet4 cet6 cet4-all family:created family:creating family:creates,332
public,'pʌblik,n.,"n. 公众, 民众\na. 公众的, 公共的, 公立的, 公用的",,,cet4-core source:ecdict cet4 cet6 cet4-all,333
already,ɒ:l'redi,adv.,"adv. 已经, 早已",,,cet4-core source:ecdict cet4-all,334
speak,spi:k,vi.,"vi. 说, 说话, 演说, 发言\nvt. 说, 讲, 说出",,,cet4-core source:ecdict cet4-all family:spoke family:speaking family:spoken family:speaks,335
read,ri:d,v.,"v. 读, 阅读, 理解\na. 有学问的\nn. 读取, 阅读\n[计] 读取",,,cet4-core source:ecdict cet4-all family:read family:dp family:reading family:reads,337
level,'levl,n.,"n. 水平, 水准, 平地\na. 同高的, 平坦的, 齐平的, 水平的\nvt. 弄平, 夷平, 使同等, 瞄准, 对准\nvi. 变平, 拉平\n[计] 级别",,,cet4-core source:ecdict cet4 cet6 cet4-all family:levels family:levelled family:levelling,338
allow,ә'lau,vt.,"vt. 允许, 同意给予, 承认\nvi. 容许, 猜想\n[计] 允许命令",,,cet4-core source:ecdict cet4 cet4-all family:allowed family:allowing family:allows,339
add,æd,vt.,"vt. 增加, 添加, 附带说明, 计算...总和\nvi. 做加法, 积累而成, 增添\n[计] 加法",,,cet4-core source:ecdict cet4 cet4-all family:added family:adding family:adds,340
office,'ɒfis,n.,"n. 办公室, 部, 公职, 职责\n[化] 办公室",,,cet4-core source:ecdict cet4-all family:offices,341
spend,spend,vt.,"vt. 花费, 浪费, 度过, 消耗, 消磨\nvi. 花费, 用尽",,,cet4-core source:ecdict cet4-all family:spent family:spending family:spends,342
door,dɒ:,n.,n. 门,,,cet4-core source:ecdict cet4-all family:doors,343
health,'helθ,n.,"n. 健康, 卫生, 蓬勃, 健康状态\n[医] 健康",,,cet4-core source:ecdict cet4-all,344
person,'pә:sn,n.,"n. 人, 人身, 人称\n[法] 人, 法人, 人身",,,cet4-core source:ecdict cet4-all family:persons,345
art,ɑ:t,n.,"n. 艺术, 人文科学, 技术, 巧妙, 诡计, 美术\n[计] 实际保持时间, 特许权和资源表, 平均检索时间, 平均运行时间",,,cet4-core source:ecdict cet4 cet4-all family:arts,346
sure,ʃuә,adj.,"a. 确信, 必然的, 必定的\nadv. 当然, 确实地, 无疑地",,,cet4-core source:ecdict cet4-all family:surest family:surer,347
war,wɒ:,n.,"n. 战争, 战争状态, 战术, 军事, 冲突, 斗争, 竞争\nvi. 进行战争, 作战, 打仗, 战斗\na. 战争的, 战时用的",,,cet4-core source:ecdict cet4 cet6 cet4-all family:wars family:warring family:warred,349
history,'histәri,n.,"n. 历史, 过去, 经历, 发展过程, 历史学, 过去的事, 历史记录\n[计] 历史记录",,,cet4-core source:ecdict cet4 cet6 cet4-all family:histories,350
party,'pɑ:ti,n.,"n. 宴会, 党, 政党, 团体, 当事人, 聚会\nv. 举办聚会",,,cet4-core source:ecdict cet4-all family:parties family:partying family:partied,351
within,wi'ðin,n.,"n. 内部, 里头\nadv. 在内部, 在内心里\nprep. 在...之内",,,cet4-core source:ecdict cet4 cet6 cet4-all,352
grow,grәu,vt.,"vt. 种植, 使长满\nvi. 生长, 变成, 发展",,,cet4-core source:ecdict cet4-all family:grew family:grown family:growing family:grows,353
result,ri'zʌlt,n.,"n. 结果, 成绩, 答案\nvi. 产生, 结果, 致使\n[计] 结果",,,cet4-core source:ecdict cet4 cet6 cet4-all family:results family:resulted family:resulting,354
open,'әupәn,n.,"n. 公开, 户外, 空旷\na. 开着的, 开放的, 开阔的, 营业着的, 公开的, 悬而未决的\nvt. 打开, 公开, 开放\nvi. 展开, 开始, 展现\n[计] 打开指令; 打开语句",,,cet4-core source:ecdict cet4-all family:opened family:opening family:opens,355
morning,'mɒ:niŋ,n.,"n. 早晨, 早上, 初期",,,cet4-core source:ecdict cet4-all family:mornings,357
walk,wɒ:k,n.,"n. 走, 散步, 步行, 行走的路程, 竞走, 散步场所\nvi. 走路, 步行, 处世\nvt. 走过, 遛, 使走, 护送...走",,,cet4-core source:ecdict cet4-all family:walked family:walking family:walks,358
reason,'ri:zn,n.,"n. 理由, 原因, 理智, 道理, 前提, 理性\nvt. 说服, 推论, 辩论\nvi. 推论, 劝说, 思考",,,cet4-core source:ecdict cet4-all family:reasons family:reasoned family:reasoning,359
low,lәu,n.,"n. 低点, 低价, 低, 牛叫声\na. 低的, 消沉的, 低等的, 浅的, 卑贱的\nadv. 低下地, 谦卑地, 低\nvi. 牛叫",,,cet4-core source:ecdict cet4-all family:lower family:lowest family:lows family:lowed family:lowing,360
win,win,vt.,"vt. 赢得, 打胜, 成功\nvi. 获胜, 达到, 影响\nn. 胜利, 赢, 收益",,,cet4-core source:ecdict cet4 cet6 cet4-all family:won family:winning family:wins,361
research,ri'sә:tʃ,n.,"n. 研究, 调查, 考察\nvi. 研究, 调查",,,cet4-core source:ecdict cet4 cet6 cet4-all family:researching family:researched family:researches,362
girl,gә:l,n.,"n. 女孩, 少女, 女佣",,,cet4-core source:ecdict cet4-all family:girls,363
early,'ә:li,adj.,"a. 早的, 早熟的\nadv. 很早, 初",,,cet4-core source:ecdict cet4-all family:earlier family:earliest,365
food,fu:d,n.,"n. 食物, 养料\n[医] 食物, 食品",,,cet4-core source:ecdict cet4-all family:foods,366
himself,him'self,pron.,"pron. 他自己, 他亲自",,,cet4-core source:ecdict cet4-all,367
moment,'mәumәnt,n.,"n. 片刻, 瞬间, 重要, 阶段, 力矩\n[医] 片刻, 瞬间, 时机, 因素, 矩",,,cet4-core source:ecdict cet4-all family:moments,369
air,єә,n.,"n. 空气, 旋律, 态度\nvt. 晾, 使通风, 夸耀",,,cet4-core source:ecdict cet4-all family:aired family:airs family:airing,370
teacher,'ti:tʃә,n.,"n. 教师, 老师, 导师",,,cet4-core source:ecdict cet4-all family:teachers,371
force,fɒ:s,n.,"n. 力量, 武力, 势力, 影响力, 军队, 力, 效力\nvt. 强迫, 强夺, 推动, 提高\n[计] 人工转移; 强制",,,cet4-core source:ecdict cet4 cet6 cet4-all cet6-core family:forces family:forced family:forcing,372
offer,'ɒfә,n.,"n. 给予(物), 出价, 提议, 意图, 报价\nvt. 提供, 出价, 奉献, 试图, 使出现, 演出\nvi. 出现, 献祭, 提议, 求婚",,,cet4-core source:ecdict cet4 cet6 cet4-all family:offered family:offers family:offering,373
enough,i'nʌf,n.,"n. 充足, 够, 很多\na. 充足的, 足够\nadv. 足够\ninterj. 够了",,,cet4-core source:ecdict cet4-all,374
education,.edju'keiʃәn,n.,"n. 教育, 训练, 教育学\n[医] 教育, 训练",,,cet4-core source:ecdict cet4 cet4-all,376
across,ә'krɒs,prep.,"prep. 越过, 穿过, 与...相交叉, 在...的对面\nadv. 交叉, 到另一边, 在对面, 成十字",,,cet4-core source:ecdict cet4-all,377
although,ɒ:l'ðou,conj.,"conj. 虽然, 尽管",,,cet4-core source:ecdict cet4 cet4-all,378
remember,ri'membә,vt.,"vt. 记得, 回忆起, 记住, 铭记, 纪念\nvi. 记得",,,cet4-core source:ecdict cet4-all family:remembered family:remembering family:remembers,379
foot,fut,n.,"n. 脚, 步调, 英尺, 底部, 末尾, 步兵\nvt. 走在...上, 给...换底, 支付\nvi. 跳舞, 步行, 总计",,,cet4-core source:ecdict cet4-all family:feet family:footing family:footed family:foots,380
second,'sekәnd,n.,"n. 秒, 瞬间, 第二名, 支持者, 助手\na. 第二的, 其次的, 次要的, 附加的, 辅助的\nnum. 第二\nvt. 当...助手, 支持",,,cet4-core source:ecdict cet4-all family:seconds family:seconded family:seconding,381
boy,bɒi,n.,"n. 男孩\n[法] 男孩, 少年, 儿子",,,cet4-core source:ecdict cet4-all family:boys,382
maybe,'meibi:,adv.,"adv. 也许, 大概\nn. 可能性",,,cet4-core source:ecdict cet4-all,383
toward,tә'wɒ:d,prep.,"prep. 向, 对于, 为了\na. 即将来临的, 进行中的",,,cet4-core source:ecdict cet4 cet4-all,384
able,'eibl,adj.,"a. 能干的, 能够的",,,cet4-core source:ecdict cet4-all,385
age,eidʒ,n.,"n. 年龄, 老年, 成年, 寿命, 时代, 时期\nv. 变老, 成熟",,,cet4-core source:ecdict cet4-all family:ages family:aged family:ageing,386
policy,'pɒlisi,n.,"n. 政策, 方针, 策略, 保险单\n[医] 凭单, 保险单",,,cet4-core source:ecdict cet4 cet6 cet4-all family:policies,388
everything,'evriθiŋ,pron.,"pron. 每件事物, 所有事物",,,cet4-core source:ecdict cet4-all,389
love,lʌv,n.,"n. 爱, 恋爱, 爱情, 爱好, 性爱\nvt. 爱, 爱好, 爱慕\nvi. 爱",,,cet4-core source:ecdict cet4-all family:loved family:loves family:loving,390
process,'prɒses,n.,"n. 程序, 进行, 过程\nvt. 加工, 使...接受处理, 对...处置, 对...起诉\na. 经加工的, 有特殊光效的\n[计] 进程",,,cet4-core source:ecdict cet4 cet6 cet4-all cet6-core family:processes family:processed family:processing,391
music,'mju:zik,n.,"n. 音乐, 乐曲",,,cet4-core source:ecdict cet4-all family:musics,392
consider,kәn'sidŋ,v.,"v. 考虑, 思考, 认为",,,cet4-core source:ecdict cet4 cet6 cet4-all family:considered family:considering family:considers,394
appear,ә'piә,vi.,"vi. 出现, 显得, 来到\n[法] 出庭, 到案, 出现",,,cet4-core source:ecdict cet4 cet4-all family:appeared family:appears family:appearing,395
actually,'æktʃuәli,adv.,"adv. 事实上, 竟然, 如今, 现在",,,cet4-core source:ecdict cet4 cet6 cet4-all,396
buy,bai,vt.,"vt. 买, 获得\nvi. 买\nn. 购买, 买得的东西",,,cet4-core source:ecdict cet4-all family:bought family:buying family:buys,397
probably,'prɒbәbli,adv.,"adv. 大概, 或许",,,cet4-core source:ecdict cet4 cet6 cet4-all,398
human,'hju:mәn,n.,"n. 人, 人类\na. 人类的, 似人类的, 人性的, 有同情心的",,,cet4-core source:ecdict cet4 cet4-all family:humans,399
wait,weit,n.,"n. 等待, 等候\nvt. 等候, 期待, 延缓, 伺候, 推迟\nvi. 等, 等候, 耽搁, 伺候用餐\n[计] 等待",,,cet4-core source:ecdict cet4-all family:waiting family:waited family:waits,400
serve,sә:v,vt.,"vt. 可作...用, 服务, 经历, 招待, 供应, 送交, 对待\nvi. 服务, 服役, 侍应, 适合, 有用, 开球\nn. 发球, 轮到发球",,,cet4-core source:ecdict cet4-all family:served family:serving family:serves,401
market,'mɑ:kit,n.,"n. 市场, 交易, 集市, 推销地区, 行情, 市面, 销路\nvt. 在市场上交易, 使上市, 销售\nvi. 在市场上买卖",,,cet4-core source:ecdict cet4-all family:markets family:marketed family:marketing,402
die,dai,vi.,"vi. 死亡, 消逝, 平息, 熄灭, 漠然, 渴望\nvt. 死\nn. 骰子, 冲模",,,cet4-core source:ecdict cet4-all family:died family:dying family:dies,403
send,send,vt.,"vt. 发送, 使进入, 寄, 派遣, 发射, 使陷于\nvi. 寄信, 派人, 播送\nn. (船的)上升运动\n[计] 发送",,,cet4-core source:ecdict cet4-all family:sent family:sending family:sends,404
expect,iks'pekt,vt.,"vt. 预期, 盼望, 期待",,,cet4-core source:ecdict cet4-all family:expected family:expecting family:expects,405
sense,sens,n.,"n. 感应, 感觉, 感官, 意识, 观念, 情理, 知觉, 理智\nvt. 感觉, 觉察, 检测\n[计] 阅读; 检测",,,cet4-core source:ecdict cet4 cet6 cet4-all family:senses family:sensed family:sensing,407
build,bild,v.,"v. 建立, 建筑\nn. 构造, 体格",,,cet4-core source:ecdict cet4-all family:built family:building family:builds,408
stay,stei,n.,"n. 停留, 逗留, 制止, 延缓, 停止, 支柱, 支撑物, 支索\nvt. 制止, 延缓, 坚持, 支持, 支撑, 用支索固定\nvi. 停留, 逗留, 暂停, 坚持, 中止",,,cet4-core source:ecdict cet4-all family:stayed family:staying family:stays,409
fall,fɒ:l,n.,"n. 落下, 瀑布, 采伐量, 下降, 落差, 降低, 堕落, 秋天\nvi. 倒下, 落下, 来临, 失守, 阵亡, 下跌, 减弱, 倾斜, 垮台, 轮到, 变成, 降低\na. 秋天的",,,cet4-core source:ecdict cet4-all family:fell family:fallen family:falling family:falls,410
oh,әu,interj.,interj. (表示惊讶、恐怖、赞叹)哦,,,cet4-core source:ecdict cet4-all,411
nation,'neiʃәn,n.,"n. 国家, 民族\n[法] 民族, 国家",,,cet4-core source:ecdict cet4 cet6 cet4-all family:nations,412
plan,plæn,n.,"n. 计划, 方案, 策略, 方法, 进度表, 程序表, 平面图, 设计图, 轮廓, 示意图\nvt. 计划, 设计, 意欲\nvi. 订计划",,,cet4-core source:ecdict cet4-all family:plans family:planning family:planned,413
cut,kʌt,n.,"n. 切口, 割伤, 降低, 切, 割, 砍, 削, 伤口, 削减, 缩短, 删节, 通路\na. 经切割的, 缩减的\nvt. 切, 割, 减少, 刺痛, 开辟, 雕刻, 删节, 缩短, 停止, 排斥, 切断, 关, 显出\nvi. 切, 割, 砍, 刺痛, 相交, 抄近路, 剪辑\n[计] 剪切",,,cet4-core source:ecdict cet4-all family:cut family:dp family:cuts family:cutting,414
college,'kɒlidʒ,n.,"n. 学院, 大学, 学会",,,cet4-core source:ecdict cet4-all family:colleges,415
interest,'intrist,n.,"n. 兴趣, 嗜好, 利息, 利益, 爱好, 趣味, 势力\nvt. 使感兴趣, 与...有关系",,,cet4-core source:ecdict cet4 cet6 cet4-all family:interests family:interested family:interesting,416
death,deθ,n.,n. 死亡\n[医] 死亡,,,cet4-core source:ecdict cet4 cet4-all family:deaths,417
course,kɒ:s,n.,"n. 课程, 路线, 过程, 一道菜, 道路\nv. 追, (使)跑",,,cet4-core source:ecdict cet4 cet6 cet4-all family:courses family:coursing family:coursed,418
someone,'sʌmwʌn,pron.,"pron. 有人, 某人",,,cet4-core source:ecdict cet4-all,419
experience,ik'spiәriәns,n.,"n. 经历, 经验, 体验\nvt. 经历, 经验, 体验",,,cet4-core source:ecdict cet4 cet6 cet4-all family:experiences family:experienced family:experiencing,420
behind,bi'haind,adv.,adv. 在后地\nprep. 在...背后,,,cet4-core source:ecdict cet4-all,421
reach,ri:tʃ,n.,"n. 伸出, 延伸, 区域, 范围, 流域, 岬\nvt. 到达, 达到, 伸出, 延伸, 影响\nvi. 达到, 延伸, 伸出手, 传到",,,cet4-core source:ecdict cet4 cet6 cet4-all family:reached family:reaching family:reaches,422
local,'lәukәl,adj.,"a. 地方性的, 当地的, 局部的, 乡土的, 本地的\nn. 当地居民, 本地新闻, 局部\n[计] 本地的; 局部",,,cet4-core source:ecdict cet4 cet6 cet4-all family:locals,423
six,siks,num.,"num. 六, 六个",,,cet4-core source:ecdict cet4-all,424
kill,kil,n.,"n. 杀, 杀戮, 小河\nvt. 杀, 破坏, 消灭, 使终止, 抵消, 否决\nvi. 杀死\n[计] 删除",,,cet4-core source:ecdict cet4 cet4-all family:killed family:killing family:kills,425
remain,ri'mein,vi.,"vi. 保持, 逗留, 剩余\n[法] 停留, 居住, 继续",,,cet4-core source:ecdict cet4 cet6 cet4-all cet6-core family:remains family:remained family:remaining,426
effect,i'fekt,n.,"n. 结果, 影响, 效果, 印象\nvt. 实行, 引起, 完成\n[计] 效果",,,cet4-core source:ecdict cet4 cet6 cet4-all family:effects family:effected family:effecting,427
suggest,sәg'dʒest,vt.,"vt. 提议, 建议, 促成, 暗示, 启发, 使人想起\n[法] 建议, 提出, 提议",,,cet4-core source:ecdict cet4-all family:suggests family:suggested family:suggesting,430
class,klɑ:s,n.,"n. 班级, 阶级, 种类, 课\nvt. 分类\n[计] 类别; 类; 种类; 类程",,,cet4-core source:ecdict cet4-all family:classes family:classed family:classing,431
control,kәn'trәul,n.,"n. 控制, 管理, 克制, 控制器, 操纵装置\nvt. 控制, 操纵, 抑制\n[计] 控制; 控制器",,,cet4-core source:ecdict cet4 cet4-all family:controls family:controlled family:controlling,432
raise,reiz,n.,"n. 上升, 高地, 增高\nvt. 升起, 举起, 唤起, 提高, 使出现, 使复活, 提出, 筹集, 饲养",,,cet4-core source:ecdict cet4-all family:raised family:raising family:raises,433
care,kєә,n.,"n. 小心, 照料, 忧虑\nvi. 关心, 介意\nvt. 在意, 喜欢",,,cet4-core source:ecdict cet4-all family:cared family:cares family:caring,434
perhaps,pә'hæps,adv.,"adv. 也许, 大概",,,cet4-core source:ecdict cet4 cet6 cet4-all,435
late,leit,adj.,"a. 迟的, 晚的, 已故的\nadv. 很晚, 很迟, 晚",,,cet4-core source:ecdict cet4-all family:later family:latest,437
hard,hɑ:d,adj.,"a. 坚硬的, 硬的, 难的, 艰苦的, 困难的, 坚固的, 猛烈的, 艰难的, 结实的, 确实的\nadv. 坚硬地, 努力地, 辛苦地, 接近地, 猛烈地, 牢固地",,,cet4-core source:ecdict cet4-all family:harder family:hardest,438
field,fi:ld,n.,"n. 领域, 田地, 场地, 战场, 场, 域\nvt. 使...晒在场上, 使上场\na. 田间的, 野生的, 野外的, 田赛的\n[计] 域, 字段",,,cet4-core source:ecdict cet4-all family:fields family:fielding family:fielded,439
else,els,adj.,"a. 别的, 其他的\nadv. 另外, 否则, 不然",,,cet4-core source:ecdict cet4-all,440
pass,pæs,n.,"n. 经过, 要隘, 途径, 通行, 护照, 及格\nvt. 经过, 越过, 通过, 批准, 度过, 传递, 忽略\nvi. 经过, 变化, 流通, 及格, 宣判, 终止, 消逝, 被忽略, 不叫牌, 传递\n[计] 遍",,,cet4-core source:ecdict cet4-all family:passed family:passing family:passes,441
former,'fɒ:mә,adj.,"a. 从前的, 前者的\nn. 起形成作用的人(或物), 模型, 样板",,,cet4-core source:ecdict cet4 cet4-all family:formers,442
sell,sel,vt.,"vt. 卖, 背叛, 销售, 出卖\nvi. 卖, 销售\nn. 卖, 推销术, 失望",,,cet4-core source:ecdict cet4-all family:sold family:selling family:sells,443
major,'meidʒә,n.,"n. 主修课, 成年人, 陆军少校\na. 主要的, 较多的, 大部分的, 成年的, 严重的\nvi. 主修\n[计] 主要, 主要刻度",,,cet4-core source:ecdict cet4 cet6 cet4-all family:majors family:majoring family:majored,444
sometimes,'sʌmtaimz,adv.,"adv. 有时, 时常, 往往",,,cet4-core source:ecdict cet4-all,445
require,ri'kwaiә,vt.,"vt. 需要, 命令, 要求\n[法] 需要, 要求, 命令",,,cet4-core source:ecdict cet4 cet6 cet4-all family:required family:requires family:requiring,446
along,ә'lɒŋ,adv.,"adv. 平行地, 向前\nprep. 沿着",,,cet4-core source:ecdict cet4-all,447
development,di'velәpmәnt,n.,n. 发展\n[化] 展开,,,cet4-core source:ecdict cet4-all family:developments,448
themselves,ðәm'selvz,pron.,"pron. 他们自己, 她们自己, 它们自己",,,cet4-core source:ecdict cet4-all,449
report,ri'pɒ:t,n.,"n. 报告, 报道, 传说, 案情报告, 爆炸声, 成绩单\nvt. 报告, 汇报, 转述, 报道, 揭发, 使报到\nvi. 报告, 写报道, 报到\n[计] 报告",,,cet4-core source:ecdict cet4-all family:reported family:reports family:reporting,450
role,rәul,n.,"n. 角色, 职责, 任务\n[医] 作用, 功用",,,cet4-core source:ecdict cet4 cet6 cet4-all family:roles,451
better,'betә,adj.,a. 较好的\nadv. 比较好,,,cet4-core source:ecdict cet4-all family:good family:r family:bettered family:betters family:bettering,452
economic,.i:kә'nɒmik,adj.,"a. 经济上的, 实用的, 节省的\n[经] 经济的",,,cet4-core source:ecdict cet4 cet6 cet4-all cet6-core,453
effort,'efәt,n.,"n. 努力, 成就",,,cet4-core source:ecdict cet4 cet6 cet4-all family:efforts,454
decide,di'said,v.,"v. 决定, 判决",,,cet4-core source:ecdict cet4-all family:decided family:deciding family:decides,456
rate,reit,n.,"n. 比率, 率, 速度, 价格, 费用, 等级\nvt. 估价, 认为, 鉴定等级, 责骂\nvi. 被评价, 责骂",,,cet4-core source:ecdict cet4 cet6 cet4-all family:rates family:rated family:rating,457
strong,strɒŋ,adj.,"a. 强壮的, 坚固的, 坚强的, 强烈的, 有力的, 优良的\nadv. 强劲地, 有力地, 猛烈地",,,cet4-core source:ecdict cet4-all family:stronger family:strongest,458
possible,'pɒsәbl,adj.,"a. 可能的, 潜在的, 合适的\nn. 可能性, 可能的事物",,,cet4-core source:ecdict cet4-all,459
heart,hɑ:t,n.,"n. 心, 心脏, 中心, 内心, 感情, 精神, 心情, 宝贝儿\nvt. 鼓励",,,cet4-core source:ecdict cet4-all family:hearts,460
drug,drʌg,n.,"n. 药, 麻药, 麻醉药\nvi. 吸毒\nvt. 使服麻醉药, 使麻木",,,cet4-core source:ecdict cet4 cet6 cet4-all family:drugs family:drugged family:drugging,461
leader,'li:dә,n.,"n. 领导者, 社论, 指挥, 领袖, 领唱者, 前导字符\n[计] 前导字符",,,cet4-core source:ecdict cet4 cet6 cet4-all family:leaders,463
light,lait,n.,"n. 光, 光亮, 灯, 日光, 发光体, 光源, 杰出人物, 火花, 眼光\na. 轻的, 少量的, 轻微的, 轻快的, 轻浮的, 明亮的, 淡色的, 容易的\nvt. 点燃, 照亮\nvi. 点着, 变亮, 突降, 偶然碰到\nadv. 轻地",,,cet4-core source:ecdict cet4-all family:lights family:lit family:lighter family:lighting family:lightest,464
voice,vɒis,n.,"n. 声音, 嗓音, 嗓子, 愿望, 发言权, 表达, 喉舌, 语态\nvt. 表达, 吐露, 调音",,,cet4-core source:ecdict cet4 cet6 cet4-all family:voices family:voiced family:voicing,465
wife,waif,n.,"n. 妻子, 太太, 夫人\n[法] 妻子, 已婚妇女",,,cet4-core source:ecdict cet4-all family:wives,466
whole,hәul,n.,"n. 全部, 全体, 整体, 完全之体系\na. 所有的, 完整的, 完全的, 纯粹的",,,cet4-core source:ecdict cet4 cet6 cet4-all family:wholes,467
police,pә'li:s,n.,"n. 警察, 警察当局, 治安\nvt. 维持治安, 管辖",,,cet4-core source:ecdict cet4 cet4-all family:police family:s family:policing family:policed family:polices,468
mind,maind,n.,"n. 思想, 愿望, 智力, 记忆, 心理, 情绪, 理智, 主意, 心意\nvi. 介意, 注意, 留心\nvt. 注意, 留意, 专心于, 照看, 介意",,,cet4-core source:ecdict cet4-all family:minds family:minded family:minding,469
finally,'fainәli,adv.,"adv. 最后, 终于",,,cet4-core source:ecdict cet4 cet4-all,470
pull,pul,vt.,"vt. 拉, 拖, 拔, 牵, 撕开, 吸引\nvi. 拉, 拖, 拔, 有吸引力\nn. 拉, 拖, 拔, 拉力, 牵引力, 划船, 吸引",,,cet4-core source:ecdict cet4-all family:pulled family:pulling family:pulls,471
return,ri'tә:n,n.,"n. 回来, 返回, 来回票, 归还, 报答, 利润率, 报告书\na. 返回的, 回程的, 报答的, 反向的, 重现的, 复原的\nvi. 返回, 归还, 回来\nvt. 归还, 还, 回报, 产生, 反射, 报告, 申报, 退回\n[计] 返回",,,cet4-core source:ecdict cet4-all family:returned family:returning family:returns,472
free,fri:,adj.,"a. 自由的, 享受政治权力的, 允许的, 免费的, 丰富的\nvt. 释放, 解放, 使自由\nadv. 自由地, 免费",,,cet4-core source:ecdict cet4-all family:freed family:freeing family:freer family:frees,473
military,'militәri,n.,"n. 军队\na. 军事的, 军人的, 适于战争的",,,cet4-core source:ecdict cet4 cet6 cet4-all cet6-core,474
price,prais,n.,"n. 价格, 代价, 价值\nvt. 定...的价格",,,cet4-core source:ecdict cet4-all family:prices family:priced family:pricing,475
less,les,n.,"n. 较少, 较小\na. 少的, 小的\nadv. 较少, 较小, 较差\n[计] 最低成本估算与调度法",,,cet4-core source:ecdict cet4 cet4-all,477
decision,di'siʒәn,n.,"n. 决定, 决心, 决断\n[计] 判定",,,cet4-core source:ecdict cet4 cet6 cet4-all family:decisions,479
explain,ik'splein,v.,"v. 解释, 说明",,,cet4-core source:ecdict cet4 cet6 cet4-all family:explained family:explains family:explaining,480
son,sʌn,n.,"n. 儿子, 女婿, 子孙\n[法] 儿子, 女婿, 养子",,,cet4-core source:ecdict cet4-all family:sons,481
hope,hәup,n.,"n. 希望, 信心, 期待\nv. 希望, 期望, 信赖",,,cet4-core source:ecdict cet4-all family:hoping family:hoped family:hopes,482
develop,di'velәp,vt.,"vt. 发展, 使发达, 进步, 洗印, 显影\nvi. 发展, 生长",,,cet4-core source:ecdict cet4-all family:developed family:developing family:develops,484
view,vju:,n.,"n. 视野, 风景, 见解, 视力, 观看, 视图, 指望, 意图, 印象\nvt. 看, 考虑, 视察, 查看, 估量\n[计] 视图",,,cet4-core source:ecdict cet4 cet6 cet4-all family:views family:viewed family:viewing,485
relationship,ri'leiʃәnʃip,n.,"n. 关系, 关联\n[医] 关系",,,cet4-core source:ecdict cet4 cet6 cet4-all family:relationships,486
carry,'kæri,n.,"n. 进位, 射程, 运载\nvt. 携带, 运送, 支持, 传送, 包含\nvi. 被携带, 能达到\n[计] 进位; 进位数",,,cet4-core source:ecdict cet4-all family:carried family:carrying family:carries,487
town,taun,n.,"n. 城镇, 市, 镇\n[法] 城镇, 城市, 闹市",,,cet4-core source:ecdict cet4-all family:towns,488
road,rәud,n.,"n. 路, 道路, 公路, 途径, 方法\n[法] 公路, 道路, 行车道",,,cet4-core source:ecdict cet4-all family:roads,489
drive,draiv,n.,"n. 驾车, 快车道, 推进力, 驱动, 动力, 击球, 驱动器\nvt. 开车, 驱使, 推动, 驾驶\nvi. 开车, 猛击, 飞跑\n[计] 驱动器",,,cet4-core source:ecdict cet4-all family:drove family:driven family:driving family:drives,490
arm,ɑ:m,n.,"n. 手臂, 袖子, 狭长港湾, 武器\nvt. 武装, 装备\nvi. 武装起来\n[计] 异步应答方式; 自动货品销路管理",,,cet4-core source:ecdict cet4-all family:arms family:armed family:arming,491
true,tru:,adj.,"a. 真实的, 正确的, 忠诚的, 可靠的, 纯粹的, 正式的\nn. 真实, 准确\nadv. 真实地, 准确地",,,cet4-core source:ecdict cet4-all family:truer family:truest family:truing family:trued family:trues,492
federal,'fedәrәl,adj.,"a. 联邦的, 联合的, 同盟的\n[法] 联邦的, 联邦制的, 联盟的",,,cet4-core source:ecdict cet4 cet6 cet4-all cet6-core,493
break,breik,n.,"n. 休息, 中断, 破裂处, 绝交, 破晓, 突变\nvt. 打破, 弄破, 弄坏, 破坏, 违反, 打断, 削弱, 放弃\nvi. 破碎, 决裂, 破晓, 突变, 变弱, 暂停\nn. 分隔符\n[计] 分隔符; 中断; DOS内部命令:设定扫描中断按键的时机",,,cet4-core source:ecdict cet4-all family:broke family:broken family:breaking family:breaks,494
difference,'difәrәns,n.,"n. 不同, 差异\n[计] 差分",,,cet4-core source:ecdict cet4 cet4-all family:differences,496
receive,ri'si:v,vt.,"vt. 收到, 接到, 得到, 接待, 迎接, 承受\nvi. 收到, 会客\n[计] 接收",,,cet4-core source:ecdict cet4-all family:received family:receiving family:receives,497
thank,θæŋk,n.,"n. 谢意, 感谢\nvt. 谢谢, 感谢",,,cet4-core source:ecdict cet4-all family:thanked family:thanking family:thanks,498
value,'vælju:,n.,"n. 价值, 价格, 购买力, 评价, 估价, 计算结果\nvt. 评价, 估价, 重视\n[计] 计算结果",,,cet4-core source:ecdict cet4 cet6 cet4-all family:values family:valued family:valuing,499
international,.intә'næʃәnәl,adj.,a. 国际的\nn. 国别设定\n[计] 国别设定,,,cet4-core source:ecdict cet4 cet6 cet4-all family:internationals,500
building,'bildiŋ,n.,"n. 建筑物, 建筑\n[法] 营造, 建筑, 建筑物",,,cet4-core source:ecdict cet4-all family:build family:i family:buildings family:building,501
action,'ækʃәn,n.,"n. 行动, 活动, 动作, 作用, 战斗, 行为, 诉讼\nvt. 对...起诉\n[计] 方式",,,cet4-core source:ecdict cet4 cet6 cet4-all family:actions family:actioning family:actioned,502
full,ful,n.,"n. 全部, 完整\na. 充满的, 完全的, 丰富的, 完美的, 丰满的, 详尽的\nadv. 完全地, 整整, 十分\nvt. 把(衣服等)缝得宽松, 漂洗\n[计] 完整",,,cet4-core source:ecdict cet4-all family:fuller family:fullest,503
model,'mɒdәl,n.,"n. 模型, 模范, 模特儿\na. 模范的, 作模型用的\nvi. 做模型, 做模特儿\nvt. 使模仿, 塑造\n[计] 模型",,,cet4-core source:ecdict cet4 cet4-all family:models family:modelled family:modelling,504
join,dʒɒin,vi.,"vi. 参加, 结合, 加入\nvt. 连接, 结合, 参加, 加入\nn. 连接, 结合, 接合点\n[计] 连接; 汇合指令",,,cet4-core source:ecdict cet4-all family:joined family:joining family:joins,505
season,'si:zn,n.,"n. 季节, 时节, 当令期, 时期\nvt. 给...调味, 使成熟, 使老练, 缓和\nvi. 变干燥",,,cet4-core source:ecdict cet4-all family:seasons family:seasoning family:seasoned,506
society,sә'saiәti,n.,n. 社会；社交界；交往；社团,,,cet4-core source:ecdict cet4 cet6 cet4-all family:societies,507
tax,tæks,n.,"n. 税, 税款, 重负, 会费\nvt. 课以税, 使负重荷, 斥责",,,cet4-core source:ecdict cet4 cet6 cet4-all family:taxes family:taxed family:taxing,509
director,di'rektә,n.,"n. 主管, 导演, 董事\n[计] 寻向偶极子; 指挥仪",,,cet4-core source:ecdict cet4 cet6 cet4-all family:directors,510
position,pә'ziʃәn,n.,"n. 位置, 地位, 身分, 形势, 姿势, 立场, 职位, 状态, 阵地\nvt. 安置, 决定...的位置\n[计] 位置",,,cet4-core source:ecdict cet4 cet6 cet4-all family:positions family:positioned family:positioning,512
player,'pleiә,n.,"n. 竞赛者, 上场队员, 游戏者, 演员\n[经] 交易者",,,cet4-core source:ecdict cet4 cet6 cet4-all family:players,513
agree,ә'gri:,vi.,"vi. 同意, 赞成, 应允, 适合\nvt. 承认, 认定, 同意",,,cet4-core source:ecdict cet4-all family:agreed family:agrees family:agreeing,514
especially,i'speʃәli,adv.,"adv. 尤其, 特别, 格外",,,cet4-core source:ecdict cet4 cet6 cet4-all,515
record,ri'kɒ:d,n.,"n. 记录, 履历, 档案, 审判记录, 最高纪录, 唱片\nvt. 记录, 记载, 标明, 将...录音\nvi. 记录, 录音, 可被录音\na. 创纪录的\n[计] 录制, 记录",,,cet4-core source:ecdict cet4 cet6 cet4-all family:records family:recorded family:recording,516
pick,pik,n.,"n. 精选, 选择, 掘, 精华, 牙签, 鹤嘴锄\nv. 摘, 掘, 凿, 挖, 挑选\n[计] 拾取",,,cet4-core source:ecdict cet4-all family:picked family:picking family:picks,517
wear,wєә,n.,"n. 穿着, 戴, 使用, 耗损, 服装, 耐久性\nvt. 穿着, 戴, 留(须、发等), 呈现, 磨损, 磨成, 耗损, 使疲乏, 消磨\nvi. 磨损, 变旧, 耐久, 渐变, 渐渐消失",,,cet4-core source:ecdict cet4-all family:wearing family:wore family:worn family:wears,518
paper,'peipә,n.,"n. 纸, 文件, 文章, 报纸, 证券, 证件\nvt. 用纸糊, 贴壁纸于, 用纸包装\nvi. 贴壁纸\na. 纸做的, 纸上的",,,cet4-core source:ecdict cet4-all family:papers family:papered family:papering,519
special,'speʃәl,n.,"n. 专辑, 专车, 号外, 特别的东西, 负有特别任务的人员\na. 特别的, 专门的, 特殊的, 额外的, 附加的, 特别亲密的",,,cet4-core source:ecdict cet4 cet6 cet4-all family:specials,520
space,speis,n.,"n. 位置, 空间, 距离, 太空, 空白, 间隔, (期刊等的)篇幅\nvt. 隔开, 分隔\nvi. 留间隔\n[计] 空白, 空格校验",,,cet4-core source:ecdict cet4 cet6 cet4-all family:spaces family:spaced family:spacing,521
ground,graund,n.,"n. 土地, 战场, 场地, 地面, 范围\na. 土地的, 地面上的\nvt. 放在地上, 使搁浅, 打基础, 给...以训练\nvi. 搁浅, 落地, 根据, 基于\na. 磨过的\ngrind的过去式和过去分词",,,cet4-core source:ecdict cet4-all family:grounds family:grounded family:grind family:dp family:grinding family:grinds,522
form,fɒ:m,n.,"n. 形状, 形体, 类型, 方式, 表格, 形式\nv. 形成, 排列, (使)组成\nn. 表单\n[计] 表单",,,cet4-core source:ecdict cet4-all family:forms family:formed family:forming,523
support,sә'pɒ:t,n.,"n. 支持, 支撑, 援助, 供养, 支撑物\nvt. 支援, 支撑, 帮助, 支持, 忍受, 供养, 证实\n[计] 后援; 支持",,,cet4-core source:ecdict cet4 cet6 cet4-all family:supported family:supporting family:supports,524
event,i'vent,n.,"n. 事件, 结果, 事情的进程, 竞赛项目\n[计] 事件",,,cet4-core source:ecdict cet4 cet4-all family:events,525
official,ә'fiʃәl,n.,"n. 官员, 公务员, 职员\na. 公务的, 官方的, 正式的",,,cet4-core source:ecdict cet4 cet6 cet4-all family:officials,526
whose,hu:z,pron.,pron. 谁的,,,cet4-core source:ecdict cet4-all,527
matter,'mætә,n.,"n. 事件, 物质, 原因, 素材, 实体, 重要\nvi. 有关系",,,cet4-core source:ecdict cet4-all family:matters family:mattered,528
everyone,'evriwʌn,pron.,"pron. 每个人, 人人\n[计] 系统中的一个组名",,,cet4-core source:ecdict cet4-all,529
couple,'kʌpl,n.,"n. 对, 夫妇, 数个\nvt. 使成双, 连接, 使成婚, 把...联系起来\nvi. 结合, 成婚",,,cet4-core source:ecdict cet4 cet4-all family:couples family:coupled family:coupling,531
site,sait,n.,"n. 位置, 场所, 地点\nvt. 给...择址",,,cet4-core source:ecdict cet4 cet6 cet4-all family:sites family:sited family:siting,532
project,'prɒdʒekt,n.,"n. 计划, 设计, 事业\nvt. 计划, 设计, 投掷, 发射, 使凸出, 放映\nvi. 凸出",,,cet4-core source:ecdict cet4 cet6 cet4-all cet6-core family:projects family:projected family:projecting,534
hit,hit,n.,"n. 打击, 打, 冲撞, 讽刺\nvt. 打, 打击, 碰撞, 打中, 袭击, 偶然碰上\nvi. 打, 打中, 打击, 碰撞, 偶然碰上\n[计] 击中; 找到; 瞬时打扰",,,cet4-core source:ecdict cet4 cet6 cet4-all family:hit family:pd family:hitting family:hits,535
base,beis,n.,"n. 底部, 垒, 基础, 基地\nvt. 以...作基础\na. 卑鄙的, 低劣的\n[计] 基准",,,cet4-core source:ecdict cet4 cet4-all family:based family:basing family:bases family:baser,536
activity,æk'tiviti,n.,"n. 活动, 行动, 活跃, 活力\n[计] 活动",,,cet4-core source:ecdict cet4 cet4-all family:activities,537
star,stɑ:,n.,"n. 星, 恒星, 星形物, 运气, 明星\nvt. 以星状物装饰, 用星号标, 使成为明星\nvi. 变成明星",,,cet4-core source:ecdict cet4-all family:stars family:starring family:starred,538
table,'teibl,n.,"n. 桌子, 餐桌, 工作台, 铭文, 表格, 表, 高原, 平地层\nvt. 搁置, 嵌合, 制表, 把...列入议事日程\n[计] 表格, 模拟运算表",,,cet4-core source:ecdict cet4-all family:tables family:tabled family:tabling,539
court,kɒ:t,n.,"n. 法院, 庭院, 奉承\nvt. 献殷勤, 追求, 招致\nvi. 求爱",,,cet4-core source:ecdict cet4 cet6 cet4-all cet6-core family:courts family:courting family:courted,541
produce,prә'dju:s,n.,"n. 生产品, 物产, 后代\nvt. 产生, 生产, 提出, 出示\nvi. 生产, 制造",,,cet4-core source:ecdict cet4 cet6 cet4-all family:produced family:producing family:produces,542
eat,i:t,v.,"v. 吃, 腐蚀",,,cet4-core source:ecdict cet4-all family:eating family:ate family:eaten family:eats,543
teach,ti:tʃ,vt.,"vt. 教, 讲授, 教导, 教育\nvi. 教书, 教学, 可以教",,,cet4-core source:ecdict cet4-all family:taught family:teaching family:teaches,545
oil,ɒil,n.,"n. 油, 石油, 油画颜料\nvt. 涂油于, 使融化成油状, 加油于\nvi. 加燃油, 融化",,,cet4-core source:ecdict cet4 cet4-all family:oils family:oiled family:oiling,546
half,hɑ:f,n.,"n. 一半, 半场, 不完全\na. 一半的, 不完全的, 部分的, 半场的\nadv. 一半地, 部分地, 在某种程度上地, 几乎",,,cet4-core source:ecdict cet4-all family:halves,547
situation,.sitju'eiʃәn,n.,"n. 情形, 境遇, 位置\n[医] 情境, 处境",,,cet4-core source:ecdict cet4 cet6 cet4-all family:situations,548
easy,'i:zi,adj.,"a. 容易的, 缓缓的, 舒适的, 从容的, 宽容的, 流畅的, 随便的, 自在的, 疲软的\nadv. 容易地, 慢慢地",,,cet4-core source:ecdict cet4-all family:easier family:easiest,549
cost,kɒst,n.,"n. 代价, 价值, 费用\nvi. 花费\nvt. 使失去, 值, 使花费",,,cet4-core source:ecdict cet4-all family:costs family:costing family:cost family:pd,550
industry,'indәstri,n.,"n. 勤劳, 工业, 企业, 产业, 有组织的劳动\n[经] 工业, 实业",,,cet4-core source:ecdict cet4 cet6 cet4-all family:industries,551
figure,'figә,n.,"n. 数字, 价格, 图形, 形状\nvt. 描绘, 表示, 演算, 认为\nvi. 计算, 出现, 估计",,,cet4-core source:ecdict cet4 cet6 cet4-all cet6-core family:figures family:figured family:figuring,552
street,stri:t,n.,"n. 街道, 马路, 街区\na. 街道的",,,cet4-core source:ecdict cet4-all family:streets,554
image,'imidʒ,n.,"n. 影像, 肖像, 想象, 图像, 形象, 翻版\nvt. 作...的像, 反映, 想象, 象征\nn. 图像\n[计] 图象",,,cet4-core source:ecdict cet4 cet6 cet4-all family:images family:imaging family:imaged,555
itself,it'self,pron.,"pron. 它本身, 它自己",,,cet4-core source:ecdict cet4-all,556
phone,fәun,n.,"n. 电话, 受话器, 耳机\nvt. 打电话给\nvi. 打电话",,,cet4-core source:ecdict cet4 cet4-all family:phoned family:phones family:phoning,557
either,'i:ðә,adj.,"a. (两者之中)任一的, (两者之中)各一的\npron. (两者之中)任一\nconj. 或, 要么",,,cet4-core source:ecdict cet4-all,558
data,'deitә,n.,"pl. 资料, 数据\n[计] 数据; DOS内部命令:用于显示或设定系统的日期",,,cet4-core source:ecdict cet4 cet4-all,559
cover,'kʌvә,n.,"n. 盖子, 封面, 藉口\nvt. 覆盖, 掩饰, 保护, 掩护, 包括\nvi. 覆盖",,,cet4-core source:ecdict cet4-all family:covered family:covering family:covers,560
quite,kwait,adv.,"adv. 相当, 完全, 十分",,,cet4-core source:ecdict cet4-all,561
picture,'piktʃә,n.,"n. 图画, 照片, 景色, 美丽如画的人(或物), 化身, 生动的描述, 想像, 形象思维\nvt. 画, 拍摄, 用图说明, 描写, 想像\n[计] 图象; 形象; 字形",,,cet4-core source:ecdict cet4-all family:pictures family:pictured family:picturing,562
clear,kliә,adj.,"a. 清楚的, 明确的, 澄清的\nadv. 清晰地\nvt. 澄清, 清除障碍\nvi. 放晴, 变清澈\nn. 空隙\n[计] 清除",,,cet4-core source:ecdict cet4-all family:cleared family:clearer family:clearing family:clearest family:clears,563
practice,'præktis,n.,"n. 实践, 练习, 实行, 惯例, 习惯, 开业\nv. 实践, 实行, 练习, 实习, 业务",,,cet4-core source:ecdict cet4-all family:practices family:practicing family:practiced,564
piece,pi:s,n.,"n. 块, 片, 篇, 碎片, 部分, 部件, 标准量\nvt. 修补, 修理, 拼合, 接线头\nvi. 吃零食",,,cet4-core source:ecdict cet4-all family:pieces family:piecing family:pieced,565
land,lænd,n.,"n. 陆地, 地面, 地界, 地产, 国土, 土地\nvi. 登陆, 登岸, 到达\nvt. 使上岸, 使登陆, 使到达\n[计] 连接盘; 焊盘",,,cet4-core source:ecdict cet4-all family:lands family:landed family:landing,566
recent,'ri:snt,adj.,"a. 最近的, 近代的, 最新的\n[经] 最近的, 新进的",,,cet4-core source:ecdict cet4 cet6 cet4-all,567
describe,di'skraib,vt.,"vt. 描述, 描绘, 画",,,cet4-core source:ecdict cet4 cet6 cet4-all cet6-core family:described family:describes family:describing,568
product,'prɒdʌkt,n.,"n. 产品, 结果, 乘积\n[化] 生产物",,,cet4-core source:ecdict cet4 cet6 cet4-all family:products,569
doctor,'dɒktә,n.,"n. 医生, 博士\nvt. 授以博士学位, 诊断, 修改\nvi. 行医",,,cet4-core source:ecdict cet4-all family:doctors family:doctoring family:doctored,570
wall,wɒ:l,n.,"n. 墙, 墙壁, 垣, 内壁, 分界物, 屏障\na. 墙的\nvt. 给...建墙, 禁闭, 用墙围住\n[计] 背景墙",,,cet4-core source:ecdict cet4-all family:walls family:walled family:walling,571
patient,'peiʃәnt,n.,"n. 病人, 承受者\na. 忍耐的, 容忍的, 有耐性的, 坚忍的",,,cet4-core source:ecdict cet4 cet6 cet4-all family:patients,572
worker,'wә:kә,n.,"n. 工人, 劳动者\n[经] 工人, 劳工, 劳动者",,,cet4-core source:ecdict cet4-all family:workers,573
news,nju:z,n.,"n. 新闻, 消息, 报导\n[法] 新闻, 消息, 新闻报导",,,cet4-core source:ecdict cet4-all,574
test,test,n.,"n. 测试, 试验, 化验, 检验, 考验, 甲壳\nvt. 测试, 试验, 化验\nvi. 接受测验, 进行测试",,,cet4-core source:ecdict cet4 cet6 cet4-all family:tests family:tested family:testing,575
movie,'mu:vi,n.,n. 电影,,,cet4-core source:ecdict cet4 cet4-all family:movies,576
certain,'sә:tәn,adj.,"a. 确定的, 某一个的, 必然的\n[法] 确凿的, 无疑的, 可靠的",,,cet4-core source:ecdict cet4 cet4-all,577
north,nɒ:θ,n.,"n. 北方, 北\na. 北的, 北方的\nadv. 向北方, 在北方",,,cet4-core source:ecdict cet4-all,578
personal,'pә:snl,adj.,"a. 私人的, 涉及隐私的, 有人性的, 人称的, 亲自的, 身体的\n[医] 人的; 个人的, 自身的",,,cet4-core source:ecdict cet4 cet6 cet4-all,580
simply,'simpli,adv.,"adv. 简单地, 只是, 简直, 简朴地, 坦白地",,,cet4-core source:ecdict cet4-all,583
third,θә:d,num.,"num. 第三, 三分之一\n[机] 第三; 第三的",,,cet4-core source:ecdict cet4-all,584
technology,tek'nɒlәdʒi,n.,"n. 技术, 工业技术, 术语\n[医] 技术学, 工艺学",,,cet4-core source:ecdict cet4 cet6 cet4-all family:technologies,585
catch,kætʃ,n.,"n. 捕捉, 陷阱, 捕捉之物, 抓, 拉手\nvt. 捕捉, 赶上, 感染, 听清楚\nvi. 抓住, 燃着",,,cet4-core source:ecdict cet4-all family:caught family:catching family:catches,586
step,step,n.,"n. 步骤, 步, 步幅, 脚步声, 踏级, 步伐, 短距离, 步态, 手段, 等级\nvt. 踏, 以步测量, 跨步, 使成阶梯状\nvi. 跨步, 轻快地走, 跳舞, 踩, 踏上, 行走\n[计] 步骤",,,cet4-core source:ecdict cet4 cet6 cet4-all family:steps family:stepped family:stepping,587
baby,'beibi,n.,n. 婴孩\n[医] 婴儿,,,cet4-core source:ecdict cet4-all family:babies family:babying family:babied,588
computer,kәm'pju:tә,n.,"n. 电脑, 电子计算机\n[计] 计算机",,,cet4-core source:ecdict cet4-all family:computers,589
type,taip,n.,"n. 类型, 样式, 典型, 榜样, 标志, 符号, 型, 式\nvi. 打字\nvt. 作为代表, 测定类型, 用打字机打\n[计] 类型; 键入; DOS内部命令:在屏幕上显示指定文件的内容",,,cet4-core source:ecdict cet4 cet6 cet4-all family:types family:typed family:typing,590
attention,ә'tenʃәn,n.,"n. 注意, 注意力\n[计] 引起注意信号",,,cet4-core source:ecdict cet4 cet4-all family:attentions,591
draw,drɒ:,vi.,"vi. 拉, 拖, 拔剑\nvt. 拖拉, 挨近, 领取, 打成平局, 引导, 抽签决定, 画, 描写, 制订, 草拟, 吸引\nn. 拉, 拖, 拔出, 抽签, 平局\n[计] 翻牌, 绘图",,,cet4-core source:ecdict cet4-all family:drawn family:drew family:drawing family:draws,592
film,film,n.,"n. 软片, 薄膜, 胶卷, 电影\nvt. 覆以薄膜, 拍摄\nvi. 生薄膜, 拍电影",,,cet4-core source:ecdict cet4-all family:films family:filming family:filmed,593
republican,ri'pʌblikәn,n.,"n. 共和主义者, 共和党员\na. 共和政体的, 共和国的, 共和主义的",,,cet4-core source:ecdict cet4 cet6 cet4-all family:republicans,594
organization,.ɒ:gәnai'zeiʃәn,n.,"n. 组织, 结构, 团体, 体制\n[医] 组织, 机构, 机化(血栓或坏死组织)",,,cet4-core source:ecdict cet4 cet6 cet4-all family:organizations,595
tree,tri:,n.,"n. 树, 木料, 树状物\nvt. 把...赶上树\n[计] 树; DOS外部命令:显示指定磁盘驱动器的目录结构",,,cet4-core source:ecdict cet4-all family:trees family:treeing family:treed,596
source,sɒ:s,n.,"n. 来源, 水源, 根源, 原始资料, 源\n[计] 来源, 源程序",,,cet4-core source:ecdict cet4 cet6 cet4-all family:sources family:sourced family:sourcing,597
red,red,adj.,"a. 红的, 红色的, 红肿的, 流血的\nn. 红色, 红颜料, 赤字\n[计] 简化, 减少",,,cet4-core source:ecdict cet4-all family:reds family:redder,598
nearly,'niәli,adv.,"adv. 几乎, 密切地",,,cet4-core source:ecdict cet4-all,599
choose,tʃu:z,vt.,"vt. 选择, 宁愿, 欲\nvi. 作出选择, 愿意\n[计] 选取",,,cet4-core source:ecdict cet4 cet4-all family:chosen family:chose family:choosing family:chooses,600
cause,kɒ:z,n.,"n. 原因, 目标\nvt. 引起, 使产生, 使遭受",,,cet4-core source:ecdict cet4 cet6 cet4-all family:caused family:causing family:causes,601
hair,hєә,n.,"n. 头发, 毛发, 些微\n[医] 毛, 发",,,cet4-core source:ecdict cet4-all family:hairs,602
century,'sentʃuri,n.,"n. 世纪, 百年",,,cet4-core source:ecdict cet4 cet6 cet4-all family:centuries,605
evidence,'evidәns,n.,"n. 根据, 证据, 迹象\n[经] 证据, 凭证",,,cet4-core source:ecdict cet4 cet6 cet4-all cet6-core family:evidenced family:evidences family:evidencing,606
window,'windәu,n.,"n. 窗户, 窗子, 窗口\nvt. 给...开窗\n[计] 窗口",,,cet4-core source:ecdict cet4-all family:windows,607
difficult,'difikәlt,adj.,a. 困难的,,,cet4-core source:ecdict cet4-all,608
listen,'lisn,vi.,"vi. 听, 倾听, 听从\nn. 听, 倾听",,,cet4-core source:ecdict cet4-all family:listened family:listening family:listens,609
soon,su:n,adv.,"adv. 不久, 早, 快, 宁可",,,cet4-core source:ecdict cet4-all,610
culture,'kʌltʃә,n.,"n. 文化, 修养, 耕种\nvt. 耕种, 培养",,,cet4-core source:ecdict cet4 cet6 cet4-all cet6-core family:cultures family:cultured family:culturing,611
billion,'biljәn,num.,"num. 十亿, 十亿个",,,cet4-core source:ecdict cet4 cet6 cet4-all,612
chance,tʃæns. tʃɑ:ns,n.,"n. 机会, 意外, 可能性\nvi. 偶然发生\nvt. 冒险",,,cet4-core source:ecdict cet4 cet4-all family:chances family:chanced family:chancing,613
brother,'brʌðә,n.,n. 兄弟,,,cet4-core source:ecdict cet4-all family:brothers,614
energy,'enәdʒi,n.,"n. 精力, 精神, 活力, 能量\n[化] 能; 能量",,,cet4-core source:ecdict cet4 cet6 cet4-all family:energies,615
realize,'riәlaiz,vt.,"vt. 了解, 实现, 使显得逼真, 变卖\nvi. 变卖",,,cet4-core source:ecdict cet4 cet6 cet4-all family:realized family:realizing family:realizes,616
period,'piәriәd,n.,"n. 时期, 节段, 节, 句点, 学时, 周期\na. 当时特有的, 过去某段时期的\ninterj. 就是这话, 就是这么回事",,,cet4-core source:ecdict cet4 cet6 cet4-all family:periods,617
summer,'sʌmә,n.,"n. 夏季, 全盛时期\nvi. 避暑, 过夏天\n[计] 加法器",,,cet4-core source:ecdict cet4-all family:summers family:summering family:summered,619
hundred,'hʌndrәd,n.,"n. 百, 百个东西\nnum. 百, 百个\na. 一百的, 许多的",,,cet4-core source:ecdict cet4-all,621
available,ә'veilәbl,adj.,"a. 可利用的, 可获得的, 有效的\n[医] 有效的, 可得的",,,cet4-core source:ecdict cet4 cet6 cet4-all cet6-core,622
plant,plænt. plɑ:nt,n.,"n. 植物, 作物, 工厂, 树枝, 生长, 设施, 成套设备\nvt. 种植, 栽培, 播种, 培养, 安置, 殖民于, 使位于\nvi. 种植",,,cet4-core source:ecdict cet4-all family:plants family:planted family:planting,623
likely,'laikli,adj.,"a. 有可能的, 合适的, 前途有望的\nadv. 或许, 可能",,,cet4-core source:ecdict cet4 cet6 cet4-all family:likeliest,624
opportunity,.ɒpә'tju:niti,n.,"n. 机会, 时机",,,cet4-core source:ecdict cet4 cet6 cet4-all family:opportunities,625
term,tә:m,n.,"n. 术语, 专有名词, 期限, 学期, 任期, 条件, 价钱, 关系, 地位, 项, 界石\nvt. 称, 呼\n[计] 检索词; 项",,,cet4-core source:ecdict cet4 cet6 cet4-all family:terms family:termed family:terming,626
short,ʃɒ:t,adj.,"a. 短的, 近的, 矮的, 短期的, 简短的, 少量的\nadv. 简短地, 突然\nn. 扼要, 短片, 缺乏\nvt. 故意少给, 使短路",,,cet4-core source:ecdict cet4-all family:shorter family:shortest family:shorting family:shorted family:shorts,627
letter,'letә,n.,"n. 信, 字母, 证书, 字面意义, 铅字, 学问, 出租人\nvt. 写字母于, 在...上刻字母, 用字母标明\nvi. 写印刷体字\n[计] 字母",,,cet4-core source:ecdict cet4-all family:letters family:lettered family:lettering,628
condition,kәn'diʃәn,n.,"n. 情况, 条件\nvt. 使健康, 以...为条件, 决定, 使适应\n[计] 条件",,,cet4-core source:ecdict cet4 cet6 cet4-all family:conditions family:conditioned family:conditioning,629
choice,tʃɒis,n.,"n. 选择, 精选品, 选择权\na. 精选的, 挑三拣四的, 上等的\n[计] DOS内部命令:在批处理文件中\n该命令用于提示用户作出选择, 决定批处理文件的流程",,,cet4-core source:ecdict cet4 cet6 cet4-all family:choices,630
single,'siŋgl,adj.,"a. 单身的, 单程的, 单一的, 个别的, 孤独的, 专一的\nn. 一个, 单打, 单程票\nvt. 选出\nvi. 击出一垒打\n[计] 单精度型",,,cet4-core source:ecdict cet4-all family:singles family:singled family:singling,632
rule,ru:l,n.,"n. 规则, 统治, 控制, 支配, 规律, 标准, 章程, 破折号, 铅线\nvt. 规定, 统治, 管理, 控制, 支配, 裁决\nvi. 统治, 管辖, 裁定\n[计] 规则, 水线",,,cet4-core source:ecdict cet4 cet6 cet4-all family:rules family:ruled family:ruling,633
daughter,'dɒ:tә,n.,n. 女儿\na. 女儿的,,,cet4-core source:ecdict cet4-all family:daughters,634
administration,әd.mini'streiʃәn,n.,"n. 行政, 管理, 政府机关\n[化] 给药",,,cet4-core source:ecdict cet4 cet6 cet4-all cet6-core family:administrations,635
south,sauθ,n.,"n. 南方, 南\na. 南的, 向南的\nadv. 在南方\nvi. 转向南方",,,cet4-core source:ecdict cet4-all,636
husband,'hʌzbәnd,n.,"n. 丈夫, 管理人, 节俭的人\nvt. 节俭, 使成丈夫, 持有",,,cet4-core source:ecdict cet4-all family:husbands family:husbanding family:husbanded,637
congress,'kɒŋgres,n.,"n. 国会, 会议, 讨论会\n[医] 会议, 会合",,,cet4-core source:ecdict cet4 cet6 cet4-all cet6-core family:congresses,638
floor,flɒ:,n.,"n. 地板, 楼层, 底部, 底价\nvt. 铺地板, 打倒\nn. 地面, 地板, 基底\n[计] 基底",,,cet4-core source:ecdict cet4-all family:floors family:floored family:flooring,639
campaign,kæm'pein,n.,"n. 战役, 运动, 竞选运动\nvi. 参加运动, 作战",,,cet4-core source:ecdict cet4 cet6 cet4-all family:campaigns family:campaigning family:campaigned,640
material,mә'tiәriәl,n.,"n. 材料, 物资, 素材, 布料, 资料\na. 物质的, 肉体的, 重要的",,,cet4-core source:ecdict cet4 cet6 cet4-all family:materials,641
population,.pɒpju'leiʃәn,n.,"n. 人口, 人口数\n[化] 群体; 总体",,,cet4-core source:ecdict cet4 cet6 cet4-all family:populations,642
economy,i'kɒnәmi,n.,"n. 经济, 理财, 节约\n[医] 经济, 整体",,,cet4-core source:ecdict cet4 cet6 cet4-all cet6-core family:economies,645
medical,'medikl,n.,"n. 医生, 体格检查\na. 医学的, 内科的, 药的",,,cet4-core source:ecdict cet4 cet6 cet4-all family:medicals,646
hospital,'hɒspitәl,n.,n. 医院\n[医] 医院,,,cet4-core source:ecdict cet4-all family:hospitals,647
church,tʃә:tʃ,n.,"n. 教堂, 礼拜, 教会\nvt. 使人接受宗教仪式\na. 教堂的",,,cet4-core source:ecdict cet4 cet4-all family:churches family:churching family:churched,648
close,klәuz,n.,"n. 结束, 完结\na. 靠近的, 亲近的, 亲密的, 严密的, 关闭的, 狭窄的, 秘密的\nvt. 关, 结束, 使靠近, 封闭, 使接近\nvi. 关闭, 结束, 靠近\nadv. 接近地, 紧密地\n[计] 关闭",,,cet4-core source:ecdict cet4-all family:closed family:closer family:closing family:closest family:closes,649
risk,risk,n.,"n. 冒险, 危险, 保险额\nvt. 冒...的危险, 冒险干",,,cet4-core source:ecdict cet4 cet6 cet4-all family:risks family:risking family:risked,650
thousand,'θauznd,num.,"num. 千\na. 成千的, 许多的\nn. 许许多多",,,cet4-core source:ecdict cet4-all,651
current,'kʌrәnt,n.,"n. 涌流, 趋势, 流\na. 流通的, 现在的, 当前的, 流行的\n[计] 当前的",,,cet4-core source:ecdict cet4 cet6 cet4-all cet6-core family:currents,652
fire,'faiә,n.,"n. 火, 炉火, 电炉, 火灾, 闪光体, 炮火, 热情\nvt. 点燃, 烧制, 使发光, 激动, 放枪, 解雇\nvi. 着火, 烧火, 开枪, 射击, 激动",,,cet4-core source:ecdict cet4-all family:fires family:fired family:firing,653
future,'fju:tʃә,n.,"n. 未来, 将来\na. 将来的, 未来的",,,cet4-core source:ecdict cet4-all family:futures,654
wrong,rɒŋ,adj.,"a. 错误的, 不正当的, 失常的\nadv. 错误地",,,cet4-core source:ecdict cet4-all family:wrongs family:wronging family:wronged,655
involve,in'vɒlv,vt.,"vt. 包括, 使陷于, 潜心于, 包围\n[医] 累及, 牵涉, 包含",,,cet4-core source:ecdict cet4 cet6 cet4-all cet6-core family:involved family:involving family:involves,656
behavior,bi'heivjә,n.,"n. 行为, 举止\n[医] 行为",,,cet4-core source:ecdict cet4 cet6 cet4-all cet6-core family:behaviors,658
anyone,'eniwʌn,pron.,pron. 任何人,,,cet4-core source:ecdict cet4 cet4-all,659
increase,in'kri:s,n.,"n. 增加, 增进, 利益\nvt. 增加, 加大\nvi. 增加, 繁殖",,,cet4-core source:ecdict cet4 cet6 cet4-all family:increased family:increasing family:increases,660
security,si'kjuriti,n.,"n. 安全, 安全性, 防护物, 保安, 可靠性, 担保人, 抵押品, 保证金\n[计] 安全性, 保密性, 安全检查程序",,,cet4-core source:ecdict cet4 cet6 cet4-all cet6-core family:securities,661
myself,mai'self,pron.,"pron. 我自己, 我亲自, 我独自",,,cet4-core source:ecdict cet4-all,662
bank,bæŋk,n.,"n. 银行, 堤, 岸\n[医] 库",,,cet4-core source:ecdict cet4-all family:banks family:banking family:banked,663
certainly,'sә:tәnli,adv.,adv. 确定地,,,cet4-core source:ecdict cet4-all,664
west,west,n.,"n. 西方, 西部\na. 西方的, 向西的\nadv. 向西, 自西方, 在西方",,,cet4-core source:ecdict cet4-all,665
sport,spɒ:t,n.,"n. 运动, 游戏, 娱乐, 消遣, 玩笑\na. 运动的, 户外穿戴的\nvi. 游戏, 参加体育运动, 戏弄, 产生变种\nvt. 炫耀, 使产生变种",,,cet4-core source:ecdict cet4-all family:sports family:sported family:sporting,666
board,bɒ:d,n.,"n. 木板, 甲板, 膳食, 会议桌\nvt. 乘船, 供膳食, 用板覆盖\nvi. 搭伙\n[计] 板",,,cet4-core source:ecdict cet4 cet6 cet4-all family:boards family:boarded family:boarding,667
seek,si:k,vt.,"vt. 寻求, 寻找, 探索, 追求, 搜索, 请求\nvi. 寻找, 搜索\n[计] 查找",,,cet4-core source:ecdict cet4 cet6 cet4-all family:seeking family:sought family:seeks,668
per,pә:,prep.,"prep. 每一, 通过, 经, 按照\n[经] 每, 按照",,,cet4-core source:ecdict cet4-all family:pers,669
subject,'sʌbdʒekt,n.,"n. 科目, 主题, 臣民, 主语, 题目, (事物的)经受者, 学科, 受治疗者, 原因, 理由\na. 服从的, 易患...的, 隶属的, 受支配的\nadv. 在...条件下\nvt. 使隶属, 使受到\n[计] 主题, 主体",,,cet4-core source:ecdict cet4-all family:subjects family:subjected family:subjecting,670
officer,'ɒfisә,n.,"n. 军官, 主管, 官员, 公务员\nvt. 指挥",,,cet4-core source:ecdict cet4 cet6 cet4-all family:officers family:officering family:officered,671
private,'praivit,adj.,"a. 私人的, 秘密的, 私立的, 隐蔽的\nn. 士兵, 隐士, 阴部\n[计] 私人的",,,cet4-core source:ecdict cet4 cet6 cet4-all family:privates,672
rest,rest,n.,"n. 休息, 睡眠, 安息, 稍息, 静止, 支架, 休息处, 其余者, 剩余部分\nvi. 休息, 睡, 长眠, 安心, 静止, 停止, 安置, 依赖\nvt. 使休息, 使支撑, 把...寄托于",,,cet4-core source:ecdict cet4-all family:resting family:rested family:rests,673
deal,di:l,n.,"n. 交易, 协定, 数量, 买卖, 松木板\nvi. 处理, 应付, 做生意\nvt. 分配, 发牌, 给予\n[计] 发牌",,,cet4-core source:ecdict cet4 cet6 cet4-all family:dealing family:dealt family:deals,674
performance,pә'fɒ:mәns,n.,"n. 施行, 工作情况, 成绩, 行为, 表现, 演出\n[电] 绩效, 性能",,,cet4-core source:ecdict cet4 cet6 cet4-all cet6-core family:performances,675
fight,fait,n.,"n. 打架, 争吵, 斗志\nv. 对抗, 打架",,,cet4-core source:ecdict cet4 cet6 cet4-all family:fighting family:fought family:fights,676
throw,θrәu,vt.,"vt. 投, 掷, 抛, 发射, 摔下, 匆匆穿上(或脱下), 抛弃, 摆脱\nvi. 丢, 掷, 抛\nn. 投掷, 掷骰子, 冒险",,,cet4-core source:ecdict cet4-all family:thrown family:threw family:throwing family:throws,677
top,tɒp,n.,"n. 顶部, 顶端, 极点, 上面, 上部, 顶篷, 最高地位, 首位, 陀螺\na. 最高的, 顶上的, 头等的\nvt. 盖, 加以顶, 高达, 超越\nvi. 结束, 达到顶点, 高出\n[计] TOP协议",,,cet4-core source:ecdict cet4 cet6 cet4-all family:tops family:topped family:topping,678
quickly,'kwikli,adv.,adv. 很快地,,,cet4-core source:ecdict cet4-all,679
past,pɑ:st,n.,"n. 过去, 昔时, 往事, 早年经历, 过去时\na. 过去的, 结束的, 卸任的, 过去时的\nprep. 越过, 晚于, 超越, 超出...的可能性(能力、范围等)\npass的过去分词",,,cet4-core source:ecdict cet4-all,680
goal,gәul,n.,"n. 目标, 终点, 得分, 球门, 守门员\nvi. 攻门, 射门得分",,,cet4-core source:ecdict cet4 cet6 cet4-all family:goals,681
bed,bed,n.,"n. 床, 睡眠处, 河床, 底座, 路基, 一层\nvt. 提供宿处, 栽种, 安装\nvi. 睡, 形成坚实的一层",,,cet4-core source:ecdict cet4-all family:beds family:bedded family:bedding,683
order,'ɒ:dә,n.,"n. 次序, 规则, 命令\nvi. 命令, 定货\nvt. 整理, 命令, 定购\nn. 顺序, 阶数\n[计] 顺序, 阶数",,,cet4-core source:ecdict cet4-all family:orders family:ordered family:ordering,684
author,'ɒ:θә,n.,"n. 作家, 作家的著作, 创始人\n[法] 作者, 著作人, 本人",,,cet4-core source:ecdict cet4 cet6 cet4-all cet6-core family:authors family:authoring family:authored,685
fill,fil,vt.,"vt. 装满, 填充, 弥漫, 供给, 满足, 供应\nvi. 充满, 变得沉重\nn. 满足, 装满, 充分, 填方\nvt. 填充\nvi. 填充\n[计] 填充",,,cet4-core source:ecdict cet4-all family:filled family:filling family:fills,686
represent,.repri'zent,vt.,"vt. 表现, 表示, 描绘, 讲述, 代表, 象征, 回忆, 再赠送, 再上演\nvi. 提出异议",,,cet4-core source:ecdict cet4 cet6 cet4-all cet6-core family:represented family:represents family:representing,687
focus,'fәukәs,n.,"n. 焦点, 焦距\nvi. 聚焦, 注视\nvt. 使聚焦, 调焦, 集中\n[计] 焦点",,,cet4-core source:ecdict cet4 cet6 cet4-all cet6-core family:focused family:focusing family:focuses family:foci,688
foreign,'fɒ:rin,adj.,"a. 外国的, 外交的, 外省的, 外来的, 不相关的\n[机] 外来的",,,cet4-core source:ecdict cet4-all,689
drop,drɒp,n.,"n. 滴, 微量, 落下, 空投\nvi. 放下, 掉下, 下降\nvt. 使滴下, 放下, 丢失, 遗漏\n[计] 投入, 投入点, 接入点, 分接点",,,cet4-core source:ecdict cet4 cet6 cet4-all family:dropped family:dropping family:drops,690
blood,blʌd,n.,"n. 血, 血统, 流血, 气质, 生命\nvt. 使出血, 用血涂",,,cet4-core source:ecdict cet4 cet4-all family:bloods family:blooded family:blooding,692
upon,ә'pɒn,prep.,"prep. 在...之上, 迫近, 紧接着",,,cet4-core source:ecdict cet4 cet6 cet4-all,693
agency,'eidʒәnsi,n.,"n. 代理机构, 经销商, 中介\n[化] 办事处",,,cet4-core source:ecdict cet4 cet4-all family:agencies,694
push,puʃ,n.,"n. 推, 推动, 奋斗, 攻击, 进取心\nvt. 推, 推动, 使伸出, 推行, 逼迫, 增加\nvi. 推, 推进, 增加, 努力争取",,,cet4-core source:ecdict cet4-all family:pushed family:pushing family:pushes,695
nature,'neitʃә,n.,"n. 自然, 大自然, 本性, 性格, 性质\n[医] 自然, 大自然; 本性, 性能",,,cet4-core source:ecdict cet4 cet6 cet4-all family:natures,696
color,'kʌlә,n.,"n. 颜色, 面色, 颜料, 外貌\nvt. 把...涂上颜色, 粉饰, 使脸红, 歪曲\nvi. 变色",,,cet4-core source:ecdict cet4 cet4-all family:colors family:coloring family:colored,697
recently,'ri:sntli,adv.,adv. 最近,,,cet4-core source:ecdict cet4 cet6 cet4-all,699
store,stɒ:,n.,"n. 商店, 贮藏, 仓库, 备用品, 存储器\nvt. 储存, 贮藏, 供给\nvi. 贮藏\na. 贮藏的, 现成的\n[计] 存储器操作; 存储",,,cet4-core source:ecdict cet4-all family:stores family:stored family:storing,700
reduce,ri'dju:s,vt.,"vt. 减少, 分解, 降低, 使衰退, 把...分解, 把...归纳\nvi. 减少, 减肥, 缩小\n[计] 缩小",,,cet4-core source:ecdict cet4 cet6 cet4-all family:reduced family:reducing family:reduces,701
sound,saund,n.,"n. 声音, 语音, 吵闹, 声调, 听力范围, 探条, 海峡\na. 健全的, 可靠的, 合理的, 健康的, 彻底的, 资金充实的\nadv. 彻底地, 充分地\nvi. 发出声音, 回响, 测深, 试探, 听起来\nvt. 使发声, 宣告, 听诊, 测...深, 试探\n[计] 声音",,,cet4-core source:ecdict cet4-all family:sounds family:sounded family:sounding family:sounder,702
note,nәut,n.,"n. 笔记, 记录, 注解, 票据, 符号, 显要, 注重, 便笺, 照会\nvt. 记录, 注解, 注意",,,cet4-core source:ecdict cet4-all family:notes family:noted family:noting,703
fine,fain,n.,"n. 罚款, 罚金, 晴天, 精细\na. 好的, 晴朗的, 健康的, 细小的, 精细的\nvt. 罚款, 精炼, 澄清\nvi. 变清, 变细\nadv. 很好\n[计] 精细",,,cet4-core source:ecdict cet4-all family:finest family:fined family:fines family:finer family:fining,704
near,niә,adj.,"a. 近的, 近亲的, 近似的\nadv. 接近, 亲近\nprep. 靠近, 近似于\nv. 接近, 走近",,,cet4-core source:ecdict cet4-all family:nearest family:nearer family:nearing family:neared family:nears,706
movement,'mu:vmәnt,n.,"n. 运动, 动作, 运转, 移动, 倾向, 变化, 活动, 乐章\n[医] 运动",,,cet4-core source:ecdict cet4 cet6 cet4-all family:movements,707
page,peidʒ,n.,"n. 页, 记录, 事件, 专栏, 男侍\nvt. 标明...的页数, 翻...的书页, 分页排版, 呼叫, 侍候\nvi. 翻书页, 侍侯\n[计] 页; 页面",,,cet4-core source:ecdict cet4-all family:pages family:paging family:paged,708
enter,'entә,vt.,"vt. 进入, 参加, 开始, 输入, 回车\nvi. 进去, 参加\n[计] 输入, 回车",,,cet4-core source:ecdict cet4 cet4-all family:entered family:entering family:enters,709
common,'kɒmәn,adj.,"a. 通常的, 共同的, 通俗的, 公共的\n[计] 公用块",,,cet4-core source:ecdict cet4 cet6 cet4-all,710
share,ʃєә,n.,"n. 部分, 参与, 一份, 参股, 份额\nvt. 均分, 分担, 分享, 分配, 共有\nvi. 分享\n[计] 共享; DOS外部命令:在网络或多工系统中提供文件共享\n文件锁定及检测磁盘更动和对超过32MB硬盘分区的支持",,,cet4-core source:ecdict cet4 cet6 cet4-all family:shares family:shared family:sharing,711
poor,puә. pɒ:,adj.,"a. 贫穷的, 贫乏的, 不幸的, 可怜的, 拙劣的, 卑鄙的\n[经] 低劣的, 不良的",,,cet4-core source:ecdict cet4-all family:poorer family:poorest,713
natural,'nætʃәrәl,n.,"n. 白痴\na. 自然的, 自然界的, 本能的, 天然的, 物质的, 正常的, 原始的, 自然数的",,,cet4-core source:ecdict cet4 cet6 cet4-all,715
race,reis,n.,"n. 种族, 人种, 赛跑, 比赛, 急流, 人类, 同道, 姜根\nvi. 赛跑, 竞赛, 疾走\nvt. 与...赛跑, 使疾走, 使猛转\n[计] 竞争; 追赶; 欧州高级通信研究开发计划",,,cet4-core source:ecdict cet4 cet6 cet4-all family:races family:racing family:raced,716
concern,kәn'sә:n,n.,"n. 关心, 忧虑\nvt. 与...有关, 使担心, 使挂念",,,cet4-core source:ecdict cet4 cet6 cet4-all cet6-core family:concerns family:concerned family:concerning,717
series,'siәri:z,n.,"n. 串联, 序列, 连续, 系列, 丛书, 套, 级数, 组\n[计] 系列",,,cet4-core source:ecdict cet4 cet6 cet4-all cet6-core,718
significant,sig'nifikәnt,adj.,"a. 重要的, 有效的, 有含义的, 暗示的, 值得注意的",,,cet4-core source:ecdict cet4 cet6 cet4-all cet6-core,719
similar,'similә,adj.,"a. 相似的, 类似的\nn. 相似的东西",,,cet4-core source:ecdict cet4-all cet6-core,720
hot,hɒt,adj.,"a. 热的, 热心的, 辣的, 热情的, 激动的, 猛烈的, 紧迫的\nadv. 热, 紧迫地",,,cet4-core source:ecdict cet4-all family:hotter family:hottest family:hotting family:hots,721
language,'læŋgwidʒ,n.,"n. 语言, 文字, 措辞\n[计] 语言",,,cet4-core source:ecdict cet4-all family:languages,722
usually,'ju:ʒuәli,adv.,"adv. 通常, 大抵",,,cet4-core source:ecdict cet4-all,724
response,ri'spɒns,n.,"n. 反应, 回答, 响应\n[计] 应答",,,cet4-core source:ecdict cet4 cet6 cet4-all cet6-core family:responses,725
dead,ded,adj.,"a. 死的, 不活泼的, 麻木的, 熄灭的\nn. 死者\nadv. 完全地, 直接地",,,cet4-core source:ecdict cet4-all,726
rise,raiz,n.,"n. 上升, 增加, 上涨, 高地, 升高, 出现\nvi. 升起, 起身, 起立, 上升, 上涨, 增长, 高耸, 起义, 浮现\nvt. 使飞起",,,cet4-core source:ecdict cet4 cet6 cet4-all family:rose family:rising family:risen family:rises,727
animal,'ænimәl,n.,n. 动物\n[医] 动物,,,cet4-core source:ecdict cet4-all family:animals,728
factor,'fæktә,n.,"n. 因素, 因数, 系数, 基因, 代理人\n[计] 因式",,,cet4-core source:ecdict cet4 cet4-all cet6-core family:factors family:factoring family:factored,729
decade,'dekeid,n.,"n. 十年, 十",,,cet4-core source:ecdict cet4 cet6 cet4-all cet6-core family:decades,730
article,'ɑ:tikl,n.,"n. 文章, 冠词, 物品, 物件, 条款, 契约\n[计] 信件",,,cet4-core source:ecdict cet4 cet4-all family:articles family:articled family:articling,731
shoot,ʃu:t,n.,"n. 射击, 狩猎, 芽, 射伤, 发射, 发芽, 急流, 推力, 摄影, 急送, 滑运道, 浪费\nvt. 射击, 射中, 损毁, 拍摄, 喷出, 投射, 挥出, 飞速行进, 挥霍, 给...注射\nvi. 射出, 射击, 发出, 拍电影, 射门, 发芽",,,cet4-core source:ecdict cet4 cet6 cet4-all family:shot family:shooting family:shoots,732
east,i:st,n.,"n. 东方, 东\na. 东方的, 向东的\nadv. 向东方, 朝东方",,,cet4-core source:ecdict cet4-all,733
seven,'sevn,num.,"num. 七, 七个",,,cet4-core source:ecdict cet4-all,734
save,seiv,n.,"n. 救球\nvt. 解救, 挽救, 储蓄, 保存, 节省, 保留\nvi. 挽救, 节省, 救球\nprep. 除...之外\n[计] 保存",,,cet4-core source:ecdict cet4 cet6 cet4-all family:saved family:saving family:saves,735
artist,'ɑ:tist,n.,"n. 艺术家, 画家",,,cet4-core source:ecdict cet4 cet4-all family:artists,736
scene,si:n,n.,"n. 场, 情景, 镜头, 发生地点, 道具, 布景, 景色\n[化] 现场",,,cet4-core source:ecdict cet4 cet6 cet4-all family:scenes,738
eight,eit,num.,"num. 八, 八个",,,cet4-core source:ecdict cet4-all,739
stock,stɒk,n.,"n. 树干, 祖先, 血统, 原料, 备料, 库存, 牲畜, 股票, 股份, 保留剧目\na. 存货的, 常备的, 平凡的, 普通的, 股票的, 保留剧目的, 繁殖用的\nvt. 装把手于, 进货, 备有, 放牧\nvi. 出新芽, 备货, 囤积",,,cet4-core source:ecdict cet4 cet6 cet4-all cet6-core family:stocks family:stocked family:stocking,740
career,kә'riә,n.,"n. 事业, 生涯, 成功\n[法] 职业, 专业, 履历",,,cet4-core source:ecdict cet4 cet4-all family:careers family:careered family:careering,741
despite,di'spait,n.,"n. 轻视, 憎恨\nprep. 虽然, 尽管",,,cet4-core source:ecdict cet4 cet6 cet4-all cet6-core,742
central,'sentrәl,adj.,"a. 中央的, 重要的\n[医] 中央的, 中心的, 中枢的",,,cet4-core source:ecdict cet4 cet6 cet4-all,743
thus,ðʌs,adv.,"adv. 如此, 因此, 到如此程度\n[医] 乳香",,,cet4-core source:ecdict cet4 cet6 cet4-all,744
treatment,'tri:tmәnt,n.,"n. 治疗, 待遇, 处理\n[医] 疗法, 治疗; 处理",,,cet4-core source:ecdict cet4 cet6 cet4-all family:treatments,745
beyond,bi'jɒnd,prep.,"prep. 超过, 在那一边, 迟于\nadv. 在远处\nn. 更远处",,,cet4-core source:ecdict cet4 cet4-all cet6-core,746
happy,'hæpi,adj.,"a. 快乐的, 幸福的, 愉快的, 恰当的",,,cet4-core source:ecdict cet4-all family:happier family:happiest,747
exactly,i^'zæktli,adv.,"adv. 确切地, 精确地, 恰好, 完全地, 确实, 恰恰正是, 确实如此",,,cet4-core source:ecdict cet4 cet4-all,748
protect,prә'tekt,vt.,"vt. 防卫, 保护, 警戒\n[法] 庇护, 保护, 警戒",,,cet4-core source:ecdict cet4 cet6 cet4-all family:protected family:protecting family:protects,749
approach,ә'prәutʃ,n.,"n. 接近, 入门\nvt. 接近, 近似, 找...商量\nvi. 靠近",,,cet4-core source:ecdict cet4 cet6 cet4-all cet6-core family:approaches family:approached family:approaching,750
lie,lai,n.,"n. 谎言, 假象, 位置\nvi. 躺着, 说谎, 位于, 展现, 存在, 停泊\nvt. 谎骗",,,cet4-core source:ecdict cet4-all family:lay family:lying family:lies family:lain,751
size,saiz,n.,"n. 大小, 尺寸, 规模, 尺码, 能力, 浆料\nvt. 上浆, 依大小排列\nvi. 可比拟\na. 一定大小的, 一定尺寸的",,,cet4-core source:ecdict cet4-all family:sizes family:sized family:sizing,752
dog,dɒg,n.,"n. 狗, 坏蛋\nvt. 跟踪, 尾随",,,cet4-core source:ecdict cet4-all family:dogs family:dogged family:dogging,753
fund,fʌnd,n.,"n. 基金, 资金, 存款, 财源, 贮藏\nvt. 提供资金, 积累",,,cet4-core source:ecdict cet4 cet6 cet4-all cet6-core family:funds family:funded family:funding,754
serious,'siәriәs,adj.,"a. 严肃的, 认真的, 重要的, 严重的\n[电] 严重的",,,cet4-core source:ecdict cet4 cet6 cet4-all,755
occur,ә'kә:,vi.,"vi. 发生, 被想到, 存在",,,cet4-core source:ecdict cet4 cet6 cet4-all cet6-core family:occurs family:occurred family:occurring,756
ready,'redi,n.,"n. 预备好的状态, 现款\na. 准备好的, 备用的, 可以使用的\nadv. 预先, 迅速\nvt. 使准备好",,,cet4-core source:ecdict cet4-all family:readies family:readying family:readier family:readied,758
sign,sain,n.,"n. 符号, 招牌, 征兆, 正负号, 手势\nvt. 签名, 打手势表达\nvi. 签名\n[计] 正负号; 符号; 符号字符",,,cet4-core source:ecdict cet4 cet6 cet4-all family:signs family:signed family:signing,759
thought,θɒ:t,n.,"n. 想法, 思想, 思维, 关心, 挂念\nthink的过去式和过去分词",,,cet4-core source:ecdict cet4 cet6 cet4-all family:think family:pd family:thoughts,760
list,list,n.,"n. 目录, 名单, 明细表, 布条, 条纹, 列表, 序列, 数据清单\nvt. 列出, 列于表上, 记入名单内, 装布条\nvi. 列于表上\n[计] 列表, 序列, 数据清单",,,cet4-core source:ecdict cet4 cet6 cet4-all family:lists family:listed family:listing,761
individual,.indi'vidʒuәl,n.,"n. 人, 个人, 个体\na. 个别的, 个人的, 独特的",,,cet4-core source:ecdict cet4 cet6 cet4-all cet6-core family:individuals,762
simple,'simpl,adj.,"a. 简单的, 普通的, 朴素的, 单纯的, 绝对的, 初级的, 原始的, 迟钝的\nn. 出身低微者, 傻子",,,cet4-core source:ecdict cet4-all family:simplest family:simpler,763
quality,'kwɒlәti,n.,"n. 品质, 特性, 才能, 质量\na. 优质的\n[计] 品质",,,cet4-core source:ecdict cet4 cet6 cet4-all family:qualities,764
pressure,'preʃә,n.,"n. 压, 榨, 按, 强制, 压力, 压迫, 压强\nvt. 迫使, 使增压, 密封",,,cet4-core source:ecdict cet4 cet6 cet4-all cet6-core family:pressures family:pressured family:pressuring,765
accept,әk'sept,vt.,"vt. 接受, 承认, 同意, 相信, 赞成, 承担, 承兑, 采纳, 接纳, 容忍\nvi. 同意",,,cet4-core source:ecdict cet4 cet4-all family:accepted family:accepting family:accepts,766
answer,'ɑ:nsә,n.,"n. 答案, 回答, 回报, 答辩\nvt. 回答, 反驳, 适应, 响应, 符合\nvi. 回答, 答应, 负责, 符合, 成功\n[计] 用户问题及答案新闻组",,,cet4-core source:ecdict cet4-all family:answers family:answered family:answering,767
resource,ri'sɒ:s,n.,"n. 资源, 财力, 办法, 策略, 急智, 消遣\n[计] 资源",,,cet4-core source:ecdict cet4 cet6 cet4-all family:resources family:resourced family:resourcing,769
identify,ai'dentifai,vt.,"vt. 识别, 认为...等同于, 确定, 使参与\nvi. 一致, 认同",,,cet4-core source:ecdict cet4 cet6 cet4-all cet6-core family:identified family:identifying family:identifies,770
left,left,adj.,"a. 左边的, 左倾的, 左侧的, 左派的\nadv. 在左面\nn. 左, 左面, 左派\nleave的过去式和过去分词",,,cet4-core source:ecdict cet4-all family:leave family:dp family:left,771
meeting,'mi:tiŋ,n.,"n. 会议, 会面\n[法] 会议, 会谈, 集会",,,cet4-core source:ecdict cet4-all family:meet family:i family:meetings family:meeting,772
determine,di'tә:min,v.,"v. 决定, 决心",,,cet4-core source:ecdict cet4 cet6 cet4-all family:determined family:determining family:determines,773
prepare,pri'pєә,vt.,"vt. 准备, 筹备, 使在思想上有准备, 制造, 调制\nvi. 预备",,,cet4-core source:ecdict cet4 cet6 cet4-all family:prepared family:preparing family:prepares,774
disease,di'zi:z,n.,"n. 疾病, 弊病\n[医] [疾]病",,,cet4-core source:ecdict cet4 cet6 cet4-all cet6-core family:diseases,775
whatever,hwɒt'evә,pron.,pron. 无论什么,,,cet4-core source:ecdict cet4 cet6 cet4-all,776
success,sәk'ses,n.,"n. 成功, 成就, 胜利",,,cet4-core source:ecdict cet4 cet6 cet4-all family:successes,777
argue,'ɑ:gju,vi.,"vi. 提出理由, 争论, 辩论\nvt. 主张, 辩论, 证明, 说服",,,cet4-core source:ecdict cet4 cet6 cet4-all cet6-core family:argued family:argues family:arguing,778
recognize,'rekәgnaiz,vt.,"vt. 认出, 认可, 承认, 公认, 识别, 赏识\nvi. 承认, 具结",,,cet4-core source:ecdict cet4 cet6 cet4-all cet6-core family:recognized family:recognizing family:recognizes,779
cup,kʌp,n.,"n. 杯子, 茶杯, 优胜杯\nvt. 使成杯状, 为...拔火罐",,,cet4-core source:ecdict cet4-all family:cups family:cupping family:cupped,780
particularly,pә'tikjjlәli,adv.,"adv. 特别, 格外, 尤其, 详细地, 细致地",,,cet4-core source:ecdict cet4 cet6 cet4-all,781
amount,ә'maunt,n.,"n. 总数, 总额\nvi. 总计, 等同",,,cet4-core source:ecdict cet4 cet4-all family:amounts family:amounted family:amounting,782
ability,ә'biliti,n.,"n. 能力, 才干\n[经] 能力, 才能",,,cet4-core source:ecdict cet4 cet4-all family:abilities,783
staff,stɑ:f,n.,"n. 全体人员, 工作班子, 棍棒, 杆, 拐杖, 支柱, 权杖\na. 职员的, 雇员的, 参谋的\nvt. 为...配备人员",,,cet4-core source:ecdict cet4 cet6 cet4-all family:staffed family:staffs family:staffing,784
indicate,'indikeit,vt.,"vt. 显示, 象征, 指示, 指出\n[医] 指示",,,cet4-core source:ecdict cet4 cet6 cet4-all family:indicates family:indicated family:indicating,785
character,'kærәktә,n.,"n. 个性, 字符, 人物, 性质, 品格, 资格\n[计] 字符",,,cet4-core source:ecdict cet4 cet6 cet4-all cet6-core family:characters family:charactering family:charactered,786
growth,grәuθ,n.,"n. 生长, 栽培, 增长\n[计] 等比级数",,,cet4-core source:ecdict cet4 cet6 cet4-all family:growths,787
loss,lɒs,n.,"n. 损失, 遗失, 失败, 输, 错过, 伤亡\n[化] 损失; 损耗",,,cet4-core source:ecdict cet4 cet6 cet4-all family:losses,788
degree,di'gri:,n.,"n. 程度, 度数, 学位, 度\n[医] 度, 程度",,,cet4-core source:ecdict cet4 cet6 cet4-all family:degrees,789
wonder,'wʌndә,n.,"n. 奇迹, 惊奇, 惊愕\nvt. 惊奇, 想知道\nvi. 惊讶, 怀疑",,,cet4-core source:ecdict cet4 cet6 cet4-all family:wondered family:wondering family:wonders,790
attack,ә'tæk,n.,"n. 攻击, 抨击\nvt. 攻击, 抨击, 动手干\nvi. 攻击",,,cet4-core source:ecdict cet4 cet6 cet4-all cet6-core family:attacks family:attacked family:attacking,791
herself,hә:'self,pron.,"pron. 她自己, 她亲自",,,cet4-core source:ecdict cet4-all,792
region,'ri:dʒәn,n.,"n. 区域, 地带, 地区, 领域, 范围, 区\n[计] 区, 区域",,,cet4-core source:ecdict cet4 cet6 cet4-all cet6-core family:regions,793
television,'teli.viʒәn,n.,n. 电视\n[电] 电视,,,cet4-core source:ecdict cet4-all family:televisions,794
box,bɒks,n.,"n. 盒子, 箱, 方框, 一巴掌\nvt. 装...入盒中, 装箱, 打耳光\nvi. 拳击\n[计] 方框",,,cet4-core source:ecdict cet4-all family:boxes family:boxed family:boxing,795
training,'treiniŋ,n.,"n. 训练, 培养\n[医] 训练",,,cet4-core source:ecdict cet4 cet6 cet4-all family:training family:i,796
pretty,'priti,adj.,"a. 漂亮的, 优美的, 机灵的, 狡猾的, 恰当的\nadv. 相当, 颇",,,cet4-core source:ecdict cet4 cet6 cet4-all family:prettiest family:prettier,797
everybody,'evribɒdi,pron.,"pron. 每个人, 人人",,,cet4-core source:ecdict cet4-all,799
trade,treid,n.,"n. 贸易, 商业, 交易, 生意, 职业, 顾客, 信风\nvi. 进行交易, 做买卖, 经商, 对换, 购物\nvt. 用...进行交换",,,cet4-core source:ecdict cet4 cet6 cet4-all family:trades family:trading family:traded,800
election,i'lekʃәn,n.,"n. 选举, 当选, 选择权\n[法] 选举, 当选",,,cet4-core source:ecdict cet4 cet6 cet4-all family:elections,801
physical,'fizikl,adj.,"a. 身体的, 物质的, 自然的, 物理学的, 好色的\nn. 体格检查",,,cet4-core source:ecdict cet4 cet6 cet4-all,802
lay,lei,vt.,"vt. 放置, 产, 铺设, 布置, 提出, 平息\nvi. 下蛋, 打赌\nn. 位置, 层, 隐藏处\na. 世俗的, 外行的\nlie的过去式",,,cet4-core source:ecdict cet4 cet6 cet4-all family:lie family:p family:laid family:laying family:lays,803
general,'dʒenәrәl,n.,"n. 一般, 将军, 大体\na. 全面的, 大体的, 总的, 一般的, 普遍的\nn. 常规\n[计] 常规",,,cet4-core source:ecdict cet4 cet6 cet4-all family:generals,804
feeling,'fi:liŋ,n.,"n. 摸, 触觉, 知觉, 感觉, 情绪, 同情\na. 有同情心的, 有感觉的, 仁慈的, 动人的",,,cet4-core source:ecdict cet4 cet4-all family:feel family:i family:feelings family:feeling,805
standard,'stændәd,n.,"n. 标准, 规格, 旗, 军旗, 本位\na. 标准的, 合规格的\n[计] 标准",,,cet4-core source:ecdict cet4 cet6 cet4-all family:standards,806
message,'mesidʒ,n.,"n. 消息, 通讯, 讯息, 教训, 预言, 广告词\nvt. 通知\nvi. 通报, 报告, 报信\n[计] 报文; 消息; 信息",,,cet4-core source:ecdict cet4 cet6 cet4-all family:messages family:messaging family:messaged,807
fail,feil,vi.,"vi. 失败, 缺乏, 中断, 衰退, 失灵\nvt. 忘记, 使...失望, 缺乏, 不及格\nn. 不及格",,,cet4-core source:ecdict cet4-all family:failed family:failing family:fails,808
outside,'aut'said,n.,"n. 外面, 外表, 外界\na. 外面的, 外表的, 外界的\nadv. 外面, 外表, 外界",,,cet4-core source:ecdict cet4-all,809
arrive,ә'raiv,vi.,"vi. 到达, 抵达",,,cet4-core source:ecdict cet4-all family:arrived family:arriving family:arrives,810
analysis,ә'nælәsis,n.,n. 分析\n[计] 分析机; 分析员; 分析; 分析程序,,,cet4-core source:ecdict cet4 cet6 cet4-all cet6-core family:analyses,811
benefit,'benifit,n.,n. 利益\nvt. 有益于\nvi. 受益,,,cet4-core source:ecdict cet4 cet6 cet4-all cet6-core family:benefits family:benefited family:benefiting,812
sex,seks,n.,"n. 性别, 性欲\nvt. 区别...的性别, 引起...的性欲",,,cet4-core source:ecdict cet4 cet6 cet4-all family:sexes family:sexing family:sexed,814
forward,'fɒ:wәd,adj.,"a. 向前的, 早的, 迅速的, 在前的, 进步的\nvt. 促进...的生长, 转寄, 运送\nadv. 向前地\n[计] 前推, 转信",,,cet4-core source:ecdict cet4-all family:forwards family:forwarded family:forwarding,815
lawyer,'lɒ:jә,n.,n. 律师\n[经] 律师,,,cet4-core source:ecdict cet4 cet6 cet4-all family:lawyers,816
present,'preznt,n.,"n. 现在, 礼品, 瞄准\na. 现在的, 出席的\nvt. 介绍, 引见, 赠送, 提出, 呈现, 上演\nvi. 举枪瞄准",,,cet4-core source:ecdict cet4-all family:presented family:presents family:presenting,817
section,'sekʃәn,n.,"n. 区段, 部分, 区域, 节, 截面, 处, 科, 区, 扇区\nvt. 把...分段, 把...切片\nvi. 被切成片\n[计] 扇区",,,cet4-core source:ecdict cet4 cet6 cet4-all family:sections family:sectioned family:sectioning,818
glass,glɑ:s,n.,"n. 玻璃, 玻璃杯, 透镜\nvt. 装玻璃于, 反射, 反映\nvi. 成玻璃状",,,cet4-core source:ecdict cet4-all family:glasses family:glassing family:glassed,820
skill,'skil,n.,"n. 技术, 技巧, 技能, 熟练, 熟练工人\n[化] 技能",,,cet4-core source:ecdict cet4 cet6 cet4-all family:skills,821
sister,'sistә,n.,"n. 姐妹, 姐, 妹, 护士, 修女\nvt. 姐妹般对待",,,cet4-core source:ecdict cet4-all family:sisters,823
professor,prә'fesә,n.,n. 教授,,,cet4-core source:ecdict cet4 cet6 cet4-all family:professors,825
operation,.ɒpә'reiʃәn,n.,"n. 操作, 动作, 手术, 运算, 作用, 业务\n[计] 运算",,,cet4-core source:ecdict cet4 cet6 cet4-all family:operations,826
financial,fai'nænʃәl,adj.,"a. 财政的, 金融的\n[经] 财政的, 金融的, 财务的",,,cet4-core source:ecdict cet4 cet6 cet4-all cet6-core,827
crime,kraim,n.,"n. 犯罪, 罪行, 罪恶\n[法] 犯罪, 罪, 罪恶",,,cet4-core source:ecdict cet4 cet6 cet4-all cet6-core family:crimes,828
stage,steidʒ,n.,"n. 阶段, 舞台, 场所, 戏剧, 站, 驿站, 级, 层, 脚手架\nvt. 上演, 表演, 筹划\nvi. 适于上演, 乘驿车旅行",,,cet4-core source:ecdict cet4 cet6 cet4-all family:stages family:staged family:staging,829
compare,kәm'pєә,vt.,"vt. 比较, 比喻, 对照\nvi. 相比\nn. 比较\n[计] 比较",,,cet4-core source:ecdict cet4 cet6 cet4-all cet6-core family:compared family:comparing family:compares,831
authority,ɒ:'θɒriti,n.,"n. 权力, 当权者, 当局, 权威, 专家\n[经] 代理权, 授权, 权威",,,cet4-core source:ecdict cet4 cet6 cet4-all cet6-core family:authorities,832
miss,mis,n.,"n. 失误, 避免, 失败, 小姐\nvt. 未得到, 未达到, 未听到, 未觉察, 逃脱, 遗漏, 错过, 思念\nvi. 失败, 击不中",,,cet4-core source:ecdict cet4-all family:missed family:missing family:misses,833
design,di'zain,n.,"n. 设计, 图样, 方案, 企图\nv. 设计, 计划",,,cet4-core source:ecdict cet4 cet6 cet4-all cet6-core family:designed family:designs family:designing,834
sort,sɒ:t,n.,"n. 种类, 方式, 品质, 态度, 举止\nvt. 分类, 排序, 挑选\nvi. 交往, 协调\n[计] 排序; DOS外部命令:从标准输入设备接收数据, 整个数据输入完后\n对它以行为单位进行排序, 然后在标准输出设备上输出",,,cet4-core source:ecdict cet4 cet6 cet4-all family:sorts family:sorted family:sorting,835
act,ækt,n.,"n. 行动, 行为, 幕, 法案\nvi. 行动, 表演, 假装, 见效, 表现, 担当\nvt. 扮演, 装作\n[计] 先进通信技术, 先进计算机工艺, 自动代码翻译技术",,,cet4-core source:ecdict cet4 cet4-all family:acting family:acts family:acted,837
ten,ten,num.,"num. 十, 十个",,,cet4-core source:ecdict cet4-all,838
knowledge,'nɒlidʒ,n.,"n. 知识, 学问, 认识, 知道",,,cet4-core source:ecdict cet4 cet6 cet4-all family:knowledges,839
gun,gʌn,n.,n. 枪\n[医] 枪,,,cet4-core source:ecdict cet4 cet6 cet4-all family:guns family:gunned family:gunning,840
station,'steiʃәn,n.,"n. 车站, 站, 局, 驻地, 位置, 身分, 地位\nvt. 安置, 配置, 驻扎\n[计] 站",,,cet4-core source:ecdict cet4-all family:stations family:stationed family:stationing,841
blue,blu:,n.,"n. 蓝色\na. 蓝色的, 下流的, 忧郁的\nvt. 染成蓝色\nvi. 变蓝",,,cet4-core source:ecdict cet4-all family:blues family:bluing family:blued,842
strategy,'strætidʒi,n.,"n. 战略, 策略\n[经] 战略, 策略",,,cet4-core source:ecdict cet4 cet6 cet4-all cet6-core family:strategies,844
clearly,'kliәli,adv.,adv. 清楚地,,,cet4-core source:ecdict cet4 cet4-all,846
discuss,dis'kʌs,vt.,"vt. 讨论, 论述\n[医] 讨论, 辩论",,,cet4-core source:ecdict cet4-all family:discussed family:discussing family:discusses,847
indeed,in'di:d,adv.,"adv. 的确, 实在, 真正地, 甚至",,,cet4-core source:ecdict cet4 cet6 cet4-all,848
truth,tru:θ,n.,"n. 事实, 实情\n[法] 真实, 真相, 事实",,,cet4-core source:ecdict cet4 cet6 cet4-all family:truths,850
song,sɒŋ,n.,"n. 歌, 曲, 鸣声, 歌唱, 歌曲, 诗歌",,,cet4-core source:ecdict cet4-all family:songs,851
example,ig'zæmpl,n.,"n. 例子, 样本, 实例\n[化] 实例",,,cet4-core source:ecdict cet4-all family:examples,852
democratic,.demә'krætik,adj.,"a. 民主的\n[法] 民主的, 民主政体的, 平民的",,,cet4-core source:ecdict cet4 cet6 cet4-all,853
check,tʃek,n.,"n. 检查, 支票, 阻止物, 寄物牌, 象棋中将军\nvt. 检查, 阻止, 核对, 寄存, 托运\nvi. 逐项相符, 开支票\n[计] 复选",,,cet4-core source:ecdict cet4-all family:checking family:checked family:checks,854
environment,in'vairәnmәnt,n.,"n. 环境, 外界, 围绕\n[计] 环境",,,cet4-core source:ecdict cet4 cet6 cet4-all cet6-core family:environments,855
leg,leg,n.,"n. 腿, 假腿, 路程\nvi. 走, 跑",,,cet4-core source:ecdict cet4-all family:legs,856
dark,dɑ:k,n.,"n. 黑暗, 夜, 黄昏, 模糊\na. 黑暗的, 暗的, 深色的, 隐密的, 模糊的, 无知的",,,cet4-core source:ecdict cet4-all family:darker family:darkest,857
various,'vєәriәs,adj.,"a. 不同的, 各种的, 多方面的, 许多的, 个别的, 杂色的\n[法] 不同的, 种种的, 各式各样的",,,cet4-core source:ecdict cet4 cet6 cet4-all cet6-core,859
rather,'ræðә,adv.,"adv. 宁可, 稍微, 相当",,,cet4-core source:ecdict cet4 cet6 cet4-all,860
laugh,lɑ:f,n.,"n. 笑, 笑声\nvi. 笑, 大笑\nvt. 以笑表示",,,cet4-core source:ecdict cet4-all family:laughed family:laughing family:laughs,861
guess,ges,n.,"n. 猜测, 臆测\nv. 猜测, 臆测",,,cet4-core source:ecdict cet4-all family:guessed family:guessing family:guesses,862
executive,ig'zekjutiv,n.,"n. 执行部门, 执行委员会, 执行者, 经理主管人员\na. 执行的, 善于执行的, 善于经营的\n[计] 执行程序",,,cet4-core source:ecdict cet4 cet6 cet4-all cet6-core family:executives,863
prove,pru:v,vt.,"vt. 证明, 查验, 检验, 勘探, 显示\nvi. 证明是",,,cet4-core source:ecdict cet4 cet6 cet4-all family:proved family:proving family:proves,866
hang,hæŋ,n.,"n. 悬挂, 诀窍, 意义\nvt. 悬挂, 附着, 装饰, 垂下, 踌躇, 绞死, 使悬而未决\nvi. 悬着, 垂下, 被绞死, 悬而不决",,,cet4-core source:ecdict cet4 cet6 cet4-all family:hanging family:hung family:hangs,867
entire,in'taiә,n.,"n. 整个, 全部\na. 全体的, 完全的, 全部的",,,cet4-core source:ecdict cet4 cet6 cet4-all,868
rock,rɒk,n.,"n. 岩石, 岩礁, 石头, 基石, 暗礁, 摇动, 摇滚乐\nvt. 摇摆, 摇动, 使摇晃, 使动摇\nvi. 摇, 摇动",,,cet4-core source:ecdict cet4 cet6 cet4-all family:rocks family:rocking family:rocked,869
forget,fә'get,vt.,"vt. 忘记, 忽略, 忘\nvi. 忘记",,,cet4-core source:ecdict cet4-all family:forgotten family:forgot family:forgetting family:forgets,872
claim,kleim,n.,"n. 要求, 要求权, 断言, 权利\nvt. 要求, 认领, 主张\nvi. 提出要求, 主张, 断言",,,cet4-core source:ecdict cet4 cet6 cet4-all cet6-core family:claimed family:claims family:claiming,874
remove,ri'mu:v,vt.,"vt. 移动, 调动, 除去, 迁移, 开除, 移交\nvi. 迁移, 移动, 搬家\nn. 班级, 升级, 移动, 搬家, 间距\n[计] 删除",,,cet4-core source:ecdict cet4 cet6 cet4-all family:removed family:removing family:removes,876
manager,'mænidʒә,n.,"n. 经理, 管理员, 管理器\n[计] 管理器",,,cet4-core source:ecdict cet4-all family:managers,877
enjoy,in'dʒɒi,vt.,"vt. 享受, 喜欢, 欣赏\n[法] 享受, 享有, 获得某种利益",,,cet4-core source:ecdict cet4-all family:enjoyed family:enjoying family:enjoys,881
network,'netwә:k,n.,"n. 网络, 广播网, 网状物\n[计] 网络",,,cet4-core source:ecdict cet4 cet6 cet4-all family:networks family:networking family:networked,882
legal,'li:gәl,adj.,"a. 法律的, 法定的, 合法的\n[经] 法定权利; 法律(上)的, 合法的",,,cet4-core source:ecdict cet4 cet6 cet4-all cet6-core,883
religious,ri'lidʒәs,adj.,"a. 宗教性的, 虔诚的, 宗教上的, 严谨的\nn. 修道士, 出家人",,,cet4-core source:ecdict cet4 cet6 cet4-all cet6-core,884
cold,kәuld,n.,"n. 感冒, 寒冷\na. 寒冷的, 冷淡的, 冷静的\nadv. 完全地",,,cet4-core source:ecdict cet4 cet4-all family:colder family:colds family:coldest,885
final,'fainl,n.,"n. 期末考试, 结局, 决赛\na. 最后的, 终极的, 决定性的",,,cet4-core source:ecdict cet4 cet4-all family:finals,887
main,mein,n.,"n. 主要部分, 干线, 体力, 力量, 主群组\na. 主要的, 重要的, 全力的\n[计] 主群组",,,cet4-core source:ecdict cet4 cet6 cet4-all,888
science,'saiәns,n.,"n. 科学, 学科, 学问, 自然科学\n[医] 科学",,,cet4-core source:ecdict cet4-all family:sciences,889
green,gri:n,n.,"n. 绿色, 绿色颜料\na. 绿色的, 未成熟的, 新鲜的, 青春的, 无经验的, 脸色发青的",,,cet4-core source:ecdict cet4-all family:greens family:greener family:greenest,890
memory,'memәri,n.,"n. 记忆, 记忆力, 回忆, 纪念, 存储\nn. 内存\n[计] 存储器, 内存, 查看内存实用程序",,,cet4-core source:ecdict cet4 cet6 cet4-all family:memories,891
card,kɑ:d,n.,"n. 卡片, 纸牌, 节目单, 明信片, 梳棉机\nvt. 备置卡片, 记于卡片上, 梳理\n[计] 卡片, 卡",,,cet4-core source:ecdict cet4-all family:cards family:carded family:carding,892
above,ә'bʌv,prep.,"prep. 在上方, 超出\nadv. 在上面\na. 上述的, 上面的",,,cet4-core source:ecdict cet4-all,893
seat,si:t,n.,"n. 座, 座位, 位子, 席位, 所在地\nvt. 使坐下, 使就座, 为...设座于, 使就职\nvi. 安装在底座上",,,cet4-core source:ecdict cet4-all family:seats family:seated family:seating,894
cell,sel,n.,"n. 单元, 细胞, 电池\n[计] 单元",,,cet4-core source:ecdict cet4 cet6 cet4-all family:cells,895
establish,i'stæbliʃ,vt.,"vt. 建立, 确立, 制定\nvi. 移植生长",,,cet4-core source:ecdict cet4 cet6 cet4-all cet6-core family:established family:establishing family:establishes,896
nice,nais,adj.,"a. 美好的, 和蔼的, 正派的, 做得好的, 精密的, 细微的, 挑剔的, 谨慎的",,,cet4-core source:ecdict cet4-all family:nicer family:nicest,897
trial,'traiәl,n.,"n. 审判, 试验, 艰苦, 麻烦事, 考验\na. 审讯的, 试验性的",,,cet4-core source:ecdict cet4 cet6 cet4-all cet6-core family:trials family:trialled,898
expert,'ekspә:t,n.,"n. 专家, 行家\na. 老练的, 内行的, 专门的\n[计] 高级",,,cet4-core source:ecdict cet4 cet4-all cet6-core family:experts,899
spring,spriŋ,n.,"n. 春天, 弹簧, 跳跃, 弹性, 活力, 泉, 源泉\na. 春天的\nvi. 跳, 弹跳, 涌出, 生长, 裂开, 高耸\nvt. 使跳起, 使爆炸, 突然提出",,,cet4-core source:ecdict cet4-all family:springs family:sprang family:sprung family:springing,901
firm,fә:m,n.,"n. 公司, 商号\na. 坚定的, 坚强的, 牢固的, 结实的, 坚硬的, 坚挺的, 严格的, 确定的\nvt. 使牢固, 使坚定\nvi. 变稳固, 变坚实\nadv. 稳固地",,,cet4-core source:ecdict cet4 cet6 cet4-all family:firms family:firmer family:firmed family:firming,902
radio,'reidiәu,n.,"n. 无线电, 收音机, 无线电报, 无线电广播, 无线电台\nv. 用无线电发送",,,cet4-core source:ecdict cet4-all family:radios family:radioing family:radioed,904
visit,'vizit,n.,"n. 拜访, 访问, 游览, 视察\nvt. 拜访, 访问, 参观, 视察, 降临\nvi. 访问, 参观, 闲谈",,,cet4-core source:ecdict cet4-all family:visited family:visits family:visiting,905
management,'mænidʒmәnt,n.,"n. 经营, 支配, 管理\n[化] 管理处",,,cet4-core source:ecdict cet4 cet6 cet4-all cet6-core family:managements,906
avoid,ә'vɒid,vt.,"vt. 避免, 防止, 撤消\n[法] 避免, 回避, 躲开",,,cet4-core source:ecdict cet4 cet4-all cet6-core family:avoided family:avoiding family:avoids,908
imagine,i'mædʒin,vt.,"vt. 想像, 设想, 猜测\nvi. 想像起来",,,cet4-core source:ecdict cet4 cet6 cet4-all family:imagined family:imagining family:imagines,909
tonight,tә'nait,n.,"n. 今晚, 今夜\nadv. 今晚, 今夜",,,cet4-core source:ecdict cet4-all,910
huge,hju:dʒ,adj.,"a. 极大的, 巨大的, 无限的",,,cet4-core source:ecdict cet4 cet4-all,911
ball,bɒ:l,n.,"n. 球, 舞会, 球状物\nv. 捏成球形",,,cet4-core source:ecdict cet4-all family:balls family:balled family:balling,912
yourself,juә'self,pron.,pron. 你自己,,,cet4-core source:ecdict cet4-all,915
finish,'finiʃ,n.,"n. 完成, 结束, 末道漆, 磨光, 完美\nvt. 完成, 结束, 用完, 毁掉\nvi. 结束\n[计] 完成",,,cet4-core source:ecdict cet4-all family:finished family:finishing family:finishes,916
theory,'θiәri,n.,"n. 理论, 学说, 原理, 意见, 推测\n[化] 理论",,,cet4-core source:ecdict cet4 cet6 cet4-all family:theories,918
impact,'impækt,n.,"n. 冲击, 冲突, 影响, 效果\nvt. 挤入, 撞击, 压紧, 对...发生影响",,,cet4-core source:ecdict cet4 cet6 cet4-all cet6-core family:impacts family:impacted family:impacting,919
respond,ri'spɒnd,vt.,"vt. 以...回答\nvi. 回答, 响应, 回报, 有反应, 承担责任",,,cet4-core source:ecdict cet4 cet6 cet4-all cet6-core family:responding family:responded family:responds,920
statement,'steitmәnt,n.,"n. 陈述, 指令, 声明\n[计] 程序语句; 语句",,,cet4-core source:ecdict cet4 cet6 cet4-all cet6-core family:statements,921
maintain,mein'tein,vt.,"vt. 维持, 维修, 保持, 坚持, 供养, 主张\n[化] 维修",,,cet4-core source:ecdict cet4 cet6 cet4-all cet6-core family:maintained family:maintaining family:maintains,922
charge,tʃɑ:dʒ,n.,"n. 指控, 费用, 冲锋, 电荷, 炸药, 主管, 被托管人, 命令\nvt. 控诉, 加罪于, 使充满, 使充电, 使承担\nvi. 冲锋, 要价, 收费",,,cet4-core source:ecdict cet4 cet6 cet4-all cet6-core family:charges family:charged family:charging,923
popular,'pɒpjulә,adj.,"a. 通俗的, 流行的, 受欢迎的, 大众的, 人民的, 普及的\n[经] 大众的, 通俗的, 普及的",,,cet4-core source:ecdict cet4 cet6 cet4-all family:populars,924
traditional,trә'diʃәnl,adj.,"a. 传统的, 惯例的\n[经] 传统的, 惯例的",,,cet4-core source:ecdict cet4 cet6 cet4-all,925
onto,'ɒntu:,prep.,prep. 在...之上,,,cet4-core source:ecdict cet4 cet4-all family:ontos,926
reveal,ri'vi:l,vt.,"vt. 露出, 显示, 透露, 揭露, 泄露, (神)启示\nn. 窗侧, 门侧",,,cet4-core source:ecdict cet4 cet6 cet4-all cet6-core family:revealed family:reveals family:revealing,927
direction,di'rekʃәn,n.,"n. 方向, 指导, 趋势\n[计] 方向; 流向",,,cet4-core source:ecdict cet4 cet6 cet4-all family:directions,928
weapon,'wepәn,n.,"n. 武器, 兵器\nvt. 武装",,,cet4-core source:ecdict cet4 cet6 cet4-all cet6-core family:weapons,929
employee,.emplɒi'i:,n.,"n. 职员, 员工, 受雇人员\n[化] 职工; 雇员",,,cet4-core source:ecdict cet4 cet6 cet4-all family:employees,930
contain,kәn'tein,vt.,"vt. 包含, 容纳, 控制\nvi. 自制",,,cet4-core source:ecdict cet4 cet6 cet4-all family:contains family:containing family:contained,931
peace,pi:s,n.,"n. 和平, 和约, 治安, 和睦, 安宁, 静寂\nvi. 安静下来, 不作声",,,cet4-core source:ecdict cet4 cet4-all,933
pain,pein,n.,"n. 痛苦, 疼痛, 辛苦\nvt. 使痛苦, 痛苦\nvi. 作痛, 疼",,,cet4-core source:ecdict cet4 cet6 cet4-all family:pains family:pained family:paining,937
apply,ә'plai,vt.,"vt. 涂, 应用\nvi. 申请, 适用",,,cet4-core source:ecdict cet4 cet6 cet4-all cet6-core family:applied family:applies family:applying,938
wide,waid,adj.,"a. 宽的, 广阔的, 普遍的, 宽阔的, 广泛的, 一般的\nadv. 广阔地, 遍及各处地, 广泛地\nn. 大千世界",,,cet4-core source:ecdict cet4-all family:wider family:widest,940
measure,'meʒә,n.,"n. 尺寸, 量度器, 量度标准, 测量, 量具, 程度, 范围, 限度, 分寸, 措施, 方法\nvt. 测量, 测度, 估量, 权衡, 调节, 拿(自己或自己的力量等)作较量\nvi. 度量",,,cet4-core source:ecdict cet4 cet6 cet4-all family:measures family:measured family:measuring,941
shake,ʃeik,n.,"n. 摇动, 震动\nvt. 摇动, 动摇, 使震动, 挥舞\nvi. 震动, 发抖, 动摇",,,cet4-core source:ecdict cet4 cet6 cet4-all family:shook family:shaking family:shaken family:shakes,942
fly,flai,n.,"n. 苍蝇, 两翼昆虫, 飞行\nvi. 飞, 飞翔, 飘扬, 逃走\nvt. 飞, 飞越, 使飘扬, 逃出\na. 敏捷的",,,cet4-core source:ecdict cet4-all family:flew family:flying family:flown family:flies,943
interview,'intәvju:,n.,"n. 面谈, 访问, 接见, 面试\nvt. 接见, 对...进行面谈(试)",,,cet4-core source:ecdict cet4 cet6 cet4-all family:interviews family:interviewed family:interviewing,944
manage,'mænidʒ,vi.,"vi. 处理\nvt. 管理, 控制, 维持, 达成, 经营, 运用",,,cet4-core source:ecdict cet4 cet6 cet4-all family:managed family:manages family:managing,945
chair,tʃєә,n.,"n. 椅子, 显要的席位, 主席\nvt. 使入座, 使就任要职",,,cet4-core source:ecdict cet4-all family:chairs family:chaired family:chairing,946
fish,fiʃ,n.,"n. 鱼, 鱼肉, 鱼类, 接合板\nvt. 钓, 钓鱼, 查出, 用接合板连接\nvi. 捕鱼, 钓鱼, 用钩捞取, 摸索寻找",,,cet4-core source:ecdict cet4-all family:fishes family:fished family:fishing,947
particular,pә'tikjulә,n.,"n. 一项(或条、点), 个别项目, 详细说明\na. 特别的, 独有的, 挑剔的, 详尽的",,,cet4-core source:ecdict cet4 cet6 cet4-all,948
camera,'kæmәrә,n.,"n. 照相机, 摄影机, 密谈室, 暗箱\n[计] 摄影",,,cet4-core source:ecdict cet4 cet6 cet4-all family:cameras,949
structure,'strʌktʃә,n.,"n. 结构, 构造, 建筑物\nvt. 构成, 组织",,,cet4-core source:ecdict cet4 cet6 cet4-all family:structures family:structured family:structuring,950
politics,'pɒlitiks,n.,"n. 政治, 政治学, 政见, 政治活动\n[法] 政治, 政治学, 政纲",,,cet4-core source:ecdict cet4 cet6 cet4-all,951
bit,bit,n.,"n. 少量, 马嚼子, 辅币\nvt. 给马上嚼子, 控制\nbite的过去式和过去分词\n[计] 比特, 二进制数位, 机内测试",,,cet4-core source:ecdict cet4-all family:bits family:bite family:pd,952
perform,pә'fɒ:m,vt.,"vt. 进行, 履行, 完成, 执行, 表演\nvi. 行动, 工作, 执行, 演出",,,cet4-core source:ecdict cet4 cet6 cet4-all family:performed family:performing family:performs,953
weight,weit,n.,"n. 重, 重量, 体重, 砝码, 重大, 影响, 力量\nvt. 加重量于, 压迫, 使加权, 称重量\n[计] 粗细",,,cet4-core source:ecdict cet4-all family:weights family:weighted family:weighting,954
suddenly,'sʌdәnli,adv.,"adv. 突然, 意外, 忽然, 迅速, 即席作成, 即刻, 急速",,,cet4-core source:ecdict cet4 cet6 cet4-all,955
discover,dis'kʌvә,vt.,"vt. 发现, 找到, 暴露\nvi. 发现",,,cet4-core source:ecdict cet4 cet6 cet4-all family:discovered family:discovering family:discovers,956
candidate,'kændideit,n.,"n. 候选人, 投考者\n[法] 候选, 候补者",,,cet4-core source:ecdict cet4 cet6 cet4-all cet6-core family:candidates,957
production,prә'dʌkʃәn,n.,"n. 制造, 生产, 产物\n[医] 产生, 生成",,,cet4-core source:ecdict cet4 cet6 cet4-all family:productions,959
treat,tri:t,n.,"n. 宴请, 款待\nvt. 视为, 对待, 论述, 治疗, 款待\nvi. 讨论, 谈判, 作东",,,cet4-core source:ecdict cet4 cet6 cet4-all family:treated family:treating family:treats,960
evening,'i:vniŋ,n.,"n. 傍晚, 晚间, 末期",,,cet4-core source:ecdict cet4-all family:i family:even family:evenings,961
trip,trip,n.,"n. 旅行, 绊倒, 摔倒, 失足, 差错, 旅程\nvt. 使跌倒, 使犯错, 使失败\nvi. 轻快地走, 绊倒, 失误, 犯错, 结巴, 旅行, 远足",,,cet4-core source:ecdict cet4-all family:trips family:tripping family:tripped,962
affect,ә'fekt,vt.,"vt. 影响, 感动, 假装, 模仿, 爱好, 倾向于\nn. 自觉感情",,,cet4-core source:ecdict cet4 cet6 cet4-all family:affected family:affecting family:affects,963
inside,'in'said,n.,"n. 内部, 内脏, 内幕\na. 内部的, 秘密的, 户内的\nadv. 在里面\nprep. 在...之内",,,cet4-core source:ecdict cet4 cet6 cet4-all family:insides,964
conference,'kɒnfәrәns,n.,"n. 会议\n[经] 会议, 讨论会, 协商会",,,cet4-core source:ecdict cet4 cet6 cet4-all cet6-core family:conferences,965
unit,'ju:nit,n.,"n. 单位, 分队, 部队, 单元, 部件, 装置\na. 单位的, 单元的\n[计] 单元常数; 部件",,,cet4-core source:ecdict cet4 cet6 cet4-all family:units,966
style,stail,n.,"n. 风格, 时尚, 文体, 风度, 字体, 类型\nvt. 称呼, (根据新款式)设计, 使合潮流\nn. 风格, 样式\n[计] 风格, 样式",,,cet4-core source:ecdict cet4 cet6 cet4-all family:styles family:styled family:styling,968
adult,'ædʌlt,n.,"n. 成人, 成虫\na. 成年的, 成熟的",,,cet4-core source:ecdict cet4 cet4-all family:adults,969
worry,'wʌri,n.,"n. 担心, 烦恼, 忧虑, 苦恼, 撕咬\nvt. 使烦恼, 使焦虑, 使苦恼, 困扰, 折磨, 撕咬\nvi. 烦恼, 担心, 撕咬",,,cet4-core source:ecdict cet4-all family:worries family:worried family:worrying,970
mention,'menʃәn,n.,"n. 提到, 言及, 陈述\nvt. 提到, 提及",,,cet4-core source:ecdict cet4-all family:mentioned family:mentioning family:mentions,971
range,'reindʒ,n.,"n. 排, 行, 山脉, 范围, 行列, 射程\nvt. 排列, 归类于, 使并列, 放牧\nvi. 平行, 延伸, 漫游\n[计] 量程; 范围; 域; 距离",,,cet4-core source:ecdict cet4 cet6 cet4-all family:ranging family:ranges family:ranged,972
deep,di:p,adj.,"a. 深的\nadv. 深入地\nn. 深渊, 深处",,,cet4-core source:ecdict cet4-all family:deeper family:deepest family:deeps,975
edge,edʒ,n.,"n. 边缘, 尖锐, 刀刃, 优势\nvt. 使锐利, 挤进, 镶边\nvi. 缓缓移动",,,cet4-core source:ecdict cet4 cet6 cet4-all family:edges family:edged family:edging,977
specific,spi'sifik,n.,"n. 特效药, 特性\na. 特殊的, 明确的, 具有特效的, 特定地, 具体地",,,cet4-core source:ecdict cet4 cet6 cet4-all cet6-core family:specifics,979
writer,'raitә,n.,"n. 作家, 撰稿者, 抄写员\n[化] 记录器",,,cet4-core source:ecdict cet4 cet6 cet4-all family:writers,980
trouble,'trʌbl,n.,"n. 烦恼, 麻烦, 困难, 动乱, 故障\nvt. 困扰, 麻烦, 使烦恼, 折磨\nvi. 烦恼, 费心",,,cet4-core source:ecdict cet4-all family:troubles family:troubled family:troubling,981
necessary,'nesisәri,adj.,a. 必要的；必然的；必需的,,,cet4-core source:ecdict cet4-all family:necessaries,982
throughout,θru:'aut,adv.,"adv. 到处, 贯穿全部地, 自始至终\nprep. 遍及, 在各处\n[计] 吞吐量",,,cet4-core source:ecdict cet4 cet6 cet4-all,983
challenge,'tʃælindʒ,n.,"n. 挑战, 盘问\nvt. 向...挑战, 要求, 怀疑\nvi. 挑战, 对(证据等)表示异议",,,cet4-core source:ecdict cet4 cet6 cet4-all cet6-core family:challenges family:challenged family:challenging,984
fear,fiә,n.,"n. 恐怖, 害怕, 担心\nv. 害怕, 恐惧, 为...担心, 敬畏",,,cet4-core source:ecdict cet4 cet6 cet4-all family:fears family:feared family:fearing,985
shoulder,'ʃәuldә,n.,"n. 肩, 肩膀, 衣肩\nvt. 肩负, 负担, 担任\nvi. 用肩推挤",,,cet4-core source:ecdict cet4 cet6 cet4-all family:shoulders family:shouldered family:shouldering,986
institution,.insti'tju:ʃәn,n.,"n. 机构, 惯例, 制度\n[医] 机关, 机构, 设施",,,cet4-core source:ecdict cet4 cet6 cet4-all cet6-core family:institutions,987
middle,'midl,n.,"n. 中央, 中间, 腰部\na. 中央的, 中庸的, 中间的",,,cet4-core source:ecdict cet4-all family:middles family:middling family:middled,988
sea,si:,n.,"n. 海, 海洋, 海浪, 大量\n[法] 海, 海洋",,,cet4-core source:ecdict cet4-all family:seas,989
dream,dri:m,n.,"n. 梦, 空想, 愿望\nv. 做梦, 想象, 梦想",,,cet4-core source:ecdict cet4 cet6 cet4-all family:dreams family:dreaming family:dreamed,990
bar,bɑ:,n.,"n. 条, 棒, 酒吧, 栅, 障碍物\nvt. 禁止, 阻挡, 妨碍\n[计] 棒形图",,,cet4-core source:ecdict cet4 cet4-all family:bars family:barred family:barring,991
beautiful,'bju:tiful,adj.,a. 美丽的,,,cet4-core source:ecdict cet4-all,992
property,'prɒpәti,n.,"n. 财产, 所有权, 性质, 属性\n[计] 属性",,,cet4-core source:ecdict cet4 cet6 cet4-all cet6-core family:properties,993
instead,in'sted,adv.,"adv. 作为替代, 反而",,,cet4-core source:ecdict cet4-all,994
improve,im'pru:v,vt.,"vt. 改良, 提高...的价值, 改善, 利用\nvi. 变得更好, 增加",,,cet4-core source:ecdict cet4 cet6 cet4-all family:improved family:improving family:improves,995
stuff,stʌf,n.,"n. 原料, 要素, 东西, 材料, 素质, 织品, 废物, 废话\nvt. 装填\nvi. 狼吞虎咽",,,cet4-core source:ecdict cet4 cet6 cet4-all family:stuffed family:stuffing family:stuffs,996
detail,'di:teil,n.,"n. 细节, 详情\nvt. 详述, 选派\nvi. 画详图\n[计] 详细数据",,,cet4-core source:ecdict cet4 cet6 cet4-all cet6-core family:details family:detailing family:detailed,997
method,'meθәd,n.,"n. 方法, 办法, 条理, 秩序\n[医] [方]法",,,cet4-core source:ecdict cet4 cet6 cet4-all family:methods,998
somebody,'sʌmbɒdi,n.,"n. 了不起的人, 大人物\npron. 有人, 某人",,,cet4-core source:ecdict cet4-all,1000
magazine,.mægә'zi:n,n.,"n. 杂志, 仓库, 弹盒, 胶卷盒\n[计] 卡片箱, 介质装卸程序",,,cet4-core source:ecdict cet4 cet6 cet4-all family:magazines,1001
hotel,hәu'tel,n.,"n. 旅馆, 客栈",,,cet4-core source:ecdict cet4-all family:hotels,1002
soldier,'sәuldʒә,n.,"n. 军人, 士兵, 兵蚁\nvi. 从军, 尽职, 偷懒, 磨洋工",,,cet4-core source:ecdict cet4-all family:soldiers family:soldiered family:soldiering,1003
reflect,ri'flekt,vt.,"vt. 反射, 反映, 招致, 深思\nvi. 被反射, 映出, 深思, 考虑, 指责",,,cet4-core source:ecdict cet4 cet6 cet4-all cet6-core family:reflects family:reflected family:reflecting,1004
heavy,'hevi,adj.,"a. 重的, 巨大的, 沉重的, 笨重的, 过度的\nadv. 沉重地\nn. 重物, 严肃角色",,,cet4-core source:ecdict cet4-all family:heavier family:heaviest family:heavies,1005
bag,bæg,n.,"n. 袋子, 袋状物\nvt. 使膨大, 装袋, 猎获",,,cet4-core source:ecdict cet4-all family:bags family:bagged family:bagging,1008
heat,hi:t,n.,"n. 热, 热度, 体温, 高潮\nvi. 加热, 激昂, 加剧\nvt. 把...加热, 使激动",,,cet4-core source:ecdict cet4 cet6 cet4-all family:heated family:heats family:heating,1009
marriage,'mæridʒ,n.,"n. 婚姻, 结婚, 婚礼, 合并\n[医] 婚姻, 结婚",,,cet4-core source:ecdict cet4 cet6 cet4-all family:marriages,1011
tough,tʌf,n.,"n. 恶棍\na. 强硬的, 艰苦的, 坚固的, 坚韧的, 粗暴的, 咬不动的",,,cet4-core source:ecdict cet4 cet6 cet4-all family:tougher family:toughest family:toughs,1012
sing,siŋ,vi.,"vi. 唱, 唱歌, 演唱, 鸣, 啼\nvt. 唱, 歌颂\nn. 嗖嗖声",,,cet4-core source:ecdict cet4-all family:singing family:sang family:sung family:sings,1013
purpose,'pә:pәs,n.,"n. 目的, 意向, 决心, 用途, 效果, 论题\nvt. 意欲, 企图, 计划",,,cet4-core source:ecdict cet4 cet6 cet4-all family:purposes family:purposing family:purposed,1014
surface,'sә:fis,n.,"n. 面, 表面, 水面, 外表, 平面\na. 表面的, 外观的, 肤浅的, 水面上的\nvt. 使成平面, 使浮出水面\nvi. 浮出水面, 呈现, 在地面上工作",,,cet4-core source:ecdict cet4-all family:surfaces family:surfaced family:surfacing,1015
exist,ig'zist,vi.,"vi. 存在, 生存, 发生",,,cet4-core source:ecdict cet4 cet6 cet4-all family:exists family:existed family:existing,1016
pattern,'pætәn,n.,"n. 模范, 典型, 式样, 样品, 图案, 格调, 模式\nvt. 模仿, 仿造, 以图案装饰\nvi. 形成图案\n[计] 模式, 图案",,,cet4-core source:ecdict cet4 cet6 cet4-all cet6-core family:patterns family:patterning family:patterned,1017
whom,hu:m,pron.,pron. 谁,,,cet4-core source:ecdict cet4-all,1018
skin,skin,n.,"n. 皮肤, 皮\nvt. 剥皮, 在...植皮\nvi. 长皮, 愈合, 蜕皮",,,cet4-core source:ecdict cet4 cet6 cet4-all family:skins family:skinned family:skinning,1019
agent,'eidʒәnt,n.,"n. 代理商, 政府代表, 动原, 媒介\n[计] 代理程序",,,cet4-core source:ecdict cet4 cet4-all family:agents,1020
owner,'әunә,n.,"n. 拥有者, 物主, 所有人\n[经] 所有者, 物主, 业主",,,cet4-core source:ecdict cet4 cet6 cet4-all family:owners,1021
machine,mә'ʃi:n,n.,"n. 机器, 机械装置, 机构, 自动售货机, 机械般工作的人\nvt. 以机器制造",,,cet4-core source:ecdict cet4-all family:machines family:machined family:machining,1022
gas,gæs,n.,"n. 气体, 汽油, 瓦斯\n[化] 气体; 煤气; 瓦斯; 毒气",,,cet4-core source:ecdict cet4 cet4-all family:gases family:gassing family:gassed family:gasses,1023
ahead,ә'hed,adj.,"a. 领先的, 预先的, 向前的\nadv. 领先, 预先, 向前, 胜于, 在前面, 在将来",,,cet4-core source:ecdict cet4-all,1025
generation,.dʒenә'reiʃәn,n.,"n. 一代, 一世, 产生\n[医] 生殖, 世代",,,cet4-core source:ecdict cet4 cet6 cet4-all family:generations,1026
commercial,kә'mә:ʃәl,adj.,"a. 商业的, 商用的, 商品化的\nn. 商业广告节目",,,cet4-core source:ecdict cet4 cet6 cet4-all cet6-core family:commercials,1027
address,ә'dres,n.,"n. 住址, 演说, 举止, 灵巧, 求爱\nvt. 发表(演说或讲话), 对付, 写地址\n[计] 地址, 寻址",,,cet4-core source:ecdict cet4 cet6 cet4-all family:addressed family:addressing family:addresses,1028
cancer,'kænsә,n.,"n. 癌, 恶性肿瘤\n[医] 癌",,,cet4-core source:ecdict cet4 cet6 cet4-all cet6-core family:cancers,1029
item,'aitәm,n.,"n. 项目, 条款, 一则, 项\n[计] 项",,,cet4-core source:ecdict cet4 cet4-all cet6-core family:items,1031
reality,ri'æliti,n.,"n. 实在, 事实, 实体, 逼真\n[法] 现实, 实在存在的事物, 实在性",,,cet4-core source:ecdict cet4 cet6 cet4-all family:realities,1032
coach,kәutʃ,n.,"n. 四轮大马车, 教练\nvt. 训练, 指导\nvi. 坐马车旅行, 作指导",,,cet4-core source:ecdict cet4 cet6 cet4-all family:coaches family:coaching family:coached,1033
yard,jɑ:d,n.,"n. 码, 庭院, 工场\n[化] 堆置场",,,cet4-core source:ecdict cet4 cet6 cet4-all family:yards,1035
beat,bi:t,n.,"n. 心跳(声), 打, 敲打声, 拍子\nv. 打, 拍打, 打败\na. 疲乏的, 颓废的\nbeat的过去式\n[计] 拍; 节拍",,,cet4-core source:ecdict cet4-all family:beat family:pd family:beaten family:beating family:beats,1036
violence,'vaiәlәns,n.,"n. 猛烈, 暴力, 暴虐, 暴行\n[法] 暴行, 暴力, 暴乱",,,cet4-core source:ecdict cet4 cet6 cet4-all,1037
total,'tәutl,adj.,"a. 全体的, 总的, 全然的\nvt. 计算...的总和, 共计为\nvi. 合计\nn. 总数, 全体, 合计\nadv. 统统",,,cet4-core source:ecdict cet4 cet6 cet4-all family:totalling family:totalled family:totals,1038
tend,tend,vi.,"vi. 走向, 有某种的倾向, 易于, 照顾, 注意\nvt. 照料, 护理",,,cet4-core source:ecdict cet4 cet6 cet4-all family:tends family:tended family:tending,1039
investment,in'vestmәnt,n.,"n. 投资\n[医] 包埋料, 围模料, 包埋法, 围模法",,,cet4-core source:ecdict cet4 cet6 cet4-all family:investments,1040
discussion,dis'kʌʃәn,n.,n. 讨论,,,cet4-core source:ecdict cet4 cet6 cet4-all family:discussions,1041
finger,'fiŋgә,n.,"n. 手指, 指状物, (手套的)手指部分, 指针\nv. 用手指拨弄, 伸出\n[计] 网络命令",,,cet4-core source:ecdict cet4 cet6 cet4-all family:fingers family:fingered family:fingering,1042
garden,'gɑ:dn,n.,"n. 花园, 果园, 菜园\nvi. 栽培花木\nvt. 造园\na. 花园的, 普通的",,,cet4-core source:ecdict cet4-all family:gardens family:gardening family:gardened,1043
notice,'nәutis,n.,"n. 注意, 布告, 通知, 预告, 短评\nvt. 注意, 通知, 评论, 提及, 关注\nvi. 注意",,,cet4-core source:ecdict cet4 cet6 cet4-all family:noticed family:noticing family:notices,1044
collection,kә'lekʃәn,n.,"n. 收集, 采集, (一批)收藏品, 募捐\n[医] 收集; 收集品, 标本",,,cet4-core source:ecdict cet4 cet6 cet4-all family:collections,1045
modern,'mɒdәn,n.,"n. 现代人, 有思想的人\na. 现代的, 时髦的",,,cet4-core source:ecdict cet4-all family:moderns,1046
task,tɑ:sk,n.,"n. 工作, 任务, 作业, 困难的工作\nvt. 派给...工作, 使辛劳\n[计] 任务",,,cet4-core source:ecdict cet4 cet6 cet4-all family:tasks family:tasked family:tasking,1047
partner,'pɑ:tnә,n.,"n. 合伙人, 股东, 伙伴, 伴侣\nvt. 与...合伙, 组成一对\nvi. 做伙伴, 当助手",,,cet4-core source:ecdict cet4 cet6 cet4-all family:partners family:partnering family:partnered,1048
positive,'pɒzitiv,adj.,"a. 肯定的, 积极的, 有把握的\n[医] 正的, 阳性的",,,cet4-core source:ecdict cet4 cet6 cet4-all cet6-core family:positives,1049
civil,'sivәl,adj.,"a. 市民的, 公民的, 有礼貌的\n[法] 公民的, 国民的, 民用的",,,cet4-core source:ecdict cet4 cet6 cet4-all,1050
kitchen,'kitʃin,n.,"n. 厨房, 全套炊具\n[医] 厨房",,,cet4-core source:ecdict cet4-all family:kitchens,1051
shot,ʃɒt,n.,"n. 发射, 炮弹, 射击, 射手, 投篮, 射门, 子弹, 射程, 拍摄, 注射\nvt. 装弹, 使成颗粒状\na. 杂色的, 交织着的, 渗透的, 点焊的, 破旧的\nshoot的过去式和过去分词",,,cet4-core source:ecdict cet4 cet6 cet4-all family:shoot family:dp family:shots,1053
wish,wiʃ,n.,"n. 希望, 愿望, 祝愿, 命令, 请求\nvt. 愿, 想要, 希望, 祝愿\nvi. 希望",,,cet4-core source:ecdict cet4-all family:wished family:wishing family:wishes,1055
painting,'peintiŋ,n.,"n. 画, 绘画, 油漆\n[化] 涂漆",,,cet4-core source:ecdict cet4 cet6 cet4-all family:paintings family:painting family:i,1056
scientist,'saiәntist,n.,n. 科学家\n[医] 科学家,,,cet4-core source:ecdict cet4 cet6 cet4-all family:scientists,1057
safe,seif,n.,"n. 保险箱, 冷藏室\na. 安全的, 可靠的, 平安的, 稳健的, 有把握的",,,cet4-core source:ecdict cet4 cet6 cet4-all family:safer family:safest family:safes,1058
agreement,ә'gri:mәnt,n.,"n. 同意, 合约, 协议\n[经] 契约, 协议, 协定",,,cet4-core source:ecdict cet4-all family:agreements,1059
mouth,mauθ,n.,"n. 嘴, 口, 口腔, 口状物\nvi. 装腔作势说话, 做鬼脸\nvt. 说出, 做作地说",,,cet4-core source:ecdict cet4-all family:mouths family:mouthed family:mouthing,1060
capital,'kæpitәl,n.,"n. 首都, 大写字母, 资本\na. 首都的, 重要的",,,cet4-core source:ecdict cet4 cet6 cet4-all family:capitals,1061
nor,nɒ:,conj.,"conj. 也不, 也没有\n[计] 或非",,,cet4-core source:ecdict cet4-all,1062
victim,'viktim,n.,"n. 受害人, 牺牲者, 牺牲品\n[法] 受害人, 被害人, 遭难者",,,cet4-core source:ecdict cet4 cet6 cet4-all cet6-core family:victims,1063
newspaper,'nju:z.peipә,n.,n. 报纸,,,cet4-core source:ecdict cet4-all family:newspapers,1064
threat,θret,n.,"n. 恐吓, 恶兆, 威胁\n[经] 威胁",,,cet4-core source:ecdict cet4 cet6 cet4-all family:threats,1066
responsibility,ri.spɒnsә'biliti,n.,"n. 责任, 职责, 负担, 可靠性\n[化] 职责",,,cet4-core source:ecdict cet4 cet6 cet4-all family:responsibilities,1067
smile,smail,n.,"n. 微笑, 喜色, 笑容\nvi. 微笑, 觉得好笑\nvt. 微笑着表示",,,cet4-core source:ecdict cet4-all family:smiled family:smiling family:smiles,1068
score,skɒ:,n.,"n. 得分, 抓痕, 二十个, 刻痕, 帐目, 乐谱, 起跑线, 终点线, 大量\nvt. 刻划, 划线, 获得, 评价, 把...记下\nvi. 刻痕, 记分, 得分\n[计] 得分",,,cet4-core source:ecdict cet4 cet6 cet4-all cet6-core family:scored family:scores family:scoring,1070
account,ә'kaunt,n.,"n. 报告, 解释, 估价, 理由, 利润, 算账, 帐目\nvi. 报帐, 解释, 导致, 报偿, 占, 杀死\nvt. 认为\n[计] 帐户, 帐号",,,cet4-core source:ecdict cet4 cet4-all cet6-core family:accounts family:accounted family:accounting,1071
interesting,'intristiŋ,adj.,a. 有趣的,,,cet4-core source:ecdict cet4-all family:interesting family:i,1072
audience,'ɒ:diәns,n.,"n. 听众, 观众, 读者\n[法] 听讼, 观众, 听众",,,cet4-core source:ecdict cet4 cet6 cet4-all cet6-core family:audiences,1074
rich,ri:tʃ,adj.,"a. 富裕的, 富饶的, 浓厚的, 贵重的",,,cet4-core source:ecdict cet4-all family:richer family:richest,1075
dinner,'dinә,n.,"n. 晚餐, 正餐, 宴会",,,cet4-core source:ecdict cet4-all family:dinners,1076
vote,vәut,n.,"n. 投票, 选举, 选票, 表决, 选举权, 得票数\nvi. 投票, 选举\nvt. 投票选举, 投票决定, 公认, 使投票",,,cet4-core source:ecdict cet4 cet6 cet4-all family:votes family:voted family:voting,1078
western,'westәn,n.,"n. 西方人, 西部片, 西部小说\na. 向西方的, 来自西方的, 西方的, 西洋的, 西部的",,,cet4-core source:ecdict cet4-all family:westerns,1079
relate,ri'leit,vt.,"vt. 讲, 叙述, 使互相关联\nvi. 有关, 符合, 相处得好",,,cet4-core source:ecdict cet4 cet6 cet4-all family:relating family:related family:relates,1080
travel,'trævl,n.,"n. 旅行, 游历, 行进\nvi. 旅行, 行进, 移动, 被传播\nvt. 旅行, 通过, 使移动",,,cet4-core source:ecdict cet4-all family:travelling family:travelled family:travels,1081
debate,di'beit,n.,"n. 辩论, 讨论\nv. 争论, 辩论",,,cet4-core source:ecdict cet4 cet6 cet4-all cet6-core family:debates family:debated family:debating,1082
prevent,pri'vent,v.,"v. 预防, 防止, 阻止, 妨碍",,,cet4-core source:ecdict cet4 cet6 cet4-all family:preventing family:prevented family:prevents,1083
citizen,'sitizn,n.,"n. 市民, 公民\n[法] 公民, 国民, 市民",,,cet4-core source:ecdict cet4 cet6 cet4-all family:citizens,1084
majority,mә'dʒɒriti,n.,"n. 多数, 大半\n[计] 多数逻辑",,,cet4-core source:ecdict cet4 cet6 cet4-all cet6-core family:majorities,1085
none,nʌn,adv.,"adv. 一点也不, 毫不\npron. 没有人, 无一物, 并无一个\na. 没有的",,,cet4-core source:ecdict cet4-all,1086
front,frʌnt,n.,"n. 前面, 开头, 前线, 阵线, 态度\nvt. 面对, 朝向, 对抗\nvi. 朝向",,,cet4-core source:ecdict cet4-all family:fronts family:fronting family:fronted,1087
born,bɒ:n,adj.,a. 天生的\nbear的过去分词,,,cet4-core source:ecdict cet4 cet4-all family:bear family:d family:born family:borning,1088
admit,әd'mit,vt.,"vt. 承认, 接受, 允许进入, 容许\nvi. 开向, 容许, 承认",,,cet4-core source:ecdict cet4 cet4-all cet6-core family:admitted family:admits family:admitting,1089
senior,'si:njә,n.,"n. 年长者, 资深者, 毕业班学生\na. 年长的, 高级的, 资深的",,,cet4-core source:ecdict cet4 cet6 cet4-all family:seniors,1090
assume,ә'sju:m,vt.,"vt. 假定, 承担, 呈现\nvi. 装腔作势, 僭越",,,cet4-core source:ecdict cet4 cet6 cet4-all cet6-core family:assumed family:assuming family:assumes,1091
wind,wind,n.,"n. 风, 气息, 气味, 呼吸, 风声, 趋势, 空谈, 卷绕, 弯曲\nvt. 使通风, 嗅出, 使喘气, 吹号角, 上发条, 缠绕, 包, 绞起, 吊起, 使弯曲, 使迂回\nvi. 嗅出猎物, 吹响号角, 卷曲, 蜿蜒, 迂回, 缠绕",,,cet4-core source:ecdict cet4-all family:winds family:winding family:wound,1092
key,ki:,n.,"n. 钥匙, 键, 解答, 关键, 要害, 基调, 线索, 答案, 暗礁\nvt. 调音, 锁上, 提供线索\nvi. 使用钥匙\n[计] 键, 密钥",,,cet4-core source:ecdict cet4-all family:keys family:keyed family:keying,1093
professional,prә'feʃәnl,n.,"n. 专业人才\na. 专业的, 职业的",,,cet4-core source:ecdict cet4 cet6 cet4-all cet6-core family:professionals,1094
mission,'miʃәn,n.,"n. 任务, 代表团, 使命, 传教团\nvt. 派遣, 向...传教",,,cet4-core source:ecdict cet4 cet6 cet4-all cet6-core family:missions,1095
fast,fɑ:st,adj.,"a. 快速的, 紧的\nadv. 很快地, 紧紧地, 彻底地\nn. 绝食, 斋戒\nvi. 绝食, 斋戒",,,cet4-core source:ecdict cet4-all family:faster family:fastest family:fasting family:fasted family:fasts,1096
alone,ә'lәun,adj.,"a. 孤独的, 单独的, 独自的\nadv. 独自地",,,cet4-core source:ecdict cet4 cet4-all,1097
customer,'kʌstәmә,n.,n. 消费者\n[化] 顾客,,,cet4-core source:ecdict cet4 cet6 cet4-all family:customers,1098
suffer,'sʌfә,vt.,"vt. 遭受, 经历, 忍受\nvi. 受痛苦, 受损害",,,cet4-core source:ecdict cet4 cet6 cet4-all family:suffered family:suffering family:suffers,1099
speech,spi:tʃ,n.,"n. 演讲, 说话, 谈话, 言语, 引语, 民族语言\n[医] 言语, 语言",,,cet4-core source:ecdict cet4 cet6 cet4-all family:speeches,1100
successful,sәk'sesful,adj.,"a. 成功的, 一帆风顺的, 顺利的\n[经] 成功的",,,cet4-core source:ecdict cet4 cet6 cet4-all,1101
option,'ɒpʃәn,n.,"n. 选择权, 挑选, 选项\n[计] 选项",,,cet4-core source:ecdict cet4 cet6 cet4-all cet6-core family:options,1102
southern,'sʌðәn,n.,"n. 南方人, 男风\na. 向南方的, 来自南方的",,,cet4-core source:ecdict cet4 cet6 cet4-all,1105
eventually,i'ventʃuәli,adv.,"adv. 最后, 终于",,,cet4-core source:ecdict cet4 cet6 cet4-all,1106
university,.ju:ni'vә:siti,n.,n. 大学,,,cet4-core source:ecdict cet4 cet6 cet4-all family:universities,1106
fresh,freʃ,adj.,"a. 新鲜的, 新奇的, 另外的, 淡的, 精神饱满的, 冒失的\nadv. 最新地, 刚刚\nn. 开始, 泛滥",,,cet4-core source:ecdict cet4 cet6 cet4-all family:fresher family:freshest,1107
forest,'fɒrist,n.,"n. 森林, 林区\nvt. 植树于",,,cet4-core source:ecdict cet4 cet6 cet4-all family:forests family:foresting family:forested,1108
video,'vidiәu,n.,"n. 影像, 电视\na. 图像的, 电视的",,,cet4-core source:ecdict cet4 cet6 cet4-all family:videos family:videoing,1109
senate,'senit,n.,"n. 参议院, 立法机构, 评议会",,,cet4-core source:ecdict cet4 cet6 cet4-all family:senates,1111
reform,ri'fɒ:m,n.,"n. 改革, 改正, 改造\nvt. 改革, 改过, 革新, 重整\nvi. 革新, 改过",,,cet4-core source:ecdict cet4 cet6 cet4-all cet6-core family:reforms family:reformed family:reforming,1112
access,'ækses,n.,"n. 通路, 入口, 接近, 进入, 使用权, 发作\nvt. 访问, 存取, 接近, 使用\n[计] 访问, 存取",,,cet4-core source:ecdict cet4 cet6 cet4-all cet6-core family:accessed family:accessing family:accesses,1113
restaurant,'restәrɒŋ,n.,"n. 餐馆, 饭店",,,cet4-core source:ecdict cet4-all family:restaurants,1114
judge,dʒʌdʒ,n.,"n. 法官, 裁判员, 审判官, 鉴定人\nvt. 审理, 鉴定, 判断, 判决, 裁定\nvi. 下判断, 作评价",,,cet4-core source:ecdict cet4 cet6 cet4-all family:judges family:judged family:judging,1115
publish,'pʌbliʃ,vt.,"vt. 出版, 发行, 公开, 发表, 宣传, 公布\nvi. 出版, 发行",,,cet4-core source:ecdict cet4 cet6 cet4-all family:published family:publishing family:publishes,1116
relation,ri'leiʃәn,n.,"n. 关系, 联系, 叙述, 故事, 家属, 亲戚\n[计] 关系",,,cet4-core source:ecdict cet4 cet6 cet4-all family:relations,1118
release,ri'li:s,n.,"n. 释放, 发泄, 豁免, 发行, 释放证书\nvt. 释放, 解除, 放松, 豁免, 免除, 发布, 放弃, 让与\nn. 发布\n[计] 版本, 发布",,,cet4-core source:ecdict cet4 cet6 cet4-all cet6-core family:released family:releasing family:releases,1120
bird,bә:d,n.,"n. 鸟, 羽毛球\nvi. 打鸟",,,cet4-core source:ecdict cet4-all family:birds family:birding family:birded,1122
opinion,ә'pinjәn,n.,"n. 意见, 评价, 主张\n[经] 意见",,,cet4-core source:ecdict cet4 cet6 cet4-all family:opinions,1124
credit,'kredit,n.,"n. 信用, 信任, 荣誉, 贷款, 学分\nvt. 归功于, 赞颂, 信任, 相信\n[计] 信用量",,,cet4-core source:ecdict cet4-all cet6-core family:credited family:credits family:crediting,1125
critical,'kritikәl,adj.,"a. 批评的, 决定性的, 危险的, 临界的\n[医] 危象的; 临界的, 极期的",,,cet4-core source:ecdict cet4 cet6 cet4-all cet6-core,1126
corner,'kɒ:nә,n.,"n. 角落, 转角, 窘境\nvt. 迫至一隅, 垄断, 使陷入绝境\nvi. 相交成角, 垄断\n[计] 边角",,,cet4-core source:ecdict cet4-all family:corners family:cornered family:cornering,1127
recall,ri'kɒ:l,n.,"n. 回忆, 召回, 撤消\nvt. 回想, 回忆, 召回, 撤消, 使恢复\n[计] 检索",,,cet4-core source:ecdict cet4 cet6 cet4-all cet6-core family:recalled family:recalls family:recalling,1129
version,'vә:ʒәn,n.,"n. 一种描述, 版本, 译文\n[计] 版本",,,cet4-core source:ecdict cet4 cet6 cet4-all cet6-core family:versions,1130
stare,stєә,vi.,"vi. 注视, 凝视, 瞪视, 显眼\nvt. 盯\nn. 凝视",,,cet4-core source:ecdict cet4 cet6 cet4-all family:stared family:staring family:stares,1131
safety,'seifti,n.,"n. 安全, 保险, 平安, 保安设备\nvt. 保护, 防护",,,cet4-core source:ecdict cet4 cet6 cet4-all,1132
effective,i'fektiv,adj.,"a. 有效的, 有力的, 实际的\nn. 有生力量",,,cet4-core source:ecdict cet4 cet6 cet4-all cet6-core,1133
original,ә'ridʒәnl,adj.,"a. 最初的, 原始的, 有创意的\nn. 原物, 原作",,,cet4-core source:ecdict cet4 cet6 cet4-all cet6-core family:originals,1135
troop,tru:p,n.,"n. 军队, 一群, 一队\nvi. 群集, 结队, 成群而行",,,cet4-core source:ecdict cet4 cet6 cet4-all family:troops family:trooped family:trooping,1137
income,'inkʌm,n.,"n. 收入, 收益, 流入\n[经] 收益",,,cet4-core source:ecdict cet4 cet6 cet4-all family:incomes,1138
directly,"di'rektli, dai'rektli",adv.,"adv. 径直地, 直接地, 直率地, 正好地, 直截了当地, (非正式)立即, 马上\nconj. 一...(就...), 一当...就...\n[计] 直接的",,,cet4-core source:ecdict cet4 cet6 cet4-all,1139
hurt,hә:t,n.,"n. 伤害, 创伤, 损害\nv. 伤害, (使)伤心, 危害, 刺痛",,,cet4-core source:ecdict cet4 cet6 cet4-all family:hurt family:dp family:hurting family:hurts,1140
immediately,i'mi:diәtli,adv.,"adv. 直接地, 立刻, 立即",,,cet4-core source:ecdict cet4 cet6 cet4-all,1142
track,træk,n.,"n. 轨迹, 足迹, 径迹, 小道, 轨道, 磁轨, 途径\nvt. 循路而行, 追踪, 通过, 用纤拉\nvi. 追踪, 留下足迹, 沿轨道运行\n[计] 跟踪",,,cet4-core source:ecdict cet4 cet6 cet4-all family:tracks family:tracked family:tracking,1143
basic,'beisik,n.,"n. 基本原理, 要素, 基本规律\na. 基本的, 碱性的\n(计算机)BASIC语言",,,cet4-core source:ecdict cet4 cet4-all family:basics,1144
strike,straik,n.,"n. 罢工, 打击, 殴打\nvt. 打, 撞击, 冲击, 侵袭, 取消, 结算, 打掉, 罢工, 刺透, 使生根, 遇见\nvi. 打, 打击, 抓, 罢工, 搏动, 触礁, 敲, 响, 穿透, 打动",,,cet4-core source:ecdict cet4 cet6 cet4-all family:struck family:strikes family:striking,1145
sky,skai,n.,"n. 天空, 天色, 天堂\nvt. 击向空中, 挂在高处\nvi. 高涨",,,cet4-core source:ecdict cet4-all family:skies family:skied family:skying,1147
freedom,'fri:dәm,n.,"n. 自由, 坦率, 特权\n[法] 自由, 自主, 免除",,,cet4-core source:ecdict cet4 cet6 cet4-all family:freedoms,1148
absolutely,'æbsәlu:tli,adv.,"adv. 完全地, 绝对地, 确确实实地",,,cet4-core source:ecdict cet4 cet4-all,1149
plane,plein,n.,"n. 平面, 扁平物, 机翼, 飞机, 水准, 地位\na. 平的, 平面的\nvt. 将...刨平, 刨平, 掠过水面\nvi. 翱翔, 乘飞机旅行, 刨掉",,,cet4-core source:ecdict cet4-all family:planes family:planing family:planed,1150
nobody,'nәubɒdi,n.,"n. 小人物, 无名小卒\npron. 无人, 没有人",,,cet4-core source:ecdict cet4-all family:nobodies,1151
achieve,ә'tʃi:v,vt.,"vt. 完成, 达到\nvi. 如愿以偿",,,cet4-core source:ecdict cet4 cet6 cet4-all family:achieved family:achieving family:achieves,1152
object,'ɒbdʒekt,n.,"n. 物体, 目标, 目的, 对象, 宾语, 客体\nvi. 反对, 抱反感\nvt. 提出...来反对\n[计] 对象",,,cet4-core source:ecdict cet4 cet6 cet4-all cet6-core family:objects family:objected family:objecting,1153
nine,nain,num.,"num. 九, 九个",,,cet4-core source:ecdict cet4-all,1154
attitude,'ætitju:d,n.,"n. 态度, 看法, 姿势\n[医] 体态, 姿势, 态度",,,cet4-core source:ecdict cet4 cet4-all cet6-core family:attitudes,1155
refer,ri'fә:,vt.,"vt. 提交, 归诸于, 把...提交, 使求助于\nvi. 提到, 涉及, 查阅, 查询, 咨询",,,cet4-core source:ecdict cet4 cet6 cet4-all family:referred family:refers family:referring,1156
concept,'kɒnsept,n.,"n. 观念, 概念\n[医] 概念",,,cet4-core source:ecdict cet4 cet6 cet4-all cet6-core family:concepts,1158
powerful,'pauәful,adj.,"a. 有力的, 有权力的, 强大的\n[机] 强力的",,,cet4-core source:ecdict cet4 cet6 cet4-all,1159
perfect,'pә:fikt,n.,"n. 完成时\na. 完美的, 完好的, 理想的, 熟练的, 精确的, 完成式的\nvt. 使完美, 修改, 使精通, 改善, 使熟练",,,cet4-core source:ecdict cet4-all family:perfected family:perfecting family:perfects,1160
therefore,'ðєәfɒ:,adv.,"adv. 因此, 所以",,,cet4-core source:ecdict cet4 cet6 cet4-all cet6-core,1161
conduct,"'kɔndʌkt, -dәkt",n.,"n. 行为, 举动, 指导\nvt. 为人, 指挥, 管理, 实施\nvi. 领导, 传导, 指挥",,,cet4-core source:ecdict cet4 cet6 cet4-all cet6-core family:conducted family:conducting family:conducts,1162
announce,ә'nauns,vt.,"vt. 宣布, 声称, 显示, 预告\nvi. 当报幕员, 宣布参加竞选",,,cet4-core source:ecdict cet4 cet6 cet4-all family:announced family:announcing family:announces,1163
conversation,.kɒnvә'seiʃәn,n.,"n. 会话, 说话, 交谈\n[法] 交谈, 社交, 性交",,,cet4-core source:ecdict cet4-all family:conversations,1164
examine,ig'zæmin,v.,"v. 检查, 调查, 考试",,,cet4-core source:ecdict cet4 cet6 cet4-all family:examined family:examining family:examines,1165
touch,tʌtʃ,n.,"n. 触觉, 碰, 触, 机灵, 轻触, 格调, 少许, 缺点, 弹力\nvt. 接触, 触摸, 触及, 使接触, 达到, 涉及, 影响到, 使轻度受害, 感动\nvi. 触摸, 接近, 涉及, 提到",,,cet4-core source:ecdict cet4 cet6 cet4-all family:touched family:touching family:touches,1166
please,pli:z,adv.,"adv. 请\nvt. 使高兴, 合...的心意, 取悦\nvi. 使人满意, 讨好, 愿意, 敬请",,,cet4-core source:ecdict cet4-all family:pleased family:pleases family:pleasing,1167
attend,ә'tend,vt.,"vt. 参加, 照料, 伴随\nvi. 专心于, 照顾, 服侍, 出席",,,cet4-core source:ecdict cet4 cet4-all family:attending family:attended family:attends,1168
completely,kәm'pli:tli,adv.,"adv. 完全地, 十分地, 圆满地",,,cet4-core source:ecdict cet4 cet6 cet4-all,1169
variety,vә'raiәti,n.,"n. 多样, 种类, 变种, 杂耍\n[化] 变种",,,cet4-core source:ecdict cet4 cet6 cet4-all family:varieties,1171
sleep,sli:p,n.,"n. 睡眠, 静止, 昏迷, 麻木, 长眠, 冬眠\nvi. 睡觉, 睡眠, 静止\nvt. 睡",,,cet4-core source:ecdict cet4-all family:slept family:sleeping family:sleeps,1172
investigation,in.vesti'geiʃәn,n.,"n. 调查, 审查\n[医] 调查, 调查研究",,,cet4-core source:ecdict cet4 cet6 cet4-all family:investigations,1175
nuclear,'nju:kliә,adj.,"a. 核子的, 原子能的, 核的, 中心的\n[医] 核的",,,cet4-core source:ecdict cet4 cet6 cet4-all,1176
researcher,ri:'sә:tʃә,n.,n. 研究人员,,,cet4-core source:ecdict cet4 cet6 cet4-all family:researchers,1177
press,pres,n.,"n. 压, 揿, 按, 人群, 印刷机, 压力, 出版社, 记者, 报刊, 新闻舆论, 紧迫\nvt. 压, 压榨, 紧抱, 逼迫, 推进, 强迫征募, 催逼\nvi. 压, 重压, 催促, 拥挤, 奋力前进, 受压",,,cet4-core source:ecdict cet4 cet6 cet4-all family:pressed family:pressing family:presses,1178
conflict,'kɒnflikt,n.,"n. 战斗, 冲突, 矛盾, 争执\nvi. 争执, 战斗, 冲突, 抵触\n[计] 冲突",,,cet4-core source:ecdict cet4 cet6 cet4-all cet6-core family:conflicts family:conflicted family:conflicting,1179
spirit,'spirit,n.,"n. 精神, 心灵, 灵魂, 态度, 志气, 人格, 情绪, 心情, 烈酒\nvt. 诱拐, 鼓励, 鼓舞",,,cet4-core source:ecdict cet4 cet6 cet4-all family:spirits family:spirited family:spiriting,1180
replace,ri'pleis,vt.,"vt. 代替, 替换, 放回, 归还\n[计] 替换; DOS外部命令:取代或更新文件",,,cet4-core source:ecdict cet4 cet6 cet4-all family:replaced family:replacing family:replaces,1182
british,'britiʃ,adj.,"a. 英国的\nn. 英国人, 英国英语",,,cet4-core source:ecdict cet4-all,1183
encourage,in'kʌridʒ,vt.,"vt. 鼓励, 支持, 激励\n[法] 怂恿, 煽动, 助长",,,cet4-core source:ecdict cet4 cet6 cet4-all cet6-core family:encouraged family:encourages family:encouraging,1184
argument,'ɑ:gjumәnt,n.,"n. 争论, 论证, 论据, 自变量\n[计] 参数",,,cet4-core source:ecdict cet4 cet4-all family:arguments,1185
camp,kæmp,n.,"n. 露营, 帐篷\nvi. 露营, 扎营\nvt. 使扎营",,,cet4-core source:ecdict cet4 cet6 cet4-all family:camps family:camping family:camped family:camper,1188
brain,brein,n.,n. 脑\nvt. 打碎脑部,,,cet4-core source:ecdict cet4 cet4-all family:brains family:braining family:brained,1189
feature,'fi:tʃә,n.,"n. 面孔的一部分(如眼、口等), 特征, 容貌, 特色, 特写\nvt. 是...的特色, 特写, 放映\nvi. 起重要作用\n[计] 特性",,,cet4-core source:ecdict cet4 cet6 cet4-all cet6-core family:features family:featuring family:featured,1190
afternoon,'ɑ:ftә'nu:n,n.,"n. 午后, 下午",,,cet4-core source:ecdict cet4-all family:afternoons,1191
weekend,'wi:kend,n.,"n. 周末, 周末休假",,,cet4-core source:ecdict cet4-all family:weekends family:weekending family:weekended,1193
dozen,'dʌzn,n.,"n. 打, 十二个\na. 一打的",,,cet4-core source:ecdict cet4 cet4-all,1194
possibility,.pɒsә'biliti,n.,"n. 可能性, 可能的事\n[法] 可能性, 可能发生的事, 不确定权",,,cet4-core source:ecdict cet4 cet6 cet4-all family:possibilities,1195
insurance,in'ʃurәns,n.,"n. 保险, 保险业, 保险费\n[医] 保险",,,cet4-core source:ecdict cet4 cet6 cet4-all cet6-core family:insurances,1197
department,di'pɑ:tmәnt,n.,"n. 部门, 系, 机关\n[医] 部, 科",,,cet4-core source:ecdict cet4 cet6 cet4-all family:departments,1198
battle,'bætl,n.,n. 战役\nv. 战斗,,,cet4-core source:ecdict cet4 cet6 cet4-all family:battles family:battling family:battled,1199
beginning,bi'giniŋ,n.,n. 开始,,,cet4-core source:ecdict cet4 cet6 cet4-all family:begin family:i family:beginnings family:beginning,1200
date,deit,n.,"n. 日期, 约会, 枣椰树\nvt. 约会, 定日期\nvi. 注明日期, 过时",,,cet4-core source:ecdict cet4-all family:dates family:dated family:dating,1201
generally,'dʒenәrәli,adv.,"adv. 通常, 逐渐地, 普遍地",,,cet4-core source:ecdict cet4 cet6 cet4-all,1202
african,'æfrikәn,n.,"n. 非洲人\na. 非洲的, 非洲人的",,,cet4-core source:ecdict cet4 cet4-all family:africans,1203
sorry,'sɒri,adj.,"a. 难过的, 悲哀的, 遗憾的",,,cet4-core source:ecdict cet4-all family:sorrier,1205
crisis,'kraisis,n.,"n. 危机, 危险期, 紧要关头\n[医] 危象; 骤退, 临界, 极期",,,cet4-core source:ecdict cet4 cet6 cet4-all cet6-core family:crises,1206
complete,kәm'pli:t,adj.,"a. 完全的, 十足的, 完成的\nvt. 完成, 完工, 使圆满",,,cet4-core source:ecdict cet4 cet6 cet4-all family:completed family:completing family:completes,1207
fan,fæn,n.,"n. 风扇, 迷, 狂热者, 爱好者\nvt. 煽动, 刺激, 吹拂\nvi. 飘动, 成扇形散开",,,cet4-core source:ecdict cet4 cet6 cet4-all family:fans family:fanning family:fanned,1208
stick,stik,n.,"n. 棍, 棒, 刺, 枯枝, 茎, 条状物\nvt. 插进, 刺入, 钉住, 伸出, 粘贴, 停止\nvi. 粘住, 停留, 坚持, 陷住, 伸出",,,cet4-core source:ecdict cet4 cet6 cet4-all family:stuck family:sticking family:sticks,1209
define,di'fain,vt.,"vt. 定义, 规定, 使明确\n[计] 定义",,,cet4-core source:ecdict cet4 cet6 cet4-all cet6-core family:defined family:defining family:defines,1210
easily,'i:zili,adv.,"adv. 容易地, 轻易地, 流利地",,,cet4-core source:ecdict cet4 cet4-all,1211
hole,hәul,n.,"n. 孔, 洞, 穴, 漏洞\nvt. 挖洞, 掘坑\nvi. 进洞, 凿洞",,,cet4-core source:ecdict cet4 cet6 cet4-all family:holes family:holed family:holing,1213
element,'elimәnt,n.,"n. 元件, 元素, 要素\n[计] 部分; 成分; 单元; 码元; 元件; 元素; 单元",,,cet4-core source:ecdict cet4 cet6 cet4-all cet6-core family:elements,1214
status,'steitәs,n.,"n. 状态, 情形, 地位, 要人身份\n[计] 状态",,,cet4-core source:ecdict cet4 cet6 cet4-all cet6-core,1215
vision,'viʒәn,n.,"n. 视觉, 眼光, 视力, 幻想\nvt. 梦见, 想象, 显示",,,cet4-core source:ecdict cet4 cet6 cet4-all cet6-core family:visions,1216
normal,'nɒ:ml,n.,"n. 常态, 标准, 正常, 普通\na. 正常的, 正规的, 标准的, 师范的, 正态的\n[计] 标准, 普通",,,cet4-core source:ecdict cet4 cet6 cet4-all family:normals,1217
chinese,tʃai'ni:z,n.,"n. 中文, 中国话, 中国人\na. 中国的, 中国话的",,,cet4-core source:ecdict cet4-all,1218
ship,ʃip,n.,"n. 船, 舰\nvt. 以船运送, 装船, 运送\nvi. 上船, 乘船",,,cet4-core source:ecdict cet4-all family:ships family:shipped family:shipping,1219
stone,stәun,n.,"n. 石头, 宝石, 果核, 纪念碑, 结石\nvt. 投扔石子, 铺石头\na. 石的, 石制的, 完全的",,,cet4-core source:ecdict cet4 cet6 cet4-all family:stones family:stoned family:stoning,1220
solution,sә'lu:ʃәn,n.,"n. 解决, 解答, 溶液\n[化] 溶液",,,cet4-core source:ecdict cet4 cet6 cet4-all cet6-core family:solutions,1221
slowly,'slәuli,adv.,"adv. 慢慢地, 迟缓地",,,cet4-core source:ecdict cet4 cet6 cet4-all,1222
scale,skeil,n.,"n. 刻度, 衡量, 比例, 比例尺, 数值范围, 等级, 规模, 天平, 秤, 鳞, 积垢\nvt. 依比例决定, 攀登, 测量, 绘制, 刮鳞, 使生垢, 过秤\nvi. 剥落, 生水垢, 重量为, 攀登, 衡量\n[计] 刻度",,,cet4-core source:ecdict cet4 cet6 cet4-all cet6-core family:scales family:scaled family:scaling,1223
introduce,.intrә'dju:s,vt.,"vt. 介绍, 引入, 采用, 输入\n[法] 引进, 输入, 介绍",,,cet4-core source:ecdict cet4 cet6 cet4-all family:introduced family:introducing family:introduces,1225
driver,'draivә,n.,"n. 驾驶员, 驱动器, 驱动程序\n[化] 驱动器",,,cet4-core source:ecdict cet4-all family:drivers,1226
attempt,ә'tempt,n.,"n. 尝试, 企图\nvt. 尝试, 企图",,,cet4-core source:ecdict cet4 cet6 cet4-all cet6-core family:attempts family:attempting family:attempted,1227
spot,spɒt,n.,"n. 污点, 地点, 斑点, 点, 娱乐场所, 处境, 少量\na. 当场的, 现场的, 现货买卖的, 现金交易的, 抽样的\nvt. 点缀, 玷污, 认出, 准确定...的位, 用灯光照射\nvi. 玷污, (从空中)侦察敌方目标",,,cet4-core source:ecdict cet4 cet6 cet4-all family:spots family:spotted family:spotting,1228
lack,læk,n.,"n. 缺乏, 无, 不足\nvt. 缺乏, 短少, 不足, 需要\nvi. 缺乏",,,cet4-core source:ecdict cet4 cet4-all family:lacking family:lacked family:lacks,1229
ice,ais,n.,"n. 冰, 冰淇淋, 糖衣, 冷若冰霜, 矜持, 贿赂\nvt. 使结冰, 冰镇, 覆以糖衣\nvi. 结冰",,,cet4-core source:ecdict cet4-all family:icing family:ices family:iced,1230
boat,bәut,n.,n. 船\nvi. 乘船\nvt. 以船运,,,cet4-core source:ecdict cet4-all family:boats family:boating family:boated,1231
christmas,'krismәs,n.,n. 圣诞节,,,cet4-core source:ecdict cet4 cet4-all family:christmases,1232
drink,driŋk,n.,"n. 饮料, 酒\nv. 喝, 喝酒",,,cet4-core source:ecdict cet4-all family:drinks family:drinking family:drank family:drunk,1232
sun,sʌn,n.,"n. 太阳, 日, 日光, 阳光\nvt. 晒\nvi. 晒太阳",,,cet4-core source:ecdict cet4-all family:suns family:sunning family:sunned,1233
distance,'distәns,n.,"n. 距离, 远方, 遥远\n[计] 位距",,,cet4-core source:ecdict cet4 cet6 cet4-all family:distances family:distancing family:distanced,1235
wood,wud,n.,"n. 木材, 木制品\nvt. 植林于, 给...添加木柴\nvi. 收集木材",,,cet4-core source:ecdict cet4 cet6 cet4-all family:woods,1236
truck,trʌk,n.,"n. 卡车, 货车, 对...进行交易, 来往, 实物工资, (供应市场的)蔬菜, 废物, 废话\nvt. 对...进行交易, 交往, 以卡车运输\nvi. 驾驶卡车, 以物易物",,,cet4-core source:ecdict cet4 cet6 cet4-all family:trucks family:trucking family:trucked,1237
handle,hændl,n.,"n. 柄, 把手, 把柄, 柄状物, 手感\nvt. 触摸, 运用, 买卖, 处理, 操作\nvi. 搬运, 易于操纵\nn. 句柄\n[计] 句柄",,,cet4-core source:ecdict cet4 cet6 cet4-all family:handled family:handling family:handles,1238
mountain,'mauntin,n.,"n. 山, 山脉, 大堆",,,cet4-core source:ecdict cet4-all family:mountains,1240
survey,sә'vei,n.,"n. 纵览, 视察, 测量, 俯瞰, 调查\nvt. 审视, 视察, 俯瞰, 通盘考虑\nvi. 测量土地",,,cet4-core source:ecdict cet4 cet6 cet4-all family:surveys family:surveying family:surveyed,1241
tradition,trә'diʃәn,n.,"n. 传说, 传统, 交付\n[法] 传统, 惯例, 移交",,,cet4-core source:ecdict cet4 cet6 cet4-all family:traditions,1243
winter,'wintә,n.,"n. 冬季, 萧条期, 衰退期\na. 冬天的\nvt. 使度过冬天\nvi. 过冬",,,cet4-core source:ecdict cet4-all family:winters family:wintering family:wintered,1244
village,'vilidʒ,n.,"n. 村庄\na. 乡村的, 村庄的",,,cet4-core source:ecdict cet4-all family:villages,1245
soviet,'sәuviәt,n.,"n. 代表会议, 苏维埃, 苏联\na. 苏维埃的, 苏联的",,,cet4-core source:ecdict cet4 cet6 cet4-all family:soviets,1246
refuse,ri'fju:z,vt.,"vt. 拒绝, 谢绝\nvi. 拒绝\nn. 废物\na. 扔掉的, 无用的",,,cet4-core source:ecdict cet4 cet6 cet4-all family:refused family:refusing family:refuses,1247
roll,rәul,n.,"n. 卷, 滚动, 名单, 案卷, 压路机\nvi. 滚, 滚动, 飘流, 起伏, 卷, 绕\nvt. 使滚动, 卷, 绕",,,cet4-core source:ecdict cet4 cet6 cet4-all family:rolled family:rolls family:rolling,1249
communication,kә.mju:ni'keiʃәn,n.,"n. 交流, 交通, 通讯\n[计] 通信",,,cet4-core source:ecdict cet4 cet6 cet4-all cet6-core family:communications,1250
screen,skri:n,n.,"n. 幕, 银幕, 屏风, 掩蔽物, 屏蔽, 筛子\nvt. 掩蔽, 放映, 拍摄, 掩护, 筛, 甄别\nvi. 拍电影\n[计] 筛选; 屏幕",,,cet4-core source:ecdict cet4 cet6 cet4-all family:screens family:screened family:screening,1252
gain,gein,n.,"n. 增益, 获得, 利润, 收获, 增加\nvt. 得到, 增进, 赚到\nvi. 获利, 增加\n[计] 增益",,,cet4-core source:ecdict cet4 cet6 cet4-all family:gained family:gains family:gaining,1253
resident,'rezidәnt,n.,"n. 居民, 常驻程序, 居住者, 留鸟\na. 居留的, 定居的",,,cet4-core source:ecdict cet4 cet6 cet4-all cet6-core family:residents,1254
hide,haid,n.,"n. 兽皮, 迹象, 躲藏处\nvt. 藏, 隐瞒, 遮避, 剥...的皮, 隐藏\nvi. 躲藏\n[计] 隐藏",,,cet4-core source:ecdict cet4 cet6 cet4-all family:hidden family:hiding family:hid family:hides,1255
gold,gәuld,n.,"n. 黄金, 钱财, 金块, 金色, 宝贵\na. 金的, 似金的, 金色的, 金制的",,,cet4-core source:ecdict cet4 cet4-all family:golds family:golding,1256
club,klʌb,n.,"n. 俱乐部, 木棍, 球棒\nvt. 用棍棒打, 缴纳\nvi. 联合起来\na. 俱乐部的",,,cet4-core source:ecdict cet4 cet4-all family:clubs family:clubbed family:clubbing,1257
farm,fɑ:m,n.,"n. 农场, 农田\nvt. 耕种\nvi. 种田",,,cet4-core source:ecdict cet4-all family:farms family:farmed family:farming,1258
potential,pә'tenʃәl,n.,"n. 潜在性, 可能性, 潜力, 潜能, 势, 位\na. 有潜力的, 可能的, 潜在的",,,cet4-core source:ecdict cet4 cet6 cet4-all cet6-core family:potentials,1260
european,.juәrә'pi:әn,n.,"n. 欧洲人\na. 欧洲的, 欧洲人的",,,cet4-core source:ecdict cet4-all family:europeans,1263
presence,'prezns,n.,"n. 出席, 面前, 存在, 仪态, 风度\n[电] 出现",,,cet4-core source:ecdict cet4 cet6 cet4-all family:presences,1264
independent,.indi'pendәnt,n.,"n. 独立自主者, 无党派者\na. 独立的, 有主见的, 不须依赖的, 不受约束的",,,cet4-core source:ecdict cet4 cet6 cet4-all family:independents,1265
district,'distrikt,n.,"n. 区域, 地方\n[医] 地区, 地段",,,cet4-core source:ecdict cet4 cet6 cet4-all family:districts family:districting family:districted,1266
shape,ʃeip,n.,"n. 形状, 形态, 外形, 形式, 身材\nvt. 定形, 使成形, 塑造, 计划, 使符合\nvi. 成形, 形成, 成长\n[计] 形状",,,cet4-core source:ecdict cet4 cet6 cet4-all family:shapes family:shaped family:shaping,1267
reader,'ri:dә,n.,"n. 读者, 读物, 文选, 校对人, 讲师\n[计] 阅读程序; 阅读器",,,cet4-core source:ecdict cet4 cet6 cet4-all family:readers,1268
contract,'kɒntrækt,n.,"n. 合约, 婚约, 契约\nvt. 使皱缩, 使缩短, 感染, 订约, 缔结\nvi. 皱缩, 订约, 收缩",,,cet4-core source:ecdict cet4 cet6 cet4-all cet6-core family:contracts family:contracted family:contracting,1269
crowd,kraud,n.,"n. 群众, 一伙人\nvt. 拥挤, 挤满, 挤进",,,cet4-core source:ecdict cet4 cet6 cet4-all cet6-core family:crowds family:crowded family:crowding,1270
christian,'kristʃәn,n.,"n. 基督徒, 正派人\na. 基督的, 基督教的",,,cet4-core source:ecdict cet4 cet6 cet4-all family:christians,1271
express,ik'spres,n.,"n. 快车, 快递, 专使\na. 明确的, 丝毫不差的, 专门的, 快的\nvt. 表达, 表示, 表露",,,cet4-core source:ecdict cet4 cet6 cet4-all family:expressed family:expressing family:expresses,1272
apartment,ә'pɑ:tmәnt,n.,"n. 房间, 公寓",,,cet4-core source:ecdict cet4 cet4-all cet6-core family:apartments,1273
willing,'wiliŋ,adj.,"a. 乐意的, 自愿的, 甘愿的",,,cet4-core source:ecdict cet4 cet6 cet4-all family:willing family:i,1274
strength,streŋθ,n.,"n. 力量, 实力, 强度, 浓度, 人数, 抵抗力\n[化] 强度",,,cet4-core source:ecdict cet4 cet6 cet4-all family:strengths,1275
previous,'pri:viәs,adj.,"a. 早先的, 前面的, 过急的\n[法] 以前的, 生前的, 前述的",,,cet4-core source:ecdict cet4 cet6 cet4-all cet6-core,1276
band,bænd,n.,"n. 带子, 队, 乐队\nv. 联合, 结合\n[计] 频带; 波段; 区",,,cet4-core source:ecdict cet4 cet4-all cet6-core family:bands family:banded family:banding,1277
obviously,'ɔbviәsli,adv.,"adv. 显而易见地, 明显地",,,cet4-core source:ecdict cet4 cet6 cet4-all,1278
horse,hɒ:s,n.,"n. 马, 骑兵, 脚架\nvi. 骑马, 取笑\nvt. 使骑马, 系马于",,,cet4-core source:ecdict cet4-all family:horses family:horsing family:horsed,1279
target,'tɑ:git,n.,"n. 目标, 靶子, 指标\nvt. 对准, 订指标",,,cet4-core source:ecdict cet4 cet6 cet4-all cet6-core family:targets family:targeted family:targeting,1281
prison,'prizn,n.,"n. 监狱, 监禁, 拘留所\nvt. 监禁",,,cet4-core source:ecdict cet4 cet6 cet4-all family:prisons,1282
ride,raid,n.,"n. 骑马, 乘坐, 乘车, 搭便车\nvt. 骑, 乘坐, 压迫, 控制\nvi. 骑马, 乘车, 漂游",,,cet4-core source:ecdict cet4-all family:riding family:rode family:ridden family:rides,1283
guard,gɑ:d,n.,"n. 守卫者, 警戒, 护卫队, 防护装置\nvt. 保卫, 看守, 当心\nvi. 防止, 警惕, 警卫, 看守",,,cet4-core source:ecdict cet4 cet6 cet4-all family:guards family:guarded family:guarding,1284
reporter,ri'pɒ:tә,n.,"n. 记者, 报告者\n[化] 指示器",,,cet4-core source:ecdict cet4 cet6 cet4-all family:reporters,1286
demand,di'mɑ:nd,n.,"n. 要求, 需求, 需要\nv. 要求, 查询",,,cet4-core source:ecdict cet4 cet6 cet4-all cet6-core family:demands family:demanded family:demanding,1287
deliver,di'livә,vt.,"vt. 递送, 陈述, 释放, 发表, 引渡, 投递, 交付\n[经] 交运",,,cet4-core source:ecdict cet4 cet4-all family:delivered family:delivering family:delivers,1288
text,tekst,n.,"n. 文本, 正文, 课文, 主题, 圣经文句, 乐谱\n[计] 电文; 文本; 正文",,,cet4-core source:ecdict cet4-all family:texts,1289
tool,tu:l,n.,"n. 工具, 机床, 傀儡\nvt. 用工具加工\nvi. 使用工具",,,cet4-core source:ecdict cet4 cet6 cet4-all family:tools family:tooling family:tooled,1291
wild,waild,n.,"n. 荒野, 荒地\na. 野性的, 野蛮的, 野生的, 失控的, 任性的, 杂乱的, 轻率的, 狂热的, 疯狂的\nadv. 狂暴地, 失控地",,,cet4-core source:ecdict cet4 cet6 cet4-all family:wilder family:wildest family:wilds,1292
vehicle,'vi:ikl,n.,"n. 交通工具, 车辆, 传播媒介\n[化] 载体; 运载体; 漆料",,,cet4-core source:ecdict cet4 cet6 cet4-all cet6-core family:vehicles,1293
observe,әb'zә:v,vt.,"vt. 觉察到, 遵守, 注意到, 庆祝\nvi. 注意, 评论",,,cet4-core source:ecdict cet4 cet6 cet4-all family:observed family:observing family:observes,1294
flight,flait,n.,"n. 飞行, 射程, 逃走, 飞跃, 飞机航程, 班机, 迁徙, 飞逝\nvi. 迁徙\nvt. 射击(飞禽), 为(箭)装上羽毛, 使惊飞",,,cet4-core source:ecdict cet4-all family:flights family:flighting family:flighted,1295
facility,fә'siliti,n.,"n. 容易, 灵巧, 设备\n[计] 设施; 设备; 装备",,,cet4-core source:ecdict cet4 cet6 cet4-all family:facilities,1297
understanding,.ʌndә'stændiŋ,n.,"n. 理解, 谅解\n[法] 协商, 协议, 谅解",,,cet4-core source:ecdict cet4 cet6 cet4-all family:understand family:i family:understanding family:understandings,1298
average,'ævәridʒ,n.,"n. 平均, 平均数, 一般水平, 海损\na. 平均的, 中等的, 平常的\nvt. 算出...平均数, 平均做, 均分, 使平衡\nvi. 平均为, 呈中间色",,,cet4-core source:ecdict cet4 cet4-all family:averages family:averaging family:averaged,1299
emerge,i'mә:dʒ,vi.,"vi. 浮现, 形成, 出现, (事实)显露",,,cet4-core source:ecdict cet4 cet6 cet4-all cet6-core family:emerged family:emerges family:emerging,1300
advantage,әd'vɑ:ntidʒ,n.,"n. 优点, 便利, 好处, 优势\nvt. 有助于",,,cet4-core source:ecdict cet4 cet4-all cet6-core family:advantages family:advantaged family:advantaging,1301
quick,kwik,adj.,"a. 快的, 迅速的, 敏捷的, 灵敏的, 急速的\nadv. 快\nn. 新长出的肉, 要害, 核心, 感觉敏锐部位",,,cet4-core source:ecdict cet4-all family:quicker family:quickest,1303
leadership,'li:dәʃip,n.,"n. 领导能力, 领导阶层",,,cet4-core source:ecdict cet4 cet6 cet4-all family:leaderships,1304
earn,ә:n,vt.,"vt. 赚得, 获得, 博得\n[计] 欧州科学研究网",,,cet4-core source:ecdict cet4 cet4-all family:earning family:earned family:earns,1305
pound,paund,n.,"n. 磅, 英镑, 重击, 鱼塘, 拘留所, 兽栏\nvt. 强烈打击, 捣烂, 监禁, 关入栏内\nvi. 连续重击, 苦干",,,cet4-core source:ecdict cet4 cet6 cet4-all family:pounds family:pounded family:pounding,1306
basis,'beisis,n.,"n. 基础, 主要成分\n[化] 基底",,,cet4-core source:ecdict cet4 cet4-all cet6-core,1307
bright,brait,adj.,"a. 明亮的, 聪明的, 鲜明的, 欢快的\nadv. 明亮地, 欢快地",,,cet4-core source:ecdict cet4-all family:brighter family:brightest,1308
operate,'ɒpәreit,v.,"v. 操作, 运转, 动手术, 活动",,,cet4-core source:ecdict cet4 cet6 cet4-all family:operating family:operated family:operates,1309
guest,gest,n.,"n. 客人, 来宾, 旅客\n[化] 客体",,,cet4-core source:ecdict cet4-all family:guests family:guesting,1310
sample,'sæmpl,n.,"n. 样品, 范例, 样本\nvt. 抽样, 尝试\n[计] 示例, 字样",,,cet4-core source:ecdict cet4 cet6 cet4-all cet6-core family:samples family:sampled family:sampling,1311
contribute,kәn'tribju:t,vt.,"vt. 有助于, 捐助, 投稿\nvi. 出力, 捐献, 投稿",,,cet4-core source:ecdict cet4 cet6 cet4-all cet6-core family:contributed family:contributing family:contributes,1312
tiny,'taini,adj.,"a. 很少的, 微小的",,,cet4-core source:ecdict cet4 cet6 cet4-all family:tiniest family:tinier family:tinies,1313
block,blɒk,n.,"n. 街区, 木块, 石块, 块\nvt. 阻塞, 封锁, 使成块状\n[计] 块, 数据块",,,cet4-core source:ecdict cet4-all family:blocks family:blocked family:blocking,1314
protection,prә'tekʃәn,n.,"n. 保护, 防卫, 贸易保护制度\n[计] 保护",,,cet4-core source:ecdict cet4 cet6 cet4-all family:protections,1315
settle,'setl,n.,"n. 有背长椅\nvt. 决定, 整理, 安放, 使定居, 使平静, 支付, 安排, 解决, 结算\nvi. 停留, 下陷, 沉淀, 澄清, 安下心来, 结清, 定居, 安家",,,cet4-core source:ecdict cet4 cet6 cet4-all cet6-core family:settled family:settling family:settles,1316
feed,fi:d,n.,"n. 饲料, 一餐, 饲养\nvt. 喂, 饲养, 放牧, 靠...为生\nvi. 吃东西, 用餐, 流入\n[计] 送纸",,,cet4-core source:ecdict cet4 cet6 cet4-all family:fed family:feeding family:feeds family:pd family:feed,1317
collect,kә'lekt,v.,"v. 收集, 聚集, 集中, 搜集\na. 由收到者付款的\nadv. 由收到者付款地",,,cet4-core source:ecdict cet4 cet6 cet4-all family:collected family:collecting family:collects,1318
additional,ә'diʃәnәl,adj.,"a. 附加的, 另外的, 额外的\n[机] 加添的, 附加的",,,cet4-core source:ecdict cet4 cet6 cet4-all cet6-core,1319
highly,'haili,adv.,"adv. 非常, 非常赞许地\n[电] 大大地",,,cet4-core source:ecdict cet4 cet6 cet4-all,1320
title,'taitl,n.,"n. 头衔, 名称, 标题, 书名, 扉页, 权利, 资格, 冠军, 字幕\nvt. 授予头衔, 加标题于\n[计] 标题",,,cet4-core source:ecdict cet4 cet6 cet4-all family:titles family:titled family:titling,1323
mostly,'mәustli,adv.,"adv. 大概, 大部分, 主要\n[经] 大部份",,,cet4-core source:ecdict cet4 cet6 cet4-all,1324
lesson,'lesn,n.,"n. 课, 课业, 教训",,,cet4-core source:ecdict cet4-all family:lessons,1325
faith,feiθ,n.,"n. 信心, 信任, 忠实, 保证\n[法] 信任, 信仰, 信念",,,cet4-core source:ecdict cet4 cet6 cet4-all cet6-core family:faiths,1326
river,'rivә,n.,"n. 河, 江\n[法] 河流, 江河, 内河",,,cet4-core source:ecdict cet4-all family:rivers,1327
promote,prәu'mәut,vt.,"vt. 促进, 晋升, 创办, 推销\n[经] 促进, 推广, 推销",,,cet4-core source:ecdict cet4 cet6 cet4-all cet6-core family:promoted family:promoting family:promotes,1328
living,'liviŋ,n.,"n. 生活, 生计, 生存\na. 活的, 逼真的, 现存的",,,cet4-core source:ecdict cet4 cet6 cet4-all family:live family:i family:living family:livings,1329
count,kaunt,vt.,"vt. 计算, 视为\nvi. 计数\nn. 计算, 合计, 计数, 伯爵\n[计] 计数",,,cet4-core source:ecdict cet4 cet6 cet4-all family:counts family:counted family:counting,1331
unless,.ʌn'les,conj.,conj. 除非\nprep. 除...之外,,,cet4-core source:ecdict cet4 cet6 cet4-all,1332
marry,'mæri,vt.,"vt. 与...结婚, 娶, 嫁\nvi. 结婚",,,cet4-core source:ecdict cet4 cet4-all family:married family:marrying family:marries,1333
tomorrow,tә'mɒ:rәu,n.,"n. 明天, 未来\nadv. 明天, 未来地",,,cet4-core source:ecdict cet4-all family:tomorrows,1334
technique,tek'ni:k,n.,"n. 技巧, 技术, 方法\n[化] 工艺方法; 技巧",,,cet4-core source:ecdict cet4 cet6 cet4-all family:techniques,1335
path,pɑ:θ,n.,"n. 路径, 小路, 道路, 途径, 路线, 轨道\n[计] 路径; DOS内部命令:设定DOS读取程序的路径",,,cet4-core source:ecdict cet4 cet6 cet4-all family:paths,1336
ear,iә,n.,"n. 耳朵, 倾听, 听觉, 穗\nvi. 抽穗",,,cet4-core source:ecdict cet4-all family:ears,1337
shop,ʃɒp,n.,"n. 商店, 工厂, 车间\nvi. 购物, 到处寻找\nvt. 选购",,,cet4-core source:ecdict cet4-all family:shops family:shopping family:shopped,1338
folk,fәuk,n.,"n. 人们, 家人, 亲属, 民族\na. 民间的",,,cet4-core source:ecdict cet4 cet6 cet4-all family:folks,1339
principle,'prinsipl,n.,"n. 原则, 原理, 主义\n[化] 原理",,,cet4-core source:ecdict cet4 cet6 cet4-all cet6-core family:principles,1341
survive,sә'vaiv,vt.,"vt. 比...活得长, 生存, 生还, 幸免于\nvi. 活下来, 幸存",,,cet4-core source:ecdict cet4 cet6 cet4-all cet6-core family:survived family:survives family:surviving,1342
lift,lift,n.,"n. 举起, 帮助, 昂扬, 电梯\nvt. 升高, 提高, 鼓舞, 清偿, 空运, 举起, 剽窃\nvi. 升起, 消散, 耸立",,,cet4-core source:ecdict cet4 cet4-all family:lifted family:lifting family:lifts,1343
border,'bɒ:dә,n.,"n. 边缘, 边境, 边界, 花坛\nvt. 在...上镶边, 接近\nvi. 接界, 近似\n[计] 边框",,,cet4-core source:ecdict cet4 cet4-all cet6-core family:borders family:bordering family:bordered,1344
competition,.kɒmpi'tiʃәn,n.,"n. 竞争, 竞赛\n[经] 竞争, 竞销, 比赛",,,cet4-core source:ecdict cet4 cet6 cet4-all family:competitions,1345
jump,dʒʌmp,n.,"n. 跳跃, 跳动, 暴涨, 惊跳\nvt. 跳跃, 跃过, 突升, 使跳跃\nvi. 跳跃, 跳, 跳动, 暴涨\n[计] 转移, 跳转",,,cet4-core source:ecdict cet4-all family:jumped family:jumping family:jumps,1346
gather,'gæðә,n.,"n. 集合, 聚集\nvi. 聚集, 集合, 渐增\nvt. 使聚集, 搜集, 积聚",,,cet4-core source:ecdict cet4 cet6 cet4-all family:gathered family:gathering family:gathers,1347
limit,'limit,n.,"n. 界限, 边界, 限度, 极限, 限制\nvt. 限制, 限定",,,cet4-core source:ecdict cet4 cet6 cet4-all family:limits family:limited family:limiting,1348
fit,fit,n.,"n. 适宜, 合身, 发作, 痉挛\na. 适宜的, 对的, 准备好的\nvt. 适合, 安装, 使合身, 使适应, 使合格\nvi. 适合, 符合, 合身\n[计] 非特",,,cet4-core source:ecdict cet4-all family:fitted family:fits family:fitting family:fitter family:fittest,1349
cry,krai,n.,"n. 叫声, 哭声, 大叫\nvi. 哭, 叫, 喊\nvt. 叫喊, 大声说, 哭出",,,cet4-core source:ecdict cet4-all family:cried family:crying family:cries,1351
equipment,i'kwipmәnt,n.,"n. 装备, 设备, 才能\n[化] 设备; 装备; 装置",,,cet4-core source:ecdict cet4 cet6 cet4-all family:equipments,1352
worth,wә:θ,n.,"n. 价值, 财产\na. 值...的, 值得的",,,cet4-core source:ecdict cet4-all,1353
associate,ә'sәuʃieit,n.,"n. 同伴, 伙伴, 关联的事物\nvt. 使联合, 使发生联系\nvi. 交往\n[计] 关联",,,cet4-core source:ecdict cet4 cet6 cet4-all cet6-core family:associated family:associates family:associating,1354
critic,'kritik,n.,"n. 批评家, 鉴定家",,,cet4-core source:ecdict cet4 cet6 cet4-all cet6-core family:critics,1355
warm,wɒ:m,adj.,"a. 暖和的, 暖的, 温暖的, 热烈的, 兴奋的, 激烈的, 多情的, 色情的\nvt. 使温暖, 弄热, 使兴奋, 使充满仇恨\nvi. 变暖和, 变温暖, 取暖, 激动, 同情, 爱好\nn. 暖, 保暖物",,,cet4-core source:ecdict cet4-all family:warmer family:warming family:warmed family:warmest family:warms,1356
aspect,'æspekt,n.,"n. 外观, 方面, 面貌, 方向\n[医] 方面, 局面; 外观",,,cet4-core source:ecdict cet4 cet6 cet4-all cet6-core family:aspects,1357
insist,in'sist,v.,"v. 坚持, 坚决主张, 强调",,,cet4-core source:ecdict cet4 cet6 cet4-all cet6-core family:insisted family:insists family:insisting,1359
failure,'feiljә,n.,"n. 失败, 失败者, 不足, 缺乏, 破产\n[计] 故障; 失效",,,cet4-core source:ecdict cet4 cet4-all family:failures,1360
annual,'ænjuәl,n.,"n. 年刊, 年报\na. 每年的, 一年一次的, 全年的, 一年生的",,,cet4-core source:ecdict cet4 cet4-all cet6-core family:annuals,1361
french,frentʃ,n.,"n. 法国人, 法文, 法式\na. 法国的, 法国人的, 法语的",,,cet4-core source:ecdict cet4-all family:frenches,1362
comment,'kɒment,n.,"n. 注解, 批评, 评论, 备注\nvi. 评论, 注解\n[计] 备注",,,cet4-core source:ecdict cet4 cet6 cet4-all family:comments family:commented family:commenting,1363
affair,ә'fєә,n.,"n. 事件, 事务, 恋爱事件",,,cet4-core source:ecdict cet4 cet6 cet4-all family:affairs,1364
responsible,ri'spɒnsәbl,adj.,"a. 有责任的, 负责的, 责任重大的\n[法] 应负责任的, 有责任的, 能履行责任的",,,cet4-core source:ecdict cet4 cet6 cet4-all cet6-core,1365
procedure,prә'si:dʒә,n.,"n. 程序, 过程, 手续\n[计] 规程; 过程",,,cet4-core source:ecdict cet4 cet6 cet4-all cet6-core family:procedures,1369
regular,'regjulә,adj.,"a. 规则的, 常例的, 有秩序的, 整齐的, 等边的, 定期的, 经常的, 合格的, 常备军的\nn. 正规军, 正式队员\nadv. 经常地\nn. 正常体\n[计] 正常体",,,cet4-core source:ecdict cet4 cet6 cet4-all family:regulars,1370
spread,spred,n.,"n. 传播, 散布, 伸展\na. 双唇展开的, 伸展的\nvt. 展开, 铺开, 传播, 推广, 伸出, 涂, 敷, 延伸\nvi. 展开, 扩大, 传开, 延伸\n[计] 展开",,,cet4-core source:ecdict cet4 cet6 cet4-all family:spread family:dp family:spreading family:spreads,1371
chairman,'tʃєәmәn,n.,"n. 主席, 会长\n[经] 主席",,,cet4-core source:ecdict cet4 cet6 cet4-all family:chairmen family:chairmanning family:chairmanned family:chairmans,1372
soft,sɒft,adj.,"a. 软的, 温和的, 柔和的, 柔滑的, 温柔的, 软弱的, 坡度小的, 笨的, 纸币的\nn. 柔软的东西, 笨人, 纸币\nadv. 柔软地, 温和地",,,cet4-core source:ecdict cet4 cet6 cet4-all family:softer family:softest,1374
ignore,ig'nɒ:,vt.,"vt. 不理睬, 忽视, 驳回, 忽略\n[计] 忽略",,,cet4-core source:ecdict cet4 cet6 cet4-all cet6-core family:ignored family:ignoring family:ignores,1375
egg,eg,n.,"n. 蛋, 卵\nvt. 挑唆, 煽动, 调蛋黄",,,cet4-core source:ecdict cet4-all family:eggs family:egged family:egging,1376
belief,bi'li:f,n.,"n. 信念, 相信, 信仰",,,cet4-core source:ecdict cet4 cet4-all family:beliefs,1378
demonstrate,'demәnstreit,vt.,"vt. 示范, 证明\nvi. 示威",,,cet4-core source:ecdict cet4 cet6 cet4-all cet6-core family:demonstrated family:demonstrates family:demonstrating,1379
anybody,'enibɒdi,pron.,pron. 任何人\nn. 重要人物,,,cet4-core source:ecdict cet4-all,1380
murder,'mә:dә,n.,"n. 谋杀\nvt. 谋杀, 损毁, 破坏\nvi. 犯杀人罪",,,cet4-core source:ecdict cet4 cet6 cet4-all family:murdered family:murders family:murdering,1381
gift,gift,n.,"n. 礼物, 赠予, 天才\nvt. 赋予",,,cet4-core source:ecdict cet4-all family:gifts family:gifted family:gifting,1382
religion,ri'lidʒәn,n.,"n. 宗教, 信仰\n[法] 宗教, 宗教信仰, 信仰",,,cet4-core source:ecdict cet4 cet6 cet4-all cet6-core family:religions,1383
review,ri'vju:,n.,"n. 检讨, 复习, 回顾, 检阅, 评论\nvt. 温习, 检讨, 评论, 再检察, 复审\nvi. 复习功课, 写评论",,,cet4-core source:ecdict cet4 cet6 cet4-all family:reviewed family:reviews family:reviewing,1384
editor,'editә,n.,"n. 编者, 编辑, 主笔, 编辑器, 编辑装置\n[计] 编辑器",,,cet4-core source:ecdict cet4 cet6 cet4-all family:editors,1385
engage,in'geidʒ,vi.,"vi. 答应, 从事, 交战\nvt. 使忙碌, 雇佣, 预定, 使从事于, 使参加",,,cet4-core source:ecdict cet4 cet6 cet4-all cet6-core family:engaged family:engaging family:engages,1387
coffee,'kɒfi,n.,"n. 咖啡, 咖啡色\n[医] 咖啡, 咖啡豆",,,cet4-core source:ecdict cet4-all family:coffees,1388
document,'dɒkjumәnt,n.,"n. 文件, 公文, 文档\nvt. 证明, 为...引证\n[计] 文档",,,cet4-core source:ecdict cet4 cet6 cet4-all family:documents family:documented family:documenting,1389
speed,spi:d,n.,"n. 速率, 速度, 迅速\nvi. 加速, 超速, 快进\nvt. 快速传送, 促进, 使加速\n[计] 中央处理机速度设置程序",,,cet4-core source:ecdict cet4 cet6 cet4-all family:speeds family:speeding family:sped family:speeded,1390
cross,krɒs,n.,"n. 十字架, 十字架形物件, 交叉, 十字标, 交叉路, 磨难, 杂交\na. 生气的, 交叉的, 相反的\nv. 交叉, 横过, 越过\n[计] 交叉, 十字标",,,cet4-core source:ecdict cet4 cet6 cet4-all family:crossed family:crossing family:crosses,1391
influence,'influәns,n.,"n. 影响力, 权力, 势力\nvt. 影响, 改变",,,cet4-core source:ecdict cet4 cet6 cet4-all family:influenced family:influences family:influencing,1392
anyway,'eniwei,adv.,"adv. 无论如何, 至少",,,cet4-core source:ecdict cet4 cet4-all family:anyways,1393
commit,kә'mit,vt.,"vt. 委托(托付), 犯罪, 指派...作战, 使承担义务\n[法] 犯, 做, 把...交托给",,,cet4-core source:ecdict cet4 cet6 cet4-all cet6-core family:committed family:committing family:commits,1394
threaten,'θretn,vt.,"vt. 恐吓, 威胁, 预示...的凶兆\nvi. 威胁, 恫吓, 可能来临",,,cet4-core source:ecdict cet4 cet6 cet4-all cet6-core family:threatened family:threatening family:threatens,1395
female,'fi:meil,n.,"n. 女性, 女人, 雌性动物\na. 女性的, 女子的",,,cet4-core source:ecdict cet4 cet6 cet4-all family:females,1396
youth,ju:θ,n.,"n. 年轻, 青年时代, 青年们, 青春\n[法] 青年, 青年时期, 青春时期",,,cet4-core source:ecdict cet4 cet6 cet4-all family:youths,1397
wave,weiv,n.,"n. 波, 波浪, 波动, 起伏, 高潮, 潮涌, 挥手致意, (气压)突变\nvi. 波动, 飘动, 挥手示意, 起伏\nvt. 使波动, 使飘扬, 挥舞, 使成波浪形",,,cet4-core source:ecdict cet4 cet6 cet4-all family:waves family:waved family:waving,1398
afraid,ә'freid,adj.,"a. 害怕的, 恐怕的, 遗憾的",,,cet4-core source:ecdict cet4-all,1400
quarter,'kwɒ:tә,n.,"n. 四分之一, 一刻钟, 季度, 地区\nvt. 四等分, 肢解\nvi. 驻扎, 住宿",,,cet4-core source:ecdict cet4-all family:quarters family:quartered family:quartering,1401
background,'bækgraund,n.,"n. 背景, 背景资料\n[计] 背景, 后台",,,cet4-core source:ecdict cet4 cet4-all cet6-core family:backgrounds,1402
native,'neitiv,n.,"n. 本地人, 土产, 当地人\na. 本国的, 与生俱来的, 自然的",,,cet4-core source:ecdict cet4 cet6 cet4-all family:natives,1403
broad,brɒ:d,adj.,"a. 宽广的, 辽阔的, 广大的, 显著的\nadv. 宽阔地\nn. 宽阔部分",,,cet4-core source:ecdict cet4 cet4-all family:broader family:broadest family:broads,1404
wonderful,'wʌndәful,adj.,"a. 令人惊奇的, 奇妙的, 极好的",,,cet4-core source:ecdict cet4 cet6 cet4-all,1405
deny,di'nai,v.,"v. 否认, 拒绝",,,cet4-core source:ecdict cet4 cet6 cet4-all cet6-core family:denied family:denying family:denies,1406
slightly,'slaitli,adv.,"adv. 些微地, 苗条地",,,cet4-core source:ecdict cet4 cet6 cet4-all,1408
reaction,ri'ækʃәn,n.,"n. 反应, 反作用, 反动\n[医] 反应",,,cet4-core source:ecdict cet4 cet6 cet4-all cet6-core family:reactions,1409
twice,twais,adv.,"adv. 两次, 两倍",,,cet4-core source:ecdict cet4-all,1410
suit,sju:t. su:t,n.,"n. 套装, 诉讼, 请求, 起诉, 套, 组\nvt. 适合, 使适应\nvi. 合适, 相称",,,cet4-core source:ecdict cet4 cet6 cet4-all family:suited family:suits family:suiting,1411
perspective,pә'spektiv,n.,"n. 远景, 透视感, (观察问题的)视角, 透视法, 看法, 透视图\na. 透视的, 透视法的\n[计] 透视",,,cet4-core source:ecdict cet4 cet6 cet4-all cet6-core family:perspectives,1412
blow,blәu,n.,"n. 吹, 打击, 殴打, 花开\nv. 吹, 风吹, 吹响, 开花",,,cet4-core source:ecdict cet4-all family:blew family:blown family:blowing family:blows,1414
construction,kәn'strʌkʃәn,n.,"n. 建筑, 构造, 建筑物\n[化] 施工",,,cet4-core source:ecdict cet4 cet6 cet4-all family:constructions,1415
intelligence,in'telidʒәns,n.,"n. 智力, 情报, 信息\n[医] 智力",,,cet4-core source:ecdict cet4 cet6 cet4-all family:intelligences,1417
destroy,di'strɒi,vt.,"vt. 破坏, 毁坏, 消灭",,,cet4-core source:ecdict cet4 cet6 cet4-all family:destroyed family:destroying family:destroys,1418
cook,kuk,n.,"n. 厨子, 厨师\nvt. 烹调, 煮饭, 加热\nvi. 在煮着",,,cet4-core source:ecdict cet4-all family:cooking family:cooked family:cooks,1419
connection,kә'nekʃәn,n.,"n. 连接, 关系, 前后关系\n[计] 连接",,,cet4-core source:ecdict cet4 cet6 cet4-all family:connections,1421
burn,bә:n,vt.,"vt. 烧, 烧毁, 烧伤\nvi. 燃烧, 发热, 烧毁\nn. 烧伤, 烙印",,,cet4-core source:ecdict cet4 cet6 cet4-all family:burnt family:burning family:burned family:burns,1422
shoe,ʃu:,n.,"n. 鞋, 靴, 外胎\nvt. 给...穿鞋, 为马钉蹄铁",,,cet4-core source:ecdict cet4-all family:shoes family:shod family:shoeing,1423
grade,greid,n.,"n. 等级, 年级, 阶段, 成绩, 程度, 坡度, 斜坡\nvt. 分等, 分级, 评分\nvi. 属于某等级, 逐渐变化",,,cet4-core source:ecdict cet4-all family:grades family:graded family:grading,1426
committee,kә'miti,n.,n. 委员会\n[经] 委员会,,,cet4-core source:ecdict cet4 cet6 cet4-all cet6-core family:committees,1428
mistake,mis'teik,n.,"n. 错误, 误会\nvi. 犯错, 误认\nvt. 误解, 弄错\n[计] 错误",,,cet4-core source:ecdict cet4-all family:mistakes family:mistaken family:mistaking family:mistook,1430
location,lәu'keiʃәn,n.,"n. 位置, 场所, 特定区域\n[计] 位置",,,cet4-core source:ecdict cet4 cet6 cet4-all family:locations,1433
clothes,klәuðz,n.,n. 衣服,,,cet4-core source:ecdict cet4-all family:clothes family:s,1434
quiet,'kwaiәt,n.,"n. 安静, 闲适, 平静\na. 安静的, 静止的, 寂静的, 朴素的, 从容的, 暗中的\nvi. 平静下来\nvt. 使平静, 使平息, 使安心, 安慰",,,cet4-core source:ecdict cet4-all family:quieter family:quietest family:quieted family:quieting family:quiets,1435
indian,'indiәn,n.,"n. 印度人, 印第安人, 印第安语\na. 印度的, 印度群岛的, 印第安语的",,,cet4-core source:ecdict cet4 cet6 cet4-all family:indians,1436
dress,dres,n.,"n. 服装, 覆盖物\nvi. 穿着\nvt. 给...穿衣, 整理",,,cet4-core source:ecdict cet4-all family:dressed family:dresses family:dressing,1437
promise,'prɒmis,n.,"n. 诺言, 约定的事情, 有指望\nvt. 允诺, 约定, 预示\nvi. 允诺, 有前途, 有指望",,,cet4-core source:ecdict cet4 cet6 cet4-all family:promised family:promises family:promising,1438
aware,ә'wєә,adj.,"a. 知道的, 有觉悟的",,,cet4-core source:ecdict cet4 cet4-all cet6-core,1439
function,'fʌŋkʃәn,n.,"n. 官能, 职务, 功能, 函数\nvi. 活动, 运行, 行使职责\n[计] 功能, 函数",,,cet4-core source:ecdict cet4 cet6 cet4-all cet6-core family:functions family:functioning family:functioned,1442
bone,bәun,n.,"n. 骨头, 骨, 骨制品\nvt. 剔骨\nvi. 专心致志",,,cet4-core source:ecdict cet4 cet4-all family:bones family:boning family:boned,1443
active,'æktiv,adj.,"a. 活跃的, 起作用的, 积极的, 有效的, 主动的, 活性的, 现行的, 现役的\nn. 主动语态, 积极分子",,,cet4-core source:ecdict cet4 cet4-all family:actives,1444
extend,ik'stend,v.,"v. 扩充, 延伸, 伸展, 扩大\n[计] 扩展",,,cet4-core source:ecdict cet4 cet6 cet4-all family:extended family:extending family:extends,1445
chief,tʃi:f,n.,"n. 领袖, 酋长, 长官, 主要部分\na. 主要的, 首位的",,,cet4-core source:ecdict cet4 cet4-all cet6-core family:chiefs,1446
combine,kәm'bain,v.,"v. (使)联合, (使)结合\nn. (企业的)联合, 联合收割机",,,cet4-core source:ecdict cet4 cet6 cet4-all cet6-core family:combined family:combining family:combines,1448
wine,wain,n.,"n. 葡萄酒, 果酒, 暗红色\nv. (请)喝酒",,,cet4-core source:ecdict cet4 cet6 cet4-all family:wines family:wined family:wining,1449
below,bi'lәu,prep.,prep. 在下面\nadv. 在下面,,,cet4-core source:ecdict cet4-all,1450
cool,ku:l,n.,"n. 凉爽, 凉爽的空气\na. 凉爽的, 冷淡的, 冷静的\nvi. 冷却, 平息\nvt. 使冷却, 使平静",,,cet4-core source:ecdict cet4-all family:cooler family:cooling family:cooled family:cools family:coolest,1451
bus,bʌs,n.,n. 公共汽车\n[计] 总线; 汇流条; 母线,,,cet4-core source:ecdict cet4-all family:buses family:bussing family:bussed family:busses,1453
learning,'lә:niŋ,n.,"n. 学问, 学识, 学习\n[计] 学习",,,cet4-core source:ecdict cet4 cet6 cet4-all family:learn family:i family:learning,1455
hell,hel,n.,"n. 地狱, 邪恶势力, 苦境, 阴间, 毁坏, 训斥\nvi. 狂饮, 飞驰",,,cet4-core source:ecdict cet4 cet6 cet4-all family:hells,1456
dangerous,'deindʒәrәs,adj.,"a. 危险的\n[法] 危险的, 危害的",,,cet4-core source:ecdict cet4 cet4-all,1457
remind,ri'maind,vt.,"vt. 提醒, 使想起",,,cet4-core source:ecdict cet4 cet6 cet4-all family:reminded family:reminds family:reminding,1458
moral,'mɒrәl,n.,"n. 道德, 品行, 寓意\na. 道德的, 品性端正的, 精神上的",,,cet4-core source:ecdict cet4 cet6 cet4-all cet6-core family:morals,1459
relatively,'relәtivli,adv.,"adv. 相对地, 比较地, 相当地, 相关地\n[计] 相对地",,,cet4-core source:ecdict cet4 cet6 cet4-all,1462
victory,'viktәri,n.,"n. 胜利, 战胜, 克服",,,cet4-core source:ecdict cet4 cet6 cet4-all family:victories,1463
academic,.ækә'demik,adj.,"a. 学院的, 学术的, 不切实际的\nn. 大学生, 大学教师, 学者, 学会会员",,,cet4-core source:ecdict cet4 cet6 cet4-all cet6-core family:academics,1465
healthy,'helθi,adj.,"a. 健康的, 有益健康的, 卫生的\n[医] 健康的",,,cet4-core source:ecdict cet4-all family:healthier family:healthiest,1468
negative,'negәtiv,n.,"n. 否定, 否定语, 负数, 底片\na. 否定的, 消极的, 负的, 阴性的\nn. 负数, 负值\n[计] 负数, 负值",,,cet4-core source:ecdict cet4 cet6 cet4-all cet6-core family:negatives family:negatived family:negativing,1470
following,'fɒlәuiŋ,n.,"n. 下列各项, 部下, 追随者\na. 下列的, 其次的",,,cet4-core source:ecdict cet4 cet6 cet4-all family:follow family:i family:following family:followings,1471
historical,hi'stɒrikәl,adj.,"a. 历史的, 史实的, 历史上的\n[法] 历史性的",,,cet4-core source:ecdict cet4 cet6 cet4-all,1472
medicine,'medisin,n.,"n. 药, 医学, 内科\nvt. 给...用药",,,cet4-core source:ecdict cet4-all family:medicines,1473
tour,tuә,n.,"n. 旅游, 观光旅行, 任期\nvi. 旅行, 周游, 巡回\nvt. 周游, 观光, 游历, 使巡回演出",,,cet4-core source:ecdict cet4 cet6 cet4-all family:tours family:touring family:toured,1474
depend,di'pend,vi.,"vi. 靠, 视...而定, 信赖",,,cet4-core source:ecdict cet4 cet6 cet4-all family:depends family:depending family:depended,1475
finding,'faindiŋ,n.,"n. 发现, 发现物, 决定, 裁决\n[法] 调查结果, 对事实的认定, 判定的要素",,,cet4-core source:ecdict cet4 cet6 cet4-all family:find family:i family:findings family:finding,1476
direct,di'rekt,adj.,"a. 直接的, 坦白的\nvt. 指示, 指挥, 命令, 导演\nvi. 指导, 指挥\nadv. 直接地",,,cet4-core source:ecdict cet4 cet6 cet4-all family:directed family:directing family:directs,1478
classroom,'klɑ:sru:m,n.,n. 教室,,,cet4-core source:ecdict cet4-all family:classrooms,1479
contact,'kɒntækt,n.,"n. 联系, 交际, 熟人, 接触\nvi. 接触, 联系\nvt. 使接触",,,cet4-core source:ecdict cet4 cet6 cet4-all cet6-core family:contacts family:contacted family:contacting,1480
justice,'dʒʌstis,n.,"n. 正义, 公平, 公正, 正确, 司法, 审判",,,cet4-core source:ecdict cet4 cet6 cet4-all family:justices,1481
photograph,'fәutәgrɑ:f,n.,"n. 相片, 照片, 逼真的描绘\nv. 照相, 摄影",,,cet4-core source:ecdict cet4 cet6 cet4-all family:photographs family:photographed family:photographing,1481
participate,pɑ:'tisipeit,vi.,"vi. 参加, 分享, 参与, 带有\nvt. 分享, 分担",,,cet4-core source:ecdict cet4 cet6 cet4-all family:participating family:participated family:participates,1482
daily,'deili,adj.,"a. 每日的, 日常的\nadv. 每日地, 日常地\nn. 日报",,,cet4-core source:ecdict cet4 cet4-all family:dailies,1483
fair,fєә,n.,"n. 展览会, 市集, 美好的事物\na. 公平的, 按规则进行的, 不好不坏的, 晴朗的, 美丽的\nadv. 公平地, 正面地, 有教养地, 清楚地\nvi. 转晴",,,cet4-core source:ecdict cet4 cet6 cet4-all family:fairs family:fairer family:fairest family:fairing family:faired,1484
pair,pєә,n.,"n. 一双, 一对, 一副\nv. (使)成对",,,cet4-core source:ecdict cet4-all family:pairs family:paired family:pairing,1485
famous,'feimәs,adj.,"a. 出名的, 极好的",,,cet4-core source:ecdict cet4-all,1486
exercise,'eksәsaiz,n.,"n. 行使, 执行, 运动, 练习, 作业\nvt. 运用, 练习, 运动\nvi. 练习, 锻炼",,,cet4-core source:ecdict cet4-all family:exercised family:exercises family:exercising,1487
knee,ni:,n.,"n. 膝, 膝盖\nvt. 膝行, 用膝盖碰",,,cet4-core source:ecdict cet4 cet6 cet4-all family:knees family:kneeing,1488
flower,'flauә,n.,"n. 花, 开花植物, 精华, 盛时\nvi. 开花, 发育, 旺盛, 成熟\nvt. 用花装饰, 使开花",,,cet4-core source:ecdict cet4-all family:flowers family:flowered family:flowering,1489
tape,teip,n.,"n. 带子, 录音带, 磁带, 窄带, 卷尺\nvt. 以带子绑起, 测量, 录音\n[计] 带",,,cet4-core source:ecdict cet4 cet6 cet4-all family:tapes family:taping family:taped,1490
hire,haiә,n.,"n. 租金, 租用, 雇用\nvt. 雇请, 出租\nvi. 受雇",,,cet4-core source:ecdict cet4 cet6 cet4-all family:hired family:hiring family:hires,1491
familiar,fә'miljә,adj.,"a. 熟悉的, 常见的, 亲密的\nn. 熟友, 常客",,,cet4-core source:ecdict cet4 cet6 cet4-all family:familiars,1492
appropriate,ә'prәupriәt,adj.,"a. 适当的\n[经] 适当的, 拨出, 占用",,,cet4-core source:ecdict cet4 cet6 cet4-all cet6-core family:appropriated family:appropriates family:appropriating,1493
supply,sә'plai,n.,"n. 补给, 供给, 供应品\nvt. 补给, 供给, 提供, 补充\nvi. 替代",,,cet4-core source:ecdict cet4 cet6 cet4-all family:supplied family:supplies family:supplying,1494
actor,'æktә,n.,"n. 男演员, 行动者\n[医] 作用物, 反应物",,,cet4-core source:ecdict cet4 cet4-all family:actors,1497
birth,bә:θ,n.,"n. 出生, 起源\n[医] 生产, 分娩",,,cet4-core source:ecdict cet4 cet4-all family:births family:birthing family:birthed,1499
search,sә:tʃ,n.,"n. 搜寻, 查究\nv. 搜寻, 搜查, 探求, 调查, 搜索\n[计] 搜索, 路径检索程序",,,cet4-core source:ecdict cet4 cet6 cet4-all family:searching family:searched family:searches,1500
tie,tai,n.,"n. 带子, 线, 鞋带, 领带, 领结, 关系, 束缚, 平局, 不分胜负\nvt. 系, 打结, 扎, 约束, 与...成平局\nvi. 结合, 打结, 不分胜负",,,cet4-core source:ecdict cet4 cet6 cet4-all family:tied family:ties family:tying,1501
democracy,di'mɒkrәsi,n.,"n. 民主政治, 民主主义\n[法] 民主, 民主政治, 民主政体",,,cet4-core source:ecdict cet4 cet6 cet4-all family:democracies,1502
eastern,'i:stәn,n.,"n. 东方人, 东正教徒\na. 东方的, 向东的, 自东的",,,cet4-core source:ecdict cet4 cet4-all,1503
primary,'praimәri,n.,"n. 最主要者, 原色\na. 主要的, 初期的, 根本的, 原始的, 首要的, 基本的\n[计] 初等量; 主要的; 一次的",,,cet4-core source:ecdict cet4 cet6 cet4-all cet6-core family:primaries,1504
yesterday,'jestәdi,n.,n. 昨天\nadv. 昨天,,,cet4-core source:ecdict cet4-all,1505
circle,'sә:kl,n.,"n. 圆周, 社交圈, 循环, 范围\nvt. 围着, 环绕\nvi. 盘旋, 循环",,,cet4-core source:ecdict cet4 cet6 cet4-all family:circles family:circled family:circling,1506
device,di'vais,n.,"n. 装置, 设计, 策略, 发明物, 设备\n[计] 设备; DOS内部命令:该命令要求DOS安装一个设备驱动程序",,,cet4-core source:ecdict cet4 cet6 cet4-all cet6-core family:devices,1507
progress,'prәugres,n.,"n. 进步, 发展, 前进\nvi. 进步, 进行",,,cet4-core source:ecdict cet4 cet6 cet4-all family:progressing family:progressed family:progresses,1508
bottom,'bɒtәm,n.,"n. 底部\na. 底部的\nvt. 给...装底, 查明真相\nvi. 到达底部, 建立基础",,,cet4-core source:ecdict cet4 cet4-all family:bottoms family:bottoming family:bottomed,1511
island,'ailәnd,n.,"n. 岛, 岛屿, 孤立地区, 安全岛\nvt. 使成岛状, 孤立",,,cet4-core source:ecdict cet4 cet6 cet4-all family:islands,1512
exchange,iks'tʃeindʒ,n.,"n. 交换, (电话)交换局, 交换机, 汇兑, 交易所\nv. 交换, 交易, 兑换\n[计] 交换; 电话局",,,cet4-core source:ecdict cet4 cet6 cet4-all cet6-core family:exchanges family:exchanged family:exchanging,1513
clean,kli:n,adj.,"a. 干净的, 清白的, 简洁的\nadv. 清洁地, 完全地\nvt. 清理, 使干净, 出空\nvi. 被搞干净\nn. 打扫",,,cet4-core source:ecdict cet4-all family:cleaning family:cleaned family:cleaner family:cleans family:cleanest,1514
county,'kaunti,n.,"n. 县, 郡",,,cet4-core source:ecdict cet4 cet6 cet4-all family:counties,1516
train,trein,n.,"n. 火车, 列车, 行列, 长队, 一连串的后果, 顺序\nvt. 训练, 教育, 对准\nvi. 受训练, 锻炼",,,cet4-core source:ecdict cet4-all family:trained family:trains family:training,1516
lady,'leidi,n.,"n. 淑女, 夫人, 女士, 贵妇",,,cet4-core source:ecdict cet4 cet4-all family:ladies,1517
colleague,'kɒli:g,n.,"n. 同事, 同僚",,,cet4-core source:ecdict cet4 cet6 cet4-all cet6-core family:colleagues,1518
application,.æpli'keiʃәn,n.,"n. 应用, 申请, 志愿书, 应用程序\n[计] 应用, 应用程序",,,cet4-core source:ecdict cet4 cet6 cet4-all cet6-core family:applications,1519
lean,li:n,n.,"n. 瘦肉, 倾斜, 倾斜度\na. 瘦的, 贫乏的, 歉收的\nvi. 倚靠, 倾斜, 依赖\nvt. 使倾斜",,,cet4-core source:ecdict cet4 cet6 cet4-all family:leaned family:leaning family:leans family:leaner,1520
neck,nek,n.,"n. 脖子, 衣领, 颈\nvi. 拥抱, 拥吻, 收缩\nvt. 割颈",,,cet4-core source:ecdict cet4 cet6 cet4-all family:necks family:necking family:necked,1521
damage,'dæmidʒ,n.,"n. 损害, 伤害\nv. 损害",,,cet4-core source:ecdict cet4 cet6 cet4-all family:damages family:damaged family:damaging,1522
plastic,'plæstik,n.,"n. 塑料, 可塑体, 可塑性物质\na. 塑料的, 塑造的, 有可塑性的, 造型的, 易受影响的, 有创造力的",,,cet4-core source:ecdict cet4 cet6 cet4-all family:plastics,1523
tall,tɒ:l,adj.,"a. 高的, 长的, 夸大的\nadv. 夸大地",,,cet4-core source:ecdict cet4-all family:taller family:tallest,1524
plate,pleit,n.,"n. 碟, 盘子, 盆中物, 金属板, 图版, 金银餐具, 印版, 金属牌(照)\nvt. 镀金, 电镀, 用金属板固定, 给...装钢板, 为...制印版",,,cet4-core source:ecdict cet4-all family:plates family:plated family:plating,1525
hate,heit,n.,"n. 憎恨, 恨, 厌恶\nvt. 憎恨, 憎恶\nvi. 仇恨",,,cet4-core source:ecdict cet4 cet6 cet4-all family:hated family:hates family:hating,1526
otherwise,'ʌðәwaiz,adv.,"adv. 否则, 不同地, 别的方式",,,cet4-core source:ecdict cet4 cet6 cet4-all,1527
writing,'raitiŋ,n.,"n. 书写, 著作, 笔迹, 作品\n[医] 书写",,,cet4-core source:ecdict cet4 cet6 cet4-all family:write family:i family:writing family:writings,1528
male,meil,n.,"n. 男人, 雄性动物\na. 男性的, 雄性的, 有力的",,,cet4-core source:ecdict cet4 cet4-all family:males,1530
alive,ә'laiv,adj.,"a. 活着的, 活泼的, 敏感的, 热闹的",,,cet4-core source:ecdict cet4 cet6 cet4-all,1532
expression,ik'spreʃәn,n.,"n. 表达, 表现, 词语, 措辞\n[计] 表达式",,,cet4-core source:ecdict cet4 cet6 cet4-all cet6-core family:expressions,1533
football,'futbɒ:l,n.,"n. 足球, 橄榄球",,,cet4-core source:ecdict cet4-all family:footballs,1534
intend,in'tend,vt.,"vt. 计划, 打算, 意思是\n[法] 想要, 打算, 意旨",,,cet4-core source:ecdict cet4 cet6 cet4-all family:intended family:intends family:intending,1536
chicken,'tʃikin,n.,"n. 小鸡, 鸡肉",,,cet4-core source:ecdict cet4 cet6 cet4-all family:chickens family:chickened family:chickening,1538
army,'ɑ:mi,n.,"n. 军队, 陆军",,,cet4-core source:ecdict cet4 cet4-all family:armies,1539
abuse,ә'bju:s.ә'bju:z,n.,"n. 滥用, 虐待, 恶习, 辱骂\nvt. 滥用, 辱骂, 虐待",,,cet4-core source:ecdict cet4 cet6 cet4-all cet6-core family:abused family:abuses family:abusing,1540
shut,ʃʌʃ,n.,"n. 关闭\nvt. 关上, 闭起, 幽禁, 合拢, 轧住\nvi. 关上, 停止营业",,,cet4-core source:ecdict cet4 cet6 cet4-all family:shut family:dp family:shutting family:shuts,1541
map,mæp,n.,"n. 地图, 天体图, 映像\nvt. 映射, 绘制...地图, 计划\n[计] 实用程序, 映射, 制造自动化协议",,,cet4-core source:ecdict cet4-all family:maps family:mapped family:mapping,1542
extra,'ekstrә,n.,"n. 额外的事物, 另外的收费\na. 额外的, 特别的\nadv. 额外地, 特别地, 非常地",,,cet4-core source:ecdict cet4 cet6 cet4-all family:extras,1543
session,'seʃәn,n.,"n. 期间, 开庭期, 会议, 学期\n[计] 会话, 对话, 会晤, 通用任务程序",,,cet4-core source:ecdict cet4 cet6 cet4-all family:sessions,1544
welcome,'welkәm,n.,"n. 欢迎, 欢迎词\na. 受欢迎的, 可随意的, 可喜的\nvt. 欢迎, 接待\ninterj. 欢迎",,,cet4-core source:ecdict cet4-all family:welcomed family:welcomes family:welcoming,1545
danger,'deindʒә,n.,"n. 危险, 威胁\n[法] 危险, 危险物, 危机",,,cet4-core source:ecdict cet4 cet4-all family:dangers,1546
domestic,dәu'mestik,adj.,"a. 家庭的, 国内的, 驯养的\n[医] 家庭的, 家用的",,,cet4-core source:ecdict cet4 cet6 cet4-all cet6-core family:domestics,1547
earth,ә:θ,n.,"n. 地球, 泥土, 世界, 尘世\nvt. 埋入土中, 赶入洞内\nvi. 躲入洞内",,,cet4-core source:ecdict cet4-all family:earths family:earthed family:earthing,1547
literature,'litәrәtʃә,n.,"n. 文学, 文艺, 著作\n[经] 广告, 商品介绍等文学",,,cet4-core source:ecdict cet4 cet6 cet4-all cet6-core family:literatures,1549
rain,rein,n.,"n. 雨, 下雨, 雨天\nvi. 下雨\nvt. 使大量落下",,,cet4-core source:ecdict cet4-all family:raining family:rains family:rained,1550
desire,di'zaiә,n.,"n. 欲望, 要求\nvt. 想要, 请求\nvi. 渴望",,,cet4-core source:ecdict cet4 cet6 cet4-all cet6-core family:desires family:desired family:desiring,1551
injury,'indʒәri,n.,"n. 伤害, 侮辱\n[医] 伤, 损伤",,,cet4-core source:ecdict cet4 cet6 cet4-all family:injuries,1553
respect,ri'spekt,n.,"n. 尊敬, 尊重, 问候\nvt. 尊敬, 注意, 遵守",,,cet4-core source:ecdict cet4 cet6 cet4-all family:respects family:respected family:respecting,1554
paint,peint,n.,"n. 油漆, 颜料, 绘画作品, 涂漆\nvt. 油漆, 绘, 画, 描绘, 装饰, 点缀\nvi. 绘画, 涂漆",,,cet4-core source:ecdict cet4 cet4-all family:painted family:painting family:paints,1555
northern,'nɒ:ðәn,n.,"n. 北方人\na. 北方的, 向北的, 自北方来的",,,cet4-core source:ecdict cet4 cet6 cet4-all,1556
nod,nɒd,n.,"n. 点头, 打盹, 晃动\nvi. 点头, 打盹\nvt. 点头表示, 点(头)",,,cet4-core source:ecdict cet4 cet6 cet4-all family:nodded family:nodding family:nods,1557
fuel,'fjuәl,n.,"n. 燃料, 木炭\nvt. 加燃料, 供燃料\nvi. 得到燃料",,,cet4-core source:ecdict cet4 cet4-all cet6-core family:fuels family:fuelled family:fuelling,1558
leaf,li:f,n.,"n. 叶, 树叶, 花瓣, 页\nvi. 生叶, 翻书页\nvt. 在...上长叶, 翻...的页",,,cet4-core source:ecdict cet4 cet6 cet4-all family:leaves family:leafing family:leafed family:leafs,1559
dry,drai,adj.,"a. 干的, 无酒的, 枯燥无味的, 干燥的\nvt. 把...弄干\nvi. 变干\nn. 干, 干涸",,,cet4-core source:ecdict cet4-all family:dried family:drying family:dries family:drier family:driest,1561
russian,'rʌʃәn,n.,"n. 俄国人, 俄语\na. 俄国的, 俄语的",,,cet4-core source:ecdict cet4-all family:russians,1562
instruction,in'strʌkʃәn,n.,"n. 指令, 教导, 命令\n[计] 指令",,,cet4-core source:ecdict cet4 cet6 cet4-all family:instructions,1563
pool,pu:l,n.,"n. 池, 水塘, 石油层, 联营\nvt. 合伙经营, 共享, 采掘, 汇聚成\nvi. 汇合成塘, 淤积, 联营",,,cet4-core source:ecdict cet4 cet6 cet4-all family:pools family:pooling family:pooled,1565
climb,klaim,v.,"v. 攀登, 上升, 爬\nn. 攀登, 爬升",,,cet4-core source:ecdict cet4 cet6 cet4-all family:climbed family:climbing family:climbs,1566
sweet,swi:t,n.,"n. 甜蜜, 糖果, 情人\na. 甜的, 芳香的, 悦耳的, 漂亮的, 和蔼的, 不咸的, 灵活的, 轻快的",,,cet4-core source:ecdict cet4-all family:sweets family:sweeter family:sweetest,1567
engine,'endʒin,n.,"n. 引擎, 发动机, 机车\nvt. 安装发动机于",,,cet4-core source:ecdict cet4 cet6 cet4-all cet6-core family:engines family:engined,1569
fourth,fɒ:θ,num.,"num. 第四, 四分之一",,,cet4-core source:ecdict cet4-all family:fourths,1570
salt,sɒ:lt,n.,"n. 盐, 风趣, 刺激\na. 含盐的, 咸的, 风趣的, 辛辣的\nvt. 加盐于, 用盐腌",,,cet4-core source:ecdict cet4 cet6 cet4-all family:salts family:salted family:salting,1571
expand,ik'spænd,vt.,"vt. 使膨胀, 详述, 扩张\nvi. 张开, 发展\nvt. 展开\nvi. 展开\n[计] 展开; DOS外部命令:将原始DOS磁盘上的压缩文件解压缩并拷贝到硬盘上",,,cet4-core source:ecdict cet4 cet6 cet4-all cet6-core family:expanded family:expanding family:expands,1572
importance,im'pɒ:tәns,n.,"n. 重要, 重要性, 重要地位, 自大\n[机] 重要, 重要性",,,cet4-core source:ecdict cet4 cet6 cet4-all,1573
metal,'metәl,n.,"n. 金属, 金属制品, 合金, 本质, 质料\na. 金属制的\nvt. 以金属覆盖",,,cet4-core source:ecdict cet4 cet6 cet4-all family:metals family:metaling family:metaled,1574
ticket,'tikit,n.,"n. 票, 券, 车票, 标签, 入场券, 证明书\nvt. 加标签于, 为...购票",,,cet4-core source:ecdict cet4-all family:tickets family:ticketing family:ticketed,1576
disappear,.disә'piә,vi.,"vi. 消失, 不见",,,cet4-core source:ecdict cet4 cet6 cet4-all family:disappeared family:disappears family:disappearing,1578
strange,streindʒ,adj.,"a. 奇怪的, 陌生的, 生疏的, 不熟悉的, 不可思议的, 外行的, 外地的, 异乡的",,,cet4-core source:ecdict cet4-all family:stranger family:strangest,1580
reading,'ri:diŋ,n.,"n. 阅读, 知识, 读物\na. 阅读的",,,cet4-core source:ecdict cet4 cet6 cet4-all family:read family:i family:reading family:readings,1581
lip,lip,n.,"n. 唇, 口缘, 唇状构造\nvt. 以嘴唇碰, 轻轻说出\na. 口头上的\n[计] 大型互连网信息包",,,cet4-core source:ecdict cet4 cet6 cet4-all family:lips family:lipped,1582
mental,'mentl,adj.,"a. 心智的, 精神病的, 心理的, 颏的\nn. 精神病患者",,,cet4-core source:ecdict cet4 cet6 cet4-all cet6-core,1584
increasingly,in'kri:siŋli,adv.,"adv. 逐渐地, 渐增地",,,cet4-core source:ecdict cet4 cet6 cet4-all,1585
lunch,lʌntʃ,n.,n. 午餐,,,cet4-core source:ecdict cet4-all family:lunches family:lunched family:lunching,1586
somewhere,'sʌmhwєә,adv.,"adv. 到某处, 在某处",,,cet4-core source:ecdict cet4-all,1588
farmer,'fɑ:mә,n.,"n. 农夫, 农场主\n[法] 农民, 农场主, 承包者",,,cet4-core source:ecdict cet4 cet6 cet4-all family:farmers,1589
sugar,'ʃugә,n.,"n. 糖, 糖块, 甜言蜜语\nvt. 加糖于, 使甜蜜, 粉饰, 美化\nvi. 制成糖",,,cet4-core source:ecdict cet4-all family:sugars family:sugaring family:sugared,1591
planet,'plænit,n.,"n. 行星, 命运星辰, 杰出的人, 重大影响的事",,,cet4-core source:ecdict cet4 cet6 cet4-all cet6-core family:planets,1592
explore,ik'splɒ:,v.,"v. 探险, 探测, 探究",,,cet4-core source:ecdict cet4 cet6 cet4-all cet6-core family:exploring family:explored family:explores,1594
obtain,әb'tein,vt.,"vt. 获得, 达到\nvi. 流行, 得到公认",,,cet4-core source:ecdict cet4 cet6 cet4-all cet6-core family:obtained family:obtaining family:obtains,1595
enemy,'enimi,n.,"n. 敌人, 仇敌, 敌军\na. 敌人的",,,cet4-core source:ecdict cet4 cet4-all family:enemies,1596
complex,kәm'pleks,n.,"n. 综合体, 情结, 络合物\na. 复杂的, 组合的",,,cet4-core source:ecdict cet4 cet6 cet4-all cet6-core family:complexes family:complexed,1598
surround,sә'raund,vt.,"vt. 包围, 环绕, 围绕\nn. 围绕物",,,cet4-core source:ecdict cet4 cet6 cet4-all family:surrounded family:surrounding family:surrounds,1599
athlete,'æθli:t,n.,"n. 运动员, 运动选手\n[医] 运动员",,,cet4-core source:ecdict cet4 cet6 cet4-all cet6-core family:athletes,1600
invite,in'vait,vt.,"vt. 邀请, 请求, 引起, 招致\nn. 邀请",,,cet4-core source:ecdict cet4 cet6 cet4-all family:invited family:invites family:inviting,1601
repeat,ri'pi:t,n.,"n. 重复, 反复\nvt. 重做, 重复, 复述, 使再现, 复制\nvi. 重复\n[计] 重复",,,cet4-core source:ecdict cet4 cet6 cet4-all family:repeated family:repeating family:repeats,1602
soul,sәul,n.,"n. 灵魂, 心灵, 精神, 精髓, 人, 化身, 典型, 鬼魂\na. 黑人的",,,cet4-core source:ecdict cet4 cet6 cet4-all family:souls,1604
scientific,.saiәn'tifik,adj.,"a. 科学的, 系统的, 符合科学规律的\n[计] 科学记数法",,,cet4-core source:ecdict cet4 cet6 cet4-all,1605
impossible,im'pɒsәbl,adj.,"a. 不可能的, 难以置信的, 令人无法忍受的",,,cet4-core source:ecdict cet4 cet6 cet4-all,1606
panel,'pænl,n.,"n. 嵌板, 仪表板, 专题讨论小组, 全体陪审员\nvt. 嵌镶板",,,cet4-core source:ecdict cet4 cet6 cet4-all family:panels family:panelled family:panelling,1607
meaning,'mi:niŋ,n.,"n. 意义, 含义, 目的, 意图\na. 意味深长的",,,cet4-core source:ecdict cet4-all family:mean family:i family:meanings family:meaning,1608
married,'mærid,adj.,"a. 已婚的, 婚姻的\n[法] 结了婚的, 有配偶的, 夫妇的",,,cet4-core source:ecdict cet4 cet6 cet4-all family:marry family:pd family:married,1610
instrument,'instrumәnt,n.,"n. 工具, 手段, 仪器\n[化] 仪器",,,cet4-core source:ecdict cet4 cet6 cet4-all cet6-core family:instruments,1611
predict,pri'dikt,v.,"v. 预知, 预言, 预报",,,cet4-core source:ecdict cet4 cet6 cet4-all cet6-core family:predicted family:predicting family:predicts,1613
weather,'weðә,n.,"n. 天气, 气象, 处境\na. 迎风的\nvt. 使受风吹雨打, 侵蚀, 使风化, 经受住\nvi. 风化, 受侵蚀, 经受风雨",,,cet4-core source:ecdict cet4-all family:weathered family:weathers family:weathering,1614
emotional,i'mәuʃәnәl,adj.,"a. 情绪的, 情感的\n[医] 情绪的",,,cet4-core source:ecdict cet4 cet6 cet4-all,1617
supreme,sju'pri:m,n.,"n. 至高, 霸权\na. 至高的, 终极的, 极端的, 最大的",,,cet4-core source:ecdict cet4 cet6 cet4-all cet6-core,1618
bear,bєә,n.,"n. 熊\nvt. 忍受, 支承, 产生, 怀有, 通过卖空使跌价\nvi. 忍受, 结果实, 压挤, 行进, 转向",,,cet4-core source:ecdict cet4-all family:born family:bearing family:bore family:bears,1619
pocket,'pɒkit,n.,"n. 口袋, 钱袋, 钱, 容器\nvt. 装...在口袋里, 隐藏, 抑制, 私吞, 搁置, 击...入袋\na. 袖珍的, 小型的, 压缩的, 金钱上的",,,cet4-core source:ecdict cet4 cet6 cet4-all family:pockets family:pocketing family:pocketed,1620
thin,θin,adj.,"a. 薄的, 细的, 瘦的, 稀疏的, 稀薄的, 淡的, 弱的, 空洞的\nvt. 使变薄, 使变细, 使稀少, 使淡\nvi. 变薄, 变细, 变少, 变淡\nadv. 薄地, 稀疏地, 微弱地\nn. 细小部分",,,cet4-core source:ecdict cet4-all family:thinner family:thinning family:thinnest family:thinned family:thins,1621
temperature,'temprәtʃә,n.,"n. 温度, 发烧, 热度\n[化] 温度",,,cet4-core source:ecdict cet4 cet6 cet4-all family:temperatures,1622
surprise,sә'praiz,n.,"n. 惊奇, 奇袭, 诧异\nvt. 使惊奇, 撞见, 奇袭",,,cet4-core source:ecdict cet4-all family:surprised family:surprises family:surprising,1624
proposal,prә'pәuzl,n.,"n. 提议, 计划, 求婚\n[经] 提案, 申请, 投标",,,cet4-core source:ecdict cet4 cet6 cet4-all family:proposals,1625
consequence,'kɒnsikwәns,n.,"n. 结果, 重要性\n[法] 结果, 后果, 推断",,,cet4-core source:ecdict cet4 cet6 cet4-all cet6-core family:consequences,1626
breath,breθ,n.,"n. 呼吸, 气息, 瞬间\n[医] 呼气, 呵气, 口气, 呼吸",,,cet4-core source:ecdict cet4 cet4-all family:breaths,1628
sight,sait,n.,"n. 景观, 视力, 眼界, 阅读, 见解, 意见\nvt. 看见, 瞄准\nvi. 瞄准, 观看\na. 即席的, 见票即付的",,,cet4-core source:ecdict cet4 cet6 cet4-all family:sights family:sighted family:sighting,1629
balance,'bælәns,n.,"n. 平衡, 差额\nvi. 平衡, 相等\nvt. 称, 权衡, 比较, 使平衡, 结算, 抵消",,,cet4-core source:ecdict cet4 cet4-all family:balanced family:balancing family:balances,1631
adopt,ә'dɒpt,vt.,"vt. 采用, 正式通过, 收养, 接受\n[医] 采取",,,cet4-core source:ecdict cet4 cet6 cet4-all cet6-core family:adopted family:adopting family:adopts,1632
minority,mai'nɒriti,n.,"n. 少数, 未成年, 少数民族\na. 少数的, 属于少数派的",,,cet4-core source:ecdict cet4 cet6 cet4-all cet6-core family:minorities,1633
straight,streit,n.,"n. 直线, 直\na. 直的, 笔直的, 正直的, 直接的, 连续的, 整齐的\nadv. 直接地, 立即, 不断地",,,cet4-core source:ecdict cet4-all family:straighter family:straights family:straightest,1634
connect,kә'nekt,v.,"v. 连接, 联合, 联系",,,cet4-core source:ecdict cet4 cet6 cet4-all family:connected family:connecting family:connects,1636
teaching,'ti:tʃiŋ,n.,"n. 教学, 学说, 教导",,,cet4-core source:ecdict cet4 cet6 cet4-all family:teach family:i family:teaching family:teachings,1638
belong,bi'lɒŋ,vi.,"vi. 属于, 合适",,,cet4-core source:ecdict cet4 cet4-all family:belonging family:belonged family:belongs,1639
aid,eid,n.,"n. 帮助, 外援, 助手\nvt. 援助, 帮助, 有助于\nvi. 帮助\n[计] 自动内部诊断",,,cet4-core source:ecdict cet4 cet6 cet4-all cet6-core family:aids family:aided family:aiding,1640
advice,әd'vais,n.,"n. 忠告, 劝告, 意见, 报道, 通知\n[经] 通知书, 通知, 建议",,,cet4-core source:ecdict cet4 cet6 cet4-all,1641
okay,әj'kei,adj.,"a. 好, 可以, 行, 对, 好吗, 很好\nadv. 好, 可以, 行, 对, 好吗, 很好\nn. 同意, 签认, 批准, 认可\nvt. 同意, 签认, 批准, 认可",,,cet4-core source:ecdict cet4 cet4-all family:okaying family:okayed family:okays,1642
organize,'ɒ:gәnaiz,vt.,"vt. 组织, 有机化, 给予生机\nvi. 组织起来",,,cet4-core source:ecdict cet4 cet6 cet4-all family:organized family:organizing family:organizes,1643
empty,'empti,adj.,"a. 空的, 空虚的, 空腹的, 空洞的\nn. 空的东西, 空车\nvt. 倒空, 使变空, 使排出\nvi. 流空\n[计] 空",,,cet4-core source:ecdict cet4-all family:emptied family:emptying family:empties family:emptier family:emptiest,1644
trail,treil,n.,"n. 踪迹, 痕迹, 一串, 尾部, 小径, 持枪姿势\nvt. 拖, 尾随, 追踪, 落后于, 开出路\nvi. 拖曳, 垂下, 落后, 飘出, 蔓生",,,cet4-core source:ecdict cet4 cet6 cet4-all family:trailed family:trailing family:trails,1646
novel,'nɒvl,n.,"n. 小说, 长篇故事\na. 新奇的, 异常的",,,cet4-core source:ecdict cet4 cet6 cet4-all family:novels,1647
code,kәud,n.,"n. 代码, 密码, 法规, 法典\nvt. 把...编码\n[计] 代码",,,cet4-core source:ecdict cet4 cet4-all family:codes family:coding family:coded,1648
somehow,'sʌmhau,adv.,adv. 不知何故,,,cet4-core source:ecdict cet4 cet6 cet4-all,1649
jury,'dʒuәri,n.,"n. 陪审团, 评判委员会\na. 应急的",,,cet4-core source:ecdict cet4 cet6 cet4-all cet6-core family:juries,1650
breast,brest,n.,"n. 胸部, 乳房, 胸怀\nvt. 以胸对着, 面对",,,cet4-core source:ecdict cet4 cet6 cet4-all family:breasts family:breasted family:breasting,1652
storm,stɒ:m,n.,"n. 暴风雨, 骚动, 风波, 风暴, 猛攻\nvi. 起风, 猛冲, 怒吼\nvt. 猛攻",,,cet4-core source:ecdict cet4 cet6 cet4-all family:storms family:stormed family:storming,1656
union,'ju:njәn,n.,"n. 联盟, 联合, 结合, 工会\n[化] 联合; 联管节; 活接头",,,cet4-core source:ecdict cet4 cet6 cet4-all family:unions,1658
desk,desk,n.,"n. 书桌, 办公桌, 工作台",,,cet4-core source:ecdict cet4-all family:desks,1659
fruit,fru:t,n.,"n. 水果, 果类, 结果\n[医] 果实, 种实",,,cet4-core source:ecdict cet4-all family:fruits family:fruiting family:fruited,1662
expensive,ik'spensiv,adj.,"a. 贵的, 奢华的, 费用浩大的, 乱化钱的\n[经] 高价的, 昂贵的, 浪费的",,,cet4-core source:ecdict cet4-all,1664
yellow,'jelәu,n.,n. 黄色\na. 黄色的,,,cet4-core source:ecdict cet4-all family:yellows family:yellower family:yellowing family:yellowed,1665
conclusion,kәn'klu:ʒәn,n.,"n. 结论, 结尾, 推论\n[法] 缔结, 结论, 推论",,,cet4-core source:ecdict cet4 cet6 cet4-all family:conclusions,1666
prime,praim,n.,"n. 最佳部分, 初期, 全盛期\na. 主要的, 最初的, 根本的\nv. 加油启动, 灌注, 填装",,,cet4-core source:ecdict cet4 cet6 cet4-all cet6-core family:primed family:priming family:primes,1667
shadow,'ʃædәu,n.,"n. 阴影, 荫, 影子, 影像, 阴暗, 幽灵, 少许, 隐蔽处, 庇护\nvt. 遮蔽, 使朦胧, 预示, 尾随\nvi. 渐变, 变阴暗\n[计] 阴影",,,cet4-core source:ecdict cet4 cet6 cet4-all family:shadowed family:shadowing family:shadows,1668
struggle,'strʌgl,n.,"n. 斗争, 努力, 奋斗\nvi. 努力, 奋斗, 挣扎",,,cet4-core source:ecdict cet4 cet6 cet4-all family:struggling family:struggled family:struggles,1669
conclude,kәn'klu:d,vt.,"vt. 结束, 作结论, 推断\nvi. 结束, 推断",,,cet4-core source:ecdict cet4 cet6 cet4-all cet6-core family:concluded family:concludes family:concluding,1670
dance,dæns. dɑ:ns,n.,"n. 跳舞, 舞蹈, 舞会\nv. 跳舞",,,cet4-core source:ecdict cet4-all family:dancing family:danced family:dances,1671
regulation,.regju'leiʃәn,n.,"n. 规则, 管理, 调整\n[计] 调整; 规章; 规则; 调节",,,cet4-core source:ecdict cet4 cet6 cet4-all cet6-core family:regulations,1675
being,'bi:iŋ,n.,"n. 存在, 性质, 生命, 人, 生物, be的现在分词",,,cet4-core source:ecdict cet4 cet4-all family:i family:be family:beings,1676
ring,riŋ,n.,"n. 环, 环形物, 拳击场, 戒指, 角逐, 小集团, 铃声, 钟声, 声调\nvt. 包围, 套住, 按铃, 敲钟\nvi. 成环形, 响, 鸣, 按铃, 敲钟, 回响",,,cet4-core source:ecdict cet4-all family:rang family:rings family:ringing family:rung,1678
largely,'lɑ:dʒli,adv.,"adv. 大量地, 很多地, 大半地",,,cet4-core source:ecdict cet4 cet6 cet4-all,1679
shift,ʃift,n.,"n. 变化, 移动, 轮班, 手段, 应急办法, 移位\nvt. 替换, 转移, 改变, 推卸, 变速\nvi. 转换, 移动, 转变, 推托, 变速\n[计] DOS内部命令:该命令可将批处理参数向左移动一个位置",,,cet4-core source:ecdict cet4 cet6 cet4-all family:shifts family:shifted family:shifting,1680
locate,'lәukeit,vt.,"vt. 找出, 设于, 位于\nvi. 定居",,,cet4-core source:ecdict cet4 cet6 cet4-all family:located family:locating family:locates,1682
mark,mɑ:k,n.,"n. 标志, 分数, 马克, 痕迹, 斑点, 靶子, 刻度, 记号, 符号, 戳记, 标准, 起跑线\nvt. 做标记于, 留意, 打分数, 表明, 标志, 记录\nvi. 作记号, 记得分\n[计] 标志; 标记; 传号",,,cet4-core source:ecdict cet4 cet4-all family:marks family:marked family:marking,1683
appearance,ә'piәrәns,n.,"n. 出现, 露面, 外观, 外表, 出版\n[计] 外观, 版面",,,cet4-core source:ecdict cet4 cet4-all cet6-core family:appearances,1684
package,'pækidʒ,n.,"n. 包裹, 套装软件, 包, 包装用物, 程序包\nvt. 包装, 打包\na. 一揽子的\n[计] 包, 软件包, 包装",,,cet4-core source:ecdict cet4 cet6 cet4-all cet6-core family:packages family:packaged family:packaging,1685
difficulty,'difikәlti,n.,"n. 困难, 难点",,,cet4-core source:ecdict cet4 cet4-all family:difficulties,1686
bridge,bridʒ,n.,"n. 桥, 舰桥, 桥梁, 桥牌\nvt. 架桥于, 跨越\n[计] 桥, 网桥, 桥接器",,,cet4-core source:ecdict cet4-all family:bridges family:bridged family:bridging,1687
recommend,.rekә'mend,vt.,"vt. 推荐, 介绍, 劝告, 使受欢迎, 托付\n[经] 建议, 推荐",,,cet4-core source:ecdict cet4 cet6 cet4-all family:recommended family:recommends family:recommending,1688
obvious,'ɒbviәs,adj.,"a. 明显的, 明白的, 显然的, 平淡无奇的",,,cet4-core source:ecdict cet4 cet6 cet4-all,1689
basically,'beisikli,adv.,"adv. 基本上, 主要地",,,cet4-core source:ecdict cet4 cet4-all,1691
generate,'dʒenәreit,vt.,"vt. 产生, 发生, 导致\n[电] 产生",,,cet4-core source:ecdict cet4 cet6 cet4-all cet6-core family:generated family:generates family:generating,1692
propose,prә'pәuz,vt.,"vt. 计划, 打算, 建议, 提议, 求(婚)\nvi. 打算, 求婚",,,cet4-core source:ecdict cet4 cet6 cet4-all family:proposed family:proposing family:proposes,1694
possibly,'pɒsәbli,adv.,"adv. 可能, 也许",,,cet4-core source:ecdict cet4 cet6 cet4-all,1696
trend,trend,n.,"n. 趋势, 倾向, 走向\nvi. 倾向, 转向\n[计] 趋势",,,cet4-core source:ecdict cet4 cet6 cet4-all cet6-core family:trends family:trending family:trended,1697
visitor,'vizitә,n.,"n. 参观者, 游客, 访客\n[法] 视察人, 检视人, 检查员",,,cet4-core source:ecdict cet4 cet6 cet4-all family:visitors,1698
loan,lәun,n.,"n. 贷款, 借出\nv. 借, 供应货款, 借给",,,cet4-core source:ecdict cet4 cet6 cet4-all family:loans family:loaned family:loaning,1699
comfortable,'kʌmfәtәbl,adj.,"a. 舒服的, 轻松的\nn. 盖被",,,cet4-core source:ecdict cet4 cet6 cet4-all,1701
profit,'prɒfit,n.,"n. 利润, 赢利, 利益\nvi. 有益, 获利, 赚钱\nvt. 有益于",,,cet4-core source:ecdict cet4 cet6 cet4-all family:profits family:profiting family:profited,1704
angry,'æŋgri,adj.,"a. 生气的, 愤怒的",,,cet4-core source:ecdict cet4-all family:angrier,1705
crew,kru:,n.,"n. 全体人员, 一群人, 全体队员\ncrow的过去式",,,cet4-core source:ecdict cet4 cet6 cet4-all cet6-core family:crews family:crewed family:crewing,1706
accident,'æksidәnt,n.,"n. 意外事件, 机遇, 事故, 次要方面\n[化] 意外事故; 事故",,,cet4-core source:ecdict cet4 cet4-all cet6-core family:accidents,1707
meal,mi:l,n.,"n. 一餐, 膳食, 粗粉\nvi. 进餐",,,cet4-core source:ecdict cet4-all family:meals,1710
traffic,'træfik,n.,"n. 交通, 通行, 运输, 交通量, 贸易, 交易, 交往, 通信量\nvi. 交易, 做买卖\nvt. 用...作交换\n[计] 通信量, 传输量",,,cet4-core source:ecdict cet4 cet6 cet4-all family:trafficking family:trafficked family:traffics,1712
muscle,'mʌsl,n.,"n. 肌肉, 臂力\n[医] 肌",,,cet4-core source:ecdict cet4 cet6 cet4-all family:muscles family:muscled family:muscling,1713
capture,'kæptʃә,n.,"n. 抓取, 战利品, 捕获之物\nvt. 抓取, 获得, 迷住\n[计] 截获命令",,,cet4-core source:ecdict cet4 cet6 cet4-all family:captured family:capturing family:captures,1715
prefer,pri'fә:,vt.,"vt. 宁可, 较喜欢, 提出\n[法] 给予优先权, 优先偿还, 提出",,,cet4-core source:ecdict cet4 cet6 cet4-all family:preferred family:preferring family:prefers,1716
chest,tʃest,n.,"n. 胸, 胸部, 衣柜, 箱子\n[医] 胸, 胸廓",,,cet4-core source:ecdict cet4 cet6 cet4-all family:chests family:chested,1717
japanese,.dʒæpә'ni:z,n.,"n. 日本人, 日语\na. 日本的, 日语的",,,cet4-core source:ecdict cet4-all,1718
truly,'tru:li,adv.,"adv. 真实地, 不假",,,cet4-core source:ecdict cet4 cet6 cet4-all,1719
thick,θik,adj.,"a. 厚的, 粗壮的, 浓的, 迟钝的, 浑浊的, 多雾的, 过分的, 口齿不清的\nadv. 厚地, 密地, 浓浓地\nn. 最浓处, 最厚处, 最密集处\n[计] 暗, 粗线",,,cet4-core source:ecdict cet4 cet6 cet4-all family:thicker family:thickest,1721
cash,kæʃ,n.,n. 现金\nvt. 兑现,,,cet4-core source:ecdict cet4 cet4-all family:cashing family:cashed family:cashes,1722
museum,mju:'ziәm,n.,n. 博物馆,,,cet4-core source:ecdict cet4 cet6 cet4-all family:museums,1723
beauty,'bju:ti,n.,"n. 美, 美人",,,cet4-core source:ecdict cet4 cet4-all family:beauties,1724
emergency,i'mә:dʒәnsi,n.,"n. 紧急状况, 紧急事件, 紧急需要\n[化] 紧急情况",,,cet4-core source:ecdict cet4 cet6 cet4-all cet6-core family:emergencies,1725
unique,ju:'ni:k,adj.,"a. 独一无二的, 独特的, 稀罕的",,,cet4-core source:ecdict cet4 cet6 cet4-all cet6-core,1726
internal,in'tә:nәl,adj.,"a. 内在的, 国内的\n[医] 内的, 内部的",,,cet4-core source:ecdict cet4 cet6 cet4-all cet6-core family:internals,1728
link,liŋk,n.,"n. 环, 连结物, 链接, 火把\nvt. 连结, 联合, 挽住\nvi. 连接起来\n[计] 连接, 链路",,,cet4-core source:ecdict cet4 cet6 cet4-all family:linked family:links family:linking,1730
stress,stres,n.,"n. 压力, 紧迫, 强调, 重音, 重点, 应力\nvt. 加压力于, 着重, 重读",,,cet4-core source:ecdict cet4 cet6 cet4-all family:stressed family:stresses family:stressing,1731
content,kәn'tent,n.,"n. 内容, 满足, 意义, 要旨\na. 满足的, 满意的\nvt. 使...满足, 使...安心\n[计] 内容",,,cet4-core source:ecdict cet4 cet6 cet4-all family:contents family:contented family:contenting,1732
select,si'lekt,adj.,"a. 挑选出来的, 极好的\nv. 选择, 挑选\nn. 被挑选者, 精萃\n[计] 选定",,,cet4-core source:ecdict cet4 cet6 cet4-all family:selected family:selecting family:selects,1733
root,ru:t,n.,"n. 根, 根本, 根源, 基础, 底部\nvt. 使扎根, 使固定, 根除, 肃清, 搜出, 用鼻拱\nvi. 生根, 固定, 源于, 用鼻拱土, 寻找, 捧场, 支持",,,cet4-core source:ecdict cet4 cet6 cet4-all family:roots family:rooted family:rooting,1734
nose,nәuz,n.,"n. 鼻子, 突出部分, 嗅觉\nvt. 嗅到, 探出, 用鼻子触\nvi. 闻, 嗅, 探听, 告密",,,cet4-core source:ecdict cet4-all family:noses family:nosing family:nosed,1735
declare,di'klєә,v.,"v. 宣布, 声明, 申报, 断言",,,cet4-core source:ecdict cet4 cet6 cet4-all family:declared family:declaring family:declares,1736
appreciate,ә'pri:ʃieit,vt.,"vt. 赏识, 鉴别, 为...而感激, 领会, 欣赏\nvi. 增值, 涨价",,,cet4-core source:ecdict cet4 cet6 cet4-all family:appreciated family:appreciating family:appreciates,1738
actual,'æktʃuәl,adj.,"a. 真实的, 实际的, 现行的\n[医] 实际死亡率",,,cet4-core source:ecdict cet4 cet4-all family:actuals,1739
bottle,'bɒtl,n.,"n. 瓶子, 酒瓶\nvt. 装瓶, 抑制, 围困",,,cet4-core source:ecdict cet4-all family:bottles family:bottled family:bottling,1740
hardly,'hɑ:dli,adv.,"adv. 刚刚, 几乎不, 勉强是",,,cet4-core source:ecdict cet4 cet6 cet4-all,1741
setting,'setiŋ,n.,"n. 环境, 背景, 布景, 镶嵌, 调整, 沉落, 一副餐具\n[计] 设置",,,cet4-core source:ecdict cet4 cet6 cet4-all family:set family:i family:settings family:setting,1742
launch,lɒ:ntʃ,n.,"n. 下水, 汽艇, 发射\nvt. 使下水, 发射, 发动\nvi. 起飞, 下水, 投入, 开始",,,cet4-core source:ecdict cet4 cet6 cet4-all family:launched family:launching family:launches,1743
file,fail,n.,"n. 档案, 公文箱, 文件夹, 文件, 卷宗, 锉刀\nvi. 列队行进, 用锉刀做\nvt. 归档, 申请, 锉, 琢磨\n[计] 文件",,,cet4-core source:ecdict cet4 cet4-all family:files family:filed family:filing,1745
sick,sik,n.,"n. 病人\na. 不舒服, 有病的, 恶心的, 厌恶的, 渴望的, 病态的\nvt. 呕吐, 追击, 使(狗)去攻击",,,cet4-core source:ecdict cet4-all family:sicker family:sickest family:sicks,1746
outcome,'autkʌm,n.,"n. 结果, 出口",,,cet4-core source:ecdict cet4 cet6 cet4-all family:outcomes,1747
ad,æd,n.,"n. 广告\n[计] 地址, 模拟-数字",,,cet4-core source:ecdict cet4 cet4-all family:ads,1748
defend,di'fend,vt.,"vt. 防护, 辩护, 防卫\n[法] 作...的辩护律师, 辩护, 为...答辩",,,cet4-core source:ecdict cet4 cet6 cet4-all family:defending family:defended family:defends,1750
duty,'dju:ti,n.,"n. 责任, 关税, 职务, 尊敬\n[化] 职责",,,cet4-core source:ecdict cet4 cet6 cet4-all family:duties,1752
sheet,ʃi:t,n.,"n. 床单, 张, 纸张, 印刷品, 裹尸布, 薄片\nvt. 盖上被单, 遍布\nvi. 大片落下\na. 片状的, 成薄片的\n[计] 工作表",,,cet4-core source:ecdict cet4 cet6 cet4-all family:sheets family:sheeted family:sheeting,1753
ensure,in'ʃuә,vt.,"vt. 确定, 保证, 担保, 保护\n[经] 确保, 确定",,,cet4-core source:ecdict cet4 cet6 cet4-all family:ensuring family:ensures family:ensured,1754
ought,ɒ:t,aux.,"aux. 应该, 大概\nn. 责任",,,cet4-core source:ecdict cet4 cet6 cet4-all,1755
extremely,ik'stri:mli,adv.,"adv. 极端地, 非常地",,,cet4-core source:ecdict cet4 cet6 cet4-all,1756
extent,ik'stent,n.,"n. 范围, 程度, 区域\n[计] 范围",,,cet4-core source:ecdict cet4 cet6 cet4-all cet6-core family:extents,1758
mix,miks,n.,"n. 混合物, 混乱, 糊涂\nvt. 使混合, 弄混, 使结合, 混淆\nvi. 相混合, 交往, 参与",,,cet4-core source:ecdict cet4 cet4-all family:mixed family:mixing family:mixes,1759
component,kәm'pәunәnt,n.,"n. 元件, 组件, 成分\na. 组成的, 构成的\n[计] 组件",,,cet4-core source:ecdict cet4 cet6 cet4-all cet6-core family:components,1760
slow,slәu,adj.,"a. 慢的, 缓慢的, 迟缓的, 迟钝的, 冷漠的, 落后的\nadv. 慢地, 迟缓地\nv. (使)慢下来",,,cet4-core source:ecdict cet4-all family:slower family:slowing family:slowed family:slows family:slowest,1761
contrast,kәn'træst,n.,"n. 差别, 对比, 对照物\nvt. 使对比\nvi. 成对照\n[计] 反差; 对比度",,,cet4-core source:ecdict cet4 cet6 cet4-all cet6-core family:contrasts family:contrasted family:contrasting,1762
zone,zәun,n.,"n. 地带, 带, 地区\nvt. 环绕, 使分成地带\nvi. 分成区\n[计] 卡片顶部的三行区; 区; 区域",,,cet4-core source:ecdict cet4 cet6 cet4-all family:zones family:zoning family:zoned,1763
wake,weik,vt.,"vt. 叫醒, 激发\nvi. 醒来, 醒着, 觉醒, 活跃起来\nn. 守侯, 守夜, 尾迹, 痕迹",,,cet4-core source:ecdict cet4-all family:woke family:woken family:waking family:wakes,1764
airport,'єәpɒ:t,n.,"n. 飞机场\n[机] 航空站, 机场",,,cet4-core source:ecdict cet4-all family:airports,1765
ourselves,.auә'selvz,pron.,pron. 我们自己,,,cet4-core source:ecdict cet4-all,1766
brown,braun,n.,n. 褐色\na. 褐色的\nv. (使)变褐色,,,cet4-core source:ecdict cet4-all family:browns family:browned family:browner family:browning,1769
shirt,ʃә:t,n.,"n. 衬衫, 内衣, 汗衫",,,cet4-core source:ecdict cet4-all family:shirts,1771
pilot,'pailәt,n.,"n. 飞行员, 领航员, 航船者, 导向器, 驾驶仪, 向导, 领导人\nvt. 领航, 驾驶, 引导, 试用\na. 引导的, 控制的, 试点的\n[计] 引导",,,cet4-core source:ecdict cet4 cet6 cet4-all family:pilots family:piloting family:piloted,1772
warn,wɒ:n,vt.,"vt. 警告, 提醒, 通知\nvi. 发出警告",,,cet4-core source:ecdict cet4 cet6 cet4-all family:warned family:warns family:warning,1773
ultimately,'ʌltimәtli,adv.,"adv. 最后, 最终\n[法] 最后, 终究, 总之",,,cet4-core source:ecdict cet4 cet6 cet4-all,1774
cat,kæt,n.,"n. 猫, 恶妇\nvi. 呕吐\n计算机辅助教育, 计算机辅助测试, 计算机辅助翻译, 计算机辅助排版\n[计] 计算机辅助教学, 计算机辅助翻译, 计算机辅助排字, 计算机辅助测试",,,cet4-core source:ecdict cet4-all family:cats family:catting family:catted,1775
capacity,kә'pæsiti,n.,"n. 容量, 能力, 才能, 资格\n[计] 容量",,,cet4-core source:ecdict cet4 cet6 cet4-all cet6-core family:capacities,1777
guide,gaid,n.,"n. 引导者, 导游, 指南, 路标\nvt. 指导, 支配, 管理, 带领, 操纵\nvi. 任向导\n[计] 辅助线",,,cet4-core source:ecdict cet4 cet6 cet4-all family:guides family:guided family:guiding,1779
circumstance,'sә:kәmstәns,n.,"n. 环境, 状况, 事件",,,cet4-core source:ecdict cet4 cet6 cet4-all cet6-core family:circumstances,1780
snow,snәu,n.,"n. 雪, 积雪, 下雪, 雪花形干扰\nvi. 下雪, 似雪般落下\nvt. 使雪白, 用雪覆盖, 使像雪般落下",,,cet4-core source:ecdict cet4-all family:snowing family:snows family:snowed,1781
english,'iŋgliʃ,n.,"n. 英语\na. 英文的, 英国人的",,,cet4-core source:ecdict cet4-all,1782
politician,.pɒli'tiʃәn,n.,"n. 政客, 政治家, 从事党派政治的人\n[法] 政客, 政治家",,,cet4-core source:ecdict cet4 cet6 cet4-all family:politicians,1783
steal,sti:l,vt.,vt. 剽窃；偷偷地做；偷窃；vi. 窃取；偷偷地行动；[棒球]偷垒；n. [口]偷窃；便宜货；偷垒；[篮球]断球,,,cet4-core source:ecdict cet4 cet6 cet4-all family:stolen family:stole family:stealing family:steals,1784
pursue,pә'sju:,vt.,"vt. 追赶, 追踪, 追随, 追求, 实行, 继续, 从事\nvi. 追赶, 继续",,,cet4-core source:ecdict cet4 cet6 cet4-all cet6-core family:pursued family:pursuing family:pursues,1785
slip,slip,n.,"n. 滑, 滑行, 事故, 溜, 差错, 滑台, 下降, 插条, 后裔, 板条, 瘦长的年轻人\nvi. 滑动, 滑倒, 失足, 溜走, 滑落, 犯错, 变坏\nvt. 使滑动, 滑过, 摆脱, 闪开, 塞入, 从...取接枝\na. 滑动的, 滑移的, 活络的, 有活结的\n[计] 串行线接口协议",,,cet4-core source:ecdict cet4 cet6 cet4-all cet6-core family:slipped family:slipping family:slips,1786
percentage,pә'sentidʒ,n.,"n. 百分比, 比率, 部分, 可能性\n[计] 百分比",,,cet4-core source:ecdict cet4 cet6 cet4-all family:percentages,1787
meat,mi:t,n.,"n. 肉, 餐, 食物\n[经] 肉类",,,cet4-core source:ecdict cet4-all family:meats,1788
funny,'fʌni,adj.,"a. 好笑的, 有趣的, 滑稽的\nn. 滑稽人物",,,cet4-core source:ecdict cet4 cet4-all family:funniest family:funnier family:funnies,1789
neither,'naiðә,adv.,"adv. 皆不, 两个都不\na. (两者)都不的\npron. 两者都不\nconj. 既非, 既不",,,cet4-core source:ecdict cet4-all,1790
soil,sɒil,n.,"n. 土壤, 土地, 国家, 国土, 温床, 污物, 粪便, 水池\nvt. 弄脏, 污辱\nvi. 变脏",,,cet4-core source:ecdict cet4 cet6 cet4-all family:soils family:soiled family:soiling,1791
surgery,'sә:dʒәri,n.,"n. 外科, 手术, 手术室, 换球术",,,cet4-core source:ecdict cet4 cet6 cet4-all cet6-core family:surgeries,1793
correct,kә'rekt,adj.,"a. 正确的, 合适的\nvt. 改正, 订正",,,cet4-core source:ecdict cet4 cet4-all family:corrected family:correcting family:corrects,1794
jewish,'dʒu:iʃ,adj.,"a. 犹太人的, 犹太族的",,,cet4-core source:ecdict cet4 cet6 cet4-all,1795
due,dju:,n.,"n. 应得的东西, 应付款\na. 到期的, 应得的, 应付的, 约定的",,,cet4-core source:ecdict cet4 cet6 cet4-all,1796
blame,bleim,n.,"n. 过失, 责备\nvt. 责备, 归咎于",,,cet4-core source:ecdict cet4 cet6 cet4-all family:blamed family:blaming family:blames,1797
estimate,'estimeit,n.,"n. 估计, 判断\nvt. 估计, 评价, 判断\nvi. 估计",,,cet4-core source:ecdict cet4 cet6 cet4-all cet6-core family:estimated family:estimates family:estimating,1798
basketball,'bɑ:skitbɒ:l,n.,n. 篮球,,,cet4-core source:ecdict cet4-all family:basketballs,1799
hill,hil,n.,"n. 小山, 丘陵, 小土堆\nvt. 作成土堆, 堆成小丘",,,cet4-core source:ecdict cet4-all family:hills family:hilling family:hilled,1800
golf,gɒlf,n.,n. 高尔夫球\nvi. 打高尔夫球,,,cet4-core source:ecdict cet4 cet6 cet4-all family:golfs family:golfing family:golfed,1801
investigate,in'vestigeit,v.,"v. 调查, 审查",,,cet4-core source:ecdict cet4 cet6 cet4-all cet6-core family:investigated family:investigating family:investigates,1802
crazy,'kreizi,adj.,"a. 发狂的, 狂热的",,,cet4-core source:ecdict cet4 cet6 cet4-all family:craziest family:crazier family:crazies,1803
chain,tʃein,n.,"n. 链, 枷锁, 束缚\nvt. 用铁练锁住, 束缚, 囚禁",,,cet4-core source:ecdict cet4 cet6 cet4-all family:chains family:chained family:chaining,1805
branch,bræntʃ,n.,"n. 树枝, 支店, 支流, 分部\nvi. 分支, 出枝\nvt. 分割, 用枝状叶脉刺绣花纹装饰\n[计] 分支, 目录分支",,,cet4-core source:ecdict cet4 cet4-all family:branches family:branching family:branched,1807
combination,.kɒmbi'neiʃәn,n.,"n. 组合, 合并, 联合\n[计] 组合图",,,cet4-core source:ecdict cet4 cet6 cet4-all cet6-core family:combinations,1808
frequently,'fri:kwәntli,adv.,"adv. 频繁, 经常地",,,cet4-core source:ecdict cet4 cet6 cet4-all,1810
governor,'gʌvәnә,n.,"n. (美)州长, (英)总督, 统治者, 管理者, 理事\n[医] 节制器, 调节器",,,cet4-core source:ecdict cet4 cet6 cet4-all family:governors,1811
relief,ri'li:f,n.,"n. 减轻, 解除, 救济, 安慰, 调剂, 浮雕, 换班, (地势的)起伏\n[医] 缓减, 减轻, 浮雕(绘画中)",,,cet4-core source:ecdict cet4 cet6 cet4-all cet6-core family:reliefs,1812
user,'ju:zә,n.,n. 使用者\n[计] 用户,,,cet4-core source:ecdict cet4 cet6 cet4-all family:users,1813
kick,kik,n.,"n. 踢, 反冲, 后座力, 凹底\nvi. 踢, 反抗, 反冲\nvt. 踢, 反冲",,,cet4-core source:ecdict cet4 cet6 cet4-all family:kicked family:kicking family:kicks,1815
ancient,'einʃәnt,adj.,"a. 古代的, 古老的, 年老的, 旧的",,,cet4-core source:ecdict cet4 cet6 cet4-all cet6-core family:ancients,1817
manner,'mænә,n.,"n. 样子, 礼貌, 风格\n[法] 方式, 方法, 样式",,,cet4-core source:ecdict cet4 cet6 cet4-all family:manners,1818
silence,'sailәns,n.,"n. 沉默, 无声, 静寂, 湮没, 无声息\nvt. 使缄默\ninterj. 安静",,,cet4-core source:ecdict cet4 cet6 cet4-all family:silenced family:silencing family:silences,1820
golden,'gәuldn,adj.,"a. 金的, 含金的, 金色的, 贵重的, 繁盛的\n[法] 金制的, 金色的, 兴隆的",,,cet4-core source:ecdict cet4 cet6 cet4-all,1821
motion,'mәuʃәn,n.,"n. 移动, 手势, 动作, 意向, 请求, 提议\nv. 打手势",,,cet4-core source:ecdict cet4 cet6 cet4-all family:motions family:motioned family:motioning,1822
german,'dʒә:mәn,n.,"n. 德国人, 德语\na. 德国的, 德国人的, 德国语的, 同父母的",,,cet4-core source:ecdict cet4 cet6 cet4-all family:germans,1823
solve,sɒlv,vt.,"vt. 解决, 付给, 溶解\nvt. 求解\nvi. 求解\n[计] 求解",,,cet4-core source:ecdict cet4 cet6 cet4-all family:solved family:solving family:solves,1825
fee,fi:,n.,"n. 费用, 小费, 封地, 所有权\nvt. 付费给",,,cet4-core source:ecdict cet4 cet4-all family:fees family:feeding family:feed,1826
used,'ju:st,adj.,"a. 使用过的, 二手的, 习惯的",,,cet4-core source:ecdict cet4 cet6 cet4-all family:use family:dp family:used,1828
bowl,bәul,n.,"n. 碗, 木球, 大酒杯\nv. 滚木球, 快而稳地行驶",,,cet4-core source:ecdict cet4 cet4-all family:bowls family:bowled family:bowling,1829
equal,'i:kwәl,n.,"n. 对手, 匹敌, 同辈\na. 相等的, 平等的, 胜任的, 合适的, 平静的, 不相上下的\nvt. 等于, 比得上\n[计] 等长度编码",,,cet4-core source:ecdict cet4 cet6 cet4-all family:equals family:equalled family:equalling,1830
frame,freim,n.,"n. 框, 结构, 体格\nvt. 构成, 设计, 制定, 使适合, 陷害\n[计] 框架, 图文框, 帧",,,cet4-core source:ecdict cet4 cet6 cet4-all family:frames family:framed family:framing,1833
forth,fɒ:θ,adv.,"adv. 往前, 以后, 向外",,,cet4-core source:ecdict cet4 cet6 cet4-all,1834
typical,'tipikl,adj.,"a. 典型的, 象征性的\n[医] 典型的",,,cet4-core source:ecdict cet4 cet6 cet4-all,1835
except,ik'sept,vt.,"vt. 除, 除外\nvi. 反对\nprep. 除了...之外, 若不是, 除非\nconj. 只是",,,cet4-core source:ecdict cet4-all family:excepting family:excepted family:excepts,1836
conservative,kәn'sә:vәtiv,adj.,"a. 保守的, 守旧的, 有保存力的\n[化] 防腐剂; 保存剂",,,cet4-core source:ecdict cet4 cet6 cet4-all cet6-core family:conservatives,1837
eliminate,i'limineit,vt.,"vt. 除去, 排除, 剔除, 消除",,,cet4-core source:ecdict cet4 cet6 cet4-all cet6-core family:eliminated family:eliminating family:eliminates,1838
hall,hɒ:l,n.,"n. 门厅, 走廊, 会堂",,,cet4-core source:ecdict cet4 cet6 cet4-all family:halls family:halling,1839
host,hәust,n.,"n. 主人, 旅馆老板, 节目主持人\nvt. 当主人招待, 作...节目主持人\n[计] 主机, 宿主机",,,cet4-core source:ecdict cet4 cet6 cet4-all family:hosts family:hosted family:hosting,1840
trust,trʌst,n.,"n. 信任, 信赖, 相信, 受托, 职责, 信心, 托拉斯\na. 信托的, 托拉斯的\nvt. 信赖, 信任, 相信, 盼望, 赊卖给\nvi. 相信, 信赖, 依靠\n[计] 委托, 信任",,,cet4-core source:ecdict cet4 cet6 cet4-all family:trusts family:trusted family:trusting,1841
ocean,'әuʃәn,n.,"n. 海洋, 广阔, 许多, 一大片\n[法] 海洋, 海",,,cet4-core source:ecdict cet4 cet4-all family:oceans,1842
row,rәu. rau,n.,"n. 排, 行, 街道, 划船, 吵闹\nvt. 使成排, 划, 划船, 参加(赛船), 痛骂\nvi. 划船, 划动, 争吵\n[计] 行",,,cet4-core source:ecdict cet4 cet6 cet4-all family:rows family:rowed family:rowing,1843
afford,ә'fɒ:d,vt.,"vt. 买得起, 足以, 给予",,,cet4-core source:ecdict cet4 cet6 cet4-all family:afforded family:affords family:affording,1846
meanwhile,'mi:nhwail,n.,"n. 其时, 其间\nadv. 同时, 于此时",,,cet4-core source:ecdict cet4 cet6 cet4-all,1847
division,di'viʒәn,n.,"n. 分, 分开, 除法, 部门(如部、处、系等), 师\n[计] 部分",,,cet4-core source:ecdict cet4 cet6 cet4-all family:divisions,1849
fix,fiks,vt.,"vt. 使固定, 修理, 准备, 安装, 凝视, 牢记, 确定, 整理\nvi. 固定, 注视, 确定\nn. 困境, 方位, 维修, 贿赂",,,cet4-core source:ecdict cet4 cet6 cet4-all family:fixed family:fixing family:fixes,1850
confirm,kәn'fә:m,vt.,"vt. 证实, 确定, 批准, 使巩固\n[计] 确认",,,cet4-core source:ecdict cet4 cet6 cet4-all cet6-core family:confirmed family:confirms family:confirming,1851
appeal,ә'pi:l,n.,"n. 恳求, 诉请, 上诉, 吸引力\nvi. 呼吁, 诉请, 要求, 上诉, 有吸引力\nvt. 将...上诉",,,cet4-core source:ecdict cet4 cet6 cet4-all cet6-core family:appeals family:appealed family:appealing,1852
mirror,'mirә,n.,"n. 镜子, 写真, 典范\nvt. 反映, 映出",,,cet4-core source:ecdict cet4 cet6 cet4-all family:mirrors family:mirrored family:mirroring,1853
tooth,tu:θ,n.,"n. 牙齿, 齿状物, 爱好\nvt. 装以齿, 将...切成齿状\nvi. 啮合",,,cet4-core source:ecdict cet4-all family:teeth,1854
length,leŋθ,n.,"n. 长度, 长, 期间, 一段\n[计] 记录长度; 块长; 字长",,,cet4-core source:ecdict cet4 cet6 cet4-all family:lengths,1855
smart,smɑ:t,adj.,"a. 聪明的, 漂亮的, 刺痛的, 剧烈的, 敏捷的, 巧妙的, 伶俐的, 潇洒的\nn. 刺痛, 痛苦\nvi. 刺痛",,,cet4-core source:ecdict cet4 cet6 cet4-all family:smarter family:smarting family:smartest family:smarted family:smarts,1856
rely,ri'lai,vi.,"vi. 信赖, 依赖, 信任",,,cet4-core source:ecdict cet4 cet6 cet4-all cet6-core family:relying family:relies family:relied,1857
association,ә.sәuʃә'eiʃәn,n.,n. 协会\n[计] 关联,,,cet4-core source:ecdict cet4 cet6 cet4-all cet6-core family:associations,1859
complain,kәm'plein,v.,"v. 抱怨, 抗议, 控诉",,,cet4-core source:ecdict cet4 cet6 cet4-all cet6-core family:complained family:complaining family:complains,1859
topic,'tɒpik,n.,"n. 主题, 论题, 话题",,,cet4-core source:ecdict cet4 cet6 cet4-all family:topics,1860
variable,'vєәriәbl,n.,"n. 易变的事物, 变数, 可变物, 变量\na. 可变的, 不定的, 易变的, 变量的\n[计] 变量",,,cet4-core source:ecdict cet4 cet6 cet4-all family:variables,1862
telephone,'telifәun,n.,"n. 电话, 电话机\nv. 打电话",,,cet4-core source:ecdict cet4-all family:telephoned family:telephones family:telephoning,1865
attract,ә'trækt,vt.,"vt. 吸引, 诱惑\nvi. 有吸引力",,,cet4-core source:ecdict cet4 cet4-all cet6-core family:attracted family:attracts family:attracting,1867
secret,'si:krit,n.,"n. 秘密, 机密, 秘诀, 秘方\na. 秘密的, 极机密的, 隐蔽的, 暗中的, 神秘的, 偏僻的",,,cet4-core source:ecdict cet4 cet6 cet4-all family:secrets,1868
confidence,'kɒnfidәns,n.,n. 信心\n[电] 可靠,,,cet4-core source:ecdict cet4 cet6 cet4-all cet6-core family:confidences,1870
debt,det,n.,"n. 债务, 罪过\n[经] 借款, 欠款, 债务",,,cet4-core source:ecdict cet4 cet6 cet4-all family:debts,1871
rare,rєә,adj.,"a. 稀罕的, 罕有的, 珍奇的, 稀薄的, 半熟的, 非常好的\nadv. 非常",,,cet4-core source:ecdict cet4 cet6 cet4-all family:rarer family:rarest family:raring,1872
tank,tæŋk,n.,"n. 槽, 箱, 柜, 罐, 池塘, 储水池, 坦克\nvt. 储于箱中",,,cet4-core source:ecdict cet4 cet6 cet4-all family:tanks family:tanking family:tanked,1874
nurse,nә:s,n.,"n. 护士, 保姆, 奶妈\nvt. 看护, 照顾, 培养\nvi. 喂奶, 看护病人",,,cet4-core source:ecdict cet4-all family:nurses family:nursing family:nursed,1875
aside,ә'said,n.,"n. 小声说的话, 旁白\nadv. 在一边, 离开, 另外",,,cet4-core source:ecdict cet4 cet4-all family:asides,1878
anywhere,'enihwєә,adv.,adv. 无论何处,,,cet4-core source:ecdict cet4 cet4-all,1879
bond,bɒnd,n.,"n. 捆绑物, 结合, 债券, 契约, 粘合剂, 保证人, 键, 关栈保留\nvt. 存入关栈, 使黏合\nvi. 结合",,,cet4-core source:ecdict cet4 cet6 cet4-all family:bonds family:bonded family:bonding,1880
pleasure,'pleʒә,n.,"n. 快乐, 愉快, 令人高兴的事, 娱乐, 希望\nv. (使)高兴",,,cet4-core source:ecdict cet4-all family:pleasures family:pleasuring,1882
master,'mɑ:stә. 'mæstә,n.,"n. 主人, 硕士, 大师, 母机\na. 主人的, 主要的\nvt. 征服, 控制, 精通",,,cet4-core source:ecdict cet4 cet6 cet4-all family:masters family:mastered family:mastering,1883
era,'iәrә,n.,"n. 时代, 纪元, 时期",,,cet4-core source:ecdict cet4 cet6 cet4-all family:eras,1884
requirement,ri'kwaiәmәnt,n.,"n. 需求, 必要条件, 要求\n[化] 要求; 合同要求",,,cet4-core source:ecdict cet4 cet6 cet4-all family:requirements,1885
fun,fʌn,n.,"n. 乐趣, 玩笑, 娱乐\nvi. 开玩笑\na. 供娱乐用的",,,cet4-core source:ecdict cet4-all,1888
wing,wiŋ,n.,"n. 翅膀, 翼, 机翼, 派别\nvt. 给...装上翼, 飞过, 使飞, 空运, 增加...速度\nvi. 飞行",,,cet4-core source:ecdict cet4 cet6 cet4-all family:wings family:winging family:winged,1889
expectation,.ekspek'teiʃәn,n.,"n. 期待, 指望, 展望\n[化] 期望值",,,cet4-core source:ecdict cet4 cet6 cet4-all family:expectations,1890
separate,'sepәreit,n.,"n. 独立件, 抽印本\na. 分开的, 各别的, 单独的, 分隔的\nvi. 分开, 隔开, 分居\nvt. 使分离, 使分开, 区分, 使分居",,,cet4-core source:ecdict cet4 cet6 cet4-all family:separated family:separating family:separates,1892
somewhat,'sʌmhwɒt,n.,"n. 某物, 几分\nadv. 多少, 几分",,,cet4-core source:ecdict cet4 cet6 cet4-all,1897
pour,pɒ:,n.,"n. 流出, 倾泻, 骤雨\nvt. 倒, 灌, 注, 倾泻, 诉说, 倾吐\nvi. 倾泻, 蜂涌而来, 下大雨",,,cet4-core source:ecdict cet4 cet6 cet4-all family:poured family:pouring family:pours,1898
stir,stә:,n.,"n. 骚动, 轰动, 搅动, 监狱\nvt. 移动, 摇动, 激起, 惹起, 搅拌\nvi. 走动, 传播, 搅拌",,,cet4-core source:ecdict cet4 cet6 cet4-all family:stirred family:stirring family:stirs,1899
beer,biә,n.,n. 啤酒\n[化] 啤酒,,,cet4-core source:ecdict cet4-all family:beers,1902
reference,'refәrәns,n.,"n. 参考, 索引, 参照\nvt. 给...加上参考资料\nvt. 引用\nvi. 引用\n[计] 引用",,,cet4-core source:ecdict cet4 cet6 cet4-all cet6-core family:references family:referenced family:referencing,1904
tear,tiә. tєә,n.,"n. 泪滴, 眼泪, 撕, 扯, 裂缝, 激怒, 飞奔\nvi. 流泪, 撕破, 赶快, 飞奔, 被撕破\nvt. 撕裂, 戳破, 拉掉, 撕掉, 使分裂, 使精神不安, 折磨",,,cet4-core source:ecdict cet4 cet6 cet4-all family:tears family:torn family:tore family:tearing,1905
doubt,daut,n.,"n. 怀疑, 疑惑\nv. 怀疑, 不信",,,cet4-core source:ecdict cet4 cet6 cet4-all family:doubts family:doubted family:doubting,1906
grant,grænt,n.,"n. 授予, 授予物, 允许\nvt. 允许, 承认, 授与\n[计] 授权命令",,,cet4-core source:ecdict cet4 cet6 cet4-all cet6-core family:granted family:grants family:granting,1907
seriously,'siәriәsli,adv.,"adv. 严肃地, 认真地, 严重地",,,cet4-core source:ecdict cet4 cet6 cet4-all,1908
minister,'ministә,n.,"n. 部长, 牧师, 公使\nvi. 服侍, 救助, 主持宗教仪式",,,cet4-core source:ecdict cet4 cet6 cet4-all family:ministers family:ministering family:ministered,1910
hero,'hiәrәu,n.,"n. 英雄, 超越常人者, 男主角",,,cet4-core source:ecdict cet4 cet6 cet4-all family:heroes,1912
industrial,in'dʌstriәl,adj.,"a. 工业的, 供工业用的, 工业高度发展的, 产业的\nn. 工业工人, 工业股票",,,cet4-core source:ecdict cet4 cet6 cet4-all cet6-core,1913
cloud,klaud,n.,"n. 云, 阴暗, 烟雾, 疑团\nvt. 以云遮敝, 笼罩, 使黯然\nvi. 乌云密布, 阴沉",,,cet4-core source:ecdict cet4-all family:clouds family:clouded family:clouding,1914
stretch,stretʃ,n.,"n. 伸展, 张开, 连绵, 一段路, 一段时间\na. 可伸缩的, 弹性的\nvt. 伸展, 张开, 曲解, 使过度伸展\nvi. 伸展, 延伸\n[计] 伸展",,,cet4-core source:ecdict cet4 cet6 cet4-all family:stretched family:stretching family:stretches,1915
winner,'winә,n.,"n. 胜利者, 优胜者\n[法] 取胜者",,,cet4-core source:ecdict cet4 cet6 cet4-all family:winners,1916
volume,'vɒljum,n.,"n. 册, 卷, 体积, 容量, 大量, 许多, 份量, 音量\nvi. 成团卷起\nvt. 把...收集成卷\na. 大量的\n[计] 卷",,,cet4-core source:ecdict cet4 cet6 cet4-all cet6-core family:volumes,1917
seed,si:d,n.,"n. 种子, 籽, 萌芽, 子孙, 精液\nvt. 在...播种, 催...发育, 脱...籽\nvi. 结实, 播种",,,cet4-core source:ecdict cet4 cet6 cet4-all family:seeds family:seeded family:seeding,1919
fashion,'fæʃәn,n.,"n. 流行, 风尚, 时样\nvt. 形成, 造, 作",,,cet4-core source:ecdict cet4 cet6 cet4-all family:fashioned family:fashions family:fashioning,1922
pepper,'pepә,n.,"n. 胡椒粉, 胡椒, 辣椒\n[化] 胡椒; 辣椒; 花椒",,,cet4-core source:ecdict cet4 cet6 cet4-all family:peppers family:peppered family:peppering,1923
busy,'bizi,adj.,"a. 忙碌的, 热闹的, 没空的\nvt. 使忙\nvi. 忙碌\n[计] 忙; 忙碌",,,cet4-core source:ecdict cet4-all family:busiest family:busied family:busier family:busying family:busies,1924
copy,'kɒpi,n.,"n. 副本, 摹仿, 一册\nv. 复印, 抄袭, 复制\n[计] 副本; 复制; DOS内部命令:复制文件\n将几个文件合并成一个文件, 以及将文件传至外设或在设备之间传送",,,cet4-core source:ecdict cet4-all family:copies family:copied family:copying,1927
tip,tip,n.,"n. 顶, 尖端, 梢, 末端, 倾斜, 垃圾场, 小费, 轻击, 指点, 秘密消息\nvt. 装顶端, 使倾斜, 使翻倒, 泄露, 告诫, 暗示, 给...小费, 轻击\nvi. 倾斜, 翻倒, 倾覆, 踮脚走, 给小费\n[计] 终端接口处理器, 提示, 技巧",,,cet4-core source:ecdict cet4 cet6 cet4-all family:tips family:tipped family:tipping,1928
cheap,tʃi:p,adj.,"a. 便宜的, 不值钱的, 可鄙的\nadv. 便宜地",,,cet4-core source:ecdict cet4-all family:cheaper family:cheapest,1930
aim,eim,n.,"n. 目标, 瞄准, 击中目标的能力\nvi. 对准目标, 致力, 打算\nvt. 瞄准\n[计] 医学文摘索引, 存取隔离机构, 高级信息管理程序, 先进接口模块\n应用接口模块, 医学人工智能, 相联索引法, 异步接口模块\n自动化信息管理, 自动化综合制造, 自动化库存管理",,,cet4-core source:ecdict cet4 cet6 cet4-all family:aims family:aimed family:aiming,1931
welfare,'welfєә,n.,"n. 福利, 安宁, 幸福, 福利事业\na. 福利的",,,cet4-core source:ecdict cet4 cet6 cet4-all,1933
vegetable,'vedʒәtәbl,n.,"n. 蔬菜, 植物, 无精打采之人\na. 蔬菜的, 植物的",,,cet4-core source:ecdict cet4-all family:vegetables,1934
dish,diʃ,n.,"n. 盘子, 碟, 菜肴\n[医] 皿, 碟",,,cet4-core source:ecdict cet4-all family:dishes family:dishing family:dished,1935
improvement,im'pru:vmәnt,n.,"n. 进步, 改善, 利用\n[医] 改善, 好转, 进步",,,cet4-core source:ecdict cet4 cet6 cet4-all family:improvements,1936
beach,bi:tʃ,n.,n. 海滩,,,cet4-core source:ecdict cet4 cet4-all family:beaches family:beached family:beaching,1937
everywhere,'evrihwєә,adv.,"adv. 各处, 到处",,,cet4-core source:ecdict cet4-all,1938
gray,grei,n.,"n. 灰色, 暗淡\na. 灰色的, 灰白的, 面色苍白的, 年老的, 老练的, 阴沉的\nv. (使)变灰色",,,cet4-core source:ecdict cet4 cet6 cet4-all family:grays family:graying family:grayed,1939
opening,'әupәniŋ,n.,"n. 开始, 口子, 穴, 揭幕\na. 开始的",,,cet4-core source:ecdict cet4 cet6 cet4-all family:open family:i family:opening family:openings,1940
overall,'әuvәrɒ:l,adj.,"a. 全部的, 全体的, 从头至尾的, 一切在内的\nadv. 从头到尾, 总的说来\nn. 罩衫, 工作服",,,cet4-core source:ecdict cet4 cet6 cet4-all family:overalls,1941
divide,di'vaid,vi.,"vi. 分开, 分配, 分裂\nvt. 分, 分开, 分裂, 除\nn. 分配, 分水岭\n[计] 除",,,cet4-core source:ecdict cet4 cet4-all family:divided family:dividing family:divides,1942
initial,i'niʃәl,n.,"n. 字首, 首字母\na. 开始的, 最初的, 字首的\nvt. 用姓名的首字母签名",,,cet4-core source:ecdict cet4 cet6 cet4-all cet6-core family:initials family:initialled family:initialling,1943
terrible,'terәbl,adj.,"a. 可怕的, 令人恐惧的, 极坏的",,,cet4-core source:ecdict cet4 cet6 cet4-all,1944
oppose,ә'pәuz,vt.,"vt. 反对, 以...对抗, 抗争\nvi. 反对",,,cet4-core source:ecdict cet4 cet6 cet4-all cet6-core family:opposed family:opposing family:opposes,1945
route,ru:t,n.,"n. 路径, 途径, 路线\nvt. 确定路线, 按规定路线发送\n[计] 传递, 路由设定程序",,,cet4-core source:ecdict cet4 cet6 cet4-all family:routes family:routing family:routed,1946
contemporary,kәn'tempәrәri,n.,"n. 同时代的人\na. 同时代的, 属于同一时期的",,,cet4-core source:ecdict cet4 cet6 cet4-all family:contemporaries,1947
multiple,'mʌltipl,n.,"n. 倍数, 并联\na. 多样的, 许多的, 多功能的",,,cet4-core source:ecdict cet4 cet6 cet4-all cet6-core family:multiples,1948
essential,i'senʃәl,n.,"n. 要素, 要点, 本质\na. 必要的, 重要的, 本质的\n[计] 本质冒险",,,cet4-core source:ecdict cet4 cet6 cet4-all cet6-core family:essentials,1949
lake,leik,n.,"n. 湖, 池, 色淀\nv. (使)血球溶解",,,cet4-core source:ecdict cet4-all family:lakes,1950
league,li:g,n.,"n. 同盟, 联盟, 盟约\nv. 组联盟, (使)加盟",,,cet4-core source:ecdict cet4-all family:leagues family:leaguing family:leagued,1951
careful,'kєәful,adj.,"a. 小心的, 谨慎的",,,cet4-core source:ecdict cet4-all,1952
criminal,'kriminәl,n.,"n. 罪犯, 犯人, 刑事\na. 犯了罪的, 刑事的, 有罪的",,,cet4-core source:ecdict cet4 cet6 cet4-all cet6-core family:criminals,1953
core,kɒ:,n.,"n. 核心, 果心, 要点\nvt. 挖...的核\n[计] 内核, 核心网",,,cet4-core source:ecdict cet4 cet6 cet4-all family:cores family:cored family:coring,1954
upper,'ʌpә,adj.,"a. 上面的, 较高的, 上级的, 上院的, 穿在外面的, 北部的, 地表的, 后期的\nn. 鞋帮, 上齿",,,cet4-core source:ecdict cet4 cet6 cet4-all family:uppers,1955
rush,rʌʃ,n.,"n. 匆促, 冲进, 急流, 灯心草\nvi. 冲, 奔, 闯, 赶紧, 匆促行事, 涌现\nvt. 使冲, 匆忙地做, 突袭, 飞跃, 用灯心草做\na. 紧急的",,,cet4-core source:ecdict cet4 cet6 cet4-all family:rushing family:rushed family:rushes,1956
necessarily,'nesisәrili,adv.,"adv. 必然地, 必须地, 必要地",,,cet4-core source:ecdict cet4 cet6 cet4-all,1957
tired,taiәd,adj.,"a. 疲累的, 疲乏的, 厌倦的",,,cet4-core source:ecdict cet4-all family:tired family:dp,1959
employ,im'plɒi,n.,"n. 雇用\nvt. 雇用, 使用, 使从事于",,,cet4-core source:ecdict cet4 cet6 cet4-all family:employed family:employs family:employing,1962
holiday,'hɒlәdi,n.,"n. 假日, 假期, 节日\nvi. 度假",,,cet4-core source:ecdict cet4-all family:holidays family:holidaying family:holidayed,1963
vast,vɑ:st,adj.,"a. 巨大的, 广大的, 非常的, 大量的",,,cet4-core source:ecdict cet4 cet6 cet4-all cet6-core family:vaster,1965
household,'haushәuld,n.,"n. 一家人, 家庭, 家族, 王室\na. 家庭的, 家常的, 王室的",,,cet4-core source:ecdict cet4 cet6 cet4-all cet6-core family:households,1967
resolution,.rezә'lu:ʃәn,n.,"n. 解析, 决心, 坚定, 决定, 决议, 消除, 解答, 分解\nn. 图形分辨率\n[计] 图形分辨率",,,cet4-core source:ecdict cet4 cet6 cet4-all family:resolutions,1968
witness,'witnis,n.,"n. 证人, 目击者, 证据, 证词\nvt. 目击, 作证, 证明, 表明\nvi. 作证人, 作为证据",,,cet4-core source:ecdict cet4 cet6 cet4-all cet6-core family:witnesses family:witnessed family:witnessing,1970
apart,ә'pɑ:t,adv.,"adv. 成零碎, 成距离, 分别地, 分离着\na. 分离的",,,cet4-core source:ecdict cet4 cet4-all,1971
match,mætʃ,n.,"n. 比赛, 火柴, 对手\nvt. 使相配, 使比赛, 与...竞争\nvi. 结婚, 相配\n[计] 比较",,,cet4-core source:ecdict cet4-all family:matches family:matched family:matching,1972
emphasize,'emfәsaiz,vt.,"vt. 强调, 加强语气, 着重",,,cet4-core source:ecdict cet4 cet6 cet4-all cet6-core family:emphasized family:emphasizes family:emphasizing,1975
representative,.repri'zentәtiv,n.,"n. 代表, 众议员, 典型\na. 描写的, 表现的, 代理的, 代表的, 代议制的, 典型的",,,cet4-core source:ecdict cet4 cet6 cet4-all family:representatives,1976
beneath,bi'ni:θ,prep.,prep. 在...下方\nadv. 在...下方,,,cet4-core source:ecdict cet4 cet4-all,1977
incident,'insidәnt,n.,"n. 事件, 事变, 小事\na. 附带的, 易于发生的, 外来的, 入射的",,,cet4-core source:ecdict cet4 cet6 cet4-all cet6-core family:incidents,1980
beside,bi'said,prep.,prep. 在旁边,,,cet4-core source:ecdict cet4-all,1981
limited,'limitid,adj.,"a. 有限制的, 有限的, 有限责任的\nn. 特别快车",,,cet4-core source:ecdict cet4 cet6 cet4-all family:limit family:dp family:limited,1982
proud,praud,adj.,"a. 骄傲的, 自大的, 自豪的, 辉煌的, 壮丽的",,,cet4-core source:ecdict cet4 cet6 cet4-all family:proudest family:prouder,1983
flow,flәu,n.,"n. 流程, 流动, 流量, 洋溢, 泛滥, 涨潮\nvi. 流动, 流泄, 畅流, 川流不息, 飘扬, 涌出\nvt. 使流动, 淹没, 流出",,,cet4-core source:ecdict cet4 cet4-all family:flows family:flowing family:flowed,1984
faculty,'fækәlti,n.,"n. 才能, 能力, 全体教员, (大学的)系\n[医] 能力, [大学]院系",,,cet4-core source:ecdict cet4 cet6 cet4-all cet6-core family:faculties,1985
waste,weist,n.,"n. 浪费, 废物, 损耗, 消耗, 荒地, 垃圾, 地面风化物\na. 废弃的, 荒芜的, 多余的\nvt. 浪费, 消耗, 使荒芜\nvi. 浪费, 消耗, 变消瘦",,,cet4-core source:ecdict cet4 cet6 cet4-all family:wasting family:wasted family:wastes,1986
merely,'miәli,adv.,adv. 只,,,cet4-core source:ecdict cet4 cet6 cet4-all cet6-core,1988
mass,mæs,n.,"n. 块, 大多数, 质量, 大量, 群众, 弥撒\na. 群众的, 大规模的, 整个的\nvt. 使集合, 集中\nvi. 聚集",,,cet4-core source:ecdict cet4 cet6 cet4-all cet6-core family:masses family:massing family:massed,1989
experiment,ik'sperimәnt,n.,"n. 实验, 试验, 实验仪器\nvi. 实验, 尝试",,,cet4-core source:ecdict cet4 cet6 cet4-all family:experiments family:experimenting family:experimented,1990
definitely,'definitli,adv.,"adv. 明确无疑地, 清楚地",,,cet4-core source:ecdict cet4 cet6 cet4-all cet6-core,1991
bomb,bɒm,n.,"n. 炸弹\nvt. 轰炸, 投弹于\nvi. 失败",,,cet4-core source:ecdict cet4 cet6 cet4-all family:bombs family:bombed family:bombing,1992
liberal,'libәrәl,n.,"n. 自由主义者\na. 慷慨的, 不拘泥的, 宽大的, 自由主义的",,,cet4-core source:ecdict cet4 cet6 cet4-all cet6-core family:liberals,1993
enormous,i'nɒ:mәs,adj.,"a. 巨大的, 庞大的",,,cet4-core source:ecdict cet4 cet6 cet4-all cet6-core,1994
tone,tәun,n.,"n. 音调, 音质, 语调, 语气, 色调, 气氛, 状况, 思想状态\nvt. 给...定色调, 增强, 使...的声调和谐, 定音调\nvi. 颜色调和\n[计] 双音频",,,cet4-core source:ecdict cet4 cet6 cet4-all family:tones family:toned family:toning,1995
engineer,.endʒi'niә,n.,"n. 工程师, 工兵\nvt. 设计, 监造, 精明地处理, 策划",,,cet4-core source:ecdict cet4 cet6 cet4-all family:engineers family:engineered family:engineering,1997
wheel,hwi:l,n.,"n. 轮子, 车轮, 轮, 方向盘, 旋转, 机构, 重要人物\nvt. 使旋转, 转动, 使转向\nvi. 旋转, 转弯, 盘旋",,,cet4-core source:ecdict cet4 cet6 cet4-all family:wheels family:wheeled family:wheeling,1999
invest,in'vest,vt.,"vt. 投资, 花费, 笼罩, 授予\nvi. 投资, 利用",,,cet4-core source:ecdict cet4 cet6 cet4-all cet6-core family:invested family:investing family:invests,2001
cable,'keibl,n.,"n. 电缆, 海底电报, 缆, 索\nvi. 打海底电报\nvt. 发海底电报, 缚住\n[计] 电缆",,,cet4-core source:ecdict cet4 cet6 cet4-all cet6-core family:cables family:cabled family:cabling,2003
expose,ik'spәuz,vt.,"vt. 使暴露, 使曝光, 揭穿, 陈列\n[医] 暴露, 露置",,,cet4-core source:ecdict cet4 cet6 cet4-all cet6-core family:exposed family:exposing family:exposes,2005
rural,'ruәrәl,adj.,"a. 乡下的, 田园的, 乡村风味的\n[法] 农村的, 乡村的, 有关农业的",,,cet4-core source:ecdict cet4 cet6 cet4-all,2006
narrow,'nærәu,n.,"n. 狭窄部分, 隘路\na. 狭窄的, 仔细的, 有限的, 勉强的, 狭隘的, 手紧的\nvi. 变窄\nvt. 使变狭窄",,,cet4-core source:ecdict cet4 cet6 cet4-all family:narrower family:narrowed family:narrowing family:narrows family:narrowest,2007
cream,kri:m,n.,"n. 乳酪, 奶油, 面霜\n[医] 乳油, 乳皮; 乳膏, 霜",,,cet4-core source:ecdict cet4 cet6 cet4-all family:creams family:creaming family:creamed,2008
secretary,'sekrәtәri,n.,"n. 秘书, 书记, 大臣\n[经] 秘书",,,cet4-core source:ecdict cet4-all family:secretaries,2009
gate,geit,n.,"n. 门, 牌楼, 大门, 通道, 闸\nvt. 装门于\n[计] 门; 栅",,,cet4-core source:ecdict cet4-all family:gates family:gated family:gating,2010
solid,'sɒlid,n.,"n. 固体\na. 坚硬的, 稳固的, 固体的, 实心的, 纯质的, 立体的, 立方的\n[计] 原色",,,cet4-core source:ecdict cet4 cet6 cet4-all family:solids,2011
noise,nɒiz,n.,"n. 噪音, 杂音, 响声, 喧闹\nvt. 谣传\nvi. 喧闹\n[计] 噪声",,,cet4-core source:ecdict cet4-all family:noises family:noising family:noised,2012
grass,græs,n.,"n. 草, 草原, 牧场\n[医] 草, 禾本",,,cet4-core source:ecdict cet4-all family:grasses family:grassed family:grassing,2014
hat,hæt,n.,n. 帽子\nvt. 给...戴帽子,,,cet4-core source:ecdict cet4-all family:hats family:hatted family:hatting,2015
unfortunately,ʌn'fɔ:tjjnәtli,adv.,"adv. 恐怕, 不幸的是",,,cet4-core source:ecdict cet4 cet6 cet4-all,2016
succeed,sәk'si:d,vi.,"vi. 成功, 继承, 继续\nvt. 继承, 接替",,,cet4-core source:ecdict cet4 cet6 cet4-all family:succeeded family:succeeds family:succeeding,2018
celebrate,'selibreit,v.,"v. 庆祝, 祝贺, 举行",,,cet4-core source:ecdict cet4 cet6 cet4-all family:celebrating family:celebrated family:celebrates,2019
achievement,ә'tʃi:vmәnt,n.,"n. 完成, 成就, 功业",,,cet4-core source:ecdict cet4 cet6 cet4-all cet6-core family:achievements,2021
accuse,ә'kju:z,vt.,"vt. 指责, 控告, 归咎于\nvi. 指责, 控告",,,cet4-core source:ecdict cet4 cet6 cet4-all cet6-core family:accused family:accusing family:accuses,2024
useful,'ju:sful,adj.,"a. 有用的, 有益的\n[机] 有用的, 有效的",,,cet4-core source:ecdict cet4 cet6 cet4-all,2026
reject,ri'dʒekt,n.,"n. 被拒之人, 被弃之物, 不合格品, 次品\nvt. 拒绝, 抵制, 否决, 驳回, 丢弃, 呕出",,,cet4-core source:ecdict cet4 cet6 cet4-all cet6-core family:rejected family:rejecting family:rejects,2029
talent,'tælәnt,n.,"n. 天才, 才能, 有才干的人, 天资",,,cet4-core source:ecdict cet4 cet6 cet4-all family:talents,2030
taste,teist,n.,"n. 味道, 品味, 味觉, 感受, 体验, 爱好, 审美, 少量\nvt. 尝, 察觉...的味道, 体会\nvi. 品尝, 察觉味道, 有某种味道",,,cet4-core source:ecdict cet4 cet6 cet4-all family:tastes family:tasted family:tasting,2031
characteristic,.kærәktә'ristik,n.,"n. 特性, 特征, 特色\na. 特性的, 特有的, 有特色的\n[计] 阶; 指数",,,cet4-core source:ecdict cet4 cet6 cet4-all cet6-core family:characteristics,2032
milk,milk,n.,"n. 奶, 乳状物\nvt. 挤乳, 榨取\nvi. 产乳",,,cet4-core source:ecdict cet4-all family:milked family:milking family:milks,2033
escape,i'skeip,n.,"n. 逃亡, 避难设备, 逃跑\nvi. 逃脱, 避开, 溜走\nvt. 逃避, 避免, 被...忘掉",,,cet4-core source:ecdict cet4 cet6 cet4-all family:escaped family:escaping family:escapes,2034
cast,kɑ:st. kæst,n.,"n. 演员阵容, 投掷, 铸件, 预测, 特性\nvt. 投, 掷, 抛, 脱落, 铸, 使弯曲, 计算\nvi. 投, 计算, 浇铸成型",,,cet4-core source:ecdict cet4 cet6 cet4-all cet6-core family:cast family:dp family:casting family:casts,2035
sentence,'sentәns,n.,"n. 句子, 命题, 宣判\nvt. 宣判, 判决\n[计] 句子",,,cet4-core source:ecdict cet4 cet6 cet4-all family:sentences family:sentenced family:sentencing,2036
unusual,.ʌn'ju:ʒu:l,adj.,"a. 不寻常的, 罕见的, 与众不同的",,,cet4-core source:ecdict cet4 cet6 cet4-all,2037
closely,'klәusli,adv.,adv. 接近地,,,cet4-core source:ecdict cet4 cet4-all,2038
convince,kәn'vins,vt.,"vt. 说服, 使相信\n[法] 使确信, 使信服, 使人认识错误",,,cet4-core source:ecdict cet4 cet6 cet4-all cet6-core family:convinced family:convincing family:convinces,2039
height,hait,n.,"n. 高度, 海拔, 高地, 顶点\n[化] 高度",,,cet4-core source:ecdict cet4 cet6 cet4-all family:heights,2040
physician,fi'ziʃәn,n.,"n. 医师, 内科医师, 解除痛苦者\n[医] 主治医师",,,cet4-core source:ecdict cet4 cet6 cet4-all family:physicians,2041
assess,ә'ses,vt.,"vt. 估定, 对...征税, 评定\n[经] 估计, 估价, 确定(税款罚款等)的金额",,,cet4-core source:ecdict cet4 cet6 cet4-all cet6-core family:assessed family:assessing family:assesses,2042
plenty,'plenti,n.,"n. 充分, 很多, 丰富\na. 很多的, 足够的, 丰富的",,,cet4-core source:ecdict cet4 cet6 cet4-all,2044
virtually,'vә:tʃuәli,adv.,adv. 事实上,,,cet4-core source:ecdict cet4 cet6 cet4-all,2046
addition,ә'diʃәn,n.,"n. 加法, 增加的人(或物)\n[计] 加法",,,cet4-core source:ecdict cet4 cet6 cet4-all cet6-core family:additions,2048
sharp,ʃɑ:p,n.,"n. 半升音调, 利刃, 骗子\na. 锋利的, 明显的, 敏锐的, 急剧的, 尖刻的, 严厉的, 刺耳的, 精明的\nadv. 锐利地, 急速地",,,cet4-core source:ecdict cet4 cet6 cet4-all family:sharps,2049
creative,kri:'eitiv,adj.,"a. 有创造力的, 创作的, 产生的",,,cet4-core source:ecdict cet4 cet6 cet4-all family:creatives,2050
lower,'lәuә,adj.,"a. 低的, 下级的, 下层的\nvi. 降低, 跌落, 减弱\nvt. 放下, 降下, 减弱, 贬低",,,cet4-core source:ecdict cet4 cet4-all family:low family:r family:lowered family:lowering family:lowers,2052
approve,ә'pru:v,vt.,"vt. 赞同, 核准, 为...提供证据\nvi. 赞许",,,cet4-core source:ecdict cet4 cet6 cet4-all cet6-core family:approved family:approving family:approves,2053
explanation,.eksplә'neiʃәn,n.,"n. 解释, 说明, 辩解, 表明\n[经] 解释, 注释, 说明",,,cet4-core source:ecdict cet4 cet6 cet4-all family:explanations,2054
gay,gei,adj.,"a. 欢快的, 艳丽的, 快乐的, 放荡的",,,cet4-core source:ecdict cet4 cet6 cet4-all family:gays,2056
proper,'prɒpә,adj.,"a. 适当的, 固有的, 高尚的, 专属的\nadv. 完全地, 彻底地",,,cet4-core source:ecdict cet4 cet6 cet4-all,2058
campus,'kæmpәs,n.,"n. 校园, 大学生活",,,cet4-core source:ecdict cet4 cet6 cet4-all,2059
guilty,'gilti,adj.,"a. 犯罪的, 有过失的, 自觉有错的, 心虚的\n[法] 有罪的, 犯罪的, 自觉有罪的",,,cet4-core source:ecdict cet4 cet6 cet4-all,2061
acquire,ә'kwaiә,vt.,"vt. 获得, 学到\n[电] 目标锁定",,,cet4-core source:ecdict cet4 cet6 cet4-all cet6-core family:acquired family:acquiring family:acquires,2063
technical,'teknikl,adj.,"a. 技术上的, 专门的, 工业的, 严格根据法律的\n[化] 技巧",,,cet4-core source:ecdict cet4 cet6 cet4-all,2064
compete,kәm'pi:t,vi.,"vi. 竞争, 对抗",,,cet4-core source:ecdict cet4 cet6 cet4-all cet6-core family:competing family:competed family:competes,2065
plus,plʌs,prep.,"prep. 加上, 加, 外加\na. 正的, 附加的\nn. 正号, 加号, 附加额, 正数, 增益\n[计] 正差",,,cet4-core source:ecdict cet4 cet4-all family:pluses,2066
immigrant,'imigrәnt,n.,"n. 移民\na. 移入的, 移民的",,,cet4-core source:ecdict cet4 cet6 cet4-all cet6-core family:immigrants,2069
weak,wi:k,adj.,"a. 不牢固的, 弱的, 虚弱的, 软弱的, 无力的, 无权力的, (论据等)不充分的\n[经] 疲软的",,,cet4-core source:ecdict cet4 cet6 cet4-all family:weaker family:weakest,2070
illegal,i'li:gәl,adj.,"a. 违法的, 不合规定的\n[经] 非法的, 犯规的",,,cet4-core source:ecdict cet4 cet6 cet4-all cet6-core family:illegals,2071
hi,hai,interj.,interj. 喂,,,cet4-core source:ecdict cet4-all,2072
alternative,ɒ:l'tә:nәtiv,n.,"n. 两者择一, 供替代的选择\na. 两者择一的, 供选择的\n[计] 选择对象",,,cet4-core source:ecdict cet4 cet6 cet4-all cet6-core family:alternatives,2073
column,'kɒlәm,n.,"n. 专栏, 圆柱, 纵队, 列, 柱形物\n[计] 列, 柱形图",,,cet4-core source:ecdict cet4 cet6 cet4-all family:columns,2074
interaction,.intәr'ækʃәn,n.,"n. 交互作用, 交感\n[计] 交互作用",,,cet4-core source:ecdict cet4 cet6 cet4-all cet6-core family:interactions,2075
signal,'signl,n.,"n. 信号, 暗号, 近因, 导火线\nvt. 向...作信号, 标志, 用信号通知\nvi. 发信号\na. 作为信号的, 显著的\n[计] 信号",,,cet4-core source:ecdict cet4 cet6 cet4-all cet6-core family:signals family:signalled family:signalling,2078
king,kiŋ,n.,"n. 国王, 君主\nvt. 使...成为君主\nvi. 君临, 统治",,,cet4-core source:ecdict cet4 cet4-all family:kings,2080
passenger,'pæsindʒә,n.,"n. 乘客, 旅客\n[经] 乘客, 旅客",,,cet4-core source:ecdict cet4 cet6 cet4-all family:passengers,2080
forever,fә'revә,adv.,adv. 永远,,,cet4-core source:ecdict cet4 cet6 cet4-all,2082
regard,ri'gɑ:d,n.,"n. 关心, 注意, 尊敬, 关系, 问候\nvt. 视为, 注意, 考虑, 和...有关, 看待\nvi. 注视, 注意",,,cet4-core source:ecdict cet4 cet6 cet4-all family:regarded family:regards family:regarding,2084
twenty,'twenti,num.,"num. 二十, 二十个",,,cet4-core source:ecdict cet4-all,2086
knock,nɒk,n.,"n. 敲, 敲打, 敲门\nv. 敲击, 互撞, 攻击",,,cet4-core source:ecdict cet4-all family:knocked family:knocking family:knocks,2087
lab,læb,n.,"n. 实验室, 研究室\n[医] 凝乳酶",,,cet4-core source:ecdict cet4 cet6 cet4-all family:labs,2089
wrap,ræp,n.,"n. 外套, 围巾, 包裹物, 限制, 约束, 秘密, 换行\nvt. 包装, 卷, 缠绕, 包, 裹, 覆盖, 遮蔽, 隐藏, 掩护\nvi. 缠绕, 穿外衣, 包起来\n[计] 换行",,,cet4-core source:ecdict cet4 cet6 cet4-all family:wrapped family:wrapping family:wraps,2090
display,dis'plei,n.,"n. 显示, 陈列, 炫耀, 显示器\nvt. 陈列, 显示, 表现, 夸示\n[计] 显示器; 显示",,,cet4-core source:ecdict cet4 cet6 cet4-all cet6-core family:displayed family:displays family:displaying,2092
criticism,'kritisizm,n.,"n. 批评, 评论, 非难\n[法] 批判, 批评, 评论",,,cet4-core source:ecdict cet4 cet6 cet4-all cet6-core family:criticisms,2093
spiritual,'spiritʃuәl,adj.,"a. 精神上的, 神圣的, 崇高的, 高尚的, 鬼的, 招魂术的\nn. 有关教会的事",,,cet4-core source:ecdict cet4 cet6 cet4-all family:spirituals,2096
musical,'mju:zikl,n.,"n. 音乐片, 音乐舞台剧\na. 音乐的, 声音美妙的, 喜爱音乐的",,,cet4-core source:ecdict cet4 cet6 cet4-all family:musicals,2097
prayer,prєә. 'preiә,n.,"n. 祈祷, 恳求, 祷辞, 祈祷者",,,cet4-core source:ecdict cet4 cet6 cet4-all family:prayers,2098
journalist,'dʒә:nәlist,n.,"n. 新闻记者, 从事新闻杂志业的人",,,cet4-core source:ecdict cet4 cet6 cet4-all family:journalists,2099
suspect,sә'spekt,n.,"n. 被怀疑者, 嫌疑犯\na. 令人怀疑的, 不可信的, 可疑的\nv. 怀疑, 猜想",,,cet4-core source:ecdict cet4 cet6 cet4-all family:suspected family:suspects family:suspecting,2100
scholar,'skɒlә,n.,"n. 学者, 奖学金获得者, 有文化者, 学习者",,,cet4-core source:ecdict cet4 cet6 cet4-all family:scholars,2101
climate,'klaimit,n.,"n. 气候, 社会趋势, 气候区\n[医] 气候",,,cet4-core source:ecdict cet4 cet4-all cet6-core family:climates,2103
cheese,tʃi:z,n.,n. 乳酪\n[化] 干酪,,,cet4-core source:ecdict cet4 cet4-all family:cheesed family:cheese family:cheesing family:cheeses,2104
observation,.ɒbzә:'veiʃәn,n.,"n. 观察, 注意, 观测, 观察力\n[化] 观察",,,cet4-core source:ecdict cet4 cet6 cet4-all family:observations,2105
payment,'peimәnt,n.,"n. 付款, 支付的款项(或实物), 偿还, 报应, 惩罚\n[经] 支付, 缴纳, 支付款额",,,cet4-core source:ecdict cet4 cet6 cet4-all family:payments,2106
childhood,'tʃaildhud,n.,n. 孩童时期\n[医] 儿童期,,,cet4-core source:ecdict cet4 cet4-all family:childhoods,2107
sir,sә:,n.,"n. 先生, 阁下",,,cet4-core source:ecdict cet4-all family:sirs,2108
permit,pә'mit,n.,"n. 许可证, 许可, 执照, 通行证\nvt. 允许, 容许, 可能, 使放手做\nvi. 容许, 给以机会, 提供可能",,,cet4-core source:ecdict cet4 cet6 cet4-all family:permitted family:permits family:permitting,2109
definition,.defi'niʃәn,n.,"n. 定义, 精确度, 清晰度\n[计] 清晰度; 清晰度",,,cet4-core source:ecdict cet4 cet6 cet4-all cet6-core family:definitions,2110
cigarette,.sigә'ret,n.,"n. 香烟, 纸烟",,,cet4-core source:ecdict cet4 cet4-all family:cigarettes,2111
bread,bred,n.,"n. 面包, 生计, 食物\nvt. 裹以面包屑",,,cet4-core source:ecdict cet4-all family:breads family:breading family:breaded,2113
graduate,'grædʒueit,n.,"n. 毕业生, 量杯\na. 已得学位的, 研究生的, 毕业的\nvi. 毕业, 得学位, 逐渐变为\nvt. 准予...毕业, 授予...学位, 分等级, 刻刻度",,,cet4-core source:ecdict cet4 cet6 cet4-all cet6-core family:graduates family:graduated family:graduating,2115
request,ri'kwest,n.,"n. 请求, 需要, 申请书\nvt. 请求, 要求, 邀请\n[计] 请求",,,cet4-core source:ecdict cet4 cet6 cet4-all family:requests family:requested family:requesting,2116
emotion,i'mәuʃәn,n.,"n. 情绪, 激动, 强烈的情感\n[医] 情绪, 情感",,,cet4-core source:ecdict cet4 cet6 cet4-all cet6-core family:emotions,2117
scream,skri:m,n.,"n. 尖叫声\nvi. 尖叫, 大笑, 尖啸, 令人震惊\nvt. 尖叫着说, 大叫大嚷着要求",,,cet4-core source:ecdict cet4 cet6 cet4-all family:screaming family:screamed family:screams,2118
dramatic,drә'mætik,adj.,"a. 戏剧性的, 生动的",,,cet4-core source:ecdict cet4 cet6 cet4-all cet6-core family:dramatics,2119
universe,'ju:nivә:s,n.,"n. 宇宙, 星系, (思想等)范围",,,cet4-core source:ecdict cet4 cet6 cet4-all cet6-core family:universes,2120
gap,gæp,n.,"n. 缝隙, 缺口, 间断, 间距, 通用汇编程序\nvt. 打开缺口, 造成缝隙\nvi. 豁开\n[计] 通用汇编程序, 图形应用程序, 间距",,,cet4-core source:ecdict cet4 cet6 cet4-all family:gaps family:gapping family:gapped,2121
excellent,'ekslәnt,adj.,"a. 优良的, 杰出的, 出色的",,,cet4-core source:ecdict cet4 cet6 cet4-all,2123
lucky,'lʌki,adj.,"a. 幸运的, 吉祥的, 好运的, 侥幸的",,,cet4-core source:ecdict cet4 cet4-all family:luckier family:luckiest,2126
drag,dræg,n.,"n. 拖, 拖累\nv. 拖累, 拖拉, 沉重缓慢地走, 拖动\n[计] 拖动",,,cet4-core source:ecdict cet4 cet6 cet4-all cet6-core family:dragged family:dragging family:drags,2127
airline,'єәlain,n.,"n. 航线, 航线的设备, 航空公司",,,cet4-core source:ecdict cet4 cet4-all family:airlines,2128
library,'laibrәri,n.,"n. 图书馆, 藏书, 库\n[计] 库",,,cet4-core source:ecdict cet4-all family:libraries,2129
recover,ri'kʌvә,vt.,"vt. 重新获得, 恢复, 复原, 拯救\nvi. 痊愈, 复原, 胜诉\n[计] 恢复",,,cet4-core source:ecdict cet4 cet6 cet4-all cet6-core family:recovered family:recovering family:recovers,2131
factory,'fæktәri,n.,"n. 工厂, 产生地, 代理店\n[经] 工厂, 代理店, 商行在国外的代理处",,,cet4-core source:ecdict cet4-all family:factories,2132
selection,si'lekʃәn,n.,"n. 选择, 选文, 精选品\n[医] 选择, 淘汰",,,cet4-core source:ecdict cet4 cet6 cet4-all family:selections,2133
primarily,'praimәrili,adv.,"adv. 主要地, 首先地",,,cet4-core source:ecdict cet4 cet6 cet4-all cet6-core,2134
roof,ru:f,n.,"n. 屋顶, 室顶\nvt. 给...盖屋顶, 遮蔽",,,cet4-core source:ecdict cet4 cet6 cet4-all family:roofs family:roofed family:roofing,2135
unable,ʌn'eibl,adj.,"a. 不能的, 不会的\n[法] 无能力的, 无资格的, 没有办法的",,,cet4-core source:ecdict cet4 cet6 cet4-all,2136
expense,ik'spens,n.,"n. 费用, 代价, 开支, 损失\n[经] 费用, 开支, 将支出转为费用",,,cet4-core source:ecdict cet4 cet4-all cet6-core family:expenses,2137
arrest,ә'rest,n.,"n. 逮捕, 监禁\nvt. 拘捕, 抑制, 吸引, 阻止",,,cet4-core source:ecdict cet4 cet6 cet4-all cet6-core family:arrested family:arrests family:arresting,2140
wash,wɒʃ,n.,"n. 洗, 洗涤, 冲洗, 洗的衣服, 冲积物, 洼地\nvt. 洗, 洗涤, 洗清, 用水冲洗, 流过, 弄湿, 粉刷, 镀金属薄层于\nvi. 洗涤, 洗澡, 被冲蚀, 漂浮",,,cet4-core source:ecdict cet4-all family:washed family:washing family:washes,2143
schedule,'skedʒuәl,n.,"n. 时间表, 一览表, 计划表, 议事日程\nvt. 预定, 编制目录, 制...表, 安排",,,cet4-core source:ecdict cet4 cet6 cet4-all cet6-core family:scheduled family:schedules family:scheduling,2144
sad,sæd,adj.,"a. 忧愁的, 悲哀的",,,cet4-core source:ecdict cet4-all family:saddest family:sadder,2145
brief,bri:f,n.,"n. 摘要, 简报\na. 简短的, 短暂的\nvt. 对...作简报, 摘要, 节录",,,cet4-core source:ecdict cet4 cet4-all cet6-core family:briefed family:briefs family:briefing family:briefest family:briefer,2146
post,pәust,n.,"n. 柱, 杆, 准星, 邮件, 邮政, 标竿, 职位, 岗位, 哨所, 兵营\nvt. 张帖, 邮递, 公布, 登入帐, 使熟悉, 布置\nvi. 快速行进\nadv. 急速地\n[计] 记入; 登记, 上电自检",,,cet4-core source:ecdict cet4-all family:posts family:posted family:posting,2148
purchase,'pә:tʃәs,n.,"n. 购买, 购买品, 紧握, 绞辘\nvt. 购买, 赢得, 努力取得, 用滑轮起(锚等)",,,cet4-core source:ecdict cet4 cet6 cet4-all cet6-core family:purchased family:purchases family:purchasing,2149
steel,sti:l,n.,"n. 钢, 钢制品, 钢铁, 坚硬, 坚固\na. 钢的, 钢制的, 钢铁业的, 坚强的\nvt. 使坚强, 钢化, 使冷酷",,,cet4-core source:ecdict cet4 cet6 cet4-all family:steeled family:steels family:steeling,2152
regarding,ri'gɑ:diŋ,prep.,prep. 关于,,,cet4-core source:ecdict cet4 cet6 cet4-all family:regard family:i,2153
shout,ʃaut,n.,"n. 呼喊, 喊声\nvi. 呼喊, 喊叫, 嚷\nvt. 高喊",,,cet4-core source:ecdict cet4-all family:shouted family:shouting family:shouts,2154
visual,'viʒuәl,adj.,"a. 视觉的\n[医] 视觉的, 视力的, 视觉性记忆优势者",,,cet4-core source:ecdict cet4 cet6 cet4-all family:visuals,2156
fairly,'fєәli,adv.,"adv. 美观地, 公平地, 相当地, 清楚地",,,cet4-core source:ecdict cet4 cet6 cet4-all,2157
violent,'vaiәlәnt,adj.,"a. 暴力的, 猛烈的, 激烈的, 极端的, 凶暴的",,,cet4-core source:ecdict cet4 cet6 cet4-all cet6-core,2158
silent,'sailәnt,adj.,"a. 沉默的, 安静的, 无声的, 静止的\n[医] 静止的, 无症状的",,,cet4-core source:ecdict cet4 cet6 cet4-all,2160
suppose,sә'pәuz,vt.,"vt. 推想, 假设, 以为, 想像, 假定\nvi. 料想",,,cet4-core source:ecdict cet4 cet6 cet4-all family:supposed family:supposing family:supposes,2161
self,self,n.,"n. 自己, 自我, 本性, 本质, 私心, 本人\nvt. 使近亲繁殖, 使自花授精\nvi. 自花授精\na. 同一的",,,cet4-core source:ecdict cet4 cet6 cet4-all family:selves,2162
bike,baik,n.,"n. 自行车, 脚踏车",,,cet4-core source:ecdict cet4-all family:bikes family:biking family:biked,2163
tea,ti:,n.,"n. 茶, 茶叶\n[医] 茶, 茶剂, 浸剂",,,cet4-core source:ecdict cet4-all family:teas,2164
perceive,pә'si:v,vt.,"vt. 感觉, 认知, 理解, 意识到",,,cet4-core source:ecdict cet4 cet6 cet4-all family:perceived family:perceives family:perceiving,2165
comparison,kәm'pærisn,n.,"n. 比较, 对照, 比喻\n[经] 比较, 对比",,,cet4-core source:ecdict cet4 cet4-all cet6-core family:comparisons,2166
settlement,'setlmәnt,n.,"n. 安顿, 解决, 处理, 结算, 殖民, 殖民地, 沉降\n[医] 居住区; 沉渣",,,cet4-core source:ecdict cet4 cet6 cet4-all cet6-core family:settlements,2167
layer,'leiә,n.,"n. 层, 产卵鸡, 放置者\nvt. 分层堆积, 压植\n[计] 层",,,cet4-core source:ecdict cet4 cet6 cet4-all cet6-core family:layers family:layered family:layering,2168
description,di'skripʃәn,n.,"n. 描述, 说明, 种类\n[经] 说明书(物品), 品名种类, 货物名称",,,cet4-core source:ecdict cet4 cet6 cet4-all family:descriptions,2171
slide,slaid,n.,"n. 滑, 滑道, 山崩, 雪崩, 幻灯片\nvt. 使滑动, 偷偷放入\nvi. 滑动, 滑落, 不知不觉陷入, 偷偷地走",,,cet4-core source:ecdict cet4 cet6 cet4-all cet6-core family:slid family:slides family:sliding,2174
widely,'waidli,adv.,adv. 广泛地,,,cet4-core source:ecdict cet4 cet6 cet4-all,2175
wedding,'wediŋ,n.,"n. 婚礼, 结婚, 结婚周年纪念日, 结合\n[法] 结婚, 婚礼, 结婚纪念日",,,cet4-core source:ecdict cet4 cet6 cet4-all family:weddings family:wedding family:i,2176
inform,in'fɒ:m,vt.,"vt. 通知, 使了解, 使充满\nvi. 提供资料, 告发",,,cet4-core source:ecdict cet4 cet6 cet4-all family:informed family:informing family:informs,2177
portion,'pɒ:ʃәn,n.,"n. 部分, 一份, 命运, 嫁妆\nvt. 分配, 给...嫁妆",,,cet4-core source:ecdict cet4 cet6 cet4-all family:portions family:portioned family:portioning,2178
territory,'teritәri,n.,"n. 领土, 领地, 版图, 地区, 活动范围\n[经] (推销员等的)推销区域",,,cet4-core source:ecdict cet4 cet6 cet4-all cet6-core family:territories,2179
immediate,i'mi:diәt,adj.,"a. 立即的, 直接的, 接近的\n[医] 直接的, 立即的",,,cet4-core source:ecdict cet4 cet6 cet4-all,2180
opponent,ә'pәunәnt,n.,"n. 对手, 敌手, 反对者\na. 敌对的, 反对的, 对面的",,,cet4-core source:ecdict cet4 cet6 cet4-all cet6-core family:opponents,2181
abandon,ә'bændәn,vt.,"vt. 放弃, 抛弃, 遗弃, 使屈从, 沉溺, 放纵\nn. 放任, 无拘束, 狂热",,,cet4-core source:ecdict cet4 cet6 cet4-all cet6-core family:abandoned family:abandoning family:abandons,2182
transform,træns'fɒ:m,vt.,"vt. 使转换, 改变, 改造, 使...变形\nvi. 改变, 转化, 变换\n[计] 变换",,,cet4-core source:ecdict cet4 cet6 cet4-all cet6-core family:transformed family:transforming family:transforms,2185
leading,'li:diŋ,n.,"n. 领导, 指挥, 神示, 铅板\na. 领导的, 主要的, 在前的",,,cet4-core source:ecdict cet4 cet6 cet4-all family:lead family:i family:leading,2188
bother,'bɒðә,vt.,"vt. 烦扰, 迷惑\nvi. 烦恼, 操心\nn. 麻烦, 纠纷, 讨厌的人",,,cet4-core source:ecdict cet4-all family:bothered family:bothering family:bothers,2189
consist,kәn'sist,vi.,"vi. 组成, 存在于, 一致",,,cet4-core source:ecdict cet4 cet6 cet4-all cet6-core family:consists family:consisting family:consisted,2190
alcohol,'ælkәhɒl,n.,"n. 酒精, 酒\n[化] 醇; 乙醇; 酒精",,,cet4-core source:ecdict cet4 cet4-all cet6-core family:alcohols,2191
enable,i'neibl,vt.,"vt. 使能够\n[计] 允许, 使能, 打开",,,cet4-core source:ecdict cet4 cet6 cet4-all family:enables family:enabled family:enabling,2192
saving,'seiviŋ,n.,"n. 存款, 挽救, 节约\na. 搭救的, 节约的, 保留的, 补偿的\nprep. 除...之外",,,cet4-core source:ecdict cet4 cet6 cet4-all family:save family:i family:savings family:saving,2193
bend,bend,vi.,"vi. 变弯曲, 屈服\nvt. 使弯曲, 使屈服\nn. 弯曲",,,cet4-core source:ecdict cet4 cet6 cet4-all family:bent family:bending family:bends,2194
desert,'dezәt. di'sә:t,n.,"n. 沙漠, 应得的赏罚, 功劳\na. 沙漠的, 不毛的\nvt. 放弃, 遗弃, 擅离\nvi. 逃掉",,,cet4-core source:ecdict cet4 cet6 cet4-all family:deserted family:deserts family:deserting,2196
shall,ʃæl,aux.,aux. 将,,,cet4-core source:ecdict cet4-all,2197
error,'erә,n.,"n. 错误, 过失, 失误, 误差\n[计] 错误",,,cet4-core source:ecdict cet4 cet6 cet4-all family:errors,2198
double,'dʌbl,n.,"n. 两倍\na. 两倍的, 双重的\nvt. 使加倍\nvi. 加倍, 代替, 快步走\n[计] 双精度型",,,cet4-core source:ecdict cet4-all family:doubled family:doubling family:doubles,2202
spanish,'spæniʃ,n.,"n. 西班牙人, 西班牙语\na. 西班牙的",,,cet4-core source:ecdict cet4 cet6 cet4-all,2204
sand,sænd,n.,"n. 沙, 沙子, 沙滩, 光阴, 生涯\nvt. 撒沙, 以沙掩盖",,,cet4-core source:ecdict cet4 cet6 cet4-all family:sands family:sanding family:sanded,2205
print,print,n.,"n. 打印, 版, 印刷物, 痕迹, 印刷业, 印刷字体, 图片, 印花布, 印章\nv. 打印, 印刷, 铭记, 留印记于, 用印刷体写\n[计] DOS外部命令:在打印机上打印文件, 可一边打印文件一边执行其他工作",,,cet4-core source:ecdict cet4 cet4-all family:printed family:prints family:printing,2207
preserve,pri'zә:v,vt.,"vt. 保护, 保持, 保存, 维持, 腌, 禁猎\nvi. 加工食品, 禁猎\nn. 加工成的食品, 禁猎地, 保护区, 防护物",,,cet4-core source:ecdict cet4 cet6 cet4-all cet6-core family:preserved family:preserving family:preserves,2209
passage,'pæsidʒ,n.,"n. 通道, 通过, 移居, 航行, 一段, 走廊\nvi. 通过, 经过, 航行, 横渡, 争吵\nvt. (使)马以斜横步前进, 使传代",,,cet4-core source:ecdict cet4-all family:passages,2210
formal,'fɒ:mәl,adj.,"a. 正式的, 形式的, 礼仪的, 拘于礼节的, 拘谨的\nn. 正式的社交活动",,,cet4-core source:ecdict cet4 cet6 cet4-all cet6-core,2211
existence,ig'zistәns,n.,"n. 存在, 生存\n[法] 存在, 存在状态, 实体",,,cet4-core source:ecdict cet4 cet6 cet4-all cet6-core family:existences,2213
arrange,ә'reindʒ,v.,"v. 安排, 排列, 达成协议\n[计] 重排",,,cet4-core source:ecdict cet4 cet4-all cet6-core family:arranged family:arranging family:arranges,2216
atmosphere,'ætmәsfiә,n.,"n. 大气, 空气, 气氛\n[医] 大气; 大气压",,,cet4-core source:ecdict cet4 cet6 cet4-all cet6-core family:atmospheres,2217
joint,dʒɒint,n.,"n. 连接处, 接合, 关节\na. 共同的, 联合的, 连接的, 合办的\nvt. 连接, 接合, 使有接头\nvi. 贴合, 长节",,,cet4-core source:ecdict cet4 cet6 cet4-all family:joints family:jointed family:jointing,2218
reply,ri'plai,n.,"n. 答复, 回答, 答辩\nvi. 答复, 回答, 回击, 反响, 答辩\nvt. 回答\n[计] 答复",,,cet4-core source:ecdict cet4 cet6 cet4-all family:replied family:replies family:replying,2219
cycle,'saikl,n.,"n. 周期, 循环, 自行车, 一段时间, 整套\nvi. 循环, 轮转, 骑自行车\nvt. 使循环, 使轮转\n[计] 环路; 周期; 循环",,,cet4-core source:ecdict cet4 cet6 cet4-all cet6-core family:cycles family:cycling family:cycled,2220
lock,lɒk,n.,"n. 锁, 刹车, 水闸, 一缕头发\nvt. 锁, 锁上, 拘禁, 隐藏, (用锁等)拴住, 刹住\nvi. 锁住, (齿轮等)啮合, (船)过闸",,,cet4-core source:ecdict cet4 cet4-all family:locked family:locks family:locking,2221
opposite,'ɒpәzit,adj.,"a. 相对的, 相反的, 对面的\nprep. 对面\nn. 对立面",,,cet4-core source:ecdict cet4 cet6 cet4-all family:opposites,2222
deserve,di'zә:v,vt.,"vt. 该得到, 值得\nvi. 应得报答",,,cet4-core source:ecdict cet4 cet6 cet4-all cet6-core family:deserves family:deserved family:deserving,2224
consistent,kәn'sistәnt,adj.,"a. 一致的, 坚持的, 并立的, 坚固的",,,cet4-core source:ecdict cet4 cet6 cet4-all cet6-core,2225
resistance,ri'zistәns,n.,"n. 抵抗力, 反抗, 耐力, 阻力, 电阻\n[化] 抵抗; 抗性; 阻力; 抗药性; 电阻",,,cet4-core source:ecdict cet4 cet6 cet4-all family:resistances,2226
discovery,dis'kʌvәri,n.,"n. 发现, 被发现的事物\n[法] 要求告知, 发现, 发觉",,,cet4-core source:ecdict cet4 cet6 cet4-all family:discoveries,2227
exposure,ik'spәuʒә,n.,"n. 暴露, 揭发, 揭露\n[化] 曝光量; 照射; 照射量",,,cet4-core source:ecdict cet4 cet6 cet4-all family:exposures,2229
stream,stri:m,n.,"n. 水流, 小河, 流出, 趋势, 人潮\nvt. 流出, 流动, 展开\nvi. 流, 涌, 飘扬\n[计] 流",,,cet4-core source:ecdict cet4 cet6 cet4-all cet6-core family:streams family:streaming family:streamed,2231
sale,seil,n.,"n. 出售, 卖, 拍卖, 销售额, 廉价出售\n[经] 卖, 出售; 销售(货)",,,cet4-core source:ecdict cet4 cet6 cet4-all,2234
pot,pɒt,n.,"n. 盆, 罐, 壶, 坩埚, 奖杯\nvt. 装入盆中, 在锅中煮, 随手射击\nvi. 随手射击",,,cet4-core source:ecdict cet4 cet6 cet4-all family:pots family:potting family:potted,2235
mine,main,n.,"n. 矿, 矿藏, 地雷\nvt. 挖掘, 开采, 在...布雷, 破坏\nvi. 开矿, 埋设地雷\npron. 我的",,,cet4-core source:ecdict cet4-all family:mines family:mining family:mined,2236
grand,grænd,adj.,"a. 庄重的, 壮观的, 显赫的, 重大的, 最高的, 雄伟的, 宏大的, 豪华的, 傲慢的\n[法] 重大的, 主要的, 伟大的",,,cet4-core source:ecdict cet4 cet6 cet4-all family:grander family:grandest family:grands,2237
hello,hә'lәu,interj.,"interj. 喂, 嘿",,,cet4-core source:ecdict cet4-all family:hellos,2238
tale,teil,n.,"n. 故事, 谎言, 谣言, 陈述, 叙述\n[法] 虚语, 诽语, 谣言",,,cet4-core source:ecdict cet4 cet6 cet4-all family:tales,2239
knife,naif,n.,"n. 小刀, 匕首\nvt. 切割, 伤害, 切, 戳\nvi. 劈开, 穿过",,,cet4-core source:ecdict cet4-all family:knives family:knifed family:knifing family:knifes,2240
resolve,ri'zɒlv,vi.,"vi. 决定, 分解, 决心\nvt. 使分解, 解析, 解决, 消除, 决心\nn. 决定之事, 决心, 坚决",,,cet4-core source:ecdict cet4 cet6 cet4-all cet6-core family:resolved family:resolving family:resolves,2242
racial,'reiʃәl,adj.,"a. 人种的, 种族的\n[医] 种族的",,,cet4-core source:ecdict cet4 cet6 cet4-all cet6-core,2243
phase,feiz,n.,"n. 时期, 局面, 方面, 位相, 相, 阶段\nvt. 使调整相位, 使定相, 使一致, 逐步执行, 实行\n[计] 阶段",,,cet4-core source:ecdict cet4 cet6 cet4-all cet6-core family:phases family:phased family:phasing,2244
joke,dʒәuk,n.,"n. 笑话, 玩笑, 笑柄\nv. 开玩笑, 取笑, 作弄",,,cet4-core source:ecdict cet4 cet4-all family:jokes family:joking family:joked,2246
coat,kәut,n.,"n. 外套\nvt. 外面覆盖, 给...穿外套",,,cet4-core source:ecdict cet4 cet4-all family:coats family:coated family:coating,2247
manufacturer,.mænju'fæktʃәrә,n.,"n. 制造业者, 厂商\n[经] 制造人, 制造商, 制造厂",,,cet4-core source:ecdict cet4 cet6 cet4-all cet6-core family:manufacturers,2251
philosophy,fi'lɒsәfi,n.,"n. 哲学, 人生观, 哲学思想, 哲理, 基本原理, 见解, 达观, 沉着",,,cet4-core source:ecdict cet4 cet6 cet4-all family:philosophies,2252
potato,pә'teitәu,n.,n. 马铃薯,,,cet4-core source:ecdict cet4-all family:potatoes,2253
quote,kwәut,n.,"n. 引用\nvt. 引述, 举证, 报(价)\nvi. 引用",,,cet4-core source:ecdict cet4 cet6 cet4-all family:quoted family:quoting family:quotes,2255
foundation,faun'deiʃәn,n.,"n. 基础, 根据, 建立\n[化] 地基",,,cet4-core source:ecdict cet4 cet6 cet4-all family:foundations,2256
urge,ә:dʒ,n.,"n. 冲动, 推动力, 迫切的要求\nvt. 驱策, 力劝, 竭力主张, 推动\nvi. 强烈要求",,,cet4-core source:ecdict cet4 cet6 cet4-all cet6-core family:urged family:urging family:urges,2261
occasion,ә'keiʒәn,n.,"n. 场合, 时机, 机会, 诱因, 理由\nvt. 惹起, 引起",,,cet4-core source:ecdict cet4 cet6 cet4-all family:occasions family:occasioned family:occasioning,2262
dust,dʌst,n.,"n. 灰尘, 尘埃, 粉末, 花粉, 土, 骚乱\nvt. 拂去灰尘, 撒, 弄成粉末\nvi. 拂去灰尘, 化为粉末",,,cet4-core source:ecdict cet4 cet6 cet4-all family:dusting family:dusted family:dusts,2263
breathe,bri:ð,vi.,"vi. 呼吸, 生存, 低语\nvt. 呼吸, 使喘息, 发散, 低声说",,,cet4-core source:ecdict cet4 cet4-all family:breathing family:breathed family:breathes,2264
elect,i'lekt,n.,"n. 当选人, 被选的人\na. 被选的, 选出的\nvt. 选举, 选择\nvi. 作选择",,,cet4-core source:ecdict cet4 cet4-all family:elected family:electing family:elects,2265
jacket,'dʒækit,n.,"n. 夹克, 外套, 护套\nvt. 给...穿夹克, 给...装护套",,,cet4-core source:ecdict cet4 cet6 cet4-all family:jackets family:jacketing family:jacketed,2267
ordinary,'ɒ:dinәri,adj.,"a. 平常的, 普通的, 平凡的\nn. 平常的人(或事)",,,cet4-core source:ecdict cet4 cet6 cet4-all family:ordinaries,2268
glad,glæd,adj.,"a. 高兴的, 喜欢的, 情愿的",,,cet4-core source:ecdict cet4-all family:gladder,2269
reduction,ri'dʌkʃәn,n.,"n. 减少, 缩影, 变化\n[化] 还原",,,cet4-core source:ecdict cet4 cet6 cet4-all family:reductions,2270
rarely,'rєәli,adv.,"adv. 很少地, 罕有地",,,cet4-core source:ecdict cet4 cet6 cet4-all cet6-core,2271
pack,pæk,n.,"n. 包裹, 一伙, 一副, 背包, 包装\nvt. 包装, 捆扎, 塞满, 压紧, 挑选\nvi. 包装货物, 挤, 群集, 被包装\n[计] 压缩",,,cet4-core source:ecdict cet4 cet4-all family:packed family:packs family:packing,2273
numerous,'nju:mәrәs,adj.,"a. 很多的, 数目众多的, 多数的\n[机] 多数的, 甚多的",,,cet4-core source:ecdict cet4 cet6 cet4-all cet6-core,2275
substance,'sʌbstәns,n.,"n. 物质, 实质, 主旨, 资产, 本质, 牢固\n[化] 物质",,,cet4-core source:ecdict cet4 cet6 cet4-all cet6-core family:substances,2277
discipline,'disiplin,n.,"n. 训练, 纪律\nvt. 训练, 惩罚",,,cet4-core source:ecdict cet4 cet6 cet4-all cet6-core family:disciplines family:disciplined family:disciplining,2278
elsewhere,'elshwєә,adv.,adv. 在别处,,,cet4-core source:ecdict cet4 cet6 cet4-all,2279
iron,'aiәn,n.,"n. 铁, 熨斗, 铁器, 坚强, 烙铁, 镣铐\nvt. 烫平, 熨, 用铁包\nvi. 烫平",,,cet4-core source:ecdict cet4 cet6 cet4-all family:irons family:ironed family:ironing,2280
practical,'præktikl,adj.,"a. 实际的, 现实的, 实用性的\n[法] 事实上的, 实际上的, 接近...的",,,cet4-core source:ecdict cet4 cet6 cet4-all family:practicals,2281
moreover,mɒ:'әuvә,adv.,"adv. 而且, 此外",,,cet4-core source:ecdict cet4 cet6 cet4-all cet6-core,2282
passion,'pæʃәn,n.,"n. 激情, 酷爱, 热爱, 强烈感情, 耶稣受难(故事)",,,cet4-core source:ecdict cet4 cet6 cet4-all cet6-core family:passions,2283
sauce,sɒ:s,n.,"n. 酱油, 调味汁, 酱\nvt. 给...调味, 使增加趣味",,,cet4-core source:ecdict cet4 cet6 cet4-all family:sauces family:sauced family:saucing,2289
independence,.indi'pendәns,n.,"n. 独立, 自立, 自主\n[医] 自主性, 独立性",,,cet4-core source:ecdict cet4 cet6 cet4-all cet6-core,2291
priest,pri:st,n.,"n. 祭司, 牧师, 神父, 神质人员, 僧侣, 泰斗",,,cet4-core source:ecdict cet4 cet6 cet4-all cet6-core family:priests,2293
intense,in'tens,adj.,"a. 非常的, 强烈的, 紧张的, 热情的\n[医] 强的",,,cet4-core source:ecdict cet4 cet6 cet4-all cet6-core,2295
advance,әd'vɑ:ns,n.,"n. 前进, 进展, 行过的路程\nvi. 前进, 进展, 提高, 上涨\nvt. 使前进, 促进, 提出, 提高, 使提前, 预付\na. 前面的, 预先的",,,cet4-core source:ecdict cet4 cet6 cet4-all family:advances family:advanced family:advancing,2296
employer,im'plɒiә,n.,"n. 雇主, 老板\n[经] 雇主, 业主",,,cet4-core source:ecdict cet4 cet6 cet4-all family:employers,2297
shock,ʃɒk,n.,"n. 震动, 冲突, 震惊, 冲击, 突击, 禾束堆, 休克, 长毛狗\nvt. 使震动, 使休克, 使受电击, 震惊得\nvi. 震动, 吓人\na. 蓬乱浓密的",,,cet4-core source:ecdict cet4 cet6 cet4-all family:shocked family:shocks family:shocking,2298
inspire,in'spaiә,vt.,"vt. 使感动, 激发, 启示, 吸入, 鼓舞, 产生, 使生灵感\nvi. 吸入, 赋予灵感",,,cet4-core source:ecdict cet4 cet6 cet4-all cet6-core family:inspired family:inspires family:inspiring,2299
adjust,ә'dʒʌst,vt.,"vt. 调整, 使适应于, 校准\nvi. 适应于, 被调节, 相互熟悉而适应",,,cet4-core source:ecdict cet4 cet6 cet4-all cet6-core family:adjusted family:adjusting family:adjusts,2300
retire,ri'taiә,n.,"n. 隐居\nvi. 引退, 退役, 退休, 退去, 撤退, 退却\nvt. 使...撤退, 辞退",,,cet4-core source:ecdict cet4 cet6 cet4-all family:retired family:retiring family:retires,2301
kiss,kis,n.,n. 吻\nvt. 吻\nvi. 接吻,,,cet4-core source:ecdict cet4 cet4-all family:kissed family:kissing family:kisses,2302
illness,'ilnis,n.,"n. 疾病, 恶意\n[医] 病",,,cet4-core source:ecdict cet4 cet4-all family:illnesses,2303
visible,'vizәbl,adj.,"a. 看得见的, 明显的, 显然的\nn. 可见物",,,cet4-core source:ecdict cet4 cet6 cet4-all,2304
cap,kæp,n.,"n. 盖子, 帽子\nvt. 戴帽子, 覆盖, 胜过\nvi. 脱帽致意\n[计] 调用程序分析, 容量, 代码分析程序, 计算机辅助生产, 计算机辅助印刷",,,cet4-core source:ecdict cet4 cet6 cet4-all family:caps family:capped family:capping,2306
habit,'hæbit,n.,"n. 习惯, 嗜好, 习性\nvt. 使穿衣",,,cet4-core source:ecdict cet4 cet6 cet4-all family:habits family:habiting family:habited,2308
juice,dʒu:s,n.,"n. 汁, 活力, 体液\nvt. 挤出汁来, 加汁",,,cet4-core source:ecdict cet4-all family:juices,2310
previously,'pri:vju:sli,adv.,"adv. 先, 先前, 以前, 前, (非正式)过早, 过急, 在前, 在...以前, 在先\n[计] 先前地",,,cet4-core source:ecdict cet4 cet6 cet4-all,2313
whenever,hwen'evә,conj.,"conj. 每当\nadv. 不论何时, 每逢",,,cet4-core source:ecdict cet4 cet6 cet4-all,2314
transfer,træns'fә:,n.,"n. 迁移, 移动, 传递, 转让, 转移, 过户, 汇兑, 换车\nvt. 使转移, 调转, 调任, 改变, 传递, 转让\nvi. 转移, 转学, 转职, 换车\n[计] 传送",,,cet4-core source:ecdict cet4 cet6 cet4-all cet6-core family:transferred family:transfers family:transferring,2315
attach,ә'tætʃ,vt.,"vt. 附上, 使依附, 使附属, 使喜爱, 系, 缚\nvi. 附属, 归属, 联系在一起\n[计] 挂接服务器命令, 关联, 挂接, 附加",,,cet4-core source:ecdict cet4 cet6 cet4-all cet6-core family:attached family:attaching family:attaches,2320
disaster,di'zɑ:stә,n.,"n. 灾祸, 不幸, 彻底失败",,,cet4-core source:ecdict cet4 cet6 cet4-all cet6-core family:disasters,2321
prospect,'prɒspekt,n.,"n. 景色, 展望\nvt. 勘探, 勘察\nvi. 勘探, 有前途",,,cet4-core source:ecdict cet4 cet6 cet4-all cet6-core family:prospects family:prospecting family:prospected,2323
boss,bɒs,n.,"n. 老板, 上司, 岩瘤, 浮雕, 母牛\nvt. 指挥, 控制, 浮雕",,,cet4-core source:ecdict cet4 cet4-all family:bosses family:bossing family:bossed,2324
complaint,kәm'pleint,n.,"n. 诉苦, 抱怨, 控诉\n[医] 陈诉; 病",,,cet4-core source:ecdict cet4 cet6 cet4-all cet6-core family:complaints,2325
fundamental,.fʌndә'mentәl,n.,"n. 基本原理, 原则, 基波\na. 基本的, 重要的, 原音的",,,cet4-core source:ecdict cet4 cet6 cet4-all cet6-core family:fundamentals,2328
severe,si'viә,adj.,"a. 严格的, 尖锐的, 严肃的, 严重的, 严厉的, 朴素的\n[法] 严厉的, 苛刻的, 严重的",,,cet4-core source:ecdict cet4 cet6 cet4-all cet6-core family:severest family:severer,2330
mystery,'mistәri,n.,"n. 秘密, 神秘, 奥秘",,,cet4-core source:ecdict cet4 cet6 cet4-all family:mysteries,2332
poverty,'pɒvәti,n.,"n. 贫穷, 贫困, 缺乏\n[医] 贫乏, 缺乏",,,cet4-core source:ecdict cet4 cet6 cet4-all cet6-core,2333
impose,im'pәuz,vt.,"vt. 征(税), 把...强加于, 以...欺骗\nvi. 利用, 欺骗, 施加影响",,,cet4-core source:ecdict cet4 cet6 cet4-all cet6-core family:imposed family:imposes family:imposing,2334
entry,'entri,n.,"n. 登录, 条目, 进入, 入口, 报关\n[计] 登录项, 输入项, 条目",,,cet4-core source:ecdict cet4 cet6 cet4-all family:entries,2338
evaluate,i'væljueit,vt.,"vt. 评估, 评价, 赋值",,,cet4-core source:ecdict cet4 cet6 cet4-all cet6-core family:evaluated family:evaluating family:evaluates,2339
symbol,'simbl,n.,"n. 符号, 象征, 代号, 信条\n[计] 符号; 码元",,,cet4-core source:ecdict cet4 cet6 cet4-all cet6-core family:symbols,2340
mood,mu:d,n.,"n. 心情, 气氛, 生气, 基调\n[医] 心境",,,cet4-core source:ecdict cet4 cet6 cet4-all family:moods,2344
accomplish,ә'kʌmpliʃ,vt.,"vt. 完成, 达到, 实现, 使完美",,,cet4-core source:ecdict cet4 cet4-all cet6-core family:accomplished family:accomplishing family:accomplishes,2345
emphasis,'emfәsis,n.,"n. 强调, 加强, 重点, 强语气",,,cet4-core source:ecdict cet4 cet6 cet4-all cet6-core,2346
boot,bu:t,n.,"n. 长靴, 踢, 解雇, 效用\nvt. 使穿靴, 踢, 解雇, 有用\n[计] 引导, 自举",,,cet4-core source:ecdict cet4 cet4-all family:boots family:booted family:booting,2347
illustrate,'ilәstreit,vt.,"vt. 举例说明, 作图解, 阐明\nvi. 举例说明",,,cet4-core source:ecdict cet4 cet6 cet4-all cet6-core family:illustrated family:illustrates family:illustrating,2348
monitor,'mɒnitә,n.,"n. 监督器, 级长, 监听员, 班长, 监视器, 告诫物\nv. 监视, 监听, 监督\n[计] 监视器, 监视程序; 监视",,,cet4-core source:ecdict cet4 cet6 cet4-all cet6-core family:monitored family:monitoring family:monitors,2349
asian,'eiʃәn,n.,"n. 亚洲人\na. 亚洲的, 亚洲人的",,,cet4-core source:ecdict cet4-all family:asians,2351
bean,bi:n,n.,n. 豆子\n[化] 油嘴; 豆,,,cet4-core source:ecdict cet4 cet6 cet4-all family:beans,2352
creature,'kri:tʃә,n.,"n. 人, 动物, 创造物, 生物",,,cet4-core source:ecdict cet4 cet6 cet4-all family:creatures,2353
commander,kә'mɑ:ndә,n.,"n. 司令官, 指挥官",,,cet4-core source:ecdict cet4 cet6 cet4-all family:commanders,2355
