spelling,phonetic,part_of_speech,definition_cn,example_en,example_cn,tags,frequency_rank
the,ðә,art.,这个、这些,,,kaoyan-shared english-i english-ii source:netem-2024 category:抽象概念 category:基础功能词,1
be,bi:,v.,是、存在,,,kaoyan-shared english-i english-ii source:netem-2024 category:动作行为 category:起始与终止,2
a,ei,art.,一、每一,,,kaoyan-shared english-i english-ii source:netem-2024 category:抽象概念 category:基础功能词,3
to,tu:,prep.,目的、终点,,,kaoyan-shared english-i english-ii source:netem-2024 category:空间地点,4
of,ɒv,prep.,的,,,kaoyan-shared english-i english-ii source:netem-2024 category:抽象概念 category:基础功能词,5
and,ænd,conj.,和,,,kaoyan-shared english-i english-ii source:netem-2024 category:抽象概念 category:逻辑与关系,6
in,in,prep.,在…内,,,kaoyan-shared english-i english-ii source:netem-2024 category:空间地点,7
have,hæv,vt.,有,,,kaoyan-shared english-i english-ii source:netem-2024 category:动作行为 category:身体动作,8
that,ðæt,adj.,那,,,kaoyan-shared english-i english-ii source:netem-2024 category:抽象概念 category:基础功能词,9
it,it,pron.,它,,,kaoyan-shared english-i english-ii source:netem-2024 category:抽象概念 category:基础功能词,10
for,fɒ:,prep.,为了…、因为…,,,kaoyan-shared english-i english-ii source:netem-2024 category:抽象概念 category:逻辑与关系,11
on,ɒn,prep.,在…上、持续,,,kaoyan-shared english-i english-ii source:netem-2024 category:空间地点,12
they,ðei,pron.,他们,,,kaoyan-shared english-i english-ii source:netem-2024 category:人类与社会,13
you,ju:,pron.,你,,,kaoyan-shared english-i english-ii source:netem-2024 category:人类与社会,14
with,wið,prep.,伴随,,,kaoyan-shared english-i english-ii source:netem-2024 category:空间地点,15
as,æz,adv.,作为、既然、随着、就像,,,kaoyan-shared english-i english-ii source:netem-2024 category:抽象概念 category:逻辑与关系,16
their,ðєә,pron.,他们的,,,kaoyan-shared english-i english-ii source:netem-2024 category:人类与社会,17
by,bai,prep.,方式、到…为止,,,kaoyan-shared english-i english-ii source:netem-2024 category:空间地点,18
not,nɒt,adv.,不、没有,,,kaoyan-shared english-i english-ii source:netem-2024 category:抽象概念 category:逻辑与关系,19
he,hi:,pron.,他,,,kaoyan-shared english-i english-ii source:netem-2024 category:人类与社会,20
from,frɒm,prep.,从…、起点,,,kaoyan-shared english-i english-ii source:netem-2024 category:空间地点,21
at,æt,prep.,在…位置,,,kaoyan-shared english-i english-ii source:netem-2024 category:空间地点,22
will,wil,n.,将、会,,,kaoyan-shared english-i english-ii source:netem-2024 category:动作行为 category:身体动作,23
more,mɒ:,n.,更多的,,,kaoyan-shared english-i english-ii source:netem-2024 category:抽象概念 category:数量与程度,24
do,du:,v.,做,,,kaoyan-shared english-i english-ii source:netem-2024 category:动作行为 category:变化趋势,25
we,wi:,pron.,我们,,,kaoyan-shared english-i english-ii source:netem-2024 category:人类与社会,26
passage,'pæsidʒ,n.,段落、通道,,,kaoyan-shared english-i english-ii source:netem-2024 category:空间地点,27
this,θis,pron.,这,,,kaoyan-shared english-i english-ii source:netem-2024 category:抽象概念 category:基础功能词,28
or,ɒ:,conj.,或者、否则,,,kaoyan-shared english-i english-ii source:netem-2024 category:抽象概念 category:逻辑与关系,29
can,kæn,vt.,能,,,kaoyan-shared english-i english-ii source:netem-2024 category:动作行为 category:身体动作,30
i,ai,pron.,我,,,kaoyan-shared english-i english-ii source:netem-2024 category:人类与社会,31
one,wʌn,n.,一个,,,kaoyan-shared english-i english-ii source:netem-2024 category:抽象概念 category:数量与程度,32
but,bʌt,prep.,但是,,,kaoyan-shared english-i english-ii source:netem-2024 category:抽象概念 category:逻辑与关系,33
question,'kwestʃәn,n.,问题,,,kaoyan-shared english-i english-ii source:netem-2024 category:动作行为 category:心理活动,34
people,'pi:pl,n.,人民、民族,,,kaoyan-shared english-i english-ii source:netem-2024 category:人类与社会,35
what,hwɒt,pron.,什么,,,kaoyan-shared english-i english-ii source:netem-2024 category:抽象概念 category:基础功能词,36
there,ðєә,adv.,那里,,,kaoyan-shared english-i english-ii source:netem-2024 category:空间地点,37
well,wel,n.,好、井、涌出,,,kaoyan-shared english-i english-ii source:netem-2024 category:抽象概念 category:数量与程度,38
about,ә'baut,prep.,关于,,,kaoyan-shared english-i english-ii source:netem-2024 category:空间地点,39
answer,'ɑ:nsә,n.,回答,,,kaoyan-shared english-i english-ii source:netem-2024 category:动作行为 category:社交交互,40
make,meik,vt.,制作、使得,,,kaoyan-shared english-i english-ii source:netem-2024 category:动作行为 category:使动与影响,41
than,ðæn,conj.,比,,,kaoyan-shared english-i english-ii source:netem-2024 category:抽象概念 category:逻辑与关系,42
his,hiz,pron.,他的,,,kaoyan-shared english-i english-ii source:netem-2024 category:人类与社会,43
time,taim,n.,时间,,,kaoyan-shared english-i english-ii source:netem-2024 category:时间日期,44
say,sei,vt.,说、说明,,,kaoyan-shared english-i english-ii source:netem-2024 category:动作行为 category:心理活动,45
work,wә:k,n.,工作,,,kaoyan-shared english-i english-ii source:netem-2024 category:动作行为 category:身体动作,46
which,hwitʃ,pron.,哪个、什么样的,,,kaoyan-shared english-i english-ii source:netem-2024 category:抽象概念 category:基础功能词,47
when,hwen,conj.,当,,,kaoyan-shared english-i english-ii source:netem-2024 category:时间日期,48
should,ʃud,aux.,应该,,,kaoyan-shared english-i english-ii source:netem-2024 category:动作行为 category:其他动作,49
part,pɑ:t,n.,部分,,,kaoyan-shared english-i english-ii source:netem-2024 category:人类与社会,50
your,juә,pron.,你的,,,kaoyan-shared english-i english-ii source:netem-2024 category:人类与社会,51
use,ju:s,n.,使用,,,kaoyan-shared english-i english-ii source:netem-2024 category:动作行为 category:使动与影响,52
all,ɒ:l,adj.,一切,,,kaoyan-shared english-i english-ii source:netem-2024 category:抽象概念 category:数量与程度,53
follow,'fɒlәu,vt.,跟随,,,kaoyan-shared english-i english-ii source:netem-2024 category:动作行为 category:心理活动,54
she,ʃi:,pron.,她,,,kaoyan-shared english-i english-ii source:netem-2024 category:人类与社会,55
who,hu:,pron.,谁,,,kaoyan-shared english-i english-ii source:netem-2024 category:人类与社会,56
each,i:tʃ,adj.,每个,,,kaoyan-shared english-i english-ii source:netem-2024 category:抽象概念 category:数量与程度,57
some,sʌm,pron.,一些,,,kaoyan-shared english-i english-ii source:netem-2024 category:抽象概念 category:数量与程度,58
other,'ʌðә,adj.,其他,,,kaoyan-shared english-i english-ii source:netem-2024 category:抽象概念 category:性质与评价,59
if,if,conj.,如果、是否,,,kaoyan-shared english-i english-ii source:netem-2024 category:抽象概念 category:逻辑与关系,60
year,jiә,n.,年,,,kaoyan-shared english-i english-ii source:netem-2024 category:时间日期,61
write,rait,vt.,写,,,kaoyan-shared english-i english-ii source:netem-2024 category:动作行为 category:身体动作,62
new,nju:,adj.,新的,,,kaoyan-shared english-i english-ii source:netem-2024 category:抽象概念 category:性质与评价,63
section,'sekʃәn,n.,部分、地段,,,kaoyan-shared english-i english-ii source:netem-2024 category:教育学习,64
its,its,pron.,它的,,,kaoyan-shared english-i english-ii source:netem-2024 category:抽象概念 category:基础功能词,65
word,wә:d,n.,说话、单词,,,kaoyan-shared english-i english-ii source:netem-2024 category:教育学习,66
mark,mɑ:k,n.,标记,,,kaoyan-shared english-i english-ii source:netem-2024 category:动作行为 category:身体动作,67
may,mei,n.,可能、祝；五月,,,kaoyan-shared english-i english-ii source:netem-2024 category:抽象概念 category:时间日期 category:基础功能词,68
take,teik,vt.,拿走、携带,,,kaoyan-shared english-i english-ii source:netem-2024 category:动作行为 category:身体动作,69
many,'meni,n.,很多,,,kaoyan-shared english-i english-ii source:netem-2024 category:抽象概念 category:数量与程度,70
most,mәust,n.,最多的、大多数的,,,kaoyan-shared english-i english-ii source:netem-2024 category:抽象概念 category:数量与程度,71
read,ri:d,v.,读,,,kaoyan-shared english-i english-ii source:netem-2024 category:动作行为 category:心理活动,72
up,ʌp,adj.,在...上、完成,,,kaoyan-shared english-i english-ii source:netem-2024 category:空间地点,73
her,hә:,pron.,她的,,,kaoyan-shared english-i english-ii source:netem-2024 category:人类与社会,74
only,'әunli,adj.,仅仅,,,kaoyan-shared english-i english-ii source:netem-2024 category:抽象概念 category:数量与程度,75
would,wud,aux.,愿意,,,kaoyan-shared english-i english-ii source:netem-2024 category:动作行为 category:其他动作,76
go,gou,vi.,去,,,kaoyan-shared english-i english-ii source:netem-2024 category:动作行为 category:身体动作,77
hear,hiә,vt.,听到,,,kaoyan-shared english-i english-ii source:netem-2024 category:动作行为 category:身体动作,78
give,giv,n.,给,,,kaoyan-shared english-i english-ii source:netem-2024 category:动作行为 category:使动与影响,79
base,beis,n.,基础、基地,,,kaoyan-shared english-i english-ii source:netem-2024 category:空间地点,80
no,nәu,n.,否定,,,kaoyan-shared english-i english-ii source:netem-2024 category:抽象概念 category:数量与程度,81
so,sәu,adv.,因此,,,kaoyan-shared english-i english-ii source:netem-2024 category:抽象概念 category:逻辑与关系,82
get,get,vt.,得到,,,kaoyan-shared english-i english-ii source:netem-2024 category:动作行为 category:使动与影响,83
two,tu:,num.,二,,,kaoyan-shared english-i english-ii source:netem-2024 category:时间日期,84
student,'stju:dnt,n.,学生,,,kaoyan-shared english-i english-ii source:netem-2024 category:教育学习,85
our,'auә,pron.,我们的,,,kaoyan-shared english-i english-ii source:netem-2024 category:人类与社会,86
out,aut,adj.,出去、外面,,,kaoyan-shared english-i english-ii source:netem-2024 category:空间地点,87
just,dʒʌst,adj.,只、仅仅,,,kaoyan-shared english-i english-ii source:netem-2024 category:抽象概念 category:逻辑与关系,88
child,tʃaild,n.,孩子,,,kaoyan-shared english-i english-ii source:netem-2024 category:人类与社会,89
how,hau,adv.,如何,,,kaoyan-shared english-i english-ii source:netem-2024 category:抽象概念 category:逻辑与关系,90
find,faind,vt.,发现,,,kaoyan-shared english-i english-ii source:netem-2024 category:动作行为 category:评价与判断,91
way,wei,n.,方式,,,kaoyan-shared english-i english-ii source:netem-2024 category:空间地点,92
into,'intu:,prep.,进入内部,,,kaoyan-shared english-i english-ii source:netem-2024 category:空间地点,93
because,bi'kɒ:z,conj.,因为,,,kaoyan-shared english-i english-ii source:netem-2024 category:抽象概念 category:逻辑与关系,94
sheet,ʃi:t,n.,被单、（一）张、纸,,,kaoyan-shared english-i english-ii source:netem-2024 category:日常生活,95
man,mæn,n.,男人,,,kaoyan-shared english-i english-ii source:netem-2024 category:人类与社会,96
like,laik,adj.,喜欢、像,,,kaoyan-shared english-i english-ii source:netem-2024 category:动作行为 category:其他动作,97
through,θru:,adv.,通过、穿过,,,kaoyan-shared english-i english-ii source:netem-2024 category:空间地点,98
woman,'wumәn,n.,女人,,,kaoyan-shared english-i english-ii source:netem-2024 category:人类与社会,99
school,sku:l,n.,学校,,,kaoyan-shared english-i english-ii source:netem-2024 category:教育学习,100
think,θiŋk,vt.,认为,,,kaoyan-shared english-i english-ii source:netem-2024 category:动作行为 category:心理活动,101
world,wә:ld,n.,世界,,,kaoyan-shared english-i english-ii source:netem-2024 category:自然环境,102
choice,tʃɒis,n.,选择,,,kaoyan-shared english-i english-ii source:netem-2024 category:抽象概念 category:认知与抽象名词,103
change,tʃeindʒ,n.,改变,,,kaoyan-shared english-i english-ii source:netem-2024 category:动作行为 category:变化趋势,104
direction,di'rekʃәn,n.,方向、指令,,,kaoyan-shared english-i english-ii source:netem-2024 category:空间地点,105
much,mʌtʃ,n.,许多的、非常,,,kaoyan-shared english-i english-ii source:netem-2024 category:抽象概念 category:数量与程度,106
life,laif,n.,生命、人生,,,kaoyan-shared english-i english-ii source:netem-2024 category:人类与社会,107
long,lɒŋ,adj.,长,,,kaoyan-shared english-i english-ii source:netem-2024 category:抽象概念 category:数量与程度,108
study,'stʌdi,n.,学习,,,kaoyan-shared english-i english-ii source:netem-2024 category:教育学习,109
need,ni:d,n.,需要,,,kaoyan-shared english-i english-ii source:netem-2024 category:动作行为 category:其他动作,110
first,fә:st,adv.,第一,,,kaoyan-shared english-i english-ii source:netem-2024 category:抽象概念 category:数量与程度,111
help,help,n.,帮助,,,kaoyan-shared english-i english-ii source:netem-2024 category:动作行为 category:身体动作,112
four,fɒ:,num.,四,,,kaoyan-shared english-i english-ii source:netem-2024 category:时间日期,113
job,dʒɒb,n.,工作,,,kaoyan-shared english-i english-ii source:netem-2024 category:职业工作,114
learn,lә:n,vt.,学习、了解,,,kaoyan-shared english-i english-ii source:netem-2024 category:动作行为 category:身体动作,115
high,hai,n.,高的、高,,,kaoyan-shared english-i english-ii source:netem-2024 category:抽象概念 category:性质与评价,116
now,nau,adv.,现在,,,kaoyan-shared english-i english-ii source:netem-2024 category:时间日期,117
good,gud,n.,好的、货物,,,kaoyan-shared english-i english-ii source:netem-2024 category:抽象概念 category:性质与评价,118
over,'әuvә,adv.,在…上方、结束,,,kaoyan-shared english-i english-ii source:netem-2024 category:空间地点,119
then,ðen,adv.,然后,,,kaoyan-shared english-i english-ii source:netem-2024 category:时间日期,120
minute,'minit. mai'nju:t,n.,分钟、微小的,,,kaoyan-shared english-i english-ii source:netem-2024 category:时间日期,121
after,'ɑ:ftә,prep.,在…之后,,,kaoyan-shared english-i english-ii source:netem-2024 category:时间日期,122
live,liv.laiv,adj.,住、生活,,,kaoyan-shared english-i english-ii source:netem-2024 category:动作行为 category:其他动作,123
know,nәu,v.,知道,,,kaoyan-shared english-i english-ii source:netem-2024 category:动作行为 category:心理活动,124
line,lain,n.,排队、线,,,kaoyan-shared english-i english-ii source:netem-2024 category:空间地点,125
these,ði:z,pron.,这些、这些人,,,kaoyan-shared english-i english-ii source:netem-2024 category:抽象概念 category:基础功能词,126
become,bi'kʌm,vi.,成为、适宜,,,kaoyan-shared english-i english-ii source:netem-2024 category:动作行为 category:起始与终止,127
author,'ɒ:θә,n.,作者,,,kaoyan-shared english-i english-ii source:netem-2024 category:职业工作,128
could,kud,aux.,能够,,,kaoyan-shared english-i english-ii source:netem-2024 category:动作行为 category:评价与判断,129
even,'i:vәn,adj.,甚至,,,kaoyan-shared english-i english-ii source:netem-2024 category:抽象概念 category:逻辑与关系,130
also,'ɒ:lsәu,adv.,也,,,kaoyan-shared english-i english-ii source:netem-2024 category:抽象概念 category:逻辑与关系,131
come,kʌm,vi.,来,,,kaoyan-shared english-i english-ii source:netem-2024 category:动作行为 category:变化趋势,132
such,sʌtʃ,adj.,这样的,,,kaoyan-shared english-i english-ii source:netem-2024 category:抽象概念 category:性质与评价,133
mean,mi:n,adj.,意思是、意味着,,,kaoyan-shared english-i english-ii source:netem-2024 category:动作行为 category:身体动作,134
letter,'letә,n.,信件,,,kaoyan-shared english-i english-ii source:netem-2024 category:教育学习,135
see,si:,vt.,看,,,kaoyan-shared english-i english-ii source:netem-2024 category:动作行为 category:身体动作,136
three,θri:,num.,三,,,kaoyan-shared english-i english-ii source:netem-2024 category:时间日期,137
those,ðәuz,pron.,那些,,,kaoyan-shared english-i english-ii source:netem-2024 category:抽象概念 category:基础功能词,138
end,end,n.,结束,,,kaoyan-shared english-i english-ii source:netem-2024 category:时间日期,139
once,wʌns,adv.,曾经、一次,,,kaoyan-shared english-i english-ii source:netem-2024 category:时间日期,140
company,'kʌmpәni,n.,公司、陪伴,,,kaoyan-shared english-i english-ii source:netem-2024 category:商业经济,141
conversation,.kɒnvә'seiʃәn,n.,对话,,,kaoyan-shared english-i english-ii source:netem-2024 category:情感心理,142
problem,'prɒblәm,n.,问题,,,kaoyan-shared english-i english-ii source:netem-2024 category:教育学习,143
university,.ju:ni'vә:siti,n.,大学,,,kaoyan-shared english-i english-ii source:netem-2024 category:教育学习,144
human,'hju:mәn,n.,人,,,kaoyan-shared english-i english-ii source:netem-2024 category:人类与社会,145
state,steit,n.,陈述、状态,,,kaoyan-shared english-i english-ii source:netem-2024 category:空间地点,146
want,wɒnt,n.,想要,,,kaoyan-shared english-i english-ii source:netem-2024 category:动作行为 category:身体动作,147
must,mʌst,n.,必须,,,kaoyan-shared english-i english-ii source:netem-2024 category:动作行为 category:其他动作,148
food,fu:d,n.,食物,,,kaoyan-shared english-i english-ii source:netem-2024 category:食物营养,149
country,'kʌntri,n.,国家,,,kaoyan-shared english-i english-ii source:netem-2024 category:空间地点,150
choose,tʃu:z,vt.,选择,,,kaoyan-shared english-i english-ii source:netem-2024 category:动作行为 category:评价与判断,151
any,'eni,adj.,任何,,,kaoyan-shared english-i english-ii source:netem-2024 category:抽象概念 category:数量与程度,152
my,mai,pron.,我的,,,kaoyan-shared english-i english-ii source:netem-2024 category:人类与社会,153
day,dei,n.,日子,,,kaoyan-shared english-i english-ii source:netem-2024 category:时间日期,154
less,les,n.,更少,,,kaoyan-shared english-i english-ii source:netem-2024 category:抽象概念 category:数量与程度,155
accord,ә'kɒ:d,n.,协议、符合,,,kaoyan-shared english-i english-ii source:netem-2024 category:情感心理,156
show,ʃәu,n.,展示、展现,,,kaoyan-shared english-i english-ii source:netem-2024 category:动作行为 category:其他动作,157
both,bәuθ,adj.,两者,,,kaoyan-shared english-i english-ii source:netem-2024 category:抽象概念 category:数量与程度,158
social,'sәuʃәl,adj.,社会的、交际的,,,kaoyan-shared english-i english-ii source:netem-2024 category:人类与社会,159
very,'veri,adj.,非常,,,kaoyan-shared english-i english-ii source:netem-2024 category:抽象概念 category:数量与程度,160
great,greit,adj.,巨大的,,,kaoyan-shared english-i english-ii source:netem-2024 category:抽象概念 category:数量与程度,161
thing,θiŋ,n.,事情,,,kaoyan-shared english-i english-ii source:netem-2024 category:抽象概念 category:认知与抽象名词,162
information,.infә'meiʃәn,n.,信息,,,kaoyan-shared english-i english-ii source:netem-2024 category:科学技术,163
look,luk,n.,看,,,kaoyan-shared english-i english-ii source:netem-2024 category:动作行为 category:身体动作,164
too,tu:,adv.,太…、也,,,kaoyan-shared english-i english-ii source:netem-2024 category:抽象概念 category:数量与程度,165
business,'biznis,n.,商业,,,kaoyan-shared english-i english-ii source:netem-2024 category:商业经济,166
between,bi'twi:n,prep.,在…之间,,,kaoyan-shared english-i english-ii source:netem-2024 category:空间地点,167
research,ri'sә:tʃ,n.,研究,,,kaoyan-shared english-i english-ii source:netem-2024 category:动作行为 category:其他动作,168
before,bi'fɒ:,prep.,在…之前,,,kaoyan-shared english-i english-ii source:netem-2024 category:时间日期,169
number,'nʌmbә,n.,数字,,,kaoyan-shared english-i english-ii source:netem-2024 category:商业经济,170
single,'siŋgl,adj.,单一的,,,kaoyan-shared english-i english-ii source:netem-2024 category:抽象概念 category:性质与评价,171
own,әun,n.,拥有,,,kaoyan-shared english-i english-ii source:netem-2024 category:动作行为 category:占有与转移,172
feel,fi:l,vt.,感觉,,,kaoyan-shared english-i english-ii source:netem-2024 category:动作行为 category:身体动作,173
family,'fæmәli,n.,家庭,,,kaoyan-shared english-i english-ii source:netem-2024 category:人类与社会,174
often,'ɒ:fn,adv.,经常,,,kaoyan-shared english-i english-ii source:netem-2024 category:时间日期,175
old,әuld,n.,老的,,,kaoyan-shared english-i english-ii source:netem-2024 category:时间日期,176
parent,'perәnt,n.,父母,,,kaoyan-shared english-i english-ii source:netem-2024 category:人类与社会,177
increase,in'kri:s,n.,增加,,,kaoyan-shared english-i english-ii source:netem-2024 category:动作行为 category:变化趋势,178
paragraph,'pærәgrɑ:f,n.,段落,,,kaoyan-shared english-i english-ii source:netem-2024 category:教育学习,179
provide,prә'vaid,vt.,提供,,,kaoyan-shared english-i english-ii source:netem-2024 category:动作行为 category:身体动作,180
few,fju:,adj.,很少,,,kaoyan-shared english-i english-ii source:netem-2024 category:抽象概念 category:数量与程度,181
home,hәum,n.,家,,,kaoyan-shared english-i english-ii source:netem-2024 category:日常生活,182
while,hwail,n.,当…时、而、尽管,,,kaoyan-shared english-i english-ii source:netem-2024 category:时间日期,183
different,'difәrәnt,adj.,不同的,,,kaoyan-shared english-i english-ii source:netem-2024 category:抽象概念 category:性质与评价,184
point,pɒint,n.,点、指,,,kaoyan-shared english-i english-ii source:netem-2024 category:动作行为 category:其他动作,185
last,lɑ:st,adj.,最后的、持续,,,kaoyan-shared english-i english-ii source:netem-2024 category:时间日期,186
text,tekst,n.,文本,,,kaoyan-shared english-i english-ii source:netem-2024 category:教育学习,187
correspond,.kɒri'spɒnd,vi.,相符合、相当,,,kaoyan-shared english-i english-ii source:netem-2024 category:动作行为 category:其他动作,188
education,.edju'keiʃәn,n.,教育,,,kaoyan-shared english-i english-ii source:netem-2024 category:教育学习,189
place,pleis,n.,放置、地点,,,kaoyan-shared english-i english-ii source:netem-2024 category:空间地点,190
pay,pei,n.,支付,,,kaoyan-shared english-i english-ii source:netem-2024 category:动作行为 category:心理活动,191
language,'læŋgwidʒ,n.,语言、风格,,,kaoyan-shared english-i english-ii source:netem-2024 category:文化宗教,192
still,stil,n.,仍然,,,kaoyan-shared english-i english-ii source:netem-2024 category:时间日期,193
keep,ki:p,n.,保持,,,kaoyan-shared english-i english-ii source:netem-2024 category:动作行为 category:身体动作,194
where,hwєә,adv.,哪里,,,kaoyan-shared english-i english-ii source:netem-2024 category:空间地点,195
book,buk,n.,预定、书籍,,,kaoyan-shared english-i english-ii source:netem-2024 category:教育学习,196
government,'gʌvәnmәnt,n.,政府,,,kaoyan-shared english-i english-ii source:netem-2024 category:政治法律,197
college,'kɒlidʒ,n.,大学,,,kaoyan-shared english-i english-ii source:netem-2024 category:教育学习,198
second,'sekәnd,n.,第二的、次等的,,,kaoyan-shared english-i english-ii source:netem-2024 category:时间日期,199
listen,'lisn,vi.,听,,,kaoyan-shared english-i english-ii source:netem-2024 category:动作行为 category:身体动作,200
why,hwai,adv.,为什么,,,kaoyan-shared english-i english-ii source:netem-2024 category:抽象概念 category:逻辑与关系,201
system,'sistәm,n.,系统,,,kaoyan-shared english-i english-ii source:netem-2024 category:科学技术,202
put,put,vt.,放,,,kaoyan-shared english-i english-ii source:netem-2024 category:动作行为 category:身体动作,203
blank,blæŋk,n.,空白的、失色的,,,kaoyan-shared english-i english-ii source:netem-2024 category:抽象概念 category:性质与评价,204
might,mait,n.,可能,,,kaoyan-shared english-i english-ii source:netem-2024 category:动作行为 category:其他动作,205
result,ri'zʌlt,n.,结果,,,kaoyan-shared english-i english-ii source:netem-2024 category:动作行为 category:使动与影响,206
try,trai,n.,尝试,,,kaoyan-shared english-i english-ii source:netem-2024 category:动作行为 category:身体动作,207
money,'mʌni,n.,钱,,,kaoyan-shared english-i english-ii source:netem-2024 category:商业经济,208
ask,ɑ:sk,vi.,问,,,kaoyan-shared english-i english-ii source:netem-2024 category:动作行为 category:社交交互,209
seem,si:m,vi.,似乎,,,kaoyan-shared english-i english-ii source:netem-2024 category:动作行为 category:其他动作,210
speak,spi:k,vi.,说,,,kaoyan-shared english-i english-ii source:netem-2024 category:动作行为 category:身体动作,211
news,nju:z,n.,新闻,,,kaoyan-shared english-i english-ii source:netem-2024 category:文化宗教,212
example,ig'zæmpl,n.,例子,,,kaoyan-shared english-i english-ii source:netem-2024 category:教育学习,213
same,seim,adj.,同样的,,,kaoyan-shared english-i english-ii source:netem-2024 category:抽象概念 category:性质与评价,214
important,im'pɒ:tәnt,adj.,重要的,,,kaoyan-shared english-i english-ii source:netem-2024 category:抽象概念 category:性质与评价,215
right,rait,n.,正确的、权利,,,kaoyan-shared english-i english-ii source:netem-2024 category:抽象概念 category:性质与评价,216
report,ri'pɒ:t,n.,报告,,,kaoyan-shared english-i english-ii source:netem-2024 category:动作行为 category:社交交互,217
believe,bi'li:v,v.,相信,,,kaoyan-shared english-i english-ii source:netem-2024 category:动作行为 category:心理活动,218
computer,kәm'pju:tә,n.,电脑,,,kaoyan-shared english-i english-ii source:netem-2024 category:科学技术,219
public,'pʌblik,n.,公众的,,,kaoyan-shared english-i english-ii source:netem-2024 category:政治法律,220
health,'helθ,n.,健康,,,kaoyan-shared english-i english-ii source:netem-2024 category:健康医疗,221
far,fɑ:,adj.,远的,,,kaoyan-shared english-i english-ii source:netem-2024 category:空间地点,222
young,jʌŋ,adj.,年轻的,,,kaoyan-shared english-i english-ii source:netem-2024 category:人类与社会,223
large,lɑ:dʒ,adj.,大的,,,kaoyan-shared english-i english-ii source:netem-2024 category:抽象概念 category:数量与程度,224
call,kɒ:l,n.,打电话,,,kaoyan-shared english-i english-ii source:netem-2024 category:动作行为 category:身体动作,225
city,'siti,n.,城市,,,kaoyan-shared english-i english-ii source:netem-2024 category:空间地点,226
develop,di'velәp,vt.,发展,,,kaoyan-shared english-i english-ii source:netem-2024 category:动作行为 category:变化趋势,227
start,stɑ:t,n.,开始,,,kaoyan-shared english-i english-ii source:netem-2024 category:动作行为 category:身体动作,228
another,ә'nʌðә,adj.,另一个,,,kaoyan-shared english-i english-ii source:netem-2024 category:抽象概念 category:数量与程度,229
centre,'sentә,n.,中心、中央,,,kaoyan-shared english-i english-ii source:netem-2024 category:空间地点,230
idea,ai'diә,n.,想法,,,kaoyan-shared english-i english-ii source:netem-2024 category:抽象概念 category:认知与抽象名词,231
during,'djuәriŋ,prep.,在…期间,,,kaoyan-shared english-i english-ii source:netem-2024 category:时间日期,232
science,'saiәns,n.,科学,,,kaoyan-shared english-i english-ii source:netem-2024 category:科学技术,233
allow,ә'lau,vt.,允许,,,kaoyan-shared english-i english-ii source:netem-2024 category:动作行为 category:心理活动,234
age,eidʒ,n.,年龄,,,kaoyan-shared english-i english-ii source:netem-2024 category:时间日期,235
leave,li:v,n.,离开,,,kaoyan-shared english-i english-ii source:netem-2024 category:动作行为 category:身体动作,236
every,'evri,adj.,每个,,,kaoyan-shared english-i english-ii source:netem-2024 category:抽象概念 category:数量与程度,237
talk,tɒ:k,n.,说,,,kaoyan-shared english-i english-ii source:netem-2024 category:动作行为 category:社交交互,238
require,ri'kwaiә,vt.,需要、要求,,,kaoyan-shared english-i english-ii source:netem-2024 category:动作行为 category:社交交互,239
car,kɑ:,n.,车,,,kaoyan-shared english-i english-ii source:netem-2024 category:交通旅行,240
statement,'steitmәnt,n.,声明,,,kaoyan-shared english-i english-ii source:netem-2024 category:抽象概念 category:认知与抽象名词,241
society,sә'saiәti,n.,社会,,,kaoyan-shared english-i english-ii source:netem-2024 category:人类与社会,242
short,ʃɒ:t,adj.,短,,,kaoyan-shared english-i english-ii source:netem-2024 category:抽象概念 category:性质与评价,243
cause,kɒ:z,n.,造成,,,kaoyan-shared english-i english-ii source:netem-2024 category:动作行为 category:使动与影响,244
down,daun,adj.,在…下面、情绪低落,,,kaoyan-shared english-i english-ii source:netem-2024 category:空间地点,245
technology,tek'nɒlәdʒi,n.,技术、工艺,,,kaoyan-shared english-i english-ii source:netem-2024 category:科学技术,246
grow,grәu,vt.,成长、增长,,,kaoyan-shared english-i english-ii source:netem-2024 category:动作行为 category:变化趋势,247
sentence,'sentәns,n.,句子、判决,,,kaoyan-shared english-i english-ii source:netem-2024 category:动作行为 category:其他动作,248
without,wi'ðaut,prep.,没有,,,kaoyan-shared english-i english-ii source:netem-2024 category:空间地点,249
hour,auә,n.,小时,,,kaoyan-shared english-i english-ii source:netem-2024 category:时间日期,250
back,bæk,adj.,背面、后退,,,kaoyan-shared english-i english-ii source:netem-2024 category:人类与社会,251
economic,.i:kә'nɒmik,adj.,经济上的,,,kaoyan-shared english-i english-ii source:netem-2024 category:商业经济,252
big,big,adj.,大,,,kaoyan-shared english-i english-ii source:netem-2024 category:抽象概念 category:数量与程度,253
begin,bi'gin,v.,开始,,,kaoyan-shared english-i english-ii source:netem-2024 category:动作行为 category:身体动作,254
lead,li:d. led,n.,带领,,,kaoyan-shared english-i english-ii source:netem-2024 category:动作行为 category:使动与影响,255
build,bild,v.,建造,,,kaoyan-shared english-i english-ii source:netem-2024 category:动作行为 category:身体动作,256
early,'ә:li,adj.,早期的,,,kaoyan-shared english-i english-ii source:netem-2024 category:时间日期,257
off,ɒf,adj.,关闭、不在原处,,,kaoyan-shared english-i english-ii source:netem-2024 category:空间地点,258
spend,spend,vt.,花,,,kaoyan-shared english-i english-ii source:netem-2024 category:动作行为 category:占有与转移,259
little,'litl,n.,少、小,,,kaoyan-shared english-i english-ii source:netem-2024 category:抽象概念 category:数量与程度,260
bank,bæŋk,n.,银行,,,kaoyan-shared english-i english-ii source:netem-2024 category:商业经济,261
hard,hɑ:d,adj.,困难的,,,kaoyan-shared english-i english-ii source:netem-2024 category:抽象概念 category:性质与评价,262
cost,kɒst,n.,花费,,,kaoyan-shared english-i english-ii source:netem-2024 category:商业经济,263
class,klɑ:s,n.,班级,,,kaoyan-shared english-i english-ii source:netem-2024 category:教育学习,264
group,gru:p,n.,小组,,,kaoyan-shared english-i english-ii source:netem-2024 category:人类与社会,265
price,prais,n.,价格,,,kaoyan-shared english-i english-ii source:netem-2024 category:商业经济,266
effect,i'fekt,n.,效果,,,kaoyan-shared english-i english-ii source:netem-2024 category:抽象概念 category:认知与抽象名词,267
comprehension,.kɒmpri'henʃәn,n.,理解,,,kaoyan-shared english-i english-ii source:netem-2024 category:抽象概念 category:认知与抽象名词,268
today,tә'dei,n.,在今天、现今,,,kaoyan-shared english-i english-ii source:netem-2024 category:时间日期,269
tell,tel,vt.,告诉,,,kaoyan-shared english-i english-ii source:netem-2024 category:动作行为 category:社交交互,270
set,set,n.,设定,,,kaoyan-shared english-i english-ii source:netem-2024 category:动作行为 category:身体动作,271
something,'sʌmθiŋ,pron.,某事,,,kaoyan-shared english-i english-ii source:netem-2024 category:抽象概念 category:数量与程度,272
play,plei,n.,玩、扮演、戏剧,,,kaoyan-shared english-i english-ii source:netem-2024 category:运动娱乐,273
likely,'laikli,adj.,很可能的、大概,,,kaoyan-shared english-i english-ii source:netem-2024 category:抽象概念 category:性质与评价,274
turn,tә:n,n.,翻转,,,kaoyan-shared english-i english-ii source:netem-2024 category:动作行为 category:身体动作,275
course,kɒ:s,n.,课程,,,kaoyan-shared english-i english-ii source:netem-2024 category:教育学习,276
buy,bai,vt.,购买,,,kaoyan-shared english-i english-ii source:netem-2024 category:商业经济,277
understand,.ʌndә'stænd,vt.,理解,,,kaoyan-shared english-i english-ii source:netem-2024 category:动作行为 category:身体动作,278
offer,'ɒfә,n.,提供,,,kaoyan-shared english-i english-ii source:netem-2024 category:动作行为 category:身体动作,279
service,'sә:vis,n.,服务、公共设施,,,kaoyan-shared english-i english-ii source:netem-2024 category:商业经济,280
small,smɒ:l,adj.,小的,,,kaoyan-shared english-i english-ii source:netem-2024 category:抽象概念 category:数量与程度,281
product,'prɒdʌkt,n.,产品,,,kaoyan-shared english-i english-ii source:netem-2024 category:商业经济,282
experience,ik'spiәriәns,n.,经历,,,kaoyan-shared english-i english-ii source:netem-2024 category:动作行为 category:其他动作,283
suggest,sәg'dʒest,vt.,建议,,,kaoyan-shared english-i english-ii source:netem-2024 category:动作行为 category:身体动作,284
decide,di'said,v.,决定,,,kaoyan-shared english-i english-ii source:netem-2024 category:动作行为 category:心理活动,285
test,test,n.,测试,,,kaoyan-shared english-i english-ii source:netem-2024 category:动作行为 category:评价与判断,286
scientist,'saiәntist,n.,科学家,,,kaoyan-shared english-i english-ii source:netem-2024 category:职业工作,287
bring,briŋ,vt.,带来,,,kaoyan-shared english-i english-ii source:netem-2024 category:动作行为 category:身体动作,288
since,sins,prep.,自从、因为、既然,,,kaoyan-shared english-i english-ii source:netem-2024 category:时间日期,289
however,hau'evә,adv.,但是、然而,,,kaoyan-shared english-i english-ii source:netem-2024 category:抽象概念 category:逻辑与关系,290
person,'pә:sn,n.,人,,,kaoyan-shared english-i english-ii source:netem-2024 category:人类与社会,291
teacher,'ti:tʃә,n.,教师,,,kaoyan-shared english-i english-ii source:netem-2024 category:职业工作,292
around,ә'raund,prep.,周围、环绕,,,kaoyan-shared english-i english-ii source:netem-2024 category:空间地点,293
whether,'hweðә,conj.,是否,,,kaoyan-shared english-i english-ii source:netem-2024 category:抽象概念 category:逻辑与关系,294
future,'fju:tʃә,n.,未来,,,kaoyan-shared english-i english-ii source:netem-2024 category:时间日期,295
reason,'ri:zn,n.,理由,,,kaoyan-shared english-i english-ii source:netem-2024 category:动作行为 category:身体动作,296
view,vju:,n.,景观,,,kaoyan-shared english-i english-ii source:netem-2024 category:动作行为 category:身体动作,297
water,'wɒ:tә,n.,水,,,kaoyan-shared english-i english-ii source:netem-2024 category:自然环境,298
improve,im'pru:v,vt.,改进、提高,,,kaoyan-shared english-i english-ii source:netem-2024 category:动作行为 category:变化趋势,299
care,kєә,n.,关心、在意,,,kaoyan-shared english-i english-ii source:netem-2024 category:动作行为 category:其他动作,300
benefit,'benifit,n.,益处、好处,,,kaoyan-shared english-i english-ii source:netem-2024 category:商业经济,301
low,lәu,n.,低的,,,kaoyan-shared english-i english-ii source:netem-2024 category:抽象概念 category:性质与评价,302
program,'prәugræm,n.,项目,,,kaoyan-shared english-i english-ii source:netem-2024 category:科学技术,303
worker,'wә:kә,n.,工人,,,kaoyan-shared english-i english-ii source:netem-2024 category:职业工作,304
market,'mɑ:kit,n.,市场,,,kaoyan-shared english-i english-ii source:netem-2024 category:商业经济,305
teach,ti:tʃ,vt.,教,,,kaoyan-shared english-i english-ii source:netem-2024 category:动作行为 category:社交交互,306
support,sә'pɒ:t,n.,支持,,,kaoyan-shared english-i english-ii source:netem-2024 category:动作行为 category:社交交互,307
among,ә'mʌŋ,prep.,在……之中,,,kaoyan-shared english-i english-ii source:netem-2024 category:空间地点,308
kind,kaind,n.,仁慈的、种类,,,kaoyan-shared english-i english-ii source:netem-2024 category:情感心理,309
friend,frend,n.,朋友,,,kaoyan-shared english-i english-ii source:netem-2024 category:人类与社会,310
skill,'skil,n.,技术,,,kaoyan-shared english-i english-ii source:netem-2024 category:抽象概念 category:认知与抽象名词,311
yet,jet,adv.,然而,,,kaoyan-shared english-i english-ii source:netem-2024 category:时间日期,312
form,fɒ:m,n.,形式、形成,,,kaoyan-shared english-i english-ii source:netem-2024 category:抽象概念 category:认知与抽象名词,313
include,in'klu:d,vt.,包括,,,kaoyan-shared english-i english-ii source:netem-2024 category:动作行为 category:使动与影响,314
move,mu:v,n.,移动,,,kaoyan-shared english-i english-ii source:netem-2024 category:动作行为 category:其他动作,315
rather,'ræðә,adv.,相当的,,,kaoyan-shared english-i english-ii source:netem-2024 category:抽象概念 category:数量与程度,316
create,kri:'eit,vt.,创造,,,kaoyan-shared english-i english-ii source:netem-2024 category:动作行为 category:身体动作,317
never,'nevә,adv.,从不,,,kaoyan-shared english-i english-ii source:netem-2024 category:时间日期,318
century,'sentʃuri,n.,世纪,,,kaoyan-shared english-i english-ii source:netem-2024 category:时间日期,319
bad,bæd,adj.,坏的,,,kaoyan-shared english-i english-ii source:netem-2024 category:抽象概念 category:性质与评价,320
eat,i:t,v.,吃,,,kaoyan-shared english-i english-ii source:netem-2024 category:食物营养,321
always,'ɒ:lweiz,adv.,总是,,,kaoyan-shared english-i english-ii source:netem-2024 category:时间日期,322
least,li:st,n.,最小的、最少的,,,kaoyan-shared english-i english-ii source:netem-2024 category:抽象概念 category:数量与程度,323
face,feis,n.,面对,,,kaoyan-shared english-i english-ii source:netem-2024 category:人类与社会,324
plan,plæn,n.,计划,,,kaoyan-shared english-i english-ii source:netem-2024 category:动作行为 category:心理活动,325
consider,kәn'sidŋ,v.,考虑,,,kaoyan-shared english-i english-ii source:netem-2024 category:动作行为 category:心理活动,326
industry,'indәstri,n.,工业、行业,,,kaoyan-shared english-i english-ii source:netem-2024 category:商业经济,327
themselves,ðәm'selvz,pron.,他们自己、他们亲自,,,kaoyan-shared english-i english-ii source:netem-2024 category:人类与社会,328
process,'prɒses,n.,过程、进程,,,kaoyan-shared english-i english-ii source:netem-2024 category:科学技术,329
rate,reit,n.,比率,,,kaoyan-shared english-i english-ii source:netem-2024 category:商业经济,330
fact,fækt,n.,事实,,,kaoyan-shared english-i english-ii source:netem-2024 category:抽象概念 category:认知与抽象名词,331
house,haus,n.,房子,,,kaoyan-shared english-i english-ii source:netem-2024 category:日常生活,332
culture,'kʌltʃә,n.,文化,,,kaoyan-shared english-i english-ii source:netem-2024 category:文化宗教,333
power,'pauә,n.,力、功率,,,kaoyan-shared english-i english-ii source:netem-2024 category:科学技术,334
share,ʃєә,n.,分享,,,kaoyan-shared english-i english-ii source:netem-2024 category:动作行为 category:占有与转移,335
area,'єәriә,n.,地区、范围,,,kaoyan-shared english-i english-ii source:netem-2024 category:空间地点,336
million,'miljәn,n.,百万,,,kaoyan-shared english-i english-ii source:netem-2024 category:商业经济,337
lot,lɒt,n.,很、许多,,,kaoyan-shared english-i english-ii source:netem-2024 category:抽象概念 category:数量与程度,338
sense,sens,n.,感觉,,,kaoyan-shared english-i english-ii source:netem-2024 category:抽象概念 category:认知与抽象名词,339
lose,lu:z,vt.,失去、失败,,,kaoyan-shared english-i english-ii source:netem-2024 category:动作行为 category:身体动作,340
against,ә'geinst,prep.,相对、相反,,,kaoyan-shared english-i english-ii source:netem-2024 category:空间地点,341
rise,raiz,n.,上升,,,kaoyan-shared english-i english-ii source:netem-2024 category:动作行为 category:身体动作,342
energy,'enәdʒi,n.,精力,,,kaoyan-shared english-i english-ii source:netem-2024 category:科学技术,343
control,kәn'trәul,n.,控制,,,kaoyan-shared english-i english-ii source:netem-2024 category:动作行为 category:社交交互,344
space,speis,n.,空间,,,kaoyan-shared english-i english-ii source:netem-2024 category:自然环境,345
case,keis,n.,情况,,,kaoyan-shared english-i english-ii source:netem-2024 category:抽象概念 category:认知与抽象名词,346
hold,hәuld,n.,握着、坚持,,,kaoyan-shared english-i english-ii source:netem-2024 category:动作行为 category:身体动作,347
possible,'pɒsәbl,adj.,可能的,,,kaoyan-shared english-i english-ii source:netem-2024 category:抽象概念 category:性质与评价,348
ability,ә'biliti,n.,能力,,,kaoyan-shared english-i english-ii source:netem-2024 category:抽象概念 category:认知与抽象名词,349
animal,'ænimәl,n.,动物,,,kaoyan-shared english-i english-ii source:netem-2024 category:自然环境,350
enough,i'nʌf,n.,足够,,,kaoyan-shared english-i english-ii source:netem-2024 category:抽象概念 category:数量与程度,351
value,'vælju:,n.,价值,,,kaoyan-shared english-i english-ii source:netem-2024 category:商业经济,352
role,rәul,n.,角色,,,kaoyan-shared english-i english-ii source:netem-2024 category:职业工作,353
week,wi:k,n.,周末,,,kaoyan-shared english-i english-ii source:netem-2024 category:时间日期,354
individual,.indi'vidʒuәl,n.,个人的、独特的,,,kaoyan-shared english-i english-ii source:netem-2024 category:人类与社会,355
hand,hænd,n.,手,,,kaoyan-shared english-i english-ii source:netem-2024 category:人类与社会,356
open,'әupәn,n.,打开,,,kaoyan-shared english-i english-ii source:netem-2024 category:动作行为 category:身体动作,357
ten,ten,num.,十,,,kaoyan-shared english-i english-ii source:netem-2024 category:时间日期,358
term,tә:m,n.,条款、期限,,,kaoyan-shared english-i english-ii source:netem-2024 category:教育学习,359
away,ә'wei,adv.,离开,,,kaoyan-shared english-i english-ii source:netem-2024 category:空间地点,360
happen,'hæpәn,vi.,发生,,,kaoyan-shared english-i english-ii source:netem-2024 category:动作行为 category:身体动作,361
fall,fɒ:l,n.,下降、掉落,,,kaoyan-shared english-i english-ii source:netem-2024 category:动作行为 category:变化趋势,362
self,self,n.,自我、自己,,,kaoyan-shared english-i english-ii source:netem-2024 category:人类与社会,363
art,ɑ:t,n.,艺术,,,kaoyan-shared english-i english-ii source:netem-2024 category:文化宗教,364
decision,di'siʒәn,n.,决定、决议,,,kaoyan-shared english-i english-ii source:netem-2024 category:抽象概念 category:认知与抽象名词,365
interest,'intrist,n.,兴趣,,,kaoyan-shared english-i english-ii source:netem-2024 category:情感心理,366
drive,draiv,n.,驾驶、驱使,,,kaoyan-shared english-i english-ii source:netem-2024 category:动作行为 category:身体动作,367
issue,'isju,n.,问题、期刊、发布,,,kaoyan-shared english-i english-ii source:netem-2024 category:动作行为 category:身体动作,368
produce,prә'dju:s,n.,生产,,,kaoyan-shared english-i english-ii source:netem-2024 category:动作行为 category:身体动作,369
complete,kәm'pli:t,adj.,完全地,,,kaoyan-shared english-i english-ii source:netem-2024 category:动作行为 category:使动与影响,370
under,'ʌndә,prep.,在…之下,,,kaoyan-shared english-i english-ii source:netem-2024 category:空间地点,371
activity,æk'tiviti,n.,活跃、活动,,,kaoyan-shared english-i english-ii source:netem-2024 category:运动娱乐,372
national,'næʃәnәl,adj.,国家的,,,kaoyan-shared english-i english-ii source:netem-2024 category:政治法律,373
brain,brein,n.,大脑,,,kaoyan-shared english-i english-ii source:netem-2024 category:人类与社会,374
level,'levl,n.,水平、等级,,,kaoyan-shared english-i english-ii source:netem-2024 category:抽象概念 category:数量与程度,375
able,'eibl,adj.,有能力的,,,kaoyan-shared english-i english-ii source:netem-2024 category:抽象概念 category:性质与评价,376
run,rʌn,n.,跑步、运转,,,kaoyan-shared english-i english-ii source:netem-2024 category:动作行为 category:身体动作,377
past,pɑ:st,n.,过去的,,,kaoyan-shared english-i english-ii source:netem-2024 category:时间日期,378
win,win,vt.,赢,,,kaoyan-shared english-i english-ii source:netem-2024 category:动作行为 category:占有与转移,379
present,'preznt,n.,呈现、提出、礼物、现在,,,kaoyan-shared english-i english-ii source:netem-2024 category:时间日期,380
quality,'kwɒlәti,n.,质量,,,kaoyan-shared english-i english-ii source:netem-2024 category:抽象概念 category:认知与抽象名词,381
difficult,'difikәlt,adj.,困难的,,,kaoyan-shared english-i english-ii source:netem-2024 category:抽象概念 category:性质与评价,382
easy,'i:zi,adj.,容易的,,,kaoyan-shared english-i english-ii source:netem-2024 category:抽象概念 category:性质与评价,383
tend,tend,vi.,趋向于、照料,,,kaoyan-shared english-i english-ii source:netem-2024 category:动作行为 category:身体动作,384
reduce,ri'dju:s,vt.,减少,,,kaoyan-shared english-i english-ii source:netem-2024 category:动作行为 category:身体动作,385
five,faiv,num.,五,,,kaoyan-shared english-i english-ii source:netem-2024 category:时间日期,386
expect,iks'pekt,vt.,预料、期待,,,kaoyan-shared english-i english-ii source:netem-2024 category:动作行为 category:身体动作,387
order,'ɒ:dә,n.,订单、命令、顺序,,,kaoyan-shared english-i english-ii source:netem-2024 category:动作行为 category:社交交互,388
law,lɒ:,n.,法律、法则,,,kaoyan-shared english-i english-ii source:netem-2024 category:政治法律,389
environment,in'vairәnmәnt,n.,环境、自然环境,,,kaoyan-shared english-i english-ii source:netem-2024 category:自然环境,390
paper,'peipә,n.,纸、试卷,,,kaoyan-shared english-i english-ii source:netem-2024 category:教育学习,391
mind,maind,n.,思维、想法,,,kaoyan-shared english-i english-ii source:netem-2024 category:动作行为 category:心理活动,392
kid,kid,n.,孩子,,,kaoyan-shared english-i english-ii source:netem-2024 category:人类与社会,393
economy,i'kɒnәmi,n.,经济,,,kaoyan-shared english-i english-ii source:netem-2024 category:商业经济,394
percent,pә'sent,n.,百分之的,,,kaoyan-shared english-i english-ii source:netem-2024 category:商业经济,395
sleep,sli:p,n.,睡眠,,,kaoyan-shared english-i english-ii source:netem-2024 category:健康医疗,396
recent,'ri:snt,adj.,近来的,,,kaoyan-shared english-i english-ii source:netem-2024 category:时间日期,397
half,hɑ:f,n.,一半,,,kaoyan-shared english-i english-ii source:netem-2024 category:抽象概念 category:数量与程度,398
close,klәuz,n.,关闭、近,,,kaoyan-shared english-i english-ii source:netem-2024 category:动作行为 category:起始与终止,399
attention,ә'tenʃәn,n.,注意,,,kaoyan-shared english-i english-ii source:netem-2024 category:情感心理,400
poor,puә. pɒ:,adj.,贫穷的、可怜的、糟糕的,,,kaoyan-shared english-i english-ii source:netem-2024 category:抽象概念 category:性质与评价,401
free,fri:,adj.,自由的,,,kaoyan-shared english-i english-ii source:netem-2024 category:抽象概念 category:性质与评价,402
body,'bɒdi,n.,身体,,,kaoyan-shared english-i english-ii source:netem-2024 category:人类与社会,403
measure,'meʒә,n.,衡量、测量,,,kaoyan-shared english-i english-ii source:netem-2024 category:动作行为 category:评价与判断,404
office,'ɒfis,n.,办公室,,,kaoyan-shared english-i english-ii source:netem-2024 category:职业工作,405
travel,'trævl,n.,旅行,,,kaoyan-shared english-i english-ii source:netem-2024 category:交通旅行,406
major,'meidʒә,n.,主要的,,,kaoyan-shared english-i english-ii source:netem-2024 category:抽象概念 category:性质与评价,407
professor,prә'fesә,n.,教授,,,kaoyan-shared english-i english-ii source:netem-2024 category:职业工作,408
natural,'nætʃәrәl,n.,自然的,,,kaoyan-shared english-i english-ii source:netem-2024 category:自然环境,409
remain,ri'mein,vi.,保持,,,kaoyan-shared english-i english-ii source:netem-2024 category:动作行为 category:其他动作,410
though,ðәu,adv.,尽管,,,kaoyan-shared english-i english-ii source:netem-2024 category:抽象概念 category:逻辑与关系,411
next,'nekst,n.,下一个,,,kaoyan-shared english-i english-ii source:netem-2024 category:时间日期,412
design,di'zain,n.,设计,,,kaoyan-shared english-i english-ii source:netem-2024 category:动作行为 category:其他动作,413
history,'histәri,n.,历史,,,kaoyan-shared english-i english-ii source:netem-2024 category:时间日期,414
nation,'neiʃәn,n.,国家,,,kaoyan-shared english-i english-ii source:netem-2024 category:空间地点,415
real,'riәl,adj.,真的,,,kaoyan-shared english-i english-ii source:netem-2024 category:抽象概念 category:性质与评价,416
almost,'ɒ:lmәust,adv.,几乎,,,kaoyan-shared english-i english-ii source:netem-2024 category:时间日期,417
customer,'kʌstәmә,n.,顾客,,,kaoyan-shared english-i english-ii source:netem-2024 category:商业经济,418
subject,'sʌbdʒekt,n.,科目,,,kaoyan-shared english-i english-ii source:netem-2024 category:教育学习,419
ago,ә'gәu,adv.,以前,,,kaoyan-shared english-i english-ii source:netem-2024 category:时间日期,420
focus,'fәukәs,n.,聚焦、焦点,,,kaoyan-shared english-i english-ii source:netem-2024 category:动作行为 category:心理活动,421
local,'lәukәl,adj.,当地的,,,kaoyan-shared english-i english-ii source:netem-2024 category:空间地点,422
really,'riәli,adv.,确实,,,kaoyan-shared english-i english-ii source:netem-2024 category:抽象概念 category:数量与程度,423
certain,'sә:tәn,adj.,确定的,,,kaoyan-shared english-i english-ii source:netem-2024 category:抽象概念 category:性质与评价,424
ever,'evә,adv.,从来,,,kaoyan-shared english-i english-ii source:netem-2024 category:时间日期,425
success,sәk'ses,n.,成功,,,kaoyan-shared english-i english-ii source:netem-2024 category:抽象概念 category:认知与抽象名词,426
late,leit,adj.,晚的,,,kaoyan-shared english-i english-ii source:netem-2024 category:时间日期,427
true,tru:,adj.,真实,,,kaoyan-shared english-i english-ii source:netem-2024 category:抽象概念 category:性质与评价,428
name,neim,n.,名称、命名,,,kaoyan-shared english-i english-ii source:netem-2024 category:人类与社会,429
knowledge,'nɒlidʒ,n.,知识,,,kaoyan-shared english-i english-ii source:netem-2024 category:教育学习,430
stress,stres,n.,压力,,,kaoyan-shared english-i english-ii source:netem-2024 category:动作行为 category:身体动作,431
matter,'mætә,n.,事情、问题、重要,,,kaoyan-shared english-i english-ii source:netem-2024 category:动作行为 category:身体动作,432
involve,in'vɒlv,vt.,涉及,,,kaoyan-shared english-i english-ii source:netem-2024 category:动作行为 category:身体动作,433
raise,reiz,n.,举起、提出,,,kaoyan-shared english-i english-ii source:netem-2024 category:动作行为 category:身体动作,434
identify,ai'dentifai,vt.,识别、鉴定,,,kaoyan-shared english-i english-ii source:netem-2024 category:动作行为 category:身体动作,435
stay,stei,n.,保持、停留,,,kaoyan-shared english-i english-ii source:netem-2024 category:动作行为 category:起始与终止,436
population,.pɒpju'leiʃәn,n.,人口,,,kaoyan-shared english-i english-ii source:netem-2024 category:人类与社会,437
risk,risk,n.,风险,,,kaoyan-shared english-i english-ii source:netem-2024 category:动作行为 category:其他动作,438
medium,'mi:diәm,n.,中等的、媒介,,,kaoyan-shared english-i english-ii source:netem-2024 category:科学技术,439
lack,læk,n.,缺乏,,,kaoyan-shared english-i english-ii source:netem-2024 category:动作行为 category:占有与转移,440
strong,strɒŋ,adj.,强壮的、强烈的,,,kaoyan-shared english-i english-ii source:netem-2024 category:抽象概念 category:性质与评价,441
fill,fil,vt.,填,,,kaoyan-shared english-i english-ii source:netem-2024 category:动作行为 category:其他动作,442
patient,'peiʃәnt,n.,有耐心的、病人,,,kaoyan-shared english-i english-ii source:netem-2024 category:健康医疗,443
rule,ru:l,n.,规则,,,kaoyan-shared english-i english-ii source:netem-2024 category:动作行为 category:社交交互,444
until,әn'til,prep.,直到,,,kaoyan-shared english-i english-ii source:netem-2024 category:时间日期,445
continue,kәn'tinju:,vi.,继续,,,kaoyan-shared english-i english-ii source:netem-2024 category:动作行为 category:身体动作,446
receive,ri'si:v,vt.,收到,,,kaoyan-shared english-i english-ii source:netem-2024 category:动作行为 category:社交交互,447
already,ɒ:l'redi,adv.,已经,,,kaoyan-shared english-i english-ii source:netem-2024 category:时间日期,448
record,ri'kɒ:d,n.,记录,,,kaoyan-shared english-i english-ii source:netem-2024 category:动作行为 category:身体动作,449
employee,.emplɒi'i:,n.,雇工,,,kaoyan-shared english-i english-ii source:netem-2024 category:职业工作,450
sell,sel,vt.,卖,,,kaoyan-shared english-i english-ii source:netem-2024 category:商业经济,451
note,nәut,n.,笔记,,,kaoyan-shared english-i english-ii source:netem-2024 category:动作行为 category:身体动作,452
month,mʌnθ,n.,月,,,kaoyan-shared english-i english-ii source:netem-2024 category:时间日期,453
community,kә'mju:niti,n.,社区、共同体,,,kaoyan-shared english-i english-ii source:netem-2024 category:人类与社会,454
demand,di'mɑ:nd,n.,要求,,,kaoyan-shared english-i english-ii source:netem-2024 category:动作行为 category:占有与转移,455
personal,'pә:snl,adj.,个人的,,,kaoyan-shared english-i english-ii source:netem-2024 category:人类与社会,456
instead,in'sted,adv.,反而,,,kaoyan-shared english-i english-ii source:netem-2024 category:抽象概念 category:逻辑与关系,457
challenge,'tʃælindʒ,n.,挑战,,,kaoyan-shared english-i english-ii source:netem-2024 category:动作行为 category:社交交互,458
store,stɒ:,n.,存储、商店,,,kaoyan-shared english-i english-ii source:netem-2024 category:商业经济,459
check,tʃek,n.,检查,,,kaoyan-shared english-i english-ii source:netem-2024 category:动作行为 category:评价与判断,460
deal,di:l,n.,处理,,,kaoyan-shared english-i english-ii source:netem-2024 category:动作行为 category:占有与转移,461
opportunity,.ɒpә'tju:niti,n.,机会,,,kaoyan-shared english-i english-ii source:netem-2024 category:时间日期,462
relationship,ri'leiʃәnʃip,n.,关系,,,kaoyan-shared english-i english-ii source:netem-2024 category:人类与社会,463
list,list,n.,清单,,,kaoyan-shared english-i english-ii source:netem-2024 category:教育学习,464
usually,'ju:ʒuәli,adv.,通常、平常,,,kaoyan-shared english-i english-ii source:netem-2024 category:时间日期,465
average,'ævәridʒ,n.,平均的,,,kaoyan-shared english-i english-ii source:netem-2024 category:抽象概念 category:数量与程度,466
although,ɒ:l'ðou,conj.,尽管,,,kaoyan-shared english-i english-ii source:netem-2024 category:抽象概念 category:逻辑与关系,467
eye,ai,n.,眼睛,,,kaoyan-shared english-i english-ii source:netem-2024 category:人类与社会,468
break,breik,n.,打破,,,kaoyan-shared english-i english-ii source:netem-2024 category:动作行为 category:身体动作,469
fast,fɑ:st,adj.,快,,,kaoyan-shared english-i english-ii source:netem-2024 category:抽象概念 category:性质与评价,470
common,'kɒmәn,adj.,普通的,,,kaoyan-shared english-i english-ii source:netem-2024 category:抽象概念 category:性质与评价,471
condition,kәn'diʃәn,n.,条件、情况,,,kaoyan-shared english-i english-ii source:netem-2024 category:抽象概念 category:认知与抽象名词,472
behavior,bi'heivjә,n.,行为,,,kaoyan-shared english-i english-ii source:netem-2024 category:情感心理,473
global,'glәubl,adj.,全球的,,,kaoyan-shared english-i english-ii source:netem-2024 category:抽象概念 category:性质与评价,474
within,wi'ðin,n.,内部,,,kaoyan-shared english-i english-ii source:netem-2024 category:空间地点,475
difference,'difәrәns,n.,不同,,,kaoyan-shared english-i english-ii source:netem-2024 category:抽象概念 category:认知与抽象名词,476
light,lait,n.,点亮、轻的,,,kaoyan-shared english-i english-ii source:netem-2024 category:科学技术,477
growth,grәuθ,n.,生长,,,kaoyan-shared english-i english-ii source:netem-2024 category:科学技术,478
shop,ʃɒp,n.,购物,,,kaoyan-shared english-i english-ii source:netem-2024 category:日常生活,479
meet,mi:t,n.,遇见、会见,,,kaoyan-shared english-i english-ii source:netem-2024 category:动作行为 category:使动与影响,480
concern,kәn'sә:n,n.,关心、涉及,,,kaoyan-shared english-i english-ii source:netem-2024 category:动作行为 category:身体动作,481
task,tɑ:sk,n.,任务,,,kaoyan-shared english-i english-ii source:netem-2024 category:教育学习,482
scientific,.saiәn'tifik,adj.,科学的、细致严谨的,,,kaoyan-shared english-i english-ii source:netem-2024 category:科学技术,483
effort,'efәt,n.,努力,,,kaoyan-shared english-i english-ii source:netem-2024 category:动作行为 category:身体动作,484
plant,plænt. plɑ:nt,n.,植物、工厂,,,kaoyan-shared english-i english-ii source:netem-2024 category:自然环境,485
encourage,in'kʌridʒ,vt.,鼓励、发展,,,kaoyan-shared english-i english-ii source:netem-2024 category:动作行为 category:使动与影响,486
career,kә'riә,n.,职业,,,kaoyan-shared english-i english-ii source:netem-2024 category:职业工作,487
fail,feil,vi.,衰退、破产,,,kaoyan-shared english-i english-ii source:netem-2024 category:动作行为 category:变化趋势,488
influence,'influәns,n.,影响,,,kaoyan-shared english-i english-ii source:netem-2024 category:动作行为 category:使动与影响,489
avoid,ә'vɒid,vt.,避免,,,kaoyan-shared english-i english-ii source:netem-2024 category:动作行为 category:使动与影响,490
music,'mju:zik,n.,音乐,,,kaoyan-shared english-i english-ii source:netem-2024 category:运动娱乐,491
add,æd,vt.,增加,,,kaoyan-shared english-i english-ii source:netem-2024 category:动作行为 category:身体动作,492
policy,'pɒlisi,n.,政策,,,kaoyan-shared english-i english-ii source:netem-2024 category:政治法律,493
item,'aitәm,n.,物品、条款,,,kaoyan-shared english-i english-ii source:netem-2024 category:抽象概念 category:认知与抽象名词,494
force,fɒ:s,n.,强迫、迫使,,,kaoyan-shared english-i english-ii source:netem-2024 category:动作行为 category:身体动作,495
member,'membә,n.,成员,,,kaoyan-shared english-i english-ii source:netem-2024 category:人类与社会,496
explain,ik'splein,v.,解释,,,kaoyan-shared english-i english-ii source:netem-2024 category:动作行为 category:社交交互,497
translation,træns'leiʃәn,n.,翻译,,,kaoyan-shared english-i english-ii source:netem-2024 category:教育学习,498
side,said,n.,一边,,,kaoyan-shared english-i english-ii source:netem-2024 category:空间地点,499
enjoy,in'dʒɒi,vt.,享受,,,kaoyan-shared english-i english-ii source:netem-2024 category:动作行为 category:占有与转移,500
cut,kʌt,n.,切、砍,,,kaoyan-shared english-i english-ii source:netem-2024 category:动作行为 category:身体动作,501
adult,'ædʌlt,n.,大人、成人,,,kaoyan-shared english-i english-ii source:netem-2024 category:人类与社会,502
international,.intә'næʃәnәl,adj.,国际的,,,kaoyan-shared english-i english-ii source:netem-2024 category:空间地点,503
training,'treiniŋ,n.,训练,,,kaoyan-shared english-i english-ii source:netem-2024 category:教育学习,504
general,'dʒenәrәl,n.,一般的、总的、将军,,,kaoyan-shared english-i english-ii source:netem-2024 category:抽象概念 category:性质与评价,505
nature,'neitʃә,n.,自然界、性质,,,kaoyan-shared english-i english-ii source:netem-2024 category:自然环境,506
type,taip,n.,类型、输入,,,kaoyan-shared english-i english-ii source:netem-2024 category:教育学习,507
doctor,'dɒktә,n.,医生,,,kaoyan-shared english-i english-ii source:netem-2024 category:职业工作,508
mother,'mʌðә,n.,妈妈,,,kaoyan-shared english-i english-ii source:netem-2024 category:人类与社会,509
situation,.sitju'eiʃәn,n.,情况,,,kaoyan-shared english-i english-ii source:netem-2024 category:空间地点,510
several,'sevәrәl,adj.,几个,,,kaoyan-shared english-i english-ii source:netem-2024 category:抽象概念 category:数量与程度,511
save,seiv,n.,保存、拯救,,,kaoyan-shared english-i english-ii source:netem-2024 category:动作行为 category:占有与转移,512
essay,'esei. e'sei,n.,论文,,,kaoyan-shared english-i english-ii source:netem-2024 category:教育学习,513
game,geim,n.,游戏,,,kaoyan-shared english-i english-ii source:netem-2024 category:运动娱乐,514
graduate,'grædʒueit,n.,毕业、获学位,,,kaoyan-shared english-i english-ii source:netem-2024 category:教育学习,515
decade,'dekeid,n.,十年,,,kaoyan-shared english-i english-ii source:netem-2024 category:时间日期,516
medical,'medikl,n.,医疗的,,,kaoyan-shared english-i english-ii source:netem-2024 category:健康医疗,517
miss,mis,n.,错过、想念,,,kaoyan-shared english-i english-ii source:netem-2024 category:动作行为 category:身体动作,518
train,trein,n.,列车、行列,,,kaoyan-shared english-i english-ii source:netem-2024 category:动作行为 category:身体动作,519
third,θә:d,num.,第三,,,kaoyan-shared english-i english-ii source:netem-2024 category:时间日期,520
interview,'intәvju:,n.,采访、面试,,,kaoyan-shared english-i english-ii source:netem-2024 category:动作行为 category:其他动作,521
stop,stɒp,n.,阻止,,,kaoyan-shared english-i english-ii source:netem-2024 category:动作行为 category:身体动作,522
financial,fai'nænʃәl,adj.,财政的,,,kaoyan-shared english-i english-ii source:netem-2024 category:商业经济,523
reach,ri:tʃ,n.,到达、达到,,,kaoyan-shared english-i english-ii source:netem-2024 category:动作行为 category:身体动作,524
professional,prә'feʃәnl,n.,职业的、专业的,,,kaoyan-shared english-i english-ii source:netem-2024 category:职业工作,525
sign,sain,n.,标牌,,,kaoyan-shared english-i english-ii source:netem-2024 category:动作行为 category:其他动作,526
earth,ә:θ,n.,地球、泥土,,,kaoyan-shared english-i english-ii source:netem-2024 category:自然环境,527
project,'prɒdʒekt,n.,项目、计划,,,kaoyan-shared english-i english-ii source:netem-2024 category:动作行为 category:身体动作,528
generation,.dʒenә'reiʃәn,n.,产生、一代人,,,kaoyan-shared english-i english-ii source:netem-2024 category:人类与社会,529
standard,'stændәd,n.,标准,,,kaoyan-shared english-i english-ii source:netem-2024 category:抽象概念 category:认知与抽象名词,530
war,wɒ:,n.,战争,,,kaoyan-shared english-i english-ii source:netem-2024 category:政治法律,531
story,'stɒ:ri,n.,故事,,,kaoyan-shared english-i english-ii source:netem-2024 category:文化宗教,532
rich,ri:tʃ,adj.,丰富的,,,kaoyan-shared english-i english-ii source:netem-2024 category:商业经济,533
later,'leitә,adv.,后来、其后,,,kaoyan-shared english-i english-ii source:netem-2024 category:时间日期,534
again,ә'gein,adv.,再次,,,kaoyan-shared english-i english-ii source:netem-2024 category:时间日期,535
air,єә,n.,空气,,,kaoyan-shared english-i english-ii source:netem-2024 category:自然环境,536
night,nait,n.,夜晚,,,kaoyan-shared english-i english-ii source:netem-2024 category:时间日期,537
contain,kәn'tein,vt.,包含,,,kaoyan-shared english-i english-ii source:netem-2024 category:动作行为 category:使动与影响,538
main,mein,n.,主要的,,,kaoyan-shared english-i english-ii source:netem-2024 category:抽象概念 category:性质与评价,539
soon,su:n,adv.,很快的,,,kaoyan-shared english-i english-ii source:netem-2024 category:时间日期,540
sound,saund,n.,声音,,,kaoyan-shared english-i english-ii source:netem-2024 category:动作行为 category:其他动作,541
love,lʌv,n.,爱,,,kaoyan-shared english-i english-ii source:netem-2024 category:情感心理,542
account,ә'kaunt,n.,账户,,,kaoyan-shared english-i english-ii source:netem-2024 category:商业经济,543
return,ri'tә:n,n.,回归、返回,,,kaoyan-shared english-i english-ii source:netem-2024 category:动作行为 category:社交交互,544
affect,ә'fekt,vt.,影响,,,kaoyan-shared english-i english-ii source:netem-2024 category:动作行为 category:使动与影响,545
translate,træns'leit,vt.,解释、翻译、转变,,,kaoyan-shared english-i english-ii source:netem-2024 category:动作行为 category:其他动作,546
sure,ʃuә,adj.,肯定的,,,kaoyan-shared english-i english-ii source:netem-2024 category:抽象概念 category:性质与评价,547
describe,di'skraib,vt.,描述,,,kaoyan-shared english-i english-ii source:netem-2024 category:动作行为 category:身体动作,548
purpose,'pә:pәs,n.,目的,,,kaoyan-shared english-i english-ii source:netem-2024 category:抽象概念 category:认知与抽象名词,549
full,ful,n.,满的,,,kaoyan-shared english-i english-ii source:netem-2024 category:抽象概念 category:数量与程度,550
room,ru:m,n.,房间,,,kaoyan-shared english-i english-ii source:netem-2024 category:日常生活,551
appear,ә'piә,vi.,出现,,,kaoyan-shared english-i english-ii source:netem-2024 category:动作行为 category:变化趋势,552
impact,'impækt,n.,冲击,,,kaoyan-shared english-i english-ii source:netem-2024 category:抽象概念 category:认知与抽象名词,553
period,'piәriәd,n.,一段时间,,,kaoyan-shared english-i english-ii source:netem-2024 category:时间日期,554
television,'teli.viʒәn,n.,电视,,,kaoyan-shared english-i english-ii source:netem-2024 category:日常生活,555
quite,kwait,adv.,相当的,,,kaoyan-shared english-i english-ii source:netem-2024 category:抽象概念 category:数量与程度,556
position,pә'ziʃәn,n.,位置,,,kaoyan-shared english-i english-ii source:netem-2024 category:空间地点,557
attitude,'ætitju:d,n.,态度,,,kaoyan-shared english-i english-ii source:netem-2024 category:情感心理,558
machine,mә'ʃi:n,n.,机器,,,kaoyan-shared english-i english-ii source:netem-2024 category:科学技术,559
clear,kliә,adj.,清楚的,,,kaoyan-shared english-i english-ii source:netem-2024 category:抽象概念 category:性质与评价,560
field,fi:ld,n.,田地、场地、领域,,,kaoyan-shared english-i english-ii source:netem-2024 category:自然环境,561
pass,pæs,n.,经过,,,kaoyan-shared english-i english-ii source:netem-2024 category:动作行为 category:身体动作,562
below,bi'lәu,prep.,在…下面,,,kaoyan-shared english-i english-ii source:netem-2024 category:空间地点,563
here,hiә,adv.,这里,,,kaoyan-shared english-i english-ii source:netem-2024 category:空间地点,564
communication,kә.mju:ni'keiʃәn,n.,沟通,,,kaoyan-shared english-i english-ii source:netem-2024 category:科学技术,565
protect,prә'tekt,vt.,保护,,,kaoyan-shared english-i english-ii source:netem-2024 category:动作行为 category:社交交互,566
performance,pә'fɒ:mәns,n.,表演,,,kaoyan-shared english-i english-ii source:netem-2024 category:运动娱乐,567
lecture,'lektʃә,n.,讲座,,,kaoyan-shared english-i english-ii source:netem-2024 category:教育学习,568
factor,'fæktә,n.,因素、因子,,,kaoyan-shared english-i english-ii source:netem-2024 category:抽象概念 category:认知与抽象名词,569
top,tɒp,n.,顶端,,,kaoyan-shared english-i english-ii source:netem-2024 category:空间地点,570
firm,fә:m,n.,牢固的,,,kaoyan-shared english-i english-ii source:netem-2024 category:抽象概念 category:性质与评价,571
draw,drɒ:,vi.,画画,,,kaoyan-shared english-i english-ii source:netem-2024 category:动作行为 category:身体动作,572
memory,'memәri,n.,记忆,,,kaoyan-shared english-i english-ii source:netem-2024 category:情感心理,573
whole,hәul,n.,全部的,,,kaoyan-shared english-i english-ii source:netem-2024 category:抽象概念 category:数量与程度,574
writer,'raitә,n.,作家,,,kaoyan-shared english-i english-ii source:netem-2024 category:职业工作,575
watch,wɒtʃ,n.,观看,,,kaoyan-shared english-i english-ii source:netem-2024 category:动作行为 category:身体动作,576
death,deθ,n.,死亡,,,kaoyan-shared english-i english-ii source:netem-2024 category:健康医疗,577
white,hwait,n.,白色的,,,kaoyan-shared english-i english-ii source:netem-2024 category:交通旅行,578
academic,.ækә'demik,adj.,学术的,,,kaoyan-shared english-i english-ii source:netem-2024 category:教育学习,579
bear,bєә,n.,携带、承受,,,kaoyan-shared english-i english-ii source:netem-2024 category:动作行为 category:其他动作,580
importance,im'pɒ:tәns,n.,重要性,,,kaoyan-shared english-i english-ii source:netem-2024 category:抽象概念 category:认知与抽象名词,581
decline,di'klain,n.,拒绝、下降,,,kaoyan-shared english-i english-ii source:netem-2024 category:动作行为 category:变化趋势,582
claim,kleim,n.,索要、声称,,,kaoyan-shared english-i english-ii source:netem-2024 category:动作行为 category:占有与转移,583
model,'mɒdәl,n.,模型,,,kaoyan-shared english-i english-ii source:netem-2024 category:教育学习,584
wrong,rɒŋ,adj.,错误的,,,kaoyan-shared english-i english-ii source:netem-2024 category:抽象概念 category:性质与评价,585
expert,'ekspә:t,n.,专家、专门的,,,kaoyan-shared english-i english-ii source:netem-2024 category:职业工作,586
carry,'kæri,n.,携带,,,kaoyan-shared english-i english-ii source:netem-2024 category:动作行为 category:身体动作,587
act,ækt,n.,行为、行动、扮演,,,kaoyan-shared english-i english-ii source:netem-2024 category:动作行为 category:身体动作,588
send,send,vt.,发送,,,kaoyan-shared english-i english-ii source:netem-2024 category:动作行为 category:身体动作,589
accept,әk'sept,vt.,接受,,,kaoyan-shared english-i english-ii source:netem-2024 category:动作行为 category:评价与判断,590
potential,pә'tenʃәl,n.,潜在的,,,kaoyan-shared english-i english-ii source:netem-2024 category:抽象概念 category:性质与评价,591
degree,di'gri:,n.,温度、程度,,,kaoyan-shared english-i english-ii source:netem-2024 category:抽象概念 category:数量与程度,592
resource,ri'sɒ:s,n.,资源,,,kaoyan-shared english-i english-ii source:netem-2024 category:自然环境,593
pause,pɒ:z,n.,暂停,,,kaoyan-shared english-i english-ii source:netem-2024 category:动作行为 category:起始与终止,594
opinion,ә'pinjәn,n.,意见,,,kaoyan-shared english-i english-ii source:netem-2024 category:情感心理,595
income,'inkʌm,n.,收入,,,kaoyan-shared english-i english-ii source:netem-2024 category:商业经济,596
amount,ә'maunt,n.,数量,,,kaoyan-shared english-i english-ii source:netem-2024 category:商业经济,597
disease,di'zi:z,n.,疾病,,,kaoyan-shared english-i english-ii source:netem-2024 category:健康医疗,598
stand,stænd,n.,站立,,,kaoyan-shared english-i english-ii source:netem-2024 category:动作行为 category:身体动作,599
political,pә'litikl,adj.,政治的,,,kaoyan-shared english-i english-ii source:netem-2024 category:政治法律,600
popular,'pɒpjulә,adj.,受欢迎的,,,kaoyan-shared english-i english-ii source:netem-2024 category:情感心理,601
argue,'ɑ:gju,vi.,论述、争论、争吵,,,kaoyan-shared english-i english-ii source:netem-2024 category:动作行为 category:社交交互,602
physical,'fizikl,adj.,自然科学的、肉体的,,,kaoyan-shared english-i english-ii source:netem-2024 category:科学技术,603
team,ti:m,n.,团队,,,kaoyan-shared english-i english-ii source:netem-2024 category:人类与社会,604
action,'ækʃәn,n.,行动、行为,,,kaoyan-shared english-i english-ii source:netem-2024 category:动作行为 category:其他动作,605
material,mә'tiәriәl,n.,材料,,,kaoyan-shared english-i english-ii source:netem-2024 category:科学技术,606
prove,pru:v,vt.,证明,,,kaoyan-shared english-i english-ii source:netem-2024 category:动作行为 category:评价与判断,607
compare,kәm'pєә,vt.,比较,,,kaoyan-shared english-i english-ii source:netem-2024 category:动作行为 category:评价与判断,608
competition,.kɒmpi'tiʃәn,n.,比赛,,,kaoyan-shared english-i english-ii source:netem-2024 category:运动娱乐,609
nothing,'nʌθiŋ,n.,没有,,,kaoyan-shared english-i english-ii source:netem-2024 category:抽象概念 category:数量与程度,610
perhaps,pә'hæps,adv.,也许,,,kaoyan-shared english-i english-ii source:netem-2024 category:抽象概念 category:数量与程度,611
private,'praivit,adj.,私人的,,,kaoyan-shared english-i english-ii source:netem-2024 category:人类与社会,612
please,pli:z,adv.,请、使愉快,,,kaoyan-shared english-i english-ii source:netem-2024 category:情感心理,613
head,hed,n.,前往,,,kaoyan-shared english-i english-ii source:netem-2024 category:人类与社会,614
street,stri:t,n.,街道,,,kaoyan-shared english-i english-ii source:netem-2024 category:空间地点,615
available,ә'veilәbl,adj.,可行的,,,kaoyan-shared english-i english-ii source:netem-2024 category:抽象概念 category:性质与评价,616
current,'kʌrәnt,n.,当前、电流、趋向,,,kaoyan-shared english-i english-ii source:netem-2024 category:商业经济,617
boy,bɒi,n.,男孩,,,kaoyan-shared english-i english-ii source:netem-2024 category:人类与社会,618
goal,gәul,n.,目标,,,kaoyan-shared english-i english-ii source:netem-2024 category:运动娱乐,619
loss,lɒs,n.,丢失,,,kaoyan-shared english-i english-ii source:netem-2024 category:抽象概念 category:认知与抽象名词,620
evidence,'evidәns,n.,证据,,,kaoyan-shared english-i english-ii source:netem-2024 category:抽象概念 category:认知与抽象名词,621
together,tә'geðә,adv.,一共,,,kaoyan-shared english-i english-ii source:netem-2024 category:抽象概念 category:逻辑与关系,622
speed,spi:d,n.,加速,,,kaoyan-shared english-i english-ii source:netem-2024 category:动作行为 category:使动与影响,623
middle,'midl,n.,中间的,,,kaoyan-shared english-i english-ii source:netem-2024 category:空间地点,624
along,ә'lɒŋ,adv.,沿着,,,kaoyan-shared english-i english-ii source:netem-2024 category:空间地点,625
sale,seil,n.,销售,,,kaoyan-shared english-i english-ii source:netem-2024 category:商业经济,626
production,prә'dʌkʃәn,n.,生产,,,kaoyan-shared english-i english-ii source:netem-2024 category:商业经济,627
grade,greid,n.,年级,,,kaoyan-shared english-i english-ii source:netem-2024 category:教育学习,628
visit,'vizit,n.,参观、访问,,,kaoyan-shared english-i english-ii source:netem-2024 category:动作行为 category:身体动作,629
content,kәn'tent,n.,内容、目录、满足的,,,kaoyan-shared english-i english-ii source:netem-2024 category:抽象概念 category:认知与抽象名词,630
source,sɒ:s,n.,来源,,,kaoyan-shared english-i english-ii source:netem-2024 category:抽象概念 category:认知与抽象名词,631
security,si'kjuriti,n.,安全,,,kaoyan-shared english-i english-ii source:netem-2024 category:健康医疗,632
pressure,'preʃә,n.,压力,,,kaoyan-shared english-i english-ii source:netem-2024 category:动作行为 category:身体动作,633
gap,gæp,n.,间隙、分歧,,,kaoyan-shared english-i english-ii source:netem-2024 category:抽象概念 category:认知与抽象名词,634
across,ә'krɒs,prep.,穿过,,,kaoyan-shared english-i english-ii source:netem-2024 category:空间地点,635
let,let,vt.,让,,,kaoyan-shared english-i english-ii source:netem-2024 category:动作行为 category:身体动作,636
depend,di'pend,vi.,依赖,,,kaoyan-shared english-i english-ii source:netem-2024 category:动作行为 category:心理活动,637
especially,i'speʃәli,adv.,尤其,,,kaoyan-shared english-i english-ii source:netem-2024 category:抽象概念 category:数量与程度,638
modern,'mɒdәn,n.,现代的,,,kaoyan-shared english-i english-ii source:netem-2024 category:时间日期,639
simply,'simpli,adv.,仅仅,,,kaoyan-shared english-i english-ii source:netem-2024 category:抽象概念 category:数量与程度,640
farm,fɑ:m,n.,农场,,,kaoyan-shared english-i english-ii source:netem-2024 category:自然环境,641
approach,ә'prәutʃ,n.,接近、方法,,,kaoyan-shared english-i english-ii source:netem-2024 category:动作行为 category:其他动作,642
correct,kә'rekt,adj.,更正、纠正,,,kaoyan-shared english-i english-ii source:netem-2024 category:动作行为 category:评价与判断,643
special,'speʃәl,n.,特别的,,,kaoyan-shared english-i english-ii source:netem-2024 category:抽象概念 category:性质与评价,644
hope,hәup,n.,希望,,,kaoyan-shared english-i english-ii source:netem-2024 category:情感心理,645
someone,'sʌmwʌn,pron.,某人,,,kaoyan-shared english-i english-ii source:netem-2024 category:人类与社会,646
speaker,'spi:kә,n.,扬声器、说话人,,,kaoyan-shared english-i english-ii source:netem-2024 category:职业工作,647
intelligence,in'telidʒәns,n.,智力,,,kaoyan-shared english-i english-ii source:netem-2024 category:情感心理,648
picture,'piktʃә,n.,图片,,,kaoyan-shared english-i english-ii source:netem-2024 category:运动娱乐,649
survey,sә'vei,n.,调查、测量,,,kaoyan-shared english-i english-ii source:netem-2024 category:动作行为 category:身体动作,650
everyone,'evriwʌn,pron.,每人,,,kaoyan-shared english-i english-ii source:netem-2024 category:人类与社会,651
event,i'vent,n.,事件,,,kaoyan-shared english-i english-ii source:netem-2024 category:时间日期,652
either,'i:ðә,adj.,两者之一,,,kaoyan-shared english-i english-ii source:netem-2024 category:抽象概念 category:数量与程度,653
step,step,n.,步骤,,,kaoyan-shared english-i english-ii source:netem-2024 category:动作行为 category:身体动作,654
habit,'hæbit,n.,习惯,,,kaoyan-shared english-i english-ii source:netem-2024 category:情感心理,655
responsibility,ri.spɒnsә'biliti,n.,责任,,,kaoyan-shared english-i english-ii source:netem-2024 category:情感心理,656
similar,'similә,adj.,相似的,,,kaoyan-shared english-i english-ii source:netem-2024 category:抽象概念 category:性质与评价,657
necessary,'nesisәri,adj.,必要的,,,kaoyan-shared english-i english-ii source:netem-2024 category:抽象概念 category:性质与评价,658
chance,tʃæns. tʃɑ:ns,n.,机会,,,kaoyan-shared english-i english-ii source:netem-2024 category:抽象概念 category:认知与抽象名词,659
foreign,'fɒ:rin,adj.,国外的,,,kaoyan-shared english-i english-ii source:netem-2024 category:空间地点,660
apply,ә'plai,vt.,应用,,,kaoyan-shared english-i english-ii source:netem-2024 category:动作行为 category:占有与转移,661
father,'fɑ:ðә,n.,父亲,,,kaoyan-shared english-i english-ii source:netem-2024 category:人类与社会,662
driver,'draivә,n.,驾驶员,,,kaoyan-shared english-i english-ii source:netem-2024 category:职业工作,663
oil,ɒil,n.,油,,,kaoyan-shared english-i english-ii source:netem-2024 category:科学技术,664
anything,'eniθiŋ,pron.,任何事,,,kaoyan-shared english-i english-ii source:netem-2024 category:抽象概念 category:数量与程度,665
access,'ækses,n.,进入、存取,,,kaoyan-shared english-i english-ii source:netem-2024 category:空间地点,666
sport,spɒ:t,n.,体育运动,,,kaoyan-shared english-i english-ii source:netem-2024 category:运动娱乐,667
exist,ig'zist,vi.,存在,,,kaoyan-shared english-i english-ii source:netem-2024 category:动作行为 category:其他动作,668
advantage,әd'vɑ:ntidʒ,n.,优势,,,kaoyan-shared english-i english-ii source:netem-2024 category:抽象概念 category:认知与抽象名词,669
newspaper,'nju:z.peipә,n.,报纸,,,kaoyan-shared english-i english-ii source:netem-2024 category:教育学习,670
remember,ri'membә,vt.,记得,,,kaoyan-shared english-i english-ii source:netem-2024 category:动作行为 category:心理活动,671
agree,ә'gri:,vi.,同意,,,kaoyan-shared english-i english-ii source:netem-2024 category:动作行为 category:其他动作,672
manager,'mænidʒә,n.,经理,,,kaoyan-shared english-i english-ii source:netem-2024 category:职业工作,673
land,lænd,n.,着陆、土地,,,kaoyan-shared english-i english-ii source:netem-2024 category:空间地点,674
solve,sɒlv,vt.,解答,,,kaoyan-shared english-i english-ii source:netem-2024 category:动作行为 category:其他动作,675
function,'fʌŋkʃәn,n.,功能,,,kaoyan-shared english-i english-ii source:netem-2024 category:科学技术,676
management,'mænidʒmәnt,n.,经营、管理,,,kaoyan-shared english-i english-ii source:netem-2024 category:职业工作,677
phrase,freiz,n.,短语,,,kaoyan-shared english-i english-ii source:netem-2024 category:教育学习,678
experiment,ik'sperimәnt,n.,实验,,,kaoyan-shared english-i english-ii source:netem-2024 category:科学技术,679
structure,'strʌktʃә,n.,结构,,,kaoyan-shared english-i english-ii source:netem-2024 category:抽象概念 category:认知与抽象名词,680
everything,'evriθiŋ,pron.,每件事,,,kaoyan-shared english-i english-ii source:netem-2024 category:抽象概念 category:数量与程度,681
sit,sit,vi.,坐在,,,kaoyan-shared english-i english-ii source:netem-2024 category:动作行为 category:身体动作,682
seek,si:k,vt.,寻求,,,kaoyan-shared english-i english-ii source:netem-2024 category:动作行为 category:占有与转移,683
message,'mesidʒ,n.,消息,,,kaoyan-shared english-i english-ii source:netem-2024 category:情感心理,684
per,pә:,prep.,每、经,,,kaoyan-shared english-i english-ii source:netem-2024 category:抽象概念 category:逻辑与关系,685
promote,prәu'mәut,vt.,促进,,,kaoyan-shared english-i english-ii source:netem-2024 category:动作行为 category:身体动作,686
figure,'figә,n.,算计、人物、数字,,,kaoyan-shared english-i english-ii source:netem-2024 category:抽象概念 category:认知与抽象名词,687
road,rәud,n.,路,,,kaoyan-shared english-i english-ii source:netem-2024 category:空间地点,688
limit,'limit,n.,限制,,,kaoyan-shared english-i english-ii source:netem-2024 category:动作行为 category:使动与影响,689
sometimes,'sʌmtaimz,adv.,有时,,,kaoyan-shared english-i english-ii source:netem-2024 category:时间日期,690
fear,fiә,n.,恐惧,,,kaoyan-shared english-i english-ii source:netem-2024 category:情感心理,691
supply,sә'plai,n.,供应,,,kaoyan-shared english-i english-ii source:netem-2024 category:动作行为 category:使动与影响,692
argument,'ɑ:gjumәnt,n.,争论、论据,,,kaoyan-shared english-i english-ii source:netem-2024 category:政治法律,693
relate,ri'leit,vt.,讲述、使相互关联,,,kaoyan-shared english-i english-ii source:netem-2024 category:动作行为 category:社交交互,694
effective,i'fektiv,adj.,有效的,,,kaoyan-shared english-i english-ii source:netem-2024 category:抽象概念 category:性质与评价,695
prevent,pri'vent,v.,阻止,,,kaoyan-shared english-i english-ii source:netem-2024 category:动作行为 category:社交交互,696
pattern,'pætәn,n.,模式、图案,,,kaoyan-shared english-i english-ii source:netem-2024 category:日常生活,697
baby,'beibi,n.,宝贝,,,kaoyan-shared english-i english-ii source:netem-2024 category:人类与社会,698
search,sә:tʃ,n.,搜索,,,kaoyan-shared english-i english-ii source:netem-2024 category:动作行为 category:其他动作,699
itself,it'self,pron.,它自己,,,kaoyan-shared english-i english-ii source:netem-2024 category:抽象概念 category:基础功能词,700
response,ri'spɒns,n.,回应,,,kaoyan-shared english-i english-ii source:netem-2024 category:情感心理,701
beyond,bi'jɒnd,prep.,超越,,,kaoyan-shared english-i english-ii source:netem-2024 category:空间地点,702
regard,ri'gɑ:d,n.,看待,,,kaoyan-shared english-i english-ii source:netem-2024 category:动作行为 category:身体动作,703
reader,'ri:dә,n.,读者、读物,,,kaoyan-shared english-i english-ii source:netem-2024 category:教育学习,704
serious,'siәriәs,adj.,严肃认真的、严重的,,,kaoyan-shared english-i english-ii source:netem-2024 category:情感心理,705
near,niә,adj.,近的、亲近的,,,kaoyan-shared english-i english-ii source:netem-2024 category:空间地点,706
serve,sә:v,vt.,服务,,,kaoyan-shared english-i english-ii source:netem-2024 category:动作行为 category:其他动作,707
president,'prezidәnt,n.,总统,,,kaoyan-shared english-i english-ii source:netem-2024 category:职业工作,708
climate,'klaimit,n.,气候,,,kaoyan-shared english-i english-ii source:netem-2024 category:自然环境,709
heart,hɑ:t,n.,心,,,kaoyan-shared english-i english-ii source:netem-2024 category:人类与社会,710
black,blæk,n.,黑色的,,,kaoyan-shared english-i english-ii source:netem-2024 category:交通旅行,711
traffic,'træfik,n.,交通,,,kaoyan-shared english-i english-ii source:netem-2024 category:交通旅行,712
walk,wɒ:k,n.,走路,,,kaoyan-shared english-i english-ii source:netem-2024 category:动作行为 category:身体动作,713
determine,di'tә:min,v.,决定,,,kaoyan-shared english-i english-ii source:netem-2024 category:动作行为 category:心理活动,714
gain,gein,n.,获得、增加,,,kaoyan-shared english-i english-ii source:netem-2024 category:动作行为 category:身体动作,715
speech,spi:tʃ,n.,演讲、言语,,,kaoyan-shared english-i english-ii source:netem-2024 category:情感心理,716
award,ә'wɒ:d,n.,颁奖、奖励,,,kaoyan-shared english-i english-ii source:netem-2024 category:文化宗教,717
prepare,pri'pєә,vt.,准备,,,kaoyan-shared english-i english-ii source:netem-2024 category:动作行为 category:其他动作,718
except,ik'sept,vt.,除了……之外,,,kaoyan-shared english-i english-ii source:netem-2024 category:抽象概念 category:逻辑与关系,719
publish,'pʌbliʃ,vt.,公布、出版,,,kaoyan-shared english-i english-ii source:netem-2024 category:动作行为 category:其他动作,720
digital,'didʒitәl,adj.,数字的、数码的,,,kaoyan-shared english-i english-ii source:netem-2024 category:科学技术,721
suffer,'sʌfә,vt.,遭受,,,kaoyan-shared english-i english-ii source:netem-2024 category:动作行为 category:其他动作,722
mental,'mentl,adj.,精神的,,,kaoyan-shared english-i english-ii source:netem-2024 category:情感心理,723
positive,'pɒzitiv,adj.,积极的,,,kaoyan-shared english-i english-ii source:netem-2024 category:抽象概念 category:性质与评价,724
outside,'aut'said,n.,外面的,,,kaoyan-shared english-i english-ii source:netem-2024 category:空间地点,725
party,'pɑ:ti,n.,派对,,,kaoyan-shared english-i english-ii source:netem-2024 category:政治法律,726
dream,dri:m,n.,梦想,,,kaoyan-shared english-i english-ii source:netem-2024 category:情感心理,727
increasingly,in'kri:siŋli,adv.,不断增加地,,,kaoyan-shared english-i english-ii source:netem-2024 category:抽象概念 category:数量与程度,728
trade,treid,n.,交易,,,kaoyan-shared english-i english-ii source:netem-2024 category:商业经济,729
contribute,kәn'tribju:t,vt.,贡献,,,kaoyan-shared english-i english-ii source:netem-2024 category:动作行为 category:身体动作,730
drink,driŋk,n.,喝,,,kaoyan-shared english-i english-ii source:netem-2024 category:食物营养,731
therefore,'ðєәfɒ:,adv.,因此,,,kaoyan-shared english-i english-ii source:netem-2024 category:抽象概念 category:逻辑与关系,732
himself,him'self,pron.,他自己、他本人,,,kaoyan-shared english-i english-ii source:netem-2024 category:人类与社会,733
achieve,ә'tʃi:v,vt.,实现,,,kaoyan-shared english-i english-ii source:netem-2024 category:动作行为 category:起始与终止,734
conflict,'kɒnflikt,n.,冲突,,,kaoyan-shared english-i english-ii source:netem-2024 category:动作行为 category:身体动作,735
trouble,'trʌbl,n.,麻烦,,,kaoyan-shared english-i english-ii source:netem-2024 category:动作行为 category:使动与影响,736
nearly,'niәli,adv.,几乎,,,kaoyan-shared english-i english-ii source:netem-2024 category:抽象概念 category:数量与程度,737
girl,gә:l,n.,女孩,,,kaoyan-shared english-i english-ii source:netem-2024 category:人类与社会,738
status,'steitәs,n.,状态,,,kaoyan-shared english-i english-ii source:netem-2024 category:人类与社会,739
exercise,'eksәsaiz,n.,锻炼,,,kaoyan-shared english-i english-ii source:netem-2024 category:动作行为 category:社交交互,740
various,'vєәriәs,adj.,各种各样的,,,kaoyan-shared english-i english-ii source:netem-2024 category:抽象概念 category:性质与评价,741
basic,'beisik,n.,基本的、根本的,,,kaoyan-shared english-i english-ii source:netem-2024 category:抽象概念 category:性质与评价,742
fit,fit,n.,健康的、适合,,,kaoyan-shared english-i english-ii source:netem-2024 category:动作行为 category:社交交互,743
above,ә'bʌv,prep.,在…上面,,,kaoyan-shared english-i english-ii source:netem-2024 category:空间地点,744
occur,ә'kә:,vi.,发生,,,kaoyan-shared english-i english-ii source:netem-2024 category:动作行为 category:心理活动,745
refer,ri'fә:,vt.,提及,,,kaoyan-shared english-i english-ii source:netem-2024 category:动作行为 category:身体动作,746
die,dai,vi.,死,,,kaoyan-shared english-i english-ii source:netem-2024 category:动作行为 category:身体动作,747
town,taun,n.,城镇,,,kaoyan-shared english-i english-ii source:netem-2024 category:空间地点,748
maintain,mein'tein,vt.,保持、维持,,,kaoyan-shared english-i english-ii source:netem-2024 category:动作行为 category:起始与终止,749
wait,weit,n.,等待,,,kaoyan-shared english-i english-ii source:netem-2024 category:动作行为 category:起始与终止,750
failure,'feiljә,n.,失败,,,kaoyan-shared english-i english-ii source:netem-2024 category:抽象概念 category:认知与抽象名词,751
composition,kɒmpә'ziʃәn,n.,构成、作品、作词,,,kaoyan-shared english-i english-ii source:netem-2024 category:教育学习,752
attend,ә'tend,vt.,出席、照看,,,kaoyan-shared english-i english-ii source:netem-2024 category:动作行为 category:心理活动,753
critical,'kritikәl,adj.,批评的、关键的,,,kaoyan-shared english-i english-ii source:netem-2024 category:情感心理,754
alone,ә'lәun,adj.,单独的、仅仅,,,kaoyan-shared english-i english-ii source:netem-2024 category:情感心理,755
meeting,'mi:tiŋ,n.,会议,,,kaoyan-shared english-i english-ii source:netem-2024 category:人类与社会,756
tax,tæks,n.,税、对……征税,,,kaoyan-shared english-i english-ii source:netem-2024 category:商业经济,757
feature,'fi:tʃә,n.,特征、容貌、以……为特色,,,kaoyan-shared english-i english-ii source:netem-2024 category:人类与社会,758
express,ik'spres,n.,表达,,,kaoyan-shared english-i english-ii source:netem-2024 category:动作行为 category:评价与判断,759
shift,ʃift,n.,转移、转换,,,kaoyan-shared english-i english-ii source:netem-2024 category:动作行为 category:变化趋势,760
hundred,'hʌndrәd,n.,百、许多,,,kaoyan-shared english-i english-ii source:netem-2024 category:时间日期,761
simple,'simpl,adj.,简单的,,,kaoyan-shared english-i english-ii source:netem-2024 category:抽象概念 category:性质与评价,762
successful,sәk'sesful,adj.,成功的,,,kaoyan-shared english-i english-ii source:netem-2024 category:抽象概念 category:性质与评价,763
thousand,'θauznd,num.,一千,,,kaoyan-shared english-i english-ii source:netem-2024 category:时间日期,764
theory,'θiәri,n.,理论,,,kaoyan-shared english-i english-ii source:netem-2024 category:抽象概念 category:认知与抽象名词,765
key,ki:,n.,钥匙、关键,,,kaoyan-shared english-i english-ii source:netem-2024 category:科学技术,766
image,'imidʒ,n.,形象、肖像,,,kaoyan-shared english-i english-ii source:netem-2024 category:人类与社会,767
couple,'kʌpl,n.,情侣、夫妻,,,kaoyan-shared english-i english-ii source:netem-2024 category:人类与社会,768
whose,hu:z,pron.,谁的,,,kaoyan-shared english-i english-ii source:netem-2024 category:人类与社会,769
catch,kætʃ,n.,抓住,,,kaoyan-shared english-i english-ii source:netem-2024 category:动作行为 category:身体动作,770
select,si'lekt,adj.,选择,,,kaoyan-shared english-i english-ii source:netem-2024 category:动作行为 category:评价与判断,771
card,kɑ:d,n.,卡片、纸牌,,,kaoyan-shared english-i english-ii source:netem-2024 category:文化宗教,772
cover,'kʌvә,n.,覆盖,,,kaoyan-shared english-i english-ii source:netem-2024 category:动作行为 category:身体动作,773
earn,ә:n,vt.,挣得,,,kaoyan-shared english-i english-ii source:netem-2024 category:动作行为 category:占有与转移,774
farmer,'fɑ:mә,n.,农民,,,kaoyan-shared english-i english-ii source:netem-2024 category:职业工作,775
trend,trend,n.,趋势,,,kaoyan-shared english-i english-ii source:netem-2024 category:动作行为 category:身体动作,776
attract,ә'trækt,vt.,吸引,,,kaoyan-shared english-i english-ii source:netem-2024 category:动作行为 category:身体动作,777
clean,kli:n,adj.,干净的,,,kaoyan-shared english-i english-ii source:netem-2024 category:动作行为 category:其他动作,778
method,'meθәd,n.,方法,,,kaoyan-shared english-i english-ii source:netem-2024 category:教育学习,779
promise,'prɒmis,n.,承诺,,,kaoyan-shared english-i english-ii source:netem-2024 category:动作行为 category:身体动作,780
desire,di'zaiә,n.,渴望,,,kaoyan-shared english-i english-ii source:netem-2024 category:情感心理,781
lie,lai,n.,谎话、说谎,,,kaoyan-shared english-i english-ii source:netem-2024 category:动作行为 category:身体动作,782
healthy,'helθi,adj.,健康的、有益健康的,,,kaoyan-shared english-i english-ii source:netem-2024 category:健康医疗,783
rest,rest,n.,休息,,,kaoyan-shared english-i english-ii source:netem-2024 category:动作行为 category:身体动作,784
difficulty,'difikәlti,n.,困难,,,kaoyan-shared english-i english-ii source:netem-2024 category:抽象概念 category:认知与抽象名词,785
network,'netwә:k,n.,网络,,,kaoyan-shared english-i english-ii source:netem-2024 category:科学技术,786
billion,'biljәn,num.,十亿、万亿,,,kaoyan-shared english-i english-ii source:netem-2024 category:商业经济,787
detail,'di:teil,n.,细节,,,kaoyan-shared english-i english-ii source:netem-2024 category:抽象概念 category:认知与抽象名词,788
daily,'deili,adj.,破晓、开始,,,kaoyan-shared english-i english-ii source:netem-2024 category:时间日期,789
normal,'nɒ:ml,n.,正常的,,,kaoyan-shared english-i english-ii source:netem-2024 category:抽象概念 category:性质与评价,790
reward,ri'wɒ:d,n.,回报、报酬,,,kaoyan-shared english-i english-ii source:netem-2024 category:动作行为 category:其他动作,791
post,pәust,n.,发布、张贴、邮寄,,,kaoyan-shared english-i english-ii source:netem-2024 category:交通旅行,792
cook,kuk,n.,烹饪,,,kaoyan-shared english-i english-ii source:netem-2024 category:食物营养,793
upon,ә'pɒn,prep.,在…上面,,,kaoyan-shared english-i english-ii source:netem-2024 category:空间地点,794
thus,ðʌs,adv.,因此,,,kaoyan-shared english-i english-ii source:netem-2024 category:抽象概念 category:逻辑与关系,795
toward,tә'wɒ:d,prep.,向、朝向,,,kaoyan-shared english-i english-ii source:netem-2024 category:空间地点,796
discover,dis'kʌvә,vt.,探索、发现,,,kaoyan-shared english-i english-ii source:netem-2024 category:动作行为 category:使动与影响,797
behind,bi'haind,adv.,在…后面,,,kaoyan-shared english-i english-ii source:netem-2024 category:空间地点,798
introduce,.intrә'dju:s,vt.,介绍,,,kaoyan-shared english-i english-ii source:netem-2024 category:动作行为 category:身体动作,799
else,els,adj.,其他,,,kaoyan-shared english-i english-ii source:netem-2024 category:抽象概念 category:逻辑与关系,800
drop,drɒp,n.,掉下,,,kaoyan-shared english-i english-ii source:netem-2024 category:动作行为 category:身体动作,801
device,di'vais,n.,装置、方法,,,kaoyan-shared english-i english-ii source:netem-2024 category:科学技术,802
court,kɒ:t,n.,法庭、球场,,,kaoyan-shared english-i english-ii source:netem-2024 category:政治法律,803
drug,drʌg,n.,药,,,kaoyan-shared english-i english-ii source:netem-2024 category:健康医疗,804
warm,wɒ:m,adj.,温暖,,,kaoyan-shared english-i english-ii source:netem-2024 category:抽象概念 category:性质与评价,805
range,'reindʒ,n.,范围,,,kaoyan-shared english-i english-ii source:netem-2024 category:抽象概念 category:认知与抽象名词,806
solution,sә'lu:ʃәn,n.,解决方案,,,kaoyan-shared english-i english-ii source:netem-2024 category:抽象概念 category:认知与抽象名词,807
essential,i'senʃәl,n.,重要的,,,kaoyan-shared english-i english-ii source:netem-2024 category:抽象概念 category:性质与评价,808
particular,pә'tikjulә,n.,特定的,,,kaoyan-shared english-i english-ii source:netem-2024 category:抽象概念 category:性质与评价,809
fashion,'fæʃәn,n.,时尚,,,kaoyan-shared english-i english-ii source:netem-2024 category:交通旅行,810
indicate,'indikeit,vt.,表明,,,kaoyan-shared english-i english-ii source:netem-2024 category:动作行为 category:社交交互,811
accident,'æksidәnt,n.,事故,,,kaoyan-shared english-i english-ii source:netem-2024 category:交通旅行,812
slow,slәu,adj.,慢的,,,kaoyan-shared english-i english-ii source:netem-2024 category:抽象概念 category:性质与评价,813
six,siks,num.,六,,,kaoyan-shared english-i english-ii source:netem-2024 category:时间日期,814
attach,ә'tætʃ,vt.,附上、附加,,,kaoyan-shared english-i english-ii source:netem-2024 category:动作行为 category:身体动作,815
respect,ri'spekt,n.,尊重,,,kaoyan-shared english-i english-ii source:netem-2024 category:动作行为 category:身体动作,816
error,'erә,n.,错误,,,kaoyan-shared english-i english-ii source:netem-2024 category:抽象概念 category:认知与抽象名词,817
happy,'hæpi,adj.,快乐的,,,kaoyan-shared english-i english-ii source:netem-2024 category:情感心理,818
credit,'kredit,n.,信用,,,kaoyan-shared english-i english-ii source:netem-2024 category:商业经济,819
expensive,ik'spensiv,adj.,贵的,,,kaoyan-shared english-i english-ii source:netem-2024 category:商业经济,820
finish,'finiʃ,n.,完成,,,kaoyan-shared english-i english-ii source:netem-2024 category:动作行为 category:起始与终止,821
deep,di:p,adj.,深的,,,kaoyan-shared english-i english-ii source:netem-2024 category:抽象概念 category:性质与评价,822
bill,bil,n.,账单,,,kaoyan-shared english-i english-ii source:netem-2024 category:商业经济,823
fire,'faiә,n.,火、开除,,,kaoyan-shared english-i english-ii source:netem-2024 category:自然环境,824
site,sait,n.,景点、站点,,,kaoyan-shared english-i english-ii source:netem-2024 category:空间地点,825
moment,'mәumәnt,n.,时刻,,,kaoyan-shared english-i english-ii source:netem-2024 category:时间日期,826
belief,bi'li:f,n.,信仰、相信,,,kaoyan-shared english-i english-ii source:netem-2024 category:情感心理,827
museum,mju:'ziәm,n.,博物馆,,,kaoyan-shared english-i english-ii source:netem-2024 category:文化宗教,828
finally,'fainәli,adv.,最终地,,,kaoyan-shared english-i english-ii source:netem-2024 category:抽象概念 category:数量与程度,829
address,ә'dres,n.,演说、地址,,,kaoyan-shared english-i english-ii source:netem-2024 category:日常生活,830
concept,'kɒnsept,n.,概念,,,kaoyan-shared english-i english-ii source:netem-2024 category:抽象概念 category:认知与抽象名词,831
crime,kraim,n.,犯罪,,,kaoyan-shared english-i english-ii source:netem-2024 category:政治法律,832
damage,'dæmidʒ,n.,损害,,,kaoyan-shared english-i english-ii source:netem-2024 category:动作行为 category:使动与影响,833
negative,'negәtiv,n.,消极的,,,kaoyan-shared english-i english-ii source:netem-2024 category:抽象概念 category:性质与评价,834
size,saiz,n.,大小,,,kaoyan-shared english-i english-ii source:netem-2024 category:抽象概念 category:数量与程度,835
restaurant,'restәrɒŋ,n.,饭馆,,,kaoyan-shared english-i english-ii source:netem-2024 category:食物营养,836
federal,'fedәrәl,adj.,联邦的,,,kaoyan-shared english-i english-ii source:netem-2024 category:政治法律,837
labor,'leibә,n.,劳动力,,,kaoyan-shared english-i english-ii source:netem-2024 category:职业工作,838
progress,'prәugres,n.,进步,,,kaoyan-shared english-i english-ii source:netem-2024 category:动作行为 category:变化趋势,839
robot,'rәubәt,n.,机器人,,,kaoyan-shared english-i english-ii source:netem-2024 category:科学技术,840
movement,'mu:vmәnt,n.,运动,,,kaoyan-shared english-i english-ii source:netem-2024 category:动作行为 category:其他动作,841
weather,'weðә,n.,天气,,,kaoyan-shared english-i english-ii source:netem-2024 category:自然环境,842
mistake,mis'teik,n.,错误,,,kaoyan-shared english-i english-ii source:netem-2024 category:动作行为 category:心理活动,843
infer,in'fә:,vt.,推断,,,kaoyan-shared english-i english-ii source:netem-2024 category:动作行为 category:身体动作,844
enter,'entә,vt.,进入,,,kaoyan-shared english-i english-ii source:netem-2024 category:动作行为 category:身体动作,845
charge,tʃɑ:dʒ,n.,收费、索价、充电,,,kaoyan-shared english-i english-ii source:netem-2024 category:商业经济,846
medicine,'medisin,n.,医药,,,kaoyan-shared english-i english-ii source:netem-2024 category:健康医疗,847
engage,in'geidʒ,vi.,吸引、使参加,,,kaoyan-shared english-i english-ii source:netem-2024 category:动作行为 category:使动与影响,848
executive,ig'zekjutiv,n.,实行的、经理,,,kaoyan-shared english-i english-ii source:netem-2024 category:职业工作,849
wide,waid,adj.,广泛的、宽的,,,kaoyan-shared english-i english-ii source:netem-2024 category:抽象概念 category:性质与评价,850
variety,vә'raiәti,n.,多样化、种类,,,kaoyan-shared english-i english-ii source:netem-2024 category:抽象概念 category:认知与抽象名词,851
race,reis,n.,比赛、竞速,,,kaoyan-shared english-i english-ii source:netem-2024 category:运动娱乐,852
object,'ɒbdʒekt,n.,目标、物体,,,kaoyan-shared english-i english-ii source:netem-2024 category:动作行为 category:社交交互,853
manage,'mænidʒ,vi.,管理、设法做到,,,kaoyan-shared english-i english-ii source:netem-2024 category:动作行为 category:社交交互,854
hospital,'hɒspitәl,n.,医院,,,kaoyan-shared english-i english-ii source:netem-2024 category:健康医疗,855
official,ә'fiʃәl,n.,官方的,,,kaoyan-shared english-i english-ii source:netem-2024 category:职业工作,856
huge,hju:dʒ,adj.,大的,,,kaoyan-shared english-i english-ii source:netem-2024 category:抽象概念 category:数量与程度,857
hire,haiә,n.,雇佣,,,kaoyan-shared english-i english-ii source:netem-2024 category:动作行为 category:占有与转移,858
hotel,hәu'tel,n.,酒店,,,kaoyan-shared english-i english-ii source:netem-2024 category:日常生活,859
treat,tri:t,n.,对待,,,kaoyan-shared english-i english-ii source:netem-2024 category:动作行为 category:其他动作,860
perform,pә'fɒ:m,vt.,演奏、执行,,,kaoyan-shared english-i english-ii source:netem-2024 category:动作行为 category:使动与影响,861
employer,im'plɒiә,n.,雇主,,,kaoyan-shared english-i english-ii source:netem-2024 category:职业工作,862
literature,'litәrәtʃә,n.,文学,,,kaoyan-shared english-i english-ii source:netem-2024 category:文化宗教,863
profit,'prɒfit,n.,利润,,,kaoyan-shared english-i english-ii source:netem-2024 category:商业经济,864
article,'ɑ:tikl,n.,文章,,,kaoyan-shared english-i english-ii source:netem-2024 category:教育学习,865
weight,weit,n.,体重,,,kaoyan-shared english-i english-ii source:netem-2024 category:科学技术,866
trip,trip,n.,旅行,,,kaoyan-shared english-i english-ii source:netem-2024 category:交通旅行,867
investment,in'vestmәnt,n.,投资,,,kaoyan-shared english-i english-ii source:netem-2024 category:商业经济,868
due,dju:,n.,预期的、到期的,,,kaoyan-shared english-i english-ii source:netem-2024 category:抽象概念 category:性质与评价,869
aspect,'æspekt,n.,样子、方面,,,kaoyan-shared english-i english-ii source:netem-2024 category:抽象概念 category:认知与抽象名词,870
wear,wєә,n.,穿着,,,kaoyan-shared english-i english-ii source:netem-2024 category:动作行为 category:身体动作,871
define,di'fain,vt.,定义,,,kaoyan-shared english-i english-ii source:netem-2024 category:动作行为 category:评价与判断,872
balance,'bælәns,n.,平衡,,,kaoyan-shared english-i english-ii source:netem-2024 category:商业经济,873
enable,i'neibl,vt.,使能够,,,kaoyan-shared english-i english-ii source:netem-2024 category:动作行为 category:使动与影响,874
consumption,kәn'sʌmpʃәn,n.,消费、消耗,,,kaoyan-shared english-i english-ii source:netem-2024 category:商业经济,875
character,'kærәktә,n.,性格,,,kaoyan-shared english-i english-ii source:netem-2024 category:人类与社会,876
crisis,'kraisis,n.,危机,,,kaoyan-shared english-i english-ii source:netem-2024 category:政治法律,877
dollar,'dɒlә,n.,美元,,,kaoyan-shared english-i english-ii source:netem-2024 category:商业经济,878
green,gri:n,n.,绿的、未熟的,,,kaoyan-shared english-i english-ii source:netem-2024 category:交通旅行,879
immigrant,'imigrәnt,n.,移民,,,kaoyan-shared english-i english-ii source:netem-2024 category:人类与社会,880
contact,'kɒntækt,n.,联系,,,kaoyan-shared english-i english-ii source:netem-2024 category:动作行为 category:身体动作,881
cold,kәuld,n.,冷的,,,kaoyan-shared english-i english-ii source:netem-2024 category:健康医疗,882
reality,ri'æliti,n.,现实、真实的事物,,,kaoyan-shared english-i english-ii source:netem-2024 category:抽象概念 category:认知与抽象名词,883
department,di'pɑ:tmәnt,n.,部门,,,kaoyan-shared english-i english-ii source:netem-2024 category:政治法律,884
comment,'kɒment,n.,评论,,,kaoyan-shared english-i english-ii source:netem-2024 category:动作行为 category:评价与判断,885
board,bɒ:d,n.,板,,,kaoyan-shared english-i english-ii source:netem-2024 category:日常生活,886
consequence,'kɒnsikwәns,n.,后果、结果,,,kaoyan-shared english-i english-ii source:netem-2024 category:抽象概念 category:认知与抽象名词,887
style,stail,n.,风格,,,kaoyan-shared english-i english-ii source:netem-2024 category:文化宗教,888
fight,fait,n.,打斗,,,kaoyan-shared english-i english-ii source:netem-2024 category:动作行为 category:身体动作,889
advice,әd'vais,n.,建议,,,kaoyan-shared english-i english-ii source:netem-2024 category:情感心理,890
meal,mi:l,n.,饭,,,kaoyan-shared english-i english-ii source:netem-2024 category:食物营养,891
worry,'wʌri,n.,担心,,,kaoyan-shared english-i english-ii source:netem-2024 category:动作行为 category:其他动作,892
tool,tu:l,n.,工具,,,kaoyan-shared english-i english-ii source:netem-2024 category:科学技术,893
waste,weist,n.,浪费,,,kaoyan-shared english-i english-ii source:netem-2024 category:动作行为 category:占有与转移,894
predict,pri'dikt,v.,预测,,,kaoyan-shared english-i english-ii source:netem-2024 category:动作行为 category:其他动作,895
despite,di'spait,n.,尽管,,,kaoyan-shared english-i english-ii source:netem-2024 category:抽象概念 category:逻辑与关系,896
morning,'mɒ:niŋ,n.,早晨,,,kaoyan-shared english-i english-ii source:netem-2024 category:时间日期,897
operation,.ɒpә'reiʃәn,n.,运营、操作,,,kaoyan-shared english-i english-ii source:netem-2024 category:科学技术,898
industrial,in'dʌstriәl,adj.,工业的,,,kaoyan-shared english-i english-ii source:netem-2024 category:商业经济,899
stage,steidʒ,n.,阶段,,,kaoyan-shared english-i english-ii source:netem-2024 category:空间地点,900
kill,kil,n.,杀,,,kaoyan-shared english-i english-ii source:netem-2024 category:动作行为 category:使动与影响,901
specific,spi'sifik,n.,具体的、详细的,,,kaoyan-shared english-i english-ii source:netem-2024 category:抽象概念 category:性质与评价,902
highly,'haili,adv.,高度地,,,kaoyan-shared english-i english-ii source:netem-2024 category:抽象概念 category:数量与程度,903
purchase,'pә:tʃәs,n.,购买,,,kaoyan-shared english-i english-ii source:netem-2024 category:商业经济,904
director,di'rektә,n.,指挥者,,,kaoyan-shared english-i english-ii source:netem-2024 category:职业工作,905
significant,sig'nifikәnt,adj.,有意义的、重要的,,,kaoyan-shared english-i english-ii source:netem-2024 category:抽象概念 category:性质与评价,906
feeling,'fi:liŋ,n.,感受,,,kaoyan-shared english-i english-ii source:netem-2024 category:情感心理,907
replace,ri'pleis,vt.,替代,,,kaoyan-shared english-i english-ii source:netem-2024 category:动作行为 category:其他动作,908
yourself,juә'self,pron.,你自己、你亲自,,,kaoyan-shared english-i english-ii source:netem-2024 category:人类与社会,909
print,print,n.,打印,,,kaoyan-shared english-i english-ii source:netem-2024 category:科学技术,910
shape,ʃeip,n.,形状,,,kaoyan-shared english-i english-ii source:netem-2024 category:动作行为 category:身体动作,911
thirty,'θә:ti,num.,三十,,,kaoyan-shared english-i english-ii source:netem-2024 category:时间日期,912
ground,graund,n.,地面、场所,,,kaoyan-shared english-i english-ii source:netem-2024 category:空间地点,913
screen,skri:n,n.,屏幕,,,kaoyan-shared english-i english-ii source:netem-2024 category:日常生活,914
struggle,'strʌgl,n.,斗争、奋斗,,,kaoyan-shared english-i english-ii source:netem-2024 category:动作行为 category:其他动作,915
lay,lei,vt.,放置、躺、位于、说谎,,,kaoyan-shared english-i english-ii source:netem-2024 category:动作行为 category:其他动作,916
sea,si:,n.,大海,,,kaoyan-shared english-i english-ii source:netem-2024 category:自然环境,917
forget,fә'get,vt.,忘记,,,kaoyan-shared english-i english-ii source:netem-2024 category:动作行为 category:心理活动,918
expand,ik'spænd,vt.,扩大,,,kaoyan-shared english-i english-ii source:netem-2024 category:动作行为 category:使动与影响,919
cross,krɒs,n.,跨过、穿过,,,kaoyan-shared english-i english-ii source:netem-2024 category:动作行为 category:身体动作,920
multiple,'mʌltipl,n.,多种多样的、倍数,,,kaoyan-shared english-i english-ii source:netem-2024 category:抽象概念 category:性质与评价,921
wife,waif,n.,妻子,,,kaoyan-shared english-i english-ii source:netem-2024 category:人类与社会,922
intellectual,.intә'lektʃuәl,n.,知识分子、知识的,,,kaoyan-shared english-i english-ii source:netem-2024 category:教育学习,923
fund,fʌnd,n.,资金,,,kaoyan-shared english-i english-ii source:netem-2024 category:商业经济,924
conduct,"'kɔndʌkt, -dәkt",n.,实施、开展,,,kaoyan-shared english-i english-ii source:netem-2024 category:动作行为 category:身体动作,925
direct,di'rekt,adj.,径直的、直接的,,,kaoyan-shared english-i english-ii source:netem-2024 category:动作行为 category:社交交互,926
ensure,in'ʃuә,vt.,确保,,,kaoyan-shared english-i english-ii source:netem-2024 category:动作行为 category:使动与影响,927
safety,'seifti,n.,安全,,,kaoyan-shared english-i english-ii source:netem-2024 category:健康医疗,928
region,'ri:dʒәn,n.,地区,,,kaoyan-shared english-i english-ii source:netem-2024 category:空间地点,929
tourist,'tuәrist,n.,旅行者,,,kaoyan-shared english-i english-ii source:netem-2024 category:交通旅行,930
legal,'li:gәl,adj.,法律的、合法的,,,kaoyan-shared english-i english-ii source:netem-2024 category:政治法律,931
link,liŋk,n.,连接,,,kaoyan-shared english-i english-ii source:netem-2024 category:动作行为 category:身体动作,932
reflect,ri'flekt,vt.,反射、反映、思考,,,kaoyan-shared english-i english-ii source:netem-2024 category:动作行为 category:身体动作,933
aim,eim,n.,目标,,,kaoyan-shared english-i english-ii source:netem-2024 category:动作行为 category:其他动作,934
husband,'hʌzbәnd,n.,丈夫,,,kaoyan-shared english-i english-ii source:netem-2024 category:人类与社会,935
underline,'ʌndәlain,vt.,下划线、强调,,,kaoyan-shared english-i english-ii source:netem-2024 category:动作行为 category:其他动作,936
worth,wә:θ,n.,值得,,,kaoyan-shared english-i english-ii source:netem-2024 category:抽象概念 category:认知与抽象名词,937
freedom,'fri:dәm,n.,自由,,,kaoyan-shared english-i english-ii source:netem-2024 category:政治法律,938
suppose,sә'pәuz,vt.,假设,,,kaoyan-shared english-i english-ii source:netem-2024 category:动作行为 category:心理活动,939
reveal,ri'vi:l,vt.,显露、展现,,,kaoyan-shared english-i english-ii source:netem-2024 category:动作行为 category:社交交互,940
poverty,'pɒvәti,n.,贫穷,,,kaoyan-shared english-i english-ii source:netem-2024 category:商业经济,941
advance,әd'vɑ:ns,n.,前进、提高,,,kaoyan-shared english-i english-ii source:netem-2024 category:动作行为 category:身体动作,942
south,sauθ,n.,南、南方的,,,kaoyan-shared english-i english-ii source:netem-2024 category:空间地点,943
smoke,smәuk,n.,烟,,,kaoyan-shared english-i english-ii source:netem-2024 category:自然环境,944
practical,'præktikl,adj.,实际的,,,kaoyan-shared english-i english-ii source:netem-2024 category:抽象概念 category:性质与评价,945
male,meil,n.,男性、男性的,,,kaoyan-shared english-i english-ii source:netem-2024 category:人类与社会,946
commercial,kә'mә:ʃәl,adj.,商业的,,,kaoyan-shared english-i english-ii source:netem-2024 category:商业经济,947
peer,piә,n.,凝视、同伴、贵族,,,kaoyan-shared english-i english-ii source:netem-2024 category:人类与社会,948
attack,ә'tæk,n.,攻击,,,kaoyan-shared english-i english-ii source:netem-2024 category:动作行为 category:身体动作,949
holiday,'hɒlәdi,n.,假日,,,kaoyan-shared english-i english-ii source:netem-2024 category:时间日期,950
limited,'limitid,adj.,有限的、有限责任的,,,kaoyan-shared english-i english-ii source:netem-2024 category:抽象概念 category:性质与评价,951
push,puʃ,n.,推,,,kaoyan-shared english-i english-ii source:netem-2024 category:动作行为 category:身体动作,952
twenty,'twenti,num.,二十,,,kaoyan-shared english-i english-ii source:netem-2024 category:时间日期,953
police,pә'li:s,n.,警察,,,kaoyan-shared english-i english-ii source:netem-2024 category:政治法律,954
film,film,n.,电影,,,kaoyan-shared english-i english-ii source:netem-2024 category:运动娱乐,955
review,ri'vju:,n.,复习、回顾、评论,,,kaoyan-shared english-i english-ii source:netem-2024 category:动作行为 category:评价与判断,956
attempt,ә'tempt,n.,试图、企图,,,kaoyan-shared english-i english-ii source:netem-2024 category:动作行为 category:身体动作,957
wealth,welθ,n.,财富,,,kaoyan-shared english-i english-ii source:netem-2024 category:商业经济,958
associate,ә'sәuʃieit,n.,联系、结交,,,kaoyan-shared english-i english-ii source:netem-2024 category:动作行为 category:心理活动,959
prefer,pri'fә:,vt.,偏好,,,kaoyan-shared english-i english-ii source:netem-2024 category:动作行为 category:其他动作,960
title,'taitl,n.,标题,,,kaoyan-shared english-i english-ii source:netem-2024 category:教育学习,961
creative,kri:'eitiv,adj.,有创造力的,,,kaoyan-shared english-i english-ii source:netem-2024 category:情感心理,962
trust,trʌst,n.,信任,,,kaoyan-shared english-i english-ii source:netem-2024 category:动作行为 category:身体动作,963
ill,il,n.,有病的、坏的,,,kaoyan-shared english-i english-ii source:netem-2024 category:健康医疗,964
box,bɒks,n.,盒子,,,kaoyan-shared english-i english-ii source:netem-2024 category:日常生活,965
cry,krai,n.,哭泣,,,kaoyan-shared english-i english-ii source:netem-2024 category:动作行为 category:身体动作,966
hardly,'hɑ:dli,adv.,几乎不、仅仅,,,kaoyan-shared english-i english-ii source:netem-2024 category:抽象概念 category:数量与程度,967
responsible,ri'spɒnsәbl,adj.,应负责的、可靠的,,,kaoyan-shared english-i english-ii source:netem-2024 category:情感心理,968
track,træk,n.,追踪、足迹、痕迹,,,kaoyan-shared english-i english-ii source:netem-2024 category:动作行为 category:身体动作,969
warn,wɒ:n,vt.,警告,,,kaoyan-shared english-i english-ii source:netem-2024 category:动作行为 category:社交交互,970
total,'tәutl,adj.,总共的,,,kaoyan-shared english-i english-ii source:netem-2024 category:抽象概念 category:数量与程度,971
derive,di'raiv,vt.,取得,,,kaoyan-shared english-i english-ii source:netem-2024 category:动作行为 category:占有与转移,972
china,'tʃainә,n.,瓷器,,,kaoyan-shared english-i english-ii source:netem-2024 category:日常生活,973
textbook,'tekstbuk,n.,课本,,,kaoyan-shared english-i english-ii source:netem-2024 category:教育学习,974
extra,'ekstrә,n.,额外的,,,kaoyan-shared english-i english-ii source:netem-2024 category:抽象概念 category:数量与程度,975
electronic,.ilek'trɒnik,adj.,电子的,,,kaoyan-shared english-i english-ii source:netem-2024 category:科学技术,976
ignore,ig'nɒ:,vt.,忽视,,,kaoyan-shared english-i english-ii source:netem-2024 category:动作行为 category:其他动作,977
survive,sә'vaiv,vt.,幸存,,,kaoyan-shared english-i english-ii source:netem-2024 category:动作行为 category:其他动作,978
bird,bә:d,n.,鸟,,,kaoyan-shared english-i english-ii source:netem-2024 category:自然环境,979
heavy,'hevi,adj.,重的,,,kaoyan-shared english-i english-ii source:netem-2024 category:抽象概念 category:性质与评价,980
fuel,'fjuәl,n.,燃料,,,kaoyan-shared english-i english-ii source:netem-2024 category:科学技术,981
magazine,.mægә'zi:n,n.,杂志,,,kaoyan-shared english-i english-ii source:netem-2024 category:教育学习,982
summer,'sʌmә,n.,夏天、夏季的,,,kaoyan-shared english-i english-ii source:netem-2024 category:时间日期,983
complex,kәm'pleks,n.,复杂的,,,kaoyan-shared english-i english-ii source:netem-2024 category:抽象概念 category:性质与评价,984
danger,'deindʒә,n.,危险,,,kaoyan-shared english-i english-ii source:netem-2024 category:健康医疗,985
piece,pi:s,n.,（一）件、碎片,,,kaoyan-shared english-i english-ii source:netem-2024 category:日常生活,986
option,'ɒpʃәn,n.,选项,,,kaoyan-shared english-i english-ii source:netem-2024 category:抽象概念 category:认知与抽象名词,987
throughout,θru:'aut,adv.,遍及、到处,,,kaoyan-shared english-i english-ii source:netem-2024 category:空间地点,988
library,'laibrәri,n.,图书馆,,,kaoyan-shared english-i english-ii source:netem-2024 category:教育学习,989
mention,'menʃәn,n.,提及,,,kaoyan-shared english-i english-ii source:netem-2024 category:动作行为 category:身体动作,990
institution,.insti'tju:ʃәn,n.,机构,,,kaoyan-shared english-i english-ii source:netem-2024 category:政治法律,991
appeal,ә'pi:l,n.,呼吁、吸引,,,kaoyan-shared english-i english-ii source:netem-2024 category:动作行为 category:身体动作,992
background,'bækgraund,n.,背景,,,kaoyan-shared english-i english-ii source:netem-2024 category:人类与社会,993
colleague,'kɒli:g,n.,同事,,,kaoyan-shared english-i english-ii source:netem-2024 category:职业工作,994
intend,in'tend,vt.,想要（做某事）,,,kaoyan-shared english-i english-ii source:netem-2024 category:动作行为 category:身体动作,995
strategy,'strætidʒi,n.,策略,,,kaoyan-shared english-i english-ii source:netem-2024 category:政治法律,996
paint,peint,n.,绘画,,,kaoyan-shared english-i english-ii source:netem-2024 category:运动娱乐,997
exact,ig'zækt,adj.,确切的、特定的,,,kaoyan-shared english-i english-ii source:netem-2024 category:抽象概念 category:性质与评价,998
journal,'dʒә:nәl,n.,日记,,,kaoyan-shared english-i english-ii source:netem-2024 category:教育学习,999
grant,grænt,n.,同意、授予,,,kaoyan-shared english-i english-ii source:netem-2024 category:动作行为 category:身体动作,1000
factory,'fæktәri,n.,工厂,,,kaoyan-shared english-i english-ii source:netem-2024 category:商业经济,1001
authority,ɒ:'θɒriti,n.,权力、权威人士,,,kaoyan-shared english-i english-ii source:netem-2024 category:政治法律,1002
association,ә.sәuʃә'eiʃәn,n.,协会,,,kaoyan-shared english-i english-ii source:netem-2024 category:文化宗教,1003
tree,tri:,n.,树、爬上树,,,kaoyan-shared english-i english-ii source:netem-2024 category:自然环境,1004
arrive,ә'raiv,vi.,到、达到,,,kaoyan-shared english-i english-ii source:netem-2024 category:动作行为 category:起始与终止,1005
ready,'redi,n.,准备好的,,,kaoyan-shared english-i english-ii source:netem-2024 category:抽象概念 category:性质与评价,1006
cheap,tʃi:p,adj.,便宜的、不值钱的,,,kaoyan-shared english-i english-ii source:netem-2024 category:商业经济,1007
patent,'pætnt. 'peitnt,n.,专利、专利的,,,kaoyan-shared english-i english-ii source:netem-2024 category:科学技术,1008
flight,flait,n.,航班,,,kaoyan-shared english-i english-ii source:netem-2024 category:交通旅行,1009
spread,spred,n.,传播,,,kaoyan-shared english-i english-ii source:netem-2024 category:动作行为 category:身体动作,1010
expense,ik'spens,n.,花费,,,kaoyan-shared english-i english-ii source:netem-2024 category:商业经济,1011
famous,'feimәs,adj.,有名的,,,kaoyan-shared english-i english-ii source:netem-2024 category:情感心理,1012
indeed,in'di:d,adv.,确实,,,kaoyan-shared english-i english-ii source:netem-2024 category:抽象概念 category:数量与程度,1013
establish,i'stæbliʃ,vt.,建立、查实,,,kaoyan-shared english-i english-ii source:netem-2024 category:动作行为 category:身体动作,1014
observe,әb'zә:v,vt.,观察,,,kaoyan-shared english-i english-ii source:netem-2024 category:动作行为 category:心理活动,1015
chief,tʃi:f,n.,首领、主要的,,,kaoyan-shared english-i english-ii source:netem-2024 category:职业工作,1016
safe,seif,n.,安全的,,,kaoyan-shared english-i english-ii source:netem-2024 category:健康医疗,1017
nor,nɒ:,conj.,也不,,,kaoyan-shared english-i english-ii source:netem-2024 category:抽象概念 category:逻辑与关系,1018
foot,fut,n.,脚、走,,,kaoyan-shared english-i english-ii source:netem-2024 category:人类与社会,1019
debate,di'beit,n.,讨论,,,kaoyan-shared english-i english-ii source:netem-2024 category:政治法律,1020
agency,'eidʒәnsi,n.,机构,,,kaoyan-shared english-i english-ii source:netem-2024 category:商业经济,1021
educate,'edjukeit,vt.,教育,,,kaoyan-shared english-i english-ii source:netem-2024 category:动作行为 category:社交交互,1022
compete,kәm'pi:t,vi.,竞争,,,kaoyan-shared english-i english-ii source:netem-2024 category:动作行为 category:社交交互,1023
wish,wiʃ,n.,希望,,,kaoyan-shared english-i english-ii source:netem-2024 category:动作行为 category:身体动作,1024
staff,stɑ:f,n.,员工,,,kaoyan-shared english-i english-ii source:netem-2024 category:职业工作,1025
adapt,ә'dæpt,vt.,改编、适应,,,kaoyan-shared english-i english-ii source:netem-2024 category:动作行为 category:身体动作,1026
boss,bɒs,n.,老板,,,kaoyan-shared english-i english-ii source:netem-2024 category:职业工作,1027
unless,.ʌn'les,conj.,除非,,,kaoyan-shared english-i english-ii source:netem-2024 category:抽象概念 category:逻辑与关系,1028
unemployment,.ʌnim'plɒimәnt,n.,失业,,,kaoyan-shared english-i english-ii source:netem-2024 category:商业经济,1029
fix,fiks,vt.,固定、修理,,,kaoyan-shared english-i english-ii source:netem-2024 category:动作行为 category:身体动作,1030
scale,skeil,n.,规模、刻度、天平,,,kaoyan-shared english-i english-ii source:netem-2024 category:抽象概念 category:认知与抽象名词,1031
possibility,.pɒsә'biliti,n.,可能、可能的事,,,kaoyan-shared english-i english-ii source:netem-2024 category:抽象概念 category:认知与抽象名词,1032
application,.æpli'keiʃәn,n.,应用、申请,,,kaoyan-shared english-i english-ii source:netem-2024 category:教育学习,1033
participant,pɑ:'tisipәnt,n.,参与者,,,kaoyan-shared english-i english-ii source:netem-2024 category:人类与社会,1034
union,'ju:njәn,n.,一致、联合,,,kaoyan-shared english-i english-ii source:netem-2024 category:政治法律,1035
threat,θret,n.,威胁,,,kaoyan-shared english-i english-ii source:netem-2024 category:动作行为 category:社交交互,1036
emotion,i'mәuʃәn,n.,情感,,,kaoyan-shared english-i english-ii source:netem-2024 category:情感心理,1037
western,'westәn,n.,西方的,,,kaoyan-shared english-i english-ii source:netem-2024 category:空间地点,1038
marriage,'mæridʒ,n.,结婚、结婚仪式,,,kaoyan-shared english-i english-ii source:netem-2024 category:人类与社会,1039
capacity,kә'pæsiti,n.,容量、能力、生产力,,,kaoyan-shared english-i english-ii source:netem-2024 category:抽象概念 category:认知与抽象名词,1040
score,skɒ:,n.,分数,,,kaoyan-shared english-i english-ii source:netem-2024 category:动作行为 category:其他动作,1041
obvious,'ɒbviәs,adj.,明显的,,,kaoyan-shared english-i english-ii source:netem-2024 category:抽象概念 category:性质与评价,1042
relation,ri'leiʃәn,n.,关系,,,kaoyan-shared english-i english-ii source:netem-2024 category:人类与社会,1043
lesson,'lesn,n.,课、教训,,,kaoyan-shared english-i english-ii source:netem-2024 category:教育学习,1044
passenger,'pæsindʒә,n.,乘客,,,kaoyan-shared english-i english-ii source:netem-2024 category:交通旅行,1045
represent,.repri'zent,vt.,代表,,,kaoyan-shared english-i english-ii source:netem-2024 category:动作行为 category:身体动作,1046
mile,mail,n.,英里,,,kaoyan-shared english-i english-ii source:netem-2024 category:科学技术,1047
regular,'regjulә,adj.,定期的、常规的,,,kaoyan-shared english-i english-ii source:netem-2024 category:抽象概念 category:性质与评价,1048
adopt,ә'dɒpt,vt.,采用、收养,,,kaoyan-shared english-i english-ii source:netem-2024 category:动作行为 category:其他动作,1049
voice,vɒis,n.,声音,,,kaoyan-shared english-i english-ii source:netem-2024 category:动作行为 category:社交交互,1050
movie,'mu:vi,n.,电影,,,kaoyan-shared english-i english-ii source:netem-2024 category:运动娱乐,1051
characteristic,.kærәktә'ristik,n.,特征、独有的,,,kaoyan-shared english-i english-ii source:netem-2024 category:抽象概念 category:认知与抽象名词,1052
join,dʒɒin,vi.,参加,,,kaoyan-shared english-i english-ii source:netem-2024 category:动作行为 category:使动与影响,1053
operate,'ɒpәreit,v.,运转、动手术,,,kaoyan-shared english-i english-ii source:netem-2024 category:动作行为 category:身体动作,1054
pollution,pә'lu:ʃәn,n.,污染,,,kaoyan-shared english-i english-ii source:netem-2024 category:自然环境,1055
discuss,dis'kʌs,vt.,讨论,,,kaoyan-shared english-i english-ii source:netem-2024 category:动作行为 category:社交交互,1056
extend,ik'stend,v.,延伸、延展,,,kaoyan-shared english-i english-ii source:netem-2024 category:动作行为 category:身体动作,1057
appropriate,ә'prәupriәt,adj.,恰当的,,,kaoyan-shared english-i english-ii source:netem-2024 category:抽象概念 category:性质与评价,1058
match,mætʃ,n.,比赛、匹配,,,kaoyan-shared english-i english-ii source:netem-2024 category:动作行为 category:身体动作,1059
date,deit,n.,日期,,,kaoyan-shared english-i english-ii source:netem-2024 category:时间日期,1060
ancient,'einʃәnt,adj.,古老的,,,kaoyan-shared english-i english-ii source:netem-2024 category:时间日期,1061
majority,mә'dʒɒriti,n.,多数、半数以上,,,kaoyan-shared english-i english-ii source:netem-2024 category:抽象概念 category:数量与程度,1062
wonder,'wʌndә,n.,好奇、奇观,,,kaoyan-shared english-i english-ii source:netem-2024 category:动作行为 category:心理活动,1063
forest,'fɒrist,n.,森林,,,kaoyan-shared english-i english-ii source:netem-2024 category:自然环境,1064
unique,ju:'ni:k,adj.,独特的,,,kaoyan-shared english-i english-ii source:netem-2024 category:抽象概念 category:性质与评价,1065
finding,'faindiŋ,n.,发现、调查结果,,,kaoyan-shared english-i english-ii source:netem-2024 category:抽象概念 category:认知与抽象名词,1066
gas,gæs,n.,气体、天然气,,,kaoyan-shared english-i english-ii source:netem-2024 category:科学技术,1067
separate,'sepәreit,n.,分开,,,kaoyan-shared english-i english-ii source:netem-2024 category:动作行为 category:变化趋势,1068
audience,'ɒ:diәns,n.,观众,,,kaoyan-shared english-i english-ii source:netem-2024 category:文化宗教,1069
station,'steiʃәn,n.,车站,,,kaoyan-shared english-i english-ii source:netem-2024 category:空间地点,1070
carbon,'kɑ:bәn,n.,碳、复写纸,,,kaoyan-shared english-i english-ii source:netem-2024 category:科学技术,1071
female,'fi:meil,n.,女性、雌性,,,kaoyan-shared english-i english-ii source:netem-2024 category:人类与社会,1072
conclude,kәn'klu:d,vt.,总结,,,kaoyan-shared english-i english-ii source:netem-2024 category:动作行为 category:起始与终止,1073
employ,im'plɒi,n.,雇佣、采用,,,kaoyan-shared english-i english-ii source:netem-2024 category:动作行为 category:使动与影响,1074
conclusion,kәn'klu:ʒәn,n.,总结,,,kaoyan-shared english-i english-ii source:netem-2024 category:抽象概念 category:认知与抽象名词,1075
moral,'mɒrәl,n.,道德的,,,kaoyan-shared english-i english-ii source:netem-2024 category:情感心理,1076
expression,ik'spreʃәn,n.,表达、措词,,,kaoyan-shared english-i english-ii source:netem-2024 category:抽象概念 category:认知与抽象名词,1077
wall,wɒ:l,n.,墙壁,,,kaoyan-shared english-i english-ii source:netem-2024 category:日常生活,1078
temperature,'temprәtʃә,n.,温度,,,kaoyan-shared english-i english-ii source:netem-2024 category:健康医疗,1079
principle,'prinsipl,n.,原则,,,kaoyan-shared english-i english-ii source:netem-2024 category:抽象概念 category:认知与抽象名词,1080
acquire,ә'kwaiә,vt.,获得,,,kaoyan-shared english-i english-ii source:netem-2024 category:动作行为 category:占有与转移,1081
mail,meil,n.,邮件,,,kaoyan-shared english-i english-ii source:netem-2024 category:交通旅行,1082
consume,kәn'sju:m,vt.,消耗、耗尽,,,kaoyan-shared english-i english-ii source:netem-2024 category:动作行为 category:占有与转移,1083
aware,ә'wєә,adj.,意识的,,,kaoyan-shared english-i english-ii source:netem-2024 category:情感心理,1084
owner,'әunә,n.,物主,,,kaoyan-shared english-i english-ii source:netem-2024 category:人类与社会,1085
classroom,'klɑ:sru:m,n.,教室,,,kaoyan-shared english-i english-ii source:netem-2024 category:教育学习,1086
campus,'kæmpәs,n.,校园,,,kaoyan-shared english-i english-ii source:netem-2024 category:教育学习,1087
pain,pein,n.,痛苦,,,kaoyan-shared english-i english-ii source:netem-2024 category:健康医疗,1088
aid,eid,n.,援助,,,kaoyan-shared english-i english-ii source:netem-2024 category:动作行为 category:身体动作,1089
doubt,daut,n.,怀疑,,,kaoyan-shared english-i english-ii source:netem-2024 category:情感心理,1090
ice,ais,n.,冰、使结冰,,,kaoyan-shared english-i english-ii source:netem-2024 category:自然环境,1091
cell,sel,n.,细胞,,,kaoyan-shared english-i english-ii source:netem-2024 category:健康医疗,1092
confidence,'kɒnfidәns,n.,信任,,,kaoyan-shared english-i english-ii source:netem-2024 category:情感心理,1093
imagine,i'mædʒin,vt.,想象,,,kaoyan-shared english-i english-ii source:netem-2024 category:动作行为 category:心理活动,1094
taste,teist,n.,口味,,,kaoyan-shared english-i english-ii source:netem-2024 category:动作行为 category:身体动作,1095
resident,'rezidәnt,n.,居民、居住的,,,kaoyan-shared english-i english-ii source:netem-2024 category:人类与社会,1096
equal,'i:kwәl,n.,平等的,,,kaoyan-shared english-i english-ii source:netem-2024 category:抽象概念 category:性质与评价,1097
senior,'si:njә,n.,年长的、资格老的,,,kaoyan-shared english-i english-ii source:netem-2024 category:人类与社会,1098
dinner,'dinә,n.,正餐,,,kaoyan-shared english-i english-ii source:netem-2024 category:食物营养,1099
innovation,.inәu'veiʃәn,n.,革新、新方法,,,kaoyan-shared english-i english-ii source:netem-2024 category:科学技术,1100
pick,pik,n.,挑,,,kaoyan-shared english-i english-ii source:netem-2024 category:动作行为 category:评价与判断,1101
overall,'әuvәrɒ:l,adj.,全面的、总体上,,,kaoyan-shared english-i english-ii source:netem-2024 category:抽象概念 category:性质与评价,1102
succeed,sәk'si:d,vi.,成功、接替,,,kaoyan-shared english-i english-ii source:netem-2024 category:动作行为 category:占有与转移,1103
strike,straik,n.,击打,,,kaoyan-shared english-i english-ii source:netem-2024 category:动作行为 category:身体动作,1104
examine,ig'zæmin,v.,检查,,,kaoyan-shared english-i english-ii source:netem-2024 category:动作行为 category:评价与判断,1105
instruction,in'strʌkʃәn,n.,指令、教导,,,kaoyan-shared english-i english-ii source:netem-2024 category:教育学习,1106
cancer,'kænsә,n.,癌症,,,kaoyan-shared english-i english-ii source:netem-2024 category:健康医疗,1107
judge,dʒʌdʒ,n.,判断,,,kaoyan-shared english-i english-ii source:netem-2024 category:职业工作,1108
divide,di'vaid,vi.,划分,,,kaoyan-shared english-i english-ii source:netem-2024 category:动作行为 category:变化趋势,1109
rely,ri'lai,vi.,依靠,,,kaoyan-shared english-i english-ii source:netem-2024 category:动作行为 category:其他动作,1110
former,'fɒ:mә,adj.,以前的、前者,,,kaoyan-shared english-i english-ii source:netem-2024 category:抽象概念 category:性质与评价,1111
instance,'instәns,n.,例子,,,kaoyan-shared english-i english-ii source:netem-2024 category:抽象概念 category:认知与抽象名词,1112
release,ri'li:s,n.,释放、解除,,,kaoyan-shared english-i english-ii source:netem-2024 category:动作行为 category:其他动作,1113
front,frʌnt,n.,前面的,,,kaoyan-shared english-i english-ii source:netem-2024 category:空间地点,1114
harm,hɑ:m,n.,伤害,,,kaoyan-shared english-i english-ii source:netem-2024 category:动作行为 category:使动与影响,1115
partner,'pɑ:tnә,n.,伙伴,,,kaoyan-shared english-i english-ii source:netem-2024 category:人类与社会,1116
floor,flɒ:,n.,地面,,,kaoyan-shared english-i english-ii source:netem-2024 category:日常生活,1117
imply,im'plai,vt.,暗示,,,kaoyan-shared english-i english-ii source:netem-2024 category:动作行为 category:其他动作,1118
remove,ri'mu:v,vt.,移除,,,kaoyan-shared english-i english-ii source:netem-2024 category:动作行为 category:身体动作,1119
tradition,trә'diʃәn,n.,传统,,,kaoyan-shared english-i english-ii source:netem-2024 category:文化宗教,1120
radio,'reidiәu,n.,收音机,,,kaoyan-shared english-i english-ii source:netem-2024 category:科学技术,1121
vocabulary,vә'kæbjulәri,n.,词汇,,,kaoyan-shared english-i english-ii source:netem-2024 category:教育学习,1122
hunt,hʌnt,n.,打猎,,,kaoyan-shared english-i english-ii source:netem-2024 category:动作行为 category:身体动作,1123
clock,klɒk,n.,时钟、计时,,,kaoyan-shared english-i english-ii source:netem-2024 category:时间日期,1124
assume,ә'sju:m,vt.,假设、揣测,,,kaoyan-shared english-i english-ii source:netem-2024 category:动作行为 category:身体动作,1125
invite,in'vait,vt.,邀请,,,kaoyan-shared english-i english-ii source:netem-2024 category:动作行为 category:社交交互,1126
collect,kә'lekt,v.,收集,,,kaoyan-shared english-i english-ii source:netem-2024 category:动作行为 category:身体动作,1127
campaign,kæm'pein,n.,运动、战役,,,kaoyan-shared english-i english-ii source:netem-2024 category:政治法律,1128
native,'neitiv,n.,本地的、天生的,,,kaoyan-shared english-i english-ii source:netem-2024 category:人类与社会,1129
interesting,'intristiŋ,adj.,有趣的,,,kaoyan-shared english-i english-ii source:netem-2024 category:情感心理,1130
shortage,'ʃɒ:tidʒ,n.,不足,,,kaoyan-shared english-i english-ii source:netem-2024 category:抽象概念 category:认知与抽象名词,1131
reform,ri'fɒ:m,n.,改革,,,kaoyan-shared english-i english-ii source:netem-2024 category:动作行为 category:变化趋势,1132
corporate,'kɒ:pәrit,adj.,公司的、法人的,,,kaoyan-shared english-i english-ii source:netem-2024 category:商业经济,1133
powerful,'pauәful,adj.,强有力的,,,kaoyan-shared english-i english-ii source:netem-2024 category:抽象概念 category:性质与评价,1134
central,'sentrәl,adj.,中心的,,,kaoyan-shared english-i english-ii source:netem-2024 category:空间地点,1135
efficiency,i'fiʃәnsi,n.,效率,,,kaoyan-shared english-i english-ii source:netem-2024 category:抽象概念 category:认知与抽象名词,1136
gender,'dʒendә,n.,性别,,,kaoyan-shared english-i english-ii source:netem-2024 category:人类与社会,1137
dangerous,'deindʒәrәs,adj.,危险的,,,kaoyan-shared english-i english-ii source:netem-2024 category:健康医疗,1138
urban,'ә:bәn,adj.,城市的,,,kaoyan-shared english-i english-ii source:netem-2024 category:空间地点,1139
emerge,i'mә:dʒ,vi.,出现,,,kaoyan-shared english-i english-ii source:netem-2024 category:动作行为 category:身体动作,1140
sort,sɒ:t,n.,种类、排序,,,kaoyan-shared english-i english-ii source:netem-2024 category:动作行为 category:身体动作,1141
enhance,in'hæns,vt.,提高,,,kaoyan-shared english-i english-ii source:netem-2024 category:动作行为 category:身体动作,1142
round,raund,n.,圆的,,,kaoyan-shared english-i english-ii source:netem-2024 category:抽象概念 category:性质与评价,1143
connect,kә'nekt,v.,连接,,,kaoyan-shared english-i english-ii source:netem-2024 category:动作行为 category:身体动作,1144
forward,'fɒ:wәd,adj.,前进的,,,kaoyan-shared english-i english-ii source:netem-2024 category:空间地点,1145
handle,hændl,n.,处理,,,kaoyan-shared english-i english-ii source:netem-2024 category:动作行为 category:身体动作,1146
debt,det,n.,债务,,,kaoyan-shared english-i english-ii source:netem-2024 category:商业经济,1147
diet,'daiәt,n.,饮食,,,kaoyan-shared english-i english-ii source:netem-2024 category:食物营养,1148
connection,kә'nekʃәn,n.,联系,,,kaoyan-shared english-i english-ii source:netem-2024 category:抽象概念 category:认知与抽象名词,1149
color,'kʌlә,n.,颜色,,,kaoyan-shared english-i english-ii source:netem-2024 category:交通旅行,1150
door,dɒ:,n.,门,,,kaoyan-shared english-i english-ii source:netem-2024 category:日常生活,1151
hot,hɒt,adj.,热的,,,kaoyan-shared english-i english-ii source:netem-2024 category:抽象概念 category:性质与评价,1152
personality,.pә:sә'næliti,n.,人格,,,kaoyan-shared english-i english-ii source:netem-2024 category:情感心理,1153
eventually,i'ventʃuәli,adv.,最终,,,kaoyan-shared english-i english-ii source:netem-2024 category:时间日期,1154
manufacture,.mænju'fæktʃә,n.,制造、捏造,,,kaoyan-shared english-i english-ii source:netem-2024 category:商业经济,1155
ocean,'әuʃәn,n.,海洋,,,kaoyan-shared english-i english-ii source:netem-2024 category:自然环境,1156
north,nɒ:θ,n.,北、北方的,,,kaoyan-shared english-i english-ii source:netem-2024 category:空间地点,1157
chemical,'kemikl,n.,化学的,,,kaoyan-shared english-i english-ii source:netem-2024 category:科学技术,1158
afford,ә'fɒ:d,vt.,承担得起,,,kaoyan-shared english-i english-ii source:netem-2024 category:动作行为 category:占有与转移,1159
sugar,'ʃugә,n.,糖,,,kaoyan-shared english-i english-ii source:netem-2024 category:食物营养,1160
apple,'æpl,n.,苹果,,,kaoyan-shared english-i english-ii source:netem-2024 category:食物营养,1161
noise,nɒiz,n.,噪音,,,kaoyan-shared english-i english-ii source:netem-2024 category:自然环境,1162
employment,im'plɒimәnt,n.,雇用、工作,,,kaoyan-shared english-i english-ii source:netem-2024 category:职业工作,1163
advocate,'ædvәkeit,n.,主张、倡议,,,kaoyan-shared english-i english-ii source:netem-2024 category:动作行为 category:身体动作,1164
mass,mæs,n.,大量,,,kaoyan-shared english-i english-ii source:netem-2024 category:抽象概念 category:数量与程度,1165
contrast,kәn'træst,n.,形成对比,,,kaoyan-shared english-i english-ii source:netem-2024 category:抽象概念 category:认知与抽象名词,1166
ideal,ai'diәl,n.,理想的、空想的,,,kaoyan-shared english-i english-ii source:netem-2024 category:抽象概念 category:性质与评价,1167
west,west,n.,西、向西,,,kaoyan-shared english-i english-ii source:netem-2024 category:空间地点,1168
vehicle,'vi:ikl,n.,交通工具,,,kaoyan-shared english-i english-ii source:netem-2024 category:交通旅行,1169
inside,'in'said,n.,在里面,,,kaoyan-shared english-i english-ii source:netem-2024 category:空间地点,1170
respond,ri'spɒnd,vt.,回答、响应,,,kaoyan-shared english-i english-ii source:netem-2024 category:动作行为 category:社交交互,1171
seven,'sevn,num.,七,,,kaoyan-shared english-i english-ii source:netem-2024 category:抽象概念 category:数量与程度,1172
gift,gift,n.,礼物,,,kaoyan-shared english-i english-ii source:netem-2024 category:商业经济,1173
artist,'ɑ:tist,n.,艺术家,,,kaoyan-shared english-i english-ii source:netem-2024 category:职业工作,1174
double,'dʌbl,n.,双的、使加倍,,,kaoyan-shared english-i english-ii source:netem-2024 category:抽象概念 category:数量与程度,1175
novel,'nɒvl,n.,新颖的、长篇小说,,,kaoyan-shared english-i english-ii source:netem-2024 category:文化宗教,1176
page,peidʒ,n.,页码,,,kaoyan-shared english-i english-ii source:netem-2024 category:教育学习,1177
park,pɑ:k,n.,停车、公园,,,kaoyan-shared english-i english-ii source:netem-2024 category:自然环境,1178
largely,'lɑ:dʒli,adv.,大量地,,,kaoyan-shared english-i english-ii source:netem-2024 category:抽象概念 category:数量与程度,1179
cent,sent,n.,分(货币单位),,,kaoyan-shared english-i english-ii source:netem-2024 category:商业经济,1180
analysis,ә'nælәsis,n.,分析,,,kaoyan-shared english-i english-ii source:netem-2024 category:抽象概念 category:认知与抽象名词,1181
outline,'autlain,n.,轮廓、提纲,,,kaoyan-shared english-i english-ii source:netem-2024 category:动作行为 category:身体动作,1182
citizen,'sitizn,n.,公民,,,kaoyan-shared english-i english-ii source:netem-2024 category:人类与社会,1183
code,kәud,n.,代码、法典,,,kaoyan-shared english-i english-ii source:netem-2024 category:科学技术,1184
strength,streŋθ,n.,力量,,,kaoyan-shared english-i english-ii source:netem-2024 category:抽象概念 category:认知与抽象名词,1185
display,dis'plei,n.,陈列、显示,,,kaoyan-shared english-i english-ii source:netem-2024 category:动作行为 category:评价与判断,1186
advanced,әd'vɑ:nst,adj.,高级的,,,kaoyan-shared english-i english-ii source:netem-2024 category:抽象概念 category:性质与评价,1187
son,sʌn,n.,儿子、孩子,,,kaoyan-shared english-i english-ii source:netem-2024 category:人类与社会,1188
sun,sʌn,n.,太阳,,,kaoyan-shared english-i english-ii source:netem-2024 category:自然环境,1189
whom,hu:m,pron.,谁、哪个人,,,kaoyan-shared english-i english-ii source:netem-2024 category:人类与社会,1190
budget,'bʌdʒit,n.,预算、做预算,,,kaoyan-shared english-i english-ii source:netem-2024 category:商业经济,1191
smart,smɑ:t,adj.,聪明的,,,kaoyan-shared english-i english-ii source:netem-2024 category:情感心理,1192
manner,'mænә,n.,礼貌、礼仪、方式,,,kaoyan-shared english-i english-ii source:netem-2024 category:情感心理,1193
explore,ik'splɒ:,v.,探索,,,kaoyan-shared english-i english-ii source:netem-2024 category:动作行为 category:评价与判断,1194
estimate,'estimeit,n.,估计,,,kaoyan-shared english-i english-ii source:netem-2024 category:动作行为 category:评价与判断,1195
whatever,hwɒt'evә,pron.,无论什么,,,kaoyan-shared english-i english-ii source:netem-2024 category:抽象概念 category:逻辑与关系,1196
crop,krɒp,n.,作物、收成,,,kaoyan-shared english-i english-ii source:netem-2024 category:自然环境,1197
brand,brænd,n.,品牌,,,kaoyan-shared english-i english-ii source:netem-2024 category:商业经济,1198
launch,lɒ:ntʃ,n.,发射、使船下水,,,kaoyan-shared english-i english-ii source:netem-2024 category:动作行为 category:使动与影响,1199
agriculture,'ægrikʌltʃә,n.,农业,,,kaoyan-shared english-i english-ii source:netem-2024 category:科学技术,1200
scan,skæn,n.,扫描,,,kaoyan-shared english-i english-ii source:netem-2024 category:动作行为 category:身体动作,1201
regulation,.regju'leiʃәn,n.,规定,,,kaoyan-shared english-i english-ii source:netem-2024 category:抽象概念 category:认知与抽象名词,1202
nurse,nә:s,n.,护士、护理,,,kaoyan-shared english-i english-ii source:netem-2024 category:职业工作,1203
expose,ik'spәuz,vt.,暴露,,,kaoyan-shared english-i english-ii source:netem-2024 category:动作行为 category:使动与影响,1204
being,'bi:iŋ,n.,生物、生存,,,kaoyan-shared english-i english-ii source:netem-2024 category:人类与社会,1205
truth,tru:θ,n.,真相,,,kaoyan-shared english-i english-ii source:netem-2024 category:抽象概念 category:认知与抽象名词,1206
distance,'distәns,n.,距离,,,kaoyan-shared english-i english-ii source:netem-2024 category:空间地点,1207
count,kaunt,vt.,数数,,,kaoyan-shared english-i english-ii source:netem-2024 category:动作行为 category:身体动作,1208
hit,hit,n.,打,,,kaoyan-shared english-i english-ii source:netem-2024 category:动作行为 category:身体动作,1209
ticket,'tikit,n.,票,,,kaoyan-shared english-i english-ii source:netem-2024 category:商业经济,1210
combine,kәm'bain,v.,结合,,,kaoyan-shared english-i english-ii source:netem-2024 category:动作行为 category:变化趋势,1211
ban,bæn,n.,禁止,,,kaoyan-shared english-i english-ii source:netem-2024 category:政治法律,1212
bit,bit,n.,一点,,,kaoyan-shared english-i english-ii source:netem-2024 category:抽象概念 category:数量与程度,1213
impossible,im'pɒsәbl,adj.,不可能的,,,kaoyan-shared english-i english-ii source:netem-2024 category:抽象概念 category:性质与评价,1214
nuclear,'nju:kliә,adj.,原子的,,,kaoyan-shared english-i english-ii source:netem-2024 category:科学技术,1215
basis,'beisis,n.,基础,,,kaoyan-shared english-i english-ii source:netem-2024 category:抽象概念 category:认知与抽象名词,1216
boost,bu:st,n.,往上推、增加,,,kaoyan-shared english-i english-ii source:netem-2024 category:动作行为 category:身体动作,1217
rain,rein,n.,雨,,,kaoyan-shared english-i english-ii source:netem-2024 category:自然环境,1218
reserve,ri'zә:v,n.,预留,,,kaoyan-shared english-i english-ii source:netem-2024 category:动作行为 category:其他动作,1219
dog,dɒg,n.,狗,,,kaoyan-shared english-i english-ii source:netem-2024 category:自然环境,1220
productivity,.prәudʌk'tiviti,n.,生产力,,,kaoyan-shared english-i english-ii source:netem-2024 category:商业经济,1221
discipline,'disiplin,n.,纪律,,,kaoyan-shared english-i english-ii source:netem-2024 category:教育学习,1222
seat,si:t,n.,座位,,,kaoyan-shared english-i english-ii source:netem-2024 category:日常生活,1223
revolution,.revә'lu:ʃәn,n.,革命、旋转,,,kaoyan-shared english-i english-ii source:netem-2024 category:政治法律,1224
prize,praiz,n.,奖,,,kaoyan-shared english-i english-ii source:netem-2024 category:商业经济,1225
primary,'praimәri,n.,初级的、最初的,,,kaoyan-shared english-i english-ii source:netem-2024 category:抽象概念 category:性质与评价,1226
previous,'pri:viәs,adj.,先前的,,,kaoyan-shared english-i english-ii source:netem-2024 category:时间日期,1227
attractive,ә'træktiv,adj.,吸引人的、动人的,,,kaoyan-shared english-i english-ii source:netem-2024 category:情感心理,1228
communicate,kә'mju:nikeit,vt.,传达、交流,,,kaoyan-shared english-i english-ii source:netem-2024 category:动作行为 category:身体动作,1229
disaster,di'zɑ:stә,n.,灾难,,,kaoyan-shared english-i english-ii source:netem-2024 category:自然环境,1230
stock,stɒk,n.,股票、库存,,,kaoyan-shared english-i english-ii source:netem-2024 category:商业经济,1231
quick,kwik,adj.,迅速的,,,kaoyan-shared english-i english-ii source:netem-2024 category:抽象概念 category:性质与评价,1232
fly,flai,n.,飞,,,kaoyan-shared english-i english-ii source:netem-2024 category:动作行为 category:其他动作,1233
heat,hi:t,n.,热,,,kaoyan-shared english-i english-ii source:netem-2024 category:科学技术,1234
candidate,'kændideit,n.,候选人,,,kaoyan-shared english-i english-ii source:netem-2024 category:职业工作,1235
identity,ai'dentiti,n.,身份,,,kaoyan-shared english-i english-ii source:netem-2024 category:人类与社会,1236
repair,ri'pєә,n.,修理、补救,,,kaoyan-shared english-i english-ii source:netem-2024 category:动作行为 category:评价与判断,1237
eight,eit,num.,八,,,kaoyan-shared english-i english-ii source:netem-2024 category:时间日期,1238
tear,tiә. tєә,n.,眼泪、撕碎,,,kaoyan-shared english-i english-ii source:netem-2024 category:动作行为 category:身体动作,1239
web,web,n.,网,,,kaoyan-shared english-i english-ii source:netem-2024 category:自然环境,1240
press,pres,n.,报刊、新闻界,,,kaoyan-shared english-i english-ii source:netem-2024 category:动作行为 category:身体动作,1241
original,ә'ridʒәnl,adj.,最初的,,,kaoyan-shared english-i english-ii source:netem-2024 category:抽象概念 category:性质与评价,1242
conference,'kɒnfәrәns,n.,会议,,,kaoyan-shared english-i english-ii source:netem-2024 category:政治法律,1243
spot,spɒt,n.,发现、污点,,,kaoyan-shared english-i english-ii source:netem-2024 category:空间地点,1244
signal,'signl,n.,信号,,,kaoyan-shared english-i english-ii source:netem-2024 category:动作行为 category:社交交互,1245
generate,'dʒenәreit,vt.,产生、引起,,,kaoyan-shared english-i english-ii source:netem-2024 category:动作行为 category:其他动作,1246
expectation,.ekspek'teiʃәn,n.,预期,,,kaoyan-shared english-i english-ii source:netem-2024 category:情感心理,1247
recession,ri'seʃәn,n.,经济衰退、退后,,,kaoyan-shared english-i english-ii source:netem-2024 category:商业经济,1248
clothe,klәuð,vt.,给穿衣,,,kaoyan-shared english-i english-ii source:netem-2024 category:动作行为 category:身体动作,1249
facility,fә'siliti,n.,灵巧、天资,,,kaoyan-shared english-i english-ii source:netem-2024 category:科学技术,1250
directly,"di'rektli, dai'rektli",adv.,直接地,,,kaoyan-shared english-i english-ii source:netem-2024 category:抽象概念 category:逻辑与关系,1251
ourselves,.auә'selvz,pron.,我们自己、我们亲自,,,kaoyan-shared english-i english-ii source:netem-2024 category:人类与社会,1252
bus,bʌs,n.,公车,,,kaoyan-shared english-i english-ii source:netem-2024 category:交通旅行,1253
refuse,ri'fju:z,vt.,拒绝,,,kaoyan-shared english-i english-ii source:netem-2024 category:动作行为 category:评价与判断,1254
burn,bә:n,vt.,燃烧,,,kaoyan-shared english-i english-ii source:netem-2024 category:动作行为 category:其他动作,1255
decrease,'di:kri:s,n.,减少,,,kaoyan-shared english-i english-ii source:netem-2024 category:动作行为 category:变化趋势,1256
fat,fæt,n.,脂肪,,,kaoyan-shared english-i english-ii source:netem-2024 category:食物营养,1257
table,'teibl,n.,桌子、表格,,,kaoyan-shared english-i english-ii source:netem-2024 category:日常生活,1258
sample,'sæmpl,n.,样品,,,kaoyan-shared english-i english-ii source:netem-2024 category:教育学习,1259
gold,gәuld,n.,金子,,,kaoyan-shared english-i english-ii source:netem-2024 category:商业经济,1260
obtain,әb'tein,vt.,获得,,,kaoyan-shared english-i english-ii source:netem-2024 category:动作行为 category:占有与转移,1261
ahead,ә'hed,adj.,在…前面,,,kaoyan-shared english-i english-ii source:netem-2024 category:空间地点,1262
domestic,dәu'mestik,adj.,家庭的,,,kaoyan-shared english-i english-ii source:netem-2024 category:日常生活,1263
airport,'єәpɒ:t,n.,机场,,,kaoyan-shared english-i english-ii source:netem-2024 category:交通旅行,1264
obesity,әu'bi:siti,n.,肥胖,,,kaoyan-shared english-i english-ii source:netem-2024 category:健康医疗,1265
guest,gest,n.,客人,,,kaoyan-shared english-i english-ii source:netem-2024 category:人类与社会,1266
threaten,'θretn,vt.,威胁,,,kaoyan-shared english-i english-ii source:netem-2024 category:动作行为 category:社交交互,1267
fair,fєә,n.,公平的,,,kaoyan-shared english-i english-ii source:netem-2024 category:抽象概念 category:性质与评价,1268
marry,'mæri,vt.,结婚,,,kaoyan-shared english-i english-ii source:netem-2024 category:动作行为 category:其他动作,1269
historical,hi'stɒrikәl,adj.,历史的,,,kaoyan-shared english-i english-ii source:netem-2024 category:时间日期,1270
formal,'fɒ:mәl,adj.,正式的、形式的,,,kaoyan-shared english-i english-ii source:netem-2024 category:抽象概念 category:性质与评价,1271
criminal,'kriminәl,n.,犯罪活动、罪犯,,,kaoyan-shared english-i english-ii source:netem-2024 category:政治法律,1272
familiar,fә'miljә,adj.,熟悉的,,,kaoyan-shared english-i english-ii source:netem-2024 category:情感心理,1273
friendly,'frendli,adj.,友好的,,,kaoyan-shared english-i english-ii source:netem-2024 category:情感心理,1274
planet,'plænit,n.,行星,,,kaoyan-shared english-i english-ii source:netem-2024 category:自然环境,1275
strange,streindʒ,adj.,奇怪的,,,kaoyan-shared english-i english-ii source:netem-2024 category:抽象概念 category:性质与评价,1276
useful,'ju:sful,adj.,有用的,,,kaoyan-shared english-i english-ii source:netem-2024 category:抽象概念 category:性质与评价,1277
perfect,'pә:fikt,n.,完美的,,,kaoyan-shared english-i english-ii source:netem-2024 category:抽象概念 category:性质与评价,1278
genetic,dʒi'netik,adj.,基因的,,,kaoyan-shared english-i english-ii source:netem-2024 category:科学技术,1279
competitive,kәm'petitiv,adj.,竞争的,,,kaoyan-shared english-i english-ii source:netem-2024 category:情感心理,1280
vast,vɑ:st,adj.,巨大的、大量的,,,kaoyan-shared english-i english-ii source:netem-2024 category:抽象概念 category:数量与程度,1281
series,'siәri:z,n.,系列,,,kaoyan-shared english-i english-ii source:netem-2024 category:抽象概念 category:认知与抽象名词,1282
deliver,di'livә,vt.,传递、传输,,,kaoyan-shared english-i english-ii source:netem-2024 category:动作行为 category:其他动作,1283
equipment,i'kwipmәnt,n.,设备,,,kaoyan-shared english-i english-ii source:netem-2024 category:科学技术,1284
visitor,'vizitә,n.,访问者,,,kaoyan-shared english-i english-ii source:netem-2024 category:交通旅行,1285
revenue,'revinju:,n.,财政收入,,,kaoyan-shared english-i english-ii source:netem-2024 category:商业经济,1286
sector,'sektә,n.,部分、扇区,,,kaoyan-shared english-i english-ii source:netem-2024 category:抽象概念 category:认知与抽象名词,1287
inform,in'fɒ:m,vt.,通知、告诉,,,kaoyan-shared english-i english-ii source:netem-2024 category:动作行为 category:社交交互,1288
twice,twais,adv.,两次,,,kaoyan-shared english-i english-ii source:netem-2024 category:时间日期,1289
thank,θæŋk,n.,感谢,,,kaoyan-shared english-i english-ii source:netem-2024 category:动作行为 category:社交交互,1290
illness,'ilnis,n.,疾病,,,kaoyan-shared english-i english-ii source:netem-2024 category:健康医疗,1291
altogether,.ɒ:ltә'geðә,adv.,总共、完全地,,,kaoyan-shared english-i english-ii source:netem-2024 category:抽象概念 category:数量与程度,1292
welfare,'welfєә,n.,福利,,,kaoyan-shared english-i english-ii source:netem-2024 category:商业经济,1293
blood,blʌd,n.,血,,,kaoyan-shared english-i english-ii source:netem-2024 category:人类与社会,1294
calorie,'kælәri,n.,卡路里,,,kaoyan-shared english-i english-ii source:netem-2024 category:食物营养,1295
herself,hә:'self,pron.,她自己、她亲自,,,kaoyan-shared english-i english-ii source:netem-2024 category:人类与社会,1296
intelligent,in'telidʒәnt,adj.,聪明的,,,kaoyan-shared english-i english-ii source:netem-2024 category:情感心理,1297
cite,sait,vt.,引用,,,kaoyan-shared english-i english-ii source:netem-2024 category:动作行为 category:身体动作,1298
guide,gaid,n.,指引、指导,,,kaoyan-shared english-i english-ii source:netem-2024 category:动作行为 category:社交交互,1299
household,'haushәuld,n.,户、家庭的,,,kaoyan-shared english-i english-ii source:netem-2024 category:人类与社会,1300
pupil,'pju:pl,n.,学生、瞳孔,,,kaoyan-shared english-i english-ii source:netem-2024 category:教育学习,1301
insurance,in'ʃurәns,n.,保险,,,kaoyan-shared english-i english-ii source:netem-2024 category:商业经济,1302
criticism,'kritisizm,n.,批评,,,kaoyan-shared english-i english-ii source:netem-2024 category:情感心理,1303
exchange,iks'tʃeindʒ,n.,交换,,,kaoyan-shared english-i english-ii source:netem-2024 category:商业经济,1304
ship,ʃip,n.,船舶、装运,,,kaoyan-shared english-i english-ii source:netem-2024 category:交通旅行,1305
label,'leibl,n.,标签、加标签于,,,kaoyan-shared english-i english-ii source:netem-2024 category:日常生活,1306
differ,'difә,vi.,与……不同,,,kaoyan-shared english-i english-ii source:netem-2024 category:动作行为 category:其他动作,1307
commit,kә'mit,vt.,把…交托给、犯（罪）,,,kaoyan-shared english-i english-ii source:netem-2024 category:动作行为 category:身体动作,1308
admit,әd'mit,vt.,承认,,,kaoyan-shared english-i english-ii source:netem-2024 category:动作行为 category:其他动作,1309
objective,әb'dʒektiv,n.,客观的、目的,,,kaoyan-shared english-i english-ii source:netem-2024 category:抽象概念 category:认知与抽象名词,1310
contribution,.kɒntri'bju:ʃәn,n.,贡献,,,kaoyan-shared english-i english-ii source:netem-2024 category:文化宗教,1311
context,'kɒntekst,n.,上下文、环境,,,kaoyan-shared english-i english-ii source:netem-2024 category:抽象概念 category:认知与抽象名词,1312
complain,kәm'plein,v.,抱怨,,,kaoyan-shared english-i english-ii source:netem-2024 category:动作行为 category:身体动作,1313
fine,fain,n.,很好,,,kaoyan-shared english-i english-ii source:netem-2024 category:抽象概念 category:性质与评价,1314
church,tʃә:tʃ,n.,教堂,,,kaoyan-shared english-i english-ii source:netem-2024 category:文化宗教,1315
yield,ji:ld,n.,放弃、屈服、收益,,,kaoyan-shared english-i english-ii source:netem-2024 category:动作行为 category:其他动作,1316
soil,sɒil,n.,泥土、国土,,,kaoyan-shared english-i english-ii source:netem-2024 category:自然环境,1317
rent,rent,n.,租,,,kaoyan-shared english-i english-ii source:netem-2024 category:商业经济,1318
video,'vidiәu,n.,录像,,,kaoyan-shared english-i english-ii source:netem-2024 category:科学技术,1319
brother,'brʌðә,n.,兄弟,,,kaoyan-shared english-i english-ii source:netem-2024 category:人类与社会,1320
capital,'kæpitәl,n.,首都、大写字母,,,kaoyan-shared english-i english-ii source:netem-2024 category:商业经济,1321
circumstance,'sә:kәmstәns,n.,情况,,,kaoyan-shared english-i english-ii source:netem-2024 category:抽象概念 category:认知与抽象名词,1322
illustrate,'ilәstreit,vt.,说明、加插图,,,kaoyan-shared english-i english-ii source:netem-2024 category:动作行为 category:身体动作,1323
target,'tɑ:git,n.,目标,,,kaoyan-shared english-i english-ii source:netem-2024 category:动作行为 category:其他动作,1324
pretty,'priti,adj.,漂亮的,,,kaoyan-shared english-i english-ii source:netem-2024 category:情感心理,1325
active,'æktiv,adj.,活跃的、积极的,,,kaoyan-shared english-i english-ii source:netem-2024 category:抽象概念 category:性质与评价,1326
schedule,'skedʒuәl,n.,日程,,,kaoyan-shared english-i english-ii source:netem-2024 category:时间日期,1327
window,'windәu,n.,窗户,,,kaoyan-shared english-i english-ii source:netem-2024 category:日常生活,1328
alter,'ɒ:ltә,v.,改变,,,kaoyan-shared english-i english-ii source:netem-2024 category:动作行为 category:变化趋势,1329
sensitive,'sensitiv,adj.,敏感的、易受伤害的,,,kaoyan-shared english-i english-ii source:netem-2024 category:情感心理,1330
gather,'gæðә,n.,聚集、搜集,,,kaoyan-shared english-i english-ii source:netem-2024 category:动作行为 category:变化趋势,1331
requirement,ri'kwaiәmәnt,n.,要求,,,kaoyan-shared english-i english-ii source:netem-2024 category:抽象概念 category:认知与抽象名词,1332
critic,'kritik,n.,批评者,,,kaoyan-shared english-i english-ii source:netem-2024 category:职业工作,1333
property,'prɒpәti,n.,财产、性质、特性,,,kaoyan-shared english-i english-ii source:netem-2024 category:商业经济,1334
eliminate,i'limineit,vt.,排除、淘汰,,,kaoyan-shared english-i english-ii source:netem-2024 category:动作行为 category:使动与影响,1335
artificial,.ɑ:ti'fiʃәl,adj.,人造的,,,kaoyan-shared english-i english-ii source:netem-2024 category:科学技术,1336
engineer,.endʒi'niә,n.,工程师,,,kaoyan-shared english-i english-ii source:netem-2024 category:职业工作,1337
neither,'naiðә,adv.,两个都不,,,kaoyan-shared english-i english-ii source:netem-2024 category:抽象概念 category:逻辑与关系,1338
busy,'bizi,adj.,忙碌的,,,kaoyan-shared english-i english-ii source:netem-2024 category:抽象概念 category:性质与评价,1339
touch,tʌtʃ,n.,触摸、感动,,,kaoyan-shared english-i english-ii source:netem-2024 category:动作行为 category:身体动作,1340
appearance,ә'piәrәns,n.,出现、外表,,,kaoyan-shared english-i english-ii source:netem-2024 category:抽象概念 category:认知与抽象名词,1341
engineering,.endʒi'niәriŋ,n.,工程学,,,kaoyan-shared english-i english-ii source:netem-2024 category:科学技术,1342
teenager,'ti:nidʒә,n.,青少年,,,kaoyan-shared english-i english-ii source:netem-2024 category:人类与社会,1343
rank,ræŋk,n.,排列、等级,,,kaoyan-shared english-i english-ii source:netem-2024 category:抽象概念 category:认知与抽象名词,1344
cure,kjuә,n.,治愈,,,kaoyan-shared english-i english-ii source:netem-2024 category:健康医疗,1345
secretary,'sekrәtәri,n.,秘书,,,kaoyan-shared english-i english-ii source:netem-2024 category:职业工作,1346
circle,'sә:kl,n.,圆,,,kaoyan-shared english-i english-ii source:netem-2024 category:空间地点,1347
welcome,'welkәm,n.,欢迎,,,kaoyan-shared english-i english-ii source:netem-2024 category:动作行为 category:社交交互,1348
switch,switʃ,n.,开关、改变,,,kaoyan-shared english-i english-ii source:netem-2024 category:动作行为 category:变化趋势,1349
complaint,kәm'pleint,n.,抱怨、疾病,,,kaoyan-shared english-i english-ii source:netem-2024 category:动作行为 category:身体动作,1350
interpret,in'tә:prit,vt.,口译、解释,,,kaoyan-shared english-i english-ii source:netem-2024 category:动作行为 category:社交交互,1351
lawyer,'lɒ:jә,n.,律师,,,kaoyan-shared english-i english-ii source:netem-2024 category:职业工作,1352
nowadays,'nauәdeiz,n.,现今,,,kaoyan-shared english-i english-ii source:netem-2024 category:时间日期,1353
priority,prai'ɒriti,n.,优先,,,kaoyan-shared english-i english-ii source:netem-2024 category:抽象概念 category:认知与抽象名词,1354
military,'militәri,n.,军事的、军队,,,kaoyan-shared english-i english-ii source:netem-2024 category:政治法律,1355
cope,kәup,vi.,处理、应对,,,kaoyan-shared english-i english-ii source:netem-2024 category:动作行为 category:社交交互,1356
propose,prә'pәuz,vt.,提议、提名,,,kaoyan-shared english-i english-ii source:netem-2024 category:动作行为 category:身体动作,1357
relative,'relәtiv,n.,亲戚、比较的,,,kaoyan-shared english-i english-ii source:netem-2024 category:人类与社会,1358
sex,seks,n.,性,,,kaoyan-shared english-i english-ii source:netem-2024 category:人类与社会,1359
pull,pul,vt.,拉,,,kaoyan-shared english-i english-ii source:netem-2024 category:动作行为 category:身体动作,1360
fresh,freʃ,adj.,新鲜的,,,kaoyan-shared english-i english-ii source:netem-2024 category:抽象概念 category:性质与评价,1361
crowd,kraud,n.,聚集、挤满,,,kaoyan-shared english-i english-ii source:netem-2024 category:人类与社会,1362
prospect,'prɒspekt,n.,景色、前景,,,kaoyan-shared english-i english-ii source:netem-2024 category:抽象概念 category:认知与抽象名词,1363
payment,'peimәnt,n.,支付,,,kaoyan-shared english-i english-ii source:netem-2024 category:商业经济,1364
technical,'teknikl,adj.,技术的,,,kaoyan-shared english-i english-ii source:netem-2024 category:科学技术,1365
fish,fiʃ,n.,鱼,,,kaoyan-shared english-i english-ii source:netem-2024 category:自然环境,1366
birth,bә:θ,n.,出生,,,kaoyan-shared english-i english-ii source:netem-2024 category:人类与社会,1367
anxiety,æŋ'zaiәti,n.,焦虑,,,kaoyan-shared english-i english-ii source:netem-2024 category:情感心理,1368
routine,ru:'ti:n,n.,常规、惯例,,,kaoyan-shared english-i english-ii source:netem-2024 category:抽象概念 category:性质与评价,1369
psychology,sai'kɒlәdʒi,n.,心理学,,,kaoyan-shared english-i english-ii source:netem-2024 category:情感心理,1370
abroad,ә'brɒ:d,adv.,到国外、广为流传,,,kaoyan-shared english-i english-ii source:netem-2024 category:交通旅行,1371
feed,fi:d,n.,喂食,,,kaoyan-shared english-i english-ii source:netem-2024 category:动作行为 category:身体动作,1372
talent,'tælәnt,n.,才华、人才,,,kaoyan-shared english-i english-ii source:netem-2024 category:情感心理,1373
fiction,'fikʃәn,n.,虚构、小说,,,kaoyan-shared english-i english-ii source:netem-2024 category:文化宗教,1374
plane,plein,n.,飞机,,,kaoyan-shared english-i english-ii source:netem-2024 category:交通旅行,1375
afternoon,'ɑ:ftә'nu:n,n.,下午,,,kaoyan-shared english-i english-ii source:netem-2024 category:时间日期,1376
shoe,ʃu:,n.,鞋子,,,kaoyan-shared english-i english-ii source:netem-2024 category:交通旅行,1377
humanity,hju:'mæniti,n.,人文、人性,,,kaoyan-shared english-i english-ii source:netem-2024 category:人类与社会,1378
preserve,pri'zә:v,vt.,保护、保存,,,kaoyan-shared english-i english-ii source:netem-2024 category:动作行为 category:社交交互,1379
explanation,.eksplә'neiʃәn,n.,解释,,,kaoyan-shared english-i english-ii source:netem-2024 category:抽象概念 category:认知与抽象名词,1380
flow,flәu,n.,流动,,,kaoyan-shared english-i english-ii source:netem-2024 category:动作行为 category:身体动作,1381
technique,tek'ni:k,n.,技术,,,kaoyan-shared english-i english-ii source:netem-2024 category:科学技术,1382
wake,weik,vt.,醒来,,,kaoyan-shared english-i english-ii source:netem-2024 category:动作行为 category:身体动作,1383
hurt,hә:t,n.,伤害,,,kaoyan-shared english-i english-ii source:netem-2024 category:动作行为 category:使动与影响,1384
consist,kәn'sist,vi.,组成、在于,,,kaoyan-shared english-i english-ii source:netem-2024 category:动作行为 category:其他动作,1385
master,'mɑ:stә. 'mæstә,n.,主人、精通、掌握,,,kaoyan-shared english-i english-ii source:netem-2024 category:职业工作,1386
smile,smail,n.,笑,,,kaoyan-shared english-i english-ii source:netem-2024 category:动作行为 category:身体动作,1387
convince,kәn'vins,vt.,使人信服,,,kaoyan-shared english-i english-ii source:netem-2024 category:动作行为 category:心理活动,1388
delay,di'lei,n.,推迟,,,kaoyan-shared english-i english-ii source:netem-2024 category:动作行为 category:起始与终止,1389
broad,brɒ:d,adj.,宽的,,,kaoyan-shared english-i english-ii source:netem-2024 category:抽象概念 category:数量与程度,1390
sufficient,sә'fiʃәnt,adj.,足够的,,,kaoyan-shared english-i english-ii source:netem-2024 category:抽象概念 category:性质与评价,1391
mostly,'mәustli,adv.,大部分,,,kaoyan-shared english-i english-ii source:netem-2024 category:抽象概念 category:数量与程度,1392
unlike,.ʌn'laik,adj.,不同的、不像,,,kaoyan-shared english-i english-ii source:netem-2024 category:抽象概念 category:逻辑与关系,1393
destroy,di'strɒi,vt.,摧毁,,,kaoyan-shared english-i english-ii source:netem-2024 category:动作行为 category:使动与影响,1394
meat,mi:t,n.,肉类,,,kaoyan-shared english-i english-ii source:netem-2024 category:食物营养,1395
wage,weidʒ,n.,工资、发动,,,kaoyan-shared english-i english-ii source:netem-2024 category:商业经济,1396
vision,'viʒәn,n.,视力、想象,,,kaoyan-shared english-i english-ii source:netem-2024 category:情感心理,1397
wealthy,'welθi,adj.,富裕的,,,kaoyan-shared english-i english-ii source:netem-2024 category:商业经济,1398
exhibit,ig'zibit,n.,展览,,,kaoyan-shared english-i english-ii source:netem-2024 category:动作行为 category:身体动作,1399
block,blɒk,n.,块、阻止、街区,,,kaoyan-shared english-i english-ii source:netem-2024 category:空间地点,1400
blue,blu:,n.,蓝色的,,,kaoyan-shared english-i english-ii source:netem-2024 category:交通旅行,1401
blame,bleim,n.,责备,,,kaoyan-shared english-i english-ii source:netem-2024 category:动作行为 category:其他动作,1402
proper,'prɒpә,adj.,正确的、适当的,,,kaoyan-shared english-i english-ii source:netem-2024 category:抽象概念 category:性质与评价,1403
invest,in'vest,vt.,投资,,,kaoyan-shared english-i english-ii source:netem-2024 category:商业经济,1404
tough,tʌf,n.,艰难的,,,kaoyan-shared english-i english-ii source:netem-2024 category:情感心理,1405
star,stɑ:,n.,星、恒星,,,kaoyan-shared english-i english-ii source:netem-2024 category:自然环境,1406
actual,'æktʃuәl,adj.,实在的,,,kaoyan-shared english-i english-ii source:netem-2024 category:抽象概念 category:性质与评价,1407
grammar,'græmә,n.,语法,,,kaoyan-shared english-i english-ii source:netem-2024 category:教育学习,1408
peace,pi:s,n.,和平,,,kaoyan-shared english-i english-ii source:netem-2024 category:政治法律,1409
otherwise,'ʌðәwaiz,adv.,否则,,,kaoyan-shared english-i english-ii source:netem-2024 category:抽象概念 category:逻辑与关系,1410
emphasis,'emfәsis,n.,强调,,,kaoyan-shared english-i english-ii source:netem-2024 category:抽象概念 category:认知与抽象名词,1411
efficient,i'fiʃәnt,adj.,有效的、能胜任的,,,kaoyan-shared english-i english-ii source:netem-2024 category:抽象概念 category:性质与评价,1412
survival,sә'vaivәl,n.,幸存,,,kaoyan-shared english-i english-ii source:netem-2024 category:健康医疗,1413
escape,i'skeip,n.,逃跑,,,kaoyan-shared english-i english-ii source:netem-2024 category:动作行为 category:身体动作,1414
import,im'pɒ:t,n.,进口、进口商品,,,kaoyan-shared english-i english-ii source:netem-2024 category:商业经济,1415
club,klʌb,n.,俱乐部,,,kaoyan-shared english-i english-ii source:netem-2024 category:运动娱乐,1416
red,red,adj.,红色的,,,kaoyan-shared english-i english-ii source:netem-2024 category:交通旅行,1417
invention,in'venʃәn,n.,发明,,,kaoyan-shared english-i english-ii source:netem-2024 category:科学技术,1418
discovery,dis'kʌvәri,n.,发现,,,kaoyan-shared english-i english-ii source:netem-2024 category:抽象概念 category:认知与抽象名词,1419
agent,'eidʒәnt,n.,代理,,,kaoyan-shared english-i english-ii source:netem-2024 category:职业工作,1420
dominate,'dɒmineit,v.,支配、占优势,,,kaoyan-shared english-i english-ii source:netem-2024 category:动作行为 category:社交交互,1421
pace,peis,n.,速度、行进,,,kaoyan-shared english-i english-ii source:netem-2024 category:动作行为 category:其他动作,1422
element,'elimәnt,n.,元素、要素,,,kaoyan-shared english-i english-ii source:netem-2024 category:科学技术,1423
impose,im'pәuz,vt.,把……强加于,,,kaoyan-shared english-i english-ii source:netem-2024 category:动作行为 category:其他动作,1424
vote,vәut,n.,投票、选票,,,kaoyan-shared english-i english-ii source:netem-2024 category:动作行为 category:身体动作,1425
yes,jes,adv.,是,,,kaoyan-shared english-i english-ii source:netem-2024 category:情感心理,1426
narrow,'nærәu,n.,狭窄的,,,kaoyan-shared english-i english-ii source:netem-2024 category:抽象概念 category:性质与评价,1427
transfer,træns'fә:,n.,转移、传输,,,kaoyan-shared english-i english-ii source:netem-2024 category:动作行为 category:使动与影响,1428
copy,'kɒpi,n.,复制,,,kaoyan-shared english-i english-ii source:netem-2024 category:动作行为 category:其他动作,1429
vary,'vєәri,vt.,改变,,,kaoyan-shared english-i english-ii source:netem-2024 category:动作行为 category:使动与影响,1430
participate,pɑ:'tisipeit,vi.,参与、分享,,,kaoyan-shared english-i english-ii source:netem-2024 category:动作行为 category:占有与转移,1431
advise,әd'vaiz,vt.,劝告、建议,,,kaoyan-shared english-i english-ii source:netem-2024 category:动作行为 category:社交交互,1432
loan,lәun,n.,贷款、借出,,,kaoyan-shared english-i english-ii source:netem-2024 category:商业经济,1433
demonstrate,'demәnstreit,vt.,论证、说明,,,kaoyan-shared english-i english-ii source:netem-2024 category:动作行为 category:社交交互,1434
fundamental,.fʌndә'mentәl,n.,基础的、根本的,,,kaoyan-shared english-i english-ii source:netem-2024 category:抽象概念 category:性质与评价,1435
origin,'ɒridʒin,n.,起源,,,kaoyan-shared english-i english-ii source:netem-2024 category:抽象概念 category:认知与抽象名词,1436
recommend,.rekә'mend,vt.,推荐,,,kaoyan-shared english-i english-ii source:netem-2024 category:动作行为 category:身体动作,1437
valuable,'væljuәbl,adj.,有价值的、贵重的,,,kaoyan-shared english-i english-ii source:netem-2024 category:抽象概念 category:性质与评价,1438
addition,ә'diʃәn,n.,加,,,kaoyan-shared english-i english-ii source:netem-2024 category:抽象概念 category:认知与抽象名词,1439
contract,'kɒntrækt,n.,合同、缩小,,,kaoyan-shared english-i english-ii source:netem-2024 category:商业经济,1440
description,di'skripʃәn,n.,描述,,,kaoyan-shared english-i english-ii source:netem-2024 category:抽象概念 category:认知与抽象名词,1441
alcohol,'ælkәhɒl,n.,酒精,,,kaoyan-shared english-i english-ii source:netem-2024 category:食物营养,1442
district,'distrikt,n.,地区,,,kaoyan-shared english-i english-ii source:netem-2024 category:空间地点,1443
dry,drai,adj.,干燥的,,,kaoyan-shared english-i english-ii source:netem-2024 category:抽象概念 category:性质与评价,1444
evening,'i:vniŋ,n.,傍晚,,,kaoyan-shared english-i english-ii source:netem-2024 category:时间日期,1445
breakfast,'brekfәst,n.,早饭,,,kaoyan-shared english-i english-ii source:netem-2024 category:食物营养,1446
gene,dʒi:n,n.,基因,,,kaoyan-shared english-i english-ii source:netem-2024 category:科学技术,1447
wave,weiv,n.,招手,,,kaoyan-shared english-i english-ii source:netem-2024 category:自然环境,1448
moreover,mɒ:'әuvә,adv.,而且、此外,,,kaoyan-shared english-i english-ii source:netem-2024 category:抽象概念 category:逻辑与关系,1449
capable,'keipәbl,adj.,有能力的,,,kaoyan-shared english-i english-ii source:netem-2024 category:抽象概念 category:性质与评价,1450
ordinary,'ɒ:dinәri,adj.,普通的,,,kaoyan-shared english-i english-ii source:netem-2024 category:抽象概念 category:性质与评价,1451
strengthen,'streŋθәn,vt.,加强,,,kaoyan-shared english-i english-ii source:netem-2024 category:动作行为 category:变化趋势,1452
suggestion,sә'dʒestʃәn,n.,建议,,,kaoyan-shared english-i english-ii source:netem-2024 category:情感心理,1453
cash,kæʃ,n.,现金,,,kaoyan-shared english-i english-ii source:netem-2024 category:商业经济,1454
secret,'si:krit,n.,秘密,,,kaoyan-shared english-i english-ii source:netem-2024 category:情感心理,1455
quarter,'kwɒ:tә,n.,四分之一、季度,,,kaoyan-shared english-i english-ii source:netem-2024 category:时间日期,1456
thought,θɒ:t,n.,思想、想法,,,kaoyan-shared english-i english-ii source:netem-2024 category:情感心理,1457
persuade,pә'sweid,vt.,说服,,,kaoyan-shared english-i english-ii source:netem-2024 category:动作行为 category:心理活动,1458
software,'sɒftwєә,n.,软件,,,kaoyan-shared english-i english-ii source:netem-2024 category:科学技术,1459
afraid,ә'freid,adj.,害怕的,,,kaoyan-shared english-i english-ii source:netem-2024 category:情感心理,1460
steal,sti:l,vt.,偷,,,kaoyan-shared english-i english-ii source:netem-2024 category:动作行为 category:其他动作,1461
evolution,.i:vә'lu:ʃәn,n.,进化,,,kaoyan-shared english-i english-ii source:netem-2024 category:科学技术,1462
corporation,.kɒ:pә'reiʃәn,n.,公司、法人,,,kaoyan-shared english-i english-ii source:netem-2024 category:商业经济,1463
homework,'hәumwә:k,n.,作业,,,kaoyan-shared english-i english-ii source:netem-2024 category:教育学习,1464
sight,sait,n.,视野、景象,,,kaoyan-shared english-i english-ii source:netem-2024 category:抽象概念 category:认知与抽象名词,1465
athlete,'æθli:t,n.,运动员,,,kaoyan-shared english-i english-ii source:netem-2024 category:运动娱乐,1466
outcome,'autkʌm,n.,结果,,,kaoyan-shared english-i english-ii source:netem-2024 category:抽象概念 category:认知与抽象名词,1467
surface,'sә:fis,n.,表面,,,kaoyan-shared english-i english-ii source:netem-2024 category:自然环境,1468
apart,ә'pɑ:t,adv.,相隔、分开,,,kaoyan-shared english-i english-ii source:netem-2024 category:空间地点,1469
pleasure,'pleʒә,n.,愉快、乐事,,,kaoyan-shared english-i english-ii source:netem-2024 category:情感心理,1470
entry,'entri,n.,进入,,,kaoyan-shared english-i english-ii source:netem-2024 category:空间地点,1471
justice,'dʒʌstis,n.,公平、审判,,,kaoyan-shared english-i english-ii source:netem-2024 category:政治法律,1472
electricity,.ilek'trisiti,n.,电、电学,,,kaoyan-shared english-i english-ii source:netem-2024 category:科学技术,1473
notice,'nәutis,n.,注意、通知,,,kaoyan-shared english-i english-ii source:netem-2024 category:动作行为 category:心理活动,1474
final,'fainl,n.,最终的,,,kaoyan-shared english-i english-ii source:netem-2024 category:抽象概念 category:性质与评价,1475
rarely,'rєәli,adv.,罕见地、几乎不,,,kaoyan-shared english-i english-ii source:netem-2024 category:抽象概念 category:数量与程度,1476
privacy,'praivәsi,n.,隐私,,,kaoyan-shared english-i english-ii source:netem-2024 category:情感心理,1477
email,'i:'meil,n.,电子邮件,,,kaoyan-shared english-i english-ii source:netem-2024 category:科学技术,1478
cycle,'saikl,n.,骑自行车、周期,,,kaoyan-shared english-i english-ii source:netem-2024 category:时间日期,1479
satellite,'sætlait,n.,卫星,,,kaoyan-shared english-i english-ii source:netem-2024 category:科学技术,1480
burden,'bә:dn,n.,负担,,,kaoyan-shared english-i english-ii source:netem-2024 category:动作行为 category:占有与转移,1481
king,kiŋ,n.,君主,,,kaoyan-shared english-i english-ii source:netem-2024 category:人类与社会,1482
salary,'sælәri,n.,薪水,,,kaoyan-shared english-i english-ii source:netem-2024 category:商业经济,1483
mountain,'mauntin,n.,山,,,kaoyan-shared english-i english-ii source:netem-2024 category:自然环境,1484
religious,ri'lidʒәs,adj.,宗教的、虔诚的,,,kaoyan-shared english-i english-ii source:netem-2024 category:文化宗教,1485
guarantee,.gærәn'ti:,n.,保障,,,kaoyan-shared english-i english-ii source:netem-2024 category:动作行为 category:其他动作,1486
annual,'ænjuәl,n.,每年的、全年的,,,kaoyan-shared english-i english-ii source:netem-2024 category:时间日期,1487
ease,i:z,n.,减轻,,,kaoyan-shared english-i english-ii source:netem-2024 category:动作行为 category:使动与影响,1488
telephone,'telifәun,n.,电话、打电话,,,kaoyan-shared english-i english-ii source:netem-2024 category:科学技术,1489
garden,'gɑ:dn,n.,花园、园艺,,,kaoyan-shared english-i english-ii source:netem-2024 category:自然环境,1490
comfort,'kʌmfәt,n.,舒适、安慰,,,kaoyan-shared english-i english-ii source:netem-2024 category:情感心理,1491
request,ri'kwest,n.,请求,,,kaoyan-shared english-i english-ii source:netem-2024 category:动作行为 category:占有与转移,1492
foundation,faun'deiʃәn,n.,基础、地基,,,kaoyan-shared english-i english-ii source:netem-2024 category:抽象概念 category:认知与抽象名词,1493
lunch,lʌntʃ,n.,午饭,,,kaoyan-shared english-i english-ii source:netem-2024 category:食物营养,1494
engine,'endʒin,n.,引擎,,,kaoyan-shared english-i english-ii source:netem-2024 category:科学技术,1495
symbol,'simbl,n.,符号、象征,,,kaoyan-shared english-i english-ii source:netem-2024 category:文化宗教,1496
earthquake,'ә:θkweik,n.,地震,,,kaoyan-shared english-i english-ii source:netem-2024 category:自然环境,1497
arise,ә'raiz,vi.,形成、上升,,,kaoyan-shared english-i english-ii source:netem-2024 category:动作行为 category:使动与影响,1498
partly,'pɑ:tli,adv.,部分地,,,kaoyan-shared english-i english-ii source:netem-2024 category:抽象概念 category:数量与程度,1499
existence,ig'zistәns,n.,存在,,,kaoyan-shared english-i english-ii source:netem-2024 category:抽象概念 category:认知与抽象名词,1500
rapid,'ræpid,adj.,快的,,,kaoyan-shared english-i english-ii source:netem-2024 category:抽象概念 category:性质与评价,1501
willing,'wiliŋ,adj.,情愿的,,,kaoyan-shared english-i english-ii source:netem-2024 category:情感心理,1502
curiosity,.kjuәri'ɒsiti,n.,好奇心,,,kaoyan-shared english-i english-ii source:netem-2024 category:情感心理,1503
childhood,'tʃaildhud,n.,幼年,,,kaoyan-shared english-i english-ii source:netem-2024 category:时间日期,1504
tie,tai,n.,系,,,kaoyan-shared english-i english-ii source:netem-2024 category:动作行为 category:身体动作,1505
climb,klaim,v.,攀爬,,,kaoyan-shared english-i english-ii source:netem-2024 category:动作行为 category:身体动作,1506
net,net,n.,网、净的,,,kaoyan-shared english-i english-ii source:netem-2024 category:日常生活,1507
none,nʌn,adv.,没有,,,kaoyan-shared english-i english-ii source:netem-2024 category:抽象概念 category:数量与程度,1508
widespread,'waidspred,adj.,遍布的,,,kaoyan-shared english-i english-ii source:netem-2024 category:抽象概念 category:性质与评价,1509
stem,stem,n.,茎、词干,,,kaoyan-shared english-i english-ii source:netem-2024 category:自然环境,1510
abandon,ә'bændәn,vt.,抛弃,,,kaoyan-shared english-i english-ii source:netem-2024 category:动作行为 category:身体动作,1511
pound,paund,n.,英镑、磅,,,kaoyan-shared english-i english-ii source:netem-2024 category:商业经济,1512
custom,'kʌstәm,n.,习惯、惠顾,,,kaoyan-shared english-i english-ii source:netem-2024 category:文化宗教,1513
fee,fi:,n.,费用,,,kaoyan-shared english-i english-ii source:netem-2024 category:商业经济,1514
island,'ailәnd,n.,岛,,,kaoyan-shared english-i english-ii source:netem-2024 category:自然环境,1515
suitable,'sju:tәbl,adj.,合适的,,,kaoyan-shared english-i english-ii source:netem-2024 category:抽象概念 category:性质与评价,1516
favor,'feivә,n.,喜欢、赞同,,,kaoyan-shared english-i english-ii source:netem-2024 category:情感心理,1517
secure,si'kjuә,adj.,使安全、争取到,,,kaoyan-shared english-i english-ii source:netem-2024 category:动作行为 category:占有与转移,1518
presence,'prezns,n.,出席、存在,,,kaoyan-shared english-i english-ii source:netem-2024 category:人类与社会,1519
transport,træns'pɒ:t,n.,运输,,,kaoyan-shared english-i english-ii source:netem-2024 category:交通旅行,1520
independent,.indi'pendәnt,n.,独立的、私营的,,,kaoyan-shared english-i english-ii source:netem-2024 category:抽象概念 category:性质与评价,1521
notion,'nәuʃәn,n.,概念、见解、打算,,,kaoyan-shared english-i english-ii source:netem-2024 category:抽象概念 category:认知与抽象名词,1522
distinguish,dis'tiŋgwiʃ,v.,区别、使有特色,,,kaoyan-shared english-i english-ii source:netem-2024 category:动作行为 category:使动与影响,1523
collection,kә'lekʃәn,n.,收藏,,,kaoyan-shared english-i english-ii source:netem-2024 category:文化宗教,1524
perspective,pә'spektiv,n.,观点、判断力,,,kaoyan-shared english-i english-ii source:netem-2024 category:抽象概念 category:认知与抽象名词,1525
careful,'kєәful,adj.,小心的、细致的,,,kaoyan-shared english-i english-ii source:netem-2024 category:情感心理,1526
toy,tɒi,n.,玩具,,,kaoyan-shared english-i english-ii source:netem-2024 category:运动娱乐,1527
friendship,'frendʃip,n.,友谊,,,kaoyan-shared english-i english-ii source:netem-2024 category:人类与社会,1528
throw,θrәu,vt.,扔,,,kaoyan-shared english-i english-ii source:netem-2024 category:动作行为 category:身体动作,1529
ambition,æm'biʃәn,n.,雄心、志向,,,kaoyan-shared english-i english-ii source:netem-2024 category:情感心理,1530
giant,'dʒaiәnt,n.,巨人、巨大的,,,kaoyan-shared english-i english-ii source:netem-2024 category:人类与社会,1531
definition,.defi'niʃәn,n.,定义、清晰度,,,kaoyan-shared english-i english-ii source:netem-2024 category:抽象概念 category:认知与抽象名词,1532
height,hait,n.,高度、身高,,,kaoyan-shared english-i english-ii source:netem-2024 category:抽象概念 category:数量与程度,1533
reject,ri'dʒekt,n.,拒绝,,,kaoyan-shared english-i english-ii source:netem-2024 category:动作行为 category:身体动作,1534
disappear,.disә'piә,vi.,消失,,,kaoyan-shared english-i english-ii source:netem-2024 category:动作行为 category:变化趋势,1535
typical,'tipikl,adj.,典型的,,,kaoyan-shared english-i english-ii source:netem-2024 category:抽象概念 category:性质与评价,1536
dark,dɑ:k,n.,黑暗的、深色的,,,kaoyan-shared english-i english-ii source:netem-2024 category:交通旅行,1537
suit,sju:t. su:t,n.,适合,,,kaoyan-shared english-i english-ii source:netem-2024 category:交通旅行,1538
quit,kwit,vi.,退出,,,kaoyan-shared english-i english-ii source:netem-2024 category:动作行为 category:社交交互,1539
leadership,'li:dәʃip,n.,领导,,,kaoyan-shared english-i english-ii source:netem-2024 category:职业工作,1540
behave,bi'heiv,vi.,表现,,,kaoyan-shared english-i english-ii source:netem-2024 category:动作行为 category:身体动作,1541
inspire,in'spaiә,vt.,激发,,,kaoyan-shared english-i english-ii source:netem-2024 category:动作行为 category:使动与影响,1542
youth,ju:θ,n.,青春、年轻人,,,kaoyan-shared english-i english-ii source:netem-2024 category:人类与社会,1543
violence,'vaiәlәns,n.,暴力、狂热,,,kaoyan-shared english-i english-ii source:netem-2024 category:政治法律,1544
monitor,'mɒnitә,n.,监视器,,,kaoyan-shared english-i english-ii source:netem-2024 category:动作行为 category:身体动作,1545
kitchen,'kitʃin,n.,厨房,,,kaoyan-shared english-i english-ii source:netem-2024 category:日常生活,1546
phenomenon,fi'nɒminәn,n.,现象,,,kaoyan-shared english-i english-ii source:netem-2024 category:抽象概念 category:认知与抽象名词,1547
physician,fi'ziʃәn,n.,医师,,,kaoyan-shared english-i english-ii source:netem-2024 category:职业工作,1548
actor,'æktә,n.,男演员,,,kaoyan-shared english-i english-ii source:netem-2024 category:职业工作,1549
extent,ik'stent,n.,程度、范围,,,kaoyan-shared english-i english-ii source:netem-2024 category:抽象概念 category:数量与程度,1550
jump,dʒʌmp,n.,跳,,,kaoyan-shared english-i english-ii source:netem-2024 category:动作行为 category:身体动作,1551
proportion,prә'pɒ:ʃәn,n.,部分、比例,,,kaoyan-shared english-i english-ii source:netem-2024 category:抽象概念 category:认知与抽象名词,1552
egg,eg,n.,蛋、卵,,,kaoyan-shared english-i english-ii source:netem-2024 category:食物营养,1553
pursue,pә'sju:,vt.,追求,,,kaoyan-shared english-i english-ii source:netem-2024 category:动作行为 category:起始与终止,1554
complicated,'kɒmplikeitid,adj.,错综复杂的,,,kaoyan-shared english-i english-ii source:netem-2024 category:抽象概念 category:性质与评价,1555
bracket,'brækit,n.,括号,,,kaoyan-shared english-i english-ii source:netem-2024 category:日常生活,1556
solar,'sәulә,adj.,太阳能的、太阳的,,,kaoyan-shared english-i english-ii source:netem-2024 category:自然环境,1557
duty,'dju:ti,n.,责任,,,kaoyan-shared english-i english-ii source:netem-2024 category:政治法律,1558
recall,ri'kɒ:l,n.,回忆、召回,,,kaoyan-shared english-i english-ii source:netem-2024 category:动作行为 category:心理活动,1559
winter,'wintә,n.,冬季,,,kaoyan-shared english-i english-ii source:netem-2024 category:时间日期,1560
assistant,ә'sistәnt,n.,助手,,,kaoyan-shared english-i english-ii source:netem-2024 category:职业工作,1561
coffee,'kɒfi,n.,咖啡,,,kaoyan-shared english-i english-ii source:netem-2024 category:食物营养,1562
overseas,'әuvә'si:z,adj.,外国的、在海外,,,kaoyan-shared english-i english-ii source:netem-2024 category:空间地点,1563
crash,kræʃ,n.,碰撞,,,kaoyan-shared english-i english-ii source:netem-2024 category:动作行为 category:身体动作,1564
river,'rivә,n.,河流,,,kaoyan-shared english-i english-ii source:netem-2024 category:自然环境,1565
weekend,'wi:kend,n.,周末,,,kaoyan-shared english-i english-ii source:netem-2024 category:时间日期,1566
administration,әd.mini'streiʃәn,n.,管理、政府,,,kaoyan-shared english-i english-ii source:netem-2024 category:政治法律,1567
excessive,ik'sesiv,adj.,过多的,,,kaoyan-shared english-i english-ii source:netem-2024 category:抽象概念 category:性质与评价,1568
path,pɑ:θ,n.,小道,,,kaoyan-shared english-i english-ii source:netem-2024 category:空间地点,1569
productive,prә'dʌktiv,adj.,盛产的、富有成效的,,,kaoyan-shared english-i english-ii source:netem-2024 category:抽象概念 category:性质与评价,1570
enormous,i'nɒ:mәs,adj.,巨大的,,,kaoyan-shared english-i english-ii source:netem-2024 category:抽象概念 category:数量与程度,1571
conservation,.kɒnsә'veiʃәn,n.,保护、保存,,,kaoyan-shared english-i english-ii source:netem-2024 category:自然环境,1572
urge,ә:dʒ,n.,催促、敦促,,,kaoyan-shared english-i english-ii source:netem-2024 category:动作行为 category:身体动作,1573
concentrate,'kɒnsәntreit,n.,集中,,,kaoyan-shared english-i english-ii source:netem-2024 category:动作行为 category:身体动作,1574
impression,im'preʃәn,n.,印象,,,kaoyan-shared english-i english-ii source:netem-2024 category:抽象概念 category:认知与抽象名词,1575
worldwide,'wә:ldwaid,adj.,全世界的,,,kaoyan-shared english-i english-ii source:netem-2024 category:抽象概念 category:性质与评价,1576
liberal,'libәrәl,n.,不严格的、自由的,,,kaoyan-shared english-i english-ii source:netem-2024 category:情感心理,1577
immediate,i'mi:diәt,adj.,立即的,,,kaoyan-shared english-i english-ii source:netem-2024 category:时间日期,1578
retire,ri'taiә,n.,退休,,,kaoyan-shared english-i english-ii source:netem-2024 category:动作行为 category:起始与终止,1579
bed,bed,n.,床,,,kaoyan-shared english-i english-ii source:netem-2024 category:日常生活,1580
daughter,'dɒ:tә,n.,女儿,,,kaoyan-shared english-i english-ii source:netem-2024 category:人类与社会,1581
substance,'sʌbstәns,n.,物质,,,kaoyan-shared english-i english-ii source:netem-2024 category:抽象概念 category:认知与抽象名词,1582
clone,klәun,n.,克隆,,,kaoyan-shared english-i english-ii source:netem-2024 category:科学技术,1583
commission,kә'miʃәn,n.,委员会、委托,,,kaoyan-shared english-i english-ii source:netem-2024 category:商业经济,1584
settle,'setl,n.,解决、定居,,,kaoyan-shared english-i english-ii source:netem-2024 category:动作行为 category:其他动作,1585
insist,in'sist,v.,坚持,,,kaoyan-shared english-i english-ii source:netem-2024 category:动作行为 category:占有与转移,1586
editor,'editә,n.,编辑,,,kaoyan-shared english-i english-ii source:netem-2024 category:职业工作,1587
scholar,'skɒlә,n.,学者,,,kaoyan-shared english-i english-ii source:netem-2024 category:教育学习,1588
institute,'institju:t,n.,机构、建立,,,kaoyan-shared english-i english-ii source:netem-2024 category:教育学习,1589
unusual,.ʌn'ju:ʒu:l,adj.,不平常的,,,kaoyan-shared english-i english-ii source:netem-2024 category:抽象概念 category:性质与评价,1590
rare,rєә,adj.,稀少的、稀薄的,,,kaoyan-shared english-i english-ii source:netem-2024 category:抽象概念 category:性质与评价,1591
fun,fʌn,n.,快乐,,,kaoyan-shared english-i english-ii source:netem-2024 category:运动娱乐,1592
nine,nain,num.,九,,,kaoyan-shared english-i english-ii source:netem-2024 category:时间日期,1593
client,'klaiәnt,n.,顾客、委托人,,,kaoyan-shared english-i english-ii source:netem-2024 category:商业经济,1594
saving,'seiviŋ,n.,节省、储蓄金,,,kaoyan-shared english-i english-ii source:netem-2024 category:商业经济,1595
quiet,'kwaiәt,n.,安静的,,,kaoyan-shared english-i english-ii source:netem-2024 category:情感心理,1596
cognitive,'kɒgnitiv,adj.,认知的,,,kaoyan-shared english-i english-ii source:netem-2024 category:科学技术,1597
smell,smel,n.,闻,,,kaoyan-shared english-i english-ii source:netem-2024 category:动作行为 category:身体动作,1598
additional,ә'diʃәnәl,adj.,附加的,,,kaoyan-shared english-i english-ii source:netem-2024 category:抽象概念 category:数量与程度,1599
plastic,'plæstik,n.,塑料、可塑的,,,kaoyan-shared english-i english-ii source:netem-2024 category:科学技术,1600
officer,'ɒfisә,n.,官员、军官,,,kaoyan-shared english-i english-ii source:netem-2024 category:职业工作,1601
wisdom,'wizdәm,n.,智慧,,,kaoyan-shared english-i english-ii source:netem-2024 category:情感心理,1602
mobile,'mәubil,adj.,移动的,,,kaoyan-shared english-i english-ii source:netem-2024 category:科学技术,1603
mood,mu:d,n.,情绪、心情,,,kaoyan-shared english-i english-ii source:netem-2024 category:情感心理,1604
symptom,'simptәm,n.,症状,,,kaoyan-shared english-i english-ii source:netem-2024 category:健康医疗,1605
indifferent,in'difәrәnt,adj.,漠不关心的,,,kaoyan-shared english-i english-ii source:netem-2024 category:情感心理,1606
neglect,ni'glekt,n.,忽视、疏忽,,,kaoyan-shared english-i english-ii source:netem-2024 category:动作行为 category:其他动作,1607
transform,træns'fɒ:m,vt.,改变,,,kaoyan-shared english-i english-ii source:netem-2024 category:动作行为 category:身体动作,1608
bright,brait,adj.,明亮的,,,kaoyan-shared english-i english-ii source:netem-2024 category:情感心理,1609
recovery,ri'kʌvәri,n.,恢复、重获,,,kaoyan-shared english-i english-ii source:netem-2024 category:健康医疗,1610
reputation,.repju'teiʃәn,n.,名誉,,,kaoyan-shared english-i english-ii source:netem-2024 category:情感心理,1611
fault,fɒ:lt,n.,错误,,,kaoyan-shared english-i english-ii source:netem-2024 category:抽象概念 category:认知与抽象名词,1612
inflation,in'fleiʃәn,n.,通货膨胀,,,kaoyan-shared english-i english-ii source:netem-2024 category:商业经济,1613
atmosphere,'ætmәsfiә,n.,气氛,,,kaoyan-shared english-i english-ii source:netem-2024 category:自然环境,1614
religion,ri'lidʒәn,n.,宗教、信念,,,kaoyan-shared english-i english-ii source:netem-2024 category:文化宗教,1615
root,ru:t,n.,根、根本,,,kaoyan-shared english-i english-ii source:netem-2024 category:自然环境,1616
severe,si'viә,adj.,严重的,,,kaoyan-shared english-i english-ii source:netem-2024 category:情感心理,1617
deny,di'nai,v.,否定,,,kaoyan-shared english-i english-ii source:netem-2024 category:动作行为 category:评价与判断,1618
assess,ә'ses,vt.,评估,,,kaoyan-shared english-i english-ii source:netem-2024 category:商业经济,1619
extreme,ik'stri:m,n.,极端,,,kaoyan-shared english-i english-ii source:netem-2024 category:抽象概念 category:性质与评价,1620
introduction,.intrә'dʌkʃәn,n.,介绍、传入,,,kaoyan-shared english-i english-ii source:netem-2024 category:教育学习,1621
seldom,'seldәm,adj.,很少的,,,kaoyan-shared english-i english-ii source:netem-2024 category:抽象概念 category:数量与程度,1622
tip,tip,n.,末端、小费、提示,,,kaoyan-shared english-i english-ii source:netem-2024 category:动作行为 category:身体动作,1623
minority,mai'nɒriti,n.,少数,,,kaoyan-shared english-i english-ii source:netem-2024 category:抽象概念 category:数量与程度,1624
relevant,'relivәnt,adj.,相关的,,,kaoyan-shared english-i english-ii source:netem-2024 category:抽象概念 category:性质与评价,1625
cool,ku:l,n.,酷、使冷静,,,kaoyan-shared english-i english-ii source:netem-2024 category:抽象概念 category:性质与评价,1626
deserve,di'zә:v,vt.,值得、应得,,,kaoyan-shared english-i english-ii source:netem-2024 category:动作行为 category:其他动作,1627
repeat,ri'pi:t,n.,重复,,,kaoyan-shared english-i english-ii source:netem-2024 category:动作行为 category:社交交互,1628
politician,.pɒli'tiʃәn,n.,政治家,,,kaoyan-shared english-i english-ii source:netem-2024 category:政治法律,1629
pose,pәuz,n.,摆姿势、造成、提出,,,kaoyan-shared english-i english-ii source:netem-2024 category:动作行为 category:身体动作,1630
chair,tʃєә,n.,主席、椅子,,,kaoyan-shared english-i english-ii source:netem-2024 category:日常生活,1631
beautiful,'bju:tiful,adj.,美好的,,,kaoyan-shared english-i english-ii source:netem-2024 category:情感心理,1632
organic,ɒ:'gænik,adj.,器官的、有机物的,,,kaoyan-shared english-i english-ii source:netem-2024 category:科学技术,1633
vital,'vaitl,adj.,重要的,,,kaoyan-shared english-i english-ii source:netem-2024 category:抽象概念 category:性质与评价,1634
alternative,ɒ:l'tә:nәtiv,n.,备选的,,,kaoyan-shared english-i english-ii source:netem-2024 category:抽象概念 category:认知与抽象名词,1635
cancel,'kænsәl,n.,取消,,,kaoyan-shared english-i english-ii source:netem-2024 category:动作行为 category:起始与终止,1636
depth,depθ,n.,深度,,,kaoyan-shared english-i english-ii source:netem-2024 category:抽象概念 category:数量与程度,1637
protein,'prәuti:in,n.,蛋白质,,,kaoyan-shared english-i english-ii source:netem-2024 category:食物营养,1638
profession,prә'feʃәn,n.,职业,,,kaoyan-shared english-i english-ii source:netem-2024 category:职业工作,1639
specialist,'speiʃәlist,n.,专家,,,kaoyan-shared english-i english-ii source:netem-2024 category:职业工作,1640
mere,miә,n.,仅仅的,,,kaoyan-shared english-i english-ii source:netem-2024 category:抽象概念 category:性质与评价,1641
opposite,'ɒpәzit,adj.,相反的、对立面,,,kaoyan-shared english-i english-ii source:netem-2024 category:抽象概念 category:性质与评价,1642
possess,pә'zes,vt.,拥有、具有,,,kaoyan-shared english-i english-ii source:netem-2024 category:动作行为 category:占有与转移,1643
recognition,.rekәg'niʃәn,n.,认出、承认,,,kaoyan-shared english-i english-ii source:netem-2024 category:抽象概念 category:认知与抽象名词,1644
attribute,ә'tribju:t,n.,属性,,,kaoyan-shared english-i english-ii source:netem-2024 category:动作行为 category:身体动作,1645
chain,tʃein,n.,链,,,kaoyan-shared english-i english-ii source:netem-2024 category:日常生活,1646
remote,ri'mәut,adj.,遥远的,,,kaoyan-shared english-i english-ii source:netem-2024 category:抽象概念 category:性质与评价,1647
tomorrow,tә'mɒ:rәu,n.,明天、来日,,,kaoyan-shared english-i english-ii source:netem-2024 category:时间日期,1648
continent,'kɒntinәnt,n.,洲、大陆,,,kaoyan-shared english-i english-ii source:netem-2024 category:自然环境,1649
reduction,ri'dʌkʃәn,n.,减少、降低,,,kaoyan-shared english-i english-ii source:netem-2024 category:抽象概念 category:认知与抽象名词,1650
everyday,'evri'dei,adj.,每日的,,,kaoyan-shared english-i english-ii source:netem-2024 category:日常生活,1651
percentage,pә'sentidʒ,n.,百分比,,,kaoyan-shared english-i english-ii source:netem-2024 category:商业经济,1652
version,'vә:ʒәn,n.,版本,,,kaoyan-shared english-i english-ii source:netem-2024 category:抽象概念 category:认知与抽象名词,1653
dramatic,drә'mætik,adj.,戏剧性的,,,kaoyan-shared english-i english-ii source:netem-2024 category:运动娱乐,1654
stimulate,'stimjuleit,vt.,刺激、使兴奋,,,kaoyan-shared english-i english-ii source:netem-2024 category:动作行为 category:使动与影响,1655
arrange,ә'reindʒ,v.,安排,,,kaoyan-shared english-i english-ii source:netem-2024 category:动作行为 category:使动与影响,1656
faculty,'fækәlti,n.,能力、院系,,,kaoyan-shared english-i english-ii source:netem-2024 category:教育学习,1657
praise,preiz,n.,赞美、表扬,,,kaoyan-shared english-i english-ii source:netem-2024 category:动作行为 category:社交交互,1658
volunteer,.vɒlәn'tiә,n.,志愿者,,,kaoyan-shared english-i english-ii source:netem-2024 category:人类与社会,1659
stone,stәun,n.,石头,,,kaoyan-shared english-i english-ii source:netem-2024 category:自然环境,1660
chapter,'tʃæptә,n.,章节,,,kaoyan-shared english-i english-ii source:netem-2024 category:教育学习,1661
meanwhile,'mi:nhwail,n.,与此同时,,,kaoyan-shared english-i english-ii source:netem-2024 category:时间日期,1662
perceive,pә'si:v,vt.,察觉、理解,,,kaoyan-shared english-i english-ii source:netem-2024 category:动作行为 category:心理活动,1663
merely,'miәli,adv.,仅仅,,,kaoyan-shared english-i english-ii source:netem-2024 category:抽象概念 category:数量与程度,1664
absorb,әb'sɒ:b,vt.,吸收,,,kaoyan-shared english-i english-ii source:netem-2024 category:动作行为 category:身体动作,1665
belong,bi'lɒŋ,vi.,属于,,,kaoyan-shared english-i english-ii source:netem-2024 category:动作行为 category:其他动作,1666
weak,wi:k,adj.,弱的,,,kaoyan-shared english-i english-ii source:netem-2024 category:抽象概念 category:性质与评价,1667
affair,ә'fєә,n.,事情、事务,,,kaoyan-shared english-i english-ii source:netem-2024 category:人类与社会,1668
undergraduate,.ʌndә'grædjuit,n.,本科的、本科生,,,kaoyan-shared english-i english-ii source:netem-2024 category:教育学习,1669
assign,ә'sain,vt.,分配、指定,,,kaoyan-shared english-i english-ii source:netem-2024 category:动作行为 category:占有与转移,1670
mission,'miʃәn,n.,任务、使命,,,kaoyan-shared english-i english-ii source:netem-2024 category:政治法律,1671
joy,dʒɒi,n.,欢乐,,,kaoyan-shared english-i english-ii source:netem-2024 category:情感心理,1672
highway,'haiwei,n.,公路,,,kaoyan-shared english-i english-ii source:netem-2024 category:空间地点,1673
publication,.pʌbli'keiʃәn,n.,公布、出版,,,kaoyan-shared english-i english-ii source:netem-2024 category:文化宗教,1674
poetry,'pәuitri,n.,诗歌,,,kaoyan-shared english-i english-ii source:netem-2024 category:文化宗教,1675
usual,'ju:ʒuәl,adj.,通常的,,,kaoyan-shared english-i english-ii source:netem-2024 category:抽象概念 category:性质与评价,1676
necessity,ni'sesәti,n.,必要、必然性,,,kaoyan-shared english-i english-ii source:netem-2024 category:抽象概念 category:认知与抽象名词,1677
adjust,ә'dʒʌst,vt.,调整,,,kaoyan-shared english-i english-ii source:netem-2024 category:动作行为 category:使动与影响,1678
announce,ә'nauns,vt.,宣布,,,kaoyan-shared english-i english-ii source:netem-2024 category:动作行为 category:社交交互,1679
exposure,ik'spәuʒә,n.,暴露、揭发,,,kaoyan-shared english-i english-ii source:netem-2024 category:健康医疗,1680
acknowledge,әk'nɒlidʒ,vt.,承认,,,kaoyan-shared english-i english-ii source:netem-2024 category:动作行为 category:占有与转移,1681
imagination,i.mædʒi'neiʃәn,n.,想象,,,kaoyan-shared english-i english-ii source:netem-2024 category:情感心理,1682
locate,'lәukeit,vt.,指出、位于,,,kaoyan-shared english-i english-ii source:netem-2024 category:动作行为 category:身体动作,1683
incentive,in'sentiv,n.,刺激、动机,,,kaoyan-shared english-i english-ii source:netem-2024 category:抽象概念 category:认知与抽象名词,1684
victim,'viktim,n.,受害者,,,kaoyan-shared english-i english-ii source:netem-2024 category:人类与社会,1685
airline,'єәlain,n.,航线,,,kaoyan-shared english-i english-ii source:netem-2024 category:交通旅行,1686
confident,'kɒnfidәnt,adj.,自信的,,,kaoyan-shared english-i english-ii source:netem-2024 category:情感心理,1687
preference,'prefәrәns,n.,偏爱,,,kaoyan-shared english-i english-ii source:netem-2024 category:情感心理,1688
approve,ә'pru:v,vt.,赞同,,,kaoyan-shared english-i english-ii source:netem-2024 category:动作行为 category:社交交互,1689
borrow,'bɒrәu,vt.,借,,,kaoyan-shared english-i english-ii source:netem-2024 category:动作行为 category:心理活动,1690
assignment,ә'sainmәnt,n.,任务,,,kaoyan-shared english-i english-ii source:netem-2024 category:教育学习,1691
reliable,ri'laiәbl,adj.,可靠的,,,kaoyan-shared english-i english-ii source:netem-2024 category:抽象概念 category:性质与评价,1692
asset,'æset,n.,资产、天赋,,,kaoyan-shared english-i english-ii source:netem-2024 category:商业经济,1693
constant,'kɒnstәnt,n.,坚定的、经常的,,,kaoyan-shared english-i english-ii source:netem-2024 category:抽象概念 category:性质与评价,1694
leisure,'li:ʒә,n.,空闲、悠闲,,,kaoyan-shared english-i english-ii source:netem-2024 category:时间日期,1695
considerable,kәn'sidәrәbl,adj.,相当大的,,,kaoyan-shared english-i english-ii source:netem-2024 category:抽象概念 category:数量与程度,1696
beauty,'bju:ti,n.,美丽、美人,,,kaoyan-shared english-i english-ii source:netem-2024 category:情感心理,1697
massive,'mæsiv,adj.,巨大的、大规模的,,,kaoyan-shared english-i english-ii source:netem-2024 category:抽象概念 category:数量与程度,1698
council,'kaunsәl,n.,理事会,,,kaoyan-shared english-i english-ii source:netem-2024 category:政治法律,1699
entire,in'taiә,n.,完全的,,,kaoyan-shared english-i english-ii source:netem-2024 category:抽象概念 category:数量与程度,1700
reverse,ri'vә:s,n.,相反的、倒退的,,,kaoyan-shared english-i english-ii source:netem-2024 category:动作行为 category:身体动作,1701
document,'dɒkjumәnt,n.,文档,,,kaoyan-shared english-i english-ii source:netem-2024 category:教育学习,1702
skim,skim,vt.,掠过,,,kaoyan-shared english-i english-ii source:netem-2024 category:动作行为 category:身体动作,1703
optimistic,.ɒpti'mistik,adj.,乐观的,,,kaoyan-shared english-i english-ii source:netem-2024 category:情感心理,1704
somewhat,'sʌmhwɒt,n.,稍微,,,kaoyan-shared english-i english-ii source:netem-2024 category:抽象概念 category:数量与程度,1705
skilled,'skild,adj.,有技能的、熟练的,,,kaoyan-shared english-i english-ii source:netem-2024 category:抽象概念 category:性质与评价,1706
appreciate,ә'pri:ʃieit,vt.,欣赏、感激,,,kaoyan-shared english-i english-ii source:netem-2024 category:情感心理,1707
entertainment,.entә'teinmәnt,n.,招待、娱乐,,,kaoyan-shared english-i english-ii source:netem-2024 category:运动娱乐,1708
nobody,'nәubɒdi,n.,谁也不、小人物,,,kaoyan-shared english-i english-ii source:netem-2024 category:人类与社会,1709
satisfaction,.sætis'fækʃәn,n.,满意、乐事,,,kaoyan-shared english-i english-ii source:netem-2024 category:情感心理,1710
recover,ri'kʌvә,vt.,恢复,,,kaoyan-shared english-i english-ii source:netem-2024 category:动作行为 category:变化趋势,1711
apartment,ә'pɑ:tmәnt,n.,房间、公寓,,,kaoyan-shared english-i english-ii source:netem-2024 category:日常生活,1712
sister,'sistә,n.,姐妹,,,kaoyan-shared english-i english-ii source:netem-2024 category:人类与社会,1713
plate,pleit,n.,盘子,,,kaoyan-shared english-i english-ii source:netem-2024 category:日常生活,1714
justify,'dʒʌstifai,vt.,证明…正当,,,kaoyan-shared english-i english-ii source:netem-2024 category:动作行为 category:评价与判断,1715
dead,ded,adj.,死去的、麻木的,,,kaoyan-shared english-i english-ii source:netem-2024 category:健康医疗,1716
ceremony,'serimәni,n.,仪式,,,kaoyan-shared english-i english-ii source:netem-2024 category:文化宗教,1717
elsewhere,'elshwєә,adv.,在别处,,,kaoyan-shared english-i english-ii source:netem-2024 category:空间地点,1718
procedure,prә'si:dʒә,n.,步骤,,,kaoyan-shared english-i english-ii source:netem-2024 category:教育学习,1719
unlikely,.ʌn'laikli,adj.,不太可能,,,kaoyan-shared english-i english-ii source:netem-2024 category:抽象概念 category:性质与评价,1720
strict,strikt,adj.,严格的,,,kaoyan-shared english-i english-ii source:netem-2024 category:情感心理,1721
stick,stik,n.,棍、刺、粘贴,,,kaoyan-shared english-i english-ii source:netem-2024 category:动作行为 category:身体动作,1722
observation,.ɒbzә:'veiʃәn,n.,观察、言论,,,kaoyan-shared english-i english-ii source:netem-2024 category:抽象概念 category:认知与抽象名词,1723
convey,kәn'vei,vt.,传达、输送,,,kaoyan-shared english-i english-ii source:netem-2024 category:动作行为 category:身体动作,1724
virtual,'vә:tʃuәl,adj.,虚拟、实际上的,,,kaoyan-shared english-i english-ii source:netem-2024 category:抽象概念 category:性质与评价,1725
discourage,dis'kʌridʒ,vt.,使泄气,,,kaoyan-shared english-i english-ii source:netem-2024 category:动作行为 category:使动与影响,1726
jam,dʒæm,n.,拥堵、果酱,,,kaoyan-shared english-i english-ii source:netem-2024 category:食物营养,1727
location,lәu'keiʃәn,n.,位置,,,kaoyan-shared english-i english-ii source:netem-2024 category:空间地点,1728
coach,kәutʃ,n.,教练,,,kaoyan-shared english-i english-ii source:netem-2024 category:职业工作,1729
merit,'merit,n.,优点、价值、值得,,,kaoyan-shared english-i english-ii source:netem-2024 category:抽象概念 category:认知与抽象名词,1730
occasion,ә'keiʒәn,n.,机会、重大活动,,,kaoyan-shared english-i english-ii source:netem-2024 category:时间日期,1731
bottle,'bɒtl,n.,瓶子,,,kaoyan-shared english-i english-ii source:netem-2024 category:日常生活,1732
implication,.impli'keiʃәn,n.,后果、言下之意,,,kaoyan-shared english-i english-ii source:netem-2024 category:抽象概念 category:认知与抽象名词,1733
inevitable,in'evitәbl,adj.,不可避免的,,,kaoyan-shared english-i english-ii source:netem-2024 category:抽象概念 category:性质与评价,1734
wind,wind,n.,风,,,kaoyan-shared english-i english-ii source:netem-2024 category:自然环境,1735
surprise,sә'praiz,n.,惊讶,,,kaoyan-shared english-i english-ii source:netem-2024 category:情感心理,1736
independence,.indi'pendәns,n.,独立,,,kaoyan-shared english-i english-ii source:netem-2024 category:抽象概念 category:性质与评价,1737
aside,ә'said,n.,在旁边,,,kaoyan-shared english-i english-ii source:netem-2024 category:空间地点,1738
bind,baind,vt.,结合、约束、捆绑,,,kaoyan-shared english-i english-ii source:netem-2024 category:动作行为 category:使动与影响,1739
capture,'kæptʃә,n.,捕获、战利品、拍摄、引起注意,,,kaoyan-shared english-i english-ii source:netem-2024 category:动作行为 category:其他动作,1740
satisfy,'sætisfai,vt.,满意、使确信,,,kaoyan-shared english-i english-ii source:netem-2024 category:动作行为 category:使动与影响,1741
recruit,ri'kru:t,n.,招募、新兵,,,kaoyan-shared english-i english-ii source:netem-2024 category:动作行为 category:身体动作,1742
skin,skin,n.,皮,,,kaoyan-shared english-i english-ii source:netem-2024 category:人类与社会,1743
retail,'ri:teil,n.,零售,,,kaoyan-shared english-i english-ii source:netem-2024 category:商业经济,1744
sick,sik,n.,生病的,,,kaoyan-shared english-i english-ii source:netem-2024 category:健康医疗,1745
grain,grein,n.,谷物,,,kaoyan-shared english-i english-ii source:netem-2024 category:食物营养,1746
eager,'i:gә,adj.,渴望的,,,kaoyan-shared english-i english-ii source:netem-2024 category:情感心理,1747
proposal,prә'pәuzl,n.,提议、求婚,,,kaoyan-shared english-i english-ii source:netem-2024 category:动作行为 category:身体动作,1748
excerpt,'eksә:pt,n.,摘录,,,kaoyan-shared english-i english-ii source:netem-2024 category:教育学习,1749
brief,bri:f,n.,简短的,,,kaoyan-shared english-i english-ii source:netem-2024 category:抽象概念 category:性质与评价,1750
fruit,fru:t,n.,水果,,,kaoyan-shared english-i english-ii source:netem-2024 category:食物营养,1751
scene,si:n,n.,场景,,,kaoyan-shared english-i english-ii source:netem-2024 category:自然环境,1752
hide,haid,n.,隐藏,,,kaoyan-shared english-i english-ii source:netem-2024 category:动作行为 category:社交交互,1753
export,ik'spɒ:t,n.,输出、出口,,,kaoyan-shared english-i english-ii source:netem-2024 category:商业经济,1754
exhibition,.eksi'biʃәn,n.,展览会、陈列,,,kaoyan-shared english-i english-ii source:netem-2024 category:运动娱乐,1755
length,leŋθ,n.,长度,,,kaoyan-shared english-i english-ii source:netem-2024 category:抽象概念 category:数量与程度,1756
cultivate,'kʌltiveit,vt.,耕作、培养,,,kaoyan-shared english-i english-ii source:netem-2024 category:动作行为 category:身体动作,1757
border,'bɒ:dә,n.,边界,,,kaoyan-shared english-i english-ii source:netem-2024 category:空间地点,1758
edge,edʒ,n.,边、刀口,,,kaoyan-shared english-i english-ii source:netem-2024 category:空间地点,1759
recycle,.ri:'saikl,vt.,回收,,,kaoyan-shared english-i english-ii source:netem-2024 category:科学技术,1760
treasure,'treʒә,n.,宝藏,,,kaoyan-shared english-i english-ii source:netem-2024 category:商业经济,1761
bacteria,bæk'tiәriә,n.,细菌,,,kaoyan-shared english-i english-ii source:netem-2024 category:自然环境,1762
selection,si'lekʃәn,n.,选择、精选物,,,kaoyan-shared english-i english-ii source:netem-2024 category:抽象概念 category:认知与抽象名词,1763
sustain,sә'stein,vt.,支撑、忍受,,,kaoyan-shared english-i english-ii source:netem-2024 category:动作行为 category:起始与终止,1764
everybody,'evribɒdi,pron.,每人,,,kaoyan-shared english-i english-ii source:netem-2024 category:人类与社会,1765
helpful,'helpful,adj.,有帮助的,,,kaoyan-shared english-i english-ii source:netem-2024 category:情感心理,1766
instrument,'instrumәnt,n.,工具、乐器,,,kaoyan-shared english-i english-ii source:netem-2024 category:科学技术,1767
tired,taiәd,adj.,疲惫的,,,kaoyan-shared english-i english-ii source:netem-2024 category:情感心理,1768
hair,hєә,n.,头发,,,kaoyan-shared english-i english-ii source:netem-2024 category:人类与社会,1769
admission,әd'miʃәn,n.,允许进入、承认,,,kaoyan-shared english-i english-ii source:netem-2024 category:教育学习,1770
regardless,ri'gɑ:dlis,adj.,不顾、不管怎样,,,kaoyan-shared english-i english-ii source:netem-2024 category:抽象概念 category:逻辑与关系,1771
empty,'empti,adj.,空的,,,kaoyan-shared english-i english-ii source:netem-2024 category:抽象概念 category:性质与评价,1772
spring,spriŋ,n.,春天、跳跃,,,kaoyan-shared english-i english-ii source:netem-2024 category:时间日期,1773
valley,'væli,n.,山谷,,,kaoyan-shared english-i english-ii source:netem-2024 category:自然环境,1774
clothing,'klәuðiŋ,n.,衣物,,,kaoyan-shared english-i english-ii source:netem-2024 category:交通旅行,1775
nice,nais,adj.,很好的,,,kaoyan-shared english-i english-ii source:netem-2024 category:情感心理,1776
universe,'ju:nivә:s,n.,宇宙,,,kaoyan-shared english-i english-ii source:netem-2024 category:自然环境,1777
pursuit,pә'sju:t,n.,追求、追赶,,,kaoyan-shared english-i english-ii source:netem-2024 category:动作行为 category:其他动作,1778
conscious,'kɒnʃәs,adj.,神志清醒的、意识到的,,,kaoyan-shared english-i english-ii source:netem-2024 category:情感心理,1779
laugh,lɑ:f,n.,笑,,,kaoyan-shared english-i english-ii source:netem-2024 category:动作行为 category:身体动作,1780
confront,kәn'frʌnt,vt.,使面临、勇敢地面对,,,kaoyan-shared english-i english-ii source:netem-2024 category:动作行为 category:使动与影响,1781
assumption,ә'sʌmpʃәn,n.,假定,,,kaoyan-shared english-i english-ii source:netem-2024 category:抽象概念 category:认知与抽象名词,1782
equality,i:'kwɒliti,n.,同等,,,kaoyan-shared english-i english-ii source:netem-2024 category:抽象概念 category:认知与抽象名词,1783
glass,glɑ:s,n.,玻璃、玻璃杯,,,kaoyan-shared english-i english-ii source:netem-2024 category:日常生活,1784
entitle,in'taitl,vt.,给……题名、给……权利,,,kaoyan-shared english-i english-ii source:netem-2024 category:动作行为 category:其他动作,1785
prompt,prɒmpt,n.,敏捷的、提示,,,kaoyan-shared english-i english-ii source:netem-2024 category:动作行为 category:身体动作,1786
suspect,sә'spekt,n.,怀疑,,,kaoyan-shared english-i english-ii source:netem-2024 category:动作行为 category:心理活动,1787
spirit,'spirit,n.,精神,,,kaoyan-shared english-i english-ii source:netem-2024 category:情感心理,1788
hero,'hiәrәu,n.,英雄,,,kaoyan-shared english-i english-ii source:netem-2024 category:人类与社会,1789
wild,waild,n.,野生的,,,kaoyan-shared english-i english-ii source:netem-2024 category:自然环境,1790
muscle,'mʌsl,n.,肌肉、体力,,,kaoyan-shared english-i english-ii source:netem-2024 category:人类与社会,1791
beat,bi:t,n.,击败,,,kaoyan-shared english-i english-ii source:netem-2024 category:动作行为 category:身体动作,1792
peak,pi:k,n.,最高点,,,kaoyan-shared english-i english-ii source:netem-2024 category:自然环境,1793
arm,ɑ:m,n.,手臂,,,kaoyan-shared english-i english-ii source:netem-2024 category:人类与社会,1794
shrink,ʃriŋk,n.,起皱、减少,,,kaoyan-shared english-i english-ii source:netem-2024 category:动作行为 category:身体动作,1795
transition,træn'ziʃәn,n.,过渡、转变,,,kaoyan-shared english-i english-ii source:netem-2024 category:抽象概念 category:认知与抽象名词,1796
excellent,'ekslәnt,adj.,优秀的,,,kaoyan-shared english-i english-ii source:netem-2024 category:抽象概念 category:性质与评价,1797
delete,di'li:t,vt.,删除,,,kaoyan-shared english-i english-ii source:netem-2024 category:动作行为 category:其他动作,1798
racial,'reiʃәl,adj.,种族的,,,kaoyan-shared english-i english-ii source:netem-2024 category:人类与社会,1799
puzzle,'pʌzl,n.,使……困惑,,,kaoyan-shared english-i english-ii source:netem-2024 category:动作行为 category:使动与影响,1800
witness,'witnis,n.,目击、见证,,,kaoyan-shared english-i english-ii source:netem-2024 category:动作行为 category:身体动作,1801
branch,bræntʃ,n.,枝、分部,,,kaoyan-shared english-i english-ii source:netem-2024 category:自然环境,1802
literary,'litәrәri,adj.,文学的,,,kaoyan-shared english-i english-ii source:netem-2024 category:文化宗教,1803
reference,'refәrәns,n.,提及、参考,,,kaoyan-shared english-i english-ii source:netem-2024 category:教育学习,1804
minister,'ministә,n.,部长,,,kaoyan-shared english-i english-ii source:netem-2024 category:政治法律,1805
register,'redʒistә,n.,注册,,,kaoyan-shared english-i english-ii source:netem-2024 category:动作行为 category:社交交互,1806
declare,di'klєә,v.,宣布,,,kaoyan-shared english-i english-ii source:netem-2024 category:动作行为 category:社交交互,1807
everywhere,'evrihwєә,adv.,到处,,,kaoyan-shared english-i english-ii source:netem-2024 category:空间地点,1808
invent,in'vent,vt.,发明,,,kaoyan-shared english-i english-ii source:netem-2024 category:动作行为 category:身体动作,1809
maybe,'meibi:,adv.,可能、大概,,,kaoyan-shared english-i english-ii source:netem-2024 category:抽象概念 category:数量与程度,1810
volume,'vɒljum,n.,容积、音量（一）卷,,,kaoyan-shared english-i english-ii source:netem-2024 category:科学技术,1811
bar,bɑ:,n.,条、酒吧,,,kaoyan-shared english-i english-ii source:netem-2024 category:日常生活,1812
east,i:st,n.,东、东方的,,,kaoyan-shared english-i english-ii source:netem-2024 category:空间地点,1813
resume,ri'zju:m,vt.,重新开始、恢复、简历,,,kaoyan-shared english-i english-ii source:netem-2024 category:动作行为 category:变化趋势,1814
adolescent,.ædәu'lesәnt,adj.,青少年,,,kaoyan-shared english-i english-ii source:netem-2024 category:人类与社会,1815
dance,dæns. dɑ:ns,n.,跳舞,,,kaoyan-shared english-i english-ii source:netem-2024 category:运动娱乐,1816
hill,hil,n.,小山,,,kaoyan-shared english-i english-ii source:netem-2024 category:自然环境,1817
season,'si:zn,n.,季节,,,kaoyan-shared english-i english-ii source:netem-2024 category:时间日期,1818
nevertheless,.nevәðә'les,adv.,然而,,,kaoyan-shared english-i english-ii source:netem-2024 category:抽象概念 category:逻辑与关系,1819
congress,'kɒŋgres,n.,代表大会,,,kaoyan-shared english-i english-ii source:netem-2024 category:政治法律,1820
fifty,'fifti,num.,五十,,,kaoyan-shared english-i english-ii source:netem-2024 category:时间日期,1821
urgent,'ә:dʒәnt,adj.,紧迫的,,,kaoyan-shared english-i english-ii source:netem-2024 category:情感心理,1822
category,'kætigәri,n.,类别,,,kaoyan-shared english-i english-ii source:netem-2024 category:抽象概念 category:认知与抽象名词,1823
infant,'infәnt,n.,婴幼儿,,,kaoyan-shared english-i english-ii source:netem-2024 category:人类与社会,1824
convenient,kәn'vi:njәnt,adj.,方便的,,,kaoyan-shared english-i english-ii source:netem-2024 category:抽象概念 category:性质与评价,1825
battle,'bætl,n.,战斗,,,kaoyan-shared english-i english-ii source:netem-2024 category:政治法律,1826
vulnerable,'vʌlnәrәbl,adj.,易受攻击的、脆弱的,,,kaoyan-shared english-i english-ii source:netem-2024 category:抽象概念 category:性质与评价,1827
committee,kә'miti,n.,委员会,,,kaoyan-shared english-i english-ii source:netem-2024 category:政治法律,1828
band,bænd,n.,乐队、带子,,,kaoyan-shared english-i english-ii source:netem-2024 category:运动娱乐,1829
football,'futbɒ:l,n.,足球,,,kaoyan-shared english-i english-ii source:netem-2024 category:运动娱乐,1830
dress,dres,n.,穿,,,kaoyan-shared english-i english-ii source:netem-2024 category:交通旅行,1831
vacation,vei'keiʃәn,n.,假期,,,kaoyan-shared english-i english-ii source:netem-2024 category:时间日期,1832
reasonable,'ri:znәbl,adj.,合理的,,,kaoyan-shared english-i english-ii source:netem-2024 category:抽象概念 category:性质与评价,1833
odd,ɒd,adj.,奇数的、奇怪的,,,kaoyan-shared english-i english-ii source:netem-2024 category:抽象概念 category:性质与评价,1834
significance,sig'nifikәns,n.,重要性,,,kaoyan-shared english-i english-ii source:netem-2024 category:抽象概念 category:认知与抽象名词,1835
examination,ig.zæmi'neiʃәn,n.,考试,,,kaoyan-shared english-i english-ii source:netem-2024 category:教育学习,1836
detect,di'tekt,vt.,查明、发现,,,kaoyan-shared english-i english-ii source:netem-2024 category:动作行为 category:心理活动,1837
host,hәust,n.,主持人,,,kaoyan-shared english-i english-ii source:netem-2024 category:人类与社会,1838
estate,i'steit,n.,地产、遗产,,,kaoyan-shared english-i english-ii source:netem-2024 category:商业经济,1839
initiative,i'niʃiәtiv,n.,主动性、进取心,,,kaoyan-shared english-i english-ii source:netem-2024 category:抽象概念 category:认知与抽象名词,1840
divorce,di'vɒ:s,n.,离婚、断绝关系,,,kaoyan-shared english-i english-ii source:netem-2024 category:政治法律,1841
dispute,dis'pju:t,n.,争论,,,kaoyan-shared english-i english-ii source:netem-2024 category:动作行为 category:社交交互,1842
accurate,'ækjurәt,adj.,精确的,,,kaoyan-shared english-i english-ii source:netem-2024 category:抽象概念 category:性质与评价,1843
brown,braun,n.,褐色的,,,kaoyan-shared english-i english-ii source:netem-2024 category:交通旅行,1844
snow,snәu,n.,雪,,,kaoyan-shared english-i english-ii source:netem-2024 category:自然环境,1845
confirm,kәn'fә:m,vt.,证实、确认,,,kaoyan-shared english-i english-ii source:netem-2024 category:动作行为 category:使动与影响,1846
raw,rɒ:,n.,生的、未经训练的,,,kaoyan-shared english-i english-ii source:netem-2024 category:抽象概念 category:性质与评价,1847
unit,'ju:nit,n.,单元、单位,,,kaoyan-shared english-i english-ii source:netem-2024 category:科学技术,1848
hang,hæŋ,n.,挂,,,kaoyan-shared english-i english-ii source:netem-2024 category:动作行为 category:其他动作,1849
weigh,wei,vt.,称重量、有影响,,,kaoyan-shared english-i english-ii source:netem-2024 category:动作行为 category:心理活动,1850
elite,ei'li:t,n.,精英,,,kaoyan-shared english-i english-ii source:netem-2024 category:人类与社会,1851
trial,'traiәl,n.,审判、试用,,,kaoyan-shared english-i english-ii source:netem-2024 category:动作行为 category:评价与判断,1852
evolve,i'vɒlv,vi.,使发展,,,kaoyan-shared english-i english-ii source:netem-2024 category:动作行为 category:使动与影响,1853
mislead,mis'li:d,vt.,误导,,,kaoyan-shared english-i english-ii source:netem-2024 category:动作行为 category:使动与影响,1854
distinction,dis'tiŋkʃәn,n.,区分、卓越,,,kaoyan-shared english-i english-ii source:netem-2024 category:抽象概念 category:认知与抽象名词,1855
automation,.ɒ:tә'meiʃәn,n.,自动,,,kaoyan-shared english-i english-ii source:netem-2024 category:科学技术,1856
craft,kræft,n.,工艺,,,kaoyan-shared english-i english-ii source:netem-2024 category:科学技术,1857
plenty,'plenti,n.,丰富、大量,,,kaoyan-shared english-i english-ii source:netem-2024 category:抽象概念 category:数量与程度,1858
vegetable,'vedʒәtәbl,n.,蔬菜,,,kaoyan-shared english-i english-ii source:netem-2024 category:食物营养,1859
curriculum,kә'rikjulәm,n.,课程,,,kaoyan-shared english-i english-ii source:netem-2024 category:教育学习,1860
flexible,'fleksәbl,adj.,灵活的,,,kaoyan-shared english-i english-ii source:netem-2024 category:抽象概念 category:性质与评价,1861
cat,kæt,n.,猫,,,kaoyan-shared english-i english-ii source:netem-2024 category:自然环境,1862
royal,'rɒiәl,n.,皇家的,,,kaoyan-shared english-i english-ii source:netem-2024 category:政治法律,1863
highlight,'hailait,n.,使显著、强调,,,kaoyan-shared english-i english-ii source:netem-2024 category:动作行为 category:使动与影响,1864
remark,ri'mɑ:k,n.,评价、评论,,,kaoyan-shared english-i english-ii source:netem-2024 category:动作行为 category:心理活动,1865
comparison,kәm'pærisn,n.,比较,,,kaoyan-shared english-i english-ii source:netem-2024 category:抽象概念 category:认知与抽象名词,1866
regulate,'regjuleit,vt.,管理、调节,,,kaoyan-shared english-i english-ii source:netem-2024 category:动作行为 category:使动与影响,1867
contrary,'kɒntrәri,adj.,相反的、对方的,,,kaoyan-shared english-i english-ii source:netem-2024 category:抽象概念 category:性质与评价,1868
rush,rʌʃ,n.,冲,,,kaoyan-shared english-i english-ii source:netem-2024 category:动作行为 category:身体动作,1869
interact,.intәr'ækt,vi.,互动,,,kaoyan-shared english-i english-ii source:netem-2024 category:动作行为 category:使动与影响,1870
nervous,'nә:vәs,adj.,紧张的,,,kaoyan-shared english-i english-ii source:netem-2024 category:情感心理,1871
bag,bæg,n.,包、袋,,,kaoyan-shared english-i english-ii source:netem-2024 category:日常生活,1872
scheme,ski:m,n.,计划、密谋,,,kaoyan-shared english-i english-ii source:netem-2024 category:动作行为 category:心理活动,1873
alarm,ә'lɑ:m,n.,警报,,,kaoyan-shared english-i english-ii source:netem-2024 category:情感心理,1874
desert,'dezәt. di'sә:t,n.,遗弃、沙漠,,,kaoyan-shared english-i english-ii source:netem-2024 category:自然环境,1875
beach,bi:tʃ,n.,海滩,,,kaoyan-shared english-i english-ii source:netem-2024 category:自然环境,1876
usage,'ju:sidʒ,n.,使用、用法,,,kaoyan-shared english-i english-ii source:netem-2024 category:抽象概念 category:认知与抽象名词,1877
exceptional,ik'sepʃәnәl,adj.,例外的,,,kaoyan-shared english-i english-ii source:netem-2024 category:抽象概念 category:性质与评价,1878
internal,in'tә:nәl,adj.,内部的,,,kaoyan-shared english-i english-ii source:netem-2024 category:空间地点,1879
evil,'i:vl,n.,邪恶的、坏的,,,kaoyan-shared english-i english-ii source:netem-2024 category:抽象概念 category:性质与评价,1880
surround,sә'raund,vt.,周围,,,kaoyan-shared english-i english-ii source:netem-2024 category:动作行为 category:身体动作,1881
bottom,'bɒtәm,n.,底下,,,kaoyan-shared english-i english-ii source:netem-2024 category:空间地点,1882
expansion,ik'spænʃәn,n.,扩张,,,kaoyan-shared english-i english-ii source:netem-2024 category:抽象概念 category:认知与抽象名词,1883
whereas,hwєәr'æz,conj.,然而,,,kaoyan-shared english-i english-ii source:netem-2024 category:抽象概念 category:逻辑与关系,1884
license,'laisns,n.,执照、许可,,,kaoyan-shared english-i english-ii source:netem-2024 category:教育学习,1885
journey,'dʒә:ni,n.,旅行,,,kaoyan-shared english-i english-ii source:netem-2024 category:交通旅行,1886
anticipate,æn'tisipeit,vt.,预期、先发制人,,,kaoyan-shared english-i english-ii source:netem-2024 category:动作行为 category:身体动作,1887
deprive,di'praiv,vt.,剥夺,,,kaoyan-shared english-i english-ii source:netem-2024 category:动作行为 category:使动与影响,1888
finance,fai'næns,n.,财政,,,kaoyan-shared english-i english-ii source:netem-2024 category:商业经济,1889
absence,'æbsәns,n.,缺席,,,kaoyan-shared english-i english-ii source:netem-2024 category:抽象概念 category:认知与抽象名词,1890
guideline,'gaidlain,n.,指导方针、指导原则,,,kaoyan-shared english-i english-ii source:netem-2024 category:抽象概念 category:认知与抽象名词,1891
route,ru:t,n.,路线,,,kaoyan-shared english-i english-ii source:netem-2024 category:交通旅行,1892
whenever,hwen'evә,conj.,无论何时,,,kaoyan-shared english-i english-ii source:netem-2024 category:时间日期,1893
solid,'sɒlid,n.,固体的,,,kaoyan-shared english-i english-ii source:netem-2024 category:抽象概念 category:性质与评价,1894
tap,'tæp,n.,提取、利用,,,kaoyan-shared english-i english-ii source:netem-2024 category:动作行为 category:身体动作,1895
myself,mai'self,pron.,我自己、我亲自,,,kaoyan-shared english-i english-ii source:netem-2024 category:人类与社会,1896
seed,si:d,n.,种子、播种,,,kaoyan-shared english-i english-ii source:netem-2024 category:自然环境,1897
protest,prә'test,n.,抗议,,,kaoyan-shared english-i english-ii source:netem-2024 category:动作行为 category:社交交互,1898
submit,sәb'mit,vt.,顺从、递交,,,kaoyan-shared english-i english-ii source:netem-2024 category:动作行为 category:身体动作,1899
musical,'mju:zikl,n.,音乐的、音调优美的,,,kaoyan-shared english-i english-ii source:netem-2024 category:运动娱乐,1900
journalist,'dʒә:nәlist,n.,记者,,,kaoyan-shared english-i english-ii source:netem-2024 category:职业工作,1901
judgment,'dʒʌdʒmәnt,n.,裁判,,,kaoyan-shared english-i english-ii source:netem-2024 category:抽象概念 category:认知与抽象名词,1902
boom,bu:m,n.,繁荣,,,kaoyan-shared english-i english-ii source:netem-2024 category:商业经济,1903
fairly,'fєәli,adv.,公正地、相当地,,,kaoyan-shared english-i english-ii source:netem-2024 category:抽象概念 category:数量与程度,1904
stable,'steibl,n.,稳定的,,,kaoyan-shared english-i english-ii source:netem-2024 category:抽象概念 category:性质与评价,1905
contest,'kɒntest,n.,比赛,,,kaoyan-shared english-i english-ii source:netem-2024 category:运动娱乐,1906
illegal,i'li:gәl,adj.,不合法的,,,kaoyan-shared english-i english-ii source:netem-2024 category:政治法律,1907
zone,zәun,n.,区域,,,kaoyan-shared english-i english-ii source:netem-2024 category:空间地点,1908
besides,bi'saidz,prep.,除了之外、而且,,,kaoyan-shared english-i english-ii source:netem-2024 category:抽象概念 category:逻辑与关系,1909
philosophy,fi'lɒsәfi,n.,哲学,,,kaoyan-shared english-i english-ii source:netem-2024 category:文化宗教,1910
modify,'mɒdifai,vt.,修改、缓和,,,kaoyan-shared english-i english-ii source:netem-2024 category:动作行为 category:评价与判断,1911
rural,'ruәrәl,adj.,乡村的,,,kaoyan-shared english-i english-ii source:netem-2024 category:空间地点,1912
god,^ɔd,n.,神、上帝,,,kaoyan-shared english-i english-ii source:netem-2024 category:文化宗教,1913
reluctant,ri'lʌktәnt,adj.,不情愿的、勉强的,,,kaoyan-shared english-i english-ii source:netem-2024 category:情感心理,1914
sharp,ʃɑ:p,n.,尖的、清晰的,,,kaoyan-shared english-i english-ii source:netem-2024 category:抽象概念 category:性质与评价,1915
adequate,'ædikwәt,adj.,充足的,,,kaoyan-shared english-i english-ii source:netem-2024 category:抽象概念 category:性质与评价,1916
milk,milk,n.,牛奶,,,kaoyan-shared english-i english-ii source:netem-2024 category:食物营养,1917
mystery,'mistәri,n.,神秘,,,kaoyan-shared english-i english-ii source:netem-2024 category:情感心理,1918
literacy,'litәrәsi,n.,读写能力,,,kaoyan-shared english-i english-ii source:netem-2024 category:教育学习,1919
emergency,i'mә:dʒәnsi,n.,紧急情况,,,kaoyan-shared english-i english-ii source:netem-2024 category:健康医疗,1920
bridge,bridʒ,n.,桥,,,kaoyan-shared english-i english-ii source:netem-2024 category:空间地点,1921
grass,græs,n.,草,,,kaoyan-shared english-i english-ii source:netem-2024 category:自然环境,1922
slave,sleiv,n.,奴隶,,,kaoyan-shared english-i english-ii source:netem-2024 category:人类与社会,1923
privilege,'privilidʒ,n.,特权、优先权,,,kaoyan-shared english-i english-ii source:netem-2024 category:情感心理,1924
restore,ri'stɒ:,vt.,恢复、归还,,,kaoyan-shared english-i english-ii source:netem-2024 category:动作行为 category:使动与影响,1925
upset,ʌp'set,adj.,沮丧、难过,,,kaoyan-shared english-i english-ii source:netem-2024 category:动作行为 category:身体动作,1926
counterpart,'kauntәpɑ:t,n.,同行,,,kaoyan-shared english-i english-ii source:netem-2024 category:人类与社会,1927
accelerate,әk'selәreit,v.,加速,,,kaoyan-shared english-i english-ii source:netem-2024 category:动作行为 category:使动与影响,1928
era,'iәrә,n.,时代,,,kaoyan-shared english-i english-ii source:netem-2024 category:时间日期,1929
false,fɒ:ls,adj.,错误的,,,kaoyan-shared english-i english-ii source:netem-2024 category:抽象概念 category:性质与评价,1930
uniform,'ju:nifɒ:m,n.,统一的、制服,,,kaoyan-shared english-i english-ii source:netem-2024 category:交通旅行,1931
pair,pєә,n.,一对,,,kaoyan-shared english-i english-ii source:netem-2024 category:人类与社会,1932
profitable,'prɒfitәbl,adj.,有利可图的,,,kaoyan-shared english-i english-ii source:netem-2024 category:商业经济,1933
prison,'prizn,n.,监狱,,,kaoyan-shared english-i english-ii source:netem-2024 category:政治法律,1934
breath,breθ,n.,呼吸,,,kaoyan-shared english-i english-ii source:netem-2024 category:人类与社会,1935
barrier,'bæriә,n.,障碍,,,kaoyan-shared english-i english-ii source:netem-2024 category:空间地点,1936
breed,bri:d,n.,养育、繁殖,,,kaoyan-shared english-i english-ii source:netem-2024 category:动作行为 category:身体动作,1937
painting,'peintiŋ,n.,绘画,,,kaoyan-shared english-i english-ii source:netem-2024 category:运动娱乐,1938
segment,'segmәnt,n.,段,,,kaoyan-shared english-i english-ii source:netem-2024 category:日常生活,1939
dam,dæm,n.,水坝,,,kaoyan-shared english-i english-ii source:netem-2024 category:自然环境,1940
infrastructure,'infrәstrʌktʃә,n.,基础设施,,,kaoyan-shared english-i english-ii source:netem-2024 category:科学技术,1941
landscape,'lændskeip,n.,风景,,,kaoyan-shared english-i english-ii source:netem-2024 category:自然环境,1942
assist,ә'sist,n.,援助,,,kaoyan-shared english-i english-ii source:netem-2024 category:动作行为 category:社交交互,1943
crucial,'kru:ʃәl,adj.,决定性的,,,kaoyan-shared english-i english-ii source:netem-2024 category:抽象概念 category:性质与评价,1944
fan,fæn,n.,粉丝、扇子,,,kaoyan-shared english-i english-ii source:netem-2024 category:运动娱乐,1945
rock,rɒk,n.,岩石、震动,,,kaoyan-shared english-i english-ii source:netem-2024 category:自然环境,1946
devote,di'vәut,vt.,奉献,,,kaoyan-shared english-i english-ii source:netem-2024 category:动作行为 category:其他动作,1947
permanent,'pә:mәnәnt,adj.,永恒的,,,kaoyan-shared english-i english-ii source:netem-2024 category:抽象概念 category:性质与评价,1948
broadcast,'brɒ:dkæst,n.,广播,,,kaoyan-shared english-i english-ii source:netem-2024 category:文化宗教,1949
desk,desk,n.,桌子,,,kaoyan-shared english-i english-ii source:netem-2024 category:日常生活,1950
greenhouse,'gri:nhaus,n.,温室,,,kaoyan-shared english-i english-ii source:netem-2024 category:自然环境,1951
visual,'viʒuәl,adj.,看的,,,kaoyan-shared english-i english-ii source:netem-2024 category:抽象概念 category:性质与评价,1952
electric,i'lektik,adj.,电的,,,kaoyan-shared english-i english-ii source:netem-2024 category:科学技术,1953
luxury,'lʌkʃәri,n.,奢侈、奢侈品,,,kaoyan-shared english-i english-ii source:netem-2024 category:商业经济,1954
tall,tɒ:l,adj.,高,,,kaoyan-shared english-i english-ii source:netem-2024 category:抽象概念 category:性质与评价,1955
entrance,'entrәns,n.,入口,,,kaoyan-shared english-i english-ii source:netem-2024 category:空间地点,1956
snack,snæk,n.,点心、易办到的事,,,kaoyan-shared english-i english-ii source:netem-2024 category:食物营养,1957
rat,ræt,n.,老鼠、卑鄙的人,,,kaoyan-shared english-i english-ii source:netem-2024 category:自然环境,1958
channel,'tʃænәl,n.,频道、隧道,,,kaoyan-shared english-i english-ii source:netem-2024 category:自然环境,1959
reply,ri'plai,n.,回复,,,kaoyan-shared english-i english-ii source:netem-2024 category:动作行为 category:社交交互,1960
virtue,'vә:tju:,n.,美德、优点,,,kaoyan-shared english-i english-ii source:netem-2024 category:情感心理,1961
injury,'indʒәri,n.,损伤,,,kaoyan-shared english-i english-ii source:netem-2024 category:健康医疗,1962
remind,ri'maind,vt.,提醒,,,kaoyan-shared english-i english-ii source:netem-2024 category:动作行为 category:身体动作,1963
trait,treit,n.,特征,,,kaoyan-shared english-i english-ii source:netem-2024 category:情感心理,1964
counter,'kauntә,n.,柜台,,,kaoyan-shared english-i english-ii source:netem-2024 category:日常生活,1965
evaluate,i'væljueit,vt.,评估,,,kaoyan-shared english-i english-ii source:netem-2024 category:动作行为 category:评价与判断,1966
sacrifice,'sækrifais,n.,牺牲,,,kaoyan-shared english-i english-ii source:netem-2024 category:动作行为 category:身体动作,1967
tone,tәun,n.,音调、腔调,,,kaoyan-shared english-i english-ii source:netem-2024 category:情感心理,1968
minor,'mainә,n.,较小的、较少的,,,kaoyan-shared english-i english-ii source:netem-2024 category:抽象概念 category:性质与评价,1969
stuff,stʌf,n.,东西、材料、填满,,,kaoyan-shared english-i english-ii source:netem-2024 category:日常生活,1970
sum,sʌm,n.,总和,,,kaoyan-shared english-i english-ii source:netem-2024 category:商业经济,1971
cheat,tʃi:t,n.,作弊、欺骗,,,kaoyan-shared english-i english-ii source:netem-2024 category:动作行为 category:社交交互,1972
injure,'indʒә,vt.,使受伤、损害,,,kaoyan-shared english-i english-ii source:netem-2024 category:动作行为 category:使动与影响,1973
superior,sju:'piәriә,n.,优良的、较……多的,,,kaoyan-shared english-i english-ii source:netem-2024 category:抽象概念 category:性质与评价,1974
tackle,'tækl,n.,处理、应付,,,kaoyan-shared english-i english-ii source:netem-2024 category:动作行为 category:身体动作,1975
maximum,'mæksimәn,n.,最大的,,,kaoyan-shared english-i english-ii source:netem-2024 category:抽象概念 category:数量与程度,1976
tuition,tju:'iʃәn,n.,学费、教学,,,kaoyan-shared english-i english-ii source:netem-2024 category:教育学习,1977
appointment,ә'pɒintmәnt,n.,预约、任命、职位,,,kaoyan-shared english-i english-ii source:netem-2024 category:文化宗教,1978
ingredient,in'gri:diәnt,n.,成分,,,kaoyan-shared english-i english-ii source:netem-2024 category:食物营养,1979
spare,spєә,n.,空闲的,,,kaoyan-shared english-i english-ii source:netem-2024 category:动作行为 category:占有与转移,1980
tour,tuә,n.,旅行,,,kaoyan-shared english-i english-ii source:netem-2024 category:交通旅行,1981
steel,sti:l,n.,钢,,,kaoyan-shared english-i english-ii source:netem-2024 category:科学技术,1982
beneath,bi'ni:θ,prep.,在…之下,,,kaoyan-shared english-i english-ii source:netem-2024 category:空间地点,1983
discount,'diskaunt,n.,折扣,,,kaoyan-shared english-i english-ii source:netem-2024 category:商业经济,1984
trace,treis,n.,痕迹、微量,,,kaoyan-shared english-i english-ii source:netem-2024 category:动作行为 category:身体动作,1985
unfortunately,ʌn'fɔ:tjjnәtli,adv.,不幸地,,,kaoyan-shared english-i english-ii source:netem-2024 category:抽象概念 category:数量与程度,1986
laboratory,'læbrәtәri,n.,实验室,,,kaoyan-shared english-i english-ii source:netem-2024 category:教育学习,1987
belt,belt,n.,皮带、地带,,,kaoyan-shared english-i english-ii source:netem-2024 category:日常生活,1988
march,mɑ:tʃ,n.,行进；三月,,,kaoyan-shared english-i english-ii source:netem-2024 category:动作行为 category:时间日期 category:身体动作,1989
tendency,'tendәnsi,n.,趋势,,,kaoyan-shared english-i english-ii source:netem-2024 category:抽象概念 category:认知与抽象名词,1990
accomplish,ә'kʌmpliʃ,vt.,完成,,,kaoyan-shared english-i english-ii source:netem-2024 category:动作行为 category:心理活动,1991
ruin,ruin,n.,毁灭,,,kaoyan-shared english-i english-ii source:netem-2024 category:动作行为 category:使动与影响,1992
entertain,.entә'tein,vt.,娱乐,,,kaoyan-shared english-i english-ii source:netem-2024 category:动作行为 category:使动与影响,1993
hall,hɒ:l,n.,大厅,,,kaoyan-shared english-i english-ii source:netem-2024 category:日常生活,1994
regret,ri'gret,n.,遗憾、后悔,,,kaoyan-shared english-i english-ii source:netem-2024 category:动作行为 category:身体动作,1995
furniture,'fәnitʃә,n.,家具,,,kaoyan-shared english-i english-ii source:netem-2024 category:日常生活,1996
ride,raid,n.,骑,,,kaoyan-shared english-i english-ii source:netem-2024 category:动作行为 category:身体动作,1997
terrible,'terәbl,adj.,很糟的、可怕的,,,kaoyan-shared english-i english-ii source:netem-2024 category:情感心理,1998
coast,kәust,n.,海岸、沿岸航行,,,kaoyan-shared english-i english-ii source:netem-2024 category:自然环境,1999
camera,'kæmәrә,n.,照相机,,,kaoyan-shared english-i english-ii source:netem-2024 category:科学技术,2000
obstacle,'ɒbstәkl,n.,障碍,,,kaoyan-shared english-i english-ii source:netem-2024 category:抽象概念 category:认知与抽象名词,2001
finger,'fiŋgә,n.,手指,,,kaoyan-shared english-i english-ii source:netem-2024 category:人类与社会,2002
interval,'intәvәl,n.,间隔、休息,,,kaoyan-shared english-i english-ii source:netem-2024 category:时间日期,2003
constitute,kәn'stitjut,vt.,组成、建立,,,kaoyan-shared english-i english-ii source:netem-2024 category:动作行为 category:身体动作,2004
northern,'nɒ:ðәn,n.,北方的,,,kaoyan-shared english-i english-ii source:netem-2024 category:空间地点,2005
aggressive,ә'gresiv,adj.,好斗的、有侵略性的,,,kaoyan-shared english-i english-ii source:netem-2024 category:情感心理,2006
influential,.infu'enʃәl,adj.,有影响的、权势的,,,kaoyan-shared english-i english-ii source:netem-2024 category:情感心理,2007
radical,'rædikl,n.,根本的、彻底的,,,kaoyan-shared english-i english-ii source:netem-2024 category:抽象概念 category:性质与评价,2008
abuse,ә'bju:s.ә'bju:z,n.,滥用、虐待,,,kaoyan-shared english-i english-ii source:netem-2024 category:动作行为 category:其他动作,2009
southern,'sʌðәn,n.,南方的,,,kaoyan-shared english-i english-ii source:netem-2024 category:空间地点,2010
elementary,.eli'mentәri,adj.,初等的、简单的,,,kaoyan-shared english-i english-ii source:netem-2024 category:教育学习,2011
motor,'mәutә,n.,发动机,,,kaoyan-shared english-i english-ii source:netem-2024 category:科学技术,2012
reporter,ri'pɒ:tә,n.,报告人,,,kaoyan-shared english-i english-ii source:netem-2024 category:职业工作,2013
commerce,'kɒmә:s,n.,商业、交易,,,kaoyan-shared english-i english-ii source:netem-2024 category:商业经济,2014
strain,strein,n.,使紧张、拉紧,,,kaoyan-shared english-i english-ii source:netem-2024 category:动作行为 category:身体动作,2015
resolve,ri'zɒlv,vi.,解决、决定,,,kaoyan-shared english-i english-ii source:netem-2024 category:动作行为 category:使动与影响,2016
thrive,θraiv,vi.,繁荣,,,kaoyan-shared english-i english-ii source:netem-2024 category:动作行为 category:其他动作,2017
excuse,ik'skju:z,vt.,借口,,,kaoyan-shared english-i english-ii source:netem-2024 category:动作行为 category:社交交互,2018
profound,prә'faund,adj.,深刻的,,,kaoyan-shared english-i english-ii source:netem-2024 category:抽象概念 category:性质与评价,2019
soldier,'sәuldʒә,n.,士兵,,,kaoyan-shared english-i english-ii source:netem-2024 category:职业工作,2020
valid,'vælid,adj.,合理的,,,kaoyan-shared english-i english-ii source:netem-2024 category:抽象概念 category:性质与评价,2021
wood,wud,n.,木头、森林,,,kaoyan-shared english-i english-ii source:netem-2024 category:自然环境,2022
embrace,im'breis,n.,拥抱、接受,,,kaoyan-shared english-i english-ii source:netem-2024 category:动作行为 category:身体动作,2023
lucky,'lʌki,adj.,幸运的,,,kaoyan-shared english-i english-ii source:netem-2024 category:情感心理,2024
tiny,'taini,adj.,极小的,,,kaoyan-shared english-i english-ii source:netem-2024 category:抽象概念 category:数量与程度,2025
breathe,bri:ð,vi.,呼吸,,,kaoyan-shared english-i english-ii source:netem-2024 category:动作行为 category:身体动作,2026
prime,praim,n.,最初的、首要的,,,kaoyan-shared english-i english-ii source:netem-2024 category:抽象概念 category:性质与评价,2027
camp,kæmp,n.,营地,,,kaoyan-shared english-i english-ii source:netem-2024 category:运动娱乐,2028
flower,'flauә,n.,花朵,,,kaoyan-shared english-i english-ii source:netem-2024 category:自然环境,2029
flood,flʌd,n.,洪水、涌进,,,kaoyan-shared english-i english-ii source:netem-2024 category:自然环境,2030
village,'vilidʒ,n.,村,,,kaoyan-shared english-i english-ii source:netem-2024 category:空间地点,2031
destruction,di'strʌkʃәn,n.,破坏,,,kaoyan-shared english-i english-ii source:netem-2024 category:自然环境,2032
bond,bɒnd,n.,纽带,,,kaoyan-shared english-i english-ii source:netem-2024 category:商业经济,2033
weapon,'wepәn,n.,武器,,,kaoyan-shared english-i english-ii source:netem-2024 category:政治法律,2034
salt,sɒ:lt,n.,盐、腌,,,kaoyan-shared english-i english-ii source:netem-2024 category:食物营养,2035
dioxide,dai'ɒksaid,n.,二氧化物,,,kaoyan-shared english-i english-ii source:netem-2024 category:科学技术,2036
gamble,'gæmbl,n.,赌博、投机,,,kaoyan-shared english-i english-ii source:netem-2024 category:动作行为 category:身体动作,2037
conservative,kәn'sә:vәtiv,adj.,保守,,,kaoyan-shared english-i english-ii source:netem-2024 category:情感心理,2038
panel,'pænl,n.,面板,,,kaoyan-shared english-i english-ii source:netem-2024 category:日常生活,2039
prejudice,'predʒudis,n.,偏见、损害,,,kaoyan-shared english-i english-ii source:netem-2024 category:情感心理,2040
honor,'ɒnә,n.,荣耀,,,kaoyan-shared english-i english-ii source:netem-2024 category:情感心理,2041
vitamin,'vaitәmin,n.,维生素,,,kaoyan-shared english-i english-ii source:netem-2024 category:食物营养,2042
transaction,træn'sækʃәn,n.,交易、业务,,,kaoyan-shared english-i english-ii source:netem-2024 category:商业经济,2043
relief,ri'li:f,n.,如释重负,,,kaoyan-shared english-i english-ii source:netem-2024 category:情感心理,2044
civil,'sivәl,adj.,公民的,,,kaoyan-shared english-i english-ii source:netem-2024 category:政治法律,2045
mirror,'mirә,n.,镜子,,,kaoyan-shared english-i english-ii source:netem-2024 category:日常生活,2046
costly,'kɒstli,adj.,昂贵的,,,kaoyan-shared english-i english-ii source:netem-2024 category:商业经济,2047
plus,plʌs,prep.,加上、正的,,,kaoyan-shared english-i english-ii source:netem-2024 category:抽象概念 category:逻辑与关系,2048
chip,tʃip,n.,薯片、芯片,,,kaoyan-shared english-i english-ii source:netem-2024 category:科学技术,2049
insert,in'sә:t,n.,插入,,,kaoyan-shared english-i english-ii source:netem-2024 category:动作行为 category:身体动作,2050
boat,bәut,n.,船,,,kaoyan-shared english-i english-ii source:netem-2024 category:交通旅行,2051
quote,kwәut,n.,引用,,,kaoyan-shared english-i english-ii source:netem-2024 category:动作行为 category:其他动作,2052
chairman,'tʃєәmәn,n.,主席,,,kaoyan-shared english-i english-ii source:netem-2024 category:职业工作,2053
latter,'lætә,adj.,后者,,,kaoyan-shared english-i english-ii source:netem-2024 category:抽象概念 category:性质与评价,2054
trap,træp,n.,困住,,,kaoyan-shared english-i english-ii source:netem-2024 category:动作行为 category:使动与影响,2055
bias,'baiәs,n.,偏见、偏重,,,kaoyan-shared english-i english-ii source:netem-2024 category:情感心理,2056
photograph,'fәutәgrɑ:f,n.,照片,,,kaoyan-shared english-i english-ii source:netem-2024 category:运动娱乐,2057
rival,'raivl,n.,竞争,,,kaoyan-shared english-i english-ii source:netem-2024 category:人类与社会,2058
disorder,dis'ɒ:dә,n.,混乱、骚乱,,,kaoyan-shared english-i english-ii source:netem-2024 category:健康医疗,2059
blind,blaind,n.,失明的,,,kaoyan-shared english-i english-ii source:netem-2024 category:健康医疗,2060
onto,'ɒntu:,prep.,在上面、到上面,,,kaoyan-shared english-i english-ii source:netem-2024 category:空间地点,2061
proud,praud,adj.,骄傲,,,kaoyan-shared english-i english-ii source:netem-2024 category:情感心理,2062
relieve,ri'li:v,vt.,缓解、救济,,,kaoyan-shared english-i english-ii source:netem-2024 category:动作行为 category:其他动作,2063
tobacco,tә'bækәu,n.,烟草,,,kaoyan-shared english-i english-ii source:netem-2024 category:食物营养,2064
construct,kәn'strʌkt,vt.,建造、创立,,,kaoyan-shared english-i english-ii source:netem-2024 category:动作行为 category:身体动作,2065
encounter,in'kauntә,n.,偶遇,,,kaoyan-shared english-i english-ii source:netem-2024 category:动作行为 category:其他动作,2066
overwhelm,.әuvә'hwelm,vt.,征服,,,kaoyan-shared english-i english-ii source:netem-2024 category:动作行为 category:身体动作,2067
sponsor,'spɒnsә,n.,赞助、资助,,,kaoyan-shared english-i english-ii source:netem-2024 category:动作行为 category:起始与终止,2068
truck,trʌk,n.,卡车,,,kaoyan-shared english-i english-ii source:netem-2024 category:交通旅行,2069
equip,i'kwip,vt.,装备,,,kaoyan-shared english-i english-ii source:netem-2024 category:动作行为 category:身体动作,2070
initial,i'niʃәl,n.,起初的,,,kaoyan-shared english-i english-ii source:netem-2024 category:抽象概念 category:性质与评价,2071
favorite,'feivәrit,n.,最爱的,,,kaoyan-shared english-i english-ii source:netem-2024 category:情感心理,2072
instant,'instәnt,n.,时刻、立刻,,,kaoyan-shared english-i english-ii source:netem-2024 category:时间日期,2073
minimum,'minimәm,adj.,最低的,,,kaoyan-shared english-i english-ii source:netem-2024 category:抽象概念 category:数量与程度,2074
neighbor,'neibә,n.,邻居,,,kaoyan-shared english-i english-ii source:netem-2024 category:人类与社会,2075
neighborhood,'neibәhud,n.,小区、社区,,,kaoyan-shared english-i english-ii source:netem-2024 category:空间地点,2076
principal,'prinsipәl,n.,最重要的、负责人,,,kaoyan-shared english-i english-ii source:netem-2024 category:教育学习,2077
proof,pru:f,n.,证据,,,kaoyan-shared english-i english-ii source:netem-2024 category:抽象概念 category:认知与抽象名词,2078
file,fail,n.,文件,,,kaoyan-shared english-i english-ii source:netem-2024 category:教育学习,2079
investigate,in'vestigeit,v.,调查,,,kaoyan-shared english-i english-ii source:netem-2024 category:动作行为 category:其他动作,2080
package,'pækidʒ,n.,包裹,,,kaoyan-shared english-i english-ii source:netem-2024 category:日常生活,2081
genuine,'dʒenjuin,adj.,真的、真诚的,,,kaoyan-shared english-i english-ii source:netem-2024 category:抽象概念 category:性质与评价,2082
concert,'kɒnsәt,n.,音乐会,,,kaoyan-shared english-i english-ii source:netem-2024 category:运动娱乐,2083
helicopter,'helikɒptә,n.,直升机,,,kaoyan-shared english-i english-ii source:netem-2024 category:交通旅行,2084
amateur,'æmәtә,n.,业余爱好者、外行,,,kaoyan-shared english-i english-ii source:netem-2024 category:运动娱乐,2085
exception,ik'sepʃәn,n.,例外,,,kaoyan-shared english-i english-ii source:netem-2024 category:抽象概念 category:认知与抽象名词,2086
incident,'insidәnt,n.,事件,,,kaoyan-shared english-i english-ii source:netem-2024 category:时间日期,2087
permit,pә'mit,n.,允许,,,kaoyan-shared english-i english-ii source:netem-2024 category:动作行为 category:社交交互,2088
core,kɒ:,n.,核心,,,kaoyan-shared english-i english-ii source:netem-2024 category:人类与社会,2089
unexpected,.ʌnik'spektid,adj.,想不到的,,,kaoyan-shared english-i english-ii source:netem-2024 category:抽象概念 category:性质与评价,2090
barely,'bєәli,adv.,几乎不,,,kaoyan-shared english-i english-ii source:netem-2024 category:抽象概念 category:数量与程度,2091
anywhere,'enihwєә,adv.,在任何地方,,,kaoyan-shared english-i english-ii source:netem-2024 category:空间地点,2092
fellow,'felәu,n.,同事、同辈,,,kaoyan-shared english-i english-ii source:netem-2024 category:人类与社会,2093
found,faund,vt.,创立、建立,,,kaoyan-shared english-i english-ii source:netem-2024 category:动作行为 category:身体动作,2094
occupation,.ɒkju'peiʃәn,n.,占领、职业,,,kaoyan-shared english-i english-ii source:netem-2024 category:职业工作,2095
opponent,ә'pәunәnt,n.,对手,,,kaoyan-shared english-i english-ii source:netem-2024 category:人类与社会,2096
army,'ɑ:mi,n.,军队、陆军,,,kaoyan-shared english-i english-ii source:netem-2024 category:政治法律,2097
delivery,di'livәri,n.,递送、分娩,,,kaoyan-shared english-i english-ii source:netem-2024 category:商业经济,2098
stretch,stretʃ,n.,伸展、延伸,,,kaoyan-shared english-i english-ii source:netem-2024 category:动作行为 category:身体动作,2099
alert,ә'lә:t,adj.,警报,,,kaoyan-shared english-i english-ii source:netem-2024 category:情感心理,2100
keen,ki:n,adj.,热忱的,,,kaoyan-shared english-i english-ii source:netem-2024 category:情感心理,2101
theft,θeft,n.,偷窃,,,kaoyan-shared english-i english-ii source:netem-2024 category:政治法律,2102
ethnic,'eθnik,adj.,民族的,,,kaoyan-shared english-i english-ii source:netem-2024 category:文化宗教,2103
historian,hi'stɒ:riәn,n.,历史学家,,,kaoyan-shared english-i english-ii source:netem-2024 category:职业工作,2104
supreme,sju'pri:m,n.,最高的、最优的,,,kaoyan-shared english-i english-ii source:netem-2024 category:抽象概念 category:性质与评价,2105
restrict,ri'strikt,vt.,限制,,,kaoyan-shared english-i english-ii source:netem-2024 category:动作行为 category:使动与影响,2106
democratic,.demә'krætik,adj.,民主的,,,kaoyan-shared english-i english-ii source:netem-2024 category:政治法律,2107
compensate,'kɒmpenseit,v.,补偿,,,kaoyan-shared english-i english-ii source:netem-2024 category:动作行为 category:占有与转移,2108
thin,θin,adj.,薄的、稀薄的,,,kaoyan-shared english-i english-ii source:netem-2024 category:抽象概念 category:性质与评价,2109
anxious,'æŋʃәs,adj.,焦虑的,,,kaoyan-shared english-i english-ii source:netem-2024 category:情感心理,2110
admire,әd'maiә,vt.,钦佩、羡慕、欣赏,,,kaoyan-shared english-i english-ii source:netem-2024 category:情感心理,2111
guard,gɑ:d,n.,保卫,,,kaoyan-shared english-i english-ii source:netem-2024 category:动作行为 category:身体动作,2112
intention,in'tenʃәn,n.,意图、打算,,,kaoyan-shared english-i english-ii source:netem-2024 category:情感心理,2113
lean,li:n,n.,倾斜、倚靠、瘦的,,,kaoyan-shared english-i english-ii source:netem-2024 category:动作行为 category:身体动作,2114
generous,'dʒenәrәs,adj.,慷慨的,,,kaoyan-shared english-i english-ii source:netem-2024 category:情感心理,2115
honest,'ɒnist,adj.,诚实的,,,kaoyan-shared english-i english-ii source:netem-2024 category:情感心理,2116
shoulder,'ʃәuldә,n.,肩膀,,,kaoyan-shared english-i english-ii source:netem-2024 category:人类与社会,2117
inner,'inә,adj.,内部的、内心的,,,kaoyan-shared english-i english-ii source:netem-2024 category:空间地点,2118
resist,ri'zist,v.,抵挡、抵抗,,,kaoyan-shared english-i english-ii source:netem-2024 category:动作行为 category:社交交互,2119
sky,skai,n.,天空,,,kaoyan-shared english-i english-ii source:netem-2024 category:自然环境,2120
artistic,ɑ:'tistik,adj.,艺术的,,,kaoyan-shared english-i english-ii source:netem-2024 category:文化宗教,2121
marine,mә'ri:n,n.,海的、船舶的,,,kaoyan-shared english-i english-ii source:netem-2024 category:自然环境,2122
sensible,'sensәbl,adj.,明智的,,,kaoyan-shared english-i english-ii source:netem-2024 category:情感心理,2123
legislation,.ledʒis'leiʃәn,n.,立法,,,kaoyan-shared english-i english-ii source:netem-2024 category:政治法律,2124
owe,әu,vt.,欠、归因于,,,kaoyan-shared english-i english-ii source:netem-2024 category:动作行为 category:社交交互,2125
theatre,,n.,电影院、戏剧,,,kaoyan-shared english-i english-ii source:netem-2024 category:运动娱乐,2126
controversy,'kɒntrәvә:si,n.,争论,,,kaoyan-shared english-i english-ii source:netem-2024 category:政治法律,2127
venture,'ventʃә,n.,冒险、敢于,,,kaoyan-shared english-i english-ii source:netem-2024 category:动作行为 category:评价与判断,2128
ray,rei,n.,光线、射线,,,kaoyan-shared english-i english-ii source:netem-2024 category:自然环境,2129
frequent,'fri:kwәnt,adj.,常常,,,kaoyan-shared english-i english-ii source:netem-2024 category:时间日期,2130
modest,'mɒdist,adj.,谦虚的,,,kaoyan-shared english-i english-ii source:netem-2024 category:情感心理,2131
personnel,.pә:sә'nel,n.,员工、人事部门,,,kaoyan-shared english-i english-ii source:netem-2024 category:职业工作,2132
collapse,kә'læps,n.,倒塌,,,kaoyan-shared english-i english-ii source:netem-2024 category:动作行为 category:其他动作,2133
angry,'æŋgri,adj.,生气的,,,kaoyan-shared english-i english-ii source:netem-2024 category:情感心理,2134
extensive,ik'stensiv,adj.,广泛的,,,kaoyan-shared english-i english-ii source:netem-2024 category:抽象概念 category:性质与评价,2135
resort,ri'zɒ:t,n.,度假村、被迫采取,,,kaoyan-shared english-i english-ii source:netem-2024 category:动作行为 category:身体动作,2136
assistance,ә'sistәns,n.,帮助,,,kaoyan-shared english-i english-ii source:netem-2024 category:情感心理,2137
insect,'insekt,n.,昆虫,,,kaoyan-shared english-i english-ii source:netem-2024 category:自然环境,2138
insight,'insait,n.,洞察力,,,kaoyan-shared english-i english-ii source:netem-2024 category:情感心理,2139
metal,'metәl,n.,金属,,,kaoyan-shared english-i english-ii source:netem-2024 category:科学技术,2140
nearby,'niәbai,adj.,附近的,,,kaoyan-shared english-i english-ii source:netem-2024 category:空间地点,2141
exciting,ik'saitiŋ,adj.,令人兴奋的,,,kaoyan-shared english-i english-ii source:netem-2024 category:情感心理,2142
freeze,fri:z,vi.,冻结,,,kaoyan-shared english-i english-ii source:netem-2024 category:动作行为 category:其他动作,2143
lake,leik,n.,湖,,,kaoyan-shared english-i english-ii source:netem-2024 category:自然环境,2144
flat,flæt,adj.,水平的、公寓,,,kaoyan-shared english-i english-ii source:netem-2024 category:日常生活,2145
lend,lend,vt.,借出,,,kaoyan-shared english-i english-ii source:netem-2024 category:动作行为 category:占有与转移,2146
consult,kәn'sʌlt,vi.,咨询,,,kaoyan-shared english-i english-ii source:netem-2024 category:动作行为 category:身体动作,2147
interrupt,.intә'rʌpt,vt.,中断、打断,,,kaoyan-shared english-i english-ii source:netem-2024 category:动作行为 category:身体动作,2148
dictation,dik'teiʃәn,n.,听写,,,kaoyan-shared english-i english-ii source:netem-2024 category:教育学习,2149
shall,ʃæl,aux.,将要,,,kaoyan-shared english-i english-ii source:netem-2024 category:动作行为 category:其他动作,2150
delight,di'lait,n.,高兴,,,kaoyan-shared english-i english-ii source:netem-2024 category:情感心理,2151
genius,'dʒi:njәs,n.,天才,,,kaoyan-shared english-i english-ii source:netem-2024 category:情感心理,2152
distant,'distәnt,adj.,远的,,,kaoyan-shared english-i english-ii source:netem-2024 category:空间地点,2153
diverse,dai'vә:s,adj.,多种多样的,,,kaoyan-shared english-i english-ii source:netem-2024 category:抽象概念 category:性质与评价,2154
fortune,'fɒ:tʃәn,n.,命运、财产,,,kaoyan-shared english-i english-ii source:netem-2024 category:商业经济,2155
victory,'viktәri,n.,胜利,,,kaoyan-shared english-i english-ii source:netem-2024 category:政治法律,2156
feedback,'fi:dbæk,n.,反馈,,,kaoyan-shared english-i english-ii source:netem-2024 category:科学技术,2157
arouse,ә'rauz,vt.,唤醒、激发,,,kaoyan-shared english-i english-ii source:netem-2024 category:动作行为 category:身体动作,2158
sad,sæd,adj.,悲伤的,,,kaoyan-shared english-i english-ii source:netem-2024 category:情感心理,2159
theme,θi:m,n.,主题,,,kaoyan-shared english-i english-ii source:netem-2024 category:文化宗教,2160
square,skwєә,n.,正方形,,,kaoyan-shared english-i english-ii source:netem-2024 category:空间地点,2161
defense,di'fens,n.,防卫,,,kaoyan-shared english-i english-ii source:netem-2024 category:政治法律,2162
facilitate,fә'siliteit,vt.,促进,,,kaoyan-shared english-i english-ii source:netem-2024 category:动作行为 category:身体动作,2163
soft,sɒft,adj.,软的,,,kaoyan-shared english-i english-ii source:netem-2024 category:抽象概念 category:性质与评价,2164
combination,.kɒmbi'neiʃәn,n.,结合,,,kaoyan-shared english-i english-ii source:netem-2024 category:抽象概念 category:认知与抽象名词,2165
shake,ʃeik,n.,摇,,,kaoyan-shared english-i english-ii source:netem-2024 category:动作行为 category:身体动作,2166
sophisticated,sә'fistikeitid,adj.,世故的、复杂的,,,kaoyan-shared english-i english-ii source:netem-2024 category:情感心理,2167
monkey,'mʌŋki,n.,猴子,,,kaoyan-shared english-i english-ii source:netem-2024 category:自然环境,2168
database,'deitәbeis,n.,数据库,,,kaoyan-shared english-i english-ii source:netem-2024 category:科学技术,2169
convention,kәn'venʃәn,n.,习俗、会议,,,kaoyan-shared english-i english-ii source:netem-2024 category:文化宗教,2170
enterprise,'entәpraiz,n.,企业、事业,,,kaoyan-shared english-i english-ii source:netem-2024 category:商业经济,2171
temporary,'tempәrәri,adj.,临时的,,,kaoyan-shared english-i english-ii source:netem-2024 category:时间日期,2172
dependent,di'pendәnt,n.,依靠的、取决于……的,,,kaoyan-shared english-i english-ii source:netem-2024 category:抽象概念 category:性质与评价,2173
wise,waiz,adj.,有智慧的、英明的,,,kaoyan-shared english-i english-ii source:netem-2024 category:情感心理,2174
remarkable,ri'mɑ:kәbl,adj.,值得注意的,,,kaoyan-shared english-i english-ii source:netem-2024 category:抽象概念 category:性质与评价,2175
horse,hɒ:s,n.,马,,,kaoyan-shared english-i english-ii source:netem-2024 category:自然环境,2176
quantity,'kwɒntәti,n.,数量、数额,,,kaoyan-shared english-i english-ii source:netem-2024 category:抽象概念 category:数量与程度,2177
fatal,'feitәl,adj.,致命的、宿命的,,,kaoyan-shared english-i english-ii source:netem-2024 category:健康医疗,2178
lobby,'lɒbi,n.,游说、门廊,,,kaoyan-shared english-i english-ii source:netem-2024 category:日常生活,2179
calm,kɑ:m,n.,冷静、镇定,,,kaoyan-shared english-i english-ii source:netem-2024 category:情感心理,2180
contemporary,kәn'tempәrәri,n.,同时代的、现代的,,,kaoyan-shared english-i english-ii source:netem-2024 category:时间日期,2181
prevail,pri'veil,vi.,流行、占优势,,,kaoyan-shared english-i english-ii source:netem-2024 category:动作行为 category:身体动作,2182
trick,trik,n.,诡计、技巧,,,kaoyan-shared english-i english-ii source:netem-2024 category:动作行为 category:社交交互,2183
cautious,'kɒ:ʃәs,adj.,谨慎的,,,kaoyan-shared english-i english-ii source:netem-2024 category:情感心理,2184
convert,kәn'vә:t,n.,转变,,,kaoyan-shared english-i english-ii source:netem-2024 category:动作行为 category:变化趋势,2185
curious,'kjuәriәs,adj.,好奇的,,,kaoyan-shared english-i english-ii source:netem-2024 category:情感心理,2186
bury,'beri,vt.,埋,,,kaoyan-shared english-i english-ii source:netem-2024 category:动作行为 category:身体动作,2187
drought,draut,n.,旱灾,,,kaoyan-shared english-i english-ii source:netem-2024 category:自然环境,2188
pool,pu:l,n.,池塘,,,kaoyan-shared english-i english-ii source:netem-2024 category:自然环境,2189
assure,ә'ʃuә,vt.,使确信、担保,,,kaoyan-shared english-i english-ii source:netem-2024 category:动作行为 category:心理活动,2190
edition,i'diʃәn,n.,版本,,,kaoyan-shared english-i english-ii source:netem-2024 category:教育学习,2191
induce,in'dju:s,vt.,引诱、引起,,,kaoyan-shared english-i english-ii source:netem-2024 category:动作行为 category:使动与影响,2192
portion,'pɒ:ʃәn,n.,部分,,,kaoyan-shared english-i english-ii source:netem-2024 category:日常生活,2193
classmate,'klɑ:smeit,n.,同学,,,kaoyan-shared english-i english-ii source:netem-2024 category:人类与社会,2194
grand,grænd,adj.,宏伟的,,,kaoyan-shared english-i english-ii source:netem-2024 category:抽象概念 category:性质与评价,2195
shed,ʃed,n.,脱去、棚,,,kaoyan-shared english-i english-ii source:netem-2024 category:动作行为 category:身体动作,2196
pride,praid,n.,自豪、自满,,,kaoyan-shared english-i english-ii source:netem-2024 category:情感心理,2197
soccer,'sɒkә,n.,足球,,,kaoyan-shared english-i english-ii source:netem-2024 category:运动娱乐,2198
sympathy,'simpәθi,n.,同情,,,kaoyan-shared english-i english-ii source:netem-2024 category:情感心理,2199
mechanism,'mekәnizm,n.,机制、方法,,,kaoyan-shared english-i english-ii source:netem-2024 category:科学技术,2200
ownership,'әunәʃip,n.,所有,,,kaoyan-shared english-i english-ii source:netem-2024 category:商业经济,2201
originate,ә'ridʒineit,vt.,发源、开创,,,kaoyan-shared english-i english-ii source:netem-2024 category:动作行为 category:其他动作,2202
aircraft,'єәkræft,n.,航空器,,,kaoyan-shared english-i english-ii source:netem-2024 category:交通旅行,2203
ethic,'eθik,n.,伦理,,,kaoyan-shared english-i english-ii source:netem-2024 category:抽象概念 category:认知与抽象名词,2204
external,ik'stә:nl,n.,外部的,,,kaoyan-shared english-i english-ii source:netem-2024 category:空间地点,2205
universal,.ju:ni'vә:sl,adj.,普遍的、宇宙的,,,kaoyan-shared english-i english-ii source:netem-2024 category:抽象概念 category:性质与评价,2206
react,ri'ækt,vi.,反应,,,kaoyan-shared english-i english-ii source:netem-2024 category:动作行为 category:社交交互,2207
representative,.repri'zentәtiv,n.,代表、有代表性的,,,kaoyan-shared english-i english-ii source:netem-2024 category:人类与社会,2208
substantial,sәb'stænʃәl,n.,大量的,,,kaoyan-shared english-i english-ii source:netem-2024 category:抽象概念 category:性质与评价,2209
qualification,.kwɒlifi'keiʃәn,n.,资格,,,kaoyan-shared english-i english-ii source:netem-2024 category:抽象概念 category:认知与抽象名词,2210
retain,ri'tein,vt.,保留,,,kaoyan-shared english-i english-ii source:netem-2024 category:动作行为 category:起始与终止,2211
mouth,mauθ,n.,嘴,,,kaoyan-shared english-i english-ii source:netem-2024 category:人类与社会,2212
poll,pәul,n.,投票,,,kaoyan-shared english-i english-ii source:netem-2024 category:政治法律,2213
via,vaiә,prep.,经过,,,kaoyan-shared english-i english-ii source:netem-2024 category:空间地点,2214
myth,miθ,n.,神话,,,kaoyan-shared english-i english-ii source:netem-2024 category:文化宗教,2215
stability,stә'biliti,n.,稳定,,,kaoyan-shared english-i english-ii source:netem-2024 category:抽象概念 category:认知与抽象名词,2216
taxi,'tæksi,n.,出租车,,,kaoyan-shared english-i english-ii source:netem-2024 category:交通旅行,2217
slip,slip,n.,滑,,,kaoyan-shared english-i english-ii source:netem-2024 category:动作行为 category:身体动作,2218
pocket,'pɒkit,n.,口袋,,,kaoyan-shared english-i english-ii source:netem-2024 category:日常生活,2219
fossil,'fɒsәl,n.,化石,,,kaoyan-shared english-i english-ii source:netem-2024 category:自然环境,2220
lady,'leidi,n.,女士,,,kaoyan-shared english-i english-ii source:netem-2024 category:人类与社会,2221
roll,rәul,n.,滚动、卷,,,kaoyan-shared english-i english-ii source:netem-2024 category:动作行为 category:身体动作,2222
forum,'fɒ:rәm,n.,论坛,,,kaoyan-shared english-i english-ii source:netem-2024 category:文化宗教,2223
preparation,.prepә'reiʃәn,n.,准备,,,kaoyan-shared english-i english-ii source:netem-2024 category:动作行为 category:身体动作,2224
luck,lʌk,n.,运气、好运,,,kaoyan-shared english-i english-ii source:netem-2024 category:情感心理,2225
scholarship,'skɒlәʃip,n.,奖学金、学问,,,kaoyan-shared english-i english-ii source:netem-2024 category:教育学习,2226
rail,reil,n.,栏杆、铁轨,,,kaoyan-shared english-i english-ii source:netem-2024 category:空间地点,2227
dean,di:n,n.,院长、主任,,,kaoyan-shared english-i english-ii source:netem-2024 category:教育学习,2228
overlook,.әuvә'luk,vt.,俯瞰、忽略,,,kaoyan-shared english-i english-ii source:netem-2024 category:动作行为 category:身体动作,2229
defend,di'fend,vt.,保卫、防守,,,kaoyan-shared english-i english-ii source:netem-2024 category:动作行为 category:社交交互,2230
dismiss,dis'mis,vt.,解散,,,kaoyan-shared english-i english-ii source:netem-2024 category:动作行为 category:心理活动,2231
reinforce,.ri:in'fɒ:s,vt.,加强,,,kaoyan-shared english-i english-ii source:netem-2024 category:动作行为 category:变化趋势,2232
bother,'bɒðә,vt.,打扰,,,kaoyan-shared english-i english-ii source:netem-2024 category:动作行为 category:身体动作,2233
overcome,.әuvә'kʌm,vt.,克服,,,kaoyan-shared english-i english-ii source:netem-2024 category:动作行为 category:其他动作,2234
academy,ә'kædәmi,n.,学院,,,kaoyan-shared english-i english-ii source:netem-2024 category:教育学习,2235
supermarket,'sju:pәmɑ:kit,n.,超级市场,,,kaoyan-shared english-i english-ii source:netem-2024 category:商业经济,2236
ambitious,æm'biʃәs,adj.,有雄心的、艰巨的,,,kaoyan-shared english-i english-ii source:netem-2024 category:情感心理,2237
roof,ru:f,n.,屋顶,,,kaoyan-shared english-i english-ii source:netem-2024 category:日常生活,2238
thief,θi:f,n.,小偷,,,kaoyan-shared english-i english-ii source:netem-2024 category:政治法律,2239
accumulate,ә'kju:mjuleit,v.,积累,,,kaoyan-shared english-i english-ii source:netem-2024 category:动作行为 category:变化趋势,2240
lonely,'lәunli,adj.,孤独地,,,kaoyan-shared english-i english-ii source:netem-2024 category:情感心理,2241
gallon,'gælәn,n.,加仑,,,kaoyan-shared english-i english-ii source:netem-2024 category:科学技术,2242
tutor,'tju:tә,n.,导师,,,kaoyan-shared english-i english-ii source:netem-2024 category:职业工作,2243
railway,'reilwei,n.,铁路,,,kaoyan-shared english-i english-ii source:netem-2024 category:交通旅行,2244
integrate,'intigreit,vt.,整合,,,kaoyan-shared english-i english-ii source:netem-2024 category:动作行为 category:使动与影响,2245
exclude,iks'klu:d,vt.,不包括,,,kaoyan-shared english-i english-ii source:netem-2024 category:动作行为 category:评价与判断,2246
casual,'kæʒjuәl,adj.,随意的,,,kaoyan-shared english-i english-ii source:netem-2024 category:抽象概念 category:性质与评价,2247
orient,'ɒ:riәnt,n.,东方、定位、使适应,,,kaoyan-shared english-i english-ii source:netem-2024 category:动作行为 category:使动与影响,2248
component,kәm'pәunәnt,n.,组成部分,,,kaoyan-shared english-i english-ii source:netem-2024 category:科学技术,2249
dozen,'dʌzn,n.,一打,,,kaoyan-shared english-i english-ii source:netem-2024 category:商业经济,2250
prosperity,prɒs'periti,n.,繁荣,,,kaoyan-shared english-i english-ii source:netem-2024 category:商业经济,2251
badly,'bædli,adv.,糟糕、严重地、非常,,,kaoyan-shared english-i english-ii source:netem-2024 category:抽象概念 category:性质与评价,2252
diminish,di'miniʃ,v.,削弱、贬低,,,kaoyan-shared english-i english-ii source:netem-2024 category:动作行为 category:身体动作,2253
imitate,'imiteit,vt.,模仿、仿造,,,kaoyan-shared english-i english-ii source:netem-2024 category:动作行为 category:其他动作,2254
intense,in'tens,adj.,强烈的、热烈的,,,kaoyan-shared english-i english-ii source:netem-2024 category:抽象概念 category:性质与评价,2255
occupy,'ɒkjupai,vt.,占据,,,kaoyan-shared english-i english-ii source:netem-2024 category:动作行为 category:使动与影响,2256
distribute,di'stribju:t,vt.,分发、分配,,,kaoyan-shared english-i english-ii source:netem-2024 category:动作行为 category:变化趋势,2257
phase,feiz,n.,阶段,,,kaoyan-shared english-i english-ii source:netem-2024 category:抽象概念 category:认知与抽象名词,2258
intensive,in'tensiv,adj.,密集的,,,kaoyan-shared english-i english-ii source:netem-2024 category:抽象概念 category:性质与评价,2259
revise,ri'vaiz,n.,修改,,,kaoyan-shared english-i english-ii source:netem-2024 category:动作行为 category:评价与判断,2260
straight,streit,n.,直接的,,,kaoyan-shared english-i english-ii source:netem-2024 category:抽象概念 category:性质与评价,2261
exceed,ik'si:d,vt.,超过、越过,,,kaoyan-shared english-i english-ii source:netem-2024 category:动作行为 category:变化趋势,2262
glance,'glɑ:ns,n.,一瞥,,,kaoyan-shared english-i english-ii source:netem-2024 category:动作行为 category:身体动作,2263
implement,'implimәnt,n.,实施、工具,,,kaoyan-shared english-i english-ii source:netem-2024 category:动作行为 category:其他动作,2264
chronic,'krɒnik,adj.,慢性的、长期的,,,kaoyan-shared english-i english-ii source:netem-2024 category:健康医疗,2265
cup,kʌp,n.,杯子,,,kaoyan-shared english-i english-ii source:netem-2024 category:日常生活,2266
pension,'penʃәn,n.,养老金,,,kaoyan-shared english-i english-ii source:netem-2024 category:商业经济,2267
storm,stɒ:m,n.,风暴,,,kaoyan-shared english-i english-ii source:netem-2024 category:自然环境,2268
sink,siŋk,n.,下沉,,,kaoyan-shared english-i english-ii source:netem-2024 category:动作行为 category:身体动作,2269
beneficial,.beni'fiʃәl,adj.,有益的,,,kaoyan-shared english-i english-ii source:netem-2024 category:抽象概念 category:性质与评价,2270
load,lәud,n.,装货、装载,,,kaoyan-shared english-i english-ii source:netem-2024 category:动作行为 category:身体动作,2271
romantic,rәu'mæntik,adj.,浪漫的、不切实际的,,,kaoyan-shared english-i english-ii source:netem-2024 category:情感心理,2272
shelf,ʃelf,n.,架子,,,kaoyan-shared english-i english-ii source:netem-2024 category:日常生活,2273
destination,.desti'neiʃәn,n.,目的地,,,kaoyan-shared english-i english-ii source:netem-2024 category:交通旅行,2274
accompany,ә'kʌmpәni,vt.,陪伴、为……伴奏,,,kaoyan-shared english-i english-ii source:netem-2024 category:动作行为 category:其他动作,2275
lock,lɒk,n.,锁,,,kaoyan-shared english-i english-ii source:netem-2024 category:动作行为 category:其他动作,2276
jury,'dʒuәri,n.,陪审团,,,kaoyan-shared english-i english-ii source:netem-2024 category:政治法律,2277
humor,'hju:mә,n.,幽默、诙谐,,,kaoyan-shared english-i english-ii source:netem-2024 category:情感心理,2278
desirable,di'zairәbl,adj.,称心的、可取的,,,kaoyan-shared english-i english-ii source:netem-2024 category:抽象概念 category:性质与评价,2279
motion,'mәuʃәn,n.,动、提议,,,kaoyan-shared english-i english-ii source:netem-2024 category:动作行为 category:身体动作,2280
storage,'stɒ:ridʒ,n.,储存、库房,,,kaoyan-shared english-i english-ii source:netem-2024 category:日常生活,2281
commodity,kә'mɒditi,n.,商品,,,kaoyan-shared english-i english-ii source:netem-2024 category:商业经济,2282
negotiate,ni'gәuʃieit,vi.,谈判、协商,,,kaoyan-shared english-i english-ii source:netem-2024 category:动作行为 category:社交交互,2283
compromise,'kɒmprәmaiz,n.,妥协,,,kaoyan-shared english-i english-ii source:netem-2024 category:动作行为 category:身体动作,2284
endure,in'djuә,vt.,忍受、持久,,,kaoyan-shared english-i english-ii source:netem-2024 category:动作行为 category:起始与终止,2285
immune,i'mju:n,adj.,免疫,,,kaoyan-shared english-i english-ii source:netem-2024 category:健康医疗,2286
pleasant,'pleznt,adj.,愉快的,,,kaoyan-shared english-i english-ii source:netem-2024 category:情感心理,2287
celebrate,'selibreit,v.,庆祝,,,kaoyan-shared english-i english-ii source:netem-2024 category:文化宗教,2288
command,kә'mɑ:nd,n.,命令,,,kaoyan-shared english-i english-ii source:netem-2024 category:动作行为 category:身体动作,2289
span,spæn,n.,跨度,,,kaoyan-shared english-i english-ii source:netem-2024 category:空间地点,2290
norm,nɒ:m,n.,规范,,,kaoyan-shared english-i english-ii source:netem-2024 category:抽象概念 category:认知与抽象名词,2291
hazard,'hæzәd,n.,危险,,,kaoyan-shared english-i english-ii source:netem-2024 category:健康医疗,2292
joint,dʒɒint,n.,共同的、关节,,,kaoyan-shared english-i english-ii source:netem-2024 category:人类与社会,2293
clerk,klә:k,n.,职员,,,kaoyan-shared english-i english-ii source:netem-2024 category:职业工作,2294
arrest,ә'rest,n.,逮捕,,,kaoyan-shared english-i english-ii source:netem-2024 category:政治法律,2295
dictionary,'dikʃәnәri,n.,词典,,,kaoyan-shared english-i english-ii source:netem-2024 category:教育学习,2296
hate,heit,n.,讨厌,,,kaoyan-shared english-i english-ii source:netem-2024 category:情感心理,2297
magic,'mædʒik,n.,魔法,,,kaoyan-shared english-i english-ii source:netem-2024 category:文化宗教,2298
numerous,'nju:mәrәs,adj.,许多的,,,kaoyan-shared english-i english-ii source:netem-2024 category:抽象概念 category:数量与程度,2299
shoot,ʃu:t,n.,射击,,,kaoyan-shared english-i english-ii source:netem-2024 category:动作行为 category:身体动作,2300
song,sɒŋ,n.,歌曲,,,kaoyan-shared english-i english-ii source:netem-2024 category:运动娱乐,2301
knit,nit,v.,编织、针织,,,kaoyan-shared english-i english-ii source:netem-2024 category:动作行为 category:身体动作,2302
reading,'ri:diŋ,n.,读物、读数,,,kaoyan-shared english-i english-ii source:netem-2024 category:教育学习,2303
philosopher,fi'lɒsәfә,n.,哲学家,,,kaoyan-shared english-i english-ii source:netem-2024 category:文化宗教,2304
stranger,'streindʒә,n.,陌生人,,,kaoyan-shared english-i english-ii source:netem-2024 category:人类与社会,2305
obscure,әb'skjuә,adj.,不为人知、晦涩难懂,,,kaoyan-shared english-i english-ii source:netem-2024 category:抽象概念 category:性质与评价,2306
faith,feiθ,n.,信心、信仰,,,kaoyan-shared english-i english-ii source:netem-2024 category:情感心理,2307
shock,ʃɒk,n.,震惊,,,kaoyan-shared english-i english-ii source:netem-2024 category:动作行为 category:身体动作,2308
strive,straiv,vi.,努力、斗争,,,kaoyan-shared english-i english-ii source:netem-2024 category:动作行为 category:其他动作,2309
grasp,græsp,n.,抓住,,,kaoyan-shared english-i english-ii source:netem-2024 category:动作行为 category:身体动作,2310
passion,'pæʃәn,n.,热情,,,kaoyan-shared english-i english-ii source:netem-2024 category:情感心理,2311
settlement,'setlmәnt,n.,解决、移民地,,,kaoyan-shared english-i english-ii source:netem-2024 category:政治法律,2312
sudden,'sʌdn,n.,突然的,,,kaoyan-shared english-i english-ii source:netem-2024 category:抽象概念 category:性质与评价,2313
biology,bai'ɒlәdʒi,n.,生物学,,,kaoyan-shared english-i english-ii source:netem-2024 category:科学技术,2314
parliament,'pɑ:lәmәnt,n.,原谅、国会,,,kaoyan-shared english-i english-ii source:netem-2024 category:政治法律,2315
map,mæp,n.,地图,,,kaoyan-shared english-i english-ii source:netem-2024 category:空间地点,2316
penalty,'penәlti,n.,处罚,,,kaoyan-shared english-i english-ii source:netem-2024 category:政治法律,2317
tooth,tu:θ,n.,牙齿,,,kaoyan-shared english-i english-ii source:netem-2024 category:人类与社会,2318
yesterday,'jestәdi,n.,昨天,,,kaoyan-shared english-i english-ii source:netem-2024 category:时间日期,2319
distract,dis'trækt,vt.,使转向、使分心,,,kaoyan-shared english-i english-ii source:netem-2024 category:动作行为 category:身体动作,2320
enemy,'enimi,n.,敌人,,,kaoyan-shared english-i english-ii source:netem-2024 category:政治法律,2321
abstract,'æbstrækt,adj.,抽象的、摘要,,,kaoyan-shared english-i english-ii source:netem-2024 category:抽象概念 category:认知与抽象名词,2322
automobile,'ɒ:tәmәbi:l,n.,汽车,,,kaoyan-shared english-i english-ii source:netem-2024 category:交通旅行,2323
hungry,'hʌŋgi,adj.,饥饿的,,,kaoyan-shared english-i english-ii source:netem-2024 category:情感心理,2324
motivate,'mәutiveit,vt.,激发,,,kaoyan-shared english-i english-ii source:netem-2024 category:动作行为 category:使动与影响,2325
possession,pә'zeʃәn,n.,所有物、财产,,,kaoyan-shared english-i english-ii source:netem-2024 category:商业经济,2326
rescue,'reskju:,n.,拯救,,,kaoyan-shared english-i english-ii source:netem-2024 category:动作行为 category:其他动作,2327
calculate,'kælkjuleit,v.,计算,,,kaoyan-shared english-i english-ii source:netem-2024 category:科学技术,2328
lane,lein,n.,小路、泳道,,,kaoyan-shared english-i english-ii source:netem-2024 category:空间地点,2329
lift,lift,n.,提起,,,kaoyan-shared english-i english-ii source:netem-2024 category:动作行为 category:身体动作,2330
assembly,ә'sembli,n.,集合、装配,,,kaoyan-shared english-i english-ii source:netem-2024 category:政治法律,2331
rid,rid,vt.,摆脱,,,kaoyan-shared english-i english-ii source:netem-2024 category:动作行为 category:身体动作,2332
upper,'ʌpә,adj.,上面的、较高的,,,kaoyan-shared english-i english-ii source:netem-2024 category:空间地点,2333
pet,pet,n.,宠物,,,kaoyan-shared english-i english-ii source:netem-2024 category:自然环境,2334
dish,diʃ,n.,碟子,,,kaoyan-shared english-i english-ii source:netem-2024 category:日常生活,2335
chart,tʃɑ:t,n.,图表,,,kaoyan-shared english-i english-ii source:netem-2024 category:科学技术,2336
arrival,ә'raivl,n.,到达,,,kaoyan-shared english-i english-ii source:netem-2024 category:时间日期,2337
kingdom,'kiŋdәm,n.,王国,,,kaoyan-shared english-i english-ii source:netem-2024 category:政治法律,2338
compose,kәm'pәuz,vt.,组成、作曲、撰写,,,kaoyan-shared english-i english-ii source:netem-2024 category:动作行为 category:其他动作,2339
readily,'redili,adv.,快捷地、乐意地,,,kaoyan-shared english-i english-ii source:netem-2024 category:抽象概念 category:数量与程度,2340
cloud,klaud,n.,云,,,kaoyan-shared english-i english-ii source:netem-2024 category:自然环境,2341
interfere,.intә'fiә,vi.,妨碍、介入,,,kaoyan-shared english-i english-ii source:netem-2024 category:动作行为 category:身体动作,2342
poet,'pәuit,n.,诗人,,,kaoyan-shared english-i english-ii source:netem-2024 category:文化宗教,2343
soul,sәul,n.,精神、灵魂,,,kaoyan-shared english-i english-ii source:netem-2024 category:文化宗教,2344
alive,ә'laiv,adj.,活着的,,,kaoyan-shared english-i english-ii source:netem-2024 category:自然环境,2345
exert,ig'zә:t,vt.,用、运用,,,kaoyan-shared english-i english-ii source:netem-2024 category:动作行为 category:身体动作,2346
pioneer,.paiә'niә,n.,先驱,,,kaoyan-shared english-i english-ii source:netem-2024 category:职业工作,2347
punish,'pʌniʃ,vt.,惩罚,,,kaoyan-shared english-i english-ii source:netem-2024 category:动作行为 category:其他动作,2348
alike,ә'laik,adj.,与…相似,,,kaoyan-shared english-i english-ii source:netem-2024 category:抽象概念 category:性质与评价,2349
interference,.intә'fiәrәns,n.,干涉,,,kaoyan-shared english-i english-ii source:netem-2024 category:抽象概念 category:认知与抽象名词,2350
plain,plein,n.,平的、朴素的,,,kaoyan-shared english-i english-ii source:netem-2024 category:自然环境,2351
anger,'æŋgә,n.,怒气、使发怒,,,kaoyan-shared english-i english-ii source:netem-2024 category:情感心理,2352
tiger,'taigә,n.,老虎,,,kaoyan-shared english-i english-ii source:netem-2024 category:自然环境,2353
menu,'menju:,n.,菜单,,,kaoyan-shared english-i english-ii source:netem-2024 category:食物营养,2354
pilot,'pailәt,n.,飞行员,,,kaoyan-shared english-i english-ii source:netem-2024 category:职业工作,2355
violent,'vaiәlәnt,adj.,暴力的,,,kaoyan-shared english-i english-ii source:netem-2024 category:政治法律,2356
bore,bɒ:,n.,使厌烦、钻孔,,,kaoyan-shared english-i english-ii source:netem-2024 category:动作行为 category:其他动作,2357
update,ʌp'deit,vt.,更新,,,kaoyan-shared english-i english-ii source:netem-2024 category:动作行为 category:使动与影响,2358
cream,kri:m,n.,奶油,,,kaoyan-shared english-i english-ii source:netem-2024 category:食物营养,2359
ton,tʌn,n.,吨、大量,,,kaoyan-shared english-i english-ii source:netem-2024 category:科学技术,2360
bomb,bɒm,n.,炸弹,,,kaoyan-shared english-i english-ii source:netem-2024 category:政治法律,2361
soda,'sәudә,n.,苏打,,,kaoyan-shared english-i english-ii source:netem-2024 category:食物营养,2362
random,'rændәm,n.,随机的,,,kaoyan-shared english-i english-ii source:netem-2024 category:抽象概念 category:性质与评价,2363
output,'autput,n.,产量、输出,,,kaoyan-shared english-i english-ii source:netem-2024 category:商业经济,2364
prolong,prәu'lɒŋ,vt.,延长,,,kaoyan-shared english-i english-ii source:netem-2024 category:动作行为 category:身体动作,2365
approval,ә'pru:vl,n.,赞成,,,kaoyan-shared english-i english-ii source:netem-2024 category:情感心理,2366
extension,ik'stenʃәn,n.,延伸,,,kaoyan-shared english-i english-ii source:netem-2024 category:抽象概念 category:认知与抽象名词,2367
surgery,'sә:dʒәri,n.,外科手术,,,kaoyan-shared english-i english-ii source:netem-2024 category:健康医疗,2368
shut,ʃʌʃ,n.,关上,,,kaoyan-shared english-i english-ii source:netem-2024 category:动作行为 category:其他动作,2369
ring,riŋ,n.,响起,,,kaoyan-shared english-i english-ii source:netem-2024 category:动作行为 category:身体动作,2370
platform,'plætfɒ:m,n.,平台,,,kaoyan-shared english-i english-ii source:netem-2024 category:空间地点,2371
enforce,in'fɒ:s,vt.,强迫,,,kaoyan-shared english-i english-ii source:netem-2024 category:动作行为 category:使动与影响,2372
battery,'bætәri,n.,电池,,,kaoyan-shared english-i english-ii source:netem-2024 category:科学技术,2373
convenience,kә'vi:njәns,n.,便利,,,kaoyan-shared english-i english-ii source:netem-2024 category:抽象概念 category:认知与抽象名词,2374
silicon,'silikәn,n.,硅,,,kaoyan-shared english-i english-ii source:netem-2024 category:科学技术,2375
impress,im'pres,n.,留下印象,,,kaoyan-shared english-i english-ii source:netem-2024 category:动作行为 category:其他动作,2376
hunger,'hʌŋgә,n.,饥饿、渴望,,,kaoyan-shared english-i english-ii source:netem-2024 category:情感心理,2377
rice,rais,n.,稻、大米,,,kaoyan-shared english-i english-ii source:netem-2024 category:食物营养,2378
tragedy,'trædʒidi,n.,悲剧,,,kaoyan-shared english-i english-ii source:netem-2024 category:文化宗教,2379
policeman,pә'li:smәn,n.,警察,,,kaoyan-shared english-i english-ii source:netem-2024 category:职业工作,2380
fatigue,fә'ti:g,n.,疲劳,,,kaoyan-shared english-i english-ii source:netem-2024 category:健康医疗,2381
wheat,hwi:t,n.,小麦,,,kaoyan-shared english-i english-ii source:netem-2024 category:食物营养,2382
formation,fɒ:'meiʃәn,n.,形成,,,kaoyan-shared english-i english-ii source:netem-2024 category:抽象概念 category:认知与抽象名词,2383
draft,dræft. drɑ:ft,n.,草稿、起草,,,kaoyan-shared english-i english-ii source:netem-2024 category:动作行为 category:其他动作,2384
dominant,'dɒminәnt,adj.,支配的,,,kaoyan-shared english-i english-ii source:netem-2024 category:抽象概念 category:性质与评价,2385
verb,vә:b,n.,动词,,,kaoyan-shared english-i english-ii source:netem-2024 category:教育学习,2386
epidemic,.epi'demik,n.,流行性的、流行病,,,kaoyan-shared english-i english-ii source:netem-2024 category:健康医疗,2387
impulse,'impʌls,n.,冲动,,,kaoyan-shared english-i english-ii source:netem-2024 category:抽象概念 category:认知与抽象名词,2388
shelter,'ʃeltә,n.,庇护所,,,kaoyan-shared english-i english-ii source:netem-2024 category:自然环境,2389
subtle,'sʌtl,adj.,微妙的、细微的,,,kaoyan-shared english-i english-ii source:netem-2024 category:抽象概念 category:性质与评价,2390
forth,fɒ:θ,adv.,向前、离开、产生、拿出,,,kaoyan-shared english-i english-ii source:netem-2024 category:空间地点,2391
oblige,ә'blaidʒ,vt.,强迫,,,kaoyan-shared english-i english-ii source:netem-2024 category:动作行为 category:使动与影响,2392
spouse,spauz,n.,配偶,,,kaoyan-shared english-i english-ii source:netem-2024 category:人类与社会,2393
tension,'tenʃәn,n.,张力、紧张,,,kaoyan-shared english-i english-ii source:netem-2024 category:情感心理,2394
bargain,'bɑ:gin,n.,廉价货、交易,,,kaoyan-shared english-i english-ii source:netem-2024 category:商业经济,2395
chicken,'tʃikin,n.,小鸡,,,kaoyan-shared english-i english-ii source:netem-2024 category:食物营养,2396
comprehensive,.kɒmpri'hensiv,adj.,广泛的、全部的,,,kaoyan-shared english-i english-ii source:netem-2024 category:抽象概念 category:性质与评价,2397
limitation,.limi'teiʃәn,n.,限制,,,kaoyan-shared english-i english-ii source:netem-2024 category:抽象概念 category:认知与抽象名词,2398
weekly,'wi:kli,n.,每周的、周刊,,,kaoyan-shared english-i english-ii source:netem-2024 category:时间日期,2399
foster,'fɒstә,adj.,培养、培育,,,kaoyan-shared english-i english-ii source:netem-2024 category:动作行为 category:使动与影响,2400
nutrition,nju:'triʃәn,n.,营养,,,kaoyan-shared english-i english-ii source:netem-2024 category:食物营养,2401
suburb,'sʌbә:b,n.,市郊,,,kaoyan-shared english-i english-ii source:netem-2024 category:空间地点,2402
foreigner,'fɒ:rinә,n.,外国人,,,kaoyan-shared english-i english-ii source:netem-2024 category:人类与社会,2403
boundary,'baundri,n.,界限,,,kaoyan-shared english-i english-ii source:netem-2024 category:空间地点,2404
conform,kәn'fɒ:m,vt.,符合、遵照,,,kaoyan-shared english-i english-ii source:netem-2024 category:动作行为 category:使动与影响,2405
exploit,'eksplɒit,n.,开发、利用,,,kaoyan-shared english-i english-ii source:netem-2024 category:动作行为 category:其他动作,2406
gesture,'dʒestʃә,n.,手势、姿态,,,kaoyan-shared english-i english-ii source:netem-2024 category:动作行为 category:身体动作,2407
obligation,.ɒbli'geiʃәn,n.,义务,,,kaoyan-shared english-i english-ii source:netem-2024 category:情感心理,2408
sweet,swi:t,n.,甜的,,,kaoyan-shared english-i english-ii source:netem-2024 category:食物营养,2409
absent,'æbsәnt,adj.,不在场的、漫不经心的,,,kaoyan-shared english-i english-ii source:netem-2024 category:抽象概念 category:性质与评价,2410
deficit,'defisit,n.,赤字,,,kaoyan-shared english-i english-ii source:netem-2024 category:商业经济,2411
mode,mәud,n.,模式、状态,,,kaoyan-shared english-i english-ii source:netem-2024 category:抽象概念 category:认知与抽象名词,2412
crude,kru:d,adj.,粗鲁的、简陋的,,,kaoyan-shared english-i english-ii source:netem-2024 category:抽象概念 category:性质与评价,2413
mechanical,mi'kænikәl,adj.,机械的,,,kaoyan-shared english-i english-ii source:netem-2024 category:科学技术,2414
govern,'gʌvәn,v.,统治、决定,,,kaoyan-shared english-i english-ii source:netem-2024 category:动作行为 category:心理活动,2415
evident,'evidәnt,adj.,明显的,,,kaoyan-shared english-i english-ii source:netem-2024 category:抽象概念 category:性质与评价,2416
explosion,ik'splәuʒәn,n.,爆炸,,,kaoyan-shared english-i english-ii source:netem-2024 category:自然环境,2417
render,'rendә,vt.,使得、给予,,,kaoyan-shared english-i english-ii source:netem-2024 category:动作行为 category:身体动作,2418
layer,'leiә,n.,层,,,kaoyan-shared english-i english-ii source:netem-2024 category:科学技术,2419
melt,melt,n.,融化、溶解,,,kaoyan-shared english-i english-ii source:netem-2024 category:动作行为 category:使动与影响,2420
caution,'kɒ:ʃәn,n.,谨慎、警告,,,kaoyan-shared english-i english-ii source:netem-2024 category:情感心理,2421
transmit,træns'mit,vt.,传送、发射,,,kaoyan-shared english-i english-ii source:netem-2024 category:动作行为 category:变化趋势,2422
automatic,.ɒ:tә'mætik,n.,自动的,,,kaoyan-shared english-i english-ii source:netem-2024 category:科学技术,2423
globe,glәub,n.,球体、地球,,,kaoyan-shared english-i english-ii source:netem-2024 category:自然环境,2424
division,di'viʒәn,n.,分开、部门,,,kaoyan-shared english-i english-ii source:netem-2024 category:抽象概念 category:认知与抽象名词,2425
proceed,prәu'si:d,vi.,继续进行,,,kaoyan-shared english-i english-ii source:netem-2024 category:动作行为 category:起始与终止,2426
compel,kәm'pel,vt.,迫使,,,kaoyan-shared english-i english-ii source:netem-2024 category:动作行为 category:使动与影响,2427
primitive,'primitiv,n.,原始的、简单的,,,kaoyan-shared english-i english-ii source:netem-2024 category:抽象概念 category:性质与评价,2428
steady,'stedi,adj.,稳定的,,,kaoyan-shared english-i english-ii source:netem-2024 category:抽象概念 category:性质与评价,2429
territory,'teritәri,n.,领土、领域,,,kaoyan-shared english-i english-ii source:netem-2024 category:空间地点,2430
gallery,'gælәri,n.,画廊、长廊,,,kaoyan-shared english-i english-ii source:netem-2024 category:文化宗教,2431
lower,'lәuә,adj.,较低的、下级的,,,kaoyan-shared english-i english-ii source:netem-2024 category:动作行为 category:其他动作,2432
maintenance,'meintәnәns,n.,维护,,,kaoyan-shared english-i english-ii source:netem-2024 category:动作行为 category:起始与终止,2433
corner,'kɒ:nә,n.,角落,,,kaoyan-shared english-i english-ii source:netem-2024 category:空间地点,2434
pop,pɒp,n.,流行的、突然出现,,,kaoyan-shared english-i english-ii source:netem-2024 category:运动娱乐,2435
somewhere,'sʌmhwєә,adv.,在某处,,,kaoyan-shared english-i english-ii source:netem-2024 category:空间地点,2436
accuse,ә'kju:z,vt.,控告,,,kaoyan-shared english-i english-ii source:netem-2024 category:动作行为 category:社交交互,2437
neutral,'nju:trәl,n.,中立的、中性的,,,kaoyan-shared english-i english-ii source:netem-2024 category:政治法律,2438
renew,ri'nju:,vt.,更新、补充,,,kaoyan-shared english-i english-ii source:netem-2024 category:动作行为 category:使动与影响,2439
fifteen,'fif'ti:n,num.,十五,,,kaoyan-shared english-i english-ii source:netem-2024 category:时间日期,2440
harvest,'hɑ:vist,n.,收获,,,kaoyan-shared english-i english-ii source:netem-2024 category:自然环境,2441
mouse,maus,n.,鼠,,,kaoyan-shared english-i english-ii source:netem-2024 category:自然环境,2442
fox,fɒks,n.,狐狸,,,kaoyan-shared english-i english-ii source:netem-2024 category:自然环境,2443
liquid,'likwid,n.,液体,,,kaoyan-shared english-i english-ii source:netem-2024 category:科学技术,2444
ancestor,'ænsestә,n.,祖先,,,kaoyan-shared english-i english-ii source:netem-2024 category:人类与社会,2445
triumph,'traiәmf,n.,胜利,,,kaoyan-shared english-i english-ii source:netem-2024 category:动作行为 category:其他动作,2446
folk,fәuk,n.,民间音乐、人们,,,kaoyan-shared english-i english-ii source:netem-2024 category:人类与社会,2447
guilty,'gilti,adj.,内疚,,,kaoyan-shared english-i english-ii source:netem-2024 category:情感心理,2448
permission,pә'miʃәn,n.,允许、许可,,,kaoyan-shared english-i english-ii source:netem-2024 category:情感心理,2449
pour,pɒ:,n.,倾倒,,,kaoyan-shared english-i english-ii source:netem-2024 category:动作行为 category:身体动作,2450
equivalent,i'kwivәlәnt,n.,相同的,,,kaoyan-shared english-i english-ii source:netem-2024 category:抽象概念 category:性质与评价,2451
ultimate,'ʌltimit,n.,终极,,,kaoyan-shared english-i english-ii source:netem-2024 category:抽象概念 category:性质与评价,2452
excess,ik'ses,n.,过剩、过量,,,kaoyan-shared english-i english-ii source:netem-2024 category:商业经济,2453
stream,stri:m,n.,溪流、流淌,,,kaoyan-shared english-i english-ii source:netem-2024 category:自然环境,2454
vice,vais,n.,恶习、邪恶、缺点,,,kaoyan-shared english-i english-ii source:netem-2024 category:政治法律,2455
coal,kәul,n.,煤,,,kaoyan-shared english-i english-ii source:netem-2024 category:自然环境,2456
setback,'setbæk,n.,挫折,,,kaoyan-shared english-i english-ii source:netem-2024 category:抽象概念 category:认知与抽象名词,2457
deadline,'dedlain,n.,最后期限,,,kaoyan-shared english-i english-ii source:netem-2024 category:时间日期,2458
spelling,'speliŋ,n.,拼写,,,kaoyan-shared english-i english-ii source:netem-2024 category:教育学习,2459
hinder,'hindә,adj.,阻碍,,,kaoyan-shared english-i english-ii source:netem-2024 category:动作行为 category:社交交互,2460
ear,iә,n.,耳朵,,,kaoyan-shared english-i english-ii source:netem-2024 category:人类与社会,2461
session,'seʃәn,n.,会议、阶段,,,kaoyan-shared english-i english-ii source:netem-2024 category:教育学习,2462
fond,fɒnd,adj.,喜欢,,,kaoyan-shared english-i english-ii source:netem-2024 category:情感心理,2463
musician,mju:'ziʃәn,n.,音乐家,,,kaoyan-shared english-i english-ii source:netem-2024 category:职业工作,2464
narrative,'nærәtiv,n.,叙述,,,kaoyan-shared english-i english-ii source:netem-2024 category:文化宗教,2465
classic,'klæsik,n.,传统的、古典的,,,kaoyan-shared english-i english-ii source:netem-2024 category:文化宗教,2466
dislike,dis'laik,n.,不喜欢,,,kaoyan-shared english-i english-ii source:netem-2024 category:情感心理,2467
semester,si'mestә,n.,学期,,,kaoyan-shared english-i english-ii source:netem-2024 category:教育学习,2468
province,'prɒvins,n.,省,,,kaoyan-shared english-i english-ii source:netem-2024 category:空间地点,2469
column,'kɒlәm,n.,列,,,kaoyan-shared english-i english-ii source:netem-2024 category:教育学习,2470
hence,hens,adv.,因此,,,kaoyan-shared english-i english-ii source:netem-2024 category:抽象概念 category:逻辑与关系,2471
celebrity,si'lebrti,n.,名人,,,kaoyan-shared english-i english-ii source:netem-2024 category:文化宗教,2472
prior,'praiә,adj.,优先的、在前的,,,kaoyan-shared english-i english-ii source:netem-2024 category:抽象概念 category:性质与评价,2473
forever,fә'revә,adv.,永远,,,kaoyan-shared english-i english-ii source:netem-2024 category:时间日期,2474
machinery,mә'ʃi:nәri,n.,机械,,,kaoyan-shared english-i english-ii source:netem-2024 category:科学技术,2475
census,'sensәs,n.,人口普查,,,kaoyan-shared english-i english-ii source:netem-2024 category:政治法律,2476
fade,feid,vi.,消退、消逝,,,kaoyan-shared english-i english-ii source:netem-2024 category:动作行为 category:变化趋势,2477
addict,ә'dikt,vt.,上瘾,,,kaoyan-shared english-i english-ii source:netem-2024 category:健康医疗,2478
anyway,'eniwei,adv.,无论如何,,,kaoyan-shared english-i english-ii source:netem-2024 category:抽象概念 category:逻辑与关系,2479
tolerant,'tɒlәrәnt,adj.,宽容的,,,kaoyan-shared english-i english-ii source:netem-2024 category:情感心理,2480
architecture,'ɑ:kitektʃә,n.,结构,,,kaoyan-shared english-i english-ii source:netem-2024 category:文化宗教,2481
curb,kә:b,n.,抑制,,,kaoyan-shared english-i english-ii source:netem-2024 category:动作行为 category:社交交互,2482
entrepreneur,.ɒntrәprә'nә:,n.,企业家,,,kaoyan-shared english-i english-ii source:netem-2024 category:职业工作,2483
forecast,'fɒ:kɑ:st,n.,预测,,,kaoyan-shared english-i english-ii source:netem-2024 category:科学技术,2484
controversial,.kɒntrә'vә:ʃәl,adj.,有争议的,,,kaoyan-shared english-i english-ii source:netem-2024 category:抽象概念 category:性质与评价,2485
ladder,'lædә,n.,梯子,,,kaoyan-shared english-i english-ii source:netem-2024 category:日常生活,2486
moon,mu:n,n.,月球、月亮,,,kaoyan-shared english-i english-ii source:netem-2024 category:自然环境,2487
oppose,ә'pәuz,vt.,反对,,,kaoyan-shared english-i english-ii source:netem-2024 category:动作行为 category:社交交互,2488
subsidy,'sʌbsidi,n.,津贴,,,kaoyan-shared english-i english-ii source:netem-2024 category:商业经济,2489
confusion,kәn'fju:ʒәn,n.,混乱,,,kaoyan-shared english-i english-ii source:netem-2024 category:抽象概念 category:认知与抽象名词,2490
enthusiasm,in'θju:ziæzәm,n.,热情,,,kaoyan-shared english-i english-ii source:netem-2024 category:情感心理,2491
somehow,'sʌmhau,adv.,以某种方式,,,kaoyan-shared english-i english-ii source:netem-2024 category:抽象概念 category:逻辑与关系,2492
birthday,'bә:θdei,n.,生日,,,kaoyan-shared english-i english-ii source:netem-2024 category:时间日期,2493
inferior,in'fiәriә,adj.,下级、较差的,,,kaoyan-shared english-i english-ii source:netem-2024 category:抽象概念 category:性质与评价,2494
fake,feik,n.,伪造、假的,,,kaoyan-shared english-i english-ii source:netem-2024 category:抽象概念 category:性质与评价,2495
frequency,'fri:kwәnsi,n.,频率,,,kaoyan-shared english-i english-ii source:netem-2024 category:时间日期,2496
pile,pail,n.,堆,,,kaoyan-shared english-i english-ii source:netem-2024 category:日常生活,2497
realistic,riә'listik,adj.,现实的,,,kaoyan-shared english-i english-ii source:netem-2024 category:情感心理,2498
therapy,'θerәpi,n.,治疗,,,kaoyan-shared english-i english-ii source:netem-2024 category:健康医疗,2499
dirty,'dә:ti,adj.,脏的,,,kaoyan-shared english-i english-ii source:netem-2024 category:自然环境,2500
disturb,dis'tә:b,vt.,打扰,,,kaoyan-shared english-i english-ii source:netem-2024 category:动作行为 category:使动与影响,2501
biography,bai'ɒgrәfi,n.,传记,,,kaoyan-shared english-i english-ii source:netem-2024 category:文化宗教,2502
outstanding,.aut'stændiŋ,adj.,杰出的,,,kaoyan-shared english-i english-ii source:netem-2024 category:抽象概念 category:性质与评价,2503
tower,'tauә,n.,塔,,,kaoyan-shared english-i english-ii source:netem-2024 category:空间地点,2504
wedding,'wediŋ,n.,婚礼,,,kaoyan-shared english-i english-ii source:netem-2024 category:文化宗教,2505
painful,'peinful,adj.,痛苦的,,,kaoyan-shared english-i english-ii source:netem-2024 category:健康医疗,2506
confine,kәn'fain,vt.,限制,,,kaoyan-shared english-i english-ii source:netem-2024 category:动作行为 category:使动与影响,2507
assemble,ә'sembl,vt.,装配、召集,,,kaoyan-shared english-i english-ii source:netem-2024 category:动作行为 category:身体动作,2508
colony,'kɒlәni,n.,殖民地,,,kaoyan-shared english-i english-ii source:netem-2024 category:政治法律,2509
wheel,hwi:l,n.,轮子,,,kaoyan-shared english-i english-ii source:netem-2024 category:交通旅行,2510
literally,'litәrәli,adv.,逐字地、简直,,,kaoyan-shared english-i english-ii source:netem-2024 category:抽象概念 category:数量与程度,2511
worthy,'wә:ði,n.,有价值的、值得的,,,kaoyan-shared english-i english-ii source:netem-2024 category:抽象概念 category:性质与评价,2512
crack,kræk,n.,裂缝,,,kaoyan-shared english-i english-ii source:netem-2024 category:动作行为 category:身体动作,2513
panic,'pænik,n.,惊慌的,,,kaoyan-shared english-i english-ii source:netem-2024 category:情感心理,2514
upgrade,'ʌpgreid,n.,升级,,,kaoyan-shared english-i english-ii source:netem-2024 category:动作行为 category:身体动作,2515
supplement,'sʌplimәnt,n.,补充,,,kaoyan-shared english-i english-ii source:netem-2024 category:动作行为 category:其他动作,2516
till,til,prep.,直到……为止,,,kaoyan-shared english-i english-ii source:netem-2024 category:时间日期,2517
compound,kәm'paund,n.,化合物,,,kaoyan-shared english-i english-ii source:netem-2024 category:科学技术,2518
decorate,'dekәreit,v.,装饰,,,kaoyan-shared english-i english-ii source:netem-2024 category:动作行为 category:身体动作,2519
rough,rʌf,n.,粗糙的,,,kaoyan-shared english-i english-ii source:netem-2024 category:抽象概念 category:性质与评价,2520
scope,skәup,n.,范围,,,kaoyan-shared english-i english-ii source:netem-2024 category:抽象概念 category:认知与抽象名词,2521
advertise,'ædvәtaiz,vt.,打广告,,,kaoyan-shared english-i english-ii source:netem-2024 category:商业经济,2522
fancy,'fænsi,n.,幻想、想象,,,kaoyan-shared english-i english-ii source:netem-2024 category:情感心理,2523
sympathetic,.simpә'θetik,adj.,同情的,,,kaoyan-shared english-i english-ii source:netem-2024 category:情感心理,2524
clever,'klevә,adj.,聪明的,,,kaoyan-shared english-i english-ii source:netem-2024 category:情感心理,2525
fashionable,'fæʃәnәbl,adj.,时髦的,,,kaoyan-shared english-i english-ii source:netem-2024 category:交通旅行,2526
hurry,'hʌri,n.,匆忙的,,,kaoyan-shared english-i english-ii source:netem-2024 category:动作行为 category:其他动作,2527
organism,'ɒ:gәnizm,n.,有机体,,,kaoyan-shared english-i english-ii source:netem-2024 category:自然环境,2528
loyalty,'lɒiәlti,n.,忠诚,,,kaoyan-shared english-i english-ii source:netem-2024 category:情感心理,2529
prohibit,prә'hibit,vt.,禁止,,,kaoyan-shared english-i english-ii source:netem-2024 category:动作行为 category:社交交互,2530
alliance,ә'laiәns,n.,联盟,,,kaoyan-shared english-i english-ii source:netem-2024 category:政治法律,2531
copyright,'kɒpirait,n.,版权,,,kaoyan-shared english-i english-ii source:netem-2024 category:商业经济,2532
expertise,.ekspә:'ti:z,n.,专业知识,,,kaoyan-shared english-i english-ii source:netem-2024 category:科学技术,2533
leg,leg,n.,腿,,,kaoyan-shared english-i english-ii source:netem-2024 category:人类与社会,2534
spite,spait,n.,恶意、怨恨,,,kaoyan-shared english-i english-ii source:netem-2024 category:情感心理,2535
suicide,'sjuisaid,n.,自杀,,,kaoyan-shared english-i english-ii source:netem-2024 category:政治法律,2536
acquisition,.ækwi'ziʃәn,n.,收购、习得,,,kaoyan-shared english-i english-ii source:netem-2024 category:抽象概念 category:认知与抽象名词,2537
pole,pәul,n.,杆,,,kaoyan-shared english-i english-ii source:netem-2024 category:空间地点,2538
democracy,di'mɒkrәsi,n.,民主,,,kaoyan-shared english-i english-ii source:netem-2024 category:政治法律,2539
consequently,'kɒnsikwәntli,adv.,因此,,,kaoyan-shared english-i english-ii source:netem-2024 category:抽象概念 category:逻辑与关系,2540
fame,feim,n.,名声,,,kaoyan-shared english-i english-ii source:netem-2024 category:情感心理,2541
fulfil,ful'fil,vt.,履行,,,kaoyan-shared english-i english-ii source:netem-2024 category:动作行为 category:使动与影响,2542
logical,'lɒdʒikәl,adj.,合理的、符合逻辑的,,,kaoyan-shared english-i english-ii source:netem-2024 category:抽象概念 category:性质与评价,2543
mankind,mæn'kaind,n.,人类,,,kaoyan-shared english-i english-ii source:netem-2024 category:人类与社会,2544
monetary,'mʌnitәri,adj.,货币的,,,kaoyan-shared english-i english-ii source:netem-2024 category:商业经济,2545
nose,nәuz,n.,鼻子,,,kaoyan-shared english-i english-ii source:netem-2024 category:人类与社会,2546
combat,'kɒmbæt,n.,战斗,,,kaoyan-shared english-i english-ii source:netem-2024 category:动作行为 category:其他动作,2547
motive,'mәutiv,n.,动机,,,kaoyan-shared english-i english-ii source:netem-2024 category:情感心理,2548
variation,.vєәri'eiʃәn,n.,变化,,,kaoyan-shared english-i english-ii source:netem-2024 category:抽象概念 category:认知与抽象名词,2549
harsh,hɑ:ʃ,adj.,严厉的、恶劣的,,,kaoyan-shared english-i english-ii source:netem-2024 category:情感心理,2550
provision,prә'viʒәn,n.,提供、供给,,,kaoyan-shared english-i english-ii source:netem-2024 category:商业经济,2551
temper,'tempә,n.,脾气,,,kaoyan-shared english-i english-ii source:netem-2024 category:情感心理,2552
exhaust,ig'zɒ:st,n.,耗尽,,,kaoyan-shared english-i english-ii source:netem-2024 category:动作行为 category:身体动作,2553
holder,'hәuldә,n.,持有者,,,kaoyan-shared english-i english-ii source:netem-2024 category:人类与社会,2554
linguistic,liŋ'^wistik,adj.,语言的,,,kaoyan-shared english-i english-ii source:netem-2024 category:文化宗教,2555
mine,main,n.,我的、矿,,,kaoyan-shared english-i english-ii source:netem-2024 category:人类与社会,2556
servant,'sә:vәnt,n.,仆人,,,kaoyan-shared english-i english-ii source:netem-2024 category:职业工作,2557
reflection,ri'flekʃәn,n.,反射,,,kaoyan-shared english-i english-ii source:netem-2024 category:抽象概念 category:认知与抽象名词,2558
bread,bred,n.,面包,,,kaoyan-shared english-i english-ii source:netem-2024 category:食物营养,2559
golden,'gәuldn,adj.,金色的,,,kaoyan-shared english-i english-ii source:netem-2024 category:商业经济,2560
precious,'preʃәs,adj.,宝贵的,,,kaoyan-shared english-i english-ii source:netem-2024 category:情感心理,2561
accommodation,ә.kɒmә'deiʃәn,n.,住处、和解,,,kaoyan-shared english-i english-ii source:netem-2024 category:日常生活,2562
charm,tʃɑ:m,n.,魅力,,,kaoyan-shared english-i english-ii source:netem-2024 category:情感心理,2563
consistent,kәn'sistәnt,adj.,一致的,,,kaoyan-shared english-i english-ii source:netem-2024 category:抽象概念 category:性质与评价,2564
distinct,dis'tiŋkt,adj.,不同的,,,kaoyan-shared english-i english-ii source:netem-2024 category:抽象概念 category:性质与评价,2565
edit,'edit,vt.,编辑,,,kaoyan-shared english-i english-ii source:netem-2024 category:动作行为 category:身体动作,2566
housework,'hauswә:k,n.,家务,,,kaoyan-shared english-i english-ii source:netem-2024 category:日常生活,2567
lifetime,'laiftaim,n.,一生,,,kaoyan-shared english-i english-ii source:netem-2024 category:时间日期,2568
shirt,ʃә:t,n.,衬衫,,,kaoyan-shared english-i english-ii source:netem-2024 category:交通旅行,2569
amid,ә'mid,prep.,在其间,,,kaoyan-shared english-i english-ii source:netem-2024 category:空间地点,2570
identical,ai'dentikәl,adj.,相同的,,,kaoyan-shared english-i english-ii source:netem-2024 category:抽象概念 category:性质与评价,2571
instruct,in'strʌkt,vt.,指导,,,kaoyan-shared english-i english-ii source:netem-2024 category:动作行为 category:社交交互,2572
jacket,'dʒækit,n.,夹克,,,kaoyan-shared english-i english-ii source:netem-2024 category:交通旅行,2573
sake,seik,n.,缘故、目的,,,kaoyan-shared english-i english-ii source:netem-2024 category:抽象概念 category:认知与抽象名词,2574
virus,'vaiәrәs,n.,病毒,,,kaoyan-shared english-i english-ii source:netem-2024 category:健康医疗,2575
wound,wu:nd,n.,受伤的,,,kaoyan-shared english-i english-ii source:netem-2024 category:健康医疗,2576
beer,biә,n.,啤酒,,,kaoyan-shared english-i english-ii source:netem-2024 category:食物营养,2577
refugee,.refju'dʒi:,n.,难民,,,kaoyan-shared english-i english-ii source:netem-2024 category:人类与社会,2578
nap,næp,n.,小睡,,,kaoyan-shared english-i english-ii source:netem-2024 category:动作行为 category:身体动作,2579
classical,'klæsikl,adj.,古典的,,,kaoyan-shared english-i english-ii source:netem-2024 category:文化宗教,2580
sequence,'si:kwәns,n.,顺序,,,kaoyan-shared english-i english-ii source:netem-2024 category:抽象概念 category:认知与抽象名词,2581
systematic,.sisti'mætik,adj.,系统的、成体系的,,,kaoyan-shared english-i english-ii source:netem-2024 category:抽象概念 category:性质与评价,2582
horizon,hә'raizәn,n.,地平线,,,kaoyan-shared english-i english-ii source:netem-2024 category:自然环境,2583
apparent,ә'pærәnt,adj.,明显的,,,kaoyan-shared english-i english-ii source:netem-2024 category:抽象概念 category:性质与评价,2584
guidance,'gaidns,n.,指导,,,kaoyan-shared english-i english-ii source:netem-2024 category:情感心理,2585
passive,'pæsiv,adj.,被动的,,,kaoyan-shared english-i english-ii source:netem-2024 category:情感心理,2586
creature,'kri:tʃә,n.,生物,,,kaoyan-shared english-i english-ii source:netem-2024 category:自然环境,2587
fierce,fiәs,adj.,凶猛的、激烈的,,,kaoyan-shared english-i english-ii source:netem-2024 category:情感心理,2588
mix,miks,n.,混合,,,kaoyan-shared english-i english-ii source:netem-2024 category:动作行为 category:使动与影响,2589
trigger,'trigә,n.,触发,,,kaoyan-shared english-i english-ii source:netem-2024 category:动作行为 category:身体动作,2590
cue,kju:,n.,提示、暗示,,,kaoyan-shared english-i english-ii source:netem-2024 category:抽象概念 category:认知与抽象名词,2591
disable,dis'eibl,vt.,失去能力,,,kaoyan-shared english-i english-ii source:netem-2024 category:动作行为 category:使动与影响,2592
hostile,'hɒstail,adj.,敌对的,,,kaoyan-shared english-i english-ii source:netem-2024 category:情感心理,2593
integrity,in'tegriti,n.,诚实正直、完整,,,kaoyan-shared english-i english-ii source:netem-2024 category:情感心理,2594
precise,pri'sais,adj.,精确的,,,kaoyan-shared english-i english-ii source:netem-2024 category:抽象概念 category:性质与评价,2595
suppress,sә'pres,vt.,压制、镇压,,,kaoyan-shared english-i english-ii source:netem-2024 category:动作行为 category:身体动作,2596
blow,blәu,n.,吹,,,kaoyan-shared english-i english-ii source:netem-2024 category:动作行为 category:身体动作,2597
bone,bәun,n.,骨,,,kaoyan-shared english-i english-ii source:netem-2024 category:人类与社会,2598
gate,geit,n.,门,,,kaoyan-shared english-i english-ii source:netem-2024 category:空间地点,2599
abundant,ә'bʌndәnt,adj.,丰富的,,,kaoyan-shared english-i english-ii source:netem-2024 category:自然环境,2600
appliance,ә'plaiәns,n.,装置、应用,,,kaoyan-shared english-i english-ii source:netem-2024 category:日常生活,2601
relax,ri'læks,vi.,放松,,,kaoyan-shared english-i english-ii source:netem-2024 category:动作行为 category:使动与影响,2602
smooth,smu:ð,adj.,光滑的、顺利的,,,kaoyan-shared english-i english-ii source:netem-2024 category:抽象概念 category:性质与评价,2603
appetite,'æpitait,n.,食欲,,,kaoyan-shared english-i english-ii source:netem-2024 category:食物营养,2604
currency,'kʌrәnsi,n.,货币,,,kaoyan-shared english-i english-ii source:netem-2024 category:商业经济,2605
laundry,'lɒ:ndri,n.,洗衣,,,kaoyan-shared english-i english-ii source:netem-2024 category:日常生活,2606
bicycle,'baisikl,n.,自行车,,,kaoyan-shared english-i english-ii source:netem-2024 category:交通旅行,2607
skirt,skә:t,n.,裙子,,,kaoyan-shared english-i english-ii source:netem-2024 category:交通旅行,2608
eastern,'i:stәn,n.,东部的,,,kaoyan-shared english-i english-ii source:netem-2024 category:空间地点,2609
lion,'laiәn,n.,狮子,,,kaoyan-shared english-i english-ii source:netem-2024 category:自然环境,2610
toilet,'tɒilit,n.,厕所,,,kaoyan-shared english-i english-ii source:netem-2024 category:日常生活,2611
guilt,gilt,n.,内疚,,,kaoyan-shared english-i english-ii source:netem-2024 category:情感心理,2612
tolerance,'tɒlәrәns,n.,宽容、容忍,,,kaoyan-shared english-i english-ii source:netem-2024 category:情感心理,2613
parallel,'pærәlel,n.,平行的、类似的,,,kaoyan-shared english-i english-ii source:netem-2024 category:抽象概念 category:性质与评价,2614
instinct,'instiŋkt,n.,本能,,,kaoyan-shared english-i english-ii source:netem-2024 category:情感心理,2615
premium,'pri:miәm,n.,保险费、优质的,,,kaoyan-shared english-i english-ii source:netem-2024 category:商业经济,2616
shuttle,'ʃʌtl,n.,航天飞机,,,kaoyan-shared english-i english-ii source:netem-2024 category:交通旅行,2617
collective,kә'leiktiv,adj.,集体的、共同的,,,kaoyan-shared english-i english-ii source:netem-2024 category:抽象概念 category:性质与评价,2618
flash,flæʃ,n.,闪,,,kaoyan-shared english-i english-ii source:netem-2024 category:动作行为 category:其他动作,2619
continuous,kәn'tinjuәs,adj.,连续的,,,kaoyan-shared english-i english-ii source:netem-2024 category:时间日期,2620
resistant,ri'zistәnt,n.,抵抗的,,,kaoyan-shared english-i english-ii source:netem-2024 category:抽象概念 category:性质与评价,2621
variable,'vєәriәbl,n.,变量、多变的,,,kaoyan-shared english-i english-ii source:netem-2024 category:抽象概念 category:性质与评价,2622
visible,'vizәbl,adj.,可见的,,,kaoyan-shared english-i english-ii source:netem-2024 category:抽象概念 category:性质与评价,2623
withdraw,wið'drɒ:,vt.,退出、撤退,,,kaoyan-shared english-i english-ii source:netem-2024 category:动作行为 category:身体动作,2624
elaborate,i'læbәreit,adj.,复杂的、详尽的,,,kaoyan-shared english-i english-ii source:netem-2024 category:动作行为 category:社交交互,2625
guess,ges,n.,猜测,,,kaoyan-shared english-i english-ii source:netem-2024 category:动作行为 category:身体动作,2626
indispensable,.indis'pensәbl,n.,不可缺少的,,,kaoyan-shared english-i english-ii source:netem-2024 category:抽象概念 category:性质与评价,2627
sweep,swi:p,n.,扫地,,,kaoyan-shared english-i english-ii source:netem-2024 category:动作行为 category:身体动作,2628
concrete,'kɒnkri:t,n.,具体的、确实的,,,kaoyan-shared english-i english-ii source:netem-2024 category:抽象概念 category:性质与评价,2629
electrical,i'lektrikәl,adj.,电的,,,kaoyan-shared english-i english-ii source:netem-2024 category:科学技术,2630
governor,'gʌvәnә,n.,统治者,,,kaoyan-shared english-i english-ii source:netem-2024 category:政治法律,2631
incline,in'klain,n.,倾斜、斜坡,,,kaoyan-shared english-i english-ii source:netem-2024 category:动作行为 category:身体动作,2632
mount,maunt,n.,山,,,kaoyan-shared english-i english-ii source:netem-2024 category:动作行为 category:身体动作,2633
straightforward,streit'fɒ:wәd,adj.,坦率的,,,kaoyan-shared english-i english-ii source:netem-2024 category:情感心理,2634
habitat,'hæbitæt,n.,栖息地,,,kaoyan-shared english-i english-ii source:netem-2024 category:自然环境,2635
spoil,spɒil,n.,破坏,,,kaoyan-shared english-i english-ii source:netem-2024 category:动作行为 category:其他动作,2636
companion,kәm'pænjәn,n.,陪伴,,,kaoyan-shared english-i english-ii source:netem-2024 category:人类与社会,2637
quarrel,'kwɒrәl,n.,争吵,,,kaoyan-shared english-i english-ii source:netem-2024 category:动作行为 category:社交交互,2638
sorry,'sɒri,adj.,抱歉,,,kaoyan-shared english-i english-ii source:netem-2024 category:情感心理,2639
bureau,'bjuәrәu,n.,办事处,,,kaoyan-shared english-i english-ii source:netem-2024 category:商业经济,2640
heritage,'heritidʒ,n.,遗产,,,kaoyan-shared english-i english-ii source:netem-2024 category:文化宗教,2641
mask,mæsk,n.,面具,,,kaoyan-shared english-i english-ii source:netem-2024 category:交通旅行,2642
coat,kәut,n.,外套,,,kaoyan-shared english-i english-ii source:netem-2024 category:交通旅行,2643
countryside,'kʌntrisaid,n.,农村,,,kaoyan-shared english-i english-ii source:netem-2024 category:自然环境,2644
dynamic,dai'næmik,adj.,动力、动态的,,,kaoyan-shared english-i english-ii source:netem-2024 category:抽象概念 category:性质与评价,2645
format,'fɒ:mæt,n.,版式、设计,,,kaoyan-shared english-i english-ii source:netem-2024 category:科学技术,2646
secondary,'sekәndәri,adj.,次要的,,,kaoyan-shared english-i english-ii source:netem-2024 category:教育学习,2647
coin,kɒin,n.,硬币,,,kaoyan-shared english-i english-ii source:netem-2024 category:商业经济,2648
deposit,di'pɒzit,n.,存款,,,kaoyan-shared english-i english-ii source:netem-2024 category:商业经济,2649
install,in'stɒ:l,vt.,安装,,,kaoyan-shared english-i english-ii source:netem-2024 category:动作行为 category:身体动作,2650
tremendous,tri'mendәs,adj.,巨大的,,,kaoyan-shared english-i english-ii source:netem-2024 category:抽象概念 category:数量与程度,2651
voluntary,'vɒlәntәri,adj.,自愿的,,,kaoyan-shared english-i english-ii source:netem-2024 category:情感心理,2652
accuracy,'ækjurәsi,n.,精确度,,,kaoyan-shared english-i english-ii source:netem-2024 category:抽象概念 category:认知与抽象名词,2653
silver,'silvә,n.,银,,,kaoyan-shared english-i english-ii source:netem-2024 category:商业经济,2654
shame,ʃeim,n.,羞愧,,,kaoyan-shared english-i english-ii source:netem-2024 category:情感心理,2655
patience,'peiʃәns,n.,耐心,,,kaoyan-shared english-i english-ii source:netem-2024 category:情感心理,2656
ambiguous,æm'bigjuәs,adj.,模棱两可的,,,kaoyan-shared english-i english-ii source:netem-2024 category:抽象概念 category:性质与评价,2657
suspicious,sә'spiʃәs,adj.,可疑的,,,kaoyan-shared english-i english-ii source:netem-2024 category:情感心理,2658
polite,pә'lait,adj.,礼貌的,,,kaoyan-shared english-i english-ii source:netem-2024 category:情感心理,2659
courage,'kʌridʒ,n.,勇气,,,kaoyan-shared english-i english-ii source:netem-2024 category:情感心理,2660
noble,'nәubl,n.,贵族的,,,kaoyan-shared english-i english-ii source:netem-2024 category:情感心理,2661
suspend,sә'spend,vt.,暂停,,,kaoyan-shared english-i english-ii source:netem-2024 category:动作行为 category:身体动作,2662
undermine,.ʌndә'main,vt.,逐渐削弱,,,kaoyan-shared english-i english-ii source:netem-2024 category:动作行为 category:使动与影响,2663
deliberate,di'libәrәt,adj.,深思熟虑的、故意的,,,kaoyan-shared english-i english-ii source:netem-2024 category:动作行为 category:其他动作,2664
operator,'ɒpәreitә,n.,操作人员,,,kaoyan-shared english-i english-ii source:netem-2024 category:职业工作,2665
substitute,'sʌbstitju:t,n.,代替,,,kaoyan-shared english-i english-ii source:netem-2024 category:动作行为 category:身体动作,2666
fare,fєә,n.,车费,,,kaoyan-shared english-i english-ii source:netem-2024 category:商业经济,2667
pollute,pә'lu:t,vt.,污染,,,kaoyan-shared english-i english-ii source:netem-2024 category:自然环境,2668
prominent,'prɒminәnt,adj.,突出的,,,kaoyan-shared english-i english-ii source:netem-2024 category:抽象概念 category:性质与评价,2669
thick,θik,adj.,厚的,,,kaoyan-shared english-i english-ii source:netem-2024 category:抽象概念 category:性质与评价,2670
enrich,in'ritʃ,vt.,丰富,,,kaoyan-shared english-i english-ii source:netem-2024 category:动作行为 category:使动与影响,2671
guy,gai,n.,家伙,,,kaoyan-shared english-i english-ii source:netem-2024 category:人类与社会,2672
verbal,'vә:bl,adj.,语言的,,,kaoyan-shared english-i english-ii source:netem-2024 category:抽象概念 category:性质与评价,2673
behalf,bi'hɑ:f,n.,代表,,,kaoyan-shared english-i english-ii source:netem-2024 category:人类与社会,2674
tolerate,'tɒlәreit,vt.,容忍,,,kaoyan-shared english-i english-ii source:netem-2024 category:动作行为 category:其他动作,2675
peculiar,pi'kju:ljә,adj.,独特的、特殊的,,,kaoyan-shared english-i english-ii source:netem-2024 category:情感心理,2676
hemisphere,'hemisfiә,n.,半球,,,kaoyan-shared english-i english-ii source:netem-2024 category:自然环境,2677
pure,pjuә,adj.,纯粹的、纯的,,,kaoyan-shared english-i english-ii source:netem-2024 category:抽象概念 category:性质与评价,2678
outlook,'autluk,n.,前景,,,kaoyan-shared english-i english-ii source:netem-2024 category:情感心理,2679
rear,riә,n.,后方、培育,,,kaoyan-shared english-i english-ii source:netem-2024 category:人类与社会,2680
comparable,'kɒmpәrәbl,adj.,可比较的,,,kaoyan-shared english-i english-ii source:netem-2024 category:抽象概念 category:性质与评价,2681
cast,kɑ:st. kæst,n.,投射、铸造,,,kaoyan-shared english-i english-ii source:netem-2024 category:动作行为 category:身体动作,2682
mutual,'mju:tʃuәl,adj.,相互的,,,kaoyan-shared english-i english-ii source:netem-2024 category:抽象概念 category:性质与评价,2683
organisation,",ɔ: ^әnaizeiʃən; - ni'z-",n.,组织,,,kaoyan-shared english-i english-ii source:netem-2024 category:文化宗教,2684
row,rәu. rau,n.,行、排,,,kaoyan-shared english-i english-ii source:netem-2024 category:动作行为 category:其他动作,2685
cheer,tʃiә,n.,欢呼,,,kaoyan-shared english-i english-ii source:netem-2024 category:情感心理,2686
intensity,in'tensәti,n.,强度,,,kaoyan-shared english-i english-ii source:netem-2024 category:抽象概念 category:认知与抽象名词,2687
nurture,'nә:tʃә,n.,培育,,,kaoyan-shared english-i english-ii source:netem-2024 category:动作行为 category:使动与影响,2688
esteem,i'sti:m,n.,尊敬,,,kaoyan-shared english-i english-ii source:netem-2024 category:情感心理,2689
liberate,'libәreit,vt.,解放,,,kaoyan-shared english-i english-ii source:netem-2024 category:动作行为 category:其他动作,2690
tennis,'tenis,n.,网球,,,kaoyan-shared english-i english-ii source:netem-2024 category:运动娱乐,2691
acceptance,әk'septәns,n.,接受,,,kaoyan-shared english-i english-ii source:netem-2024 category:抽象概念 category:认知与抽象名词,2692
consensus,kәn'sensәs,n.,共识,,,kaoyan-shared english-i english-ii source:netem-2024 category:抽象概念 category:认知与抽象名词,2693
cotton,'kɒtn,n.,棉花,,,kaoyan-shared english-i english-ii source:netem-2024 category:交通旅行,2694
nerve,nә:v,n.,神经,,,kaoyan-shared english-i english-ii source:netem-2024 category:人类与社会,2695
persist,pә'sist,vi.,坚持,,,kaoyan-shared english-i english-ii source:netem-2024 category:动作行为 category:起始与终止,2696
undergo,.ʌndә'gәu,vt.,经历,,,kaoyan-shared english-i english-ii source:netem-2024 category:动作行为 category:其他动作,2697
wallet,'wɒlit,n.,钱包,,,kaoyan-shared english-i english-ii source:netem-2024 category:日常生活,2698
wash,wɒʃ,n.,洗,,,kaoyan-shared english-i english-ii source:netem-2024 category:动作行为 category:身体动作,2699
asleep,ә'sli:p,adj.,睡着,,,kaoyan-shared english-i english-ii source:netem-2024 category:健康医疗,2700
fate,feit,n.,命运,,,kaoyan-shared english-i english-ii source:netem-2024 category:抽象概念 category:认知与抽象名词,2701
chat,tʃæt,n.,聊天,,,kaoyan-shared english-i english-ii source:netem-2024 category:动作行为 category:社交交互,2702
forty,'fɒ:ti,num.,四十,,,kaoyan-shared english-i english-ii source:netem-2024 category:时间日期,2703
impressive,im'presiv,adj.,印象深刻的,,,kaoyan-shared english-i english-ii source:netem-2024 category:情感心理,2704
spur,spә:,n.,刺激、促进,,,kaoyan-shared english-i english-ii source:netem-2024 category:动作行为 category:使动与影响,2705
forbid,fә'bid,vt.,禁止,,,kaoyan-shared english-i english-ii source:netem-2024 category:动作行为 category:其他动作,2706
rational,'ræʃәnl,adj.,理性的,,,kaoyan-shared english-i english-ii source:netem-2024 category:抽象概念 category:性质与评价,2707
heel,hi:l,n.,脚后跟,,,kaoyan-shared english-i english-ii source:netem-2024 category:人类与社会,2708
desperate,'despәrәt,adj.,绝望的、不顾一切的,,,kaoyan-shared english-i english-ii source:netem-2024 category:情感心理,2709
twelve,twelv,num.,十二,,,kaoyan-shared english-i english-ii source:netem-2024 category:时间日期,2710
hesitate,'heziteit,vi.,犹豫,,,kaoyan-shared english-i english-ii source:netem-2024 category:动作行为 category:心理活动,2711
index,'indeks,n.,索引,,,kaoyan-shared english-i english-ii source:netem-2024 category:教育学习,2712
attain,ә'tein,vt.,达到、获得,,,kaoyan-shared english-i english-ii source:netem-2024 category:动作行为 category:起始与终止,2713
frighten,'fraitn,vt.,害怕、惊吓,,,kaoyan-shared english-i english-ii source:netem-2024 category:动作行为 category:使动与影响,2714
appoint,ә'pɒint,vt.,任命、安排、约定,,,kaoyan-shared english-i english-ii source:netem-2024 category:动作行为 category:社交交互,2715
drama,'drɑ:mә,n.,戏剧,,,kaoyan-shared english-i english-ii source:netem-2024 category:运动娱乐,2716
satisfactory,.sætis'fæktәri,adj.,令人满意的,,,kaoyan-shared english-i english-ii source:netem-2024 category:情感心理,2717
thesis,'θi:sis,n.,论文,,,kaoyan-shared english-i english-ii source:netem-2024 category:教育学习,2718
clue,klu:,n.,线索,,,kaoyan-shared english-i english-ii source:netem-2024 category:抽象概念 category:认知与抽象名词,2719
defeat,di'fi:t,n.,击败,,,kaoyan-shared english-i english-ii source:netem-2024 category:动作行为 category:身体动作,2720
oxygen,'ɒksәdʒәn,n.,氧,,,kaoyan-shared english-i english-ii source:netem-2024 category:科学技术,2721
ball,bɒ:l,n.,球,,,kaoyan-shared english-i english-ii source:netem-2024 category:运动娱乐,2722
exclusive,ik'sklu:siv,adj.,独有的,,,kaoyan-shared english-i english-ii source:netem-2024 category:抽象概念 category:性质与评价,2723
headache,'hedeik,n.,头痛,,,kaoyan-shared english-i english-ii source:netem-2024 category:健康医疗,2724
membership,'membәʃip,n.,会员,,,kaoyan-shared english-i english-ii source:netem-2024 category:抽象概念 category:认知与抽象名词,2725
twin,twin,n.,双胞胎,,,kaoyan-shared english-i english-ii source:netem-2024 category:人类与社会,2726
underground,'ʌndәgraund,n.,地下,,,kaoyan-shared english-i english-ii source:netem-2024 category:空间地点,2727
upward,'ʌpwәd,adj.,向上,,,kaoyan-shared english-i english-ii source:netem-2024 category:空间地点,2728
architect,'ɑ:kitekt,n.,建筑师,,,kaoyan-shared english-i english-ii source:netem-2024 category:职业工作,2729
consultant,kәn'sʌltәnt,n.,顾问,,,kaoyan-shared english-i english-ii source:netem-2024 category:职业工作,2730
elevate,'eliveit,vt.,举起、提拔,,,kaoyan-shared english-i english-ii source:netem-2024 category:动作行为 category:身体动作,2731
plunge,plʌndʒ,n.,陷入、暴跌,,,kaoyan-shared english-i english-ii source:netem-2024 category:动作行为 category:身体动作,2732
reception,ri'sepʃәn,n.,接待、招待会,,,kaoyan-shared english-i english-ii source:netem-2024 category:文化宗教,2733
boast,bәust,n.,自夸,,,kaoyan-shared english-i english-ii source:netem-2024 category:动作行为 category:其他动作,2734
sue,su:,vt.,起诉,,,kaoyan-shared english-i english-ii source:netem-2024 category:动作行为 category:身体动作,2735
tape,teip,n.,胶带,,,kaoyan-shared english-i english-ii source:netem-2024 category:日常生活,2736
opera,'ɒpәrә,n.,歌剧,,,kaoyan-shared english-i english-ii source:netem-2024 category:运动娱乐,2737
cathedral,kә'θi:drәl,n.,大教堂,,,kaoyan-shared english-i english-ii source:netem-2024 category:文化宗教,2738
greet,gri:t,vt.,打招呼,,,kaoyan-shared english-i english-ii source:netem-2024 category:动作行为 category:其他动作,2739
knock,nɒk,n.,敲,,,kaoyan-shared english-i english-ii source:netem-2024 category:动作行为 category:身体动作,2740
mortgage,'mɒ:gidʒ,n.,抵押,,,kaoyan-shared english-i english-ii source:netem-2024 category:商业经济,2741
rubbish,'rʌbiʃ,n.,垃圾,,,kaoyan-shared english-i english-ii source:netem-2024 category:日常生活,2742
stereotype,'stiәriәtaip,n.,刻板,,,kaoyan-shared english-i english-ii source:netem-2024 category:抽象概念 category:认知与抽象名词,2743
decent,'di:sәnt,adj.,体面的,,,kaoyan-shared english-i english-ii source:netem-2024 category:抽象概念 category:性质与评价,2744
seminar,'seminɑ:,n.,研讨会,,,kaoyan-shared english-i english-ii source:netem-2024 category:教育学习,2745
zero,'ziәrәu,n.,零,,,kaoyan-shared english-i english-ii source:netem-2024 category:时间日期,2746
adventure,әd'ventʃә,n.,冒险,,,kaoyan-shared english-i english-ii source:netem-2024 category:交通旅行,2747
affection,ә'fekʃәn,n.,喜爱、感情,,,kaoyan-shared english-i english-ii source:netem-2024 category:情感心理,2748
constitution,.kɒnsti'tju:ʃәn,n.,宪法,,,kaoyan-shared english-i english-ii source:netem-2024 category:政治法律,2749
definite,'definit,adj.,明确的,,,kaoyan-shared english-i english-ii source:netem-2024 category:抽象概念 category:性质与评价,2750
drift,drift,n.,漂移、漂流,,,kaoyan-shared english-i english-ii source:netem-2024 category:动作行为 category:身体动作,2751
endeavor,in'devә,n.,努力,,,kaoyan-shared english-i english-ii source:netem-2024 category:动作行为 category:其他动作,2752
enlarge,in'lɑ:dʒ,vt.,扩大,,,kaoyan-shared english-i english-ii source:netem-2024 category:动作行为 category:变化趋势,2753
mineral,'minәrәl,n.,矿物质,,,kaoyan-shared english-i english-ii source:netem-2024 category:自然环境,2754
annoy,ә'nɒi,vt.,令人厌烦的,,,kaoyan-shared english-i english-ii source:netem-2024 category:情感心理,2755
bush,buʃ,n.,灌木,,,kaoyan-shared english-i english-ii source:netem-2024 category:自然环境,2756
poem,'pәuim,n.,诗,,,kaoyan-shared english-i english-ii source:netem-2024 category:文化宗教,2757
scatter,'skætә,n.,分散、散布,,,kaoyan-shared english-i english-ii source:netem-2024 category:动作行为 category:变化趋势,2758
wipe,waip,n.,擦除,,,kaoyan-shared english-i english-ii source:netem-2024 category:动作行为 category:身体动作,2759
incredible,in'kredәbl,adj.,难以置信的,,,kaoyan-shared english-i english-ii source:netem-2024 category:抽象概念 category:性质与评价,2760
mechanic,mi'kænik,n.,技工,,,kaoyan-shared english-i english-ii source:netem-2024 category:职业工作,2761
enthusiastic,in.θju:zi'æstik,adj.,热情的,,,kaoyan-shared english-i english-ii source:netem-2024 category:情感心理,2762
flourish,'flʌriʃ,vi.,繁荣,,,kaoyan-shared english-i english-ii source:netem-2024 category:动作行为 category:其他动作,2763
inch,intʃ,n.,英寸,,,kaoyan-shared english-i english-ii source:netem-2024 category:科学技术,2764
lung,lʌŋ,n.,肺,,,kaoyan-shared english-i english-ii source:netem-2024 category:人类与社会,2765
frame,freim,n.,框架,,,kaoyan-shared english-i english-ii source:netem-2024 category:动作行为 category:使动与影响,2766
profile,'prәufail,n.,轮廓、简介,,,kaoyan-shared english-i english-ii source:netem-2024 category:人类与社会,2767
youngster,'jʌŋstә,n.,少年,,,kaoyan-shared english-i english-ii source:netem-2024 category:人类与社会,2768
brick,brik,n.,砖,,,kaoyan-shared english-i english-ii source:netem-2024 category:日常生活,2769
dictate,'dikteit,vi.,规定、口述,,,kaoyan-shared english-i english-ii source:netem-2024 category:动作行为 category:身体动作,2770
organ,'ɒ:gәn,n.,器官,,,kaoyan-shared english-i english-ii source:netem-2024 category:人类与社会,2771
piano,pi'ɑ:nәu,n.,钢琴,,,kaoyan-shared english-i english-ii source:netem-2024 category:运动娱乐,2772
twist,twist,n.,扭曲、捻,,,kaoyan-shared english-i english-ii source:netem-2024 category:动作行为 category:身体动作,2773
wherever,hwєәr'evә,adv.,无论在哪里,,,kaoyan-shared english-i english-ii source:netem-2024 category:空间地点,2774
gaze,geiz,n.,凝视,,,kaoyan-shared english-i english-ii source:netem-2024 category:动作行为 category:其他动作,2775
junior,'dʒu:njә,n.,年资较浅的,,,kaoyan-shared english-i english-ii source:netem-2024 category:教育学习,2776
subway,'sʌbwei,n.,地铁,,,kaoyan-shared english-i english-ii source:netem-2024 category:交通旅行,2777
pyramid,'pirәmid,n.,金字塔,,,kaoyan-shared english-i english-ii source:netem-2024 category:自然环境,2778
remedy,'remidi,n.,补救、治疗,,,kaoyan-shared english-i english-ii source:netem-2024 category:动作行为 category:身体动作,2779
mature,mә'tjuә,adj.,成熟的,,,kaoyan-shared english-i english-ii source:netem-2024 category:动作行为 category:使动与影响,2780
pump,pʌmp,n.,泵,,,kaoyan-shared english-i english-ii source:netem-2024 category:科学技术,2781
tropical,'trɒpikl,adj.,热带的,,,kaoyan-shared english-i english-ii source:netem-2024 category:自然环境,2782
chef,ʃef,n.,厨师,,,kaoyan-shared english-i english-ii source:netem-2024 category:职业工作,2783
junk,dʒʌŋk,n.,垃圾,,,kaoyan-shared english-i english-ii source:netem-2024 category:日常生活,2784
pack,pæk,n.,打包,,,kaoyan-shared english-i english-ii source:netem-2024 category:动作行为 category:身体动作,2785
interior,in'tiәriә,n.,内部,,,kaoyan-shared english-i english-ii source:netem-2024 category:空间地点,2786
liability,laiә'biliti,n.,责任,,,kaoyan-shared english-i english-ii source:netem-2024 category:商业经济,2787
bid,bid,n.,出价、投标,,,kaoyan-shared english-i english-ii source:netem-2024 category:动作行为 category:身体动作,2788
rude,ru:d,adj.,粗鲁的,,,kaoyan-shared english-i english-ii source:netem-2024 category:情感心理,2789
criterion,krai'tiәriәn,n.,标准,,,kaoyan-shared english-i english-ii source:netem-2024 category:抽象概念 category:认知与抽象名词,2790
gradual,'grædʒuәl,adj.,逐渐的,,,kaoyan-shared english-i english-ii source:netem-2024 category:时间日期,2791
objection,әb'dʒekʃәn,n.,反对,,,kaoyan-shared english-i english-ii source:netem-2024 category:情感心理,2792
surname,'sә:neim,n.,姓,,,kaoyan-shared english-i english-ii source:netem-2024 category:人类与社会,2793
activate,'æktiveit,vt.,激活,,,kaoyan-shared english-i english-ii source:netem-2024 category:动作行为 category:使动与影响,2794
lawsuit,'lɒ:sju:t,n.,诉讼,,,kaoyan-shared english-i english-ii source:netem-2024 category:政治法律,2795
outlet,'autlet,n.,出口,,,kaoyan-shared english-i english-ii source:netem-2024 category:空间地点,2796
tunnel,'tʌnl,n.,隧道,,,kaoyan-shared english-i english-ii source:netem-2024 category:交通旅行,2797
ignorant,'ignәrәnt,adj.,无知的,,,kaoyan-shared english-i english-ii source:netem-2024 category:情感心理,2798
squeeze,skwi:z,n.,挤压,,,kaoyan-shared english-i english-ii source:netem-2024 category:动作行为 category:身体动作,2799
click,klik,n.,点击,,,kaoyan-shared english-i english-ii source:netem-2024 category:动作行为 category:身体动作,2800
gentleman,'dʒentlmәn,n.,绅士,,,kaoyan-shared english-i english-ii source:netem-2024 category:人类与社会,2801
invisible,in'vizәbl,adj.,看不见的,,,kaoyan-shared english-i english-ii source:netem-2024 category:抽象概念 category:性质与评价,2802
retreat,ri'tri:t,n.,撤退,,,kaoyan-shared english-i english-ii source:netem-2024 category:动作行为 category:其他动作,2803
chemistry,'kemistri,n.,化学,,,kaoyan-shared english-i english-ii source:netem-2024 category:科学技术,2804
manipulate,mә'nipjuleit,vt.,操纵,,,kaoyan-shared english-i english-ii source:netem-2024 category:动作行为 category:使动与影响,2805
migrate,'maigreit,vi.,迁移,,,kaoyan-shared english-i english-ii source:netem-2024 category:动作行为 category:其他动作,2806
somebody,'sʌmbɒdi,n.,某人,,,kaoyan-shared english-i english-ii source:netem-2024 category:人类与社会,2807
clinic,'klinik,n.,诊所,,,kaoyan-shared english-i english-ii source:netem-2024 category:健康医疗,2808
dull,dʌl,adj.,枯燥的,,,kaoyan-shared english-i english-ii source:netem-2024 category:情感心理,2809
tight,tait,adj.,紧的,,,kaoyan-shared english-i english-ii source:netem-2024 category:抽象概念 category:性质与评价,2810
wonderful,'wʌndәful,adj.,精彩的,,,kaoyan-shared english-i english-ii source:netem-2024 category:情感心理,2811
accommodate,ә'kɒmәdeit,vt.,适应、容纳,,,kaoyan-shared english-i english-ii source:netem-2024 category:动作行为 category:身体动作,2812
destructive,di'strʌktiv,adj.,破坏性的,,,kaoyan-shared english-i english-ii source:netem-2024 category:抽象概念 category:性质与评价,2813
chase,tʃeis,n.,追逐,,,kaoyan-shared english-i english-ii source:netem-2024 category:动作行为 category:其他动作,2814
steep,sti:p,n.,陡峭的,,,kaoyan-shared english-i english-ii source:netem-2024 category:抽象概念 category:性质与评价,2815
deed,di:d,n.,行为、事迹,,,kaoyan-shared english-i english-ii source:netem-2024 category:动作行为 category:其他动作,2816
lightning,'laitniŋ,n.,闪电,,,kaoyan-shared english-i english-ii source:netem-2024 category:自然环境,2817
recreation,.rekri'eiʃәn,n.,娱乐,,,kaoyan-shared english-i english-ii source:netem-2024 category:运动娱乐,2818
refine,ri'fain,vt.,改进,,,kaoyan-shared english-i english-ii source:netem-2024 category:动作行为 category:身体动作,2819
stamp,stæmp,n.,邮票,,,kaoyan-shared english-i english-ii source:netem-2024 category:动作行为 category:身体动作,2820
prisoner,'priznә,n.,囚犯,,,kaoyan-shared english-i english-ii source:netem-2024 category:人类与社会,2821
salesman,'seilzmәn,n.,推销员,,,kaoyan-shared english-i english-ii source:netem-2024 category:职业工作,2822
summary,'sʌmәri,n.,摘要,,,kaoyan-shared english-i english-ii source:netem-2024 category:教育学习,2823
monopoly,mә'nɒpәli,n.,垄断,,,kaoyan-shared english-i english-ii source:netem-2024 category:商业经济,2824
dose,dәus,n.,剂量,,,kaoyan-shared english-i english-ii source:netem-2024 category:健康医疗,2825
gross,grәus,n.,总的,,,kaoyan-shared english-i english-ii source:netem-2024 category:抽象概念 category:性质与评价,2826
laughter,'lɑ:ftә,n.,笑声,,,kaoyan-shared english-i english-ii source:netem-2024 category:情感心理,2827
trail,treil,n.,小径、踪迹,,,kaoyan-shared english-i english-ii source:netem-2024 category:动作行为 category:身体动作,2828
discard,dis'kɑ:d,vt.,抛弃、丢弃,,,kaoyan-shared english-i english-ii source:netem-2024 category:动作行为 category:身体动作,2829
absolute,'æbsәlu:t,adj.,绝对的,,,kaoyan-shared english-i english-ii source:netem-2024 category:抽象概念 category:数量与程度,2830
classify,'klæsifai,vt.,分类,,,kaoyan-shared english-i english-ii source:netem-2024 category:动作行为 category:评价与判断,2831
festival,'festәvәl,adj.,节日,,,kaoyan-shared english-i english-ii source:netem-2024 category:文化宗教,2832
quest,kwest,n.,探索、寻求,,,kaoyan-shared english-i english-ii source:netem-2024 category:动作行为 category:其他动作,2833
conceive,kәn'si:v,vt.,怀孕、设想,,,kaoyan-shared english-i english-ii source:netem-2024 category:动作行为 category:心理活动,2834
underestimate,.ʌndәr'estimeit,n.,低估,,,kaoyan-shared english-i english-ii source:netem-2024 category:动作行为 category:身体动作,2835
bet,bet,n.,打赌,,,kaoyan-shared english-i english-ii source:netem-2024 category:动作行为 category:身体动作,2836
density,'densiti,n.,密度,,,kaoyan-shared english-i english-ii source:netem-2024 category:科学技术,2837
prescription,pri'skripʃәn,n.,处方,,,kaoyan-shared english-i english-ii source:netem-2024 category:健康医疗,2838
resistance,ri'zistәns,n.,抵抗,,,kaoyan-shared english-i english-ii source:netem-2024 category:科学技术,2839
sir,sә:,n.,先生,,,kaoyan-shared english-i english-ii source:netem-2024 category:人类与社会,2840
leap,li:p,n.,跳跃,,,kaoyan-shared english-i english-ii source:netem-2024 category:动作行为 category:身体动作,2841
reproduce,.ri:prә'dju:s,v.,复制,,,kaoyan-shared english-i english-ii source:netem-2024 category:动作行为 category:其他动作,2842
revolutionary,.revә'lu:ʃәnәri,n.,革命的,,,kaoyan-shared english-i english-ii source:netem-2024 category:政治法律,2843
shy,ʃai,n.,害羞地,,,kaoyan-shared english-i english-ii source:netem-2024 category:情感心理,2844
brush,brʌʃ,n.,刷子,,,kaoyan-shared english-i english-ii source:netem-2024 category:日常生活,2845
cinema,'sinәmә,n.,电影院,,,kaoyan-shared english-i english-ii source:netem-2024 category:运动娱乐,2846
essence,'esns,n.,本质,,,kaoyan-shared english-i english-ii source:netem-2024 category:抽象概念 category:认知与抽象名词,2847
gun,gʌn,n.,枪,,,kaoyan-shared english-i english-ii source:netem-2024 category:政治法律,2848
inhabitant,in'hæbitәnt,n.,居民,,,kaoyan-shared english-i english-ii source:netem-2024 category:人类与社会,2849
momentum,mәu'mentәm,n.,势头,,,kaoyan-shared english-i english-ii source:netem-2024 category:科学技术,2850
stare,stєә,vi.,盯着,,,kaoyan-shared english-i english-ii source:netem-2024 category:动作行为 category:身体动作,2851
wander,'wɒndә,vi.,游荡,,,kaoyan-shared english-i english-ii source:netem-2024 category:动作行为 category:起始与终止,2852
extraordinary,ik'strɒ:dәnәri,adj.,非凡的,,,kaoyan-shared english-i english-ii source:netem-2024 category:抽象概念 category:性质与评价,2853
polish,'pɒliʃ,adj.,擦亮,,,kaoyan-shared english-i english-ii source:netem-2024 category:动作行为 category:身体动作,2854
slight,slait,n.,轻微的,,,kaoyan-shared english-i english-ii source:netem-2024 category:抽象概念 category:性质与评价,2855
frank,fræŋk,adj.,坦白的、直率的,,,kaoyan-shared english-i english-ii source:netem-2024 category:情感心理,2856
misfortune,mis'fɒ:tʃәn,n.,不幸,,,kaoyan-shared english-i english-ii source:netem-2024 category:情感心理,2857
rob,rɒb,v.,抢劫,,,kaoyan-shared english-i english-ii source:netem-2024 category:动作行为 category:占有与转移,2858
surgeon,'sә:dʒәn,n.,外科医生,,,kaoyan-shared english-i english-ii source:netem-2024 category:职业工作,2859
transmission,træns'miʃәn,n.,传输,,,kaoyan-shared english-i english-ii source:netem-2024 category:科学技术,2860
orbit,'ɒ:bit,n.,轨道,,,kaoyan-shared english-i english-ii source:netem-2024 category:科学技术,2861
reservation,.rezә'veiʃәn,n.,预定,,,kaoyan-shared english-i english-ii source:netem-2024 category:抽象概念 category:认知与抽象名词,2862
brilliant,'briljәnt,adj.,闪亮的、聪明的、出色的,,,kaoyan-shared english-i english-ii source:netem-2024 category:情感心理,2863
gadget,'gædʒit,n.,小玩意儿,,,kaoyan-shared english-i english-ii source:netem-2024 category:科学技术,2864
playground,'pleigraund,n.,操场,,,kaoyan-shared english-i english-ii source:netem-2024 category:运动娱乐,2865
tenant,'tenәnt,n.,房客、租户,,,kaoyan-shared english-i english-ii source:netem-2024 category:人类与社会,2866
worthwhile,'wә:θ'hwail,adj.,值得的,,,kaoyan-shared english-i english-ii source:netem-2024 category:抽象概念 category:性质与评价,2867
assert,ә'sә:t,vt.,断言,,,kaoyan-shared english-i english-ii source:netem-2024 category:动作行为 category:社交交互,2868
mysterious,mis'tiәriәs,adj.,神秘的,,,kaoyan-shared english-i english-ii source:netem-2024 category:情感心理,2869
slice,slais,n.,部分、薄片,,,kaoyan-shared english-i english-ii source:netem-2024 category:日常生活,2870
basketball,'bɑ:skitbɒ:l,n.,篮球,,,kaoyan-shared english-i english-ii source:netem-2024 category:运动娱乐,2871
inherent,in'hiәrәnt,adj.,固有的,,,kaoyan-shared english-i english-ii source:netem-2024 category:抽象概念 category:性质与评价,2872
sixty,'siksti,num.,六十,,,kaoyan-shared english-i english-ii source:netem-2024 category:抽象概念 category:数量与程度,2873
headline,'hedlain,n.,头条新闻,,,kaoyan-shared english-i english-ii source:netem-2024 category:文化宗教,2874
specify,'spesifai,vt.,指定,,,kaoyan-shared english-i english-ii source:netem-2024 category:动作行为 category:社交交互,2875
tag,tæg,n.,标签,,,kaoyan-shared english-i english-ii source:netem-2024 category:日常生活,2876
margin,'mɑ:dʒin,n.,利润、边缘,,,kaoyan-shared english-i english-ii source:netem-2024 category:抽象概念 category:数量与程度,2877
extract,ik'strækt,n.,提取,,,kaoyan-shared english-i english-ii source:netem-2024 category:动作行为 category:身体动作,2878
agenda,ә'dʒendә,n.,议程、日程,,,kaoyan-shared english-i english-ii source:netem-2024 category:教育学习,2879
joke,dʒәuk,n.,笑话,,,kaoyan-shared english-i english-ii source:netem-2024 category:运动娱乐,2880
pessimistic,.pesi'mistik,adj.,悲观的,,,kaoyan-shared english-i english-ii source:netem-2024 category:情感心理,2881
tune,tju:n,n.,曲调,,,kaoyan-shared english-i english-ii source:netem-2024 category:动作行为 category:其他动作,2882
apology,ә'pɒlәdʒi,n.,道歉,,,kaoyan-shared english-i english-ii source:netem-2024 category:文化宗教,2883
loud,laud,adj.,大声的,,,kaoyan-shared english-i english-ii source:netem-2024 category:抽象概念 category:性质与评价,2884
portray,pɒ:'trei,vt.,描绘,,,kaoyan-shared english-i english-ii source:netem-2024 category:动作行为 category:身体动作,2885
burst,bә:st,n.,迸发、爆发,,,kaoyan-shared english-i english-ii source:netem-2024 category:动作行为 category:其他动作,2886
excitement,ik'saitmәnt,n.,兴奋,,,kaoyan-shared english-i english-ii source:netem-2024 category:情感心理,2887
geography,dʒi'ɒgrәfi,n.,地理,,,kaoyan-shared english-i english-ii source:netem-2024 category:科学技术,2888
prevalent,'prevәlәnt,adj.,普遍的,,,kaoyan-shared english-i english-ii source:netem-2024 category:抽象概念 category:性质与评价,2889
silence,'sailәns,n.,沉默,,,kaoyan-shared english-i english-ii source:netem-2024 category:情感心理,2890
theoretical,θiә'retikәl,adj.,理论上的,,,kaoyan-shared english-i english-ii source:netem-2024 category:抽象概念 category:性质与评价,2891
murder,'mә:dә,n.,谋杀,,,kaoyan-shared english-i english-ii source:netem-2024 category:动作行为 category:其他动作,2892
rigorous,'rigәrәs,adj.,严格的,,,kaoyan-shared english-i english-ii source:netem-2024 category:抽象概念 category:性质与评价,2893
waiter,'weitә,n.,服务员,,,kaoyan-shared english-i english-ii source:netem-2024 category:职业工作,2894
corn,kɒ:n,n.,玉米,,,kaoyan-shared english-i english-ii source:netem-2024 category:食物营养,2895
oneself,wʌn'self,pron.,自己,,,kaoyan-shared english-i english-ii source:netem-2024 category:人类与社会,2896
shadow,'ʃædәu,n.,阴影,,,kaoyan-shared english-i english-ii source:netem-2024 category:自然环境,2897
tongue,tʌŋ,n.,舌头,,,kaoyan-shared english-i english-ii source:netem-2024 category:人类与社会,2898
hobby,'hɒbi,n.,兴趣,,,kaoyan-shared english-i english-ii source:netem-2024 category:运动娱乐,2899
laptop,,n.,笔记本电脑,,,kaoyan-shared english-i english-ii source:netem-2024 category:科学技术,2900
potato,pә'teitәu,n.,马铃薯,,,kaoyan-shared english-i english-ii source:netem-2024 category:食物营养,2901
pretend,pri'tend,v.,假装,,,kaoyan-shared english-i english-ii source:netem-2024 category:动作行为 category:身体动作,2902
dine,dain,vi.,进餐,,,kaoyan-shared english-i english-ii source:netem-2024 category:食物营养,2903
pronunciation,prәu.nʌnsi'eiʃәn,n.,发音,,,kaoyan-shared english-i english-ii source:netem-2024 category:教育学习,2904
dissolve,di'zɒlv,v.,溶解,,,kaoyan-shared english-i english-ii source:netem-2024 category:动作行为 category:使动与影响,2905
speculate,'spekjuleit,vi.,推测,,,kaoyan-shared english-i english-ii source:netem-2024 category:动作行为 category:身体动作,2906
underlie,.ʌndә'lai,vt.,构成...的基础、在...之下,,,kaoyan-shared english-i english-ii source:netem-2024 category:动作行为 category:其他动作,2907
precede,.pri:'si:d,vt.,先于,,,kaoyan-shared english-i english-ii source:netem-2024 category:动作行为 category:其他动作,2908
quota,'kwәutә,n.,配额,,,kaoyan-shared english-i english-ii source:netem-2024 category:商业经济,2909
surplus,'sә:plәs,n.,盈余、过剩,,,kaoyan-shared english-i english-ii source:netem-2024 category:商业经济,2910
drastic,'dræstik,adj.,激烈的,,,kaoyan-shared english-i english-ii source:netem-2024 category:抽象概念 category:性质与评价,2911
lest,lest,conj.,以免,,,kaoyan-shared english-i english-ii source:netem-2024 category:抽象概念 category:逻辑与关系,2912
supervise,'sju:pәvaiz,v.,监督,,,kaoyan-shared english-i english-ii source:netem-2024 category:动作行为 category:社交交互,2913
liable,'laiәbl,adj.,有义务的,,,kaoyan-shared english-i english-ii source:netem-2024 category:抽象概念 category:性质与评价,2914
senator,'senәtә,n.,参议员,,,kaoyan-shared english-i english-ii source:netem-2024 category:政治法律,2915
abolish,ә'bɒliʃ,vt.,废除,,,kaoyan-shared english-i english-ii source:netem-2024 category:政治法律,2916
foresee,fɒ:'si:,vt.,预见,,,kaoyan-shared english-i english-ii source:netem-2024 category:动作行为 category:其他动作,2917
hardship,'hɑ:dʃip,n.,艰难,,,kaoyan-shared english-i english-ii source:netem-2024 category:抽象概念 category:认知与抽象名词,2918
hormone,'hɒ:mәun,n.,激素,,,kaoyan-shared english-i english-ii source:netem-2024 category:健康医疗,2919
recipient,ri'sipiәnt,adj.,接受者,,,kaoyan-shared english-i english-ii source:netem-2024 category:人类与社会,2920
suspicion,sә'spiʃәn,n.,怀疑,,,kaoyan-shared english-i english-ii source:netem-2024 category:情感心理,2921
lag,læg,n.,落后,,,kaoyan-shared english-i english-ii source:netem-2024 category:动作行为 category:身体动作,2922
hypothesis,hai'pɒθәsis,n.,假设,,,kaoyan-shared english-i english-ii source:netem-2024 category:抽象概念 category:认知与抽象名词,2923
revive,ri'vaiv,vt.,复苏、唤醒,,,kaoyan-shared english-i english-ii source:netem-2024 category:动作行为 category:使动与影响,2924
undertake,.ʌndә'teik,vt.,承担,,,kaoyan-shared english-i english-ii source:netem-2024 category:动作行为 category:身体动作,2925
deficiency,di'fiʃәnsi,n.,不足、缺乏,,,kaoyan-shared english-i english-ii source:netem-2024 category:抽象概念 category:认知与抽象名词,2926
enrol,in'rәul,vt.,登记,,,kaoyan-shared english-i english-ii source:netem-2024 category:动作行为 category:其他动作,2927
peaceful,'pi:sful,adj.,和平的,,,kaoyan-shared english-i english-ii source:netem-2024 category:政治法律,2928
realise,"'riәlaiz,'ri:-",vt.,认识到、体会到,,,kaoyan-shared english-i english-ii source:netem-2024 category:动作行为 category:其他动作,2929
resemble,ri'zembl,vt.,像,,,kaoyan-shared english-i english-ii source:netem-2024 category:动作行为 category:其他动作,2930
spiritual,'spiritʃuәl,adj.,精神的,,,kaoyan-shared english-i english-ii source:netem-2024 category:文化宗教,2931
fortunate,'fɒ:tʃәnit,adj.,幸运的,,,kaoyan-shared english-i english-ii source:netem-2024 category:抽象概念 category:性质与评价,2932
mild,maild,adj.,温和的,,,kaoyan-shared english-i english-ii source:netem-2024 category:情感心理,2933
temptation,temp'teiʃәn,n.,诱惑,,,kaoyan-shared english-i english-ii source:netem-2024 category:情感心理,2934
wine,wain,n.,酒,,,kaoyan-shared english-i english-ii source:netem-2024 category:食物营养,2935
cater,'keitә,v.,迎合,,,kaoyan-shared english-i english-ii source:netem-2024 category:动作行为 category:身体动作,2936
donate,'dәuneit,v.,捐赠,,,kaoyan-shared english-i english-ii source:netem-2024 category:动作行为 category:占有与转移,2937
grave,greiv,n.,坟墓,,,kaoyan-shared english-i english-ii source:netem-2024 category:政治法律,2938
historic,hi'stɒrik,adj.,有历史意义的,,,kaoyan-shared english-i english-ii source:netem-2024 category:时间日期,2939
incorporate,in'kɒ:pәreit,adj.,合并,,,kaoyan-shared english-i english-ii source:netem-2024 category:动作行为 category:变化趋势,2940
physicist,'fizisist,n.,物理学家,,,kaoyan-shared english-i english-ii source:netem-2024 category:科学技术,2941
prey,prei,n.,猎物、捕食,,,kaoyan-shared english-i english-ii source:netem-2024 category:动作行为 category:身体动作,2942
stupid,'stju:pid,adj.,愚蠢,,,kaoyan-shared english-i english-ii source:netem-2024 category:情感心理,2943
toxic,'tɒksik,adj.,有毒的,,,kaoyan-shared english-i english-ii source:netem-2024 category:健康医疗,2944
collar,'kɒlә,n.,衣领,,,kaoyan-shared english-i english-ii source:netem-2024 category:交通旅行,2945
plot,plɒt,n.,情节,,,kaoyan-shared english-i english-ii source:netem-2024 category:动作行为 category:心理活动,2946
rainbow,'reinbәu,n.,彩虹,,,kaoyan-shared english-i english-ii source:netem-2024 category:自然环境,2947
sheer,ʃiә,adj.,纯然的、陡峭的,,,kaoyan-shared english-i english-ii source:netem-2024 category:抽象概念 category:性质与评价,2948
sing,siŋ,vi.,唱歌,,,kaoyan-shared english-i english-ii source:netem-2024 category:运动娱乐,2949
soar,sɒ:,n.,翱翔、高飞,,,kaoyan-shared english-i english-ii source:netem-2024 category:动作行为 category:其他动作,2950
studio,'stju:diәu,n.,工作室,,,kaoyan-shared english-i english-ii source:netem-2024 category:运动娱乐,2951
halt,hɒ:lt,n.,停止,,,kaoyan-shared english-i english-ii source:netem-2024 category:动作行为 category:使动与影响,2952
nursery,'nә:sәri,n.,托儿所,,,kaoyan-shared english-i english-ii source:netem-2024 category:教育学习,2953
expedition,.ekspi'diʃәn,n.,探险队,,,kaoyan-shared english-i english-ii source:netem-2024 category:交通旅行,2954
outdoor,'autdɒ:,adj.,户外的,,,kaoyan-shared english-i english-ii source:netem-2024 category:日常生活,2955
circuit,'sә:kit,n.,电路,,,kaoyan-shared english-i english-ii source:netem-2024 category:科学技术,2956
simplify,'simplifai,vt.,简化,,,kaoyan-shared english-i english-ii source:netem-2024 category:动作行为 category:使动与影响,2957
cooperate,kәu'ɒpәreit,vi.,合作,,,kaoyan-shared english-i english-ii source:netem-2024 category:动作行为 category:社交交互,2958
volcano,vɒl'keinәu,n.,火山,,,kaoyan-shared english-i english-ii source:netem-2024 category:自然环境,2959
deem,di:m,v.,认为,,,kaoyan-shared english-i english-ii source:netem-2024 category:动作行为 category:心理活动,2960
nowhere,'nәuhwєә,adv.,无处,,,kaoyan-shared english-i english-ii source:netem-2024 category:空间地点,2961
contend,kәn'tend,vi.,竞争、争辩,,,kaoyan-shared english-i english-ii source:netem-2024 category:动作行为 category:心理活动,2962
delicate,'delikәt,adj.,易碎的、精致的,,,kaoyan-shared english-i english-ii source:netem-2024 category:抽象概念 category:性质与评价,2963
mathematical,.mæθә'mætikl,adj.,数学的,,,kaoyan-shared english-i english-ii source:netem-2024 category:科学技术,2964
outer,'autә,adj.,外面的,,,kaoyan-shared english-i english-ii source:netem-2024 category:空间地点,2965
allowance,ә'lauәns,n.,津贴,,,kaoyan-shared english-i english-ii source:netem-2024 category:商业经济,2966
skip,skip,n.,跳过,,,kaoyan-shared english-i english-ii source:netem-2024 category:动作行为 category:身体动作,2967
awkward,'ɒ:kwәd,adj.,笨拙的、令人尴尬的,,,kaoyan-shared english-i english-ii source:netem-2024 category:情感心理,2968
vague,veig,adj.,模糊地,,,kaoyan-shared english-i english-ii source:netem-2024 category:抽象概念 category:性质与评价,2969
cable,'keibl,n.,缆、电缆,,,kaoyan-shared english-i english-ii source:netem-2024 category:科学技术,2970
emit,i'mit,vt.,放射,,,kaoyan-shared english-i english-ii source:netem-2024 category:动作行为 category:身体动作,2971
manual,'mænjuәl,n.,手册,,,kaoyan-shared english-i english-ii source:netem-2024 category:科学技术,2972
prescribe,pris'kraib,v.,开处方,,,kaoyan-shared english-i english-ii source:netem-2024 category:动作行为 category:社交交互,2973
shell,ʃel,n.,壳,,,kaoyan-shared english-i english-ii source:netem-2024 category:自然环境,2974
tale,teil,n.,故事,,,kaoyan-shared english-i english-ii source:netem-2024 category:文化宗教,2975
bell,bel,n.,钟、铃,,,kaoyan-shared english-i english-ii source:netem-2024 category:日常生活,2976
competent,'kɒmpitәnt,adj.,有能力的,,,kaoyan-shared english-i english-ii source:netem-2024 category:抽象概念 category:性质与评价,2977
hat,hæt,n.,帽子,,,kaoyan-shared english-i english-ii source:netem-2024 category:交通旅行,2978
prestige,pre'sti:ʒ,n.,声望,,,kaoyan-shared english-i english-ii source:netem-2024 category:抽象概念 category:性质与评价,2979
silly,'sili,adj.,愚蠢的,,,kaoyan-shared english-i english-ii source:netem-2024 category:情感心理,2980
split,split,n.,分开、划分,,,kaoyan-shared english-i english-ii source:netem-2024 category:动作行为 category:变化趋势,2981
tailor,'teilә,n.,裁缝,,,kaoyan-shared english-i english-ii source:netem-2024 category:职业工作,2982
indoor,'indɒ:,adj.,室内的,,,kaoyan-shared english-i english-ii source:netem-2024 category:日常生活,2983
offend,ә'fend,v.,冒犯,,,kaoyan-shared english-i english-ii source:netem-2024 category:动作行为 category:使动与影响,2984
publicity,pʌb'lisiti,n.,宣传,,,kaoyan-shared english-i english-ii source:netem-2024 category:文化宗教,2985
refrain,ri'frein,n.,避免、克制,,,kaoyan-shared english-i english-ii source:netem-2024 category:动作行为 category:社交交互,2986
cherish,'tʃeriʃ,vt.,珍爱,,,kaoyan-shared english-i english-ii source:netem-2024 category:动作行为 category:身体动作,2987
descend,di'send,vi.,下降,,,kaoyan-shared english-i english-ii source:netem-2024 category:动作行为 category:变化趋势,2988
entity,'entiti,n.,实体,,,kaoyan-shared english-i english-ii source:netem-2024 category:抽象概念 category:认知与抽象名词,2989
occasional,ә'keiʒәnl,adj.,偶然的,,,kaoyan-shared english-i english-ii source:netem-2024 category:时间日期,2990
fourteen,'fɒ:'ti:n,num.,十四,,,kaoyan-shared english-i english-ii source:netem-2024 category:时间日期,2991
fry,frai,n.,油炸,,,kaoyan-shared english-i english-ii source:netem-2024 category:食物营养,2992
syndrome,'sindrәum,n.,综合症,,,kaoyan-shared english-i english-ii source:netem-2024 category:健康医疗,2993
whale,hweil,n.,鲸,,,kaoyan-shared english-i english-ii source:netem-2024 category:自然环境,2994
pencil,'pensl,n.,铅笔,,,kaoyan-shared english-i english-ii source:netem-2024 category:教育学习,2995
spy,spai,n.,监视、间谍,,,kaoyan-shared english-i english-ii source:netem-2024 category:职业工作,2996
cease,si:s,n.,停止,,,kaoyan-shared english-i english-ii source:netem-2024 category:动作行为 category:起始与终止,2997
fold,fәuld,n.,折叠,,,kaoyan-shared english-i english-ii source:netem-2024 category:动作行为 category:身体动作,2998
beam,bi:m,n.,光线、发射,,,kaoyan-shared english-i english-ii source:netem-2024 category:科学技术,2999
charter,'tʃɑ:tә,n.,宪章,,,kaoyan-shared english-i english-ii source:netem-2024 category:政治法律,3000
correlate,'kɒrәleit,n.,关联,,,kaoyan-shared english-i english-ii source:netem-2024 category:动作行为 category:其他动作,3001
departure,di'pɑ:tʃә,n.,离开,,,kaoyan-shared english-i english-ii source:netem-2024 category:时间日期,3002
float,flәut,n.,漂浮,,,kaoyan-shared english-i english-ii source:netem-2024 category:动作行为 category:身体动作,3003
array,ә'rei,n.,系列、序列,,,kaoyan-shared english-i english-ii source:netem-2024 category:抽象概念 category:数量与程度,3004
engagement,in'geidʒdmәnt,n.,订婚,,,kaoyan-shared english-i english-ii source:netem-2024 category:文化宗教,3005
fertile,'fә:tail,adj.,肥沃的,,,kaoyan-shared english-i english-ii source:netem-2024 category:自然环境,3006
fool,fu:l,n.,傻瓜,,,kaoyan-shared english-i english-ii source:netem-2024 category:情感心理,3007
rocket,'rɒkit,n.,火箭,,,kaoyan-shared english-i english-ii source:netem-2024 category:科学技术,3008
alien,'eiljәn,n.,外星人,,,kaoyan-shared english-i english-ii source:netem-2024 category:人类与社会,3009
devise,di'vaiz,vt.,设计,,,kaoyan-shared english-i english-ii source:netem-2024 category:动作行为 category:心理活动,3010
exaggerate,ig'zædʒәreit,v.,夸大,,,kaoyan-shared english-i english-ii source:netem-2024 category:动作行为 category:其他动作,3011
inherit,in'herit,vt.,继承,,,kaoyan-shared english-i english-ii source:netem-2024 category:动作行为 category:占有与转移,3012
intimate,'intimәt,adj.,亲密的,,,kaoyan-shared english-i english-ii source:netem-2024 category:情感心理,3013
opt,ɒpt,vi.,选择,,,kaoyan-shared english-i english-ii source:netem-2024 category:动作行为 category:评价与判断,3014
ours,'auәz,pron.,我们的,,,kaoyan-shared english-i english-ii source:netem-2024 category:人类与社会,3015
troop,tru:p,n.,军队,,,kaoyan-shared english-i english-ii source:netem-2024 category:政治法律,3016
dilemma,di'lemә,n.,困境,,,kaoyan-shared english-i english-ii source:netem-2024 category:抽象概念 category:认知与抽象名词,3017
spell,spel,n.,拼写、咒语,,,kaoyan-shared english-i english-ii source:netem-2024 category:动作行为 category:身体动作,3018
thrill,θril,n.,激动,,,kaoyan-shared english-i english-ii source:netem-2024 category:情感心理,3019
tribe,traib,n.,部落,,,kaoyan-shared english-i english-ii source:netem-2024 category:人类与社会,3020
blog,,n.,博客,,,kaoyan-shared english-i english-ii source:netem-2024 category:科学技术,3021
deadly,'dedli,adj.,致命的,,,kaoyan-shared english-i english-ii source:netem-2024 category:健康医疗,3022
favorable,'feivәrәbl,adj.,有利的,,,kaoyan-shared english-i english-ii source:netem-2024 category:抽象概念 category:性质与评价,3023
herd,hә:d,n.,群,,,kaoyan-shared english-i english-ii source:netem-2024 category:自然环境,3024
steam,sti:m,n.,蒸汽,,,kaoyan-shared english-i english-ii source:netem-2024 category:自然环境,3025
strip,strip,n.,脱衣、剥夺,,,kaoyan-shared english-i english-ii source:netem-2024 category:动作行为 category:其他动作,3026
diagnose,'daiәgnәuz,v.,判断,,,kaoyan-shared english-i english-ii source:netem-2024 category:健康医疗,3027
scratch,skrætʃ,n.,抓,,,kaoyan-shared english-i english-ii source:netem-2024 category:动作行为 category:身体动作,3028
wet,wet,n.,湿的,,,kaoyan-shared english-i english-ii source:netem-2024 category:自然环境,3029
dip,dip,v.,蘸,,,kaoyan-shared english-i english-ii source:netem-2024 category:动作行为 category:其他动作,3030
distress,di'stres,n.,忧虑、悲伤,,,kaoyan-shared english-i english-ii source:netem-2024 category:情感心理,3031
drill,dril,n.,练习,,,kaoyan-shared english-i english-ii source:netem-2024 category:动作行为 category:其他动作,3032
sculpture,'skʌlptʃә,n.,雕塑,,,kaoyan-shared english-i english-ii source:netem-2024 category:文化宗教,3033
warmth,wɒ:mθ,n.,温暖,,,kaoyan-shared english-i english-ii source:netem-2024 category:情感心理,3034
dump,dʌmp,n.,垃圾场、倾倒,,,kaoyan-shared english-i english-ii source:netem-2024 category:动作行为 category:身体动作,3035
resign,ri'zain,vt.,辞职,,,kaoyan-shared english-i english-ii source:netem-2024 category:动作行为 category:身体动作,3036
vigorous,'vigәrәs,adj.,充满力量的,,,kaoyan-shared english-i english-ii source:netem-2024 category:情感心理,3037
leaf,li:f,n.,叶子,,,kaoyan-shared english-i english-ii source:netem-2024 category:自然环境,3038
manifest,'mænifest,n.,显示、显然的,,,kaoyan-shared english-i english-ii source:netem-2024 category:动作行为 category:心理活动,3039
pen,pen,n.,钢笔,,,kaoyan-shared english-i english-ii source:netem-2024 category:教育学习,3040
alongside,ә'lɒŋ'said,adv.,在旁边,,,kaoyan-shared english-i english-ii source:netem-2024 category:空间地点,3041
bulk,bʌlk,n.,大部分、体积,,,kaoyan-shared english-i english-ii source:netem-2024 category:抽象概念 category:数量与程度,3042
dig,dig,vt.,挖,,,kaoyan-shared english-i english-ii source:netem-2024 category:动作行为 category:其他动作,3043
elect,i'lekt,n.,选举,,,kaoyan-shared english-i english-ii source:netem-2024 category:动作行为 category:身体动作,3044
funny,'fʌni,adj.,有趣的、滑稽的,,,kaoyan-shared english-i english-ii source:netem-2024 category:情感心理,3045
innocent,'inәsәnt,adj.,无辜的,,,kaoyan-shared english-i english-ii source:netem-2024 category:情感心理,3046
input,'input,n.,输入,,,kaoyan-shared english-i english-ii source:netem-2024 category:科学技术,3047
nonsense,'nɒnsәns,n.,胡说,,,kaoyan-shared english-i english-ii source:netem-2024 category:情感心理,3048
vivid,'vivid,adj.,生动的,,,kaoyan-shared english-i english-ii source:netem-2024 category:情感心理,3049
beef,bi:f,n.,牛肉,,,kaoyan-shared english-i english-ii source:netem-2024 category:食物营养,3050
excel,ik'sel,vt.,优于,,,kaoyan-shared english-i english-ii source:netem-2024 category:动作行为 category:其他动作,3051
nonetheless,",nʌnðә'les",conj.,然而,,,kaoyan-shared english-i english-ii source:netem-2024 category:抽象概念 category:逻辑与关系,3052
queue,kju:,n.,排队,,,kaoyan-shared english-i english-ii source:netem-2024 category:动作行为 category:起始与终止,3053
conquer,'kɒŋkә,vt.,征服,,,kaoyan-shared english-i english-ii source:netem-2024 category:动作行为 category:占有与转移,3054
contradict,.kɒntrә'dikt,vt.,反驳,,,kaoyan-shared english-i english-ii source:netem-2024 category:动作行为 category:身体动作,3055
leak,li:k,n.,泄露,,,kaoyan-shared english-i english-ii source:netem-2024 category:动作行为 category:其他动作,3056
seize,si:z,vt.,抓住,,,kaoyan-shared english-i english-ii source:netem-2024 category:动作行为 category:身体动作,3057
authentic,ɒ:'θentik,adj.,真实的、真正的,,,kaoyan-shared english-i english-ii source:netem-2024 category:抽象概念 category:性质与评价,3058
coordinate,kәu'ɒ:dineit,n.,协调、坐标,,,kaoyan-shared english-i english-ii source:netem-2024 category:动作行为 category:身体动作,3059
hip,hip,n.,髋,,,kaoyan-shared english-i english-ii source:netem-2024 category:人类与社会,3060
feasible,'fi:zәbl,adj.,可行的,,,kaoyan-shared english-i english-ii source:netem-2024 category:抽象概念 category:性质与评价,3061
gloomy,'glu:mi,adj.,阴暗的,,,kaoyan-shared english-i english-ii source:netem-2024 category:情感心理,3062
hint,hint,n.,暗示,,,kaoyan-shared english-i english-ii source:netem-2024 category:动作行为 category:身体动作,3063
illiterate,i'litәrәt,n.,文盲,,,kaoyan-shared english-i english-ii source:netem-2024 category:教育学习,3064
iron,'aiәn,n.,熨,,,kaoyan-shared english-i english-ii source:netem-2024 category:日常生活,3065
lip,lip,n.,嘴唇,,,kaoyan-shared english-i english-ii source:netem-2024 category:人类与社会,3066
painter,'peintә,n.,画家,,,kaoyan-shared english-i english-ii source:netem-2024 category:职业工作,3067
stir,stә:,n.,搅拌,,,kaoyan-shared english-i english-ii source:netem-2024 category:动作行为 category:身体动作,3068
bitter,'bitә,adj.,苦的,,,kaoyan-shared english-i english-ii source:netem-2024 category:食物营养,3069
digest,di'dʒest,n.,消化,,,kaoyan-shared english-i english-ii source:netem-2024 category:动作行为 category:心理活动,3070
exotic,ig'zɒtik,adj.,奇异的、外来的,,,kaoyan-shared english-i english-ii source:netem-2024 category:自然环境,3071
lazy,'leizi,adj.,懒惰的,,,kaoyan-shared english-i english-ii source:netem-2024 category:情感心理,3072
obey,ә'bei,vt.,遵守、服从,,,kaoyan-shared english-i english-ii source:netem-2024 category:动作行为 category:身体动作,3073
butter,'bʌtә,n.,黄油,,,kaoyan-shared english-i english-ii source:netem-2024 category:食物营养,3074
carpet,'kɑ:pit,n.,地毯,,,kaoyan-shared english-i english-ii source:netem-2024 category:日常生活,3075
civilian,si'viljәn,n.,平民,,,kaoyan-shared english-i english-ii source:netem-2024 category:人类与社会,3076
pin,pin,n.,别针、固定,,,kaoyan-shared english-i english-ii source:netem-2024 category:日常生活,3077
yellow,'jelәu,n.,黄色,,,kaoyan-shared english-i english-ii source:netem-2024 category:交通旅行,3078
pie,pai,n.,馅饼,,,kaoyan-shared english-i english-ii source:netem-2024 category:食物营养,3079
retrieve,ri'tri:v,vt.,取回、恢复,,,kaoyan-shared english-i english-ii source:netem-2024 category:动作行为 category:起始与终止,3080
romance,rәu'mæns,n.,浪漫、冒险故事,,,kaoyan-shared english-i english-ii source:netem-2024 category:文化宗教,3081
workshop,'wә:kʃɒp,n.,车间,,,kaoyan-shared english-i english-ii source:netem-2024 category:日常生活,3082
cap,kæp,n.,帽子,,,kaoyan-shared english-i english-ii source:netem-2024 category:交通旅行,3083
likewise,'laikwaiz,adv.,同样地,,,kaoyan-shared english-i english-ii source:netem-2024 category:抽象概念 category:逻辑与关系,3084
contempt,kәn'tempt,n.,轻蔑,,,kaoyan-shared english-i english-ii source:netem-2024 category:情感心理,3085
queen,'kwi:n,n.,女王,,,kaoyan-shared english-i english-ii source:netem-2024 category:人类与社会,3086
jet,dʒet,n.,喷射、喷气式飞机,,,kaoyan-shared english-i english-ii source:netem-2024 category:交通旅行,3087
acquaintance,ә'kweintәns,n.,相识的人,,,kaoyan-shared english-i english-ii source:netem-2024 category:人类与社会,3088
bay,bei,n.,海湾,,,kaoyan-shared english-i english-ii source:netem-2024 category:自然环境,3089
bite,bait,n.,咬,,,kaoyan-shared english-i english-ii source:netem-2024 category:动作行为 category:身体动作,3090
depict,di'pikt,vt.,描述、描绘,,,kaoyan-shared english-i english-ii source:netem-2024 category:动作行为 category:身体动作,3091
dimension,dai'menʃәn,n.,维度,,,kaoyan-shared english-i english-ii source:netem-2024 category:科学技术,3092
precision,pri'siʒәn,n.,精确,,,kaoyan-shared english-i english-ii source:netem-2024 category:抽象概念 category:认知与抽象名词,3093
shore,ʃɒ:,n.,岸上,,,kaoyan-shared english-i english-ii source:netem-2024 category:自然环境,3094
superficial,.sju:pә'fiʃәl,n.,肤浅的,,,kaoyan-shared english-i english-ii source:netem-2024 category:情感心理,3095
unity,'ju:niti,n.,统一,,,kaoyan-shared english-i english-ii source:netem-2024 category:抽象概念 category:认知与抽象名词,3096
furnish,'fә:niʃ,vt.,提供,,,kaoyan-shared english-i english-ii source:netem-2024 category:动作行为 category:身体动作,3097
palace,'pælis,n.,宫殿,,,kaoyan-shared english-i english-ii source:netem-2024 category:空间地点,3098
provoke,prә'vәuk,vt.,激怒,,,kaoyan-shared english-i english-ii source:netem-2024 category:动作行为 category:使动与影响,3099
grateful,'greitful,adj.,感激的,,,kaoyan-shared english-i english-ii source:netem-2024 category:情感心理,3100
setting,'setiŋ,n.,环境、背景,,,kaoyan-shared english-i english-ii source:netem-2024 category:空间地点,3101
amuse,ә'mju:z,vt.,娱乐,,,kaoyan-shared english-i english-ii source:netem-2024 category:动作行为 category:身体动作,3102
anybody,'enibɒdi,pron.,任何人,,,kaoyan-shared english-i english-ii source:netem-2024 category:人类与社会,3103
cart,kɑ:t,n.,手推车,,,kaoyan-shared english-i english-ii source:netem-2024 category:交通旅行,3104
comply,kәm'plai,vi.,顺从,,,kaoyan-shared english-i english-ii source:netem-2024 category:动作行为 category:其他动作,3105
demographic,.demә'græfik,adj.,人口的,,,kaoyan-shared english-i english-ii source:netem-2024 category:抽象概念 category:性质与评价,3106
imitation,.imi'teiʃәn,n.,模仿,,,kaoyan-shared english-i english-ii source:netem-2024 category:动作行为 category:身体动作,3107
incidence,'insidәns,n.,发生率,,,kaoyan-shared english-i english-ii source:netem-2024 category:抽象概念 category:认知与抽象名词,3108
invitation,.invi'teiʃәn,n.,邀请,,,kaoyan-shared english-i english-ii source:netem-2024 category:情感心理,3109
mill,mil,n.,磨,,,kaoyan-shared english-i english-ii source:netem-2024 category:商业经济,3110
super,'sju:pә,n.,极好的,,,kaoyan-shared english-i english-ii source:netem-2024 category:抽象概念 category:性质与评价,3111
cake,keik,n.,蛋糕,,,kaoyan-shared english-i english-ii source:netem-2024 category:食物营养,3112
stroke,strәuk,n.,中风,,,kaoyan-shared english-i english-ii source:netem-2024 category:动作行为 category:身体动作,3113
surge,sә:dʒ,n.,激增,,,kaoyan-shared english-i english-ii source:netem-2024 category:动作行为 category:变化趋势,3114
testify,'testifai,v.,作证,,,kaoyan-shared english-i english-ii source:netem-2024 category:动作行为 category:社交交互,3115
cow,kau,n.,母牛,,,kaoyan-shared english-i english-ii source:netem-2024 category:自然环境,3116
linger,'liŋgә,vi.,徘徊、逗留,,,kaoyan-shared english-i english-ii source:netem-2024 category:动作行为 category:身体动作,3117
alleviate,ә'li:vieit,vt.,减轻,,,kaoyan-shared english-i english-ii source:netem-2024 category:动作行为 category:其他动作,3118
downtown,'daun'taun,n.,市中心,,,kaoyan-shared english-i english-ii source:netem-2024 category:空间地点,3119
hurricane,'hә:rikәn,n.,飓风,,,kaoyan-shared english-i english-ii source:netem-2024 category:自然环境,3120
patch,pætʃ,n.,补丁、修补,,,kaoyan-shared english-i english-ii source:netem-2024 category:日常生活,3121
tea,ti:,n.,茶,,,kaoyan-shared english-i english-ii source:netem-2024 category:食物营养,3122
misery,'mizәri,n.,痛苦,,,kaoyan-shared english-i english-ii source:netem-2024 category:情感心理,3123
lord,lɒ:d,n.,主,,,kaoyan-shared english-i english-ii source:netem-2024 category:政治法律,3124
rage,reidʒ,n.,大怒、狂怒,,,kaoyan-shared english-i english-ii source:netem-2024 category:情感心理,3125
elegant,'eligәnt,adj.,优雅的,,,kaoyan-shared english-i english-ii source:netem-2024 category:情感心理,3126
flaw,flɒ:,n.,缺陷,,,kaoyan-shared english-i english-ii source:netem-2024 category:抽象概念 category:认知与抽象名词,3127
formulate,'fɒ:mjuleit,vt.,规划、制订,,,kaoyan-shared english-i english-ii source:netem-2024 category:动作行为 category:评价与判断,3128
moderate,'mɒdәrәt,adj.,温和的、适度的,,,kaoyan-shared english-i english-ii source:netem-2024 category:抽象概念 category:性质与评价,3129
reliance,ri'laiәns,n.,信赖,,,kaoyan-shared english-i english-ii source:netem-2024 category:情感心理,3130
tide,taid,n.,潮水、潮流,,,kaoyan-shared english-i english-ii source:netem-2024 category:自然环境,3131
pledge,pledʒ,n.,保证、誓言,,,kaoyan-shared english-i english-ii source:netem-2024 category:动作行为 category:社交交互,3132
snap,snæp,vt.,猛咬、拍摄、突然的,,,kaoyan-shared english-i english-ii source:netem-2024 category:动作行为 category:使动与影响,3133
undoubtedly,ʌn'dajtidli,adv.,无疑地,,,kaoyan-shared english-i english-ii source:netem-2024 category:抽象概念 category:数量与程度,3134
visa,'vi:zә,n.,签证,,,kaoyan-shared english-i english-ii source:netem-2024 category:交通旅行,3135
wing,wiŋ,n.,翼,,,kaoyan-shared english-i english-ii source:netem-2024 category:自然环境,3136
commute,kә'mju:t,vt.,通勤,,,kaoyan-shared english-i english-ii source:netem-2024 category:动作行为 category:其他动作,3137
dare,dєә,n.,敢,,,kaoyan-shared english-i english-ii source:netem-2024 category:动作行为 category:社交交互,3138
energetic,.enә'dʒetik,adj.,精力旺盛的、能量的,,,kaoyan-shared english-i english-ii source:netem-2024 category:抽象概念 category:性质与评价,3139
flag,flæg,n.,旗,,,kaoyan-shared english-i english-ii source:netem-2024 category:日常生活,3140
frontier,'frʌntjә,n.,边境、边界,,,kaoyan-shared english-i english-ii source:netem-2024 category:空间地点,3141
illusion,i'lju:ʒәn,n.,错觉,,,kaoyan-shared english-i english-ii source:netem-2024 category:情感心理,3142
slogan,'slәugәn,n.,口号,,,kaoyan-shared english-i english-ii source:netem-2024 category:文化宗教,3143
vessel,'vesl,n.,船,,,kaoyan-shared english-i english-ii source:netem-2024 category:交通旅行,3144
compute,kәm'pju:t,v.,估计,,,kaoyan-shared english-i english-ii source:netem-2024 category:动作行为 category:其他动作,3145
episode,'episәud,n.,情节,,,kaoyan-shared english-i english-ii source:netem-2024 category:运动娱乐,3146
indication,.indi'keiʃәn,n.,迹象、指示,,,kaoyan-shared english-i english-ii source:netem-2024 category:抽象概念 category:认知与抽象名词,3147
starve,stɑ:v,v.,挨饿,,,kaoyan-shared english-i english-ii source:netem-2024 category:动作行为 category:使动与影响,3148
steer,stiә,vt.,引导、驾驶,,,kaoyan-shared english-i english-ii source:netem-2024 category:动作行为 category:身体动作,3149
superiority,sju:.piәri'ɒriti,n.,优势,,,kaoyan-shared english-i english-ii source:netem-2024 category:抽象概念 category:认知与抽象名词,3150
tempt,tempt,vt.,引诱、吸引,,,kaoyan-shared english-i english-ii source:netem-2024 category:动作行为 category:身体动作,3151
beside,bi'said,prep.,在…旁边,,,kaoyan-shared english-i english-ii source:netem-2024 category:空间地点,3152
decisive,di'saisiv,adj.,决定性的,,,kaoyan-shared english-i english-ii source:netem-2024 category:抽象概念 category:性质与评价,3153
occurrence,ә'kʌrәns,n.,发生,,,kaoyan-shared english-i english-ii source:netem-2024 category:抽象概念 category:认知与抽象名词,3154
refrigerator,ri'fridʒәreitә,n.,冰箱,,,kaoyan-shared english-i english-ii source:netem-2024 category:日常生活,3155
seemingly,'si:miŋli,adv.,表面上,,,kaoyan-shared english-i english-ii source:netem-2024 category:抽象概念 category:数量与程度,3156
spectator,spek'teitә,n.,观众,,,kaoyan-shared english-i english-ii source:netem-2024 category:人类与社会,3157
trivial,'tiviәl,adj.,琐碎的,,,kaoyan-shared english-i english-ii source:netem-2024 category:抽象概念 category:性质与评价,3158
awake,ә'weik,adj.,醒着的、醒来,,,kaoyan-shared english-i english-ii source:netem-2024 category:健康医疗,3159
faulty,'fɒ:lti,adj.,有缺陷的,,,kaoyan-shared english-i english-ii source:netem-2024 category:抽象概念 category:性质与评价,3160
housewife,'hauswaif,n.,家庭主妇,,,kaoyan-shared english-i english-ii source:netem-2024 category:人类与社会,3161
intervene,.intә'vi:n,vi.,干预,,,kaoyan-shared english-i english-ii source:netem-2024 category:动作行为 category:身体动作,3162
luggage,'lʌgidʒ,n.,行李,,,kaoyan-shared english-i english-ii source:netem-2024 category:交通旅行,3163
seal,si:l,n.,密封,,,kaoyan-shared english-i english-ii source:netem-2024 category:日常生活,3164
shout,ʃaut,n.,喊叫,,,kaoyan-shared english-i english-ii source:netem-2024 category:动作行为 category:其他动作,3165
dwell,dwel,vi.,居住,,,kaoyan-shared english-i english-ii source:netem-2024 category:动作行为 category:其他动作,3166
inspiration,.inspә'reiʃәn,n.,灵感,,,kaoyan-shared english-i english-ii source:netem-2024 category:情感心理,3167
merge,mә:dʒ,vt.,合并,,,kaoyan-shared english-i english-ii source:netem-2024 category:动作行为 category:使动与影响,3168
shine,ʃain,n.,闪耀、照耀,,,kaoyan-shared english-i english-ii source:netem-2024 category:动作行为 category:身体动作,3169
yell,jel,vi.,喊叫,,,kaoyan-shared english-i english-ii source:netem-2024 category:动作行为 category:社交交互,3170
fraud,frɒ:d,n.,欺骗,,,kaoyan-shared english-i english-ii source:netem-2024 category:政治法律,3171
tedious,'ti:diәs,adj.,枯燥的,,,kaoyan-shared english-i english-ii source:netem-2024 category:情感心理,3172
crazy,'kreizi,adj.,疯狂的,,,kaoyan-shared english-i english-ii source:netem-2024 category:情感心理,3173
invade,in'veid,vt.,侵略,,,kaoyan-shared english-i english-ii source:netem-2024 category:动作行为 category:使动与影响,3174
yard,jɑ:d,n.,院子,,,kaoyan-shared english-i english-ii source:netem-2024 category:空间地点,3175
alphabet,'ælfәbit,n.,字母表,,,kaoyan-shared english-i english-ii source:netem-2024 category:教育学习,3176
heaven,'hevn,n.,天堂,,,kaoyan-shared english-i english-ii source:netem-2024 category:文化宗教,3177
hospitality,.hɒspi'tæliti,n.,好客、款待,,,kaoyan-shared english-i english-ii source:netem-2024 category:情感心理,3178
pink,piŋk,n.,粉红色,,,kaoyan-shared english-i english-ii source:netem-2024 category:交通旅行,3179
backward,'bækwәd,adv.,向后的、落后的,,,kaoyan-shared english-i english-ii source:netem-2024 category:空间地点,3180
legitimate,li'dʒitimәt,adj.,合法的,,,kaoyan-shared english-i english-ii source:netem-2024 category:抽象概念 category:性质与评价,3181
lure,luә,n.,吸引、诱惑,,,kaoyan-shared english-i english-ii source:netem-2024 category:动作行为 category:使动与影响,3182
rigid,'ridʒid,adj.,严格的、僵硬的,,,kaoyan-shared english-i english-ii source:netem-2024 category:抽象概念 category:性质与评价,3183
offspring,'ɒ:fspriŋ,n.,子孙、后代,,,kaoyan-shared english-i english-ii source:netem-2024 category:人类与社会,3184
violate,'vaiәleit,vt.,违背、侵犯,,,kaoyan-shared english-i english-ii source:netem-2024 category:动作行为 category:身体动作,3185
poisonous,'pɒizәnәs,adj.,有毒的,,,kaoyan-shared english-i english-ii source:netem-2024 category:健康医疗,3186
silent,'sailәnt,adj.,沉默的,,,kaoyan-shared english-i english-ii source:netem-2024 category:情感心理,3187
thereby,'ðєәbai,adv.,从而,,,kaoyan-shared english-i english-ii source:netem-2024 category:抽象概念 category:逻辑与关系,3188
cling,kliŋ,vi.,紧贴、坚持,,,kaoyan-shared english-i english-ii source:netem-2024 category:动作行为 category:其他动作,3189
divert,dai'vә:t,vt.,转移,,,kaoyan-shared english-i english-ii source:netem-2024 category:动作行为 category:使动与影响,3190
fraction,'frækʃәn,n.,小部分、分数,,,kaoyan-shared english-i english-ii source:netem-2024 category:抽象概念 category:数量与程度,3191
applicable,'æplikәbl,adj.,适用的,,,kaoyan-shared english-i english-ii source:netem-2024 category:抽象概念 category:性质与评价,3192
bachelor,'bætʃәlә,n.,学士、单身汉,,,kaoyan-shared english-i english-ii source:netem-2024 category:人类与社会,3193
carrier,'kæriә,n.,载体,,,kaoyan-shared english-i english-ii source:netem-2024 category:交通旅行,3194
hole,hәul,n.,洞,,,kaoyan-shared english-i english-ii source:netem-2024 category:空间地点,3195
initiate,i'niʃieit,n.,开始,,,kaoyan-shared english-i english-ii source:netem-2024 category:动作行为 category:使动与影响,3196
mate,meit,n.,交配、配偶,,,kaoyan-shared english-i english-ii source:netem-2024 category:人类与社会,3197
meaning,'mi:niŋ,n.,意义,,,kaoyan-shared english-i english-ii source:netem-2024 category:抽象概念 category:认知与抽象名词,3198
presumably,pri'zu:mәbli,adv.,大概、可能,,,kaoyan-shared english-i english-ii source:netem-2024 category:抽象概念 category:数量与程度,3199
reap,ri:p,vt.,收获、获得,,,kaoyan-shared english-i english-ii source:netem-2024 category:动作行为 category:占有与转移,3200
brake,breik,n.,刹车,,,kaoyan-shared english-i english-ii source:netem-2024 category:交通旅行,3201
calendar,'kælindә,n.,日历,,,kaoyan-shared english-i english-ii source:netem-2024 category:时间日期,3202
certificate,sә'tifikeit,n.,证书,,,kaoyan-shared english-i english-ii source:netem-2024 category:教育学习,3203
cousin,'kʌzәn,n.,堂兄弟姐妹,,,kaoyan-shared english-i english-ii source:netem-2024 category:人类与社会,3204
dairy,'dєәri,n.,乳制品,,,kaoyan-shared english-i english-ii source:netem-2024 category:食物营养,3205
decay,di'kei,n.,腐烂,,,kaoyan-shared english-i english-ii source:netem-2024 category:动作行为 category:变化趋势,3206
grab,græb,n.,抓取、夺取,,,kaoyan-shared english-i english-ii source:netem-2024 category:动作行为 category:身体动作,3207
miserable,'mizәrәbl,adj.,悲惨的,,,kaoyan-shared english-i english-ii source:netem-2024 category:情感心理,3208
practitioner,præk'tiʃәnә,n.,从业者,,,kaoyan-shared english-i english-ii source:netem-2024 category:职业工作,3209
proposition,.prɒpә'ziʃәn,n.,命题,,,kaoyan-shared english-i english-ii source:netem-2024 category:抽象概念 category:认知与抽象名词,3210
qualify,'kwɒlifai,vi.,合格,,,kaoyan-shared english-i english-ii source:netem-2024 category:动作行为 category:使动与影响,3211
sole,sәul,n.,鞋底、唯一的,,,kaoyan-shared english-i english-ii source:netem-2024 category:人类与社会,3212
spark,spɑ:k,n.,火星、引起,,,kaoyan-shared english-i english-ii source:netem-2024 category:动作行为 category:其他动作,3213
sportsman,'spɒ:tsmәn,n.,运动员,,,kaoyan-shared english-i english-ii source:netem-2024 category:运动娱乐,3214
tissue,'tiʃu:,n.,纸巾,,,kaoyan-shared english-i english-ii source:netem-2024 category:健康医疗,3215
toll,tәul,n.,损失、通行费,,,kaoyan-shared english-i english-ii source:netem-2024 category:商业经济,3216
verify,'verifai,vt.,核实,,,kaoyan-shared english-i english-ii source:netem-2024 category:动作行为 category:评价与判断,3217
compulsory,kәm'pʌlsәri,adj.,强制的、义务的,,,kaoyan-shared english-i english-ii source:netem-2024 category:抽象概念 category:性质与评价,3218
cyberspace,,n.,网络空间,,,kaoyan-shared english-i english-ii source:netem-2024 category:科学技术,3219
dawn,dɒ:n,n.,黎明,,,kaoyan-shared english-i english-ii source:netem-2024 category:时间日期,3220
kick,kik,n.,踢,,,kaoyan-shared english-i english-ii source:netem-2024 category:动作行为 category:身体动作,3221
mayor,'mєә,n.,市长,,,kaoyan-shared english-i english-ii source:netem-2024 category:职业工作,3222
subjective,sәb'dʒektiv,adj.,主观的,,,kaoyan-shared english-i english-ii source:netem-2024 category:情感心理,3223
timely,'taili,adj.,及时的,,,kaoyan-shared english-i english-ii source:netem-2024 category:时间日期,3224
ward,wɒ:d,n.,病房,,,kaoyan-shared english-i english-ii source:netem-2024 category:空间地点,3225
wrap,ræp,n.,包裹,,,kaoyan-shared english-i english-ii source:netem-2024 category:动作行为 category:身体动作,3226
altitude,'æltitju:d,n.,高度,,,kaoyan-shared english-i english-ii source:netem-2024 category:空间地点,3227
cattle,kætl,n.,牛,,,kaoyan-shared english-i english-ii source:netem-2024 category:自然环境,3228
cottage,'kɒtidʒ,n.,村舍,,,kaoyan-shared english-i english-ii source:netem-2024 category:日常生活,3229
drown,draun,vi.,淹没,,,kaoyan-shared english-i english-ii source:netem-2024 category:动作行为 category:其他动作,3230
empire,'empaiә,n.,帝国,,,kaoyan-shared english-i english-ii source:netem-2024 category:政治法律,3231
ignorance,'ignәrәns,n.,无知,,,kaoyan-shared english-i english-ii source:netem-2024 category:情感心理,3232
landlord,'lændlɒ:d,n.,房东,,,kaoyan-shared english-i english-ii source:netem-2024 category:人类与社会,3233
precaution,pri'kɒ:ʃәn,n.,预防,,,kaoyan-shared english-i english-ii source:netem-2024 category:情感心理,3234
prosperous,'prɒspәrәs,adj.,繁荣的,,,kaoyan-shared english-i english-ii source:netem-2024 category:商业经济,3235
tense,tens,adj.,紧张的,,,kaoyan-shared english-i english-ii source:netem-2024 category:情感心理,3236
versus,'vә:sәs,prep.,对抗,,,kaoyan-shared english-i english-ii source:netem-2024 category:抽象概念 category:逻辑与关系,3237
allocate,'ælәukeit,vt.,分配,,,kaoyan-shared english-i english-ii source:netem-2024 category:动作行为 category:身体动作,3238
beg,beg,v.,乞求,,,kaoyan-shared english-i english-ii source:netem-2024 category:动作行为 category:占有与转移,3239
glad,glæd,adj.,高兴的,,,kaoyan-shared english-i english-ii source:netem-2024 category:情感心理,3240
infect,in'fekt,vt.,感染,,,kaoyan-shared english-i english-ii source:netem-2024 category:健康医疗,3241
mess,mes,n.,混乱,,,kaoyan-shared english-i english-ii source:netem-2024 category:日常生活,3242
troublesome,'trʌblsәm,adj.,讨厌的,,,kaoyan-shared english-i english-ii source:netem-2024 category:情感心理,3243
delegate,'deligeit,n.,委托,,,kaoyan-shared english-i english-ii source:netem-2024 category:动作行为 category:身体动作,3244
dive,daiv,n.,潜水、跳水,,,kaoyan-shared english-i english-ii source:netem-2024 category:动作行为 category:身体动作,3245
hop,hɒp,n.,跳跃,,,kaoyan-shared english-i english-ii source:netem-2024 category:动作行为 category:身体动作,3246
kindergarten,'kindә.gɑ:tn,n.,幼儿园,,,kaoyan-shared english-i english-ii source:netem-2024 category:教育学习,3247
litter,'litә,n.,垃圾,,,kaoyan-shared english-i english-ii source:netem-2024 category:自然环境,3248
passport,'pæspɒ:t,n.,护照,,,kaoyan-shared english-i english-ii source:netem-2024 category:交通旅行,3249
pat,pæt,n.,轻拍,,,kaoyan-shared english-i english-ii source:netem-2024 category:动作行为 category:身体动作,3250
prospective,prәs'pektiv,adj.,潜在的、预期的,,,kaoyan-shared english-i english-ii source:netem-2024 category:抽象概念 category:性质与评价,3251
uncle,ʌŋkl,n.,叔,,,kaoyan-shared english-i english-ii source:netem-2024 category:人类与社会,3252
blueprint,'blu:'print,n.,蓝图,,,kaoyan-shared english-i english-ii source:netem-2024 category:科学技术,3253
federation,fedә'reiʃәn,n.,联合、联邦,,,kaoyan-shared english-i english-ii source:netem-2024 category:政治法律,3254
telescope,'teliskәup,n.,望远镜,,,kaoyan-shared english-i english-ii source:netem-2024 category:科学技术,3255
cheque,tʃek,n.,支票,,,kaoyan-shared english-i english-ii source:netem-2024 category:商业经济,3256
republican,ri'pʌblikәn,n.,共和政体的,,,kaoyan-shared english-i english-ii source:netem-2024 category:政治法律,3257
ritual,'ritʃuәl,n.,仪式,,,kaoyan-shared english-i english-ii source:netem-2024 category:文化宗教,3258
vanish,'væniʃ,vi.,消失,,,kaoyan-shared english-i english-ii source:netem-2024 category:动作行为 category:变化趋势,3259
petrol,'petrәl,n.,汽油,,,kaoyan-shared english-i english-ii source:netem-2024 category:科学技术,3260
subsequent,'sʌbsikwәnt,adj.,随后的,,,kaoyan-shared english-i english-ii source:netem-2024 category:时间日期,3261
bonus,'bәunәs,n.,奖金,,,kaoyan-shared english-i english-ii source:netem-2024 category:商业经济,3262
consent,kәn'sent,n.,同意,,,kaoyan-shared english-i english-ii source:netem-2024 category:动作行为 category:评价与判断,3263
bubble,'bʌbl,n.,气泡,,,kaoyan-shared english-i english-ii source:netem-2024 category:自然环境,3264
grip,grip,n.,紧握、紧抓,,,kaoyan-shared english-i english-ii source:netem-2024 category:动作行为 category:身体动作,3265
humble,'hʌmbl,adj.,谦逊的、卑微的,,,kaoyan-shared english-i english-ii source:netem-2024 category:情感心理,3266
navy,'neivi,n.,海军,,,kaoyan-shared english-i english-ii source:netem-2024 category:政治法律,3267
sociable,'sәuʃәbl,adj.,好交际的,,,kaoyan-shared english-i english-ii source:netem-2024 category:情感心理,3268
ant,ænt,n.,蚂蚁,,,kaoyan-shared english-i english-ii source:netem-2024 category:自然环境,3269
betray,bi'trei,vt.,背叛,,,kaoyan-shared english-i english-ii source:netem-2024 category:动作行为 category:身体动作,3270
handful,'hændful,n.,少数,,,kaoyan-shared english-i english-ii source:netem-2024 category:抽象概念 category:数量与程度,3271
imperative,im'perәtiv,n.,紧急的、祈使的,,,kaoyan-shared english-i english-ii source:netem-2024 category:抽象概念 category:性质与评价,3272
reckon,'rekәn,vt.,估算、认为,,,kaoyan-shared english-i english-ii source:netem-2024 category:动作行为 category:身体动作,3273
acute,ә'kju:t,adj.,严重的、敏锐的,,,kaoyan-shared english-i english-ii source:netem-2024 category:健康医疗,3274
castle,'kæsl. 'kɑ:sl,n.,城堡,,,kaoyan-shared english-i english-ii source:netem-2024 category:空间地点,3275
considerate,kәn'sidәrit,adj.,体贴的,,,kaoyan-shared english-i english-ii source:netem-2024 category:情感心理,3276
dignity,'digniti,n.,尊严,,,kaoyan-shared english-i english-ii source:netem-2024 category:情感心理,3277
heighten,'haitn,vt.,加强、增加,,,kaoyan-shared english-i english-ii source:netem-2024 category:动作行为 category:身体动作,3278
magnificent,mæg'nifisnt,adj.,宏伟的,,,kaoyan-shared english-i english-ii source:netem-2024 category:情感心理,3279
metre,'mi:tә,n.,米,,,kaoyan-shared english-i english-ii source:netem-2024 category:科学技术,3280
rhythm,'riðәm,n.,节奏、韵律,,,kaoyan-shared english-i english-ii source:netem-2024 category:运动娱乐,3281
throat,θrәut,n.,喉咙,,,kaoyan-shared english-i english-ii source:netem-2024 category:人类与社会,3282
tidy,'taidi,n.,整洁的,,,kaoyan-shared english-i english-ii source:netem-2024 category:动作行为 category:评价与判断,3283
wire,'waiә,n.,电线,,,kaoyan-shared english-i english-ii source:netem-2024 category:科学技术,3284
cliff,klif,n.,悬崖,,,kaoyan-shared english-i english-ii source:netem-2024 category:自然环境,3285
curve,kә:v,n.,曲线,,,kaoyan-shared english-i english-ii source:netem-2024 category:科学技术,3286
destiny,'destini,n.,命运,,,kaoyan-shared english-i english-ii source:netem-2024 category:抽象概念 category:认知与抽象名词,3287
dim,dim,adj.,暗淡的,,,kaoyan-shared english-i english-ii source:netem-2024 category:抽象概念 category:性质与评价,3288
paradox,'pærәdɒks,n.,悖论,,,kaoyan-shared english-i english-ii source:netem-2024 category:抽象概念 category:认知与抽象名词,3289
repeatedly,ri'pi:tidli,adv.,重复地,,,kaoyan-shared english-i english-ii source:netem-2024 category:抽象概念 category:数量与程度,3290
resolution,.rezә'lu:ʃәn,n.,解决方案、决心,,,kaoyan-shared english-i english-ii source:netem-2024 category:情感心理,3291
scream,skri:m,n.,喊叫,,,kaoyan-shared english-i english-ii source:netem-2024 category:动作行为 category:其他动作,3292
shade,ʃeid,n.,阴影,,,kaoyan-shared english-i english-ii source:netem-2024 category:自然环境,3293
collaborate,kә'læbәreit,vi.,合作,,,kaoyan-shared english-i english-ii source:netem-2024 category:动作行为 category:社交交互,3294
county,'kaunti,n.,县,,,kaoyan-shared english-i english-ii source:netem-2024 category:空间地点,3295
deteriorate,di'tiәriәreit,v.,恶化,,,kaoyan-shared english-i english-ii source:netem-2024 category:动作行为 category:使动与影响,3296
equation,i'kweiʃәn,n.,方程式,,,kaoyan-shared english-i english-ii source:netem-2024 category:科学技术,3297
orange,'ɒ:rindʒ,n.,橙色的,,,kaoyan-shared english-i english-ii source:netem-2024 category:食物营养,3298
postpone,pәust'pәun,vt.,推迟,,,kaoyan-shared english-i english-ii source:netem-2024 category:动作行为 category:身体动作,3299
pronounce,prә'nauns,v.,发音,,,kaoyan-shared english-i english-ii source:netem-2024 category:动作行为 category:社交交互,3300
thorough,'θʌrә,adj.,彻底的,,,kaoyan-shared english-i english-ii source:netem-2024 category:抽象概念 category:性质与评价,3301
contaminate,kәn'tæmineit,vt.,污染,,,kaoyan-shared english-i english-ii source:netem-2024 category:动作行为 category:使动与影响,3302
creep,kri:p,n.,爬、蔓延,,,kaoyan-shared english-i english-ii source:netem-2024 category:动作行为 category:身体动作,3303
diabetes,daiә'bi:ti:z,n.,糖尿病,,,kaoyan-shared english-i english-ii source:netem-2024 category:健康医疗,3304
drunk,drʌŋk,adj.,醉酒,,,kaoyan-shared english-i english-ii source:netem-2024 category:情感心理,3305
dual,'dju:әl,adj.,双重的,,,kaoyan-shared english-i english-ii source:netem-2024 category:抽象概念 category:性质与评价,3306
empathy,'empæθik,n.,共鸣,,,kaoyan-shared english-i english-ii source:netem-2024 category:情感心理,3307
overtime,'әuvәtaim,n.,超出的时间,,,kaoyan-shared english-i english-ii source:netem-2024 category:时间日期,3308
priest,pri:st,n.,牧师,,,kaoyan-shared english-i english-ii source:netem-2024 category:文化宗教,3309
tire,taiә,n.,轮胎,,,kaoyan-shared english-i english-ii source:netem-2024 category:动作行为 category:使动与影响,3310
disastrous,di'zɑ:strәs,adj.,灾难性的,,,kaoyan-shared english-i english-ii source:netem-2024 category:抽象概念 category:性质与评价,3311
leather,'leðә,n.,皮革,,,kaoyan-shared english-i english-ii source:netem-2024 category:交通旅行,3312
multiply,'mʌltiplai,v.,乘,,,kaoyan-shared english-i english-ii source:netem-2024 category:动作行为 category:使动与影响,3313
pigeon,'pidʒin,n.,鸽子,,,kaoyan-shared english-i english-ii source:netem-2024 category:自然环境,3314
poison,'pɒizn,n.,毒药,,,kaoyan-shared english-i english-ii source:netem-2024 category:健康医疗,3315
ski,ski:,n.,滑雪,,,kaoyan-shared english-i english-ii source:netem-2024 category:运动娱乐,3316
swim,swim,n.,游泳,,,kaoyan-shared english-i english-ii source:netem-2024 category:运动娱乐,3317
utter,'ʌtә,adj.,说,,,kaoyan-shared english-i english-ii source:netem-2024 category:动作行为 category:社交交互,3318
worm,wә:m,n.,虫,,,kaoyan-shared english-i english-ii source:netem-2024 category:自然环境,3319
rotate,'rәuteit,adj.,轮流,,,kaoyan-shared english-i english-ii source:netem-2024 category:动作行为 category:身体动作,3320
aggravate,'ægrәveit,vt.,恶化,,,kaoyan-shared english-i english-ii source:netem-2024 category:动作行为 category:使动与影响,3321
sentiment,'sentimәnt,n.,情绪,,,kaoyan-shared english-i english-ii source:netem-2024 category:情感心理,3322
tube,tju:b,n.,管子,,,kaoyan-shared english-i english-ii source:netem-2024 category:科学技术,3323
loyal,'lɒiәl,adj.,忠诚的,,,kaoyan-shared english-i english-ii source:netem-2024 category:情感心理,3324
pipe,paip,n.,管子、烟斗,,,kaoyan-shared english-i english-ii source:netem-2024 category:日常生活,3325
vaccine,'væksi:n,n.,疫苗,,,kaoyan-shared english-i english-ii source:netem-2024 category:健康医疗,3326
canal,kә'næl,n.,运河,,,kaoyan-shared english-i english-ii source:netem-2024 category:自然环境,3327
conception,kɒn'sepʃәn,n.,概念,,,kaoyan-shared english-i english-ii source:netem-2024 category:抽象概念 category:认知与抽象名词,3328
distort,dis'tɒ:t,vt.,扭曲,,,kaoyan-shared english-i english-ii source:netem-2024 category:动作行为 category:身体动作,3329
gravity,'græviti,n.,重力,,,kaoyan-shared english-i english-ii source:netem-2024 category:科学技术,3330
imaginative,i'mædʒinәtiv,adj.,富于想象力的,,,kaoyan-shared english-i english-ii source:netem-2024 category:抽象概念 category:性质与评价,3331
municipal,mju:'nisipl,adj.,市的,,,kaoyan-shared english-i english-ii source:netem-2024 category:政治法律,3332
plausible,'plɒ:zibl,adj.,似乎是真的,,,kaoyan-shared english-i english-ii source:netem-2024 category:抽象概念 category:性质与评价,3333
sociology,.sәusi'ɒlәdʒi,n.,社会学,,,kaoyan-shared english-i english-ii source:netem-2024 category:教育学习,3334
crawl,krɒ:l,n.,爬,,,kaoyan-shared english-i english-ii source:netem-2024 category:动作行为 category:身体动作,3335
exit,'eksit,n.,退出,,,kaoyan-shared english-i english-ii source:netem-2024 category:空间地点,3336
masculine,'mæskjulin,n.,阳刚的,,,kaoyan-shared english-i english-ii source:netem-2024 category:人类与社会,3337
restrain,ri'strein,vt.,抑制,,,kaoyan-shared english-i english-ii source:netem-2024 category:动作行为 category:社交交互,3338
weird,wiәd,adj.,怪异的、古怪的,,,kaoyan-shared english-i english-ii source:netem-2024 category:情感心理,3339
advisable,әd'vaizәbl,adj.,明智的,,,kaoyan-shared english-i english-ii source:netem-2024 category:抽象概念 category:性质与评价,3340
avenue,'ævәnju:,n.,大街,,,kaoyan-shared english-i english-ii source:netem-2024 category:空间地点,3341
barrel,'bærәl,n.,桶,,,kaoyan-shared english-i english-ii source:netem-2024 category:日常生活,3342
cabin,'kæbin,n.,机舱、小木屋,,,kaoyan-shared english-i english-ii source:netem-2024 category:日常生活,3343
conceal,kәn'si:l,vt.,隐藏、隐瞒,,,kaoyan-shared english-i english-ii source:netem-2024 category:动作行为 category:社交交互,3344
eleven,i'levn,num.,十一,,,kaoyan-shared english-i english-ii source:netem-2024 category:时间日期,3345
formula,'fɒ:mjulә,n.,公式,,,kaoyan-shared english-i english-ii source:netem-2024 category:科学技术,3346
basket,'bɑ:skit,n.,篮子,,,kaoyan-shared english-i english-ii source:netem-2024 category:日常生活,3347
eligible,'elidʒәbl,adj.,合适的,,,kaoyan-shared english-i english-ii source:netem-2024 category:抽象概念 category:性质与评价,3348
immense,i'mens,adj.,巨大的,,,kaoyan-shared english-i english-ii source:netem-2024 category:抽象概念 category:数量与程度,3349
indulge,in'dʌldʒ,vt.,迁就、放任,,,kaoyan-shared english-i english-ii source:netem-2024 category:动作行为 category:身体动作,3350
log,lɒg,n.,圆木、原木,,,kaoyan-shared english-i english-ii source:netem-2024 category:自然环境,3351
magnetic,mæg'netik,adj.,有吸引力的,,,kaoyan-shared english-i english-ii source:netem-2024 category:科学技术,3352
seventy,'sevnti,num.,七十,,,kaoyan-shared english-i english-ii source:netem-2024 category:时间日期,3353
slim,slim,adj.,苗条的,,,kaoyan-shared english-i english-ii source:netem-2024 category:人类与社会,3354
surpass,sә'pɑ:s,vt.,超越,,,kaoyan-shared english-i english-ii source:netem-2024 category:动作行为 category:变化趋势,3355
bend,bend,vi.,弯曲,,,kaoyan-shared english-i english-ii source:netem-2024 category:动作行为 category:身体动作,3356
charity,'tʃæriti,n.,慈善,,,kaoyan-shared english-i english-ii source:netem-2024 category:文化宗教,3357
clarify,'klærifai,vi.,澄清,,,kaoyan-shared english-i english-ii source:netem-2024 category:动作行为 category:其他动作,3358
defy,di'fai,vt.,反抗、藐视,,,kaoyan-shared english-i english-ii source:netem-2024 category:动作行为 category:社交交互,3359
gratitude,'grætitju:d,n.,感激,,,kaoyan-shared english-i english-ii source:netem-2024 category:情感心理,3360
morality,mә'ræliti,n.,道德,,,kaoyan-shared english-i english-ii source:netem-2024 category:情感心理,3361
paradise,'pærәdais,n.,天堂,,,kaoyan-shared english-i english-ii source:netem-2024 category:文化宗教,3362
prince,prins,n.,王子,,,kaoyan-shared english-i english-ii source:netem-2024 category:人类与社会,3363
revenge,ri'vendʒ,n.,报复,,,kaoyan-shared english-i english-ii source:netem-2024 category:动作行为 category:其他动作,3364
van,væn,n.,先导、货车,,,kaoyan-shared english-i english-ii source:netem-2024 category:交通旅行,3365
champion,'tʃæmpiәn,n.,冠军,,,kaoyan-shared english-i english-ii source:netem-2024 category:运动娱乐,3366
chess,tʃes,n.,国际象棋,,,kaoyan-shared english-i english-ii source:netem-2024 category:运动娱乐,3367
chocolate,'tʃɒkәlit,n.,巧克力,,,kaoyan-shared english-i english-ii source:netem-2024 category:食物营养,3368
dear,'diә,n.,亲爱的,,,kaoyan-shared english-i english-ii source:netem-2024 category:情感心理,3369
deceive,di'si:v,v.,欺骗,,,kaoyan-shared english-i english-ii source:netem-2024 category:动作行为 category:社交交互,3370
horror,'hɒrә,n.,恐怖,,,kaoyan-shared english-i english-ii source:netem-2024 category:情感心理,3371
juice,dʒu:s,n.,果汁,,,kaoyan-shared english-i english-ii source:netem-2024 category:食物营养,3372
princess,'prinsis,n.,公主,,,kaoyan-shared english-i english-ii source:netem-2024 category:人类与社会,3373
shower,'ʃauә,n.,淋浴,,,kaoyan-shared english-i english-ii source:netem-2024 category:自然环境,3374
threshold,'θreʃәuld,n.,门槛,,,kaoyan-shared english-i english-ii source:netem-2024 category:空间地点,3375
vocal,'vәukl,adj.,声音的、声乐作品,,,kaoyan-shared english-i english-ii source:netem-2024 category:文化宗教,3376
autonomy,ɒ:'tɒnәmi,n.,自治,,,kaoyan-shared english-i english-ii source:netem-2024 category:政治法律,3377
cloudy,'klaudi,adj.,多云的,,,kaoyan-shared english-i english-ii source:netem-2024 category:自然环境,3378
grief,gri:f,n.,悲痛,,,kaoyan-shared english-i english-ii source:netem-2024 category:情感心理,3379
hierarchy,'haiәrɑ:ki,n.,等级制度,,,kaoyan-shared english-i english-ii source:netem-2024 category:政治法律,3380
probable,'prɒbәbl,adj.,很可能的,,,kaoyan-shared english-i english-ii source:netem-2024 category:抽象概念 category:性质与评价,3381
wooden,'wudn,adj.,木制的,,,kaoyan-shared english-i english-ii source:netem-2024 category:抽象概念 category:性质与评价,3382
comparative,kәm'pærәtiv,adj.,比较的、比较级,,,kaoyan-shared english-i english-ii source:netem-2024 category:抽象概念 category:性质与评价,3383
cartoon,kɑ:'tu:n,n.,卡通,,,kaoyan-shared english-i english-ii source:netem-2024 category:运动娱乐,3384
medal,'medl,n.,奖章,,,kaoyan-shared english-i english-ii source:netem-2024 category:运动娱乐,3385
detach,di'tætʃ,vt.,分离、派遣,,,kaoyan-shared english-i english-ii source:netem-2024 category:动作行为 category:变化趋势,3386
durable,'djurәbl,adj.,耐用持久的,,,kaoyan-shared english-i english-ii source:netem-2024 category:抽象概念 category:性质与评价,3387
partial,'pɑ:ʃәl,adj.,部分的、偏袒的,,,kaoyan-shared english-i english-ii source:netem-2024 category:抽象概念 category:性质与评价,3388
predator,'predәtә,n.,食肉动物,,,kaoyan-shared english-i english-ii source:netem-2024 category:自然环境,3389
cruel,'kru:әl,adj.,残忍的,,,kaoyan-shared english-i english-ii source:netem-2024 category:情感心理,3390
mend,mend,n.,修补、修理,,,kaoyan-shared english-i english-ii source:netem-2024 category:动作行为 category:身体动作,3391
progressive,prә'gresiv,n.,渐进的、先进的,,,kaoyan-shared english-i english-ii source:netem-2024 category:抽象概念 category:性质与评价,3392
ratio,'reiʃәu,n.,比率,,,kaoyan-shared english-i english-ii source:netem-2024 category:抽象概念 category:数量与程度,3393
subscribe,sәb'skraib,vt.,订阅,,,kaoyan-shared english-i english-ii source:netem-2024 category:动作行为 category:其他动作,3394
tactic,'tæktik,n.,策略,,,kaoyan-shared english-i english-ii source:netem-2024 category:政治法律,3395
constrain,kәn'strein,vt.,限制,,,kaoyan-shared english-i english-ii source:netem-2024 category:动作行为 category:使动与影响,3396
dentist,'dentist,n.,牙科医生,,,kaoyan-shared english-i english-ii source:netem-2024 category:职业工作,3397
prone,prәun,adj.,俯卧的,,,kaoyan-shared english-i english-ii source:netem-2024 category:抽象概念 category:性质与评价,3398
refresh,ri'freʃ,vt.,提神,,,kaoyan-shared english-i english-ii source:netem-2024 category:动作行为 category:使动与影响,3399
cooperative,kәu'ɔpәrәtiv,adj.,合作的,,,kaoyan-shared english-i english-ii source:netem-2024 category:抽象概念 category:性质与评价,3400
depart,di'pɑ:t,vi.,离开,,,kaoyan-shared english-i english-ii source:netem-2024 category:动作行为 category:其他动作,3401
endurance,in'djuәrәns,n.,忍耐,,,kaoyan-shared english-i english-ii source:netem-2024 category:抽象概念 category:性质与评价,3402
glimpse,glimps,n.,瞥见,,,kaoyan-shared english-i english-ii source:netem-2024 category:动作行为 category:身体动作,3403
grandmother,'grændmʌðә,n.,（外）祖母,,,kaoyan-shared english-i english-ii source:netem-2024 category:人类与社会,3404
probe,prәub,n.,探测、探针,,,kaoyan-shared english-i english-ii source:netem-2024 category:动作行为 category:身体动作,3405
scrutiny,'skru:tini,n.,监视,,,kaoyan-shared english-i english-ii source:netem-2024 category:动作行为 category:评价与判断,3406
shortcoming,'ʃɒ:t'kʌmiŋ,n.,缺点,,,kaoyan-shared english-i english-ii source:netem-2024 category:抽象概念 category:认知与抽象名词,3407
subordinate,sә'bɒ:dnit,n.,次要的、下级的,,,kaoyan-shared english-i english-ii source:netem-2024 category:职业工作,3408
drag,dræg,n.,拉、拽,,,kaoyan-shared english-i english-ii source:netem-2024 category:动作行为 category:身体动作,3409
expenditure,ik'spenditʃә,n.,开支,,,kaoyan-shared english-i english-ii source:netem-2024 category:商业经济,3410
fantasy,'fæntәsi,n.,幻想,,,kaoyan-shared english-i english-ii source:netem-2024 category:情感心理,3411
grey,grei,n.,灰色的,,,kaoyan-shared english-i english-ii source:netem-2024 category:交通旅行,3412
insult,'insʌlt,n.,侮辱,,,kaoyan-shared english-i english-ii source:netem-2024 category:动作行为 category:其他动作,3413
persuasion,pә'sweiʒәn,n.,说服,,,kaoyan-shared english-i english-ii source:netem-2024 category:情感心理,3414
plug,plʌg,n.,塞、插头,,,kaoyan-shared english-i english-ii source:netem-2024 category:动作行为 category:身体动作,3415
revelation,.revi'leiʃәn,n.,启示,,,kaoyan-shared english-i english-ii source:netem-2024 category:情感心理,3416
terrify,'terifai,vt.,使恐怖、使害怕,,,kaoyan-shared english-i english-ii source:netem-2024 category:动作行为 category:使动与影响,3417
algorithm,'ælgәriðm,n.,算法,,,kaoyan-shared english-i english-ii source:netem-2024 category:科学技术,3418
boycott,'bɒikɒt,n.,拒绝参加,,,kaoyan-shared english-i english-ii source:netem-2024 category:政治法律,3419
coincide,.kәuin'said,vi.,一致,,,kaoyan-shared english-i english-ii source:netem-2024 category:动作行为 category:其他动作,3420
dealer,'di:lә,n.,经销商,,,kaoyan-shared english-i english-ii source:netem-2024 category:职业工作,3421
disposal,dis'pәuzәl,n.,处理,,,kaoyan-shared english-i english-ii source:netem-2024 category:抽象概念 category:认知与抽象名词,3422
fever,'fi:vә,n.,发烧,,,kaoyan-shared english-i english-ii source:netem-2024 category:健康医疗,3423
forgive,fә'giv,vt.,原谅,,,kaoyan-shared english-i english-ii source:netem-2024 category:动作行为 category:社交交互,3424
lawn,lɒ:n,n.,草坪,,,kaoyan-shared english-i english-ii source:netem-2024 category:自然环境,3425
lodge,lɒdʒ,n.,小屋、门房,,,kaoyan-shared english-i english-ii source:netem-2024 category:动作行为 category:其他动作,3426
nest,nest,n.,窝,,,kaoyan-shared english-i english-ii source:netem-2024 category:自然环境,3427
pill,pil,n.,药丸,,,kaoyan-shared english-i english-ii source:netem-2024 category:健康医疗,3428
spectrum,'spektrәm,n.,光谱,,,kaoyan-shared english-i english-ii source:netem-2024 category:科学技术,3429
turkey,'tә:ki,n.,火鸡,,,kaoyan-shared english-i english-ii source:netem-2024 category:食物营养,3430
bathroom,'bɑ:θru:m,n.,浴室,,,kaoyan-shared english-i english-ii source:netem-2024 category:日常生活,3431
chest,tʃest,n.,胸,,,kaoyan-shared english-i english-ii source:netem-2024 category:人类与社会,3432
foolish,'fu:liʃ,adj.,愚蠢的,,,kaoyan-shared english-i english-ii source:netem-2024 category:情感心理,3433
frustrate,'frʌstreit,vt.,挫败、使灰心,,,kaoyan-shared english-i english-ii source:netem-2024 category:动作行为 category:使动与影响,3434
lamp,læmp,n.,灯,,,kaoyan-shared english-i english-ii source:netem-2024 category:日常生活,3435
league,li:g,n.,联盟,,,kaoyan-shared english-i english-ii source:netem-2024 category:运动娱乐,3436
tablet,'tæblit,n.,平板电脑,,,kaoyan-shared english-i english-ii source:netem-2024 category:日常生活,3437
affluent,'æfluәnt,adj.,富裕的,,,kaoyan-shared english-i english-ii source:netem-2024 category:商业经济,3438
cabinet,'kæbinit,n.,内阁,,,kaoyan-shared english-i english-ii source:netem-2024 category:政治法律,3439
collision,kә'liʒәn,n.,碰撞,,,kaoyan-shared english-i english-ii source:netem-2024 category:动作行为 category:身体动作,3440
delicious,di'liʃәs,adj.,美味的,,,kaoyan-shared english-i english-ii source:netem-2024 category:食物营养,3441
duck,dʌk,n.,鸭,,,kaoyan-shared english-i english-ii source:netem-2024 category:自然环境,3442
monument,'mɒnjumәnt,n.,纪念碑,,,kaoyan-shared english-i english-ii source:netem-2024 category:空间地点,3443
pear,pєә,n.,梨树,,,kaoyan-shared english-i english-ii source:netem-2024 category:食物营养,3444
spider,'spaidә,n.,蜘蛛,,,kaoyan-shared english-i english-ii source:netem-2024 category:自然环境,3445
stack,stæk,n.,堆,,,kaoyan-shared english-i english-ii source:netem-2024 category:日常生活,3446
tame,teim,adj.,驯服的、驯养,,,kaoyan-shared english-i english-ii source:netem-2024 category:情感心理,3447
tent,tent,n.,帐篷,,,kaoyan-shared english-i english-ii source:netem-2024 category:日常生活,3448
tomato,tә'mɑ:tәu,n.,西红柿,,,kaoyan-shared english-i english-ii source:netem-2024 category:食物营养,3449
helmet,'helmit,n.,头盔,,,kaoyan-shared english-i english-ii source:netem-2024 category:交通旅行,3450
fantastic,fæn'tæstik,adj.,奇异的、极好的,,,kaoyan-shared english-i english-ii source:netem-2024 category:抽象概念 category:性质与评价,3451
metropolitan,.metrә'pɒlitn,n.,大都市的,,,kaoyan-shared english-i english-ii source:netem-2024 category:空间地点,3452
restraint,ri'streint,n.,克制,,,kaoyan-shared english-i english-ii source:netem-2024 category:动作行为 category:社交交互,3453
accordingly,ә'kɒ:diŋli,adv.,相应地、因此,,,kaoyan-shared english-i english-ii source:netem-2024 category:抽象概念 category:逻辑与关系,3454
drawing,'drɒ:iŋ,n.,绘图,,,kaoyan-shared english-i english-ii source:netem-2024 category:运动娱乐,3455
eighty,'eiti,num.,八十,,,kaoyan-shared english-i english-ii source:netem-2024 category:时间日期,3456
hi,hai,interj.,你好,,,kaoyan-shared english-i english-ii source:netem-2024 category:情感心理,3457
inertia,i'nә:ʃә,n.,惯性,,,kaoyan-shared english-i english-ii source:netem-2024 category:科学技术,3458
lately,'leitli,adv.,最近,,,kaoyan-shared english-i english-ii source:netem-2024 category:时间日期,3459
lump,lʌmp,n.,块,,,kaoyan-shared english-i english-ii source:netem-2024 category:日常生活,3460
ninety,'nainti,num.,九十,,,kaoyan-shared english-i english-ii source:netem-2024 category:时间日期,3461
plentiful,'plentiful,adj.,丰富的,,,kaoyan-shared english-i english-ii source:netem-2024 category:抽象概念 category:性质与评价,3462
revolve,ri'vɒlv,v.,围绕,,,kaoyan-shared english-i english-ii source:netem-2024 category:动作行为 category:身体动作,3463
theirs,ðєәz,pron.,们的,,,kaoyan-shared english-i english-ii source:netem-2024 category:人类与社会,3464
harmony,'hɑ:mәni,n.,和谐,,,kaoyan-shared english-i english-ii source:netem-2024 category:情感心理,3465
breakdown,'breikdaun,n.,崩溃、故障,,,kaoyan-shared english-i english-ii source:netem-2024 category:健康医疗,3466
dash,dæʃ,n.,猛冲,,,kaoyan-shared english-i english-ii source:netem-2024 category:动作行为 category:身体动作,3467
flee,fli:,vt.,逃跑,,,kaoyan-shared english-i english-ii source:netem-2024 category:动作行为 category:身体动作,3468
humorous,'hju:mәrәs,adj.,幽默的,,,kaoyan-shared english-i english-ii source:netem-2024 category:情感心理,3469
kit,kit,n.,装备,,,kaoyan-shared english-i english-ii source:netem-2024 category:日常生活,3470
magnify,'mægnifai,vt.,放大,,,kaoyan-shared english-i english-ii source:netem-2024 category:动作行为 category:变化趋势,3471
rubber,'rʌbә,n.,橡胶,,,kaoyan-shared english-i english-ii source:netem-2024 category:科学技术,3472
senate,'senit,n.,参议院,,,kaoyan-shared english-i english-ii source:netem-2024 category:政治法律,3473
sixteen,'siks'ti:n,num.,十六,,,kaoyan-shared english-i english-ii source:netem-2024 category:时间日期,3474
spin,spin,n.,旋转,,,kaoyan-shared english-i english-ii source:netem-2024 category:动作行为 category:身体动作,3475
tank,tæŋk,n.,坦克、水箱,,,kaoyan-shared english-i english-ii source:netem-2024 category:日常生活,3476
thoughtful,'θɒ:tful,adj.,深思熟虑的,,,kaoyan-shared english-i english-ii source:netem-2024 category:情感心理,3477
veteran,'vetәrәn,n.,老兵,,,kaoyan-shared english-i english-ii source:netem-2024 category:职业工作,3478
angle,'æŋgl,n.,角,,,kaoyan-shared english-i english-ii source:netem-2024 category:科学技术,3479
brave,breiv,adj.,勇敢的,,,kaoyan-shared english-i english-ii source:netem-2024 category:情感心理,3480
cafe,kɑ:'fei,n.,咖啡馆,,,kaoyan-shared english-i english-ii source:netem-2024 category:食物营养,3481
compliment,'kɒmplimәnt,n.,恭维,,,kaoyan-shared english-i english-ii source:netem-2024 category:动作行为 category:社交交互,3482
crew,kru:,n.,全体船员,,,kaoyan-shared english-i english-ii source:netem-2024 category:职业工作,3483
envy,'envi,n.,嫉妒,,,kaoyan-shared english-i english-ii source:netem-2024 category:情感心理,3484
illuminate,i'lju:mineit,vt.,照明、说明,,,kaoyan-shared english-i english-ii source:netem-2024 category:动作行为 category:身体动作,3485
metric,'metrik,adj.,度量,,,kaoyan-shared english-i english-ii source:netem-2024 category:科学技术,3486
molecule,'mɒlikju:l,n.,分子,,,kaoyan-shared english-i english-ii source:netem-2024 category:科学技术,3487
noisy,'nɒizi,adj.,嘈杂的、吵闹的,,,kaoyan-shared english-i english-ii source:netem-2024 category:自然环境,3488
particle,'pɑ:tikl,n.,粒子,,,kaoyan-shared english-i english-ii source:netem-2024 category:科学技术,3489
residence,'rezidәns,n.,住宅,,,kaoyan-shared english-i english-ii source:netem-2024 category:日常生活,3490
stain,stein,n.,污点、着色,,,kaoyan-shared english-i english-ii source:netem-2024 category:动作行为 category:其他动作,3491
tangible,'tændʒәbl,n.,有形的,,,kaoyan-shared english-i english-ii source:netem-2024 category:抽象概念 category:性质与评价,3492
chaos,'keiɒs,n.,混乱,,,kaoyan-shared english-i english-ii source:netem-2024 category:抽象概念 category:认知与抽象名词,3493
hardware,'hɑ:dwєә,n.,五金器具,,,kaoyan-shared english-i english-ii source:netem-2024 category:科学技术,3494
harness,'hɑ:nis,n.,利用,,,kaoyan-shared english-i english-ii source:netem-2024 category:动作行为 category:占有与转移,3495
legend,'ledʒәnd,n.,传说,,,kaoyan-shared english-i english-ii source:netem-2024 category:文化宗教,3496
premise,'premis,n.,前提,,,kaoyan-shared english-i english-ii source:netem-2024 category:抽象概念 category:认知与抽象名词,3497
refusal,ri'fju:zl,n.,拒绝,,,kaoyan-shared english-i english-ii source:netem-2024 category:情感心理,3498
technician,tek'niʃәn,n.,技术员,,,kaoyan-shared english-i english-ii source:netem-2024 category:职业工作,3499
toss,tɒs,n.,投掷、辗转,,,kaoyan-shared english-i english-ii source:netem-2024 category:动作行为 category:身体动作,3500
turnover,'tә:n.әuvә,n.,营业额,,,kaoyan-shared english-i english-ii source:netem-2024 category:商业经济,3501
ally,'ælai. ә'lai,n.,伙伴、同盟者,,,kaoyan-shared english-i english-ii source:netem-2024 category:政治法律,3502
cruise,kru:z,n.,巡航,,,kaoyan-shared english-i english-ii source:netem-2024 category:交通旅行,3503
deputy,'depjuti,n.,副手,,,kaoyan-shared english-i english-ii source:netem-2024 category:职业工作,3504
diary,'daiәri,n.,日记,,,kaoyan-shared english-i english-ii source:netem-2024 category:日常生活,3505
faint,feint,n.,微弱的,,,kaoyan-shared english-i english-ii source:netem-2024 category:情感心理,3506
gram,græm,n.,克,,,kaoyan-shared english-i english-ii source:netem-2024 category:科学技术,3507
idle,'aidl,adj.,无目的,,,kaoyan-shared english-i english-ii source:netem-2024 category:抽象概念 category:性质与评价,3508
lorry,'lɒri,n.,货车,,,kaoyan-shared english-i english-ii source:netem-2024 category:交通旅行,3509
nut,nʌt,n.,螺母、坚果,,,kaoyan-shared english-i english-ii source:netem-2024 category:食物营养,3510
oven,'ʌvәn,n.,烤箱,,,kaoyan-shared english-i english-ii source:netem-2024 category:日常生活,3511
overnight,'әuvәnait,n.,过夜,,,kaoyan-shared english-i english-ii source:netem-2024 category:时间日期,3512
skyscraper,'skaiskreipә,n.,摩天大楼,,,kaoyan-shared english-i english-ii source:netem-2024 category:空间地点,3513
summit,'sʌmit,n.,顶点,,,kaoyan-shared english-i english-ii source:netem-2024 category:自然环境,3514
lens,lenz,n.,镜头,,,kaoyan-shared english-i english-ii source:netem-2024 category:科学技术,3515
porter,'pɒ:tә,n.,搬运工,,,kaoyan-shared english-i english-ii source:netem-2024 category:职业工作,3516
practise,'præktis,v.,练习,,,kaoyan-shared english-i english-ii source:netem-2024 category:动作行为 category:社交交互,3517
swell,swel,n.,膨胀、涌,,,kaoyan-shared english-i english-ii source:netem-2024 category:动作行为 category:使动与影响,3518
sword,sɒ:d,n.,剑,,,kaoyan-shared english-i english-ii source:netem-2024 category:政治法律,3519
vacant,'veikәnt,adj.,空的,,,kaoyan-shared english-i english-ii source:netem-2024 category:抽象概念 category:性质与评价,3520
violin,.vaiә'lin,n.,小提琴,,,kaoyan-shared english-i english-ii source:netem-2024 category:运动娱乐,3521
weep,wi:p,n.,哭泣,,,kaoyan-shared english-i english-ii source:netem-2024 category:动作行为 category:身体动作,3522
courtesy,'kә:tisi,n.,礼貌,,,kaoyan-shared english-i english-ii source:netem-2024 category:情感心理,3523
doom,du:m,n.,厄运、注定,,,kaoyan-shared english-i english-ii source:netem-2024 category:动作行为 category:其他动作,3524
inhabit,in'hæbit,vt.,栖息,,,kaoyan-shared english-i english-ii source:netem-2024 category:动作行为 category:其他动作,3525
preferable,'prefәrәbl,adj.,更好的,,,kaoyan-shared english-i english-ii source:netem-2024 category:抽象概念 category:性质与评价,3526
sketch,sketʃ,n.,素描、草图,,,kaoyan-shared english-i english-ii source:netem-2024 category:运动娱乐,3527
bang,bæŋ,n.,巨响、刘海,,,kaoyan-shared english-i english-ii source:netem-2024 category:动作行为 category:身体动作,3528
chamber,'tʃeimbә,n.,室,,,kaoyan-shared english-i english-ii source:netem-2024 category:空间地点,3529
enlighten,in'laitn,vt.,启发,,,kaoyan-shared english-i english-ii source:netem-2024 category:动作行为 category:社交交互,3530
mixture,'mikstʃә,n.,混合,,,kaoyan-shared english-i english-ii source:netem-2024 category:抽象概念 category:认知与抽象名词,3531
pan,pæn,n.,平底锅,,,kaoyan-shared english-i english-ii source:netem-2024 category:日常生活,3532
pearl,pә:l,n.,珍珠,,,kaoyan-shared english-i english-ii source:netem-2024 category:交通旅行,3533
acre,'eikә,n.,英亩,,,kaoyan-shared english-i english-ii source:netem-2024 category:自然环境,3534
conspicuous,kәn'spikjuәs,adj.,显著的、显眼的,,,kaoyan-shared english-i english-ii source:netem-2024 category:抽象概念 category:性质与评价,3535
fragile,'frædʒail,adj.,脆弱的,,,kaoyan-shared english-i english-ii source:netem-2024 category:抽象概念 category:性质与评价,3536
gigantic,dʒai'gæntik,adj.,巨大的,,,kaoyan-shared english-i english-ii source:netem-2024 category:抽象概念 category:数量与程度,3537
overturn,.әuvә'tә:n,n.,掀翻、推翻,,,kaoyan-shared english-i english-ii source:netem-2024 category:动作行为 category:身体动作,3538
propel,prәu'pel,vt.,推进,,,kaoyan-shared english-i english-ii source:netem-2024 category:动作行为 category:使动与影响,3539
sow,sau. sәu,n.,播种、母猪,,,kaoyan-shared english-i english-ii source:netem-2024 category:动作行为 category:身体动作,3540
stove,stәuv,n.,炉子,,,kaoyan-shared english-i english-ii source:netem-2024 category:日常生活,3541
vain,vein,adj.,徒劳的,,,kaoyan-shared english-i english-ii source:netem-2024 category:情感心理,3542
bold,bәuld,adj.,大胆的,,,kaoyan-shared english-i english-ii source:netem-2024 category:情感心理,3543
clarity,'klærәti,n.,清楚,,,kaoyan-shared english-i english-ii source:netem-2024 category:抽象概念 category:认知与抽象名词,3544
dirt,dә:t,n.,污垢、泥土,,,kaoyan-shared english-i english-ii source:netem-2024 category:自然环境,3545
disclose,dis'klәuz,vt.,揭露、公开,,,kaoyan-shared english-i english-ii source:netem-2024 category:动作行为 category:其他动作,3546
embody,im'bɒdi,vt.,包含,,,kaoyan-shared english-i english-ii source:netem-2024 category:动作行为 category:使动与影响,3547
inject,in'dʒekt,vt.,注入,,,kaoyan-shared english-i english-ii source:netem-2024 category:健康医疗,3548
loom,lu:m,n.,织布机,,,kaoyan-shared english-i english-ii source:netem-2024 category:动作行为 category:身体动作,3549
spacious,'speiʃәs,adj.,宽敞的,,,kaoyan-shared english-i english-ii source:netem-2024 category:抽象概念 category:性质与评价,3550
astronaut,'æstrәnɒ:t,n.,宇航员,,,kaoyan-shared english-i english-ii source:netem-2024 category:科学技术,3551
confer,kәn'fә:,vt.,商讨,,,kaoyan-shared english-i english-ii source:netem-2024 category:动作行为 category:占有与转移,3552
conviction,kәn'vikʃәn,n.,定罪,,,kaoyan-shared english-i english-ii source:netem-2024 category:情感心理,3553
eyesight,'aisait,n.,视力,,,kaoyan-shared english-i english-ii source:netem-2024 category:人类与社会,3554
fabric,'fæbrik,n.,织物,,,kaoyan-shared english-i english-ii source:netem-2024 category:日常生活,3555
fragment,'frægmәnt,n.,片段,,,kaoyan-shared english-i english-ii source:netem-2024 category:抽象概念 category:数量与程度,3556
operational,.ɒpә'reiʃәnl,adj.,操作的、运作的,,,kaoyan-shared english-i english-ii source:netem-2024 category:抽象概念 category:性质与评价,3557
telegraph,'teligrɑ:f,n.,电报,,,kaoyan-shared english-i english-ii source:netem-2024 category:科学技术,3558
zoo,zu:,n.,动物园,,,kaoyan-shared english-i english-ii source:netem-2024 category:自然环境,3559
absurd,әb'sә:d,adj.,荒唐、可笑的,,,kaoyan-shared english-i english-ii source:netem-2024 category:抽象概念 category:性质与评价,3560
anonymous,ә'nɒnimәs,adj.,匿名的,,,kaoyan-shared english-i english-ii source:netem-2024 category:抽象概念 category:性质与评价,3561
cheese,tʃi:z,n.,奶酪,,,kaoyan-shared english-i english-ii source:netem-2024 category:食物营养,3562
descendant,di'sendәnt,n.,后裔、后代,,,kaoyan-shared english-i english-ii source:netem-2024 category:人类与社会,3563
downward,'daunwәd,adj.,向下,,,kaoyan-shared english-i english-ii source:netem-2024 category:空间地点,3564
embarrass,im'bærәs,vt.,使尴尬、窘迫,,,kaoyan-shared english-i english-ii source:netem-2024 category:情感心理,3565
probability,.prɒbә'biliti,n.,可能性,,,kaoyan-shared english-i english-ii source:netem-2024 category:抽象概念 category:认知与抽象名词,3566
scenery,'si:nәri,n.,风景,,,kaoyan-shared english-i english-ii source:netem-2024 category:自然环境,3567
utmost,'ʌtmәust,n.,极限、最大限度的,,,kaoyan-shared english-i english-ii source:netem-2024 category:抽象概念 category:数量与程度,3568
whichever,hwitʃ'evә,pron.,无论哪一个,,,kaoyan-shared english-i english-ii source:netem-2024 category:抽象概念 category:逻辑与关系,3569
bare,bєә,adj.,赤裸的、空的,,,kaoyan-shared english-i english-ii source:netem-2024 category:人类与社会,3570
confess,kәn'fes,v.,承认,,,kaoyan-shared english-i english-ii source:netem-2024 category:动作行为 category:其他动作,3571
coupon,'ku:pɒn,n.,息票,,,kaoyan-shared english-i english-ii source:netem-2024 category:商业经济,3572
discharge,dis'tʃɑ:dʒ,vt.,释放,,,kaoyan-shared english-i english-ii source:netem-2024 category:动作行为 category:身体动作,3573
drain,drein,n.,下水道、排出,,,kaoyan-shared english-i english-ii source:netem-2024 category:动作行为 category:占有与转移,3574
garbage,'gɑ:bidʒ,n.,垃圾,,,kaoyan-shared english-i english-ii source:netem-2024 category:日常生活,3575
handicap,'hændikæp,n.,障碍,,,kaoyan-shared english-i english-ii source:netem-2024 category:抽象概念 category:认知与抽象名词,3576
hook,huk,n.,钩,,,kaoyan-shared english-i english-ii source:netem-2024 category:动作行为 category:其他动作,3577
horrible,'hɒrәbl,adj.,可怕的,,,kaoyan-shared english-i english-ii source:netem-2024 category:情感心理,3578
mad,mæd,adj.,生气的、着迷的,,,kaoyan-shared english-i english-ii source:netem-2024 category:情感心理,3579
marathon,'mærәθәn,n.,马拉松,,,kaoyan-shared english-i english-ii source:netem-2024 category:运动娱乐,3580
optional,'ɒpʃәnl,adj.,可选的,,,kaoyan-shared english-i english-ii source:netem-2024 category:抽象概念 category:性质与评价,3581
orientation,.ɒ:rien'teiʃәn,n.,定位,,,kaoyan-shared english-i english-ii source:netem-2024 category:抽象概念 category:认知与抽象名词,3582
pit,pit,n.,坑,,,kaoyan-shared english-i english-ii source:netem-2024 category:自然环境,3583
questionnaire,kwestʃә'nєә,n.,问卷,,,kaoyan-shared english-i english-ii source:netem-2024 category:教育学习,3584
stake,steik,n.,桩、赌注,,,kaoyan-shared english-i english-ii source:netem-2024 category:日常生活,3585
stomach,'stʌmәk,n.,胃,,,kaoyan-shared english-i english-ii source:netem-2024 category:人类与社会,3586
treaty,'tri:ti,n.,条约,,,kaoyan-shared english-i english-ii source:netem-2024 category:政治法律,3587
virgin,'vә:dʒin,n.,处女,,,kaoyan-shared english-i english-ii source:netem-2024 category:人类与社会,3588
acquaint,ә'kweint,vt.,告知,,,kaoyan-shared english-i english-ii source:netem-2024 category:动作行为 category:使动与影响,3589
ascribe,ә'skraib,vt.,归因于,,,kaoyan-shared english-i english-ii source:netem-2024 category:动作行为 category:评价与判断,3590
awful,'ɒ:ful,adj.,可怕的,,,kaoyan-shared english-i english-ii source:netem-2024 category:情感心理,3591
button,'bʌtәn,n.,按钮,,,kaoyan-shared english-i english-ii source:netem-2024 category:交通旅行,3592
cave,keiv,n.,洞穴,,,kaoyan-shared english-i english-ii source:netem-2024 category:自然环境,3593
complement,'kɒmplimәnt,n.,相辅相成、补语,,,kaoyan-shared english-i english-ii source:netem-2024 category:动作行为 category:其他动作,3594
confidential,.kɒnfi'denʃәl,adj.,机密的,,,kaoyan-shared english-i english-ii source:netem-2024 category:情感心理,3595
gear,giә,n.,齿轮,,,kaoyan-shared english-i english-ii source:netem-2024 category:科学技术,3596
installation,.instә'leiʃәn,n.,安装,,,kaoyan-shared english-i english-ii source:netem-2024 category:科学技术,3597
lively,'laivli,adj.,活泼的,,,kaoyan-shared english-i english-ii source:netem-2024 category:情感心理,3598
portable,'pɒ:tәbl,adj.,轻便的,,,kaoyan-shared english-i english-ii source:netem-2024 category:科学技术,3599
prayer,prєә. 'preiә,n.,祈祷,,,kaoyan-shared english-i english-ii source:netem-2024 category:文化宗教,3600
renovate,'renәuveit,vt.,翻新、革新,,,kaoyan-shared english-i english-ii source:netem-2024 category:动作行为 category:其他动作,3601
swallow,'swɒlәu,n.,吞下、燕子,,,kaoyan-shared english-i english-ii source:netem-2024 category:动作行为 category:身体动作,3602
sweater,'swetә,n.,毛衣,,,kaoyan-shared english-i english-ii source:netem-2024 category:交通旅行,3603
trash,træʃ,n.,垃圾,,,kaoyan-shared english-i english-ii source:netem-2024 category:日常生活,3604
whisper,'hwispә,n.,低声说、窃窃私语,,,kaoyan-shared english-i english-ii source:netem-2024 category:动作行为 category:身体动作,3605
abnormal,æb'nɒ:mәl,adj.,不正常的,,,kaoyan-shared english-i english-ii source:netem-2024 category:抽象概念 category:性质与评价,3606
bee,bi:,n.,蜜蜂,,,kaoyan-shared english-i english-ii source:netem-2024 category:自然环境,3607
bucket,'bʌkit,n.,大量、下倾盆大雨,,,kaoyan-shared english-i english-ii source:netem-2024 category:日常生活,3608
defect,di'fekt,n.,缺陷,,,kaoyan-shared english-i english-ii source:netem-2024 category:抽象概念 category:性质与评价,3609
detective,di'tektiv,n.,侦探,,,kaoyan-shared english-i english-ii source:netem-2024 category:职业工作,3610
disrupt,dis'rʌpt,adj.,干扰,,,kaoyan-shared english-i english-ii source:netem-2024 category:动作行为 category:使动与影响,3611
identification,ai.dentifi'keiʃәn,n.,识别,,,kaoyan-shared english-i english-ii source:netem-2024 category:抽象概念 category:认知与抽象名词,3612
loose,lu:s,n.,松的,,,kaoyan-shared english-i english-ii source:netem-2024 category:抽象概念 category:性质与评价,3613
pig,pig,n.,猪,,,kaoyan-shared english-i english-ii source:netem-2024 category:自然环境,3614
pot,pɒt,n.,壶,,,kaoyan-shared english-i english-ii source:netem-2024 category:日常生活,3615
poultry,'pәultri,n.,家禽,,,kaoyan-shared english-i english-ii source:netem-2024 category:食物营养,3616
recipe,'resipi,n.,食谱,,,kaoyan-shared english-i english-ii source:netem-2024 category:食物营养,3617
ridiculous,ri'dikjulәs,adj.,荒谬的,,,kaoyan-shared english-i english-ii source:netem-2024 category:情感心理,3618
slide,slaid,n.,滑,,,kaoyan-shared english-i english-ii source:netem-2024 category:动作行为 category:使动与影响,3619
texture,'tekstʃә,n.,纹理,,,kaoyan-shared english-i english-ii source:netem-2024 category:日常生活,3620
embryo,'embriәu,n.,胚胎,,,kaoyan-shared english-i english-ii source:netem-2024 category:健康医疗,3621
vapor,'veipә,n.,蒸汽,,,kaoyan-shared english-i english-ii source:netem-2024 category:自然环境,3622
chancellor,'tʃɑ:nsәlә,n.,总理,,,kaoyan-shared english-i english-ii source:netem-2024 category:政治法律,3623
deduce,di'dju:s,vt.,推断,,,kaoyan-shared english-i english-ii source:netem-2024 category:动作行为 category:身体动作,3624
glory,'glɒ:ri,n.,荣耀,,,kaoyan-shared english-i english-ii source:netem-2024 category:情感心理,3625
gum,gʌm,n.,树胶、齿龈,,,kaoyan-shared english-i english-ii source:netem-2024 category:食物营养,3626
hijack,'haidʒæk,vt.,劫持,,,kaoyan-shared english-i english-ii source:netem-2024 category:动作行为 category:其他动作,3627
implicit,im'plisit,adj.,含蓄的、绝对的,,,kaoyan-shared english-i english-ii source:netem-2024 category:抽象概念 category:性质与评价,3628
renaissance,ri'neisәns,n.,文艺复兴,,,kaoyan-shared english-i english-ii source:netem-2024 category:文化宗教,3629
wholly,'hәuli,adv.,完全地,,,kaoyan-shared english-i english-ii source:netem-2024 category:抽象概念 category:数量与程度,3630
ceiling,'si:liŋ,n.,天花板,,,kaoyan-shared english-i english-ii source:netem-2024 category:日常生活,3631
default,di'fɒ:lt,n.,默认、违约,,,kaoyan-shared english-i english-ii source:netem-2024 category:商业经济,3632
duration,dju'reiʃәn,n.,持续时间,,,kaoyan-shared english-i english-ii source:netem-2024 category:时间日期,3633
resent,ri'zent,vt.,恨,,,kaoyan-shared english-i english-ii source:netem-2024 category:动作行为 category:评价与判断,3634
slack,slæk,n.,松弛的、淡季、萧条的,,,kaoyan-shared english-i english-ii source:netem-2024 category:抽象概念 category:性质与评价,3635
unify,'ju:nifai,v.,使成为一体,,,kaoyan-shared english-i english-ii source:netem-2024 category:动作行为 category:使动与影响,3636
upright,'ʌprait,adj.,正直的、垂直,,,kaoyan-shared english-i english-ii source:netem-2024 category:空间地点,3637
chew,tʃu:,vt.,咀嚼,,,kaoyan-shared english-i english-ii source:netem-2024 category:动作行为 category:身体动作,3638
dense,dens,adj.,浓密的、密集的,,,kaoyan-shared english-i english-ii source:netem-2024 category:抽象概念 category:性质与评价,3639
finite,'fainait,adj.,有限的,,,kaoyan-shared english-i english-ii source:netem-2024 category:抽象概念 category:性质与评价,3640
impatient,im'peiʃәnt,adj.,不耐烦的,,,kaoyan-shared english-i english-ii source:netem-2024 category:情感心理,3641
intuition,.intju:'iʃәn,n.,直觉,,,kaoyan-shared english-i english-ii source:netem-2024 category:情感心理,3642
boil,bɒil,n.,煮沸、沸腾,,,kaoyan-shared english-i english-ii source:netem-2024 category:食物营养,3643
bureaucracy,bjuә'rɒkrәsi,n.,官僚,,,kaoyan-shared english-i english-ii source:netem-2024 category:政治法律,3644
comprehend,.kɒmpri'hend,vt.,领悟,,,kaoyan-shared english-i english-ii source:netem-2024 category:动作行为 category:心理活动,3645
framework,'freimwә:k,n.,框架,,,kaoyan-shared english-i english-ii source:netem-2024 category:科学技术,3646
hamper,'hæpә,n.,妨碍,,,kaoyan-shared english-i english-ii source:netem-2024 category:动作行为 category:社交交互,3647
logic,'lɒdʒik,n.,逻辑,,,kaoyan-shared english-i english-ii source:netem-2024 category:抽象概念 category:认知与抽象名词,3648
sanction,'sæŋkʃәn,n.,批准、处罚,,,kaoyan-shared english-i english-ii source:netem-2024 category:政治法律,3649
snake,sneik,n.,蛇,,,kaoyan-shared english-i english-ii source:netem-2024 category:自然环境,3650
breast,brest,n.,乳房,,,kaoyan-shared english-i english-ii source:netem-2024 category:人类与社会,3651
fiscal,'fiskәl,adj.,财政的,,,kaoyan-shared english-i english-ii source:netem-2024 category:商业经济,3652
golf,gɒlf,n.,高尔夫球,,,kaoyan-shared english-i english-ii source:netem-2024 category:运动娱乐,3653
realm,relm,n.,领域,,,kaoyan-shared english-i english-ii source:netem-2024 category:空间地点,3654
scarcely,'skɑ:sli,adv.,几乎不、刚刚,,,kaoyan-shared english-i english-ii source:netem-2024 category:抽象概念 category:数量与程度,3655
tragic,'trædʒik,adj.,悲惨的,,,kaoyan-shared english-i english-ii source:netem-2024 category:情感心理,3656
transplant,træns'plɑ:nt,vt.,移植,,,kaoyan-shared english-i english-ii source:netem-2024 category:健康医疗,3657
archive,'ɑ:kaiv,vt.,档案、存档,,,kaoyan-shared english-i english-ii source:netem-2024 category:科学技术,3658
corridor,'kɒridɒ:,n.,走廊,,,kaoyan-shared english-i english-ii source:netem-2024 category:空间地点,3659
dispose,dis'pәuz,vt.,处理掉、解决,,,kaoyan-shared english-i english-ii source:netem-2024 category:动作行为 category:其他动作,3660
domain,dәu'mein,n.,领域,,,kaoyan-shared english-i english-ii source:netem-2024 category:空间地点,3661
extravagant,ik'strævgәnt,adj.,奢侈的,,,kaoyan-shared english-i english-ii source:netem-2024 category:情感心理,3662
flock,flɒk,n.,一群,,,kaoyan-shared english-i english-ii source:netem-2024 category:自然环境,3663
hybrid,'haibrid,n.,杂种,,,kaoyan-shared english-i english-ii source:netem-2024 category:科学技术,3664
infinite,'infinit,n.,无限,,,kaoyan-shared english-i english-ii source:netem-2024 category:抽象概念 category:性质与评价,3665
intrinsic,in'trinsik,adj.,内在的、固有的,,,kaoyan-shared english-i english-ii source:netem-2024 category:抽象概念 category:性质与评价,3666
masterpiece,'mɑ:stәpi:s,n.,杰作,,,kaoyan-shared english-i english-ii source:netem-2024 category:文化宗教,3667
vulgar,'vʌlgә,adj.,粗俗的,,,kaoyan-shared english-i english-ii source:netem-2024 category:抽象概念 category:性质与评价,3668
aviation,.eivi'eiʃәn,n.,航空,,,kaoyan-shared english-i english-ii source:netem-2024 category:交通旅行,3669
gentle,'dʒentl,adj.,温和的,,,kaoyan-shared english-i english-ii source:netem-2024 category:情感心理,3670
mud,mʌd,n.,泥,,,kaoyan-shared english-i english-ii source:netem-2024 category:自然环境,3671
navigation,.nævi'geiʃәn,n.,导航,,,kaoyan-shared english-i english-ii source:netem-2024 category:交通旅行,3672
ribbon,'ribәn,n.,缎带,,,kaoyan-shared english-i english-ii source:netem-2024 category:交通旅行,3673
scandal,'skændәl,n.,丑闻,,,kaoyan-shared english-i english-ii source:netem-2024 category:情感心理,3674
thread,θred,n.,线,,,kaoyan-shared english-i english-ii source:netem-2024 category:日常生活,3675
ache,eik,n.,疼,,,kaoyan-shared english-i english-ii source:netem-2024 category:健康医疗,3676
circulate,'sә:kjuleit,v.,循环、流通,,,kaoyan-shared english-i english-ii source:netem-2024 category:动作行为 category:身体动作,3677
cough,kɒf,n.,咳,,,kaoyan-shared english-i english-ii source:netem-2024 category:健康医疗,3678
deck,dek,n.,甲板,,,kaoyan-shared english-i english-ii source:netem-2024 category:交通旅行,3679
diploma,di'plәumә,n.,文凭,,,kaoyan-shared english-i english-ii source:netem-2024 category:教育学习,3680
elephant,'elifәnt,n.,大象,,,kaoyan-shared english-i english-ii source:netem-2024 category:自然环境,3681
feminine,'feminin,adj.,女性的,,,kaoyan-shared english-i english-ii source:netem-2024 category:抽象概念 category:性质与评价,3682
garage,gә'rɑ:ʒ. 'gærɑ:ʒ,n.,车库,,,kaoyan-shared english-i english-ii source:netem-2024 category:日常生活,3683
hut,hʌt,n.,小屋,,,kaoyan-shared english-i english-ii source:netem-2024 category:日常生活,3684
imperial,im'piәriәl,adj.,帝国的、皇帝,,,kaoyan-shared english-i english-ii source:netem-2024 category:政治法律,3685
ministry,'ministri,n.,内阁,,,kaoyan-shared english-i english-ii source:netem-2024 category:政治法律,3686
neck,nek,n.,脖子,,,kaoyan-shared english-i english-ii source:netem-2024 category:人类与社会,3687
pant,pænt,n.,裤子,,,kaoyan-shared english-i english-ii source:netem-2024 category:动作行为 category:身体动作,3688
pest,pest,n.,害虫,,,kaoyan-shared english-i english-ii source:netem-2024 category:自然环境,3689
poster,'pәustә,n.,海报,,,kaoyan-shared english-i english-ii source:netem-2024 category:日常生活,3690
pronoun,'prәunaun,n.,代词,,,kaoyan-shared english-i english-ii source:netem-2024 category:教育学习,3691
reconcile,'rekәnsail,vt.,调和、一致,,,kaoyan-shared english-i english-ii source:netem-2024 category:动作行为 category:使动与影响,3692
tender,'tendә,adj.,柔软、投标,,,kaoyan-shared english-i english-ii source:netem-2024 category:情感心理,3693
premier,'pri:mjә,n.,总理,,,kaoyan-shared english-i english-ii source:netem-2024 category:政治法律,3694
hug,hʌg,n.,拥抱,,,kaoyan-shared english-i english-ii source:netem-2024 category:动作行为 category:身体动作,3695
nasty,'nɑ:sti,adj.,丑陋的、惹人厌的,,,kaoyan-shared english-i english-ii source:netem-2024 category:情感心理,3696
ideology,.aidi'ɒlәdʒi,n.,意识形态,,,kaoyan-shared english-i english-ii source:netem-2024 category:文化宗教,3697
laser,'leizә,n.,激光,,,kaoyan-shared english-i english-ii source:netem-2024 category:科学技术,3698
legacy,'legәsi,n.,遗赠物,,,kaoyan-shared english-i english-ii source:netem-2024 category:人类与社会,3699
entail,in'teil,vt.,意味着,,,kaoyan-shared english-i english-ii source:netem-2024 category:动作行为 category:心理活动,3700
nail,neil,n.,钉、钉子,,,kaoyan-shared english-i english-ii source:netem-2024 category:日常生活,3701
broker,'brәukә,n.,经纪人,,,kaoyan-shared english-i english-ii source:netem-2024 category:职业工作,3702
crown,kraun,n.,王冠,,,kaoyan-shared english-i english-ii source:netem-2024 category:交通旅行,3703
lever,'levә,n.,杠杆,,,kaoyan-shared english-i english-ii source:netem-2024 category:科学技术,3704
likelihood,'laiklihud,n.,可能性,,,kaoyan-shared english-i english-ii source:netem-2024 category:抽象概念 category:认知与抽象名词,3705
limb,lim,n.,肢体,,,kaoyan-shared english-i english-ii source:netem-2024 category:人类与社会,3706
proclaim,prә'kleim,vt.,表明、声明,,,kaoyan-shared english-i english-ii source:netem-2024 category:动作行为 category:社交交互,3707
swing,swiŋ,n.,摇摆、秋千,,,kaoyan-shared english-i english-ii source:netem-2024 category:动作行为 category:身体动作,3708
await,ә'weit,vt.,等候,,,kaoyan-shared english-i english-ii source:netem-2024 category:动作行为 category:其他动作,3709
comedy,'kɒmidi,n.,喜剧,,,kaoyan-shared english-i english-ii source:netem-2024 category:运动娱乐,3710
condemn,kәn'dem,vt.,谴责,,,kaoyan-shared english-i english-ii source:netem-2024 category:动作行为 category:社交交互,3711
dust,dʌst,n.,灰尘,,,kaoyan-shared english-i english-ii source:netem-2024 category:自然环境,3712
filter,'filtә,n.,过滤,,,kaoyan-shared english-i english-ii source:netem-2024 category:科学技术,3713
fluid,'flu:id,n.,流体,,,kaoyan-shared english-i english-ii source:netem-2024 category:科学技术,3714
incidentally,.insi'dentәli,adv.,偶然地、附带地,,,kaoyan-shared english-i english-ii source:netem-2024 category:抽象概念 category:逻辑与关系,3715
parade,pә'reid,n.,游行,,,kaoyan-shared english-i english-ii source:netem-2024 category:运动娱乐,3716
pave,peiv,vt.,铺路,,,kaoyan-shared english-i english-ii source:netem-2024 category:动作行为 category:其他动作,3717
preliminary,pri'liminәri,n.,初步的,,,kaoyan-shared english-i english-ii source:netem-2024 category:抽象概念 category:性质与评价,3718
shield,'ʃi:ld,n.,盾,,,kaoyan-shared english-i english-ii source:netem-2024 category:动作行为 category:社交交互,3719
terminate,'tә:mineit,adj.,终止,,,kaoyan-shared english-i english-ii source:netem-2024 category:动作行为 category:使动与影响,3720
tow,tәu,n.,拖,,,kaoyan-shared english-i english-ii source:netem-2024 category:动作行为 category:身体动作,3721
uneasy,.ʌn'i:zi,adj.,不安的,,,kaoyan-shared english-i english-ii source:netem-2024 category:情感心理,3722
weave,wi:v,n.,编织,,,kaoyan-shared english-i english-ii source:netem-2024 category:动作行为 category:身体动作,3723
blur,blә:,vt.,模糊,,,kaoyan-shared english-i english-ii source:netem-2024 category:抽象概念 category:认知与抽象名词,3724
contemplate,'kɒntempleit,vt.,沉思、打算,,,kaoyan-shared english-i english-ii source:netem-2024 category:动作行为 category:心理活动,3725
discriminate,dis'krimineit,v.,区分、辨别,,,kaoyan-shared english-i english-ii source:netem-2024 category:动作行为 category:评价与判断,3726
handsome,'hænsәm,adj.,英俊的,,,kaoyan-shared english-i english-ii source:netem-2024 category:情感心理,3727
insure,in'ʃuә,vt.,确保,,,kaoyan-shared english-i english-ii source:netem-2024 category:动作行为 category:其他动作,3728
intricate,'intrikit,adj.,复杂的,,,kaoyan-shared english-i english-ii source:netem-2024 category:抽象概念 category:性质与评价,3729
kindness,'kaindnis,n.,善良,,,kaoyan-shared english-i english-ii source:netem-2024 category:情感心理,3730
receipt,ri'si:t,n.,收据,,,kaoyan-shared english-i english-ii source:netem-2024 category:商业经济,3731
uncover,.ʌn'kʌvә,vt.,揭开,,,kaoyan-shared english-i english-ii source:netem-2024 category:动作行为 category:其他动作,3732
worship,'wә:ʃip,n.,崇拜,,,kaoyan-shared english-i english-ii source:netem-2024 category:动作行为 category:心理活动,3733
acid,'æsid,n.,酸,,,kaoyan-shared english-i english-ii source:netem-2024 category:科学技术,3734
boot,bu:t,n.,靴子、踢,,,kaoyan-shared english-i english-ii source:netem-2024 category:交通旅行,3735
extinct,ik'stiŋkt,adj.,灭绝的,,,kaoyan-shared english-i english-ii source:netem-2024 category:自然环境,3736
hamburger,'hæmbә:gә,n.,汉堡包,,,kaoyan-shared english-i english-ii source:netem-2024 category:食物营养,3737
hawk,hɒ:k,n.,鹰,,,kaoyan-shared english-i english-ii source:netem-2024 category:自然环境,3738
hydrogen,'haidrәdʒәn,n.,氢,,,kaoyan-shared english-i english-ii source:netem-2024 category:科学技术,3739
patrol,pә'trәul,n.,巡逻,,,kaoyan-shared english-i english-ii source:netem-2024 category:政治法律,3740
picnic,'piknik,n.,野餐,,,kaoyan-shared english-i english-ii source:netem-2024 category:运动娱乐,3741
repel,ri'pel,vt.,击退、排斥,,,kaoyan-shared english-i english-ii source:netem-2024 category:动作行为 category:身体动作,3742
simultaneous,.simәl'teinjәs,adj.,同时发生的,,,kaoyan-shared english-i english-ii source:netem-2024 category:时间日期,3743
sin,sin,n.,犯罪,,,kaoyan-shared english-i english-ii source:netem-2024 category:文化宗教,3744
spacecraft,'speiskræft,n.,宇宙飞船,,,kaoyan-shared english-i english-ii source:netem-2024 category:交通旅行,3745
splendid,'spendid,adj.,辉煌的,,,kaoyan-shared english-i english-ii source:netem-2024 category:情感心理,3746
spokesman,'spәuksmәn,n.,发言人,,,kaoyan-shared english-i english-ii source:netem-2024 category:职业工作,3747
spray,sprei,n.,喷雾,,,kaoyan-shared english-i english-ii source:netem-2024 category:动作行为 category:身体动作,3748
voyage,'vɒiidʒ,n.,航行,,,kaoyan-shared english-i english-ii source:netem-2024 category:交通旅行,3749
withstand,wið'stænd,vt.,承受,,,kaoyan-shared english-i english-ii source:netem-2024 category:动作行为 category:社交交互,3750
beverage,'bevәridʒ,n.,饮料,,,kaoyan-shared english-i english-ii source:netem-2024 category:食物营养,3751
bulb,bʌlb,n.,电灯泡,,,kaoyan-shared english-i english-ii source:netem-2024 category:科学技术,3752
erect,i'rekt,adj.,建立、直立的,,,kaoyan-shared english-i english-ii source:netem-2024 category:动作行为 category:身体动作,3753
expire,ik'spaiә,vi.,期满、终止,,,kaoyan-shared english-i english-ii source:netem-2024 category:动作行为 category:起始与终止,3754
grace,greis,n.,优雅,,,kaoyan-shared english-i english-ii source:netem-2024 category:情感心理,3755
gulf,gʌlf,n.,海湾,,,kaoyan-shared english-i english-ii source:netem-2024 category:自然环境,3756
layout,'leiaut,n.,布局,,,kaoyan-shared english-i english-ii source:netem-2024 category:日常生活,3757
librarian,lai'brєәriәn,n.,图书管理员,,,kaoyan-shared english-i english-ii source:netem-2024 category:职业工作,3758
lover,'lʌvә,n.,情人,,,kaoyan-shared english-i english-ii source:netem-2024 category:人类与社会,3759
marital,'mæritәl,adj.,婚姻的,,,kaoyan-shared english-i english-ii source:netem-2024 category:人类与社会,3760
needle,'ni:dl,n.,针,,,kaoyan-shared english-i english-ii source:netem-2024 category:日常生活,3761
precedent,'presidәnt,n.,先例,,,kaoyan-shared english-i english-ii source:netem-2024 category:抽象概念 category:认知与抽象名词,3762
pub,pʌb,n.,酒吧,,,kaoyan-shared english-i english-ii source:netem-2024 category:食物营养,3763
reckless,'reklis,adj.,鲁莽的,,,kaoyan-shared english-i english-ii source:netem-2024 category:情感心理,3764
spill,spil,n.,泄漏,,,kaoyan-shared english-i english-ii source:netem-2024 category:动作行为 category:其他动作,3765
stair,stєә,n.,楼梯,,,kaoyan-shared english-i english-ii source:netem-2024 category:日常生活,3766
ashamed,ә'ʃeimd,adj.,羞耻的,,,kaoyan-shared english-i english-ii source:netem-2024 category:情感心理,3767
aunt,ɑ:nt,n.,姑、姨,,,kaoyan-shared english-i english-ii source:netem-2024 category:人类与社会,3768
bald,bɒ:ld,adj.,秃头的、单调的,,,kaoyan-shared english-i english-ii source:netem-2024 category:人类与社会,3769
bankrupt,'bæŋkrʌpt,n.,破产的,,,kaoyan-shared english-i english-ii source:netem-2024 category:商业经济,3770
choke,tʃәuk,vt.,窒息、抑制,,,kaoyan-shared english-i english-ii source:netem-2024 category:动作行为 category:身体动作,3771
cumulative,'kju:mjulәtiv,adj.,累积的,,,kaoyan-shared english-i english-ii source:netem-2024 category:抽象概念 category:性质与评价,3772
dubious,'dju:biәs,adj.,可疑的,,,kaoyan-shared english-i english-ii source:netem-2024 category:情感心理,3773
eagle,'i:gl,n.,鹰,,,kaoyan-shared english-i english-ii source:netem-2024 category:自然环境,3774
gently,'dʒentli,adv.,温柔地,,,kaoyan-shared english-i english-ii source:netem-2024 category:抽象概念 category:性质与评价,3775
integral,'intigrәl,n.,完整的,,,kaoyan-shared english-i english-ii source:netem-2024 category:抽象概念 category:性质与评价,3776
mediate,'mi:dieit,adj.,调停,,,kaoyan-shared english-i english-ii source:netem-2024 category:动作行为 category:社交交互,3777
organise,'ɒ:gәnaiz,vt.,组织,,,kaoyan-shared english-i english-ii source:netem-2024 category:动作行为 category:身体动作,3778
overtake,.әuvә'teik,vt.,赶上,,,kaoyan-shared english-i english-ii source:netem-2024 category:动作行为 category:身体动作,3779
pulse,pʌls,n.,脉搏,,,kaoyan-shared english-i english-ii source:netem-2024 category:科学技术,3780
quantify,'kwɒntifai,vt.,量化,,,kaoyan-shared english-i english-ii source:netem-2024 category:动作行为 category:评价与判断,3781
respective,ri'spektiv,adj.,各自的,,,kaoyan-shared english-i english-ii source:netem-2024 category:抽象概念 category:性质与评价,3782
riot,'raiәt,n.,骚乱、暴乱,,,kaoyan-shared english-i english-ii source:netem-2024 category:政治法律,3783
situate,'sitjueit,vt.,坐落在、的,,,kaoyan-shared english-i english-ii source:netem-2024 category:动作行为 category:使动与影响,3784
skate,skeit,n.,滑冰,,,kaoyan-shared english-i english-ii source:netem-2024 category:运动娱乐,3785
specification,.spesifi'keiʃәn,n.,规格,,,kaoyan-shared english-i english-ii source:netem-2024 category:科学技术,3786
sweat,swet,n.,汗水,,,kaoyan-shared english-i english-ii source:netem-2024 category:健康医疗,3787
transit,'trænsit,n.,运输,,,kaoyan-shared english-i english-ii source:netem-2024 category:交通旅行,3788
tumble,tʌmbl,n.,暴跌、跌倒,,,kaoyan-shared english-i english-ii source:netem-2024 category:动作行为 category:身体动作,3789
rap,ræp,n.,说唱音乐、轻敲,,,kaoyan-shared english-i english-ii source:netem-2024 category:动作行为 category:身体动作,3790
geology,dʒi'ɒlәdʒi,n.,地质学,,,kaoyan-shared english-i english-ii source:netem-2024 category:科学技术,3791
inference,'infәrәns,n.,推理,,,kaoyan-shared english-i english-ii source:netem-2024 category:抽象概念 category:认知与抽象名词,3792
cocaine,kә'kein,n.,可卡因,,,kaoyan-shared english-i english-ii source:netem-2024 category:健康医疗,3793
graph,græf,n.,图表,,,kaoyan-shared english-i english-ii source:netem-2024 category:科学技术,3794
monarch,'mɒnәk,n.,君主,,,kaoyan-shared english-i english-ii source:netem-2024 category:政治法律,3795
multitude,'mʌltitju:d,n.,大量、多数,,,kaoyan-shared english-i english-ii source:netem-2024 category:抽象概念 category:数量与程度,3796
succession,sәk'seʃәn,n.,连续,,,kaoyan-shared english-i english-ii source:netem-2024 category:时间日期,3797
analogy,ә'nælәdʒi,n.,类比,,,kaoyan-shared english-i english-ii source:netem-2024 category:抽象概念 category:认知与抽象名词,3798
despair,di'spєә,n.,绝望,,,kaoyan-shared english-i english-ii source:netem-2024 category:情感心理,3799
forge,fɒ:dʒ,n.,伪造、建立,,,kaoyan-shared english-i english-ii source:netem-2024 category:动作行为 category:其他动作,3800
hitherto,.hiðә'tu:,adv.,迄今,,,kaoyan-shared english-i english-ii source:netem-2024 category:时间日期,3801
predecessor,.predi'sesә,n.,前任,,,kaoyan-shared english-i english-ii source:netem-2024 category:职业工作,3802
whereby,(h)weә'bai,adv.,凭借,,,kaoyan-shared english-i english-ii source:netem-2024 category:抽象概念 category:逻辑与关系,3803
aboard,ә'bɒ:d,adv.,上船、在船上,,,kaoyan-shared english-i english-ii source:netem-2024 category:空间地点,3804
beard,biәd,n.,胡须,,,kaoyan-shared english-i english-ii source:netem-2024 category:人类与社会,3805
bypass,'baipɑ:s,n.,绕开、旁道,,,kaoyan-shared english-i english-ii source:netem-2024 category:交通旅行,3806
chemist,'kemist,n.,化学家,,,kaoyan-shared english-i english-ii source:netem-2024 category:职业工作,3807
chunk,tʃʌŋk,n.,厚块、大片,,,kaoyan-shared english-i english-ii source:netem-2024 category:抽象概念 category:数量与程度,3808
drawback,'drɒ:bæk,n.,缺点,,,kaoyan-shared english-i english-ii source:netem-2024 category:抽象概念 category:认知与抽象名词,3809
economical,.i:kә'nɒmikәl,adj.,经济的,,,kaoyan-shared english-i english-ii source:netem-2024 category:商业经济,3810
ink,iŋk,n.,墨水,,,kaoyan-shared english-i english-ii source:netem-2024 category:日常生活,3811
medieval,.medi'i:vl,adj.,中世纪的,,,kaoyan-shared english-i english-ii source:netem-2024 category:时间日期,3812
nod,nɒd,n.,点头,,,kaoyan-shared english-i english-ii source:netem-2024 category:动作行为 category:身体动作,3813
simplicity,sim'plisiti,n.,简单,,,kaoyan-shared english-i english-ii source:netem-2024 category:抽象概念 category:认知与抽象名词,3814
superstition,.sju:pә'stiʃәn,n.,迷信,,,kaoyan-shared english-i english-ii source:netem-2024 category:文化宗教,3815
triple,'tripl,n.,三倍的,,,kaoyan-shared english-i english-ii source:netem-2024 category:抽象概念 category:数量与程度,3816
unfold,.ʌn'fәuld,vt.,展开,,,kaoyan-shared english-i english-ii source:netem-2024 category:动作行为 category:身体动作,3817
accountant,ә'kauntәnt,n.,会计师,,,kaoyan-shared english-i english-ii source:netem-2024 category:职业工作,3818
bunch,bʌntʃ,n.,束、一群,,,kaoyan-shared english-i english-ii source:netem-2024 category:日常生活,3819
elder,'eldә,n.,年长的、长者,,,kaoyan-shared english-i english-ii source:netem-2024 category:人类与社会,3820
erase,i'reis,vt.,抹去,,,kaoyan-shared english-i english-ii source:netem-2024 category:动作行为 category:身体动作,3821
fearful,'fiәful,adj.,可怕的,,,kaoyan-shared english-i english-ii source:netem-2024 category:情感心理,3822
glow,glәu,n.,光辉,,,kaoyan-shared english-i english-ii source:netem-2024 category:动作行为 category:其他动作,3823
holy,'hәuli,adj.,神圣的,,,kaoyan-shared english-i english-ii source:netem-2024 category:文化宗教,3824
inclusive,in'klu:siv,adj.,在内的、包罗广泛的,,,kaoyan-shared english-i english-ii source:netem-2024 category:抽象概念 category:性质与评价,3825
jar,dʒɑ:,n.,罐子,,,kaoyan-shared english-i english-ii source:netem-2024 category:日常生活,3826
outward,'autwәd,adj.,向外的、向外、在外,,,kaoyan-shared english-i english-ii source:netem-2024 category:空间地点,3827
plague,pleig,n.,瘟疫,,,kaoyan-shared english-i english-ii source:netem-2024 category:健康医疗,3828
refute,ri'fju:t. ri:-,vt.,反驳、驳斥,,,kaoyan-shared english-i english-ii source:netem-2024 category:动作行为 category:其他动作,3829
spontaneous,spɒn'teiniәs,adj.,自然产生的,,,kaoyan-shared english-i english-ii source:netem-2024 category:抽象概念 category:性质与评价,3830
adhere,әd'hiә,vi.,坚持,,,kaoyan-shared english-i english-ii source:netem-2024 category:动作行为 category:使动与影响,3831
aluminum,ә'lu:minәm,n.,铝,,,kaoyan-shared english-i english-ii source:netem-2024 category:科学技术,3832
bleed,bli:d,vi.,流血,,,kaoyan-shared english-i english-ii source:netem-2024 category:健康医疗,3833
catalog,'kætәlɒg,n.,目录,,,kaoyan-shared english-i english-ii source:netem-2024 category:教育学习,3834
erupt,i'rʌpt,vi.,爆发,,,kaoyan-shared english-i english-ii source:netem-2024 category:动作行为 category:其他动作,3835
explosive,ik'splәusiv,n.,炸药,,,kaoyan-shared english-i english-ii source:netem-2024 category:自然环境,3836
fluctuate,'flʌktʃueit,vi.,波动,,,kaoyan-shared english-i english-ii source:netem-2024 category:动作行为 category:使动与影响,3837
fur,fә:,n.,毛皮,,,kaoyan-shared english-i english-ii source:netem-2024 category:交通旅行,3838
gut,gʌt,n.,内脏、肠子,,,kaoyan-shared english-i english-ii source:netem-2024 category:人类与社会,3839
heal,hi:l,vi.,治愈,,,kaoyan-shared english-i english-ii source:netem-2024 category:动作行为 category:其他动作,3840
irritate,'iriteit,vt.,激怒,,,kaoyan-shared english-i english-ii source:netem-2024 category:动作行为 category:使动与影响,3841
liberty,'libәli,n.,自由,,,kaoyan-shared english-i english-ii source:netem-2024 category:政治法律,3842
parcel,'pɑ:sl,n.,包裹,,,kaoyan-shared english-i english-ii source:netem-2024 category:日常生活,3843
sheep,ʃi:p,n.,羊,,,kaoyan-shared english-i english-ii source:netem-2024 category:自然环境,3844
summon,'sʌmәn,vt.,召唤,,,kaoyan-shared english-i english-ii source:netem-2024 category:动作行为 category:社交交互,3845
terminal,'tә:minәl,n.,终点、末端,,,kaoyan-shared english-i english-ii source:netem-2024 category:空间地点,3846
tremble,'trembl,n.,颤抖,,,kaoyan-shared english-i english-ii source:netem-2024 category:动作行为 category:身体动作,3847
tribute,'tribju:t,n.,贡品、称赞,,,kaoyan-shared english-i english-ii source:netem-2024 category:文化宗教,3848
devil,'devәl,n.,魔鬼,,,kaoyan-shared english-i english-ii source:netem-2024 category:文化宗教,3849
diplomatic,.diplә'mætik,adj.,外交的、老练的,,,kaoyan-shared english-i english-ii source:netem-2024 category:政治法律,3850
displace,dis'pleis,vt.,取代,,,kaoyan-shared english-i english-ii source:netem-2024 category:动作行为 category:其他动作,3851
echo,'ekәu,n.,回声,,,kaoyan-shared english-i english-ii source:netem-2024 category:动作行为 category:其他动作,3852
evoke,i'vәuk,vt.,唤起,,,kaoyan-shared english-i english-ii source:netem-2024 category:动作行为 category:心理活动,3853
funeral,'fju:nәrәl,n.,葬礼,,,kaoyan-shared english-i english-ii source:netem-2024 category:文化宗教,3854
mammal,mæmәl,n.,哺乳动物,,,kaoyan-shared english-i english-ii source:netem-2024 category:自然环境,3855
midst,midst,n.,中间,,,kaoyan-shared english-i english-ii source:netem-2024 category:空间地点,3856
offset,'ɒ:fset,n.,抵消,,,kaoyan-shared english-i english-ii source:netem-2024 category:动作行为 category:占有与转移,3857
peasant,'peznt,n.,农民,,,kaoyan-shared english-i english-ii source:netem-2024 category:人类与社会,3858
scold,skәuld,n.,斥责,,,kaoyan-shared english-i english-ii source:netem-2024 category:动作行为 category:其他动作,3859
slump,slʌmp,n.,暴跌,,,kaoyan-shared english-i english-ii source:netem-2024 category:商业经济,3860
tail,teil,n.,尾巴,,,kaoyan-shared english-i english-ii source:netem-2024 category:人类与社会,3861
typewriter,'taip.raitә,n.,打字机,,,kaoyan-shared english-i english-ii source:netem-2024 category:科学技术,3862
accent,'æksәnt,n.,口音,,,kaoyan-shared english-i english-ii source:netem-2024 category:文化宗教,3863
accordance,ә'kɒ:dәns,n.,符合、一致,,,kaoyan-shared english-i english-ii source:netem-2024 category:抽象概念 category:认知与抽象名词,3864
anniversary,æni'vә:sәri,n.,周年纪念,,,kaoyan-shared english-i english-ii source:netem-2024 category:时间日期,3865
banana,bә'nɑ:nә,n.,香蕉,,,kaoyan-shared english-i english-ii source:netem-2024 category:食物营养,3866
bloom,blu:m,n.,花,,,kaoyan-shared english-i english-ii source:netem-2024 category:自然环境,3867
catastrophe,kә'tæstrәfi,n.,大灾难,,,kaoyan-shared english-i english-ii source:netem-2024 category:自然环境,3868
certify,'sә:tifai,v.,证明,,,kaoyan-shared english-i english-ii source:netem-2024 category:动作行为 category:评价与判断,3869
collide,kә'laid,vi.,碰撞,,,kaoyan-shared english-i english-ii source:netem-2024 category:动作行为 category:身体动作,3870
cord,kɒ:d,n.,绳索,,,kaoyan-shared english-i english-ii source:netem-2024 category:日常生活,3871
denial,di'naiәl,n.,否认,,,kaoyan-shared english-i english-ii source:netem-2024 category:情感心理,3872
dormitory,'dɒ:mitәri,n.,集体宿舍,,,kaoyan-shared english-i english-ii source:netem-2024 category:日常生活,3873
lemon,'lemәn,n.,柠檬,,,kaoyan-shared english-i english-ii source:netem-2024 category:食物营养,3874
ounce,auns,n.,盎司,,,kaoyan-shared english-i english-ii source:netem-2024 category:科学技术,3875
pedestrian,pә'destriәn,n.,行人,,,kaoyan-shared english-i english-ii source:netem-2024 category:交通旅行,3876
sail,seil,n.,航行、帆,,,kaoyan-shared english-i english-ii source:netem-2024 category:交通旅行,3877
salad,'sælәd,n.,色拉,,,kaoyan-shared english-i english-ii source:netem-2024 category:食物营养,3878
scenario,si'nɑ:riәu,n.,场景,,,kaoyan-shared english-i english-ii source:netem-2024 category:抽象概念 category:认知与抽象名词,3879
sightseeing,'saitsi:iŋ,n.,游览,,,kaoyan-shared english-i english-ii source:netem-2024 category:交通旅行,3880
silk,silk,n.,丝,,,kaoyan-shared english-i english-ii source:netem-2024 category:交通旅行,3881
slope,slәup,n.,斜坡、倾斜,,,kaoyan-shared english-i english-ii source:netem-2024 category:自然环境,3882
sob,sɒb,vi.,呜咽、哭泣,,,kaoyan-shared english-i english-ii source:netem-2024 category:动作行为 category:身体动作,3883
warfare,'wɒ:fєә,n.,战争,,,kaoyan-shared english-i english-ii source:netem-2024 category:政治法律,3884
juvenile,'dʒu:vinail,n.,青少年,,,kaoyan-shared english-i english-ii source:netem-2024 category:人类与社会,3885
pilgrim,'pilgrim,n.,朝圣者,,,kaoyan-shared english-i english-ii source:netem-2024 category:文化宗教,3886
stadium,'steidiәm,n.,体育场,,,kaoyan-shared english-i english-ii source:netem-2024 category:运动娱乐,3887
evade,i'veid,v.,逃避,,,kaoyan-shared english-i english-ii source:netem-2024 category:动作行为 category:其他动作,3888
saturate,'sætʃәreit,vt.,使饱和、使充满,,,kaoyan-shared english-i english-ii source:netem-2024 category:动作行为 category:使动与影响,3889
token,'tәukәn,n.,象征、象征性的,,,kaoyan-shared english-i english-ii source:netem-2024 category:文化宗教,3890
conscience,'kɒnʃәns,n.,良心,,,kaoyan-shared english-i english-ii source:netem-2024 category:情感心理,3891
continual,kәn'tinjuәl,adj.,不断的,,,kaoyan-shared english-i english-ii source:netem-2024 category:时间日期,3892
diligent,'dilidʒәnt,adj.,勤奋的,,,kaoyan-shared english-i english-ii source:netem-2024 category:情感心理,3893
exemplify,ig'zemplifai,vt.,例证,,,kaoyan-shared english-i english-ii source:netem-2024 category:动作行为 category:身体动作,3894
hail,heil,n.,冰雹,,,kaoyan-shared english-i english-ii source:netem-2024 category:自然环境,3895
numerical,nju:'merikl,adj.,数字的,,,kaoyan-shared english-i english-ii source:netem-2024 category:科学技术,3896
orderly,'ɒ:dәli,adj.,有秩序的、整齐的,,,kaoyan-shared english-i english-ii source:netem-2024 category:抽象概念 category:性质与评价,3897
warrant,'wɒ:rәnt,n.,保证、授权,,,kaoyan-shared english-i english-ii source:netem-2024 category:动作行为 category:评价与判断,3898
comprise,kәm'praiz,vt.,包含,,,kaoyan-shared english-i english-ii source:netem-2024 category:动作行为 category:使动与影响,3899
dental,'dentl,adj.,牙齿的,,,kaoyan-shared english-i english-ii source:netem-2024 category:健康医疗,3900
flavor,'fleivә,n.,风味,,,kaoyan-shared english-i english-ii source:netem-2024 category:食物营养,3901
kilogram,'kilәgræm,n.,公斤,,,kaoyan-shared english-i english-ii source:netem-2024 category:科学技术,3902
preach,pri:tʃ,v.,说教、讲道,,,kaoyan-shared english-i english-ii source:netem-2024 category:动作行为 category:身体动作,3903
presently,'prezntli,adv.,不久、目前,,,kaoyan-shared english-i english-ii source:netem-2024 category:时间日期,3904
prose,prәuz,n.,散文,,,kaoyan-shared english-i english-ii source:netem-2024 category:文化宗教,3905
shark,ʃɑ:k,n.,鲨鱼,,,kaoyan-shared english-i english-ii source:netem-2024 category:自然环境,3906
thirteen,'θә:'ti:n,num.,十三,,,kaoyan-shared english-i english-ii source:netem-2024 category:时间日期,3907
vertical,'vә:tikl,adj.,垂直的,,,kaoyan-shared english-i english-ii source:netem-2024 category:空间地点,3908
administer,әd'ministә,vt.,管理,,,kaoyan-shared english-i english-ii source:netem-2024 category:职业工作,3909
aspire,ә'spaiә,vi.,立志,,,kaoyan-shared english-i english-ii source:netem-2024 category:情感心理,3910
attorney,ә'tә:ni,n.,律师,,,kaoyan-shared english-i english-ii source:netem-2024 category:职业工作,3911
classification,.klæsifi'keiʃәn,n.,分类,,,kaoyan-shared english-i english-ii source:netem-2024 category:教育学习,3912
declaration,.deklә'reiʃәn,n.,宣告、声明,,,kaoyan-shared english-i english-ii source:netem-2024 category:动作行为 category:社交交互,3913
editorial,.edi'tɒ:riәl,n.,社论,,,kaoyan-shared english-i english-ii source:netem-2024 category:教育学习,3914
explicit,ik'splisit,adj.,明确的,,,kaoyan-shared english-i english-ii source:netem-2024 category:抽象概念 category:性质与评价,3915
fruitful,'fru:tful,adj.,富有成效的,,,kaoyan-shared english-i english-ii source:netem-2024 category:抽象概念 category:性质与评价,3916
meantime,'mi:ntaim,n.,同时,,,kaoyan-shared english-i english-ii source:netem-2024 category:时间日期,3917
nightmare,'naitmєә,n.,恶梦,,,kaoyan-shared english-i english-ii source:netem-2024 category:情感心理,3918
ornament,'ɒ:nәmәnt,n.,装饰,,,kaoyan-shared english-i english-ii source:netem-2024 category:日常生活,3919
perpetual,pә'petʃuәl,adj.,永久的,,,kaoyan-shared english-i english-ii source:netem-2024 category:时间日期,3920
pregnant,'pregnәnt,adj.,怀孕的,,,kaoyan-shared english-i english-ii source:netem-2024 category:健康医疗,3921
rally,'ræli,n.,集会,,,kaoyan-shared english-i english-ii source:netem-2024 category:动作行为 category:变化趋势,3922
rebel,'rebl,n.,反抗,,,kaoyan-shared english-i english-ii source:netem-2024 category:动作行为 category:社交交互,3923
successive,sәk'sesiv,adj.,连续的,,,kaoyan-shared english-i english-ii source:netem-2024 category:时间日期,3924
tin,tin,n.,锡,,,kaoyan-shared english-i english-ii source:netem-2024 category:科学技术,3925
warehouse,'wєәhaus,n.,仓库,,,kaoyan-shared english-i english-ii source:netem-2024 category:日常生活,3926
wit,wit,n.,机智、才智,,,kaoyan-shared english-i english-ii source:netem-2024 category:情感心理,3927
arithmetic,ә'riθmәtik,n.,算术,,,kaoyan-shared english-i english-ii source:netem-2024 category:教育学习,3928
axis,'æksis,n.,轴,,,kaoyan-shared english-i english-ii source:netem-2024 category:科学技术,3929
brisk,brisk,adj.,轻快的、活跃的,,,kaoyan-shared english-i english-ii source:netem-2024 category:动作行为 category:其他动作,3930
cage,keidʒ,n.,笼子,,,kaoyan-shared english-i english-ii source:netem-2024 category:日常生活,3931
casualty,'kæʒjuәlti,n.,事故,,,kaoyan-shared english-i english-ii source:netem-2024 category:健康医疗,3932
certainty,'sә:tәnti,n.,确定,,,kaoyan-shared english-i english-ii source:netem-2024 category:抽象概念 category:认知与抽象名词,3933
clause,klɒ:z,n.,条款,,,kaoyan-shared english-i english-ii source:netem-2024 category:教育学习,3934
curse,kә:s,n.,诅咒,,,kaoyan-shared english-i english-ii source:netem-2024 category:动作行为 category:其他动作,3935
disguise,dis'gaiz,n.,伪装,,,kaoyan-shared english-i english-ii source:netem-2024 category:动作行为 category:身体动作,3936
doorway,'dɒ:wei,n.,门口,,,kaoyan-shared english-i english-ii source:netem-2024 category:日常生活,3937
faithful,'feiθful,adj.,忠实的,,,kaoyan-shared english-i english-ii source:netem-2024 category:情感心理,3938
ghost,gәust,n.,鬼魂,,,kaoyan-shared english-i english-ii source:netem-2024 category:文化宗教,3939
greedy,'gri:di,adj.,贪婪的,,,kaoyan-shared english-i english-ii source:netem-2024 category:情感心理,3940
illustration,.ilә'streiʃәn,n.,插图、说明,,,kaoyan-shared english-i english-ii source:netem-2024 category:教育学习,3941
imaginary,i'mædʒinәri,adj.,虚构的,,,kaoyan-shared english-i english-ii source:netem-2024 category:情感心理,3942
marginal,'mɑ:dʒinәl,adj.,微小的、边际的,,,kaoyan-shared english-i english-ii source:netem-2024 category:抽象概念 category:性质与评价,3943
obsession,әb'seʃәn,n.,困扰,,,kaoyan-shared english-i english-ii source:netem-2024 category:情感心理,3944
offensive,ә'fensiv,adj.,冒犯的、进攻性的,,,kaoyan-shared english-i english-ii source:netem-2024 category:情感心理,3945
petroleum,pә'trәuliәm,n.,石油,,,kaoyan-shared english-i english-ii source:netem-2024 category:科学技术,3946
ponder,'pɒndә,v.,考虑,,,kaoyan-shared english-i english-ii source:netem-2024 category:动作行为 category:身体动作,3947
port,pɒ:t,n.,港口,,,kaoyan-shared english-i english-ii source:netem-2024 category:交通旅行,3948
safeguard,'seifgɑ:d,n.,保护,,,kaoyan-shared english-i english-ii source:netem-2024 category:动作行为 category:身体动作,3949
signify,'signifai,vt.,表示、意味着,,,kaoyan-shared english-i english-ii source:netem-2024 category:动作行为 category:评价与判断,3950
simulate,'simjuleit,vt.,模拟、冒充,,,kaoyan-shared english-i english-ii source:netem-2024 category:动作行为 category:身体动作,3951
sphere,sfiә,n.,球,,,kaoyan-shared english-i english-ii source:netem-2024 category:科学技术,3952
thumb,θʌm,n.,拇指,,,kaoyan-shared english-i english-ii source:netem-2024 category:人类与社会,3953
transparent,træns'pærәnt,adj.,透明的,,,kaoyan-shared english-i english-ii source:netem-2024 category:抽象概念 category:性质与评价,3954
album,'ælbәm,n.,相册,,,kaoyan-shared english-i english-ii source:netem-2024 category:文化宗教,3955
analyse,'ænәlaiz,vt.,分析,,,kaoyan-shared english-i english-ii source:netem-2024 category:动作行为 category:评价与判断,3956
arbitrary,'ɑ:bitrәri,adj.,任意的,,,kaoyan-shared english-i english-ii source:netem-2024 category:抽象概念 category:性质与评价,3957
arrogant,'ærәɡәnt,adj.,傲慢的,,,kaoyan-shared english-i english-ii source:netem-2024 category:情感心理,3958
candle,'kændl,n.,蜡烛,,,kaoyan-shared english-i english-ii source:netem-2024 category:日常生活,3959
closet,'klɒzit,n.,壁橱,,,kaoyan-shared english-i english-ii source:netem-2024 category:日常生活,3960
duplicate,'dju:plikeit,n.,重复,,,kaoyan-shared english-i english-ii source:netem-2024 category:动作行为 category:身体动作,3961
evaporate,i'væpәreit,vi.,蒸发,,,kaoyan-shared english-i english-ii source:netem-2024 category:动作行为 category:变化趋势,3962
ferry,'feri,n.,渡船,,,kaoyan-shared english-i english-ii source:netem-2024 category:交通旅行,3963
gossip,'gɒsip,n.,闲话,,,kaoyan-shared english-i english-ii source:netem-2024 category:情感心理,3964
hopeful,'hәupful,n.,有希望的,,,kaoyan-shared english-i english-ii source:netem-2024 category:情感心理,3965
immerse,i'mә:s,vt.,浸,,,kaoyan-shared english-i english-ii source:netem-2024 category:动作行为 category:身体动作,3966
impart,im'pɑ:t,vt.,传授,,,kaoyan-shared english-i english-ii source:netem-2024 category:动作行为 category:社交交互,3967
intimidate,in'timideit,vt.,恐吓、威胁,,,kaoyan-shared english-i english-ii source:netem-2024 category:动作行为 category:社交交互,3968
neat,ni:t,adj.,整洁的,,,kaoyan-shared english-i english-ii source:netem-2024 category:情感心理,3969
omit,әu'mit,vt.,省略,,,kaoyan-shared english-i english-ii source:netem-2024 category:动作行为 category:其他动作,3970
prosper,'prɒspә,vi.,成功,,,kaoyan-shared english-i english-ii source:netem-2024 category:动作行为 category:使动与影响,3971
scarce,skɑ:s,adj.,稀少的、罕见的,,,kaoyan-shared english-i english-ii source:netem-2024 category:抽象概念 category:性质与评价,3972
thunder,'θʌndә,n.,闪电,,,kaoyan-shared english-i english-ii source:netem-2024 category:自然环境,3973
timber,'timbә,n.,木材,,,kaoyan-shared english-i english-ii source:netem-2024 category:自然环境,3974
accessory,әk'sesәri,n.,配件,,,kaoyan-shared english-i english-ii source:netem-2024 category:日常生活,3975
awe,ɒ:,n.,敬畏,,,kaoyan-shared english-i english-ii source:netem-2024 category:情感心理,3976
bath,bæθ.bɑ:θ,n.,洗澡,,,kaoyan-shared english-i english-ii source:netem-2024 category:日常生活,3977
bully,'buli,n.,欺负,,,kaoyan-shared english-i english-ii source:netem-2024 category:动作行为 category:身体动作,3978
carriage,'kæridʒ,n.,运输、四轮马车,,,kaoyan-shared english-i english-ii source:netem-2024 category:交通旅行,3979
cube,kju:b,n.,立方,,,kaoyan-shared english-i english-ii source:netem-2024 category:科学技术,3980
elevator,'eliveitә,n.,电梯、升降机,,,kaoyan-shared english-i english-ii source:netem-2024 category:日常生活,3981
fixture,'fikstʃә,n.,固定装置,,,kaoyan-shared english-i english-ii source:netem-2024 category:日常生活,3982
honey,'hʌni,n.,蜂蜜,,,kaoyan-shared english-i english-ii source:netem-2024 category:食物营养,3983
infectious,in'fekʃәs,adj.,传染的,,,kaoyan-shared english-i english-ii source:netem-2024 category:健康医疗,3984
lamb,læm,n.,羔羊,,,kaoyan-shared english-i english-ii source:netem-2024 category:自然环境,3985
merchant,'mә:tʃәnt,n.,商人,,,kaoyan-shared english-i english-ii source:netem-2024 category:职业工作,3986
pitch,pitʃ,n.,球场、投,,,kaoyan-shared english-i english-ii source:netem-2024 category:动作行为 category:身体动作,3987
polar,'pәulә,adj.,极性,,,kaoyan-shared english-i english-ii source:netem-2024 category:自然环境,3988
reassure,.ri:ә'ʃuә,vt.,再保证,,,kaoyan-shared english-i english-ii source:netem-2024 category:动作行为 category:使动与影响,3989
sand,sænd,n.,沙,,,kaoyan-shared english-i english-ii source:netem-2024 category:自然环境,3990
scrape,skreip,n.,擦伤、刮掉,,,kaoyan-shared english-i english-ii source:netem-2024 category:动作行为 category:身体动作,3991
sorrow,'sɒrәu,n.,悲伤,,,kaoyan-shared english-i english-ii source:netem-2024 category:情感心理,3992
ugly,'ʌgli,adj.,丑陋的,,,kaoyan-shared english-i english-ii source:netem-2024 category:情感心理,3993
whoever,hu'evә,pron.,任何人、不管谁,,,kaoyan-shared english-i english-ii source:netem-2024 category:人类与社会,3994
captive,'kæptiv,n.,俘虏,,,kaoyan-shared english-i english-ii source:netem-2024 category:人类与社会,3995
cosmic,'kɒzmik,adj.,宇宙的,,,kaoyan-shared english-i english-ii source:netem-2024 category:自然环境,3996
cucumber,'kju:kәmbә,n.,黄瓜,,,kaoyan-shared english-i english-ii source:netem-2024 category:食物营养,3997
grape,greip,n.,葡萄,,,kaoyan-shared english-i english-ii source:netem-2024 category:食物营养,3998
eyebrow,'aibrau,n.,眉毛,,,kaoyan-shared english-i english-ii source:netem-2024 category:人类与社会,3999
heroin,'herәuin,n.,海洛因,,,kaoyan-shared english-i english-ii source:netem-2024 category:健康医疗,4000
apparatus,.æpә'reitәs,n.,装置,,,kaoyan-shared english-i english-ii source:netem-2024 category:科学技术,4001
coherent,kәu'hiәrәnt,adj.,一致的、连贯的,,,kaoyan-shared english-i english-ii source:netem-2024 category:抽象概念 category:性质与评价,4002
shot,ʃɒt,n.,开枪、发射、拍摄,,,kaoyan-shared english-i english-ii source:netem-2024 category:动作行为 category:身体动作,4003
mock,mɒk,n.,嘲笑、模仿,,,kaoyan-shared english-i english-ii source:netem-2024 category:动作行为 category:身体动作,4004
opening,'әupәniŋ,n.,开幕,,,kaoyan-shared english-i english-ii source:netem-2024 category:空间地点,4005
tractor,'træktә,n.,牵引车,,,kaoyan-shared english-i english-ii source:netem-2024 category:自然环境,4006
deploy,di'plɒi,v.,部署,,,kaoyan-shared english-i english-ii source:netem-2024 category:动作行为 category:使动与影响,4007
dome,dәum,n.,圆屋顶,,,kaoyan-shared english-i english-ii source:netem-2024 category:空间地点,4008
lottery,'lɒtәri,n.,彩票,,,kaoyan-shared english-i english-ii source:netem-2024 category:商业经济,4009
monster,'mɒnstә,n.,怪物,,,kaoyan-shared english-i english-ii source:netem-2024 category:自然环境,4010
constituent,kәn'stitjuәnt,n.,成分,,,kaoyan-shared english-i english-ii source:netem-2024 category:政治法律,4011
eighteen,'ei'ti:n,num.,十八,,,kaoyan-shared english-i english-ii source:netem-2024 category:时间日期,4012
emigrate,'emigreit,v.,移民,,,kaoyan-shared english-i english-ii source:netem-2024 category:动作行为 category:其他动作,4013
hatred,'heitrid,n.,仇恨,,,kaoyan-shared english-i english-ii source:netem-2024 category:情感心理,4014
indicative,in'dikәtiv,adj.,指示的、陈述语气,,,kaoyan-shared english-i english-ii source:netem-2024 category:抽象概念 category:性质与评价,4015
lounge,laundʒ,n.,休息室,,,kaoyan-shared english-i english-ii source:netem-2024 category:日常生活,4016
ore,ɒ:,n.,矿,,,kaoyan-shared english-i english-ii source:netem-2024 category:自然环境,4017
pastime,'pæstaim,n.,消遣,,,kaoyan-shared english-i english-ii source:netem-2024 category:运动娱乐,4018
plead,pli:d,vi.,恳求,,,kaoyan-shared english-i english-ii source:netem-2024 category:动作行为 category:身体动作,4019
recur,ri'kә:,vi.,重现,,,kaoyan-shared english-i english-ii source:netem-2024 category:动作行为 category:其他动作,4020
soak,sәuk,n.,浸,,,kaoyan-shared english-i english-ii source:netem-2024 category:动作行为 category:其他动作,4021
sunrise,'sʌnraiz,n.,日出,,,kaoyan-shared english-i english-ii source:netem-2024 category:时间日期,4022
susceptible,sә'septәbl,adj.,易受感染的,,,kaoyan-shared english-i english-ii source:netem-2024 category:抽象概念 category:性质与评价,4023
agony,'ægәni,n.,极度痛苦,,,kaoyan-shared english-i english-ii source:netem-2024 category:情感心理,4024
bizarre,bi'zɑ:,adj.,奇异的,,,kaoyan-shared english-i english-ii source:netem-2024 category:抽象概念 category:性质与评价,4025
conversely,'kɔnv\\\\:sli,adv.,相反地,,,kaoyan-shared english-i english-ii source:netem-2024 category:抽象概念 category:逻辑与关系,4026
dedicate,'dedikeit,vt.,致力于,,,kaoyan-shared english-i english-ii source:netem-2024 category:动作行为 category:其他动作,4027
extinguish,ik'stiŋgwiʃ,vt.,扑灭,,,kaoyan-shared english-i english-ii source:netem-2024 category:动作行为 category:身体动作,4028
fetch,fetʃ,n.,取来,,,kaoyan-shared english-i english-ii source:netem-2024 category:动作行为 category:身体动作,4029
glove,glʌv,n.,手套,,,kaoyan-shared english-i english-ii source:netem-2024 category:交通旅行,4030
incur,in'kә:,vt.,招致,,,kaoyan-shared english-i english-ii source:netem-2024 category:动作行为 category:其他动作,4031
invalid,in'vælid,n.,无效的,,,kaoyan-shared english-i english-ii source:netem-2024 category:健康医疗,4032
loosen,lu:sn,vt.,放松,,,kaoyan-shared english-i english-ii source:netem-2024 category:动作行为 category:其他动作,4033
orchestra,'ɒ:kistrә,n.,管弦乐队,,,kaoyan-shared english-i english-ii source:netem-2024 category:运动娱乐,4034
pottery,'pɒtәri,n.,陶器,,,kaoyan-shared english-i english-ii source:netem-2024 category:日常生活,4035
quantitative,'kwɒntitәtiv,adj.,定量的,,,kaoyan-shared english-i english-ii source:netem-2024 category:抽象概念 category:性质与评价,4036
spectacle,'spektәkl,n.,景象、奇观,,,kaoyan-shared english-i english-ii source:netem-2024 category:运动娱乐,4037
stripe,straip,n.,条纹,,,kaoyan-shared english-i english-ii source:netem-2024 category:交通旅行,4038
viewpoint,'vju:pɒint,n.,观点,,,kaoyan-shared english-i english-ii source:netem-2024 category:情感心理,4039
alternate,'ɒ:ltәnәt,adj.,交替,,,kaoyan-shared english-i english-ii source:netem-2024 category:动作行为 category:身体动作,4040
attendant,ә'tendәnt,n.,服务员,,,kaoyan-shared english-i english-ii source:netem-2024 category:职业工作,4041
ballet,'bælei,n.,芭蕾舞,,,kaoyan-shared english-i english-ii source:netem-2024 category:运动娱乐,4042
clash,klæʃ,n.,冲突,,,kaoyan-shared english-i english-ii source:netem-2024 category:动作行为 category:身体动作,4043
comic,'kɒmik,n.,喜剧演员、滑稽的,,,kaoyan-shared english-i english-ii source:netem-2024 category:运动娱乐,4044
converge,kәn'vә:dʒ,vi.,会聚、集中,,,kaoyan-shared english-i english-ii source:netem-2024 category:动作行为 category:变化趋势,4045
correspondence,.kɒri'spɒndәns,n.,通信,,,kaoyan-shared english-i english-ii source:netem-2024 category:情感心理,4046
costume,'kɒstju:m,n.,服装,,,kaoyan-shared english-i english-ii source:netem-2024 category:交通旅行,4047
designate,'dezigneit,vt.,指定,,,kaoyan-shared english-i english-ii source:netem-2024 category:动作行为 category:社交交互,4048
eve,i:v,n.,前夕,,,kaoyan-shared english-i english-ii source:netem-2024 category:时间日期,4049
explode,ik'splәud,vi.,爆炸,,,kaoyan-shared english-i english-ii source:netem-2024 category:动作行为 category:使动与影响,4050
handwriting,'hændraitiŋ,n.,笔迹,,,kaoyan-shared english-i english-ii source:netem-2024 category:教育学习,4051
invasion,in'veiʒәn,n.,侵略,,,kaoyan-shared english-i english-ii source:netem-2024 category:政治法律,4052
jewelry,'dʒu:әlri,n.,珠宝,,,kaoyan-shared english-i english-ii source:netem-2024 category:交通旅行,4053
layoff,'leiɒf,n.,临时解雇、操作停止,,,kaoyan-shared english-i english-ii source:netem-2024 category:职业工作,4054
messenger,'mesindʒә,n.,报信者,,,kaoyan-shared english-i english-ii source:netem-2024 category:职业工作,4055
oral,'ɒ:rәl,n.,口述的,,,kaoyan-shared english-i english-ii source:netem-2024 category:教育学习,4056
outbreak,'autbreik,n.,爆发,,,kaoyan-shared english-i english-ii source:netem-2024 category:动作行为 category:其他动作,4057
portrait,'pɒ:treit,n.,肖像,,,kaoyan-shared english-i english-ii source:netem-2024 category:运动娱乐,4058
procession,prә'seʃәn,n.,队伍,,,kaoyan-shared english-i english-ii source:netem-2024 category:运动娱乐,4059
recognise,'rekә^naiz,vt.,意识到、认可,,,kaoyan-shared english-i english-ii source:netem-2024 category:动作行为 category:评价与判断,4060
southeast,sauθ'i:st,n.,东南,,,kaoyan-shared english-i english-ii source:netem-2024 category:空间地点,4061
standpoint,'stændpɒint,n.,立场,,,kaoyan-shared english-i english-ii source:netem-2024 category:情感心理,4062
string,striŋ,n.,线、弦、一串,,,kaoyan-shared english-i english-ii source:netem-2024 category:日常生活,4063
stroll,strәul,n.,漫步,,,kaoyan-shared english-i english-ii source:netem-2024 category:动作行为 category:其他动作,4064
stumble,'stʌmbl,n.,绊倒、蹒跚,,,kaoyan-shared english-i english-ii source:netem-2024 category:动作行为 category:社交交互,4065
temperament,'temprәmәnt,n.,气质,,,kaoyan-shared english-i english-ii source:netem-2024 category:情感心理,4066
transistor,træn'zistә,n.,晶体管,,,kaoyan-shared english-i english-ii source:netem-2024 category:科学技术,4067
verse,vә:s,n.,诗,,,kaoyan-shared english-i english-ii source:netem-2024 category:文化宗教,4068
void,vɒid,n.,空白、无效的、空虚,,,kaoyan-shared english-i english-ii source:netem-2024 category:抽象概念 category:性质与评价,4069
adverse,'ædvә:s,adj.,不利的,,,kaoyan-shared english-i english-ii source:netem-2024 category:抽象概念 category:性质与评价,4070
amplify,'æmplifai,vt.,扩大,,,kaoyan-shared english-i english-ii source:netem-2024 category:动作行为 category:社交交互,4071
bacon,'beikәn,n.,培根、熏肉,,,kaoyan-shared english-i english-ii source:netem-2024 category:食物营养,4072
butterfly,'bʌtәflai,n.,蝴蝶,,,kaoyan-shared english-i english-ii source:netem-2024 category:自然环境,4073
cargo,'kɑ:gәu,n.,货物,,,kaoyan-shared english-i english-ii source:netem-2024 category:商业经济,4074
chill,tʃil,n.,寒冷、寒冷的,,,kaoyan-shared english-i english-ii source:netem-2024 category:健康医疗,4075
commonplace,'kɒmәnpleis,n.,平凡的、老生常谈,,,kaoyan-shared english-i english-ii source:netem-2024 category:抽象概念 category:性质与评价,4076
compact,kәm'pækt,adj.,紧凑的,,,kaoyan-shared english-i english-ii source:netem-2024 category:抽象概念 category:性质与评价,4077
concession,kәn'seʃәn,n.,让步,,,kaoyan-shared english-i english-ii source:netem-2024 category:政治法律,4078
confuse,kәn'fju:z,vt.,混淆,,,kaoyan-shared english-i english-ii source:netem-2024 category:动作行为 category:使动与影响,4079
convict,kәn'vikt,n.,罪犯,,,kaoyan-shared english-i english-ii source:netem-2024 category:动作行为 category:评价与判断,4080
dwarf,dwɒ:f,n.,侏儒,,,kaoyan-shared english-i english-ii source:netem-2024 category:人类与社会,4081
embark,im'bɑ:k,vi.,着手,,,kaoyan-shared english-i english-ii source:netem-2024 category:动作行为 category:身体动作,4082
embed,im'bed,vt.,嵌入,,,kaoyan-shared english-i english-ii source:netem-2024 category:动作行为 category:身体动作,4083
fuss,fʌs,n.,大惊小怪,,,kaoyan-shared english-i english-ii source:netem-2024 category:情感心理,4084
namely,'neimli,adv.,即,,,kaoyan-shared english-i english-ii source:netem-2024 category:抽象概念 category:逻辑与关系,4085
permeate,'pә:mieit,vt.,渗透,,,kaoyan-shared english-i english-ii source:netem-2024 category:动作行为 category:变化趋势,4086
resemblance,ri'zemblәns,n.,相似,,,kaoyan-shared english-i english-ii source:netem-2024 category:抽象概念 category:认知与抽象名词,4087
sometime,'sʌmtaim,adj.,改天、来日,,,kaoyan-shared english-i english-ii source:netem-2024 category:时间日期,4088
staple,'steipl,n.,主要的、订书钉,,,kaoyan-shared english-i english-ii source:netem-2024 category:日常生活,4089
suck,sʌk,vt.,吸,,,kaoyan-shared english-i english-ii source:netem-2024 category:动作行为 category:身体动作,4090
terror,'terә,n.,恐惧,,,kaoyan-shared english-i english-ii source:netem-2024 category:情感心理,4091
tonight,tә'nait,n.,今晚,,,kaoyan-shared english-i english-ii source:netem-2024 category:时间日期,4092
wardrobe,'wɒ:drәub,n.,衣柜,,,kaoyan-shared english-i english-ii source:netem-2024 category:日常生活,4093
wreck,rek,n.,残骸、破坏,,,kaoyan-shared english-i english-ii source:netem-2024 category:动作行为 category:使动与影响,4094
blouse,blauz,n.,女衬衫,,,kaoyan-shared english-i english-ii source:netem-2024 category:交通旅行,4095
bow,bәu.bau,n.,鞠躬,,,kaoyan-shared english-i english-ii source:netem-2024 category:动作行为 category:身体动作,4096
cafeteria,.kæfi'tiәriә,n.,自助餐厅,,,kaoyan-shared english-i english-ii source:netem-2024 category:食物营养,4097
cheek,tʃi:k,n.,脸颊,,,kaoyan-shared english-i english-ii source:netem-2024 category:人类与社会,4098
compatible,kәm'pætәbl,adj.,兼容,,,kaoyan-shared english-i english-ii source:netem-2024 category:抽象概念 category:性质与评价,4099
courtyard,'kɒ:tjɑ:d,n.,院子,,,kaoyan-shared english-i english-ii source:netem-2024 category:日常生活,4100
descent,di'sent,n.,下降,,,kaoyan-shared english-i english-ii source:netem-2024 category:空间地点,4101
dessert,di'zә:t,n.,甜点,,,kaoyan-shared english-i english-ii source:netem-2024 category:食物营养,4102
excursion,ik'skә:ʒәn,n.,远足,,,kaoyan-shared english-i english-ii source:netem-2024 category:交通旅行,4103
expel,ik'spel,vt.,驱逐,,,kaoyan-shared english-i english-ii source:netem-2024 category:动作行为 category:其他动作,4104
fax,fæks,n.,传真,,,kaoyan-shared english-i english-ii source:netem-2024 category:科学技术,4105
fisherman,'fiʃәmәn,n.,渔夫,,,kaoyan-shared english-i english-ii source:netem-2024 category:职业工作,4106
fleet,fli:t,n.,舰队,,,kaoyan-shared english-i english-ii source:netem-2024 category:交通旅行,4107
graphic,'græfik,adj.,图表,,,kaoyan-shared english-i english-ii source:netem-2024 category:科学技术,4108
haul,hɒ:l,n.,拖、拉,,,kaoyan-shared english-i english-ii source:netem-2024 category:动作行为 category:身体动作,4109
hell,hel,n.,地狱,,,kaoyan-shared english-i english-ii source:netem-2024 category:文化宗教,4110
ingenious,in'dʒi:njәs,adj.,精巧的、有独创性的,,,kaoyan-shared english-i english-ii source:netem-2024 category:情感心理,4111
kiss,kis,n.,亲吻,,,kaoyan-shared english-i english-ii source:netem-2024 category:动作行为 category:其他动作,4112
meditation,.medi'teiʃәn,n.,冥想,,,kaoyan-shared english-i english-ii source:netem-2024 category:动作行为 category:心理活动,4113
merchandise,'mә:tʃәndaiz,n.,商品,,,kaoyan-shared english-i english-ii source:netem-2024 category:商业经济,4114
oppress,ә'pres,vt.,压迫,,,kaoyan-shared english-i english-ii source:netem-2024 category:动作行为 category:身体动作,4115
repetition,.repi'tiʃәn,n.,重复,,,kaoyan-shared english-i english-ii source:netem-2024 category:动作行为 category:其他动作,4116
rod,rɒd,n.,杆,,,kaoyan-shared english-i english-ii source:netem-2024 category:日常生活,4117
rub,rʌb,n.,擦,,,kaoyan-shared english-i english-ii source:netem-2024 category:动作行为 category:身体动作,4118
script,skript,n.,脚本,,,kaoyan-shared english-i english-ii source:netem-2024 category:文化宗教,4119
smash,smæʃ,n.,粉碎、打碎,,,kaoyan-shared english-i english-ii source:netem-2024 category:动作行为 category:身体动作,4120
solemn,'sɒlәm,adj.,庄严的,,,kaoyan-shared english-i english-ii source:netem-2024 category:情感心理,4121
solitary,'sɒlitәri,n.,孤独的,,,kaoyan-shared english-i english-ii source:netem-2024 category:情感心理,4122
successor,sәk'sesә,n.,接班人,,,kaoyan-shared english-i english-ii source:netem-2024 category:人类与社会,4123
sway,swei,n.,影响、摇摆,,,kaoyan-shared english-i english-ii source:netem-2024 category:动作行为 category:身体动作,4124
testimony,'testimәni,n.,证明,,,kaoyan-shared english-i english-ii source:netem-2024 category:政治法律,4125
weed,wi:d,n.,杂草,,,kaoyan-shared english-i english-ii source:netem-2024 category:自然环境,4126
auction,'ɒ:kʃәn,n.,拍卖,,,kaoyan-shared english-i english-ii source:netem-2024 category:商业经济,4127
clip,klip,n.,修剪、夹子,,,kaoyan-shared english-i english-ii source:netem-2024 category:动作行为 category:身体动作,4128
corrupt,kә'rʌpt,adj.,腐败,,,kaoyan-shared english-i english-ii source:netem-2024 category:动作行为 category:占有与转移,4129
garment,'gɑ:mәnt,n.,衣服,,,kaoyan-shared english-i english-ii source:netem-2024 category:交通旅行,4130
colonial,kә'lәunjәl,adj.,殖民地的,,,kaoyan-shared english-i english-ii source:netem-2024 category:政治法律,4131
conductor,kәn'dʌktә,n.,指挥、导体,,,kaoyan-shared english-i english-ii source:netem-2024 category:科学技术,4132
cripple,'kripl,n.,跛子、削弱,,,kaoyan-shared english-i english-ii source:netem-2024 category:健康医疗,4133
mandate,'mændeit,n.,授权,,,kaoyan-shared english-i english-ii source:netem-2024 category:政治法律,4134
microscope,'maikrәuskәup,n.,显微镜,,,kaoyan-shared english-i english-ii source:netem-2024 category:科学技术,4135
reign,rein,v.,统治,,,kaoyan-shared english-i english-ii source:netem-2024 category:动作行为 category:社交交互,4136
verdict,'vә:dikt,n.,裁决,,,kaoyan-shared english-i english-ii source:netem-2024 category:政治法律,4137
augment,ɒ:g'ment,v.,增加,,,kaoyan-shared english-i english-ii source:netem-2024 category:动作行为 category:使动与影响,4138
carve,kɑ:v,v.,雕刻,,,kaoyan-shared english-i english-ii source:netem-2024 category:动作行为 category:身体动作,4139
compile,kәm'pail,vt.,编译,,,kaoyan-shared english-i english-ii source:netem-2024 category:动作行为 category:身体动作,4140
foremost,'fәumәust,adj.,最重要的,,,kaoyan-shared english-i english-ii source:netem-2024 category:抽象概念 category:性质与评价,4141
gasp,gæsp,n.,喘气、喘息,,,kaoyan-shared english-i english-ii source:netem-2024 category:动作行为 category:身体动作,4142
hygiene,'haidʒi:n,n.,卫生,,,kaoyan-shared english-i english-ii source:netem-2024 category:健康医疗,4143
negligible,'neglidʒәbl,adj.,微不足道的,,,kaoyan-shared english-i english-ii source:netem-2024 category:抽象概念 category:性质与评价,4144
penny,'peni,n.,便士,,,kaoyan-shared english-i english-ii source:netem-2024 category:商业经济,4145
soap,sәup,n.,肥皂,,,kaoyan-shared english-i english-ii source:netem-2024 category:日常生活,4146
statesman,'steitsmәn,n.,政治家,,,kaoyan-shared english-i english-ii source:netem-2024 category:政治法律,4147
stationary,'steiʃ(ә)nәri,adj.,稳定的,,,kaoyan-shared english-i english-ii source:netem-2024 category:抽象概念 category:性质与评价,4148
tentative,'tentәtiv,n.,暂时的,,,kaoyan-shared english-i english-ii source:netem-2024 category:抽象概念 category:性质与评价,4149
uphold,ʌp'hәuld,vt.,维护,,,kaoyan-shared english-i english-ii source:netem-2024 category:动作行为 category:身体动作,4150
agreeable,ә'griәbl,adj.,愉快的,,,kaoyan-shared english-i english-ii source:netem-2024 category:情感心理,4151
anecdote,'ænikdәut,n.,轶事,,,kaoyan-shared english-i english-ii source:netem-2024 category:文化宗教,4152
discourse,'diskɒ:s,n.,讨论、谈话,,,kaoyan-shared english-i english-ii source:netem-2024 category:动作行为 category:社交交互,4153
dot,dɒt,n.,点缀,,,kaoyan-shared english-i english-ii source:netem-2024 category:日常生活,4154
flatter,'flætә,vt.,奉承,,,kaoyan-shared english-i english-ii source:netem-2024 category:动作行为 category:使动与影响,4155
knot,nɒt,n.,结,,,kaoyan-shared english-i english-ii source:netem-2024 category:日常生活,4156
mercy,'mә:si,n.,仁慈,,,kaoyan-shared english-i english-ii source:netem-2024 category:情感心理,4157
naive,nɑ:'i:v,adj.,天真的,,,kaoyan-shared english-i english-ii source:netem-2024 category:情感心理,4158
outset,'autset,n.,开始,,,kaoyan-shared english-i english-ii source:netem-2024 category:时间日期,4159
sacred,'seikrid,adj.,神圣的,,,kaoyan-shared english-i english-ii source:netem-2024 category:文化宗教,4160
sovereign,'sɒvrin,n.,君主、至高无上的,,,kaoyan-shared english-i english-ii source:netem-2024 category:政治法律,4161
turbulent,'tә:bjulәnt,adj.,动荡的、狂暴的,,,kaoyan-shared english-i english-ii source:netem-2024 category:抽象概念 category:性质与评价,4162
vicious,'viʃәs,adj.,恶毒的,,,kaoyan-shared english-i english-ii source:netem-2024 category:情感心理,4163
ample,'æmpl,adj.,充足的,,,kaoyan-shared english-i english-ii source:netem-2024 category:抽象概念 category:数量与程度,4164
atom,'ætәm,n.,原子,,,kaoyan-shared english-i english-ii source:netem-2024 category:科学技术,4165
banquet,'bæŋkwit,n.,宴会,,,kaoyan-shared english-i english-ii source:netem-2024 category:日常生活,4166
bleak,bli:k,adj.,萧瑟的、无希望的,,,kaoyan-shared english-i english-ii source:netem-2024 category:自然环境,4167
concise,kәn'sais,adj.,简明的,,,kaoyan-shared english-i english-ii source:netem-2024 category:抽象概念 category:性质与评价,4168
disperse,dis'pә:s,vt.,分散,,,kaoyan-shared english-i english-ii source:netem-2024 category:动作行为 category:变化趋势,4169
dividend,'dividend,n.,被除数、股息,,,kaoyan-shared english-i english-ii source:netem-2024 category:商业经济,4170
documentary,.dɒkju'mentәri,n.,纪录片,,,kaoyan-shared english-i english-ii source:netem-2024 category:教育学习,4171
exempt,ig'zempt,n.,免除,,,kaoyan-shared english-i english-ii source:netem-2024 category:动作行为 category:其他动作,4172
facet,'fæsit,n.,方面,,,kaoyan-shared english-i english-ii source:netem-2024 category:抽象概念 category:认知与抽象名词,4173
freight,'freit,n.,货运,,,kaoyan-shared english-i english-ii source:netem-2024 category:商业经济,4174
hover,'hʌvә,vi.,盘旋,,,kaoyan-shared english-i english-ii source:netem-2024 category:动作行为 category:起始与终止,4175
hum,hʌm,n.,哼、嗡嗡声,,,kaoyan-shared english-i english-ii source:netem-2024 category:动作行为 category:其他动作,4176
impair,im'pєә,vt.,损害,,,kaoyan-shared english-i english-ii source:netem-2024 category:动作行为 category:使动与影响,4177
levy,'levi,n.,征收,,,kaoyan-shared english-i english-ii source:netem-2024 category:商业经济,4178
mainland,'meinlәnd,n.,洲、大陆,,,kaoyan-shared english-i english-ii source:netem-2024 category:空间地点,4179
northeast,.nɒ:θ'i:st,n.,东北,,,kaoyan-shared english-i english-ii source:netem-2024 category:空间地点,4180
notorious,nәu'tɒ:riәs,adj.,臭名昭著的,,,kaoyan-shared english-i english-ii source:netem-2024 category:情感心理,4181
pamphlet,'pæmflit,n.,小册子,,,kaoyan-shared english-i english-ii source:netem-2024 category:教育学习,4182
periodical,.piәri'ɒdikl,n.,期刊,,,kaoyan-shared english-i english-ii source:netem-2024 category:教育学习,4183
perish,'periʃ,vi.,毁灭,,,kaoyan-shared english-i english-ii source:netem-2024 category:动作行为 category:使动与影响,4184
purse,pә:s,n.,钱包,,,kaoyan-shared english-i english-ii source:netem-2024 category:日常生活,4185
shallow,'ʃælәu,n.,浅的,,,kaoyan-shared english-i english-ii source:netem-2024 category:抽象概念 category:性质与评价,4186
signature,'signәtʃә,n.,签署,,,kaoyan-shared english-i english-ii source:netem-2024 category:教育学习,4187
solidarity,.sɒli'dæriti,n.,团结,,,kaoyan-shared english-i english-ii source:netem-2024 category:情感心理,4188
toil,tɒil,n.,辛苦,,,kaoyan-shared english-i english-ii source:netem-2024 category:动作行为 category:其他动作,4189
allege,ә'ledʒ,vt.,宣称,,,kaoyan-shared english-i english-ii source:netem-2024 category:动作行为 category:社交交互,4190
bud,bʌd,n.,芽,,,kaoyan-shared english-i english-ii source:netem-2024 category:自然环境,4191
contrive,kәn'traiv,v.,设计、发明,,,kaoyan-shared english-i english-ii source:netem-2024 category:动作行为 category:其他动作,4192
credential,kri'denʃәl,n.,凭据,,,kaoyan-shared english-i english-ii source:netem-2024 category:教育学习,4193
diamond,'daiәmәnd,n.,钻石,,,kaoyan-shared english-i english-ii source:netem-2024 category:科学技术,4194
envelope,'envәlәup,n.,信封,,,kaoyan-shared english-i english-ii source:netem-2024 category:日常生活,4195
erroneous,i'rәuniәs,adj.,错误的,,,kaoyan-shared english-i english-ii source:netem-2024 category:抽象概念 category:性质与评价,4196
knee,ni:,n.,膝盖,,,kaoyan-shared english-i english-ii source:netem-2024 category:人类与社会,4197
punch,pʌntʃ,n.,殴打、打洞器、钻孔机,,,kaoyan-shared english-i english-ii source:netem-2024 category:动作行为 category:身体动作,4198
rectify,'rektifai,vt.,改正,,,kaoyan-shared english-i english-ii source:netem-2024 category:动作行为 category:评价与判断,4199
robust,rәu'bʌst,adj.,强健的、粗野的,,,kaoyan-shared english-i english-ii source:netem-2024 category:抽象概念 category:性质与评价,4200
selfish,'selfiʃ,adj.,自私的,,,kaoyan-shared english-i english-ii source:netem-2024 category:情感心理,4201
shrug,ʃrʌg,n.,耸肩,,,kaoyan-shared english-i english-ii source:netem-2024 category:动作行为 category:心理活动,4202
tick,tik,n.,滴答声、蜱虫、一会儿、打勾,,,kaoyan-shared english-i english-ii source:netem-2024 category:动作行为 category:身体动作,4203
tile,tail,n.,瓷砖,,,kaoyan-shared english-i english-ii source:netem-2024 category:日常生活,4204
umbrella,ʌm'brelә,n.,伞,,,kaoyan-shared english-i english-ii source:netem-2024 category:日常生活,4205
verge,vә:dʒ,n.,边缘,,,kaoyan-shared english-i english-ii source:netem-2024 category:空间地点,4206
aisle,ail,n.,走廊,,,kaoyan-shared english-i english-ii source:netem-2024 category:空间地点,4207
badge,bædʒ,n.,徽章、象征,,,kaoyan-shared english-i english-ii source:netem-2024 category:日常生活,4208
bean,bi:n,n.,豆,,,kaoyan-shared english-i english-ii source:netem-2024 category:食物营养,4209
browse,brauz,v.,浏览,,,kaoyan-shared english-i english-ii source:netem-2024 category:动作行为 category:身体动作,4210
bump,bʌmp,n.,碰撞、肿块,,,kaoyan-shared english-i english-ii source:netem-2024 category:动作行为 category:身体动作,4211
bundle,'bʌndl,n.,包、束,,,kaoyan-shared english-i english-ii source:netem-2024 category:日常生活,4212
carpenter,'kɑ:pintә,n.,木匠,,,kaoyan-shared english-i english-ii source:netem-2024 category:职业工作,4213
cloth,klɒ:θ. klɒθ,n.,布,,,kaoyan-shared english-i english-ii source:netem-2024 category:日常生活,4214
coke,kәuk,n.,焦炭,,,kaoyan-shared english-i english-ii source:netem-2024 category:食物营养,4215
custody,'kʌstәdi,n.,监护、拘留,,,kaoyan-shared english-i english-ii source:netem-2024 category:政治法律,4216
daylight,'deilait,n.,日光,,,kaoyan-shared english-i english-ii source:netem-2024 category:时间日期,4217
divine,di'vain,adj.,神圣的、绝妙的,,,kaoyan-shared english-i english-ii source:netem-2024 category:文化宗教,4218
eccentric,ik'sentrik,n.,古怪的,,,kaoyan-shared english-i english-ii source:netem-2024 category:情感心理,4219
elicit,i'lisit,vt.,引出,,,kaoyan-shared english-i english-ii source:netem-2024 category:动作行为 category:社交交互,4220
erode,i'rәud,vt.,侵蚀,,,kaoyan-shared english-i english-ii source:netem-2024 category:动作行为 category:变化趋势,4221
eternal,i'tә:nl,adj.,永恒的,,,kaoyan-shared english-i english-ii source:netem-2024 category:时间日期,4222
fog,fɒg,n.,雾,,,kaoyan-shared english-i english-ii source:netem-2024 category:自然环境,4223
foul,faul,adj.,犯规、肮脏的,,,kaoyan-shared english-i english-ii source:netem-2024 category:抽象概念 category:性质与评价,4224
fracture,'fræktʃә,n.,断裂,,,kaoyan-shared english-i english-ii source:netem-2024 category:健康医疗,4225
graze,greiz,n.,放牧,,,kaoyan-shared english-i english-ii source:netem-2024 category:动作行为 category:身体动作,4226
handkerchief,'hæŋkәtʃif,n.,手帕,,,kaoyan-shared english-i english-ii source:netem-2024 category:交通旅行,4227
liver,'livә,n.,肝脏,,,kaoyan-shared english-i english-ii source:netem-2024 category:人类与社会,4228
marvelous,'mɑ:vәlәs,adj.,非凡的,,,kaoyan-shared english-i english-ii source:netem-2024 category:情感心理,4229
mentor,'mentɔ:,n.,指导,,,kaoyan-shared english-i english-ii source:netem-2024 category:教育学习,4230
miracle,'mirәkl,n.,奇迹,,,kaoyan-shared english-i english-ii source:netem-2024 category:文化宗教,4231
nominate,'nɒmineit,vt.,提名,,,kaoyan-shared english-i english-ii source:netem-2024 category:动作行为 category:身体动作,4232
notable,'nәutәbl,n.,显赫的,,,kaoyan-shared english-i english-ii source:netem-2024 category:抽象概念 category:性质与评价,4233
obedience,ә'bi:djәns,n.,服从,,,kaoyan-shared english-i english-ii source:netem-2024 category:情感心理,4234
ruler,'ru:lә,n.,统治者,,,kaoyan-shared english-i english-ii source:netem-2024 category:日常生活,4235
spear,spiә,n.,矛,,,kaoyan-shared english-i english-ii source:netem-2024 category:政治法律,4236
sunshine,'sʌnʃain,n.,阳光,,,kaoyan-shared english-i english-ii source:netem-2024 category:自然环境,4237
surrender,sә'rendә,vt.,投降,,,kaoyan-shared english-i english-ii source:netem-2024 category:动作行为 category:身体动作,4238
taboo,tә'bu:,n.,禁忌,,,kaoyan-shared english-i english-ii source:netem-2024 category:文化宗教,4239
thirst,θә:st,n.,口渴、渴望,,,kaoyan-shared english-i english-ii source:netem-2024 category:情感心理,4240
vegetation,.vedʒi'teiʃәn,n.,植物,,,kaoyan-shared english-i english-ii source:netem-2024 category:自然环境,4241
astronomy,ә'strɒnәmi,n.,天文学,,,kaoyan-shared english-i english-ii source:netem-2024 category:科学技术,4242
chop,tʃɒp,n.,砍,,,kaoyan-shared english-i english-ii source:netem-2024 category:动作行为 category:其他动作,4243
doctrine,'dɒktrin,n.,学说、教义,,,kaoyan-shared english-i english-ii source:netem-2024 category:政治法律,4244
indignation,.indig'neiʃәn,n.,愤怒,,,kaoyan-shared english-i english-ii source:netem-2024 category:情感心理,4245
prudent,'pru:dnt,adj.,谨慎的,,,kaoyan-shared english-i english-ii source:netem-2024 category:抽象概念 category:性质与评价,4246
disposition,.dispә'ziʃәn,n.,倾向、安排、性情,,,kaoyan-shared english-i english-ii source:netem-2024 category:情感心理,4247
perplex,pә'pleks,vt.,使困惑、使复杂化,,,kaoyan-shared english-i english-ii source:netem-2024 category:动作行为 category:使动与影响,4248
anchor,'æŋkә,n.,锚,,,kaoyan-shared english-i english-ii source:netem-2024 category:交通旅行,4249
damn,dæm,n.,谴责、该死的,,,kaoyan-shared english-i english-ii source:netem-2024 category:情感心理,4250
detector,di'tektә,n.,探测器,,,kaoyan-shared english-i english-ii source:netem-2024 category:科学技术,4251
earnest,'ә:nist,n.,认真,,,kaoyan-shared english-i english-ii source:netem-2024 category:情感心理,4252
feeble,fi:bl,adj.,虚弱的,,,kaoyan-shared english-i english-ii source:netem-2024 category:抽象概念 category:性质与评价,4253
galaxy,'gælәksi,n.,星系,,,kaoyan-shared english-i english-ii source:netem-2024 category:自然环境,4254
hello,hә'lәu,interj.,你好,,,kaoyan-shared english-i english-ii source:netem-2024 category:情感心理,4255
irony,'aiәrәni,n.,反讽,,,kaoyan-shared english-i english-ii source:netem-2024 category:情感心理,4256
mold,mәuld,n.,模子、模型,,,kaoyan-shared english-i english-ii source:netem-2024 category:科学技术,4257
prosecute,'prɒsikju:t,vt.,起诉,,,kaoyan-shared english-i english-ii source:netem-2024 category:动作行为 category:其他动作,4258
savage,'sævidʒ,adj.,野蛮人、凶猛的,,,kaoyan-shared english-i english-ii source:netem-2024 category:情感心理,4259
surveillance,sә:'veilәns,n.,监视,,,kaoyan-shared english-i english-ii source:netem-2024 category:政治法律,4260
transient,'trænziәnt,n.,短暂的,,,kaoyan-shared english-i english-ii source:netem-2024 category:抽象概念 category:性质与评价,4261
abrupt,ә'brʌpt,adj.,突然的、陡峭的,,,kaoyan-shared english-i english-ii source:netem-2024 category:抽象概念 category:性质与评价,4262
affiliate,ә'filieit,vt.,使附属、附属机构,,,kaoyan-shared english-i english-ii source:netem-2024 category:动作行为 category:使动与影响,4263
align,ә'lain,vi.,调整、排列,,,kaoyan-shared english-i english-ii source:netem-2024 category:动作行为 category:使动与影响,4264
assault,ә'sɒ:t,n.,攻击,,,kaoyan-shared english-i english-ii source:netem-2024 category:动作行为 category:身体动作,4265
beginning,bi'giniŋ,n.,开始,,,kaoyan-shared english-i english-ii source:netem-2024 category:时间日期,4266
conjunction,kәn'dʒʌŋkʃәn,n.,结合,,,kaoyan-shared english-i english-ii source:netem-2024 category:教育学习,4267
consolidate,kәn'sɒlideit,vt.,巩固、统一,,,kaoyan-shared english-i english-ii source:netem-2024 category:动作行为 category:使动与影响,4268
counsel,'kaunsәl,n.,建议,,,kaoyan-shared english-i english-ii source:netem-2024 category:动作行为 category:社交交互,4269
criticise,'kritisaiz,v.,批评,,,kaoyan-shared english-i english-ii source:netem-2024 category:动作行为 category:社交交互,4270
genre,'ʒɒŋrә,n.,类型,,,kaoyan-shared english-i english-ii source:netem-2024 category:文化宗教,4271
hers,hә:z,pron.,她的,,,kaoyan-shared english-i english-ii source:netem-2024 category:人类与社会,4272
overhead,'әuvәhed,n.,在头顶上、在空中,,,kaoyan-shared english-i english-ii source:netem-2024 category:空间地点,4273
overlap,.әuvә'læp,n.,重叠,,,kaoyan-shared english-i english-ii source:netem-2024 category:动作行为 category:其他动作,4274
regime,rei'ʒi:m,n.,政权,,,kaoyan-shared english-i english-ii source:netem-2024 category:政治法律,4275
soup,su:p,n.,汤,,,kaoyan-shared english-i english-ii source:netem-2024 category:食物营养,4276
terrific,tә'rifik,adj.,极好的、可怕的,,,kaoyan-shared english-i english-ii source:netem-2024 category:情感心理,4277
unite,ju:'nait,vi.,联合、结合,,,kaoyan-shared english-i english-ii source:netem-2024 category:动作行为 category:使动与影响,4278
acclaim,ә'kleim,n.,称赞、欢呼,,,kaoyan-shared english-i english-ii source:netem-2024 category:情感心理,4279
ambulance,'æmbjulәns,n.,救护车,,,kaoyan-shared english-i english-ii source:netem-2024 category:健康医疗,4280
auxiliary,ɒ:g'ziljәri,n.,助动词、辅助的,,,kaoyan-shared english-i english-ii source:netem-2024 category:抽象概念 category:性质与评价,4281
ballot,'bælәt,n.,投票,,,kaoyan-shared english-i english-ii source:netem-2024 category:政治法律,4282
candy,'kændi,n.,糖果,,,kaoyan-shared english-i english-ii source:netem-2024 category:食物营养,4283
carbohydrate,.kɑ:bәu'haidreit,n.,碳水化合物,,,kaoyan-shared english-i english-ii source:netem-2024 category:食物营养,4284
cluster,'klʌstә,n.,群,,,kaoyan-shared english-i english-ii source:netem-2024 category:自然环境,4285
coalition,.kәuә'liʃәn,n.,联合,,,kaoyan-shared english-i english-ii source:netem-2024 category:政治法律,4286
cop,kɒp,n.,警察,,,kaoyan-shared english-i english-ii source:netem-2024 category:政治法律,4287
copper,'kɒpә,n.,铜,,,kaoyan-shared english-i english-ii source:netem-2024 category:科学技术,4288
couch,kautʃ,n.,长沙发、睡椅,,,kaoyan-shared english-i english-ii source:netem-2024 category:日常生活,4289
dialect,'daiәlekt,n.,方言,,,kaoyan-shared english-i english-ii source:netem-2024 category:文化宗教,4290
disturbance,dis'tә:bәns,n.,扰乱,,,kaoyan-shared english-i english-ii source:netem-2024 category:情感心理,4291
empirical,em'pirikәl,adj.,经验主义的,,,kaoyan-shared english-i english-ii source:netem-2024 category:抽象概念 category:性质与评价,4292
fasten,'fɑ:sәn,vt.,系上,,,kaoyan-shared english-i english-ii source:netem-2024 category:动作行为 category:使动与影响,4293
glue,glu:,n.,胶水,,,kaoyan-shared english-i english-ii source:netem-2024 category:日常生活,4294
groan,grәun,n.,呻吟,,,kaoyan-shared english-i english-ii source:netem-2024 category:动作行为 category:身体动作,4295
novelty,'nɒvәlti,n.,新奇的经验,,,kaoyan-shared english-i english-ii source:netem-2024 category:情感心理,4296
pierce,piәs,vt.,穿透,,,kaoyan-shared english-i english-ii source:netem-2024 category:动作行为 category:身体动作,4297
proficiency,prә'fiʃәns,n.,熟练,,,kaoyan-shared english-i english-ii source:netem-2024 category:抽象概念 category:认知与抽象名词,4298
rumor,'ru:mә,n.,传闻,,,kaoyan-shared english-i english-ii source:netem-2024 category:情感心理,4299
scare,skєә,n.,恐吓、惊吓,,,kaoyan-shared english-i english-ii source:netem-2024 category:动作行为 category:其他动作,4300
sober,'sәubә,adj.,清醒,,,kaoyan-shared english-i english-ii source:netem-2024 category:情感心理,4301
stall,stɒ:l,n.,货摊、失速、拖延,,,kaoyan-shared english-i english-ii source:netem-2024 category:日常生活,4302
tomb,tu:m,n.,坟墓,,,kaoyan-shared english-i english-ii source:netem-2024 category:空间地点,4303
tropic,'trɒpik,n.,热带,,,kaoyan-shared english-i english-ii source:netem-2024 category:自然环境,4304
underneath,.ʌndә'ni:θ,adv.,在下面,,,kaoyan-shared english-i english-ii source:netem-2024 category:空间地点,4305
antique,æn'ti:k,n.,古董,,,kaoyan-shared english-i english-ii source:netem-2024 category:日常生活,4306
articulate,ɑ:'tikjulit,adj.,善于表达的,,,kaoyan-shared english-i english-ii source:netem-2024 category:动作行为 category:社交交互,4307
bake,beik,vt.,烤,,,kaoyan-shared english-i english-ii source:netem-2024 category:食物营养,4308
blanket,'blæŋkit,n.,毯子,,,kaoyan-shared english-i english-ii source:netem-2024 category:日常生活,4309
blast,blæst,n.,爆炸,,,kaoyan-shared english-i english-ii source:netem-2024 category:动作行为 category:身体动作,4310
bless,bles,vt.,保佑,,,kaoyan-shared english-i english-ii source:netem-2024 category:文化宗教,4311
carrot,'kærәt,n.,胡萝卜,,,kaoyan-shared english-i english-ii source:netem-2024 category:食物营养,4312
characterise,'kærәktәraiz,vt.,以…为特征,,,kaoyan-shared english-i english-ii source:netem-2024 category:动作行为 category:身体动作,4313
clumsy,'klʌmzi,adj.,笨拙的,,,kaoyan-shared english-i english-ii source:netem-2024 category:情感心理,4314
concede,kәn'si:d,vt.,承认,,,kaoyan-shared english-i english-ii source:netem-2024 category:动作行为 category:使动与影响,4315
enclose,in'klәuz,vt.,附上,,,kaoyan-shared english-i english-ii source:netem-2024 category:动作行为 category:其他动作,4316
envisage,in'vizidʒ,vt.,想像,,,kaoyan-shared english-i english-ii source:netem-2024 category:动作行为 category:身体动作,4317
isolate,'aisәleit,vt.,隔离,,,kaoyan-shared english-i english-ii source:netem-2024 category:动作行为 category:身体动作,4318
oriental,.ɒ:ri'entl,n.,东方的,,,kaoyan-shared english-i english-ii source:netem-2024 category:空间地点,4319
pasture,'pæstʃә,n.,牧场,,,kaoyan-shared english-i english-ii source:netem-2024 category:自然环境,4320
raid,reid,n.,袭击,,,kaoyan-shared english-i english-ii source:netem-2024 category:动作行为 category:身体动作,4321
refuge,'refju:dʒ,n.,避难,,,kaoyan-shared english-i english-ii source:netem-2024 category:自然环境,4322
resolute,'rezәlu:t,n.,坚决的,,,kaoyan-shared english-i english-ii source:netem-2024 category:情感心理,4323
rug,rʌg,n.,地毯,,,kaoyan-shared english-i english-ii source:netem-2024 category:日常生活,4324
sarcastic,sɑ:'kæstik,adj.,讽刺的,,,kaoyan-shared english-i english-ii source:netem-2024 category:情感心理,4325
scrap,skræp,n.,废品、报废,,,kaoyan-shared english-i english-ii source:netem-2024 category:日常生活,4326
shatter,'ʃætә,n.,粉碎,,,kaoyan-shared english-i english-ii source:netem-2024 category:动作行为 category:使动与影响,4327
trumpet,'trʌmpit,n.,喇叭、鼓吹,,,kaoyan-shared english-i english-ii source:netem-2024 category:运动娱乐,4328
aloud,ә'laud,adv.,大声地,,,kaoyan-shared english-i english-ii source:netem-2024 category:动作行为 category:其他动作,4329
ape,eip,n.,猿,,,kaoyan-shared english-i english-ii source:netem-2024 category:自然环境,4330
audio,'ɒ:diou,adj.,音频,,,kaoyan-shared english-i english-ii source:netem-2024 category:科学技术,4331
basement,'beismәnt,n.,地下室,,,kaoyan-shared english-i english-ii source:netem-2024 category:日常生活,4332
blend,blend,vt.,混合,,,kaoyan-shared english-i english-ii source:netem-2024 category:动作行为 category:变化趋势,4333
bound,baund,n.,跳跃、界限,,,kaoyan-shared english-i english-ii source:netem-2024 category:动作行为 category:身体动作,4334
breeze,bri:z,n.,微风、轻松,,,kaoyan-shared english-i english-ii source:netem-2024 category:自然环境,4335
cushion,'kuʃәn,n.,垫子,,,kaoyan-shared english-i english-ii source:netem-2024 category:日常生活,4336
dazzle,'dæzl,v.,使眼花,,,kaoyan-shared english-i english-ii source:netem-2024 category:动作行为 category:使动与影响,4337
deplete,di'pli:t,vt.,耗尽,,,kaoyan-shared english-i english-ii source:netem-2024 category:动作行为 category:变化趋势,4338
dial,'daiәl,n.,拨号,,,kaoyan-shared english-i english-ii source:netem-2024 category:科学技术,4339
discrepancy,dis'krepәnsi,n.,差异,,,kaoyan-shared english-i english-ii source:netem-2024 category:抽象概念 category:认知与抽象名词,4340
disgust,dis'gʌst,n.,厌恶,,,kaoyan-shared english-i english-ii source:netem-2024 category:情感心理,4341
donkey,'dɒŋki,n.,驴,,,kaoyan-shared english-i english-ii source:netem-2024 category:自然环境,4342
drawer,'drɒ:ә,n.,抽屉,,,kaoyan-shared english-i english-ii source:netem-2024 category:日常生活,4343
drone,drәun,n.,无人驾驶飞机,,,kaoyan-shared english-i english-ii source:netem-2024 category:科学技术,4344
eject,i'dʒekt,vt.,喷射、驱逐,,,kaoyan-shared english-i english-ii source:netem-2024 category:动作行为 category:身体动作,4345
endow,in'dau,vt.,赋予,,,kaoyan-shared english-i english-ii source:netem-2024 category:动作行为 category:占有与转移,4346
erosion,i'rәuʒәn,n.,侵蚀,,,kaoyan-shared english-i english-ii source:netem-2024 category:自然环境,4347
flush,flʌʃ,n.,冲洗,,,kaoyan-shared english-i english-ii source:netem-2024 category:动作行为 category:身体动作,4348
glitter,'glitә,n.,闪烁,,,kaoyan-shared english-i english-ii source:netem-2024 category:动作行为 category:其他动作,4349
goodbye,gud'bai,interj.,再见,,,kaoyan-shared english-i english-ii source:netem-2024 category:情感心理,4350
ignite,ig'nait,vt.,点燃,,,kaoyan-shared english-i english-ii source:netem-2024 category:动作行为 category:其他动作,4351
industrialise,in'dʌstriәlaiz,vi.,工业化,,,kaoyan-shared english-i english-ii source:netem-2024 category:动作行为 category:使动与影响,4352
jewel,'dʒu:әl,n.,珠宝,,,kaoyan-shared english-i english-ii source:netem-2024 category:交通旅行,4353
kidney,'kidni,n.,肾,,,kaoyan-shared english-i english-ii source:netem-2024 category:人类与社会,4354
kilometre,'kilәjmi:tә(r),n.,公里,,,kaoyan-shared english-i english-ii source:netem-2024 category:科学技术,4355
lapse,læps,n.,失效、流逝,,,kaoyan-shared english-i english-ii source:netem-2024 category:动作行为 category:身体动作,4356
lease,li:s,n.,租约,,,kaoyan-shared english-i english-ii source:netem-2024 category:商业经济,4357
limp,limp,n.,跛行、柔软的,,,kaoyan-shared english-i english-ii source:netem-2024 category:动作行为 category:其他动作,4358
lovely,'lʌvli,adj.,可爱的,,,kaoyan-shared english-i english-ii source:netem-2024 category:情感心理,4359
nationality,.næʃә'nælәti,n.,民族,,,kaoyan-shared english-i english-ii source:netem-2024 category:人类与社会,4360
nominal,'nɒminl,adj.,名义上的,,,kaoyan-shared english-i english-ii source:netem-2024 category:抽象概念 category:性质与评价,4361
notify,'nәutifai,vt.,通知,,,kaoyan-shared english-i english-ii source:netem-2024 category:动作行为 category:社交交互,4362
oak,әuk,n.,橡木,,,kaoyan-shared english-i english-ii source:netem-2024 category:自然环境,4363
pale,peil,n.,苍白的、暗淡的,,,kaoyan-shared english-i english-ii source:netem-2024 category:情感心理,4364
paperback,'peipәbæk,n.,平装书,,,kaoyan-shared english-i english-ii source:netem-2024 category:教育学习,4365
pavement,'peivmәnt,n.,路面,,,kaoyan-shared english-i english-ii source:netem-2024 category:空间地点,4366
pint,paint,n.,品脱,,,kaoyan-shared english-i english-ii source:netem-2024 category:科学技术,4367
pope,pәup,n.,罗马教皇,,,kaoyan-shared english-i english-ii source:netem-2024 category:文化宗教,4368
rehearse,ri'hә:s,vt.,排演、预演,,,kaoyan-shared english-i english-ii source:netem-2024 category:动作行为 category:社交交互,4369
repay,ri'pei,v.,偿还,,,kaoyan-shared english-i english-ii source:netem-2024 category:动作行为 category:占有与转移,4370
sack,sæk,n.,解雇,,,kaoyan-shared english-i english-ii source:netem-2024 category:日常生活,4371
skeleton,'skelәtn,n.,骨架,,,kaoyan-shared english-i english-ii source:netem-2024 category:人类与社会,4372
spectacular,spek'tækjulә,adj.,壮观,,,kaoyan-shared english-i english-ii source:netem-2024 category:情感心理,4373
statue,'stætju,vt.,雕塑,,,kaoyan-shared english-i english-ii source:netem-2024 category:文化宗教,4374
stereo,'stiәriәu,n.,立体声,,,kaoyan-shared english-i english-ii source:netem-2024 category:科学技术,4375
strand,strænd,n.,缕,,,kaoyan-shared english-i english-ii source:netem-2024 category:日常生活,4376
tangle,'tæŋgl,n.,纠纷、纠缠,,,kaoyan-shared english-i english-ii source:netem-2024 category:动作行为 category:身体动作,4377
temple,templ,n.,庙宇,,,kaoyan-shared english-i english-ii source:netem-2024 category:文化宗教,4378
transcend,træn'send,vt.,超越,,,kaoyan-shared english-i english-ii source:netem-2024 category:动作行为 category:变化趋势,4379
utilise,'ju:tilaiz,vt.,利用,,,kaoyan-shared english-i english-ii source:netem-2024 category:动作行为 category:占有与转移,4380
vegetarian,.vedʒi'tєәriәn,n.,素食者,,,kaoyan-shared english-i english-ii source:netem-2024 category:食物营养,4381
weekday,'wi:kdei,n.,工作日,,,kaoyan-shared english-i english-ii source:netem-2024 category:时间日期,4382
furnace,'fә:nis,n.,炉子,,,kaoyan-shared english-i english-ii source:netem-2024 category:日常生活,4383
textile,'tekstail,n.,纺织品,,,kaoyan-shared english-i english-ii source:netem-2024 category:科学技术,4384
canteen,kæn'ti:n,n.,食堂,,,kaoyan-shared english-i english-ii source:netem-2024 category:日常生活,4385
condense,kәn'dens,vt.,凝结、浓缩,,,kaoyan-shared english-i english-ii source:netem-2024 category:动作行为 category:身体动作,4386
denote,di'nәut,vt.,表示,,,kaoyan-shared english-i english-ii source:netem-2024 category:动作行为 category:评价与判断,4387
differentiate,.difә'renʃieit,v.,区分,,,kaoyan-shared english-i english-ii source:netem-2024 category:动作行为 category:使动与影响,4388
grin,grin,n.,咧嘴笑,,,kaoyan-shared english-i english-ii source:netem-2024 category:动作行为 category:身体动作,4389
harbor,'hɑ:bә,n.,港口,,,kaoyan-shared english-i english-ii source:netem-2024 category:自然环境,4390
haste,heist,n.,匆忙,,,kaoyan-shared english-i english-ii source:netem-2024 category:时间日期,4391
posture,'pɒstʃә,n.,姿势,,,kaoyan-shared english-i english-ii source:netem-2024 category:人类与社会,4392
radar,'reidә,n.,雷达,,,kaoyan-shared english-i english-ii source:netem-2024 category:科学技术,4393
nickname,'nikneim,n.,昵称,,,kaoyan-shared english-i english-ii source:netem-2024 category:人类与社会,4394
preside,pri'zaid,vi.,主持,,,kaoyan-shared english-i english-ii source:netem-2024 category:动作行为 category:其他动作,4395
rip,rip,n.,撕裂、裂缝,,,kaoyan-shared english-i english-ii source:netem-2024 category:动作行为 category:身体动作,4396
toast,tәust,n.,烤、烤面包,,,kaoyan-shared english-i english-ii source:netem-2024 category:食物营养,4397
vacuum,''vækjuәm,n.,真空,,,kaoyan-shared english-i english-ii source:netem-2024 category:日常生活,4398
balloon,bә'lu:n,n.,气球,,,kaoyan-shared english-i english-ii source:netem-2024 category:交通旅行,4399
brochure,'brәuʃә,n.,手册,,,kaoyan-shared english-i english-ii source:netem-2024 category:教育学习,4400
directory,di'rektәri,n.,目录,,,kaoyan-shared english-i english-ii source:netem-2024 category:教育学习,4401
doll,dɒl,n.,玩具娃娃,,,kaoyan-shared english-i english-ii source:netem-2024 category:运动娱乐,4402
doze,dәuz,vi.,瞌睡,,,kaoyan-shared english-i english-ii source:netem-2024 category:动作行为 category:身体动作,4403
flap,flæp,n.,拍打,,,kaoyan-shared english-i english-ii source:netem-2024 category:动作行为 category:身体动作,4404
flesh,'fleʃ,n.,肉,,,kaoyan-shared english-i english-ii source:netem-2024 category:人类与社会,4405
fork,fɒ:k,n.,叉,,,kaoyan-shared english-i english-ii source:netem-2024 category:日常生活,4406
glare,glєә,n.,瞪着、怒视,,,kaoyan-shared english-i english-ii source:netem-2024 category:动作行为 category:其他动作,4407
hasty,'heisti,adj.,匆忙的、轻率的,,,kaoyan-shared english-i english-ii source:netem-2024 category:情感心理,4408
impetus,'impitәs,n.,推动力,,,kaoyan-shared english-i english-ii source:netem-2024 category:动作行为 category:身体动作,4409
lucrative,'lu:krәtiv,adj.,获利的,,,kaoyan-shared english-i english-ii source:netem-2024 category:商业经济,4410
obedient,ә'bi:djәnt,adj.,顺从的,,,kaoyan-shared english-i english-ii source:netem-2024 category:情感心理,4411
ozone,'әuzәun,n.,臭氧,,,kaoyan-shared english-i english-ii source:netem-2024 category:自然环境,4412
poke,pәuk,n.,戳、刺,,,kaoyan-shared english-i english-ii source:netem-2024 category:动作行为 category:身体动作,4413
radiate,'reidieit,vt.,辐射、放射,,,kaoyan-shared english-i english-ii source:netem-2024 category:动作行为 category:变化趋势,4414
rein,rein,n.,控制,,,kaoyan-shared english-i english-ii source:netem-2024 category:日常生活,4415
rot,rɒt,n.,腐烂,,,kaoyan-shared english-i english-ii source:netem-2024 category:动作行为 category:使动与影响,4416
sigh,sai,n.,叹息,,,kaoyan-shared english-i english-ii source:netem-2024 category:动作行为 category:身体动作,4417
singular,'siŋgjulә,n.,非凡的、单数的,,,kaoyan-shared english-i english-ii source:netem-2024 category:教育学习,4418
smog,smәug,n.,烟雾,,,kaoyan-shared english-i english-ii source:netem-2024 category:自然环境,4419
snatch,snætʃ,n.,抢夺、抓住,,,kaoyan-shared english-i english-ii source:netem-2024 category:动作行为 category:其他动作,4420
startle,'stɑ:tl,n.,吃惊,,,kaoyan-shared english-i english-ii source:netem-2024 category:动作行为 category:身体动作,4421
upstairs,'ʌp'stєәz,adj.,楼上,,,kaoyan-shared english-i english-ii source:netem-2024 category:空间地点,4422
aftermath,'ɑ:ftәmæθ,n.,后果,,,kaoyan-shared english-i english-ii source:netem-2024 category:抽象概念 category:认知与抽象名词,4423
applaud,ә'plɒ:d,v.,鼓掌,,,kaoyan-shared english-i english-ii source:netem-2024 category:动作行为 category:社交交互,4424
appraisal,ә'preizәl,n.,评估,,,kaoyan-shared english-i english-ii source:netem-2024 category:商业经济,4425
assurance,ә'ʃuәrәns,n.,自信、保险,,,kaoyan-shared english-i english-ii source:netem-2024 category:情感心理,4426
barber,'bɑ:bә,n.,理发师,,,kaoyan-shared english-i english-ii source:netem-2024 category:职业工作,4427
bin,bin,n.,垃圾箱,,,kaoyan-shared english-i english-ii source:netem-2024 category:日常生活,4428
bride,braid,n.,新娘,,,kaoyan-shared english-i english-ii source:netem-2024 category:人类与社会,4429
bullet,'bulit,n.,子弹,,,kaoyan-shared english-i english-ii source:netem-2024 category:政治法律,4430
captain,'kæptin,n.,船长,,,kaoyan-shared english-i english-ii source:netem-2024 category:职业工作,4431
despise,di'spaiz,vt.,轻视,,,kaoyan-shared english-i english-ii source:netem-2024 category:情感心理,4432
exclaim,iks'kleim,v.,呼喊,,,kaoyan-shared english-i english-ii source:netem-2024 category:动作行为 category:社交交互,4433
feat,fi:t,n.,功绩、技艺,,,kaoyan-shared english-i english-ii source:netem-2024 category:抽象概念 category:认知与抽象名词,4434
fireman,'faiәmәn,n.,消防队员,,,kaoyan-shared english-i english-ii source:netem-2024 category:职业工作,4435
instantaneous,.instәn'teinjәs,adj.,瞬间的,,,kaoyan-shared english-i english-ii source:netem-2024 category:时间日期,4436
intact,in'tækt,adj.,原封不动的,,,kaoyan-shared english-i english-ii source:netem-2024 category:抽象概念 category:性质与评价,4437
intrude,in'tru:d,vi.,打扰、侵入,,,kaoyan-shared english-i english-ii source:netem-2024 category:动作行为 category:心理活动,4438
metaphor,'metәfә,n.,隐喻,,,kaoyan-shared english-i english-ii source:netem-2024 category:文化宗教,4439
moan,mәun,n.,呻吟、抱怨,,,kaoyan-shared english-i english-ii source:netem-2024 category:动作行为 category:身体动作,4440
muscular,'mʌskjulә,adj.,肌肉的,,,kaoyan-shared english-i english-ii source:netem-2024 category:人类与社会,4441
nuisance,'nju:sns,n.,麻烦,,,kaoyan-shared english-i english-ii source:netem-2024 category:情感心理,4442
relativity,.relә'tiviti,n.,相对论,,,kaoyan-shared english-i english-ii source:netem-2024 category:科学技术,4443
removal,ri'mu:vl,n.,除去、搬迁,,,kaoyan-shared english-i english-ii source:netem-2024 category:动作行为 category:其他动作,4444
rifle,'raifl,n.,步枪,,,kaoyan-shared english-i english-ii source:netem-2024 category:政治法律,4445
sincere,sin'siә,adj.,真诚的,,,kaoyan-shared english-i english-ii source:netem-2024 category:情感心理,4446
undo,.ʌn'du:,vt.,取消,,,kaoyan-shared english-i english-ii source:netem-2024 category:动作行为 category:其他动作,4447
alienate,'eiljәneit,vt.,疏远,,,kaoyan-shared english-i english-ii source:netem-2024 category:动作行为 category:社交交互,4448
ascend,ә'send,vi.,上升,,,kaoyan-shared english-i english-ii source:netem-2024 category:动作行为 category:变化趋势,4449
ascertain,.æsә'tein,vt.,确定,,,kaoyan-shared english-i english-ii source:netem-2024 category:动作行为 category:评价与判断,4450
astonish,ә'stɒniʃ,vt.,使吃惊,,,kaoyan-shared english-i english-ii source:netem-2024 category:情感心理,4451
banner,'bænә,n.,旗帜,,,kaoyan-shared english-i english-ii source:netem-2024 category:日常生活,4452
baseball,'beisbɒ:l,n.,棒球,,,kaoyan-shared english-i english-ii source:netem-2024 category:运动娱乐,4453
bolt,bәult,n.,螺栓,,,kaoyan-shared english-i english-ii source:netem-2024 category:日常生活,4454
bowl,bәul,n.,碗,,,kaoyan-shared english-i english-ii source:netem-2024 category:日常生活,4455
congratulation,kәn.grætʃә'leiʃәn,n.,祝贺,,,kaoyan-shared english-i english-ii source:netem-2024 category:情感心理,4456
consecutive,kәn'sekjutiv,adj.,连续的,,,kaoyan-shared english-i english-ii source:netem-2024 category:抽象概念 category:性质与评价,4457
console,kәn'sәul,vt.,安慰、控制台,,,kaoyan-shared english-i english-ii source:netem-2024 category:科学技术,4458
crush,krʌʃ,n.,压碎,,,kaoyan-shared english-i english-ii source:netem-2024 category:动作行为 category:身体动作,4459
deaf,def,adj.,聋的,,,kaoyan-shared english-i english-ii source:netem-2024 category:健康医疗,4460
dinosaur,'dainәsɒ:,n.,恐龙,,,kaoyan-shared english-i english-ii source:netem-2024 category:自然环境,4461
dread,dred,n.,恐惧,,,kaoyan-shared english-i english-ii source:netem-2024 category:情感心理,4462
drum,drʌm,n.,鼓,,,kaoyan-shared english-i english-ii source:netem-2024 category:运动娱乐,4463
emperor,'empәrә,n.,皇帝,,,kaoyan-shared english-i english-ii source:netem-2024 category:政治法律,4464
execute,'eksikju:t,vt.,执行,,,kaoyan-shared english-i english-ii source:netem-2024 category:动作行为 category:使动与影响,4465
famine,'fæmin,n.,饥荒,,,kaoyan-shared english-i english-ii source:netem-2024 category:自然环境,4466
fence,fens,n.,栅栏,,,kaoyan-shared english-i english-ii source:netem-2024 category:日常生活,4467
flame,fleim,n.,火焰,,,kaoyan-shared english-i english-ii source:netem-2024 category:自然环境,4468
fore,fɒ:,adj.,船头,,,kaoyan-shared english-i english-ii source:netem-2024 category:空间地点,4469
hammer,'hæmә,n.,锤,,,kaoyan-shared english-i english-ii source:netem-2024 category:动作行为 category:身体动作,4470
homogeneous,.hәumә'dʒi:niәs,adj.,同类的,,,kaoyan-shared english-i english-ii source:netem-2024 category:抽象概念 category:性质与评价,4471
intrigue,in'tri:g,n.,阴谋,,,kaoyan-shared english-i english-ii source:netem-2024 category:动作行为 category:使动与影响,4472
lap,læp,n.,重叠部分、轻拍、舐,,,kaoyan-shared english-i english-ii source:netem-2024 category:人类与社会,4473
litre,li:tә(r),n.,公升,,,kaoyan-shared english-i english-ii source:netem-2024 category:科学技术,4474
lofty,'lɒfti,adj.,高的、崇高的,,,kaoyan-shared english-i english-ii source:netem-2024 category:抽象概念 category:性质与评价,4475
magnet,'mægnit,n.,磁铁,,,kaoyan-shared english-i english-ii source:netem-2024 category:科学技术,4476
memorandum,.memә'rændәm,n.,备忘录,,,kaoyan-shared english-i english-ii source:netem-2024 category:职业工作,4477
mingle,'miŋgl,v.,交往、混合,,,kaoyan-shared english-i english-ii source:netem-2024 category:动作行为 category:使动与影响,4478
miniature,'miniәtʃә,n.,小型的、小规模的,,,kaoyan-shared english-i english-ii source:netem-2024 category:抽象概念 category:性质与评价,4479
niece,ni:s,n.,侄女,,,kaoyan-shared english-i english-ii source:netem-2024 category:人类与社会,4480
nourish,'nә:riʃ,vt.,滋养,,,kaoyan-shared english-i english-ii source:netem-2024 category:动作行为 category:身体动作,4481
outfit,'autfit,n.,机构、配备,,,kaoyan-shared english-i english-ii source:netem-2024 category:日常生活,4482
panda,'pændә,n.,熊猫,,,kaoyan-shared english-i english-ii source:netem-2024 category:自然环境,4483
penetrate,'penitreit,vt.,穿透,,,kaoyan-shared english-i english-ii source:netem-2024 category:动作行为 category:身体动作,4484
pine,pain,n.,松树,,,kaoyan-shared english-i english-ii source:netem-2024 category:自然环境,4485
postcard,'pәustkɑ:d,n.,明信片,,,kaoyan-shared english-i english-ii source:netem-2024 category:日常生活,4486
quiz,kwiz,n.,小测验,,,kaoyan-shared english-i english-ii source:netem-2024 category:教育学习,4487
rag,ræg,n.,破布,,,kaoyan-shared english-i english-ii source:netem-2024 category:日常生活,4488
rebellion,ri'beljәn,n.,叛乱,,,kaoyan-shared english-i english-ii source:netem-2024 category:政治法律,4489
refund,'ri:fʌnd,n.,退款,,,kaoyan-shared english-i english-ii source:netem-2024 category:商业经济,4490
resilient,ri'ziliәnt,adj.,有弹力的,,,kaoyan-shared english-i english-ii source:netem-2024 category:抽象概念 category:性质与评价,4491
roar,rɒ:,n.,咆哮、轰鸣,,,kaoyan-shared english-i english-ii source:netem-2024 category:动作行为 category:其他动作,4492
segregate,'segrigeit,adj.,隔离,,,kaoyan-shared english-i english-ii source:netem-2024 category:动作行为 category:变化趋势,4493
sensation,sen'seiʃәn,n.,感觉,,,kaoyan-shared english-i english-ii source:netem-2024 category:抽象概念 category:认知与抽象名词,4494
sleeve,sli:v,n.,袖子,,,kaoyan-shared english-i english-ii source:netem-2024 category:交通旅行,4495
slender,'slendә,adj.,细长的、苗条的,,,kaoyan-shared english-i english-ii source:netem-2024 category:人类与社会,4496
slippery,'slipәri,adj.,滑的,,,kaoyan-shared english-i english-ii source:netem-2024 category:抽象概念 category:性质与评价,4497
sock,sɒk,n.,袜子,,,kaoyan-shared english-i english-ii source:netem-2024 category:交通旅行,4498
sofa,'sәufә,n.,沙发,,,kaoyan-shared english-i english-ii source:netem-2024 category:日常生活,4499
southwest,sauθ'west,n.,西南,,,kaoyan-shared english-i english-ii source:netem-2024 category:空间地点,4500
swear,swєә,vt.,赌咒、发誓,,,kaoyan-shared english-i english-ii source:netem-2024 category:动作行为 category:社交交互,4501
swift,swift,n.,迅速的、雨燕,,,kaoyan-shared english-i english-ii source:netem-2024 category:抽象概念 category:性质与评价,4502
thirsty,'θә:sti,adj.,口渴的,,,kaoyan-shared english-i english-ii source:netem-2024 category:情感心理,4503
censorship,'sensәʃip,n.,检查制度,,,kaoyan-shared english-i english-ii source:netem-2024 category:政治法律,4504
slot,slɒt,n.,槽,,,kaoyan-shared english-i english-ii source:netem-2024 category:日常生活,4505
affirm,ә'fә:m,v.,肯定,,,kaoyan-shared english-i english-ii source:netem-2024 category:动作行为 category:评价与判断,4506
assimilate,ә'simileit,vt.,吸收,,,kaoyan-shared english-i english-ii source:netem-2024 category:动作行为 category:身体动作,4507
frown,fraun,n.,皱眉,,,kaoyan-shared english-i english-ii source:netem-2024 category:动作行为 category:身体动作,4508
lateral,'lætәrәl,n.,侧面、侧面的,,,kaoyan-shared english-i english-ii source:netem-2024 category:空间地点,4509
preface,'prefis,n.,前言,,,kaoyan-shared english-i english-ii source:netem-2024 category:教育学习,4510
query,'kwiәri,n.,疑问、质问,,,kaoyan-shared english-i english-ii source:netem-2024 category:动作行为 category:社交交互,4511
splash,splæʃ,n.,报道、溅泼的量,,,kaoyan-shared english-i english-ii source:netem-2024 category:动作行为 category:其他动作,4512
stride,straid,n.,跨、步伐,,,kaoyan-shared english-i english-ii source:netem-2024 category:动作行为 category:身体动作,4513
torch,tɒ:tʃ,n.,火炬,,,kaoyan-shared english-i english-ii source:netem-2024 category:日常生活,4514
butcher,'butʃә,n.,屠夫,,,kaoyan-shared english-i english-ii source:netem-2024 category:职业工作,4515
compress,kәm'pres,vt.,压缩,,,kaoyan-shared english-i english-ii source:netem-2024 category:动作行为 category:身体动作,4516
diffuse,di'fju:z,v.,弥漫,,,kaoyan-shared english-i english-ii source:netem-2024 category:动作行为 category:变化趋势,4517
discern,di'zә:n,v.,辨别,,,kaoyan-shared english-i english-ii source:netem-2024 category:动作行为 category:评价与判断,4518
goodness,'gudnis,n.,善良,,,kaoyan-shared english-i english-ii source:netem-2024 category:情感心理,4519
grieve,gri:v,vt.,悲伤,,,kaoyan-shared english-i english-ii source:netem-2024 category:动作行为 category:使动与影响,4520
mute,mju:t,n.,沉默的、哑的,,,kaoyan-shared english-i english-ii source:netem-2024 category:情感心理,4521
roast,rәust,n.,烤,,,kaoyan-shared english-i english-ii source:netem-2024 category:食物营养,4522
slum,slʌm,n.,贫民窟,,,kaoyan-shared english-i english-ii source:netem-2024 category:日常生活,4523
steward,'stju:wәd,n.,管家、管理,,,kaoyan-shared english-i english-ii source:netem-2024 category:职业工作,4524
straw,strɒ:,n.,稻草,,,kaoyan-shared english-i english-ii source:netem-2024 category:自然环境,4525
viable,'vaiәbl,adj.,可行的,,,kaoyan-shared english-i english-ii source:netem-2024 category:抽象概念 category:性质与评价,4526
afterward,'ɑ:ftәwәd,adv.,后来,,,kaoyan-shared english-i english-ii source:netem-2024 category:时间日期,4527
angel,'eindʒәl,n.,天使,,,kaoyan-shared english-i english-ii source:netem-2024 category:文化宗教,4528
blunder,'blʌndә,n.,大错,,,kaoyan-shared english-i english-ii source:netem-2024 category:动作行为 category:身体动作,4529
booth,bu:θ,n.,电话亭,,,kaoyan-shared english-i english-ii source:netem-2024 category:日常生活,4530
cigar,si'gɑ:,n.,雪茄烟,,,kaoyan-shared english-i english-ii source:netem-2024 category:食物营养,4531
commend,kә'mend,vt.,推荐,,,kaoyan-shared english-i english-ii source:netem-2024 category:动作行为 category:身体动作,4532
commonwealth,'kɔmәnwelθ,n.,联邦,,,kaoyan-shared english-i english-ii source:netem-2024 category:政治法律,4533
congratulate,kәn'grætʃәleit,vt.,庆祝、祝贺,,,kaoyan-shared english-i english-ii source:netem-2024 category:动作行为 category:社交交互,4534
cricket,'krikit,n.,板球、蟋蟀,,,kaoyan-shared english-i english-ii source:netem-2024 category:运动娱乐,4535
diversion,dai'vә:ʒәn,n.,转移,,,kaoyan-shared english-i english-ii source:netem-2024 category:运动娱乐,4536
ecology,i:'kɒlәdʒi,n.,生态,,,kaoyan-shared english-i english-ii source:netem-2024 category:自然环境,4537
elbow,'elbәu,n.,手肘,,,kaoyan-shared english-i english-ii source:netem-2024 category:人类与社会,4538
equity,'ekwiti,n.,公平、权益,,,kaoyan-shared english-i english-ii source:netem-2024 category:抽象概念 category:性质与评价,4539
guild,gild,n.,协会,,,kaoyan-shared english-i english-ii source:netem-2024 category:职业工作,4540
instrumental,.instru'mentәl,adj.,仪器的、有帮助的,,,kaoyan-shared english-i english-ii source:netem-2024 category:抽象概念 category:性质与评价,4541
keyboard,'ki:bɒ:d,n.,键盘,,,kaoyan-shared english-i english-ii source:netem-2024 category:科学技术,4542
latitude,'lætitju:d,n.,纬度,,,kaoyan-shared english-i english-ii source:netem-2024 category:自然环境,4543
liquor,'likә,n.,酒,,,kaoyan-shared english-i english-ii source:netem-2024 category:食物营养,4544
manuscript,'mænjuskript,n.,手稿,,,kaoyan-shared english-i english-ii source:netem-2024 category:教育学习,4545
plough,plau,n.,犁,,,kaoyan-shared english-i english-ii source:netem-2024 category:动作行为 category:身体动作,4546
suite,swi:t,n.,套房,,,kaoyan-shared english-i english-ii source:netem-2024 category:日常生活,4547
superb,sju'pә:b,adj.,极好的,,,kaoyan-shared english-i english-ii source:netem-2024 category:情感心理,4548
torture,'tɒ:tʃә,n.,拷问,,,kaoyan-shared english-i english-ii source:netem-2024 category:动作行为 category:身体动作,4549
workout,'wә:kaut,n.,锻炼,,,kaoyan-shared english-i english-ii source:netem-2024 category:运动娱乐,4550
advent,'ædvәnt,n.,出现,,,kaoyan-shared english-i english-ii source:netem-2024 category:时间日期,4551
audit,'ɒ:dit,n.,审计,,,kaoyan-shared english-i english-ii source:netem-2024 category:商业经济,4552
blaze,bleiz,n.,火焰、燃烧,,,kaoyan-shared english-i english-ii source:netem-2024 category:动作行为 category:其他动作,4553
brutal,'bru:tәl,adj.,野蛮的,,,kaoyan-shared english-i english-ii source:netem-2024 category:情感心理,4554
bug,bʌg,n.,臭虫、窃听器,,,kaoyan-shared english-i english-ii source:netem-2024 category:自然环境,4555
bull,bul,n.,公牛,,,kaoyan-shared english-i english-ii source:netem-2024 category:自然环境,4556
conspiracy,kәn'spirәsi,n.,阴谋,,,kaoyan-shared english-i english-ii source:netem-2024 category:政治法律,4557
endorse,in'dɒ:s,vt.,支持,,,kaoyan-shared english-i english-ii source:netem-2024 category:动作行为 category:身体动作,4558
expend,ik'spend,vt.,花费,,,kaoyan-shared english-i english-ii source:netem-2024 category:动作行为 category:占有与转移,4559
flour,'flauә,n.,面粉,,,kaoyan-shared english-i english-ii source:netem-2024 category:食物营养,4560
forthcoming,'fɒ:θ'kʌmɑŋ,adj.,即将到来的,,,kaoyan-shared english-i english-ii source:netem-2024 category:抽象概念 category:性质与评价,4561
handy,'hændi,adj.,方便的,,,kaoyan-shared english-i english-ii source:netem-2024 category:抽象概念 category:性质与评价,4562
inventory,'invәntәri,n.,详细目录、清点,,,kaoyan-shared english-i english-ii source:netem-2024 category:商业经济,4563
motel,mәu'tel,n.,汽车旅馆,,,kaoyan-shared english-i english-ii source:netem-2024 category:交通旅行,4564
naval,'neivl,adj.,海军的,,,kaoyan-shared english-i english-ii source:netem-2024 category:政治法律,4565
notebook,'nәutbuk,n.,笔记本,,,kaoyan-shared english-i english-ii source:netem-2024 category:教育学习,4566
palm,pɑ:m,n.,棕榈,,,kaoyan-shared english-i english-ii source:netem-2024 category:人类与社会,4567
relay,'ri:lei,n.,继电器、接力,,,kaoyan-shared english-i english-ii source:netem-2024 category:动作行为 category:其他动作,4568
sandwich,'sændwitʃ,n.,三明治,,,kaoyan-shared english-i english-ii source:netem-2024 category:食物营养,4569
scent,sent,n.,气味,,,kaoyan-shared english-i english-ii source:netem-2024 category:自然环境,4570
shrewd,ʃru:d,adj.,精明的,,,kaoyan-shared english-i english-ii source:netem-2024 category:情感心理,4571
specialise,"'speʃә,laiz",vt.,专门研究、特定范围,,,kaoyan-shared english-i english-ii source:netem-2024 category:动作行为 category:其他动作,4572
stance,stæns,n.,立场,,,kaoyan-shared english-i english-ii source:netem-2024 category:抽象概念 category:认知与抽象名词,4573
veto,'vi:tәu,n.,否决,,,kaoyan-shared english-i english-ii source:netem-2024 category:政治法律,4574
waist,weist,n.,腰,,,kaoyan-shared english-i english-ii source:netem-2024 category:人类与社会,4575
widow,'widәu,n.,寡妇,,,kaoyan-shared english-i english-ii source:netem-2024 category:人类与社会,4576
ambassador,æm'bæsәdә,n.,大使,,,kaoyan-shared english-i english-ii source:netem-2024 category:职业工作,4577
avert,ә'vә:t,vt.,避免,,,kaoyan-shared english-i english-ii source:netem-2024 category:动作行为 category:心理活动,4578
bathe,beið,vt.,沐浴,,,kaoyan-shared english-i english-ii source:netem-2024 category:日常生活,4579
beloved,bi'lʌvd,adj.,心爱的,,,kaoyan-shared english-i english-ii source:netem-2024 category:情感心理,4580
biscuit,'biskit,n.,饼干,,,kaoyan-shared english-i english-ii source:netem-2024 category:食物营养,4581
briefcase,'bri:fkeis,n.,公文包,,,kaoyan-shared english-i english-ii source:netem-2024 category:日常生活,4582
burglar,'bә:glә,n.,窃贼,,,kaoyan-shared english-i english-ii source:netem-2024 category:政治法律,4583
champagne,ʃæm'pein,n.,香槟酒,,,kaoyan-shared english-i english-ii source:netem-2024 category:食物营养,4584
conquest,'kɒŋkwest,n.,征服,,,kaoyan-shared english-i english-ii source:netem-2024 category:动作行为 category:其他动作,4585
convene,kәn'vi:n,vt.,召集,,,kaoyan-shared english-i english-ii source:netem-2024 category:动作行为 category:社交交互,4586
conversion,kәn'vә:ʃәn,n.,转变,,,kaoyan-shared english-i english-ii source:netem-2024 category:抽象概念 category:认知与抽象名词,4587
coward,'kauәd,n.,懦夫,,,kaoyan-shared english-i english-ii source:netem-2024 category:情感心理,4588
dizzy,'dizi,adj.,晕眩的、困惑,,,kaoyan-shared english-i english-ii source:netem-2024 category:情感心理,4589
exile,'eksail,n.,流放,,,kaoyan-shared english-i english-ii source:netem-2024 category:政治法律,4590
futile,'fju:tail,adj.,无用的,,,kaoyan-shared english-i english-ii source:netem-2024 category:抽象概念 category:性质与评价,4591
gracious,'greiʃәs,adj.,亲切的、仁慈的,,,kaoyan-shared english-i english-ii source:netem-2024 category:情感心理,4592
hatch,hætʃ,n.,孵化,,,kaoyan-shared english-i english-ii source:netem-2024 category:动作行为 category:其他动作,4593
heap,hi:p,n.,堆,,,kaoyan-shared english-i english-ii source:netem-2024 category:动作行为 category:其他动作,4594
heave,hi:v,n.,起伏、举、扔,,,kaoyan-shared english-i english-ii source:netem-2024 category:动作行为 category:身体动作,4595
hike,haik,n.,远足,,,kaoyan-shared english-i english-ii source:netem-2024 category:动作行为 category:身体动作,4596
hollow,'hɒlәu,n.,空的、洞,,,kaoyan-shared english-i english-ii source:netem-2024 category:抽象概念 category:性质与评价,4597
huddle,'hʌdl,n.,拥挤、混乱,,,kaoyan-shared english-i english-ii source:netem-2024 category:动作行为 category:身体动作,4598
inland,'inlәnd,adj.,内陆,,,kaoyan-shared english-i english-ii source:netem-2024 category:空间地点,4599
insulate,'insjuleit,vt.,隔离,,,kaoyan-shared english-i english-ii source:netem-2024 category:动作行为 category:身体动作,4600
intermediate,.intә'mi:diәt,n.,中间体、中等的,,,kaoyan-shared english-i english-ii source:netem-2024 category:抽象概念 category:性质与评价,4601
invaluable,in'væljuәbl,adj.,无价的,,,kaoyan-shared english-i english-ii source:netem-2024 category:抽象概念 category:性质与评价,4602
jargon,'dʒɑ:gәn,n.,行话,,,kaoyan-shared english-i english-ii source:netem-2024 category:文化宗教,4603
jungle,'dʒʌŋgl,n.,丛林,,,kaoyan-shared english-i english-ii source:netem-2024 category:自然环境,4604
layman,'leimәn,n.,门外汉,,,kaoyan-shared english-i english-ii source:netem-2024 category:人类与社会,4605
locality,lәu'kæliti,n.,地区,,,kaoyan-shared english-i english-ii source:netem-2024 category:空间地点,4606
noon,nu:n,n.,中午,,,kaoyan-shared english-i english-ii source:netem-2024 category:时间日期,4607
odor,'әudә,n.,气味,,,kaoyan-shared english-i english-ii source:netem-2024 category:自然环境,4608
okay,әj'kei,adj.,可以、好的,,,kaoyan-shared english-i english-ii source:netem-2024 category:抽象概念 category:性质与评价,4609
optical,'ɒptikl,adj.,光学的,,,kaoyan-shared english-i english-ii source:netem-2024 category:科学技术,4610
optimum,'ɒptimәm,n.,最佳的,,,kaoyan-shared english-i english-ii source:netem-2024 category:抽象概念 category:性质与评价,4611
pact,pækt,n.,协定,,,kaoyan-shared english-i english-ii source:netem-2024 category:政治法律,4612
persevere,.pә:si'viә,vi.,坚持,,,kaoyan-shared english-i english-ii source:netem-2024 category:动作行为 category:起始与终止,4613
pharmacy,'fɑ:mәsi,n.,药房,,,kaoyan-shared english-i english-ii source:netem-2024 category:健康医疗,4614
powder,'paudә,n.,粉,,,kaoyan-shared english-i english-ii source:netem-2024 category:科学技术,4615
predominant,pri'dɒminәnt,adj.,主要的,,,kaoyan-shared english-i english-ii source:netem-2024 category:抽象概念 category:性质与评价,4616
presume,pri'zu:m,vt.,假定、推测,,,kaoyan-shared english-i english-ii source:netem-2024 category:动作行为 category:心理活动,4617
protocol,'prәutәkɒl,n.,协议,,,kaoyan-shared english-i english-ii source:netem-2024 category:科学技术,4618
purple,'pә:pl,n.,紫色,,,kaoyan-shared english-i english-ii source:netem-2024 category:交通旅行,4619
rape,reip,n.,强奸,,,kaoyan-shared english-i english-ii source:netem-2024 category:政治法律,4620
reclaim,ri'kleim,vt.,回收、利用,,,kaoyan-shared english-i english-ii source:netem-2024 category:动作行为 category:占有与转移,4621
repression,ri'preʃәn,n.,镇压,,,kaoyan-shared english-i english-ii source:netem-2024 category:政治法律,4622
ridge,ridʒ,n.,脊,,,kaoyan-shared english-i english-ii source:netem-2024 category:自然环境,4623
rust,rʌst,n.,生锈,,,kaoyan-shared english-i english-ii source:netem-2024 category:科学技术,4624
sauce,sɒ:s,n.,酱汁,,,kaoyan-shared english-i english-ii source:netem-2024 category:食物营养,4625
sibling,'sibliŋ,n.,兄弟姐妹,,,kaoyan-shared english-i english-ii source:netem-2024 category:人类与社会,4626
slap,slæp,n.,掴、侮辱,,,kaoyan-shared english-i english-ii source:netem-2024 category:动作行为 category:身体动作,4627
stale,steil,n.,陈腐的、不新鲜的,,,kaoyan-shared english-i english-ii source:netem-2024 category:抽象概念 category:性质与评价,4628
strap,stræp,n.,皮带,,,kaoyan-shared english-i english-ii source:netem-2024 category:日常生活,4629
submerge,sәb'mә:dʒ,vt.,潜入水中、浸没,,,kaoyan-shared english-i english-ii source:netem-2024 category:动作行为 category:身体动作,4630
supper,'sʌpә,n.,晚餐,,,kaoyan-shared english-i english-ii source:netem-2024 category:食物营养,4631
tilt,tilt,n.,倾斜,,,kaoyan-shared english-i english-ii source:netem-2024 category:动作行为 category:身体动作,4632
trademark,'treidmɑ:k,n.,商标,,,kaoyan-shared english-i english-ii source:netem-2024 category:商业经济,4633
trim,trim,n.,修剪、装饰,,,kaoyan-shared english-i english-ii source:netem-2024 category:动作行为 category:身体动作,4634
typist,'taipist,n.,打字员,,,kaoyan-shared english-i english-ii source:netem-2024 category:职业工作,4635
venue,'venju:,n.,审判地、犯罪地点,,,kaoyan-shared english-i english-ii source:netem-2024 category:空间地点,4636
versatile,'vә:sәtail,adj.,多才多艺的、通用的,,,kaoyan-shared english-i english-ii source:netem-2024 category:情感心理,4637
yearly,'jiәli,adj.,每年的,,,kaoyan-shared english-i english-ii source:netem-2024 category:时间日期,4638
necklace,'neklis,n.,项链,,,kaoyan-shared english-i english-ii source:netem-2024 category:交通旅行,4639
thrift,θrift,n.,节俭,,,kaoyan-shared english-i english-ii source:netem-2024 category:商业经济,4640
weary,'wiәri,adj.,疲倦,,,kaoyan-shared english-i english-ii source:netem-2024 category:情感心理,4641
aeroplane,'єәrәplein,n.,飞机,,,kaoyan-shared english-i english-ii source:netem-2024 category:交通旅行,4642
cement,si'ment,n.,水泥,,,kaoyan-shared english-i english-ii source:netem-2024 category:科学技术,4643
inspect,in'spekt,vt.,检查,,,kaoyan-shared english-i english-ii source:netem-2024 category:动作行为 category:身体动作,4644
roundabout,'raundә.baut,adj.,迂回的,,,kaoyan-shared english-i english-ii source:netem-2024 category:空间地点,4645
abide,ә'baid,vi.,遵守,,,kaoyan-shared english-i english-ii source:netem-2024 category:动作行为 category:使动与影响,4646
ashore,ә'ʃɒ:,adv.,上岸,,,kaoyan-shared english-i english-ii source:netem-2024 category:空间地点,4647
chimney,'tʃimni,n.,烟囱,,,kaoyan-shared english-i english-ii source:netem-2024 category:日常生活,4648
claw,klɒ:,n.,爪,,,kaoyan-shared english-i english-ii source:netem-2024 category:自然环境,4649
correspondent,.kɒri'spɒndәnt,n.,通讯记者,,,kaoyan-shared english-i english-ii source:netem-2024 category:职业工作,4650
crab,kræb,n.,蟹,,,kaoyan-shared english-i english-ii source:netem-2024 category:自然环境,4651
ditch,ditʃ,n.,沟渠、抛弃,,,kaoyan-shared english-i english-ii source:netem-2024 category:自然环境,4652
indignant,in'dignәnt,adj.,愤慨的,,,kaoyan-shared english-i english-ii source:netem-2024 category:情感心理,4653
innumerable,i'nju:mәrәbl,adj.,无数的,,,kaoyan-shared english-i english-ii source:netem-2024 category:抽象概念 category:数量与程度,4654
irrespective,.iri'spektiv,adj.,不考虑的,,,kaoyan-shared english-i english-ii source:netem-2024 category:抽象概念 category:逻辑与关系,4655
irrigate,'irigeit,vt.,灌溉,,,kaoyan-shared english-i english-ii source:netem-2024 category:动作行为 category:其他动作,4656
magnitude,'mægnitju:d,n.,大小,,,kaoyan-shared english-i english-ii source:netem-2024 category:抽象概念 category:数量与程度,4657
maid,meid,n.,侍女,,,kaoyan-shared english-i english-ii source:netem-2024 category:人类与社会,4658
memorial,mi'mɒ:riәl,n.,纪念碑,,,kaoyan-shared english-i english-ii source:netem-2024 category:文化宗教,4659
mercury,'mә:kjuri,n.,水银,,,kaoyan-shared english-i english-ii source:netem-2024 category:科学技术,4660
misunderstand,.misʌndә'stænd,vt.,误解,,,kaoyan-shared english-i english-ii source:netem-2024 category:动作行为 category:其他动作,4661
nucleus,'nju:kliәs,n.,核,,,kaoyan-shared english-i english-ii source:netem-2024 category:科学技术,4662
pinch,pintʃ,n.,捏、一撮,,,kaoyan-shared english-i english-ii source:netem-2024 category:动作行为 category:身体动作,4663
plea,pli:,n.,恳求、抗辩、借口,,,kaoyan-shared english-i english-ii source:netem-2024 category:情感心理,4664
puppet,'pʌpit,n.,木偶,,,kaoyan-shared english-i english-ii source:netem-2024 category:运动娱乐,4665
republic,ri'pʌblik,n.,共和国,,,kaoyan-shared english-i english-ii source:netem-2024 category:政治法律,4666
reservoir,'rezәvwɑ:,n.,水库,,,kaoyan-shared english-i english-ii source:netem-2024 category:自然环境,4667
screw,skru:,n.,螺丝、螺钉,,,kaoyan-shared english-i english-ii source:netem-2024 category:日常生活,4668
stern,stә:n,n.,船尾、严厉的,,,kaoyan-shared english-i english-ii source:netem-2024 category:情感心理,4669
stiff,stif,adj.,硬的,,,kaoyan-shared english-i english-ii source:netem-2024 category:抽象概念 category:性质与评价,4670
swamp,swɒmp,n.,沼泽,,,kaoyan-shared english-i english-ii source:netem-2024 category:自然环境,4671
tease,ti:z,n.,取笑,,,kaoyan-shared english-i english-ii source:netem-2024 category:动作行为 category:身体动作,4672
tray,trei,n.,盘,,,kaoyan-shared english-i english-ii source:netem-2024 category:日常生活,4673
tug,tʌg,n.,拖船、拖,,,kaoyan-shared english-i english-ii source:netem-2024 category:动作行为 category:身体动作,4674
ventilate,'ventileit,vt.,通风,,,kaoyan-shared english-i english-ii source:netem-2024 category:动作行为 category:使动与影响,4675
vocation,vәu'keiʃәn,n.,职业,,,kaoyan-shared english-i english-ii source:netem-2024 category:职业工作,4676
zeal,zi:l,n.,热情,,,kaoyan-shared english-i english-ii source:netem-2024 category:情感心理,4677
analytic,.ænә'litik,adj.,分析的,,,kaoyan-shared english-i english-ii source:netem-2024 category:抽象概念 category:性质与评价,4678
apt,æpt,adj.,恰当的,,,kaoyan-shared english-i english-ii source:netem-2024 category:抽象概念 category:性质与评价,4679
benign,bi'nain,adj.,良性的,,,kaoyan-shared english-i english-ii source:netem-2024 category:健康医疗,4680
canoe,kә'nu:,n.,独木舟,,,kaoyan-shared english-i english-ii source:netem-2024 category:运动娱乐,4681
cassette,kæ'set,n.,盒式磁带,,,kaoyan-shared english-i english-ii source:netem-2024 category:科学技术,4682
circular,'sә:kjulә,adj.,圆形的,,,kaoyan-shared english-i english-ii source:netem-2024 category:空间地点,4683
crisp,krisp,adj.,脆的,,,kaoyan-shared english-i english-ii source:netem-2024 category:食物营养,4684
crust,krʌst,n.,外壳,,,kaoyan-shared english-i english-ii source:netem-2024 category:自然环境,4685
curl,kә:l,n.,卷曲,,,kaoyan-shared english-i english-ii source:netem-2024 category:动作行为 category:身体动作,4686
curtain,'kә:tәn,n.,窗帘,,,kaoyan-shared english-i english-ii source:netem-2024 category:日常生活,4687
deter,di'tә:,vt.,阻止,,,kaoyan-shared english-i english-ii source:netem-2024 category:动作行为 category:使动与影响,4688
diagram,'daiәɡræm,n.,图表,,,kaoyan-shared english-i english-ii source:netem-2024 category:科学技术,4689
epic,'epik,n.,史诗,,,kaoyan-shared english-i english-ii source:netem-2024 category:文化宗教,4690
eradicate,i'rædikeit,vt.,根除,,,kaoyan-shared english-i english-ii source:netem-2024 category:动作行为 category:变化趋势,4691
fabulous,'fæbjulәs,adj.,极好的,,,kaoyan-shared english-i english-ii source:netem-2024 category:抽象概念 category:性质与评价,4692
fascinate,'fæsineit,vt.,吸引住,,,kaoyan-shared english-i english-ii source:netem-2024 category:动作行为 category:身体动作,4693
fibre,'faibә,n.,纤维,,,kaoyan-shared english-i english-ii source:netem-2024 category:科学技术,4694
formidable,'fɒ:midәbl,adj.,强大的,,,kaoyan-shared english-i english-ii source:netem-2024 category:抽象概念 category:性质与评价,4695
hearing,'hiәriŋ,n.,听力、听觉,,,kaoyan-shared english-i english-ii source:netem-2024 category:健康医疗,4696
heroic,hi'rәuik,adj.,英勇的,,,kaoyan-shared english-i english-ii source:netem-2024 category:情感心理,4697
inn,in,n.,客栈,,,kaoyan-shared english-i english-ii source:netem-2024 category:日常生活,4698
kin,kin,n.,亲属,,,kaoyan-shared english-i english-ii source:netem-2024 category:人类与社会,4699
murmur,'mә:mә,n.,低语,,,kaoyan-shared english-i english-ii source:netem-2024 category:动作行为 category:身体动作,4700
outrage,'autreidʒ,n.,愤怒,,,kaoyan-shared english-i english-ii source:netem-2024 category:情感心理,4701
pray,prei,v.,祈祷,,,kaoyan-shared english-i english-ii source:netem-2024 category:动作行为 category:占有与转移,4702
propaganda,.prɒpә'gændә,n.,宣传,,,kaoyan-shared english-i english-ii source:netem-2024 category:政治法律,4703
rouse,rauz,n.,唤醒、激起,,,kaoyan-shared english-i english-ii source:netem-2024 category:动作行为 category:身体动作,4704
satire,'sætaiә,n.,讽刺,,,kaoyan-shared english-i english-ii source:netem-2024 category:文化宗教,4705
sneak,sni:k,vi.,溜,,,kaoyan-shared english-i english-ii source:netem-2024 category:动作行为 category:身体动作,4706
stalk,stɒ:k,n.,茎,,,kaoyan-shared english-i english-ii source:netem-2024 category:自然环境,4707
symphony,'simfәni,n.,交响乐,,,kaoyan-shared english-i english-ii source:netem-2024 category:运动娱乐,4708
tuck,tʌk,n.,卷起、藏起,,,kaoyan-shared english-i english-ii source:netem-2024 category:动作行为 category:身体动作,4709
whatsoever,.hwɒtsәu'evә,pron.,无论什么,,,kaoyan-shared english-i english-ii source:netem-2024 category:抽象概念 category:逻辑与关系,4710
whip,hwip,n.,鞭子,,,kaoyan-shared english-i english-ii source:netem-2024 category:动作行为 category:身体动作,4711
wrist,rist,n.,手腕,,,kaoyan-shared english-i english-ii source:netem-2024 category:人类与社会,4712
applause,ә'plɒ:z,n.,鼓掌,,,kaoyan-shared english-i english-ii source:netem-2024 category:文化宗教,4713
ash,æʃ,n.,灰,,,kaoyan-shared english-i english-ii source:netem-2024 category:自然环境,4714
bail,beil,n.,保释,,,kaoyan-shared english-i english-ii source:netem-2024 category:政治法律,4715
bench,bentʃ,n.,长凳,,,kaoyan-shared english-i english-ii source:netem-2024 category:日常生活,4716
better,'betә,adj.,更好的,,,kaoyan-shared english-i english-ii source:netem-2024 category:抽象概念 category:性质与评价,4717
bolster,'bәulstә,n.,支持,,,kaoyan-shared english-i english-ii source:netem-2024 category:动作行为 category:使动与影响,4718
bounce,bauns,n.,反弹,,,kaoyan-shared english-i english-ii source:netem-2024 category:动作行为 category:身体动作,4719
complicate,'kɒmplikeit,vt.,复杂的,,,kaoyan-shared english-i english-ii source:netem-2024 category:动作行为 category:心理活动,4720
conscientious,.kɒnʃi'enʃәs,adj.,认真的、负责的,,,kaoyan-shared english-i english-ii source:netem-2024 category:情感心理,4721
coronavirus,",kɔrәnә'vairәs",n.,冠状病毒,,,kaoyan-shared english-i english-ii source:netem-2024 category:健康医疗,4722
crane,krein,n.,起重机,,,kaoyan-shared english-i english-ii source:netem-2024 category:自然环境,4723
crystal,'kristl,n.,水晶,,,kaoyan-shared english-i english-ii source:netem-2024 category:科学技术,4724
culminate,'kʌlmineit,vi.,达到高潮、结束,,,kaoyan-shared english-i english-ii source:netem-2024 category:动作行为 category:起始与终止,4725
cupboard,'kʌpbɒ:d,n.,碗橱,,,kaoyan-shared english-i english-ii source:netem-2024 category:日常生活,4726
dismay,dis'mei,n.,沮丧,,,kaoyan-shared english-i english-ii source:netem-2024 category:情感心理,4727
evacuate,i'vækjueit,v.,疏散,,,kaoyan-shared english-i english-ii source:netem-2024 category:动作行为 category:其他动作,4728
feather,'feðә,n.,羽毛,,,kaoyan-shared english-i english-ii source:netem-2024 category:自然环境,4729
fertiliser,'fә:tilaizә,n.,化肥,,,kaoyan-shared english-i english-ii source:netem-2024 category:自然环境,4730
feudal,'fju:dәl,adj.,封建的,,,kaoyan-shared english-i english-ii source:netem-2024 category:政治法律,4731
fireplace,'faiәpleis,n.,壁炉,,,kaoyan-shared english-i english-ii source:netem-2024 category:日常生活,4732
fountain,'fauntin,n.,喷泉,,,kaoyan-shared english-i english-ii source:netem-2024 category:自然环境,4733
frog,frɒg,n.,蛙,,,kaoyan-shared english-i english-ii source:netem-2024 category:自然环境,4734
germ,dʒә:m,n.,细菌、胚芽,,,kaoyan-shared english-i english-ii source:netem-2024 category:健康医疗,4735
glide,glaid,n.,滑翔,,,kaoyan-shared english-i english-ii source:netem-2024 category:动作行为 category:其他动作,4736
heir,єә,n.,继承人,,,kaoyan-shared english-i english-ii source:netem-2024 category:人类与社会,4737
imminent,'iminәnt,adj.,逼近的,,,kaoyan-shared english-i english-ii source:netem-2024 category:抽象概念 category:性质与评价,4738
inhibit,in'hibit,vt.,抑制,,,kaoyan-shared english-i english-ii source:netem-2024 category:动作行为 category:使动与影响,4739
inward,'inwәd,adj.,内部的、向内、内部,,,kaoyan-shared english-i english-ii source:netem-2024 category:空间地点,4740
jazz,dʒæz,n.,爵士乐,,,kaoyan-shared english-i english-ii source:netem-2024 category:运动娱乐,4741
junction,'dʒʌŋkʃәn,n.,连接,,,kaoyan-shared english-i english-ii source:netem-2024 category:空间地点,4742
kidnap,'kidnæp,vt.,绑架,,,kaoyan-shared english-i english-ii source:netem-2024 category:动作行为 category:其他动作,4743
loop,lu:p,n.,环,,,kaoyan-shared english-i english-ii source:netem-2024 category:日常生活,4744
missionary,'miʃәnәri,n.,传教士,,,kaoyan-shared english-i english-ii source:netem-2024 category:文化宗教,4745
moist,mɒist,adj.,潮湿的,,,kaoyan-shared english-i english-ii source:netem-2024 category:自然环境,4746
naked,'neikid,adj.,裸体的,,,kaoyan-shared english-i english-ii source:netem-2024 category:人类与社会,4747
overcoat,'әuvәkәut,n.,大衣,,,kaoyan-shared english-i english-ii source:netem-2024 category:交通旅行,4748
overflow,.әuvә'flәu,n.,溢出,,,kaoyan-shared english-i english-ii source:netem-2024 category:动作行为 category:身体动作,4749
pardon,'pɑ:dn,n.,原谅,,,kaoyan-shared english-i english-ii source:netem-2024 category:情感心理,4750
pity,'piti,n.,同情,,,kaoyan-shared english-i english-ii source:netem-2024 category:情感心理,4751
plagiarism,'pleidʒiәrizm,n.,剽窃,,,kaoyan-shared english-i english-ii source:netem-2024 category:教育学习,4752
plight,plait,n.,困境,,,kaoyan-shared english-i english-ii source:netem-2024 category:抽象概念 category:认知与抽象名词,4753
portfolio,pɒ:t'fәuliәu,n.,投资组合、作品集、文件夹,,,kaoyan-shared english-i english-ii source:netem-2024 category:商业经济,4754
postman,'pәustmәn,n.,邮递员,,,kaoyan-shared english-i english-ii source:netem-2024 category:职业工作,4755
prototype,'prәutәtaip,n.,原型,,,kaoyan-shared english-i english-ii source:netem-2024 category:抽象概念 category:认知与抽象名词,4756
punctual,'pәŋktʃuәl,adj.,准时的,,,kaoyan-shared english-i english-ii source:netem-2024 category:时间日期,4757
redundant,ri'dʌndәnt,adj.,解雇的,,,kaoyan-shared english-i english-ii source:netem-2024 category:抽象概念 category:性质与评价,4758
rotten,'rɒtn,adj.,腐烂的,,,kaoyan-shared english-i english-ii source:netem-2024 category:抽象概念 category:性质与评价,4759
scarf,skɑ:f,n.,围巾,,,kaoyan-shared english-i english-ii source:netem-2024 category:交通旅行,4760
shabby,'ʃæbi,adj.,破旧的,,,kaoyan-shared english-i english-ii source:netem-2024 category:情感心理,4761
shave,ʃeiv,n.,刮、剃,,,kaoyan-shared english-i english-ii source:netem-2024 category:动作行为 category:身体动作,4762
shipment,'ʃipmәnt,n.,装运、货物,,,kaoyan-shared english-i english-ii source:netem-2024 category:商业经济,4763
sore,sɒ:,adj.,痛处、疼痛的,,,kaoyan-shared english-i english-ii source:netem-2024 category:健康医疗,4764
spit,spit,n.,吐出、吐口水,,,kaoyan-shared english-i english-ii source:netem-2024 category:动作行为 category:身体动作,4765
steak,steik,n.,牛排,,,kaoyan-shared english-i english-ii source:netem-2024 category:食物营养,4766
storey,'stɔ:ri,n.,楼层,,,kaoyan-shared english-i english-ii source:netem-2024 category:日常生活,4767
sturdy,'stә:di,adj.,坚固的,,,kaoyan-shared english-i english-ii source:netem-2024 category:情感心理,4768
toe,tәu,n.,脚趾,,,kaoyan-shared english-i english-ii source:netem-2024 category:人类与社会,4769
tumor,'tju:mә,n.,肿块,,,kaoyan-shared english-i english-ii source:netem-2024 category:健康医疗,4770
turmoil,'tә:mɒil,n.,混乱,,,kaoyan-shared english-i english-ii source:netem-2024 category:抽象概念 category:性质与评价,4771
wary,'wєәri,adj.,机警的,,,kaoyan-shared english-i english-ii source:netem-2024 category:情感心理,4772
whistle,'hwisl,n.,口哨、汽笛,,,kaoyan-shared english-i english-ii source:netem-2024 category:动作行为 category:身体动作,4773
wolf,wulf,n.,狼,,,kaoyan-shared english-i english-ii source:netem-2024 category:自然环境,4774
geometry,dʒi'ɒmәtri,n.,几何,,,kaoyan-shared english-i english-ii source:netem-2024 category:科学技术,4775
menace,'menis,n.,威胁,,,kaoyan-shared english-i english-ii source:netem-2024 category:动作行为 category:社交交互,4776
radius,'reidiәs,n.,半径,,,kaoyan-shared english-i english-ii source:netem-2024 category:科学技术,4777
semiconductor,.semikәn'dʌktә,n.,半导体,,,kaoyan-shared english-i english-ii source:netem-2024 category:科学技术,4778
statute,'stætju:t,n.,法规,,,kaoyan-shared english-i english-ii source:netem-2024 category:政治法律,4779
barn,bɑ:n,n.,谷仓,,,kaoyan-shared english-i english-ii source:netem-2024 category:自然环境,4780
jurisdiction,.dʒuәris'dikʃәn,n.,管辖权,,,kaoyan-shared english-i english-ii source:netem-2024 category:政治法律,4781
nitrogen,'naitrәdʒәn,n.,氮,,,kaoyan-shared english-i english-ii source:netem-2024 category:科学技术,4782
scorn,skɒ:n,n.,轻蔑、鄙视,,,kaoyan-shared english-i english-ii source:netem-2024 category:情感心理,4783
shove,ʃʌv,n.,推,,,kaoyan-shared english-i english-ii source:netem-2024 category:动作行为 category:身体动作,4784
tram,træm,n.,有轨电车,,,kaoyan-shared english-i english-ii source:netem-2024 category:交通旅行,4785
abound,ә'baund,vi.,充满,,,kaoyan-shared english-i english-ii source:netem-2024 category:自然环境,4786
cape,keip,n.,披肩、海角,,,kaoyan-shared english-i english-ii source:netem-2024 category:自然环境,4787
cherry,'tʃeri,n.,樱桃,,,kaoyan-shared english-i english-ii source:netem-2024 category:食物营养,4788
dock,dɒk,n.,码头,,,kaoyan-shared english-i english-ii source:netem-2024 category:交通旅行,4789
eminent,'eminәnt,adj.,著名的,,,kaoyan-shared english-i english-ii source:netem-2024 category:抽象概念 category:性质与评价,4790
ending,'endiŋ,n.,结局,,,kaoyan-shared english-i english-ii source:netem-2024 category:时间日期,4791
epoch,'i:pɒk,n.,时代,,,kaoyan-shared english-i english-ii source:netem-2024 category:时间日期,4792
hen,hen,n.,母鸡,,,kaoyan-shared english-i english-ii source:netem-2024 category:自然环境,4793
intermittent,.intә'mitәnt,adj.,断断续续的,,,kaoyan-shared english-i english-ii source:netem-2024 category:时间日期,4794
jaw,dʒɒ:,n.,下巴,,,kaoyan-shared english-i english-ii source:netem-2024 category:人类与社会,4795
pepper,'pepә,n.,辣椒,,,kaoyan-shared english-i english-ii source:netem-2024 category:食物营养,4796
purify,'pjuәrifai,vi.,涤罪,,,kaoyan-shared english-i english-ii source:netem-2024 category:动作行为 category:身体动作,4797
rhetoric,'retәrik,n.,修辞,,,kaoyan-shared english-i english-ii source:netem-2024 category:文化宗教,4798
rope,rәup,n.,绳索,,,kaoyan-shared english-i english-ii source:netem-2024 category:日常生活,4799
sideways,'saidweiz,adv.,侧身地、斜向一边的,,,kaoyan-shared english-i english-ii source:netem-2024 category:空间地点,4800
swarm,swɒ:m,n.,群,,,kaoyan-shared english-i english-ii source:netem-2024 category:自然环境,4801
symposium,sim'pәuziәm,n.,讨论会,,,kaoyan-shared english-i english-ii source:netem-2024 category:文化宗教,4802
thermometer,θә'mɒmitә,n.,温度计,,,kaoyan-shared english-i english-ii source:netem-2024 category:科学技术,4803
withhold,wið'hәuld,vt.,保留、扣留,,,kaoyan-shared english-i english-ii source:netem-2024 category:动作行为 category:使动与影响,4804
arrow,'ærәu,n.,箭,,,kaoyan-shared english-i english-ii source:netem-2024 category:科学技术,4805
baggage,'bægidʒ,n.,行李,,,kaoyan-shared english-i english-ii source:netem-2024 category:交通旅行,4806
blunt,blʌnt,adj.,钝的、直率的,,,kaoyan-shared english-i english-ii source:netem-2024 category:抽象概念 category:性质与评价,4807
bruise,bru:z,n.,擦伤、挫伤,,,kaoyan-shared english-i english-ii source:netem-2024 category:健康医疗,4808
buzz,bʌz,n.,嗡嗡声、电话,,,kaoyan-shared english-i english-ii source:netem-2024 category:动作行为 category:其他动作,4809
cab,kæb,n.,驾驶室,,,kaoyan-shared english-i english-ii source:netem-2024 category:交通旅行,4810
calcium,'kælsiәm,n.,钙,,,kaoyan-shared english-i english-ii source:netem-2024 category:健康医疗,4811
compass,'kʌmpәs,n.,指南针,,,kaoyan-shared english-i english-ii source:netem-2024 category:科学技术,4812
downstairs,'daun'stєәz,n.,楼下,,,kaoyan-shared english-i english-ii source:netem-2024 category:空间地点,4813
dye,dai,n.,染色、染料,,,kaoyan-shared english-i english-ii source:netem-2024 category:动作行为 category:其他动作,4814
fuse,fju:z,n.,保险丝、融合,,,kaoyan-shared english-i english-ii source:netem-2024 category:科学技术,4815
hostage,'hɒstidʒ,n.,人质,,,kaoyan-shared english-i english-ii source:netem-2024 category:人类与社会,4816
jog,dʒɒg,n.,慢跑,,,kaoyan-shared english-i english-ii source:netem-2024 category:运动娱乐,4817
knife,naif,n.,刀,,,kaoyan-shared english-i english-ii source:netem-2024 category:日常生活,4818
loaf,lәuf,n.,块,,,kaoyan-shared english-i english-ii source:netem-2024 category:食物营养,4819
lunar,'lu:nә,adj.,月亮的,,,kaoyan-shared english-i english-ii source:netem-2024 category:自然环境,4820
meadow,'medәu,n.,草地,,,kaoyan-shared english-i english-ii source:netem-2024 category:自然环境,4821
packet,'pækit,n.,数据包,,,kaoyan-shared english-i english-ii source:netem-2024 category:日常生活,4822
plumber,'plʌmә,n.,管道工,,,kaoyan-shared english-i english-ii source:netem-2024 category:职业工作,4823
psychiatry,sai'kaiәtri,n.,精神病学,,,kaoyan-shared english-i english-ii source:netem-2024 category:健康医疗,4824
racket,'rækit,n.,球拍,,,kaoyan-shared english-i english-ii source:netem-2024 category:运动娱乐,4825
recite,ri'sait,v.,背诵,,,kaoyan-shared english-i english-ii source:netem-2024 category:动作行为 category:身体动作,4826
retention,ri'tenʃәn,n.,保存、记忆力,,,kaoyan-shared english-i english-ii source:netem-2024 category:抽象概念 category:认知与抽象名词,4827
shorthand,'ʃɒ:thænd,n.,速记,,,kaoyan-shared english-i english-ii source:netem-2024 category:教育学习,4828
sip,sip,n.,抿一口,,,kaoyan-shared english-i english-ii source:netem-2024 category:动作行为 category:身体动作,4829
stubborn,'stʌbәn,adj.,固执的,,,kaoyan-shared english-i english-ii source:netem-2024 category:抽象概念 category:性质与评价,4830
trolley,'trɒli,n.,手推车,,,kaoyan-shared english-i english-ii source:netem-2024 category:交通旅行,4831
amend,ә'mend,vt.,修正,,,kaoyan-shared english-i english-ii source:netem-2024 category:动作行为 category:变化趋势,4832
ankle,'æŋkl,n.,踝,,,kaoyan-shared english-i english-ii source:netem-2024 category:人类与社会,4833
barren,'bærәn,adj.,贫瘠的,,,kaoyan-shared english-i english-ii source:netem-2024 category:自然环境,4834
basin,'beisn,n.,盆地,,,kaoyan-shared english-i english-ii source:netem-2024 category:日常生活,4835
bat,bæt,n.,蝙蝠,,,kaoyan-shared english-i english-ii source:netem-2024 category:运动娱乐,4836
beast,bi:st,n.,兽,,,kaoyan-shared english-i english-ii source:netem-2024 category:自然环境,4837
brass,bræs.brɑ:s,n.,黄铜的,,,kaoyan-shared english-i english-ii source:netem-2024 category:科学技术,4838
breach,bri:tʃ,n.,违反,,,kaoyan-shared english-i english-ii source:netem-2024 category:政治法律,4839
broom,bru:m,n.,扫帚,,,kaoyan-shared english-i english-ii source:netem-2024 category:日常生活,4840
canvas,'kænvәs,n.,帆布,,,kaoyan-shared english-i english-ii source:netem-2024 category:日常生活,4841
cashier,kæ'ʃiә,n.,出纳员,,,kaoyan-shared english-i english-ii source:netem-2024 category:职业工作,4842
chin,tʃin,n.,下巴,,,kaoyan-shared english-i english-ii source:netem-2024 category:人类与社会,4843
chorus,'kɒ:rәs,n.,合唱,,,kaoyan-shared english-i english-ii source:netem-2024 category:运动娱乐,4844
civilisation,",sivilai'zeiʃən;-li'z-",n.,文明,,,kaoyan-shared english-i english-ii source:netem-2024 category:文化宗教,4845
clay,klei,n.,黏土,,,kaoyan-shared english-i english-ii source:netem-2024 category:自然环境,4846
compartment,kәm'pɑ:tmәnt,n.,间隔、划分,,,kaoyan-shared english-i english-ii source:netem-2024 category:日常生活,4847
compassion,kәm'pæʃәn,n.,同情,,,kaoyan-shared english-i english-ii source:netem-2024 category:情感心理,4848
deer,diә,n.,鹿,,,kaoyan-shared english-i english-ii source:netem-2024 category:自然环境,4849
detain,di'tein,vt.,扣留,,,kaoyan-shared english-i english-ii source:netem-2024 category:动作行为 category:身体动作,4850
deviate,'di:vieit,vi.,偏离,,,kaoyan-shared english-i english-ii source:netem-2024 category:动作行为 category:身体动作,4851
diameter,dai'æmitә,n.,直径,,,kaoyan-shared english-i english-ii source:netem-2024 category:科学技术,4852
discretion,dis'kreʃәn,n.,谨慎,,,kaoyan-shared english-i english-ii source:netem-2024 category:抽象概念 category:性质与评价,4853
ego,'egәu. 'i:gәu,n.,自我,,,kaoyan-shared english-i english-ii source:netem-2024 category:情感心理,4854
eloquent,'elәkwәnt,adj.,雄辩的,,,kaoyan-shared english-i english-ii source:netem-2024 category:情感心理,4855
enclosure,in'klәuʒә,n.,围墙、附件,,,kaoyan-shared english-i english-ii source:netem-2024 category:空间地点,4856
farewell,'fєә'wel,n.,告别,,,kaoyan-shared english-i english-ii source:netem-2024 category:情感心理,4857
fling,fliŋ,n.,投掷,,,kaoyan-shared english-i english-ii source:netem-2024 category:动作行为 category:身体动作,4858
fluent,'flu:әnt,adj.,流利的,,,kaoyan-shared english-i english-ii source:netem-2024 category:抽象概念 category:性质与评价,4859
friction,'frikʃәn,n.,摩擦,,,kaoyan-shared english-i english-ii source:netem-2024 category:科学技术,4860
frost,frɒst,n.,霜,,,kaoyan-shared english-i english-ii source:netem-2024 category:自然环境,4861
glacier,'gleiʃә,n.,冰川,,,kaoyan-shared english-i english-ii source:netem-2024 category:自然环境,4862
glorious,'glɒ:riәs,adj.,辉煌的,,,kaoyan-shared english-i english-ii source:netem-2024 category:情感心理,4863
grim,grim,adj.,可怕的、冷酷的,,,kaoyan-shared english-i english-ii source:netem-2024 category:情感心理,4864
grocer,'grәusә,n.,杂货店,,,kaoyan-shared english-i english-ii source:netem-2024 category:职业工作,4865
grope,grәup,v.,探索,,,kaoyan-shared english-i english-ii source:netem-2024 category:动作行为 category:身体动作,4866
hinge,hindʒ,n.,铰链,,,kaoyan-shared english-i english-ii source:netem-2024 category:动作行为 category:其他动作,4867
honorable,'ɒnәrәbl,adj.,光荣的、可敬的,,,kaoyan-shared english-i english-ii source:netem-2024 category:情感心理,4868
horizontal,.hɒri'zɒntәl,n.,水平的、水平线,,,kaoyan-shared english-i english-ii source:netem-2024 category:抽象概念 category:性质与评价,4869
horn,hɒ:n,n.,喇叭,,,kaoyan-shared english-i english-ii source:netem-2024 category:自然环境,4870
humid,'hju:mid,adj.,潮湿的,,,kaoyan-shared english-i english-ii source:netem-2024 category:自然环境,4871
kneel,ni:l,vi.,跪,,,kaoyan-shared english-i english-ii source:netem-2024 category:动作行为 category:身体动作,4872
latent,'leitnt,adj.,潜在的,,,kaoyan-shared english-i english-ii source:netem-2024 category:抽象概念 category:性质与评价,4873
leaflet,'li:flit,n.,传单,,,kaoyan-shared english-i english-ii source:netem-2024 category:教育学习,4874
linear,'liniә,adj.,线性的,,,kaoyan-shared english-i english-ii source:netem-2024 category:抽象概念 category:性质与评价,4875
millionaire,.miljә'nєә,n.,百万富翁,,,kaoyan-shared english-i english-ii source:netem-2024 category:商业经济,4876
minus,'mainәs,n.,减去,,,kaoyan-shared english-i english-ii source:netem-2024 category:抽象概念 category:性质与评价,4877
nickel,'nikl,n.,镍,,,kaoyan-shared english-i english-ii source:netem-2024 category:科学技术,4878
noun,naun,n.,名词,,,kaoyan-shared english-i english-ii source:netem-2024 category:教育学习,4879
orthodox,'ɒ:θәdɒks,adj.,正统的,,,kaoyan-shared english-i english-ii source:netem-2024 category:文化宗教,4880
pad,pæd,n.,发射台、衬垫,,,kaoyan-shared english-i english-ii source:netem-2024 category:日常生活,4881
parameter,pә'ræmitә,n.,参数,,,kaoyan-shared english-i english-ii source:netem-2024 category:科学技术,4882
patron,'peitrәn,n.,守护神,,,kaoyan-shared english-i english-ii source:netem-2024 category:人类与社会,4883
petty,'peti,adj.,小的、琐碎的,,,kaoyan-shared english-i english-ii source:netem-2024 category:抽象概念 category:性质与评价,4884
pickup,'pikʌp,n.,加速、小型卡车、拾音器、获得,,,kaoyan-shared english-i english-ii source:netem-2024 category:交通旅行,4885
pillar,'pilә,n.,支柱,,,kaoyan-shared english-i english-ii source:netem-2024 category:空间地点,4886
plural,'pluәrәl,n.,复数,,,kaoyan-shared english-i english-ii source:netem-2024 category:教育学习,4887
porch,pɒ:tʃ,n.,门廊,,,kaoyan-shared english-i english-ii source:netem-2024 category:空间地点,4888
preclude,pri'klu:d,vt.,阻止,,,kaoyan-shared english-i english-ii source:netem-2024 category:动作行为 category:社交交互,4889
pretext,'pri:tekst,n.,借口,,,kaoyan-shared english-i english-ii source:netem-2024 category:抽象概念 category:认知与抽象名词,4890
rabbit,'ræbit,n.,兔子,,,kaoyan-shared english-i english-ii source:netem-2024 category:自然环境,4891
rack,ræk,n.,行李架,,,kaoyan-shared english-i english-ii source:netem-2024 category:日常生活,4892
rash,ræʃ,adj.,疹子、轻率的,,,kaoyan-shared english-i english-ii source:netem-2024 category:健康医疗,4893
remnant,'remnәnt,n.,残余,,,kaoyan-shared english-i english-ii source:netem-2024 category:抽象概念 category:认知与抽象名词,4894
reproach,ri'prәutʃ,n.,责备,,,kaoyan-shared english-i english-ii source:netem-2024 category:动作行为 category:社交交互,4895
restless,'restlis,adj.,不安宁的,,,kaoyan-shared english-i english-ii source:netem-2024 category:情感心理,4896
revolt,ri'vәult,n.,反抗,,,kaoyan-shared english-i english-ii source:netem-2024 category:动作行为 category:社交交互,4897
ripe,raip,adj.,熟的,,,kaoyan-shared english-i english-ii source:netem-2024 category:抽象概念 category:性质与评价,4898
robe,rәub,n.,长袍,,,kaoyan-shared english-i english-ii source:netem-2024 category:交通旅行,4899
sailor,'seilә,n.,水手,,,kaoyan-shared english-i english-ii source:netem-2024 category:职业工作,4900
saint,seint,n.,圣人,,,kaoyan-shared english-i english-ii source:netem-2024 category:文化宗教,4901
sceptical,'skeptikl,adj.,怀疑的,,,kaoyan-shared english-i english-ii source:netem-2024 category:情感心理,4902
seventeen,sevn'ti:n,num.,十七,,,kaoyan-shared english-i english-ii source:netem-2024 category:时间日期,4903
shiver,'ʃivә,vi.,发抖、哆嗦,,,kaoyan-shared english-i english-ii source:netem-2024 category:动作行为 category:身体动作,4904
smuggle,'smʌgl,vt.,走私,,,kaoyan-shared english-i english-ii source:netem-2024 category:动作行为 category:身体动作,4905
sneeze,sni:z,n.,喷嚏,,,kaoyan-shared english-i english-ii source:netem-2024 category:动作行为 category:身体动作,4906
sour,'sauә,adj.,酸的,,,kaoyan-shared english-i english-ii source:netem-2024 category:食物营养,4907
specimen,'spesimәn,n.,标本,,,kaoyan-shared english-i english-ii source:netem-2024 category:教育学习,4908
spoon,spu:n,n.,勺子,,,kaoyan-shared english-i english-ii source:netem-2024 category:日常生活,4909
stagnant,'stægnәnt,adj.,停滞的,,,kaoyan-shared english-i english-ii source:netem-2024 category:抽象概念 category:性质与评价,4910
stitch,stitʃ,n.,针脚、缝补,,,kaoyan-shared english-i english-ii source:netem-2024 category:动作行为 category:身体动作,4911
stoop,stu:p,n.,弯腰,,,kaoyan-shared english-i english-ii source:netem-2024 category:动作行为 category:身体动作,4912
submarine,'sʌbmәri:n,n.,潜水艇,,,kaoyan-shared english-i english-ii source:netem-2024 category:交通旅行,4913
subtract,sәb'trækt,vt.,减去,,,kaoyan-shared english-i english-ii source:netem-2024 category:动作行为 category:其他动作,4914
suffice,sә'fais,vi.,足够,,,kaoyan-shared english-i english-ii source:netem-2024 category:动作行为 category:变化趋势,4915
thrust,θrʌst,n.,推力,,,kaoyan-shared english-i english-ii source:netem-2024 category:动作行为 category:身体动作,4916
torment,'tɒ:ment,n.,折磨,,,kaoyan-shared english-i english-ii source:netem-2024 category:动作行为 category:身体动作,4917
torrent,'tɒ:rәnt,n.,激流,,,kaoyan-shared english-i english-ii source:netem-2024 category:自然环境,4918
trunk,trʌŋk,n.,树干,,,kaoyan-shared english-i english-ii source:netem-2024 category:人类与社会,4919
vicinity,vi'siniti,n.,邻近,,,kaoyan-shared english-i english-ii source:netem-2024 category:空间地点,4920
violet,'vaiәlit,n.,紫色、紫罗兰,,,kaoyan-shared english-i english-ii source:netem-2024 category:交通旅行,4921
wagon,'wægәn,n.,货车,,,kaoyan-shared english-i english-ii source:netem-2024 category:交通旅行,4922
yawn,jɒ:n,n.,呵欠,,,kaoyan-shared english-i english-ii source:netem-2024 category:动作行为 category:身体动作,4923
fume,fju:m,n.,烟,,,kaoyan-shared english-i english-ii source:netem-2024 category:自然环境,4924
parachute,'pærәʃu:t,n.,降落伞,,,kaoyan-shared english-i english-ii source:netem-2024 category:交通旅行,4925
superfluous,sju'pә:fluәs,adj.,多余的,,,kaoyan-shared english-i english-ii source:netem-2024 category:抽象概念 category:性质与评价,4926
turbine,'tә:bain,n.,涡轮,,,kaoyan-shared english-i english-ii source:netem-2024 category:科学技术,4927
aerial,'єәriәl,adj.,天线,,,kaoyan-shared english-i english-ii source:netem-2024 category:科学技术,4928
brow,brau,n.,眉毛,,,kaoyan-shared english-i english-ii source:netem-2024 category:人类与社会,4929
defer,di'fә:,vi.,推迟,,,kaoyan-shared english-i english-ii source:netem-2024 category:动作行为 category:起始与终止,4930
flare,'flєә,n.,爆发、闪光,,,kaoyan-shared english-i english-ii source:netem-2024 category:动作行为 category:身体动作,4931
humiliate,hju:'milieit,vt.,使丢脸,,,kaoyan-shared english-i english-ii source:netem-2024 category:动作行为 category:身体动作,4932
jealous,'dʒelәs,adj.,嫉妒的,,,kaoyan-shared english-i english-ii source:netem-2024 category:情感心理,4933
massacre,'mæsәkә,n.,大屠杀,,,kaoyan-shared english-i english-ii source:netem-2024 category:政治法律,4934
monotonous,mә'nɒtәnәs,adj.,单调的,,,kaoyan-shared english-i english-ii source:netem-2024 category:抽象概念 category:性质与评价,4935
rejoice,ri'dʒɒis,vt.,高兴,,,kaoyan-shared english-i english-ii source:netem-2024 category:动作行为 category:使动与影响,4936
sly,slai,adj.,狡猾的,,,kaoyan-shared english-i english-ii source:netem-2024 category:情感心理,4937
speciality,.speʃi'æliti,n.,专长,,,kaoyan-shared english-i english-ii source:netem-2024 category:教育学习,4938
strawberry,'strɒ:bәri,n.,草莓,,,kaoyan-shared english-i english-ii source:netem-2024 category:食物营养,4939
synthesis,'sinθisis,n.,合成,,,kaoyan-shared english-i english-ii source:netem-2024 category:科学技术,4940
throne,'θrәun,n.,王位,,,kaoyan-shared english-i english-ii source:netem-2024 category:政治法律,4941
vanity,'væniti,n.,虚荣心,,,kaoyan-shared english-i english-ii source:netem-2024 category:情感心理,4942
velocity,vi'lɒsәti,n.,速度,,,kaoyan-shared english-i english-ii source:netem-2024 category:科学技术,4943
wedge,wedʒ,n.,楔子,,,kaoyan-shared english-i english-ii source:netem-2024 category:科学技术,4944
allegiance,ә'li:dʒәns,n.,效忠,,,kaoyan-shared english-i english-ii source:netem-2024 category:情感心理,4945
bronze,brɒnz,n.,青铜,,,kaoyan-shared english-i english-ii source:netem-2024 category:科学技术,4946
chalk,tʃɒ:k,n.,粉笔,,,kaoyan-shared english-i english-ii source:netem-2024 category:教育学习,4947
commemorate,kә'memәreit,vt.,纪念,,,kaoyan-shared english-i english-ii source:netem-2024 category:动作行为 category:社交交互,4948
dumb,dʌm,adj.,愚蠢的,,,kaoyan-shared english-i english-ii source:netem-2024 category:情感心理,4949
elapse,i'læps,vi.,逝去,,,kaoyan-shared english-i english-ii source:netem-2024 category:时间日期,4950
generator,'dʒenәreitә,n.,发电机,,,kaoyan-shared english-i english-ii source:netem-2024 category:科学技术,4951
ham,hæm,n.,火腿,,,kaoyan-shared english-i english-ii source:netem-2024 category:食物营养,4952
hedge,hedʒ,n.,树篱、篱笆,,,kaoyan-shared english-i english-ii source:netem-2024 category:自然环境,4953
idiom,'idiәm,n.,成语,,,kaoyan-shared english-i english-ii source:netem-2024 category:文化宗教,4954
moisture,'mɒistʃә,n.,水分,,,kaoyan-shared english-i english-ii source:netem-2024 category:自然环境,4955
mortal,'mɒ:tәl,n.,凡人、致命的,,,kaoyan-shared english-i english-ii source:netem-2024 category:健康医疗,4956
orphan,'ɒ:fәn,n.,孤儿,,,kaoyan-shared english-i english-ii source:netem-2024 category:人类与社会,4957
overhaul,.әuvә'hɒ:l,vt.,彻底检查、革新,,,kaoyan-shared english-i english-ii source:netem-2024 category:动作行为 category:评价与判断,4958
plateau,plæ'tәu,n.,高原,,,kaoyan-shared english-i english-ii source:netem-2024 category:自然环境,4959
pork,pɒ:k,n.,猪肉,,,kaoyan-shared english-i english-ii source:netem-2024 category:食物营养,4960
propagate,'prɒpәgeit,vt.,传播,,,kaoyan-shared english-i english-ii source:netem-2024 category:动作行为 category:变化趋势,4961
puff,pʌf,n.,粉扑、膨胀、一阵,,,kaoyan-shared english-i english-ii source:netem-2024 category:动作行为 category:身体动作,4962
reciprocal,ri'siprәkl,adj.,互惠、相互,,,kaoyan-shared english-i english-ii source:netem-2024 category:抽象概念 category:性质与评价,4963
retrospect,'retrәspekt,n.,回顾,,,kaoyan-shared english-i english-ii source:netem-2024 category:动作行为 category:心理活动,4964
rib,rib,n.,肋骨,,,kaoyan-shared english-i english-ii source:netem-2024 category:人类与社会,4965
tan,tæn,n.,棕褐色、晒黑,,,kaoyan-shared english-i english-ii source:netem-2024 category:交通旅行,4966
aggregate,'ægrigәt,n.,集料,,,kaoyan-shared english-i english-ii source:netem-2024 category:科学技术,4967
anyhow,'enihau,adv.,无论如何,,,kaoyan-shared english-i english-ii source:netem-2024 category:抽象概念 category:逻辑与关系,4968
arch,ɑ:tʃ,n.,拱,,,kaoyan-shared english-i english-ii source:netem-2024 category:空间地点,4969
avail,ә'veil,vi.,利益、有利于,,,kaoyan-shared english-i english-ii source:netem-2024 category:抽象概念 category:认知与抽象名词,4970
balcony,'bælkәni,n.,阳台,,,kaoyan-shared english-i english-ii source:netem-2024 category:空间地点,4971
barbecue,'bɑ:bikju:,n.,烧烤,,,kaoyan-shared english-i english-ii source:netem-2024 category:食物营养,4972
belly,'beli,n.,腹部,,,kaoyan-shared english-i english-ii source:netem-2024 category:人类与社会,4973
benevolent,bi'nevәlәnt,adj.,仁慈的,,,kaoyan-shared english-i english-ii source:netem-2024 category:情感心理,4974
beware,bi'wєә,v.,小心,,,kaoyan-shared english-i english-ii source:netem-2024 category:动作行为 category:其他动作,4975
blush,blʌʃ,vi.,脸红,,,kaoyan-shared english-i english-ii source:netem-2024 category:动作行为 category:其他动作,4976
born,bɒ:n,adj.,出生的,,,kaoyan-shared english-i english-ii source:netem-2024 category:人类与社会,4977
bulletin,'bulitin,n.,公报,,,kaoyan-shared english-i english-ii source:netem-2024 category:文化宗教,4978
centimetre,"'senti,mi:tә(r)",n.,厘米,,,kaoyan-shared english-i english-ii source:netem-2024 category:科学技术,4979
circus,'sә:kәs,n.,马戏团,,,kaoyan-shared english-i english-ii source:netem-2024 category:运动娱乐,4980
clasp,klɑ:sp,n.,钩、扣子,,,kaoyan-shared english-i english-ii source:netem-2024 category:动作行为 category:身体动作,4981
climax,'klaimæks,n.,高潮,,,kaoyan-shared english-i english-ii source:netem-2024 category:抽象概念 category:认知与抽象名词,4982
commence,kә'mens,v.,开始,,,kaoyan-shared english-i english-ii source:netem-2024 category:动作行为 category:起始与终止,4983
decree,di'kri:,n.,法令、颁布,,,kaoyan-shared english-i english-ii source:netem-2024 category:政治法律,4984
dilute,dai'lju:t,vt.,稀释,,,kaoyan-shared english-i english-ii source:netem-2024 category:动作行为 category:变化趋势,4985
disappoint,.disә'pɒint,vt.,失望,,,kaoyan-shared english-i english-ii source:netem-2024 category:动作行为 category:身体动作,4986
discreet,dis'kri:t,adj.,谨慎的,,,kaoyan-shared english-i english-ii source:netem-2024 category:情感心理,4987
dissipate,'disipeit,vt.,消散,,,kaoyan-shared english-i english-ii source:netem-2024 category:动作行为 category:使动与影响,4988
dynasty,'dainæsti,n.,王朝,,,kaoyan-shared english-i english-ii source:netem-2024 category:政治法律,4989
edible,'edibl,n.,可食用的、食品,,,kaoyan-shared english-i english-ii source:netem-2024 category:食物营养,4990
elastic,i'læstik,n.,有弹性的,,,kaoyan-shared english-i english-ii source:netem-2024 category:科学技术,4991
escalate,'eskәleit,vi.,升级,,,kaoyan-shared english-i english-ii source:netem-2024 category:动作行为 category:使动与影响,4992
escort,'eskɒ:t,n.,护送,,,kaoyan-shared english-i english-ii source:netem-2024 category:动作行为 category:社交交互,4993
exceedingly,ik'si:diŋli,adv.,极度地、非常,,,kaoyan-shared english-i english-ii source:netem-2024 category:抽象概念 category:数量与程度,4994
excite,ik'sait,vt.,刺激、激起,,,kaoyan-shared english-i english-ii source:netem-2024 category:动作行为 category:使动与影响,4995
exquisite,'ekskwizit,adj.,精致的,,,kaoyan-shared english-i english-ii source:netem-2024 category:抽象概念 category:性质与评价,4996
fairy,'fєәri,n.,仙女,,,kaoyan-shared english-i english-ii source:netem-2024 category:文化宗教,4997
feast,fi:st,n.,宴会,,,kaoyan-shared english-i english-ii source:netem-2024 category:食物营养,4998
fist,fist,n.,拳头,,,kaoyan-shared english-i english-ii source:netem-2024 category:人类与社会,4999
fortnight,'fɒ:tnait,n.,两星期,,,kaoyan-shared english-i english-ii source:netem-2024 category:时间日期,5000
furious,'fjuәriәs,adj.,狂怒的,,,kaoyan-shared english-i english-ii source:netem-2024 category:情感心理,5001
gauge,geidʒ,n.,测量,,,kaoyan-shared english-i english-ii source:netem-2024 category:科学技术,5002
gorgeous,'gɒ:dʒәs,adj.,华丽的,,,kaoyan-shared english-i english-ii source:netem-2024 category:情感心理,5003
greeting,'gri:tiŋ,n.,问候,,,kaoyan-shared english-i english-ii source:netem-2024 category:情感心理,5004
grind,graind,n.,磨,,,kaoyan-shared english-i english-ii source:netem-2024 category:动作行为 category:身体动作,5005
guitar,gi'tɑ:,n.,吉他,,,kaoyan-shared english-i english-ii source:netem-2024 category:运动娱乐,5006
handbook,"'hænd,buk",n.,手册,,,kaoyan-shared english-i english-ii source:netem-2024 category:教育学习,5007
headmaster,'hed'mɑ:stә,n.,校长,,,kaoyan-shared english-i english-ii source:netem-2024 category:职业工作,5008
herald,'herәld,n.,先驱,,,kaoyan-shared english-i english-ii source:netem-2024 category:动作行为 category:社交交互,5009
herb,hә:b,n.,药草,,,kaoyan-shared english-i english-ii source:netem-2024 category:食物营养,5010
hoist,hɒist,n.,升起、起重机,,,kaoyan-shared english-i english-ii source:netem-2024 category:动作行为 category:身体动作,5011
hose,hәuz,n.,水管,,,kaoyan-shared english-i english-ii source:netem-2024 category:日常生活,5012
humidity,hju:'miditi,n.,湿度,,,kaoyan-shared english-i english-ii source:netem-2024 category:自然环境,5013
hurl,hә:l,n.,用力投掷、丢下,,,kaoyan-shared english-i english-ii source:netem-2024 category:动作行为 category:身体动作,5014
icon,'aikɒn,n.,偶像、图标,,,kaoyan-shared english-i english-ii source:netem-2024 category:文化宗教,5015
intelligible,in'telidʒәbl,adj.,可理解的,,,kaoyan-shared english-i english-ii source:netem-2024 category:抽象概念 category:性质与评价,5016
lad,læd,n.,小伙子,,,kaoyan-shared english-i english-ii source:netem-2024 category:人类与社会,5017
liner,'lainә,n.,班轮,,,kaoyan-shared english-i english-ii source:netem-2024 category:交通旅行,5018
locker,'lɒkә,n.,储物柜,,,kaoyan-shared english-i english-ii source:netem-2024 category:日常生活,5019
lubricate,'lu:brikeit,vt.,润滑,,,kaoyan-shared english-i english-ii source:netem-2024 category:动作行为 category:使动与影响,5020
marble,'mɑ:bl,n.,大理石,,,kaoyan-shared english-i english-ii source:netem-2024 category:日常生活,5021
mat,mæt,n.,垫子,,,kaoyan-shared english-i english-ii source:netem-2024 category:日常生活,5022
me,mi:,pron.,我,,,kaoyan-shared english-i english-ii source:netem-2024 category:人类与社会,5023
melody,'melәdi,n.,旋律,,,kaoyan-shared english-i english-ii source:netem-2024 category:运动娱乐,5024
merry,'meri,adj.,愉快的,,,kaoyan-shared english-i english-ii source:netem-2024 category:情感心理,5025
nineteen,.nain'ti:n,num.,十九,,,kaoyan-shared english-i english-ii source:netem-2024 category:时间日期,5026
notwithstanding,.nɒtwiθ'stændiŋ,adv.,尽管,,,kaoyan-shared english-i english-ii source:netem-2024 category:抽象概念 category:逻辑与关系,5027
onion,'ʌnjәn,n.,洋葱,,,kaoyan-shared english-i english-ii source:netem-2024 category:食物营养,5028
orchard,'ɒ:tʃәd,n.,果园,,,kaoyan-shared english-i english-ii source:netem-2024 category:自然环境,5029
oval,'әuvәl,n.,椭圆,,,kaoyan-shared english-i english-ii source:netem-2024 category:抽象概念 category:性质与评价,5030
overthrow,.әuvә'θrәu,n.,推翻,,,kaoyan-shared english-i english-ii source:netem-2024 category:动作行为 category:身体动作,5031
owl,aul,n.,猫头鹰,,,kaoyan-shared english-i english-ii source:netem-2024 category:自然环境,5032
paradigm,'pærәdaim,n.,范例,,,kaoyan-shared english-i english-ii source:netem-2024 category:教育学习,5033
paste,peist,n.,粘贴,,,kaoyan-shared english-i english-ii source:netem-2024 category:日常生活,5034
peach,pi:tʃ,n.,桃子、桃树,,,kaoyan-shared english-i english-ii source:netem-2024 category:食物营养,5035
pedal,'pedl,n.,踏板,,,kaoyan-shared english-i english-ii source:netem-2024 category:科学技术,5036
pendulum,'pendʒәlәm,n.,钟摆,,,kaoyan-shared english-i english-ii source:netem-2024 category:科学技术,5037
peninsula,pi'ninsjulә,n.,半岛,,,kaoyan-shared english-i english-ii source:netem-2024 category:自然环境,5038
petition,pi'tiʃәn,n.,请愿,,,kaoyan-shared english-i english-ii source:netem-2024 category:动作行为 category:占有与转移,5039
pirate,'paiәrәt,n.,海盗,,,kaoyan-shared english-i english-ii source:netem-2024 category:政治法律,5040
plantation,plæn'teiʃәn,n.,种植园,,,kaoyan-shared english-i english-ii source:netem-2024 category:自然环境,5041
pond,pɒnd,n.,池塘,,,kaoyan-shared english-i english-ii source:netem-2024 category:自然环境,5042
postage,'pәustidʒ,n.,邮费,,,kaoyan-shared english-i english-ii source:netem-2024 category:商业经济,5043
recede,ri'si:d,vi.,后退,,,kaoyan-shared english-i english-ii source:netem-2024 category:动作行为 category:变化趋势,5044
reed,ri:d,n.,芦苇,,,kaoyan-shared english-i english-ii source:netem-2024 category:自然环境,5045
saddle,'sædl,n.,鞍,,,kaoyan-shared english-i english-ii source:netem-2024 category:日常生活,5046
salvation,sæl'veiʃә,n.,拯救,,,kaoyan-shared english-i english-ii source:netem-2024 category:文化宗教,5047
saucer,'sɒ:sә,n.,碟子,,,kaoyan-shared english-i english-ii source:netem-2024 category:日常生活,5048
sausage,'sɒsidʒ,n.,香肠,,,kaoyan-shared english-i english-ii source:netem-2024 category:食物营养,5049
scar,skɑ:,n.,疤痕,,,kaoyan-shared english-i english-ii source:netem-2024 category:健康医疗,5050
scramble,'skræmbl,n.,争夺,,,kaoyan-shared english-i english-ii source:netem-2024 category:动作行为 category:身体动作,5051
shaft,ʃæft,n.,轴,,,kaoyan-shared english-i english-ii source:netem-2024 category:日常生活,5052
shear,ʃiә,n.,剪,,,kaoyan-shared english-i english-ii source:netem-2024 category:动作行为 category:身体动作,5053
skilful,'skilful,adj.,熟练的、巧妙的,,,kaoyan-shared english-i english-ii source:netem-2024 category:抽象概念 category:性质与评价,5054
slam,slæm,n.,满贯,,,kaoyan-shared english-i english-ii source:netem-2024 category:动作行为 category:其他动作,5055
solo,'sәulәu,n.,独奏,,,kaoyan-shared english-i english-ii source:netem-2024 category:运动娱乐,5056
spade,speid,n.,铁锹、铲,,,kaoyan-shared english-i english-ii source:netem-2024 category:日常生活,5057
sparkle,'spɑ:kl,n.,闪耀,,,kaoyan-shared english-i english-ii source:netem-2024 category:动作行为 category:其他动作,5058
stagnate,'stægneit,v.,停滞不前,,,kaoyan-shared english-i english-ii source:netem-2024 category:动作行为 category:变化趋势,5059
stun,stʌn,vt.,震惊,,,kaoyan-shared english-i english-ii source:netem-2024 category:动作行为 category:身体动作,5060
tariff,'tærif,n.,关税,,,kaoyan-shared english-i english-ii source:netem-2024 category:商业经济,5061
thermal,'θә:ml,adj.,热量的、热的,,,kaoyan-shared english-i english-ii source:netem-2024 category:科学技术,5062
timid,'timid,adj.,胆怯的,,,kaoyan-shared english-i english-ii source:netem-2024 category:情感心理,5063
twinkle,'twiŋkl,n.,闪烁,,,kaoyan-shared english-i english-ii source:netem-2024 category:动作行为 category:身体动作,5064
unload,.ʌn'lәud,vi.,卸下、卸货,,,kaoyan-shared english-i english-ii source:netem-2024 category:动作行为 category:身体动作,5065
veil,veil,n.,面纱,,,kaoyan-shared english-i english-ii source:netem-2024 category:交通旅行,5066
volleyball,'vɒlibɒ:l,n.,排球,,,kaoyan-shared english-i english-ii source:netem-2024 category:运动娱乐,5067
warranty,'wɒ:rәnti,n.,保修期,,,kaoyan-shared english-i english-ii source:netem-2024 category:商业经济,5068
waterproof,'wɒtәpru:f,n.,防水材料,,,kaoyan-shared english-i english-ii source:netem-2024 category:日常生活,5069
whisky,'hwiski,n.,威士忌酒,,,kaoyan-shared english-i english-ii source:netem-2024 category:食物营养,5070
wholesome,'hәulsәm,adj.,有益健康的,,,kaoyan-shared english-i english-ii source:netem-2024 category:抽象概念 category:性质与评价,5071
amaze,ә'meiz,vt.,吃惊、惊讶,,,kaoyan-shared english-i english-ii source:netem-2024 category:情感心理,5072
bait,beit,n.,饵,,,kaoyan-shared english-i english-ii source:netem-2024 category:动作行为 category:身体动作,5073
coil,kɒil,n.,圈、线圈,,,kaoyan-shared english-i english-ii source:netem-2024 category:动作行为 category:身体动作,5074
enquiry,in'kwaiәri,n.,咨询,,,kaoyan-shared english-i english-ii source:netem-2024 category:动作行为 category:社交交互,5075
hypocrisy,hi'pɒkrәsi,n.,伪善,,,kaoyan-shared english-i english-ii source:netem-2024 category:情感心理,5076
interface,'intәfeis,n.,接口,,,kaoyan-shared english-i english-ii source:netem-2024 category:科学技术,5077
invert,in'vә:t,adj.,颠倒、反转,,,kaoyan-shared english-i english-ii source:netem-2024 category:动作行为 category:其他动作,5078
lumber,'lʌmbә,n.,木材,,,kaoyan-shared english-i english-ii source:netem-2024 category:自然环境,5079
madam,'mædәm,n.,夫人,,,kaoyan-shared english-i english-ii source:netem-2024 category:人类与社会,5080
adjective,'ædʒiktiv,n.,形容词,,,kaoyan-shared english-i english-ii source:netem-2024 category:教育学习,5081
alloy,'ælɒi. ә'lɒi,n.,合金,,,kaoyan-shared english-i english-ii source:netem-2024 category:科学技术,5082
bearing,'bєәriŋ,n.,轴承,,,kaoyan-shared english-i english-ii source:netem-2024 category:动作行为 category:身体动作,5083
bewilder,bi'wildә,vt.,使迷惑,,,kaoyan-shared english-i english-ii source:netem-2024 category:情感心理,5084
bloody,'blʌdi,adj.,血腥的,,,kaoyan-shared english-i english-ii source:netem-2024 category:健康医疗,5085
centigrade,'sentigreid,adj.,百分度的,,,kaoyan-shared english-i english-ii source:netem-2024 category:科学技术,5086
choir,'kwaiә,n.,唱诗班,,,kaoyan-shared english-i english-ii source:netem-2024 category:文化宗教,5087
clap,klæp,n.,击掌、拍手,,,kaoyan-shared english-i english-ii source:netem-2024 category:动作行为 category:身体动作,5088
cloak,klәuk,n.,隐匿、外衣、遮掩,,,kaoyan-shared english-i english-ii source:netem-2024 category:交通旅行,5089
comb,kәum,n.,梳子,,,kaoyan-shared english-i english-ii source:netem-2024 category:日常生活,5090
debut,'deibju:,n.,初次登场,,,kaoyan-shared english-i english-ii source:netem-2024 category:动作行为 category:起始与终止,5091
dwelling,'dweliŋ,n.,住宅,,,kaoyan-shared english-i english-ii source:netem-2024 category:日常生活,5092
harden,hɑ:dn,vt.,硬化,,,kaoyan-shared english-i english-ii source:netem-2024 category:动作行为 category:使动与影响,5093
inhale,in'heil,vt.,吸入,,,kaoyan-shared english-i english-ii source:netem-2024 category:动作行为 category:身体动作,5094
mourn,mɒ:n,v.,哀悼,,,kaoyan-shared english-i english-ii source:netem-2024 category:动作行为 category:其他动作,5095
necessitate,ni'sesiteit,vt.,迫使,,,kaoyan-shared english-i english-ii source:netem-2024 category:动作行为 category:使动与影响,5096
obstruct,әb'strʌkt,vt.,妨碍,,,kaoyan-shared english-i english-ii source:netem-2024 category:动作行为 category:身体动作,5097
oxide,'ɒksaid,n.,氧化物,,,kaoyan-shared english-i english-ii source:netem-2024 category:科学技术,5098
panorama,.pænә'rɑ:mә,n.,全景,,,kaoyan-shared english-i english-ii source:netem-2024 category:自然环境,5099
rake,reik,n.,耙子,,,kaoyan-shared english-i english-ii source:netem-2024 category:动作行为 category:其他动作,5100
repertoire,'repәtwɑ:,n.,全部节目,,,kaoyan-shared english-i english-ii source:netem-2024 category:运动娱乐,5101
rose,rәuz,n.,玫瑰,,,kaoyan-shared english-i english-ii source:netem-2024 category:自然环境,5102
spiral,'spairәl,n.,螺旋,,,kaoyan-shared english-i english-ii source:netem-2024 category:自然环境,5103
staircase,'stєәkeis,n.,楼梯,,,kaoyan-shared english-i english-ii source:netem-2024 category:日常生活,5104
triangle,'traiæŋgl,n.,三角形,,,kaoyan-shared english-i english-ii source:netem-2024 category:科学技术,5105
adjacent,ә'dʒeisәnt,adj.,邻近的,,,kaoyan-shared english-i english-ii source:netem-2024 category:空间地点,5106
antenna,æn'tenә,n.,天线,,,kaoyan-shared english-i english-ii source:netem-2024 category:科学技术,5107
approximate,ә'prɒksimәt,adj.,接近,,,kaoyan-shared english-i english-ii source:netem-2024 category:抽象概念 category:性质与评价,5108
arena,ә'ri:nә,n.,竞技场,,,kaoyan-shared english-i english-ii source:netem-2024 category:运动娱乐,5109
artery,'ɑ:tәri,n.,动脉,,,kaoyan-shared english-i english-ii source:netem-2024 category:人类与社会,5110
auditorium,.ɒ:di'tɒ:riәm,n.,礼堂,,,kaoyan-shared english-i english-ii source:netem-2024 category:空间地点,5111
autumn,'ɒ:tәm,n.,秋天,,,kaoyan-shared english-i english-ii source:netem-2024 category:时间日期,5112
bandage,'bændidʒ,n.,绷带,,,kaoyan-shared english-i english-ii source:netem-2024 category:健康医疗,5113
bark,bɑ:k,n.,树皮,,,kaoyan-shared english-i english-ii source:netem-2024 category:自然环境,5114
best,best,adj.,最、最好的,,,kaoyan-shared english-i english-ii source:netem-2024 category:抽象概念 category:性质与评价,5115
bibliography,.bibli'ɒgrәfi,n.,参考书目,,,kaoyan-shared english-i english-ii source:netem-2024 category:教育学习,5116
blossom,'blɒsәm,n.,花,,,kaoyan-shared english-i english-ii source:netem-2024 category:自然环境,5117
camel,'kæml,n.,骆驼,,,kaoyan-shared english-i english-ii source:netem-2024 category:自然环境,5118
cannon,'kænәn,n.,大炮,,,kaoyan-shared english-i english-ii source:netem-2024 category:政治法律,5119
capsule,'kæpsju:l,n.,胶囊,,,kaoyan-shared english-i english-ii source:netem-2024 category:健康医疗,5120
cardinal,'kɑ:dinәl,n.,基本的,,,kaoyan-shared english-i english-ii source:netem-2024 category:文化宗教,5121
clergy,'klә:dʒi,n.,神职人员,,,kaoyan-shared english-i english-ii source:netem-2024 category:文化宗教,5122
clutch,klʌtʃ,n.,抓住、离合器,,,kaoyan-shared english-i english-ii source:netem-2024 category:动作行为 category:身体动作,5123
cohesive,kәu'hi:siv,adj.,团结的、粘性的,,,kaoyan-shared english-i english-ii source:netem-2024 category:抽象概念 category:性质与评价,5124
configuration,kәn.figju'reiʃәn,n.,构造,,,kaoyan-shared english-i english-ii source:netem-2024 category:抽象概念 category:认知与抽象名词,5125
contagious,kәn'teidʒәs,adj.,传染性的,,,kaoyan-shared english-i english-ii source:netem-2024 category:健康医疗,5126
crow,krәu,n.,乌鸦,,,kaoyan-shared english-i english-ii source:netem-2024 category:自然环境,5127
damp,dæmp,n.,潮湿,,,kaoyan-shared english-i english-ii source:netem-2024 category:自然环境,5128
denounce,di'nauns,vt.,谴责,,,kaoyan-shared english-i english-ii source:netem-2024 category:动作行为 category:身体动作,5129
deplore,di'plɒ:,vt.,谴责,,,kaoyan-shared english-i english-ii source:netem-2024 category:动作行为 category:评价与判断,5130
depress,di'pres,vt.,降低,,,kaoyan-shared english-i english-ii source:netem-2024 category:动作行为 category:身体动作,5131
disc,disk,n.,圆盘,,,kaoyan-shared english-i english-ii source:netem-2024 category:科学技术,5132
distil,,vt.,蒸馏,,,kaoyan-shared english-i english-ii source:netem-2024 category:动作行为 category:身体动作,5133
dragon,'drægәn,n.,龙,,,kaoyan-shared english-i english-ii source:netem-2024 category:自然环境,5134
dusk,dʌsk,n.,黄昏,,,kaoyan-shared english-i english-ii source:netem-2024 category:时间日期,5135
emphasise,,vt.,着重,,,kaoyan-shared english-i english-ii source:netem-2024 category:动作行为 category:其他动作,5136
exterior,ik'stiәriә,n.,外部,,,kaoyan-shared english-i english-ii source:netem-2024 category:空间地点,5137
fabricate,'fæbrikeit,vt.,制造,,,kaoyan-shared english-i english-ii source:netem-2024 category:动作行为 category:身体动作,5138
fellowship,'felәuʃip,n.,奖学金、友谊,,,kaoyan-shared english-i english-ii source:netem-2024 category:文化宗教,5139
foam,fәum,n.,泡沫,,,kaoyan-shared english-i english-ii source:netem-2024 category:日常生活,5140
footstep,'futstep,n.,脚步,,,kaoyan-shared english-i english-ii source:netem-2024 category:人类与社会,5141
freelance,,n.,自由职业者,,,kaoyan-shared english-i english-ii source:netem-2024 category:职业工作,5142
goat,gәut,n.,山羊,,,kaoyan-shared english-i english-ii source:netem-2024 category:自然环境,5143
goose,gu:s,n.,鹅,,,kaoyan-shared english-i english-ii source:netem-2024 category:自然环境,5144
gown,gaun,n.,长袍,,,kaoyan-shared english-i english-ii source:netem-2024 category:交通旅行,5145
gymnasium,dʒim'neiziәm,n.,体育馆,,,kaoyan-shared english-i english-ii source:netem-2024 category:运动娱乐,5146
hay,hei,n.,干草,,,kaoyan-shared english-i english-ii source:netem-2024 category:自然环境,5147
intersection,.intә'sekʃәn,n.,十字路口,,,kaoyan-shared english-i english-ii source:netem-2024 category:空间地点,5148
inverse,in'vә:s,adj.,相反的、倒数,,,kaoyan-shared english-i english-ii source:netem-2024 category:抽象概念 category:性质与评价,5149
isle,ail,n.,岛,,,kaoyan-shared english-i english-ii source:netem-2024 category:自然环境,5150
jolly,'dʒɒli,adj.,非常、快乐的,,,kaoyan-shared english-i english-ii source:netem-2024 category:情感心理,5151
judicial,dʒu:'diʃәl,adj.,公正的、司法的,,,kaoyan-shared english-i english-ii source:netem-2024 category:政治法律,5152
lace,leis,n.,花边,,,kaoyan-shared english-i english-ii source:netem-2024 category:日常生活,5153
lavatory,'lævәtәri,n.,厕所,,,kaoyan-shared english-i english-ii source:netem-2024 category:日常生活,5154
lick,lik,n.,舔,,,kaoyan-shared english-i english-ii source:netem-2024 category:动作行为 category:身体动作,5155
maiden,'meidn,n.,少女,,,kaoyan-shared english-i english-ii source:netem-2024 category:人类与社会,5156
malignant,mә'lignәnt,adj.,恶性的,,,kaoyan-shared english-i english-ii source:netem-2024 category:健康医疗,5157
missile,'misail,n.,导弹,,,kaoyan-shared english-i english-ii source:netem-2024 category:政治法律,5158
module,'mɒdju:l,n.,模块,,,kaoyan-shared english-i english-ii source:netem-2024 category:科学技术,5159
numb,nʌm,adj.,麻木的,,,kaoyan-shared english-i english-ii source:netem-2024 category:情感心理,5160
nylon,'nailɒn,n.,尼龙,,,kaoyan-shared english-i english-ii source:netem-2024 category:交通旅行,5161
obstruction,әb'strʌʃәn,n.,障碍,,,kaoyan-shared english-i english-ii source:netem-2024 category:抽象概念 category:性质与评价,5162
opaque,әu'peik,n.,不透明的,,,kaoyan-shared english-i english-ii source:netem-2024 category:抽象概念 category:性质与评价,5163
outing,'autiŋ,n.,郊游,,,kaoyan-shared english-i english-ii source:netem-2024 category:交通旅行,5164
ox,ɒks,n.,牛,,,kaoyan-shared english-i english-ii source:netem-2024 category:自然环境,5165
pathetic,pә'θetik,adj.,可怜的,,,kaoyan-shared english-i english-ii source:netem-2024 category:情感心理,5166
patriotic,.peitri'ɒtik,adj.,爱国的,,,kaoyan-shared english-i english-ii source:netem-2024 category:情感心理,5167
pebble,'pebl,n.,鹅卵石,,,kaoyan-shared english-i english-ii source:netem-2024 category:自然环境,5168
peel,pi:l,n.,果皮,,,kaoyan-shared english-i english-ii source:netem-2024 category:食物营养,5169
perfume,'pә:fju:m,n.,香水,,,kaoyan-shared english-i english-ii source:netem-2024 category:交通旅行,5170
pneumonia,nju:'mәunjә,n.,肺炎,,,kaoyan-shared english-i english-ii source:netem-2024 category:健康医疗,5171
recollect,.rekә'lekt,vt.,回忆,,,kaoyan-shared english-i english-ii source:netem-2024 category:动作行为 category:心理活动,5172
retort,ri'tɒ:t,n.,反驳,,,kaoyan-shared english-i english-ii source:netem-2024 category:动作行为 category:身体动作,5173
royalty,'rɒiәlti,n.,版税,,,kaoyan-shared english-i english-ii source:netem-2024 category:商业经济,5174
saw,sɒ:,n.,锯,,,kaoyan-shared english-i english-ii source:netem-2024 category:动作行为 category:身体动作,5175
scout,skaut,n.,侦察,,,kaoyan-shared english-i english-ii source:netem-2024 category:动作行为 category:其他动作,5176
sew,sәu,vt.,缝,,,kaoyan-shared english-i english-ii source:netem-2024 category:动作行为 category:身体动作,5177
shampoo,ʃæm'pu:,n.,洗头,,,kaoyan-shared english-i english-ii source:netem-2024 category:日常生活,5178
shepherd,'ʃepәd,n.,牧羊,,,kaoyan-shared english-i english-ii source:netem-2024 category:职业工作,5179
siren,'saiәrin,n.,警报器、汽笛,,,kaoyan-shared english-i english-ii source:netem-2024 category:日常生活,5180
skull,skʌl,n.,头骨,,,kaoyan-shared english-i english-ii source:netem-2024 category:人类与社会,5181
slaughter,'slɒ:tә,n.,屠杀,,,kaoyan-shared english-i english-ii source:netem-2024 category:动作行为 category:其他动作,5182
sophomore,'sɒfәmɒ:,n.,第二年的,,,kaoyan-shared english-i english-ii source:netem-2024 category:教育学习,5183
spicy,'spaisi,adj.,辛辣的,,,kaoyan-shared english-i english-ii source:netem-2024 category:食物营养,5184
stab,stæb,n.,刺、刺伤,,,kaoyan-shared english-i english-ii source:netem-2024 category:动作行为 category:其他动作,5185
stationery,'steiʃәnәri,n.,文具,,,kaoyan-shared english-i english-ii source:netem-2024 category:日常生活,5186
stipulate,'stipjuleit,v.,规定,,,kaoyan-shared english-i english-ii source:netem-2024 category:动作行为 category:社交交互,5187
sunset,'sʌnset,n.,日落,,,kaoyan-shared english-i english-ii source:netem-2024 category:时间日期,5188
thereafter,.ðєәr'æftә,adv.,其后,,,kaoyan-shared english-i english-ii source:netem-2024 category:时间日期,5189
trench,trentʃ,n.,沟,,,kaoyan-shared english-i english-ii source:netem-2024 category:空间地点,5190
ultraviolet,.ʌltrә'vaiәlit,adj.,紫外线,,,kaoyan-shared english-i english-ii source:netem-2024 category:科学技术,5191
unanimous,ju:'nænimәs,adj.,全体一致的,,,kaoyan-shared english-i english-ii source:netem-2024 category:抽象概念 category:性质与评价,5192
voltage,'vәultidʒ,n.,电压,,,kaoyan-shared english-i english-ii source:netem-2024 category:科学技术,5193
width,widθ,n.,宽度,,,kaoyan-shared english-i english-ii source:netem-2024 category:抽象概念 category:数量与程度,5194
zip,zip,n.,拉链、尖啸声,,,kaoyan-shared english-i english-ii source:netem-2024 category:动作行为 category:身体动作,5195
abdomen,'æbdәmen,n.,腹部,,,kaoyan-shared english-i english-ii source:netem-2024 category:人类与社会,5196
agitate,'ædʒiteit,vt.,煽动、晃动,,,kaoyan-shared english-i english-ii source:netem-2024 category:动作行为 category:身体动作,5197
amiable,'eimjәbl,adj.,亲切的,,,kaoyan-shared english-i english-ii source:netem-2024 category:情感心理,5198
bribe,braib,n.,贿赂,,,kaoyan-shared english-i english-ii source:netem-2024 category:动作行为 category:占有与转移,5199
composite,kәm'pɒzit,adj.,复合材料,,,kaoyan-shared english-i english-ii source:netem-2024 category:抽象概念 category:性质与评价,5200
comrade,'kɒmreid,n.,同志,,,kaoyan-shared english-i english-ii source:netem-2024 category:人类与社会,5201
contingent,kәn'tindʒәnt,adj.,代表团,,,kaoyan-shared english-i english-ii source:netem-2024 category:人类与社会,5202
culprit,'kʌlprit,n.,罪犯,,,kaoyan-shared english-i english-ii source:netem-2024 category:政治法律,5203
giggle,'gigl,v.,咯咯地笑,,,kaoyan-shared english-i english-ii source:netem-2024 category:动作行为 category:身体动作,5204
interim,'intәrim,adj.,临时的,,,kaoyan-shared english-i english-ii source:netem-2024 category:时间日期,5205
lame,leim,adj.,痛的,,,kaoyan-shared english-i english-ii source:netem-2024 category:抽象概念 category:性质与评价,5206
minimise,,vt.,尽量减少,,,kaoyan-shared english-i english-ii source:netem-2024 category:动作行为 category:使动与影响,5207
paddle,'pædl,n.,桨,,,kaoyan-shared english-i english-ii source:netem-2024 category:运动娱乐,5208
pea,pi:,n.,豌豆,,,kaoyan-shared english-i english-ii source:netem-2024 category:食物营养,5209
physiology,.fizi'ɒlәdʒi,n.,生理学,,,kaoyan-shared english-i english-ii source:netem-2024 category:健康医疗,5210
plaster,'plæstә,n.,石膏,,,kaoyan-shared english-i english-ii source:netem-2024 category:日常生活,5211
preposition,.prepә'ziʃәn,n.,介词,,,kaoyan-shared english-i english-ii source:netem-2024 category:教育学习,5212
radioactive,.reidiәu'æktiv,adj.,放射性的,,,kaoyan-shared english-i english-ii source:netem-2024 category:科学技术,5213
ruthless,'ru:θlis,adj.,无情的,,,kaoyan-shared english-i english-ii source:netem-2024 category:情感心理,5214
watt,wɒt,n.,瓦特,,,kaoyan-shared english-i english-ii source:netem-2024 category:科学技术,5215
adore,ә'dɒ:,vt.,热爱、爱慕,,,kaoyan-shared english-i english-ii source:netem-2024 category:情感心理,5216
esthetic,es'θetik,adj.,美学,,,kaoyan-shared english-i english-ii source:netem-2024 category:文化宗教,5217
anguish,'æŋgwiʃ,n.,痛苦,,,kaoyan-shared english-i english-ii source:netem-2024 category:情感心理,5218
appal,ә'pɒ:l,vt.,吓坏、惊骇,,,kaoyan-shared english-i english-ii source:netem-2024 category:情感心理,5219
appendix,ә'pendiks,n.,附录,,,kaoyan-shared english-i english-ii source:netem-2024 category:健康医疗,5220
assassinate,ә'sæsineit,vt.,暗杀,,,kaoyan-shared english-i english-ii source:netem-2024 category:动作行为 category:其他动作,5221
ax,æks,n.,斧子、削减,,,kaoyan-shared english-i english-ii source:netem-2024 category:动作行为 category:其他动作,5222
badminton,'bædmintәn,n.,羽毛球,,,kaoyan-shared english-i english-ii source:netem-2024 category:运动娱乐,5223
batch,bætʃ,n.,一批,,,kaoyan-shared english-i english-ii source:netem-2024 category:日常生活,5224
blackboard,'blækbɒ:d,n.,黑板,,,kaoyan-shared english-i english-ii source:netem-2024 category:教育学习,5225
blade,bleid,n.,叶片,,,kaoyan-shared english-i english-ii source:netem-2024 category:日常生活,5226
brevity,'breviti,n.,简洁,,,kaoyan-shared english-i english-ii source:netem-2024 category:抽象概念 category:性质与评价,5227
buffet,'bʌfit,n.,自助餐,,,kaoyan-shared english-i english-ii source:netem-2024 category:食物营养,5228
cellar,'selә,n.,地窖,,,kaoyan-shared english-i english-ii source:netem-2024 category:日常生活,5229
cemetery,'semitәri,n.,墓地,,,kaoyan-shared english-i english-ii source:netem-2024 category:文化宗教,5230
coarse,kɒ:s,adj.,粗糙的,,,kaoyan-shared english-i english-ii source:netem-2024 category:抽象概念 category:性质与评价,5231
comet,'kɒmit,n.,彗星,,,kaoyan-shared english-i english-ii source:netem-2024 category:自然环境,5232
cordial,'kɒ:djәl,n.,热忱的、诚恳的,,,kaoyan-shared english-i english-ii source:netem-2024 category:情感心理,5233
cosy,,adj.,相互勾结的、亲切友好的,,,kaoyan-shared english-i english-ii source:netem-2024 category:日常生活,5234
darling,'dɑ:liŋ,n.,亲爱的,,,kaoyan-shared english-i english-ii source:netem-2024 category:情感心理,5235
deduct,di'dʌkt,vt.,扣除,,,kaoyan-shared english-i english-ii source:netem-2024 category:动作行为 category:身体动作,5236
degenerate,di'dʒenәreit,adj.,退化,,,kaoyan-shared english-i english-ii source:netem-2024 category:动作行为 category:变化趋势,5237
dew,dju:,n.,露水,,,kaoyan-shared english-i english-ii source:netem-2024 category:自然环境,5238
discrete,dis'kri:t,adj.,不连续的,,,kaoyan-shared english-i english-ii source:netem-2024 category:抽象概念 category:性质与评价,5239
drip,drip,n.,滴,,,kaoyan-shared english-i english-ii source:netem-2024 category:动作行为 category:身体动作,5240
eclipse,i'klips,n.,丧失、形成日或月食,,,kaoyan-shared english-i english-ii source:netem-2024 category:自然环境,5241
electrician,.ilek'triʃәn,n.,电工,,,kaoyan-shared english-i english-ii source:netem-2024 category:职业工作,5242
electron,i'lektrɒn,n.,电子,,,kaoyan-shared english-i english-ii source:netem-2024 category:科学技术,5243
encyclopedia,in.saiklәu'pi:diә,n.,百科全书,,,kaoyan-shared english-i english-ii source:netem-2024 category:教育学习,5244
enquire,in'kwaiә,v.,询问,,,kaoyan-shared english-i english-ii source:netem-2024 category:动作行为 category:身体动作,5245
equator,i'kweitә,n.,赤道,,,kaoyan-shared english-i english-ii source:netem-2024 category:自然环境,5246
forehead,'fɒ:rid,n.,前额,,,kaoyan-shared english-i english-ii source:netem-2024 category:人类与社会,5247
fright,frait,n.,惊恐,,,kaoyan-shared english-i english-ii source:netem-2024 category:情感心理,5248
fringe,frindʒ,n.,边缘,,,kaoyan-shared english-i english-ii source:netem-2024 category:抽象概念 category:性质与评价,5249
gang,gæŋ,n.,一伙,,,kaoyan-shared english-i english-ii source:netem-2024 category:人类与社会,5250
garlic,'gɑ:lik,n.,大蒜,,,kaoyan-shared english-i english-ii source:netem-2024 category:食物营养,5251
generalise,'dʒenәrәlaiz,vt.,概括,,,kaoyan-shared english-i english-ii source:netem-2024 category:动作行为 category:身体动作,5252
graceful,'greisful,adj.,优雅的,,,kaoyan-shared english-i english-ii source:netem-2024 category:情感心理,5253
harassment,'hærәsmәnt,n.,骚扰,,,kaoyan-shared english-i english-ii source:netem-2024 category:情感心理,5254
henceforth,hens'fɒ:θ,adv.,今后,,,kaoyan-shared english-i english-ii source:netem-2024 category:时间日期,5255
idiot,'idiәt,n.,白痴,,,kaoyan-shared english-i english-ii source:netem-2024 category:情感心理,5256
inaugurate,i'nɒ:gjureit,vt.,开创、开始,,,kaoyan-shared english-i english-ii source:netem-2024 category:动作行为 category:起始与终止,5257
intercourse,'intәkɒ:s,n.,性交,,,kaoyan-shared english-i english-ii source:netem-2024 category:情感心理,5258
ivory,'aivәri,n.,象牙,,,kaoyan-shared english-i english-ii source:netem-2024 category:自然环境,5259
kettle,'ketl,n.,水壶,,,kaoyan-shared english-i english-ii source:netem-2024 category:日常生活,5260
kite,kait,n.,风筝,,,kaoyan-shared english-i english-ii source:netem-2024 category:运动娱乐,5261
knob,nɒb,n.,旋钮,,,kaoyan-shared english-i english-ii source:netem-2024 category:日常生活,5262
lantern,'læntәn,n.,灯笼,,,kaoyan-shared english-i english-ii source:netem-2024 category:日常生活,5263
lid,lid,n.,盖子,,,kaoyan-shared english-i english-ii source:netem-2024 category:日常生活,5264
longitude,'lɒndʒitju:d,n.,经度,,,kaoyan-shared english-i english-ii source:netem-2024 category:自然环境,5265
lyric,'lirik,n.,抒情诗,,,kaoyan-shared english-i english-ii source:netem-2024 category:文化宗教,5266
manoeuvre,mә'nu:vә,n.,操纵、策略,,,kaoyan-shared english-i english-ii source:netem-2024 category:动作行为 category:使动与影响,5267
melon,'melәn,n.,甜瓜,,,kaoyan-shared english-i english-ii source:netem-2024 category:食物营养,5268
microphone,'maikrәfәun,n.,麦克风,,,kaoyan-shared english-i english-ii source:netem-2024 category:科学技术,5269
militant,'militәnt,adj.,激进分子,,,kaoyan-shared english-i english-ii source:netem-2024 category:政治法律,5270
mist,mist,n.,雾,,,kaoyan-shared english-i english-ii source:netem-2024 category:自然环境,5271
mosaic,mәu'zeiik,n.,马赛克,,,kaoyan-shared english-i english-ii source:netem-2024 category:文化宗教,5272
mosquito,mә'ski:tәu,n.,蚊子,,,kaoyan-shared english-i english-ii source:netem-2024 category:自然环境,5273
mushroom,'mʌʃrum,n.,蘑菇,,,kaoyan-shared english-i english-ii source:netem-2024 category:自然环境,5274
mutter,'mʌtә,n.,咕哝、抱怨,,,kaoyan-shared english-i english-ii source:netem-2024 category:动作行为 category:身体动作,5275
napkin,'næpkin,n.,餐巾,,,kaoyan-shared english-i english-ii source:netem-2024 category:日常生活,5276
nephew,'nefju:,n.,侄子,,,kaoyan-shared english-i english-ii source:netem-2024 category:人类与社会,5277
noodle,'nu:dl,n.,面条,,,kaoyan-shared english-i english-ii source:netem-2024 category:食物营养,5278
nostalgic,nɒs'tældʒik,adj.,怀旧的,,,kaoyan-shared english-i english-ii source:netem-2024 category:情感心理,5279
oath,әuθ,n.,誓言,,,kaoyan-shared english-i english-ii source:netem-2024 category:政治法律,5280
obsolete,'ɒbsәli:t,adj.,过时的,,,kaoyan-shared english-i english-ii source:netem-2024 category:抽象概念 category:性质与评价,5281
overhear,.әuvә'hiә,vt.,偷听,,,kaoyan-shared english-i english-ii source:netem-2024 category:动作行为 category:身体动作,5282
paralyse,'pærәlais,vt.,瘫痪,,,kaoyan-shared english-i english-ii source:netem-2024 category:动作行为 category:使动与影响,5283
passerby,'pæsә'bai,n.,过路人,,,kaoyan-shared english-i english-ii source:netem-2024 category:人类与社会,5284
paw,pɒ:,n.,爪子,,,kaoyan-shared english-i english-ii source:netem-2024 category:自然环境,5285
peanut,'pi:nʌt,n.,花生,,,kaoyan-shared english-i english-ii source:netem-2024 category:食物营养,5286
pillow,'pilәu,n.,枕、枕头,,,kaoyan-shared english-i english-ii source:netem-2024 category:日常生活,5287
porcelain,'pɒ:slin,n.,瓷,,,kaoyan-shared english-i english-ii source:netem-2024 category:日常生活,5288
radiant,'reidiәnt,adj.,辐射的、发光的,,,kaoyan-shared english-i english-ii source:netem-2024 category:抽象概念 category:性质与评价,5289
redeem,ri'di:m,vt.,赎回,,,kaoyan-shared english-i english-ii source:netem-2024 category:动作行为 category:占有与转移,5290
reel,ri:l,n.,卷,,,kaoyan-shared english-i english-ii source:netem-2024 category:动作行为 category:身体动作,5291
relish,'reliʃ,n.,喜欢、享受,,,kaoyan-shared english-i english-ii source:netem-2024 category:动作行为 category:身体动作,5292
remainder,ri'meindә,n.,剩余物、廉价出售,,,kaoyan-shared english-i english-ii source:netem-2024 category:抽象概念 category:认知与抽象名词,5293
riddle,'ridl,n.,谜,,,kaoyan-shared english-i english-ii source:netem-2024 category:情感心理,5294
salient,'seiliәnt,adj.,突出的、显著的,,,kaoyan-shared english-i english-ii source:netem-2024 category:抽象概念 category:性质与评价,5295
sane,sein,adj.,心智健全的,,,kaoyan-shared english-i english-ii source:netem-2024 category:情感心理,5296
seam,si:m,n.,缝,,,kaoyan-shared english-i english-ii source:netem-2024 category:日常生活,5297
shutter,'ʃʌtә,n.,快门,,,kaoyan-shared english-i english-ii source:netem-2024 category:日常生活,5298
siege,si:dʒ,n.,围攻,,,kaoyan-shared english-i english-ii source:netem-2024 category:政治法律,5299
slipper,'slipә,n.,拖鞋,,,kaoyan-shared english-i english-ii source:netem-2024 category:交通旅行,5300
snobbish,'snɒbiʃ,adj.,势利的,,,kaoyan-shared english-i english-ii source:netem-2024 category:情感心理,5301
sprout,spraut,n.,芽,,,kaoyan-shared english-i english-ii source:netem-2024 category:动作行为 category:使动与影响,5302
stagger,'stægә,n.,蹒跚,,,kaoyan-shared english-i english-ii source:netem-2024 category:动作行为 category:身体动作,5303
static,'stætik,n.,静态的、静电,,,kaoyan-shared english-i english-ii source:netem-2024 category:抽象概念 category:性质与评价,5304
stool,stu:l,n.,凳子,,,kaoyan-shared english-i english-ii source:netem-2024 category:日常生活,5305
streamline,'stri:mlain,n.,简化,,,kaoyan-shared english-i english-ii source:netem-2024 category:动作行为 category:身体动作,5306
summarise,'sʌmәraiz,vt.,概括,,,kaoyan-shared english-i english-ii source:netem-2024 category:动作行为 category:其他动作,5307
supersonic,.sju:pә'sɒnik,adj.,超声波,,,kaoyan-shared english-i english-ii source:netem-2024 category:科学技术,5308
swan,swɒn,n.,天鹅,,,kaoyan-shared english-i english-ii source:netem-2024 category:自然环境,5309
symmetry,'simitri,n.,匀称,,,kaoyan-shared english-i english-ii source:netem-2024 category:科学技术,5310
tempo,'tempәu,n.,节奏,,,kaoyan-shared english-i english-ii source:netem-2024 category:运动娱乐,5311
temporal,'tempәrәl,adj.,暂时的,,,kaoyan-shared english-i english-ii source:netem-2024 category:抽象概念 category:性质与评价,5312
tiresome,'taiәsәm,adj.,讨厌的,,,kaoyan-shared english-i english-ii source:netem-2024 category:情感心理,5313
trifle,'traifl,n.,琐事、浪费,,,kaoyan-shared english-i english-ii source:netem-2024 category:日常生活,5314
tub,tʌb,n.,浴盆、桶,,,kaoyan-shared english-i english-ii source:netem-2024 category:日常生活,5315
understanding,.ʌndә'stændiŋ,n.,理解,,,kaoyan-shared english-i english-ii source:netem-2024 category:情感心理,5316
valve,vælv,n.,阀门,,,kaoyan-shared english-i english-ii source:netem-2024 category:科学技术,5317
variance,'vєәriәns,n.,变化,,,kaoyan-shared english-i english-ii source:netem-2024 category:抽象概念 category:性质与评价,5318
vase,veis,n.,花瓶,,,kaoyan-shared english-i english-ii source:netem-2024 category:日常生活,5319
vest,vest,n.,背心,,,kaoyan-shared english-i english-ii source:netem-2024 category:交通旅行,5320
vibrate,'vaibreit,vi.,颤动,,,kaoyan-shared english-i english-ii source:netem-2024 category:动作行为 category:身体动作,5321
volatile,'vɒlәtail,adj.,不稳定的、挥发物,,,kaoyan-shared english-i english-ii source:netem-2024 category:抽象概念 category:性质与评价,5322
volt,vәult,n.,伏特,,,kaoyan-shared english-i english-ii source:netem-2024 category:科学技术,5323
waterfall,'wɒtәfɒ:l,n.,瀑布,,,kaoyan-shared english-i english-ii source:netem-2024 category:自然环境,5324
wax,wæks,n.,蜡,,,kaoyan-shared english-i english-ii source:netem-2024 category:日常生活,5325
whirl,hwә:l,n.,旋转、回旋,,,kaoyan-shared english-i english-ii source:netem-2024 category:动作行为 category:身体动作,5326
witch,witʃ,n.,女巫,,,kaoyan-shared english-i english-ii source:netem-2024 category:文化宗教,5327
wool,wul,n.,羊毛,,,kaoyan-shared english-i english-ii source:netem-2024 category:交通旅行,5328
wrench,'rentʃ,n.,猛扭、痛苦,,,kaoyan-shared english-i english-ii source:netem-2024 category:动作行为 category:身体动作,5329
wrinkle,'riŋkl,n.,皱纹,,,kaoyan-shared english-i english-ii source:netem-2024 category:动作行为 category:身体动作,5330
according to,,prep.,据所说、根据,,,kaoyan-shared english-i english-ii source:netem-2024 category:抽象概念 category:逻辑与关系,5331
accustom,ә'kʌstәm,vt.,习惯,,,kaoyan-shared english-i english-ii source:netem-2024 category:动作行为 category:使动与影响,5332
adverb,'ædvә:b,n.,副词,,,kaoyan-shared english-i english-ii source:netem-2024 category:教育学习,5333
air conditioning,,n.,空调,,,kaoyan-shared english-i english-ii source:netem-2024 category:日常生活,5334
albeit,ɔ:l'bi:it,conj.,虽然,,,kaoyan-shared english-i english-ii source:netem-2024 category:抽象概念 category:逻辑与关系,5335
analog,'ænәlɔ^,n. / adj.,模拟的,,,kaoyan-shared english-i english-ii source:netem-2024 category:科学技术,5336
apologise,ә'pɔlәdʒaiz,vi.,道歉,,,kaoyan-shared english-i english-ii source:netem-2024 category:动作行为 category:社交交互,5337
april,'eiprәl,n.,四月,,,kaoyan-shared english-i english-ii source:netem-2024 category:时间日期,5338
archeology,ɑ:ki'ɔlәdʒi,n.,考古学,,,kaoyan-shared english-i english-ii source:netem-2024 category:文化宗教,5339
artefact,'ɑ:tifækt,n.,人工制品,,,kaoyan-shared english-i english-ii source:netem-2024 category:日常生活,5340
august,ɒ:'gʌst. 'ɒ:gәst,n.,八月,,,kaoyan-shared english-i english-ii source:netem-2024 category:时间日期,5341
aural,'ɒ:rәl,adj.,听觉的,,,kaoyan-shared english-i english-ii source:netem-2024 category:健康医疗,5342
bible,'baibl,n.,圣经,,,kaoyan-shared english-i english-ii source:netem-2024 category:文化宗教,5343
botany,'bɒtәni,n.,植物,,,kaoyan-shared english-i english-ii source:netem-2024 category:科学技术,5344
bowel,'bauәl,n.,肠,,,kaoyan-shared english-i english-ii source:netem-2024 category:人类与社会,5345
bowling,'bәuliŋ,n.,保龄球,,,kaoyan-shared english-i english-ii source:netem-2024 category:运动娱乐,5346
brace,breis,n.,支撑、支架,,,kaoyan-shared english-i english-ii source:netem-2024 category:动作行为 category:身体动作,5347
brandy,'brændi,n.,白兰地酒,,,kaoyan-shared english-i english-ii source:netem-2024 category:食物营养,5348
buffer,'bʌfә,n.,缓冲,,,kaoyan-shared english-i english-ii source:netem-2024 category:科学技术,5349
cabbage,'kæbidʒ,n.,卷心菜,,,kaoyan-shared english-i english-ii source:netem-2024 category:食物营养,5350
catholic,'kæθәlik,n.,天主教徒、天主教的,,,kaoyan-shared english-i english-ii source:netem-2024 category:文化宗教,5351
christ,kraist,n.,基督,,,kaoyan-shared english-i english-ii source:netem-2024 category:文化宗教,5352
christian,'kristʃәn,n.,基督徒,,,kaoyan-shared english-i english-ii source:netem-2024 category:文化宗教,5353
christmas,'krismәs,n.,圣诞节,,,kaoyan-shared english-i english-ii source:netem-2024 category:文化宗教,5354
cigaret,",si^ә'ret,'si-",n.,香烟,,,kaoyan-shared english-i english-ii source:netem-2024 category:食物营养,5355
civilise,'sivilaiz,vt.,使文明,,,kaoyan-shared english-i english-ii source:netem-2024 category:动作行为 category:使动与影响,5356
clockwise,'klɒkwaiz,adj.,顺时针方向地,,,kaoyan-shared english-i english-ii source:netem-2024 category:空间地点,5357
clothes,klәuðz,n.,衣服,,,kaoyan-shared english-i english-ii source:netem-2024 category:交通旅行,5358
cock,kɒk,n.,公鸡,,,kaoyan-shared english-i english-ii source:netem-2024 category:自然环境,5359
colonel,'kә:nәl,n.,上校,,,kaoyan-shared english-i english-ii source:netem-2024 category:职业工作,5360
communism,'kɒmjunizm,n.,共产主义,,,kaoyan-shared english-i english-ii source:netem-2024 category:政治法律,5361
concurrent,kәn'kʌrәnt,n.,同时发生的,,,kaoyan-shared english-i english-ii source:netem-2024 category:抽象概念 category:性质与评价,5362
corrode,kә'rәud,vt.,腐蚀,,,kaoyan-shared english-i english-ii source:netem-2024 category:动作行为 category:其他动作,5363
cradle,'kreidl,n.,摇篮,,,kaoyan-shared english-i english-ii source:netem-2024 category:日常生活,5364
cunning,'kʌniŋ,adj.,狡猾的,,,kaoyan-shared english-i english-ii source:netem-2024 category:情感心理,5365
cylinder,'silindә,n.,汽缸、圆筒,,,kaoyan-shared english-i english-ii source:netem-2024 category:科学技术,5366
data,'deitә,n.,数据,,,kaoyan-shared english-i english-ii source:netem-2024 category:科学技术,5367
daunting,'dɒ:ntiŋ,adj.,令人畏惧的,,,kaoyan-shared english-i english-ii source:netem-2024 category:抽象概念 category:性质与评价,5368
deceit,di'si:t,n.,欺骗,,,kaoyan-shared english-i english-ii source:netem-2024 category:情感心理,5369
december,di'sembә,n.,十二月,,,kaoyan-shared english-i english-ii source:netem-2024 category:时间日期,5370
decimal,'desimәl,adj.,小数,,,kaoyan-shared english-i english-ii source:netem-2024 category:科学技术,5371
desolate,'desәlәt,adj.,荒凉的,,,kaoyan-shared english-i english-ii source:netem-2024 category:自然环境,5372
despatch,di'spætʃ,v.,派遣,,,kaoyan-shared english-i english-ii source:netem-2024 category:动作行为 category:身体动作,5373
dialog,'daiәlɒg,n.,对话,,,kaoyan-shared english-i english-ii source:netem-2024 category:文化宗教,5374
dove,dʌv,n.,鸽子,,,kaoyan-shared english-i english-ii source:netem-2024 category:自然环境,5375
easter,'i:stә,n.,复活节,,,kaoyan-shared english-i english-ii source:netem-2024 category:文化宗教,5376
ebb,eb,n.,退潮、落潮,,,kaoyan-shared english-i english-ii source:netem-2024 category:动作行为 category:变化趋势,5377
economics,.i:kә'nɒmiks,n.,经济学,,,kaoyan-shared english-i english-ii source:netem-2024 category:商业经济,5378
embassy,'embәsi,n.,大使馆,,,kaoyan-shared english-i english-ii source:netem-2024 category:政治法律,5379
fable,'feibl,n.,寓言,,,kaoyan-shared english-i english-ii source:netem-2024 category:文化宗教,5380
farther,'fɑ:ðә,adj.,更远的、更远地,,,kaoyan-shared english-i english-ii source:netem-2024 category:空间地点,5381
february,'februәri,n.,二月,,,kaoyan-shared english-i english-ii source:netem-2024 category:时间日期,5382
following,'fɒlәuiŋ,n.,下列的、接着的,,,kaoyan-shared english-i english-ii source:netem-2024 category:抽象概念 category:性质与评价,5383
fragrant,'freigrәnt,adj.,馥郁的,,,kaoyan-shared english-i english-ii source:netem-2024 category:自然环境,5384
franchise,'fræntʃaiz,n.,特权、选举权,,,kaoyan-shared english-i english-ii source:netem-2024 category:政治法律,5385
friday,'fraidi,n.,星期五,,,kaoyan-shared english-i english-ii source:netem-2024 category:时间日期,5386
further,'fә:ðә,adj.,更远的、促进,,,kaoyan-shared english-i english-ii source:netem-2024 category:抽象概念 category:数量与程度,5387
gaol,dʒeil,n.,监狱,,,kaoyan-shared english-i english-ii source:netem-2024 category:政治法律,5388
gay,gei,adj.,同性恋的,,,kaoyan-shared english-i english-ii source:netem-2024 category:人类与社会,5389
glamor,'glæmә,n.,魅力,,,kaoyan-shared english-i english-ii source:netem-2024 category:抽象概念 category:性质与评价,5390
goods,guds,n.,货物,,,kaoyan-shared english-i english-ii source:netem-2024 category:商业经济,5391
grease,gri:s,n.,油脂,,,kaoyan-shared english-i english-ii source:netem-2024 category:食物营养,5392
grown-up,,adj.,成年人,,,kaoyan-shared english-i english-ii source:netem-2024 category:人类与社会,5393
headquarters,hed'kwɒ:tәz,n.,总部、司令部,,,kaoyan-shared english-i english-ii source:netem-2024 category:职业工作,5394
him,him,pron.,他,,,kaoyan-shared english-i english-ii source:netem-2024 category:人类与社会,5395
horsepower,'hɒ:spauә,n.,马力,,,kaoyan-shared english-i english-ii source:netem-2024 category:科学技术,5396
hound,haund,n.,猎狗,,,kaoyan-shared english-i english-ii source:netem-2024 category:自然环境,5397
howl,haul,n.,嚎叫,,,kaoyan-shared english-i english-ii source:netem-2024 category:动作行为 category:其他动作,5398
hysterical,his'terikәl,adj.,歇斯底里的,,,kaoyan-shared english-i english-ii source:netem-2024 category:情感心理,5399
ice cream,,n.,冰淇淋,,,kaoyan-shared english-i english-ii source:netem-2024 category:食物营养,5400
inflict,in'flikt,vt.,使遭受、折磨,,,kaoyan-shared english-i english-ii source:netem-2024 category:动作行为 category:使动与影响,5401
influenza,.influ'enzә,n.,流行性感冒,,,kaoyan-shared english-i english-ii source:netem-2024 category:健康医疗,5402
infrared,.infrә'red,adj.,红外线的,,,kaoyan-shared english-i english-ii source:netem-2024 category:科学技术,5403
instalment,in'stɒ:lmәnt,n.,分期付款,,,kaoyan-shared english-i english-ii source:netem-2024 category:商业经济,5404
internet,'intәnet,n.,因特网,,,kaoyan-shared english-i english-ii source:netem-2024 category:科学技术,5405
invoke,in'vәuk,vt.,请求、援引,,,kaoyan-shared english-i english-ii source:netem-2024 category:动作行为 category:社交交互,5406
january,'dʒænjuәri,n.,一月,,,kaoyan-shared english-i english-ii source:netem-2024 category:时间日期,5407
jug,dʒʌg,n.,罐,,,kaoyan-shared english-i english-ii source:netem-2024 category:日常生活,5408
july,dʒu:'lai,n.,七月,,,kaoyan-shared english-i english-ii source:netem-2024 category:时间日期,5409
june,dʒu:n,n.,六月,,,kaoyan-shared english-i english-ii source:netem-2024 category:时间日期,5410
lash,læʃ,n.,鞭打、抨击、睫毛,,,kaoyan-shared english-i english-ii source:netem-2024 category:动作行为 category:身体动作,5411
latin,'lætin,n.,拉丁语、拉丁语的,,,kaoyan-shared english-i english-ii source:netem-2024 category:文化宗教,5412
leading,'li:diŋ,n.,主要的、领导的,,,kaoyan-shared english-i english-ii source:netem-2024 category:抽象概念 category:性质与评价,5413
left,left,adj.,左边、向左,,,kaoyan-shared english-i english-ii source:netem-2024 category:空间地点,5414
linen,'linin,n.,亚麻布,,,kaoyan-shared english-i english-ii source:netem-2024 category:交通旅行,5415
living,'liviŋ,n.,生活,,,kaoyan-shared english-i english-ii source:netem-2024 category:人类与社会,5416
living room,,n.,客厅,,,kaoyan-shared english-i english-ii source:netem-2024 category:日常生活,5417
locomotive,.lәukә'mәutiv,n.,机车,,,kaoyan-shared english-i english-ii source:netem-2024 category:交通旅行,5418
magistrate,'mædʒistreit,n.,地方法官,,,kaoyan-shared english-i english-ii source:netem-2024 category:政治法律,5419
majesty,'mædʒәsti,n.,威严,,,kaoyan-shared english-i english-ii source:netem-2024 category:政治法律,5420
married,'mærid,adj.,已婚的、婚姻的,,,kaoyan-shared english-i english-ii source:netem-2024 category:人类与社会,5422
marxist,'mɑ:ksist,adj.,马克思主义的,,,kaoyan-shared english-i english-ii source:netem-2024 category:政治法律,5423
mathematics,.mæθә'mætiks,n.,数学,,,kaoyan-shared english-i english-ii source:netem-2024 category:科学技术,5424
means,mi:nz,n.,手段,,,kaoyan-shared english-i english-ii source:netem-2024 category:抽象概念 category:认知与抽象名词,5426
media,'mi:diә,n.,传播媒介,,,kaoyan-shared english-i english-ii source:netem-2024 category:科学技术,5427
millimetre,'milimi:tә,n.,毫米,,,kaoyan-shared english-i english-ii source:netem-2024 category:科学技术,5428
mischief,'mistʃif,n.,恶作剧,,,kaoyan-shared english-i english-ii source:netem-2024 category:情感心理,5429
missing,'misiŋ,adj.,失踪的,,,kaoyan-shared english-i english-ii source:netem-2024 category:抽象概念 category:性质与评价,5430
mistress,'mistris,n.,情妇,,,kaoyan-shared english-i english-ii source:netem-2024 category:人类与社会,5431
mob,mɒb,n.,暴民,,,kaoyan-shared english-i english-ii source:netem-2024 category:政治法律,5432
mobilise,'mәjbilɑiz,vi.,动员,,,kaoyan-shared english-i english-ii source:netem-2024 category:动作行为 category:使动与影响,5433
modernisation,",mɔdәnai'zeiʃәn;-ni'z-",n.,现代化,,,kaoyan-shared english-i english-ii source:netem-2024 category:科学技术,5434
monday,'mʌndi,n.,星期一,,,kaoyan-shared english-i english-ii source:netem-2024 category:时间日期,5435
mug,mʌg,n.,杯,,,kaoyan-shared english-i english-ii source:netem-2024 category:日常生活,5436
naughty,'nɒ:ti,adj.,淘气的,,,kaoyan-shared english-i english-ii source:netem-2024 category:情感心理,5437
normalisation,",nɔ:məlai'zeiʃən",n.,正常化,,,kaoyan-shared english-i english-ii source:netem-2024 category:抽象概念 category:认知与抽象名词,5438
northwest,.nɒ:θ'west,n.,西北,,,kaoyan-shared english-i english-ii source:netem-2024 category:空间地点,5439
november,nәu'vembә,n.,十一月,,,kaoyan-shared english-i english-ii source:netem-2024 category:时间日期,5440
oar,ɒ:,n.,桨,,,kaoyan-shared english-i english-ii source:netem-2024 category:日常生活,5441
o'clock,ә'klɔk,n.,点钟,,,kaoyan-shared english-i english-ii source:netem-2024 category:时间日期,5442
october,ɒk'tәubә,n.,十月,,,kaoyan-shared english-i english-ii source:netem-2024 category:时间日期,5443
odds,ɒdz,n.,可能性,,,kaoyan-shared english-i english-ii source:netem-2024 category:抽象概念 category:认知与抽象名词,5444
ought to,,modal.,应该,,,kaoyan-shared english-i english-ii source:netem-2024 category:抽象概念 category:逻辑与关系,5445
outskirts,'autskә:ts,n.,郊区,,,kaoyan-shared english-i english-ii source:netem-2024 category:空间地点,5446
overt,'әuvә:t,adj.,公开的、明显的,,,kaoyan-shared english-i english-ii source:netem-2024 category:抽象概念 category:性质与评价,5447
owing to,,prep.,由于,,,kaoyan-shared english-i english-ii source:netem-2024 category:抽象概念 category:逻辑与关系,5448
pants,pænts,n.,气喘吁吁,,,kaoyan-shared english-i english-ii source:netem-2024 category:动作行为 category:身体动作,5449
parasite,'pærәsait,n.,寄生虫,,,kaoyan-shared english-i english-ii source:netem-2024 category:自然环境,5450
peep,pi:p,n.,偷看、窥视,,,kaoyan-shared english-i english-ii source:netem-2024 category:动作行为 category:身体动作,5451
persecute,'pә:sikju:t,vt.,迫害,,,kaoyan-shared english-i english-ii source:netem-2024 category:动作行为 category:其他动作,5452
physics,'fiziks,n.,物理学,,,kaoyan-shared english-i english-ii source:netem-2024 category:科学技术,5453
pistol,'pistl,n.,手枪,,,kaoyan-shared english-i english-ii source:netem-2024 category:政治法律,5454
plaintiff,'pleintif,n.,原告,,,kaoyan-shared english-i english-ii source:netem-2024 category:政治法律,5455
politics,'pɒlitiks,n.,政治、政治学,,,kaoyan-shared english-i english-ii source:netem-2024 category:政治法律,5456
preceding,.pri:'si:diŋ,adj.,在前的,,,kaoyan-shared english-i english-ii source:netem-2024 category:抽象概念 category:性质与评价,5457
proceedings,,n.,诉讼,,,kaoyan-shared english-i english-ii source:netem-2024 category:政治法律,5458
projector,prә'dʒektә,n.,放映机,,,kaoyan-shared english-i english-ii source:netem-2024 category:科学技术,5459
promising,'prɒmisiŋ,adj.,有前途的,,,kaoyan-shared english-i english-ii source:netem-2024 category:抽象概念 category:性质与评价,5460
prophet,'prɒfit,n.,先知,,,kaoyan-shared english-i english-ii source:netem-2024 category:文化宗教,5461
provided,prә'vaidid,conj.,提供的,,,kaoyan-shared english-i english-ii source:netem-2024 category:抽象概念 category:逻辑与关系,5462
proximate,'prɒksimeit,adj.,最接近的,,,kaoyan-shared english-i english-ii source:netem-2024 category:抽象概念 category:性质与评价,5463
qualitative,'kwɒlitәtiv,adj.,质的、定性的,,,kaoyan-shared english-i english-ii source:netem-2024 category:抽象概念 category:性质与评价,5464
quarantine,'kwɒrәnti:n,n.,检疫,,,kaoyan-shared english-i english-ii source:netem-2024 category:健康医疗,5465
quart,kwɒ:t,n.,夸脱,,,kaoyan-shared english-i english-ii source:netem-2024 category:科学技术,5466
queer,kwiә,n.,奇怪的、古怪的,,,kaoyan-shared english-i english-ii source:netem-2024 category:情感心理,5467
quilt,kwilt,n.,被子,,,kaoyan-shared english-i english-ii source:netem-2024 category:日常生活,5468
quiver,'kwivә,n.,颤抖,,,kaoyan-shared english-i english-ii source:netem-2024 category:动作行为 category:身体动作,5469
razor,'reizә,n.,剃刀,,,kaoyan-shared english-i english-ii source:netem-2024 category:日常生活,5470
rectangle,'rektæŋgl,n.,矩形,,,kaoyan-shared english-i english-ii source:netem-2024 category:科学技术,5471
regarding,ri'gɑ:diŋ,prep.,关于,,,kaoyan-shared english-i english-ii source:netem-2024 category:抽象概念 category:逻辑与关系,5472
remains,ri'meins,n.,遗体,,,kaoyan-shared english-i english-ii source:netem-2024 category:抽象概念 category:认知与抽象名词,5473
reptile,'reptail,n.,爬行动物,,,kaoyan-shared english-i english-ii source:netem-2024 category:自然环境,5474
resultant,ri'zʌltәnt,adj.,结果,,,kaoyan-shared english-i english-ii source:netem-2024 category:抽象概念 category:性质与评价,5475
rim,rim,n.,边,,,kaoyan-shared english-i english-ii source:netem-2024 category:空间地点,5476
salute,sә'lu:t,vi.,致敬、敬礼,,,kaoyan-shared english-i english-ii source:netem-2024 category:动作行为 category:社交交互,5477
saturday,'sætәdi,n.,星期六,,,kaoyan-shared english-i english-ii source:netem-2024 category:时间日期,5478
scissors,'sizәz,n.,剪刀,,,kaoyan-shared english-i english-ii source:netem-2024 category:日常生活,5479
september,sep'tembә,n.,九月,,,kaoyan-shared english-i english-ii source:netem-2024 category:时间日期,5480
serial,'siәriәl,n.,序列,,,kaoyan-shared english-i english-ii source:netem-2024 category:文化宗教,5481
sniff,snif,n.,嗅、闻,,,kaoyan-shared english-i english-ii source:netem-2024 category:动作行为 category:身体动作,5482
so-called,,adj.,所谓的,,,kaoyan-shared english-i english-ii source:netem-2024 category:抽象概念 category:性质与评价,5483
socialism,'sәuʃәlizm,n.,社会主义,,,kaoyan-shared english-i english-ii source:netem-2024 category:政治法律,5484
soluble,'sɒljubl,adj.,可解决的,,,kaoyan-shared english-i english-ii source:netem-2024 category:科学技术,5485
species,'spi:ʃiz,n.,种类,,,kaoyan-shared english-i english-ii source:netem-2024 category:自然环境,5486
spine,spain,n.,脊柱,,,kaoyan-shared english-i english-ii source:netem-2024 category:人类与社会,5487
sponge,spʌndʒ,n.,海绵,,,kaoyan-shared english-i english-ii source:netem-2024 category:自然环境,5488
sprinkle,'spriŋkl,vt.,洒,,,kaoyan-shared english-i english-ii source:netem-2024 category:动作行为 category:身体动作,5489
squirrel,'skwә:rәl,n.,松鼠,,,kaoyan-shared english-i english-ii source:netem-2024 category:自然环境,5490
statistics,stә'tistiks,n.,统计,,,kaoyan-shared english-i english-ii source:netem-2024 category:科学技术,5491
sting,stiŋ,n.,刺,,,kaoyan-shared english-i english-ii source:netem-2024 category:动作行为 category:其他动作,5492
stocking,'stɒkiŋ,n.,长筒袜,,,kaoyan-shared english-i english-ii source:netem-2024 category:交通旅行,5493
strenuous,'strenjuәs,adj.,繁重的、费力的,,,kaoyan-shared english-i english-ii source:netem-2024 category:抽象概念 category:性质与评价,5494
strife,straif,n.,冲突,,,kaoyan-shared english-i english-ii source:netem-2024 category:情感心理,5495
striking,'straikiŋ,adj.,显著的,,,kaoyan-shared english-i english-ii source:netem-2024 category:情感心理,5496
sulphur,'sʌlfә,n.,硫,,,kaoyan-shared english-i english-ii source:netem-2024 category:科学技术,5497
sunday,'sʌndi,n.,星期日,,,kaoyan-shared english-i english-ii source:netem-2024 category:时间日期,5498
surroundings,sә'rajndiŋz,n.,环境,,,kaoyan-shared english-i english-ii source:netem-2024 category:自然环境,5499
sympathise,'simpәθaiz,vi.,同情,,,kaoyan-shared english-i english-ii source:netem-2024 category:动作行为 category:其他动作,5500
tanker,'tæŋkә,n.,油轮,,,kaoyan-shared english-i english-ii source:netem-2024 category:交通旅行,5501
thanksgiving,'θæŋks.giviŋ,n.,感恩节,,,kaoyan-shared english-i english-ii source:netem-2024 category:文化宗教,5502
them,ðem,pron.,他们,,,kaoyan-shared english-i english-ii source:netem-2024 category:人类与社会,5503
thigh,θai,n.,大腿,,,kaoyan-shared english-i english-ii source:netem-2024 category:人类与社会,5504
thorn,θɒ:n,n.,刺,,,kaoyan-shared english-i english-ii source:netem-2024 category:自然环境,5505
thursday,'θә:zdi,n.,星期四,,,kaoyan-shared english-i english-ii source:netem-2024 category:时间日期,5506
topic,'tɒpik,n.,话题,,,kaoyan-shared english-i english-ii source:netem-2024 category:教育学习,5507
towel,'tauәl,n.,毛巾,,,kaoyan-shared english-i english-ii source:netem-2024 category:日常生活,5508
trousers,'trauzәz,n.,裤子,,,kaoyan-shared english-i english-ii source:netem-2024 category:交通旅行,5509
tuesday,'tju:zdi,n.,星期二,,,kaoyan-shared english-i english-ii source:netem-2024 category:时间日期,5510
typhoon,tai'fu:n,n.,台风,,,kaoyan-shared english-i english-ii source:netem-2024 category:自然环境,5511
underlying,.ʌndә'laiiŋ,adj.,潜在的,,,kaoyan-shared english-i english-ii source:netem-2024 category:抽象概念 category:性质与评价,5512
up-to-date,'ʌptә'deit,adj.,最新的,,,kaoyan-shared english-i english-ii source:netem-2024 category:抽象概念 category:性质与评价,5513
us,ʌs,pron.,我们,,,kaoyan-shared english-i english-ii source:netem-2024 category:人类与社会,5514
used,'ju:st,adj.,二手的,,,kaoyan-shared english-i english-ii source:netem-2024 category:抽象概念 category:性质与评价,5515
vein,vein,n.,静脉,,,kaoyan-shared english-i english-ii source:netem-2024 category:健康医疗,5516
velvet,'velvit,n.,天鹅绒,,,kaoyan-shared english-i english-ii source:netem-2024 category:交通旅行,5517
vinegar,'vinigә,n.,醋,,,kaoyan-shared english-i english-ii source:netem-2024 category:食物营养,5518
waken,'weikn,vt.,醒来、唤醒,,,kaoyan-shared english-i english-ii source:netem-2024 category:动作行为 category:身体动作,5519
wednesday,'wenzdi,n.,星期三,,,kaoyan-shared english-i english-ii source:netem-2024 category:时间日期,5520
well-known,,adj.,众所周知的,,,kaoyan-shared english-i english-ii source:netem-2024 category:抽象概念 category:性质与评价,5521
wicked,'wikid,adj.,邪恶的,,,kaoyan-shared english-i english-ii source:netem-2024 category:情感心理,5522
wink,wiŋk,n.,眨眼,,,kaoyan-shared english-i english-ii source:netem-2024 category:动作行为 category:身体动作,5523
worse,wә:s,n.,更坏、更坏的,,,kaoyan-shared english-i english-ii source:netem-2024 category:抽象概念 category:性质与评价,5524
worst,wә:st,n.,最坏、最坏的,,,kaoyan-shared english-i english-ii source:netem-2024 category:抽象概念 category:性质与评价,5525
x-ray,'eks'rei,adj.,X射线,,,kaoyan-shared english-i english-ii source:netem-2024 category:科学技术,5526
yours,juәz,pron.,你的,,,kaoyan-shared english-i english-ii source:netem-2024 category:人类与社会,5527
yourselves,"jɔ:'selvz,jjә-,jә-",pron.,你们自己,,,kaoyan-shared english-i english-ii source:netem-2024 category:抽象概念 category:基础功能词,5528
zigzag,'zigzæg,n.,曲折、之字形,,,kaoyan-shared english-i english-ii source:netem-2024 category:空间地点,5529
zoom,zu:m,n.,飞驰、急剧上涨,,,kaoyan-shared english-i english-ii source:netem-2024 category:动作行为 category:其他动作,5530
