spelling,phonetic,part_of_speech,definition_cn,example_en,example_cn,tags,frequency_rank
abandon,ә'bændәn,vt.,"vt. 放弃, 抛弃, 遗弃, 使屈从, 沉溺, 放纵\nn. 放任, 无拘束, 狂热",,,cet4-all source:ecdict cet4 cet6 cet6-core family:abandoned family:abandoning family:abandons,2182
ability,ә'biliti,n.,"n. 能力, 才干\n[经] 能力, 才能",,,cet4-all source:ecdict cet4 family:abilities,783
able,'eibl,adj.,"a. 能干的, 能够的",,,cet4-all source:ecdict,385
abnormal,æb'nɒ:mәl,adj.,"a. 反常的, 不规则的, 变态的, 畸形的\nn. 畸形的人",,,cet4-all source:ecdict cet4 cet6 cet6-core family:abnormals,8241
aboard,ә'bɒ:d,adv.,"adv. 在船上, 在火车上, 在飞机上\nprep. 在...之上",,,cet4-all source:ecdict cet4,4984
about,ә'baut,prep.,"prep. 在...周围, 大约, 有关, 关于\nadv. 大约, 四处, 在附近, 周围",,,cet4-all source:ecdict,46
above,ә'bʌv,prep.,"prep. 在上方, 超出\nadv. 在上面\na. 上述的, 上面的",,,cet4-all source:ecdict,893
abroad,ә'brɒ:d,adv.,"adv. 往国外, 到室外, 到处\na. 往国外的, 在室外的, 广泛四散的",,,cet4-all source:ecdict,3363
absence,'æbsәns,n.,"n. 缺席, 缺乏, 没有\n[医] 失神",,,cet4-all source:ecdict cet4 cet6 cet6-core family:absences,2524
absent,'æbsәnt,adj.,"a. 缺席的, 不在的, 缺乏的, 漫不经心的\nvt. 使缺席",,,cet4-all source:ecdict cet4 cet6 family:absented family:absenting family:absents,5516
absolute,'æbsәlu:t,adj.,"a. 绝对的, 专制的, 完全的, 独立的\nn. 绝对事物",,,cet4-all source:ecdict cet4 cet6 family:absolutes,3165
absolutely,'æbsәlu:tli,adv.,"adv. 完全地, 绝对地, 确确实实地",,,cet4-all source:ecdict cet4,1149
absorb,әb'sɒ:b,vt.,"vt. 吸收, 使全神贯注, 同化, 买进, 理解, 承受, 忍受, 承担\n[医] 吸收",,,cet4-all source:ecdict cet4 cet6 cet6-core family:absorbed family:absorbs family:absorbing,3120
abstract,'æbstrækt,adj.,"a. 抽象的, 深奥的\nn. 摘要, 抽象概念\nvt. 摘要, 提炼, 使抽象化\n[计] 摘录; 摘要; 抽象",,,cet4-all source:ecdict cet4 cet6 cet6-core family:abstracts family:abstracted family:abstracting,4007
abundant,ә'bʌndәnt,adj.,"a. 丰富的, 充分的, 大量的",,,cet4-all source:ecdict cet4 cet6-core,6223
abuse,ә'bju:s.ә'bju:z,n.,"n. 滥用, 虐待, 恶习, 辱骂\nvt. 滥用, 辱骂, 虐待",,,cet4-all source:ecdict cet4 cet6 cet6-core family:abused family:abuses family:abusing,1540
academic,.ækә'demik,adj.,"a. 学院的, 学术的, 不切实际的\nn. 大学生, 大学教师, 学者, 学会会员",,,cet4-all source:ecdict cet4 cet6 cet6-core family:academics,1465
academy,ә'kædәmi,n.,"n. 学院, 院校, 学会",,,cet4-all source:ecdict cet4 cet6 family:academies,4895
accelerate,әk'selәreit,v.,"v. 加速, 促进",,,cet4-all source:ecdict cet4 cet6 cet6-core family:accelerated family:accelerating family:accelerates,4925
acceleration,әk.selә'reiʃәn,n.,"n. 加速, 促进, 加速度\n[化] 加速度",,,cet4-all source:ecdict cet4 family:accelerations,8018
accent,'æksәnt,n.,"n. 重音, 口音, 特点, 注重点\nvt. 重读, 加重音号于, 强调",,,cet4-all source:ecdict cet4 family:accents family:accented family:accenting,4140
accept,әk'sept,vt.,"vt. 接受, 承认, 同意, 相信, 赞成, 承担, 承兑, 采纳, 接纳, 容忍\nvi. 同意",,,cet4-all source:ecdict cet4 family:accepted family:accepting family:accepts,766
acceptable,әk'septәbl,adj.,"a. 可接受的, 合意的, 可忍受的",,,cet4-all source:ecdict cet4,3415
acceptance,әk'septәns,n.,"n. 接受, 接纳, 承认, 同意, 赞同, 容忍, 相信\n[经] 承兑, 认付, (工程)验收",,,cet4-all source:ecdict cet4 cet6 cet6-core family:acceptances,3443
access,'ækses,n.,"n. 通路, 入口, 接近, 进入, 使用权, 发作\nvt. 访问, 存取, 接近, 使用\n[计] 访问, 存取",,,cet4-all source:ecdict cet4 cet6 cet6-core family:accessed family:accessing family:accesses,1113
accessory,әk'sesәri,n.,"n. 附件, 零件, 附加物, 从犯, 同谋\na. 附属的, 补充的, 同谋的, 帮凶的, 非主要的, 副的\n[计] 附件",,,cet4-all source:ecdict cet4 cet6 cet6-core family:accessories,6429
accident,'æksidәnt,n.,"n. 意外事件, 机遇, 事故, 次要方面\n[化] 意外事故; 事故",,,cet4-all source:ecdict cet4 cet6-core family:accidents,1707
accidental,.æksi'dentl,adj.,"a. 意外的, 偶然的, 非主要的, 附属的\nn. 临时记号, 次要方面",,,cet4-all source:ecdict cet4 cet6 family:accidentals,7485
accommodate,ә'kɒmәdeit,vt.,"vt. 使适应, 调和, 通融, 容纳, 向...提供\nvi. 适应",,,cet4-all source:ecdict cet4 cet6 cet6-core family:accommodated family:accommodating family:accommodates,3717
accommodation,ә.kɒmә'deiʃәn,n.,"n. 膳宿, 预订铺位, 适应性调节, 调和, 贷款\n[医] 调节(眼); 适应",,,cet4-all source:ecdict cet4 cet6 cet6-core family:accommodations,5369
accompany,ә'kʌmpәni,vt.,"vt. 陪伴, 伴随, 补充, 为...伴奏\nvi. 伴奏, 伴唱",,,cet4-all source:ecdict cet4 cet6 family:accompanied family:accompanying family:accompanies,2438
accomplish,ә'kʌmpliʃ,vt.,"vt. 完成, 达到, 实现, 使完美",,,cet4-all source:ecdict cet4 cet6-core family:accomplished family:accomplishing family:accomplishes,2345
accord,ә'kɒ:d,n.,"n. 一致, 调和, 协定\nvt. 给与, 使一致\nvi. 相符合",,,cet4-all source:ecdict cet4 cet6 cet6-core family:according family:accorded family:accords,6075
accordance,ә'kɒ:dәns,n.,"n. 一致, 和谐",,,cet4-all source:ecdict cet4 cet6 cet6-core,8086
accordingly,ә'kɒ:diŋli,adv.,"adv. 相应地, 因此, 于是",,,cet4-all source:ecdict cet4 cet6,5589
account,ә'kaunt,n.,"n. 报告, 解释, 估价, 理由, 利润, 算账, 帐目\nvi. 报帐, 解释, 导致, 报偿, 占, 杀死\nvt. 认为\n[计] 帐户, 帐号",,,cet4-all source:ecdict cet4 cet6-core family:accounts family:accounted family:accounting,1071
accumulate,ә'kju:mjuleit,v.,"v. 积聚, 堆积",,,cet4-all source:ecdict cet4 cet6 cet6-core family:accumulated family:accumulating family:accumulates,5083
accuracy,'ækjurәsi,n.,"n. 精确, 正确\n[计] 准确度",,,cet4-all source:ecdict cet4 cet6 family:accuracies,4076
accurate,'ækjurәt,adj.,"a. 正确的, 精确的\n[经] 准确的, 精确的",,,cet4-all source:ecdict cet4 cet6 cet6-core,2728
accuse,ә'kju:z,vt.,"vt. 指责, 控告, 归咎于\nvi. 指责, 控告",,,cet4-all source:ecdict cet4 cet6 cet6-core family:accused family:accusing family:accuses,2024
accustom,ә'kʌstәm,vt.,vt. 使习惯于,,,cet4-all source:ecdict cet4 cet6 family:accustomed family:accustoms family:accustoming,7584
accustomed,ә'kʌstәmd,adj.,"a. 惯常的, 习惯了的",,,cet4-all source:ecdict cet4 cet6 cet6-core family:accustomed family:dp,8524
ache,eik,n.,"n. 疼痛\nvi. 痛, 哀怜, 渴望",,,cet4-all source:ecdict cet4 family:ached family:aching family:aches,7717
achieve,ә'tʃi:v,vt.,"vt. 完成, 达到\nvi. 如愿以偿",,,cet4-all source:ecdict cet4 cet6 family:achieved family:achieving family:achieves,1152
achievement,ә'tʃi:vmәnt,n.,"n. 完成, 成就, 功业",,,cet4-all source:ecdict cet4 cet6 cet6-core family:achievements,2021
acid,'æsid,n.,"n. 酸, 酸类物质, 尖刻, 迷幻药\na. 酸的, 酸性的, 尖刻的, 敏锐的\n[计] 自动文档互参与索引生成程序",,,cet4-all source:ecdict cet4 cet6 cet6-core family:acids,3238
acquaintance,ә'kweintәns,n.,"n. 认识, 相识者",,,cet4-all source:ecdict cet4 cet6 cet6-core family:acquaintances,6274
acquire,ә'kwaiә,vt.,"vt. 获得, 学到\n[电] 目标锁定",,,cet4-all source:ecdict cet4 cet6 cet6-core family:acquired family:acquiring family:acquires,2063
acre,'eikә,n.,n. 英亩,,,cet4-all source:ecdict cet4 family:acres,
across,ә'krɒs,prep.,"prep. 越过, 穿过, 与...相交叉, 在...的对面\nadv. 交叉, 到另一边, 在对面, 成十字",,,cet4-all source:ecdict,377
act,ækt,n.,"n. 行动, 行为, 幕, 法案\nvi. 行动, 表演, 假装, 见效, 表现, 担当\nvt. 扮演, 装作\n[计] 先进通信技术, 先进计算机工艺, 自动代码翻译技术",,,cet4-all source:ecdict cet4 family:acting family:acts family:acted,837
action,'ækʃәn,n.,"n. 行动, 活动, 动作, 作用, 战斗, 行为, 诉讼\nvt. 对...起诉\n[计] 方式",,,cet4-all source:ecdict cet4 cet6 family:actions family:actioning family:actioned,502
active,'æktiv,adj.,"a. 活跃的, 起作用的, 积极的, 有效的, 主动的, 活性的, 现行的, 现役的\nn. 主动语态, 积极分子",,,cet4-all source:ecdict cet4 family:actives,1444
activity,æk'tiviti,n.,"n. 活动, 行动, 活跃, 活力\n[计] 活动",,,cet4-all source:ecdict cet4 family:activities,537
actor,'æktә,n.,"n. 男演员, 行动者\n[医] 作用物, 反应物",,,cet4-all source:ecdict cet4 family:actors,1497
actress,'æktris,n.,n. 女演员,,,cet4-all source:ecdict cet4 family:actresses,3236
actual,'æktʃuәl,adj.,"a. 真实的, 实际的, 现行的\n[医] 实际死亡率",,,cet4-all source:ecdict cet4 family:actuals,1739
actually,'æktʃuәli,adv.,"adv. 事实上, 竟然, 如今, 现在",,,cet4-all source:ecdict cet4 cet6,396
acute,ә'kju:t,adj.,"a. 尖锐的, 敏锐的, 激烈的, 严重的, 急性的\n[医] 急性的; 尖锐的",,,cet4-all source:ecdict cet4 cet6 cet6-core family:acutes family:acutest,5255
ad,æd,n.,"n. 广告\n[计] 地址, 模拟-数字",,,cet4-all source:ecdict cet4 family:ads,1748
adapt,ә'dæpt,vt.,"vt. 使适应, 改编\nvi. 适应",,,cet4-all source:ecdict cet4 cet6 cet6-core family:adapted family:adapting family:adapts,2933
add,æd,vt.,"vt. 增加, 添加, 附带说明, 计算...总和\nvi. 做加法, 积累而成, 增添\n[计] 加法",,,cet4-all source:ecdict cet4 family:added family:adding family:adds,340
addition,ә'diʃәn,n.,"n. 加法, 增加的人(或物)\n[计] 加法",,,cet4-all source:ecdict cet4 cet6 cet6-core family:additions,2048
additional,ә'diʃәnәl,adj.,"a. 附加的, 另外的, 额外的\n[机] 加添的, 附加的",,,cet4-all source:ecdict cet4 cet6 cet6-core,1319
address,ә'dres,n.,"n. 住址, 演说, 举止, 灵巧, 求爱\nvt. 发表(演说或讲话), 对付, 写地址\n[计] 地址, 寻址",,,cet4-all source:ecdict cet4 cet6 family:addressed family:addressing family:addresses,1028
adequate,'ædikwәt,adj.,"a. 适当的, 足够的\n[法] 胜任的, 适当的, 充分的",,,cet4-all source:ecdict cet4 cet6 cet6-core,3297
adjective,'ædʒiktiv,n.,"n. 形容词\na. 形容词的, 从属的",,,cet4-all source:ecdict cet4 family:adjectives,10317
adjust,ә'dʒʌst,vt.,"vt. 调整, 使适应于, 校准\nvi. 适应于, 被调节, 相互熟悉而适应",,,cet4-all source:ecdict cet4 cet6 cet6-core family:adjusted family:adjusting family:adjusts,2300
administration,әd.mini'streiʃәn,n.,"n. 行政, 管理, 政府机关\n[化] 给药",,,cet4-all source:ecdict cet4 cet6 cet6-core family:administrations,635
admire,әd'maiә,vt.,"vt. 赞美, 钦佩, 爱慕\nvi. 称赞, 惊奇",,,cet4-all source:ecdict cet4 family:admired family:admiring family:admires,3277
admission,әd'miʃәn,n.,"n. 准许进入, 入场费, 录用, 承认\n[经] 加入, 入股",,,cet4-all source:ecdict cet4 cet6 family:admissions,3031
admit,әd'mit,vt.,"vt. 承认, 接受, 允许进入, 容许\nvi. 开向, 容许, 承认",,,cet4-all source:ecdict cet4 cet6-core family:admitted family:admits family:admitting,1089
adopt,ә'dɒpt,vt.,"vt. 采用, 正式通过, 收养, 接受\n[医] 采取",,,cet4-all source:ecdict cet4 cet6 cet6-core family:adopted family:adopting family:adopts,1632
adult,'ædʌlt,n.,"n. 成人, 成虫\na. 成年的, 成熟的",,,cet4-all source:ecdict cet4 family:adults,969
advance,әd'vɑ:ns,n.,"n. 前进, 进展, 行过的路程\nvi. 前进, 进展, 提高, 上涨\nvt. 使前进, 促进, 提出, 提高, 使提前, 预付\na. 前面的, 预先的",,,cet4-all source:ecdict cet4 cet6 family:advances family:advanced family:advancing,2296
advanced,әd'vɑ:nst,adj.,"a. 在前的, 高级的, 先进的, 年老的\n[法] 预付的, 预支的, 垫付的",,,cet4-all source:ecdict cet4 family:advance family:dp family:advanced,2797
advantage,әd'vɑ:ntidʒ,n.,"n. 优点, 便利, 好处, 优势\nvt. 有助于",,,cet4-all source:ecdict cet4 cet6-core family:advantages family:advantaged family:advantaging,1301
adventure,әd'ventʃә,n.,"n. 冒险, 冒险经历\nv. 冒险",,,cet4-all source:ecdict cet4 family:adventures family:adventuring family:adventured,2862
adverb,'ædvә:b,n.,n. 副词,,,cet4-all source:ecdict cet4 family:adverbs,26238
advertisement,.ædvә'taizmәnt,n.,"n. 广告, 启事, 广告宣传\n[法] 广告, 公告, 告示",,,cet4-all source:ecdict cet4 family:advertisements,5957
advice,әd'vais,n.,"n. 忠告, 劝告, 意见, 报道, 通知\n[经] 通知书, 通知, 建议",,,cet4-all source:ecdict cet4 cet6,1641
advisable,әd'vaizәbl,adj.,"a. 适当的, 明智的",,,cet4-all source:ecdict cet4 cet6,18573
advise,әd'vaiz,vt.,"vt. 劝告, 给...出主意, 通知, 建议\nvi. 提意见, 商量",,,cet4-all source:ecdict cet4 cet6 family:advised family:advising family:advises,2552
aeroplane,'єәrәplein,n.,n. 飞机\n[机] 飞机,,,cet4-all source:ecdict cet4 cet6 family:aeroplanes,30278
affair,ә'fєә,n.,"n. 事件, 事务, 恋爱事件",,,cet4-all source:ecdict cet4 cet6 family:affairs,1364
affect,ә'fekt,vt.,"vt. 影响, 感动, 假装, 模仿, 爱好, 倾向于\nn. 自觉感情",,,cet4-all source:ecdict cet4 cet6 family:affected family:affecting family:affects,963
affection,ә'fekʃәn,n.,"n. 影响, 病, 喜爱, 情感, 倾向\n[医] 疾患, 病变, 病; 感情",,,cet4-all source:ecdict cet4 cet6 cet6-core family:affections,5137
afford,ә'fɒ:d,vt.,"vt. 买得起, 足以, 给予",,,cet4-all source:ecdict cet4 cet6 family:afforded family:affords family:affording,1846
afraid,ә'freid,adj.,"a. 害怕的, 恐怕的, 遗憾的",,,cet4-all source:ecdict,1400
africa,'æfrikә,n.,n. 非洲,,,cet4-all source:ecdict cet4,
african,'æfrikәn,n.,"n. 非洲人\na. 非洲的, 非洲人的",,,cet4-all source:ecdict cet4 family:africans,1203
after,'ɑ:ftә,prep.,"prep. 在...之后, 由于\nconj. 在...之后\nadv. 后来",,,cet4-all source:ecdict,120
afternoon,'ɑ:ftә'nu:n,n.,"n. 午后, 下午",,,cet4-all source:ecdict family:afternoons,1191
afterward,'ɑ:ftәwәd,adv.,"adv. 然后, 后来",,,cet4-all source:ecdict cet4 cet6,4195
again,ә'gein,adv.,"adv. 再一次, 又, 到原处",,,cet4-all source:ecdict,184
against,ә'geinst,prep.,"prep. 反对, 对着, 倚靠",,,cet4-all source:ecdict cet4,180
age,eidʒ,n.,"n. 年龄, 老年, 成年, 寿命, 时代, 时期\nv. 变老, 成熟",,,cet4-all source:ecdict family:ages family:aged family:ageing,386
agency,'eidʒәnsi,n.,"n. 代理机构, 经销商, 中介\n[化] 办事处",,,cet4-all source:ecdict cet4 family:agencies,694
agent,'eidʒәnt,n.,"n. 代理商, 政府代表, 动原, 媒介\n[计] 代理程序",,,cet4-all source:ecdict cet4 family:agents,1020
aggressive,ә'gresiv,adj.,"a. 侵略的, 挑畔的, 进取的\n[法] 侵略的, 爱挑衅的, 行为过火的",,,cet4-all source:ecdict cet4 cet6 cet6-core,2514
ago,ә'gәu,adv.,adv. 以前,,,cet4-all source:ecdict,316
agony,'ægәni,n.,"n. 极大的痛苦, 挣扎\n[医] 濒死苦闷; 剧痛",,,cet4-all source:ecdict cet4 cet6 cet6-core family:agonies,7577
agree,ә'gri:,vi.,"vi. 同意, 赞成, 应允, 适合\nvt. 承认, 认定, 同意",,,cet4-all source:ecdict family:agreed family:agrees family:agreeing,514
agreement,ә'gri:mәnt,n.,"n. 同意, 合约, 协议\n[经] 契约, 协议, 协定",,,cet4-all source:ecdict family:agreements,1059
agriculture,'ægrikʌltʃә,n.,"n. 农业\n[机] 农业, 农学",,,cet4-all source:ecdict cet4 cet6,4165
ahead,ә'hed,adj.,"a. 领先的, 预先的, 向前的\nadv. 领先, 预先, 向前, 胜于, 在前面, 在将来",,,cet4-all source:ecdict,1025
aid,eid,n.,"n. 帮助, 外援, 助手\nvt. 援助, 帮助, 有助于\nvi. 帮助\n[计] 自动内部诊断",,,cet4-all source:ecdict cet4 cet6 cet6-core family:aids family:aided family:aiding,1640
aim,eim,n.,"n. 目标, 瞄准, 击中目标的能力\nvi. 对准目标, 致力, 打算\nvt. 瞄准\n[计] 医学文摘索引, 存取隔离机构, 高级信息管理程序, 先进接口模块\n应用接口模块, 医学人工智能, 相联索引法, 异步接口模块\n自动化信息管理, 自动化综合制造, 自动化库存管理",,,cet4-all source:ecdict cet4 cet6 family:aims family:aimed family:aiming,1931
air,єә,n.,"n. 空气, 旋律, 态度\nvt. 晾, 使通风, 夸耀",,,cet4-all source:ecdict family:aired family:airs family:airing,370
aircraft,'єәkræft,n.,"n. 航空器, 飞机\n[机] 航空器",,,cet4-all source:ecdict cet4,2803
airline,'єәlain,n.,"n. 航线, 航线的设备, 航空公司",,,cet4-all source:ecdict cet4 family:airlines,2128
airplane,'єәplein,n.,n. 飞机\n[机] 飞机,,,cet4-all source:ecdict cet4 family:airplanes,3519
airport,'єәpɒ:t,n.,"n. 飞机场\n[机] 航空站, 机场",,,cet4-all source:ecdict family:airports,1765
alarm,ә'lɑ:m,n.,"n. 惊恐, 警报, 警钟\nvt. 使惊恐, 警告\n[计] 报警信号",,,cet4-all source:ecdict cet4 cet6-core family:alarms family:alarmed family:alarming,3693
alcohol,'ælkәhɒl,n.,"n. 酒精, 酒\n[化] 醇; 乙醇; 酒精",,,cet4-all source:ecdict cet4 cet6-core family:alcohols,2191
alike,ә'laik,adj.,"a. 相似的, 同样的\nadv. 一样, 以同样的方式",,,cet4-all source:ecdict cet4 cet6,4389
alive,ә'laiv,adj.,"a. 活着的, 活泼的, 敏感的, 热闹的",,,cet4-all source:ecdict cet4 cet6,1532
all,ɒ:l,adj.,"a. 所有的, 全部的, 一切的\nadv. 全部, 全然\npron. 全部\nn. 全部",,,cet4-all source:ecdict,43
allow,ә'lau,vt.,"vt. 允许, 同意给予, 承认\nvi. 容许, 猜想\n[计] 允许命令",,,cet4-all source:ecdict cet4 family:allowed family:allowing family:allows,339
alloy,'ælɒi. ә'lɒi,n.,"n. 合金\nvt. 将...铸成合金, 减低成色\nvi. 合铸",,,cet4-all source:ecdict cet4 cet6 cet6-core family:alloys family:alloying family:alloyed,11808
almost,'ɒ:lmәust,adv.,"adv. 几乎, 差不多",,,cet4-all source:ecdict,291
alone,ә'lәun,adj.,"a. 孤独的, 单独的, 独自的\nadv. 独自地",,,cet4-all source:ecdict cet4,1097
along,ә'lɒŋ,adv.,"adv. 平行地, 向前\nprep. 沿着",,,cet4-all source:ecdict,447
aloud,ә'laud,adv.,"adv. 出声地, 大声地",,,cet4-all source:ecdict cet4,5694
alphabet,'ælfәbit,n.,n. 字母\n[计] 字母表,,,cet4-all source:ecdict cet4 cet6 family:alphabets,9190
already,ɒ:l'redi,adv.,"adv. 已经, 早已",,,cet4-all source:ecdict,334
also,'ɒ:lsәu,adv.,"adv. 也, 并且, 同样地",,,cet4-all source:ecdict,87
alter,'ɒ:ltә,v.,v. 改变,,,cet4-all source:ecdict cet4 cet6 cet6-core family:altered family:altering family:alters,2889
alternative,ɒ:l'tә:nәtiv,n.,"n. 两者择一, 供替代的选择\na. 两者择一的, 供选择的\n[计] 选择对象",,,cet4-all source:ecdict cet4 cet6 cet6-core family:alternatives,2073
although,ɒ:l'ðou,conj.,"conj. 虽然, 尽管",,,cet4-all source:ecdict cet4,378
altitude,'æltitju:d,n.,"n. 高度, 海拔, 高处\n[电] 高度",,,cet4-all source:ecdict cet4 cet6 family:altitudes,6370
altogether,.ɒ:ltә'geðә,adv.,"adv. 完全地, 总而言之",,,cet4-all source:ecdict cet4,3801
aluminium,.ælju'miniәm,n.,n. 铝\na. 铝的,,,cet4-all source:ecdict cet4 cet6,32731
always,'ɒ:lweiz,adv.,"adv. 总是, 始终",,,cet4-all source:ecdict,206
amaze,ә'meiz,vt.,vt. 使吃惊,,,cet4-all source:ecdict cet4 cet6 family:amazed family:amazes family:amazing,8607
ambition,æm'biʃәn,n.,"n. 野心, 志向",,,cet4-all source:ecdict cet4 cet6 cet6-core family:ambitions,4283
ambulance,'æmbjulәns,n.,n. 救护车\n[医] 救护车,,,cet4-all source:ecdict cet4 family:ambulances,5500
america,ә'merikә,n.,"n. 美洲, 美国",,,cet4-all source:ecdict,
american,ә'merikәn,n.,"n. 美国人\na. 美国的, 美洲的",,,cet4-all source:ecdict family:americans,176
among,ә'mʌŋ,prep.,prep. 在...之中,,,cet4-all source:ecdict,279
amongst,ә'mʌŋst,prep.,"prep. 在...当中, 在...之间, 在...之中",,,cet4-all source:ecdict cet4,7821
amount,ә'maunt,n.,"n. 总数, 总额\nvi. 总计, 等同",,,cet4-all source:ecdict cet4 family:amounts family:amounted family:amounting,782
ampere,'æmpєә,n.,n. 安培\n[化] 安培,,,cet4-all source:ecdict cet4 cet6 family:amperes,37826
amplify,'æmplifai,vt.,"vt. 增强, 放大, 扩大, 详述\nvi. 引伸",,,cet4-all source:ecdict cet4 cet6 cet6-core family:amplified family:amplifying family:amplifies,9595
amuse,ә'mju:z,vt.,"vt. 消遣, 娱乐, 使发笑",,,cet4-all source:ecdict cet4 cet6 family:amused family:amusing family:amuses,9683
analyse,'ænәlaiz,vt.,"vt. 分析, 细察, 分解\n[经] 分析",,,cet4-all source:ecdict cet4 cet6 cet6-core family:analysed family:analysing family:analyses,12788
analysis,ә'nælәsis,n.,n. 分析\n[计] 分析机; 分析员; 分析; 分析程序,,,cet4-all source:ecdict cet4 cet6 cet6-core family:analyses,811
ancestor,'ænsestә,n.,"n. 祖先, 祖宗",,,cet4-all source:ecdict cet4 cet6 cet6-core family:ancestors,4137
anchor,'æŋkә,n.,"n. 锚\nvt. 抛锚停泊, 使固定\n[计] 锚",,,cet4-all source:ecdict cet4 cet6 family:anchors family:anchoring family:anchored,4961
ancient,'einʃәnt,adj.,"a. 古代的, 古老的, 年老的, 旧的",,,cet4-all source:ecdict cet4 cet6 cet6-core family:ancients,1817
and,ænd,conj.,"conj. 和, 与\n[计] 与",,,cet4-all source:ecdict,3
angel,'eindʒәl,n.,"n. 天使, 守护神, 善人",,,cet4-all source:ecdict cet4 family:angels,3980
anger,'æŋgә,n.,"n. 忿怒\nvt. 激怒, 使发怒\nvi. 发怒",,,cet4-all source:ecdict cet4 family:angered family:angers family:angering,2362
angle,'æŋgl,n.,"n. 角, 角度, 角落\nvi. 钓鱼, 谋取, 博取, 斜向移动, 转变角度\nvt. 使转动角度, 在...钓鱼, 获取",,,cet4-all source:ecdict cet4 family:angles family:angled family:angling,2989
angry,'æŋgri,adj.,"a. 生气的, 愤怒的",,,cet4-all source:ecdict family:angrier,1705
animal,'ænimәl,n.,n. 动物\n[医] 动物,,,cet4-all source:ecdict family:animals,728
ankle,'æŋkl,n.,"n. 踝\n[医] 踝, 踝关节",,,cet4-all source:ecdict cet4 cet6 family:ankles,3814
announce,ә'nauns,vt.,"vt. 宣布, 声称, 显示, 预告\nvi. 当报幕员, 宣布参加竞选",,,cet4-all source:ecdict cet4 cet6 family:announced family:announcing family:announces,1163
announcer,ә'naunsә,n.,"n. 节目报告员, 宣告者",,,cet4-all source:ecdict cet4 family:announcers,7512
annoy,ә'nɒi,vt.,"vt. 使恼怒, 骚扰",,,cet4-all source:ecdict cet6-core family:annoyed family:annoys family:annoying,9844
annual,'ænjuәl,n.,"n. 年刊, 年报\na. 每年的, 一年一次的, 全年的, 一年生的",,,cet4-all source:ecdict cet4 cet6-core family:annuals,1361
another,ә'nʌðә,adj.,"a. 另外的, 再一的, 不同的\npron. 又一个, 另一个, 类似的另一个",,,cet4-all source:ecdict,145
answer,'ɑ:nsә,n.,"n. 答案, 回答, 回报, 答辩\nvt. 回答, 反驳, 适应, 响应, 符合\nvi. 回答, 答应, 负责, 符合, 成功\n[计] 用户问题及答案新闻组",,,cet4-all source:ecdict family:answers family:answered family:answering,767
ant,ænt,n.,n. 蚂蚁,,,cet4-all source:ecdict cet4 family:ants family:anted family:anting,5811
anticipate,æn'tisipeit,vt.,"vt. 预期, 占先, 加速, 提前使用\n[医] 提前出现, 先期发生",,,cet4-all source:ecdict cet4 cet6 cet6-core family:anticipated family:anticipating family:anticipates,3187
anxiety,æŋ'zaiәti,n.,"n. 焦虑, 忧虑, 令人焦虑的事\n[医] 焦虑",,,cet4-all source:ecdict cet4 cet6 cet6-core family:anxieties,2467
anxious,'æŋʃәs,adj.,"a. 忧虑的, 发愁的, 渴望的",,,cet4-all source:ecdict cet4 cet6,3827
any,'eni,adj.,a. 任何的\npron. 任何,,,cet4-all source:ecdict,109
anybody,'enibɒdi,pron.,pron. 任何人\nn. 重要人物,,,cet4-all source:ecdict,1380
anyhow,'enihau,adv.,"adv. 无论如何, 至少",,,cet4-all source:ecdict cet4,9909
anyone,'eniwʌn,pron.,pron. 任何人,,,cet4-all source:ecdict cet4,659
anything,'eniθiŋ,pron.,pron. 任何事,,,cet4-all source:ecdict,331
anyway,'eniwei,adv.,"adv. 无论如何, 至少",,,cet4-all source:ecdict cet4 family:anyways,1393
anywhere,'enihwєә,adv.,adv. 无论何处,,,cet4-all source:ecdict cet4,1879
apart,ә'pɑ:t,adv.,"adv. 成零碎, 成距离, 分别地, 分离着\na. 分离的",,,cet4-all source:ecdict cet4,1971
apartment,ә'pɑ:tmәnt,n.,"n. 房间, 公寓",,,cet4-all source:ecdict cet4 cet6-core family:apartments,1273
apologize,ә'pɒlәdʒaiz,vi.,"vi. 道歉, 辩解",,,cet4-all source:ecdict cet4 family:apologized family:apologizing family:apologizes,3739
apology,ә'pɒlәdʒi,n.,"n. 道歉, 辩护\n[法] 道歉, 谢罪, 辩解者",,,cet4-all source:ecdict cet4 cet6-core family:apologies,4944
apparatus,.æpә'reitәs,n.,"n. 装置, 器具, 器官\n[化] 仪器; 器械",,,cet4-all source:ecdict cet4 cet6 cet6-core,6978
apparent,ә'pærәnt,adj.,"a. 清晰可见的, 显然的, 表面上的\n[电] 外在的",,,cet4-all source:ecdict cet4 cet6,2502
appeal,ә'pi:l,n.,"n. 恳求, 诉请, 上诉, 吸引力\nvi. 呼吁, 诉请, 要求, 上诉, 有吸引力\nvt. 将...上诉",,,cet4-all source:ecdict cet4 cet6 cet6-core family:appeals family:appealed family:appealing,1852
appear,ә'piә,vi.,"vi. 出现, 显得, 来到\n[法] 出庭, 到案, 出现",,,cet4-all source:ecdict cet4 family:appeared family:appears family:appearing,395
appearance,ә'piәrәns,n.,"n. 出现, 露面, 外观, 外表, 出版\n[计] 外观, 版面",,,cet4-all source:ecdict cet4 cet6-core family:appearances,1684
appetite,'æpitait,n.,"n. 食欲, 欲望, 爱好\n[医] 食欲",,,cet4-all source:ecdict cet4 cet6 family:appetites,5205
apple,'æpl,n.,"n. 苹果, 家伙\n[医] 苹果",,,cet4-all source:ecdict family:apples,2695
appliance,ә'plaiәns,n.,"n. 器械, 用具, 应用\n[医] 矫正器; 器",,,cet4-all source:ecdict cet4 cet6 cet6-core family:appliances,6043
applicable,'æplikәbl,adj.,"a. 合适的, 可应用的\n[法] 适用的, 适应的",,,cet4-all source:ecdict cet4 cet6,7582
application,.æpli'keiʃәn,n.,"n. 应用, 申请, 志愿书, 应用程序\n[计] 应用, 应用程序",,,cet4-all source:ecdict cet4 cet6 cet6-core family:applications,1519
apply,ә'plai,vt.,"vt. 涂, 应用\nvi. 申请, 适用",,,cet4-all source:ecdict cet4 cet6 cet6-core family:applied family:applies family:applying,938
appoint,ә'pɒint,vt.,"vt. 任命, 指定, 下令\n[法] 派, 派任, 任命",,,cet4-all source:ecdict cet4 cet6 family:appointed family:appointing family:appoints,3172
appointment,ә'pɒintmәnt,n.,"n. 约会, 委任的职位, 委派\n[经] 任命, 派, 指定",,,cet4-all source:ecdict cet4 cet6 family:appointments,3021
appreciate,ә'pri:ʃieit,vt.,"vt. 赏识, 鉴别, 为...而感激, 领会, 欣赏\nvi. 增值, 涨价",,,cet4-all source:ecdict cet4 cet6 family:appreciated family:appreciating family:appreciates,1738
approach,ә'prәutʃ,n.,"n. 接近, 入门\nvt. 接近, 近似, 找...商量\nvi. 靠近",,,cet4-all source:ecdict cet4 cet6 cet6-core family:approaches family:approached family:approaching,750
appropriate,ә'prәupriәt,adj.,"a. 适当的\n[经] 适当的, 拨出, 占用",,,cet4-all source:ecdict cet4 cet6 cet6-core family:appropriated family:appropriates family:appropriating,1493
approval,ә'pru:vl,n.,"n. 赞成, 批准\n[化] 核准",,,cet4-all source:ecdict cet4 cet6 family:approvals,2549
approve,ә'pru:v,vt.,"vt. 赞同, 核准, 为...提供证据\nvi. 赞许",,,cet4-all source:ecdict cet4 cet6 cet6-core family:approved family:approving family:approves,2053
approximate,ә'prɒksimәt,adj.,"a. 大约的, 接近的, 近似的\nvt. 接近, 使接近, 粗略估计\nvi. 接近于",,,cet4-all source:ecdict cet4 cet6 family:approximating family:approximates family:approximated,11835
approximately,ә'prɒksimәtli,adv.,"adv. 大约, 大致, 近于\n[经] 大约, 近似",,,cet4-all source:ecdict cet4 cet6,2365
april,'eiprәl,n.,n. 四月,,,cet4-all source:ecdict,
arabian,ә'reibiәn,adj.,"a. 阿拉伯的, 阿拉伯人的",,,cet4-all source:ecdict cet4 cet6 family:arabians,11172
arbitrary,'ɑ:bitrәri,adj.,"a. 任意的, 武断的, 专治的, 霸道的",,,cet4-all source:ecdict cet4 cet6 cet6-core,7545
architecture,'ɑ:kitektʃә,n.,"n. 建筑学, 建筑式样\n[计] 体系结构",,,cet4-all source:ecdict cet4 cet6 family:architectures,3509
area,'єәriә,n.,"n. 区域, 面积, 范围, 空地\n[计] 区域",,,cet4-all source:ecdict cet4 family:areas,230
argue,'ɑ:gju,vi.,"vi. 提出理由, 争论, 辩论\nvt. 主张, 辩论, 证明, 说服",,,cet4-all source:ecdict cet4 cet6 cet6-core family:argued family:argues family:arguing,778
argument,'ɑ:gjumәnt,n.,"n. 争论, 论证, 论据, 自变量\n[计] 参数",,,cet4-all source:ecdict cet4 family:arguments,1185
arise,ә'raiz,vi.,"vi. 站立, 出现, 起来",,,cet4-all source:ecdict cet4 cet6 family:arising family:arises family:arose family:arisen,2581
arithmetic,ә'riθmәtik,n.,"n. 算术, 算术知识\n[机] 算术; 算术的",,,cet4-all source:ecdict cet4 cet6 family:arithmetics,11378
arm,ɑ:m,n.,"n. 手臂, 袖子, 狭长港湾, 武器\nvt. 武装, 装备\nvi. 武装起来\n[计] 异步应答方式; 自动货品销路管理",,,cet4-all source:ecdict family:arms family:armed family:arming,491
army,'ɑ:mi,n.,"n. 军队, 陆军",,,cet4-all source:ecdict cet4 family:armies,1539
around,ә'raund,prep.,"prep. 包围, 在...周围, 四处\nadv. 兜着圈子, 在附近, 到处",,,cet4-all source:ecdict,264
arouse,ә'rauz,vt.,"vt. 唤醒, 鼓励, 引起\nvi. 醒来",,,cet4-all source:ecdict cet4 cet6 cet6-core family:aroused family:arousing family:arouses,7151
arrange,ә'reindʒ,v.,"v. 安排, 排列, 达成协议\n[计] 重排",,,cet4-all source:ecdict cet4 cet6-core family:arranged family:arranging family:arranges,2216
arrangement,ә'reindʒmәnt,n.,"n. 排列, 整齐, 安排\n[计] 排列",,,cet4-all source:ecdict cet4 cet6-core family:arrangements,2357
arrest,ә'rest,n.,"n. 逮捕, 监禁\nvt. 拘捕, 抑制, 吸引, 阻止",,,cet4-all source:ecdict cet4 cet6 cet6-core family:arrested family:arrests family:arresting,2140
arrival,ә'raivl,n.,"n. 到达, 抵达, 到达者\n[经] 到达, 到达物",,,cet4-all source:ecdict cet4 family:arrivals,3194
arrive,ә'raiv,vi.,"vi. 到达, 抵达",,,cet4-all source:ecdict family:arrived family:arriving family:arrives,810
arrow,'ærәu,n.,"n. 箭, 箭状物, 箭头记号",,,cet4-all source:ecdict cet4 family:arrows family:arrowed family:arrowing,4832
art,ɑ:t,n.,"n. 艺术, 人文科学, 技术, 巧妙, 诡计, 美术\n[计] 实际保持时间, 特许权和资源表, 平均检索时间, 平均运行时间",,,cet4-all source:ecdict cet4 family:arts,346
article,'ɑ:tikl,n.,"n. 文章, 冠词, 物品, 物件, 条款, 契约\n[计] 信件",,,cet4-all source:ecdict cet4 family:articles family:articled family:articling,731
artificial,.ɑ:ti'fiʃәl,adj.,"a. 人造的, 假的, 非原地产的\n[医] 人工的, 人造的, 伟牟",,,cet4-all source:ecdict cet4 cet6 cet6-core family:artificials,4003
artist,'ɑ:tist,n.,"n. 艺术家, 画家",,,cet4-all source:ecdict cet4 family:artists,736
artistic,ɑ:'tistik,adj.,"a. 艺术的, 艺术家的, 富有艺术性的",,,cet4-all source:ecdict cet4 cet6,3249
as,æz,adv.,"adv. 同样地, 例如\nprep. 做为, 当作\nconj. 当...之时, 以...的方式, 像...一样, 因为\n[计] 高级系统, 先进系统, 辅助存储器, 自治系统",,,cet4-all source:ecdict,33
ash,æʃ,n.,"n. 灰, 灰烬\n[化] 灰分",,,cet4-all source:ecdict cet4 family:ashes,4577
ashamed,ә'ʃeimd,adj.,"a. 惭愧的, 羞耻的",,,cet4-all source:ecdict cet4,5651
asia,'eiʒә,n.,n. 亚洲,,,cet4-all source:ecdict,
asian,'eiʃәn,n.,"n. 亚洲人\na. 亚洲的, 亚洲人的",,,cet4-all source:ecdict family:asians,2351
aside,ә'said,n.,"n. 小声说的话, 旁白\nadv. 在一边, 离开, 另外",,,cet4-all source:ecdict cet4 family:asides,1878
ask,ɑ:sk,vi.,"vi. 问, 要求\nvt. 问, 要求, 邀请, 需要",,,cet4-all source:ecdict family:asked family:asking family:asks,131
asleep,ә'sli:p,adj.,"a. 睡着的, 长眠的, 麻木的\nadv. 熟睡地",,,cet4-all source:ecdict cet4,3081
aspect,'æspekt,n.,"n. 外观, 方面, 面貌, 方向\n[医] 方面, 局面; 外观",,,cet4-all source:ecdict cet4 cet6 cet6-core family:aspects,1357
assemble,ә'sembl,vt.,"vt. 集合, 收集, 装配\nvi. 集合\n[计] 汇编",,,cet4-all source:ecdict cet4 cet6 cet6-core family:assembled family:assembling family:assembles,3557
assembly,ә'sembli,n.,"n. 与会者, 集会, 装配, 组件\n[化] 装配",,,cet4-all source:ecdict cet4 family:assemblies,3965
assess,ә'ses,vt.,"vt. 估定, 对...征税, 评定\n[经] 估计, 估价, 确定(税款罚款等)的金额",,,cet4-all source:ecdict cet4 cet6 cet6-core family:assessed family:assessing family:assesses,2042
assign,ә'sain,vt.,"vt. 分配, 指派, 赋值\n[计] 赋值",,,cet4-all source:ecdict cet4 cet6 cet6-core family:assigned family:assigning family:assigns,2611
assignment,ә'sainmәnt,n.,"n. 分配, 功课, 任务, 转让, 归因, 陈述\n[计] 赋值",,,cet4-all source:ecdict cet4 cet6 cet6-core family:assignments,3128
assist,ә'sist,n.,"n. 帮助, 协助\nvt. 帮助, 促进\nvi. 协助, 参加",,,cet4-all source:ecdict cet4 cet6 family:assisted family:assisting family:assists,2475
assistant,ә'sistәnt,n.,"n. 助手, 助理, 助教\na. 有帮助的, 辅助的, 助理的",,,cet4-all source:ecdict cet4 cet6 family:assistants,2706
associate,ә'sәuʃieit,n.,"n. 同伴, 伙伴, 关联的事物\nvt. 使联合, 使发生联系\nvi. 交往\n[计] 关联",,,cet4-all source:ecdict cet4 cet6 cet6-core family:associated family:associates family:associating,1354
association,ә.sәuʃә'eiʃәn,n.,n. 协会\n[计] 关联,,,cet4-all source:ecdict cet4 cet6 cet6-core family:associations,1859
assume,ә'sju:m,vt.,"vt. 假定, 承担, 呈现\nvi. 装腔作势, 僭越",,,cet4-all source:ecdict cet4 cet6 cet6-core family:assumed family:assuming family:assumes,1091
assure,ә'ʃuә,vt.,"vt. 保证, 使确信, 弄清楚, 担保\n[法] 确信, 保证, 保障",,,cet4-all source:ecdict cet4 cet6 cet6-core family:assured family:assures family:assuring,2571
astonish,ә'stɒniʃ,vt.,vt. 使惊讶,,,cet4-all source:ecdict cet4 family:astonished family:astonishes family:astonishing,12542
astronaut,'æstrәnɒ:t,n.,"n. 太空旅行者, 宇航员\n[法] 美国太空人",,,cet4-all source:ecdict cet4 cet6 family:astronauts,5656
at,æt,prep.,"prep. 在, 向, 对\n[计] 地址转换器, 异常传输, 自动订票",,,cet4-all source:ecdict,22
athlete,'æθli:t,n.,"n. 运动员, 运动选手\n[医] 运动员",,,cet4-all source:ecdict cet4 cet6 cet6-core family:athletes,1600
atlantic,әt'læntik,n.,n. 大西洋\na. 大西洋的,,,cet4-all source:ecdict cet4,
atmosphere,'ætmәsfiә,n.,"n. 大气, 空气, 气氛\n[医] 大气; 大气压",,,cet4-all source:ecdict cet4 cet6 cet6-core family:atmospheres,2217
atmospheric,ætmәs'ferik,adj.,a. 大气的\n[医] 大气的; 大气压的,,,cet4-all source:ecdict cet4 cet6 family:atmospherics,6847
atom,'ætәm,n.,"n. 原子, 核能, 微粒, 微量\n[计] 原子",,,cet4-all source:ecdict cet4 cet6 family:atoms,5184
atomic,ә'tɒmik,adj.,"a. 原子的, 原子能的\n[医] 原子的",,,cet4-all source:ecdict cet4 family:atomics,5438
attach,ә'tætʃ,vt.,"vt. 附上, 使依附, 使附属, 使喜爱, 系, 缚\nvi. 附属, 归属, 联系在一起\n[计] 挂接服务器命令, 关联, 挂接, 附加",,,cet4-all source:ecdict cet4 cet6 cet6-core family:attached family:attaching family:attaches,2320
attack,ә'tæk,n.,"n. 攻击, 抨击\nvt. 攻击, 抨击, 动手干\nvi. 攻击",,,cet4-all source:ecdict cet4 cet6 cet6-core family:attacks family:attacked family:attacking,791
attain,ә'tein,vt.,"vt. 达到, 获得\nvi. 达到",,,cet4-all source:ecdict cet4 cet6 cet6-core family:attained family:attaining family:attains,5323
attempt,ә'tempt,n.,"n. 尝试, 企图\nvt. 尝试, 企图",,,cet4-all source:ecdict cet4 cet6 cet6-core family:attempts family:attempting family:attempted,1227
attend,ә'tend,vt.,"vt. 参加, 照料, 伴随\nvi. 专心于, 照顾, 服侍, 出席",,,cet4-all source:ecdict cet4 family:attending family:attended family:attends,1168
attention,ә'tenʃәn,n.,"n. 注意, 注意力\n[计] 引起注意信号",,,cet4-all source:ecdict cet4 family:attentions,591
attentive,ә'tentiv,adj.,"a. 注意的, 留心的",,,cet4-all source:ecdict cet4 cet6,9473
attitude,'ætitju:d,n.,"n. 态度, 看法, 姿势\n[医] 体态, 姿势, 态度",,,cet4-all source:ecdict cet4 cet6-core family:attitudes,1155
attract,ә'trækt,vt.,"vt. 吸引, 诱惑\nvi. 有吸引力",,,cet4-all source:ecdict cet4 cet6-core family:attracted family:attracts family:attracting,1867
attraction,ә'trækʃәn,n.,"n. 吸引, 吸引人的事物, 吸引力\n[医] 吸引",,,cet4-all source:ecdict cet4 family:attractions,3800
attractive,ә'træktiv,adj.,"a. 吸引人的, 有魅力的\n[法] 有吸引力的, 有迷惑力的",,,cet4-all source:ecdict cet4 cet6-core,2811
attribute,ә'tribju:t,n.,"n. 属性, 标志, 定语\nvt. 把...归于, 认为...属于\n[计] 属性",,,cet4-all source:ecdict cet4 cet6 cet6-core family:attributed family:attributes family:attributing,3346
audience,'ɒ:diәns,n.,"n. 听众, 观众, 读者\n[法] 听讼, 观众, 听众",,,cet4-all source:ecdict cet4 cet6 cet6-core family:audiences,1074
august,ɒ:'gʌst. 'ɒ:gәst,n.,"n. 八月\na. 威严的, 令人敬畏的",,,cet4-all source:ecdict,22206
aunt,ɑ:nt,n.,"n. 阿姨, 姨妈, 舅妈, 姑妈, 伯母",,,cet4-all source:ecdict family:aunts,4166
aural,'ɒ:rәl,adj.,"a. 耳的, 听觉的, 气氛的, 气味的, 光环的\n[医] 耳的; 先兆的",,,cet4-all source:ecdict cet4 cet6,15916
australia,ɒ'streiljә,n.,"n. 澳洲, 澳大利亚",,,cet4-all source:ecdict,
australian,ɒ'streiljәn,n.,"n. 澳大利亚人\na. 澳大利亚的, 澳洲的, 澳洲人的",,,cet4-all source:ecdict family:australians,5172
author,'ɒ:θә,n.,"n. 作家, 作家的著作, 创始人\n[法] 作者, 著作人, 本人",,,cet4-all source:ecdict cet4 cet6 cet6-core family:authors family:authoring family:authored,685
authority,ɒ:'θɒriti,n.,"n. 权力, 当权者, 当局, 权威, 专家\n[经] 代理权, 授权, 权威",,,cet4-all source:ecdict cet4 cet6 cet6-core family:authorities,832
auto,'ɒ:tәu,n.,"n. 汽车\npref. 表示""自己""、""本身"", 表示""自己的"", 表示""自动的""",,,cet4-all source:ecdict cet4 family:autos,3134
automatic,.ɒ:tә'mætik,n.,"n. 自动手枪, 自动机械\na. 自动的, 机械的, 必然的, 无意识的",,,cet4-all source:ecdict cet4 cet6 family:automatics,4045
automation,.ɒ:tә'meiʃәn,n.,"n. 自动化, 自动操作\n[计] 自动学; 自动化",,,cet4-all source:ecdict cet4 cet6 family:automations,13580
automobile,'ɒ:tәmәbi:l,n.,n. 汽车\n[机] 汽车,,,cet4-all source:ecdict cet4 cet6 family:automobiles,4005
autumn,'ɒ:tәm,n.,"n. 秋天, 成熟期",,,cet4-all source:ecdict,5010
auxiliary,ɒ:g'ziljәri,n.,"n. 辅助者, 辅助物, 附属机构, 助动词\na. 辅助的, 备用的",,,cet4-all source:ecdict cet4 cet6 family:auxiliaries,13990
available,ә'veilәbl,adj.,"a. 可利用的, 可获得的, 有效的\n[医] 有效的, 可得的",,,cet4-all source:ecdict cet4 cet6 cet6-core,622
avenue,'ævәnju:,n.,"n. 大街, 途径, 林荫路",,,cet4-all source:ecdict cet4 family:avenues,5320
average,'ævәridʒ,n.,"n. 平均, 平均数, 一般水平, 海损\na. 平均的, 中等的, 平常的\nvt. 算出...平均数, 平均做, 均分, 使平衡\nvi. 平均为, 呈中间色",,,cet4-all source:ecdict cet4 family:averages family:averaging family:averaged,1299
aviation,.eivi'eiʃәn,n.,"n. 航空, 航空学, 飞行术\n[法] 航空, 飞行, 飞行术",,,cet4-all source:ecdict cet4 cet6 cet6-core,7923
avoid,ә'vɒid,vt.,"vt. 避免, 防止, 撤消\n[法] 避免, 回避, 躲开",,,cet4-all source:ecdict cet4 cet6-core family:avoided family:avoiding family:avoids,908
await,ә'weit,vt.,vt. 等候\nvi. 等待着,,,cet4-all source:ecdict cet4 family:awaiting family:awaits family:awaited,3669
awake,ә'weik,adj.,"a. 醒着的\nvt. 唤醒, 唤起, 使意识到\nvi. 醒来, 被唤起, 意识到",,,cet4-all source:ecdict cet4 cet6 family:awoke family:awoken family:awakes family:awaking,4647
award,ә'wɒ:d,n.,"n. 奖品, 裁定, 判决\nvt. 授予, 给予",,,cet4-all source:ecdict cet4 cet6 cet6-core family:awarded family:awards family:awarding,2573
aware,ә'wєә,adj.,"a. 知道的, 有觉悟的",,,cet4-all source:ecdict cet4 cet6-core,1439
away,ә'wei,adv.,adv. 离去,,,cet4-all source:ecdict,269
awful,'ɒ:ful,adj.,"a. 可怕的, 庄严的, 虔敬的",,,cet4-all source:ecdict cet4 cet6,3276
awfully,'ɒ:fuli,adv.,"adv. 恶劣地, 非常地, 极端地",,,cet4-all source:ecdict cet4,8336
awkward,'ɒ:kwәd,adj.,"a. 笨拙的, 棘手的",,,cet4-all source:ecdict cet4 cet6 cet6-core,4992
ax,æks,n.,"n. 斧头\nvt. 用斧削或砍, 削减",,,cet4-all source:ecdict cet4 family:axing family:axes family:axed,11322
axis,'æksis,n.,n. 轴\n[计] 坐标轴,,,cet4-all source:ecdict cet4 cet6 cet6-core,5598
baby,'beibi,n.,n. 婴孩\n[医] 婴儿,,,cet4-all source:ecdict family:babies family:babying family:babied,588
back,bæk,adj.,"a. 后面的\nvt. 使后退, 支持\nvi. 倒退, 背靠\nadv. 向后地\nn. 背部, 后面",,,cet4-all source:ecdict family:backed family:backs family:backing,108
background,'bækgraund,n.,"n. 背景, 背景资料\n[计] 背景, 后台",,,cet4-all source:ecdict cet4 cet6-core family:backgrounds,1402
backward,'bækwәd,adv.,"adv. 向后地, 相反地\na. 向后的, 相反的\n[计] 倒推",,,cet4-all source:ecdict cet4,5204
bacteria,bæk'tiәriә,n.,"pl. 细菌\n[医] 细菌, [无芽胞]杆菌",,,cet4-all source:ecdict cet4 cet6 cet6-core family:bacterium family:s,3611
bad,bæd,adj.,a. 坏的\nn. 坏\nadv. 坏地,,,cet4-all source:ecdict family:worse family:worst,282
badly,'bædli,adv.,"adv. 严重地, 恶劣地, 极度地",,,cet4-all source:ecdict cet4,3111
badminton,'bædmintәn,n.,n. 羽毛球运动,,,cet4-all source:ecdict cet4 cet6,20115
bag,bæg,n.,"n. 袋子, 袋状物\nvt. 使膨大, 装袋, 猎获",,,cet4-all source:ecdict family:bags family:bagged family:bagging,1008
baggage,'bægidʒ,n.,n. 行李\n[经] 行李,,,cet4-all source:ecdict cet4 family:baggages,7286
bake,beik,vt.,"vt. 烘焙, 烤\nvi. 烤面包\nn. 烘焙, 烤",,,cet4-all source:ecdict cet4 family:baking family:baked family:bakes,2810
balance,'bælәns,n.,"n. 平衡, 差额\nvi. 平衡, 相等\nvt. 称, 权衡, 比较, 使平衡, 结算, 抵消",,,cet4-all source:ecdict cet4 family:balanced family:balancing family:balances,1631
ball,bɒ:l,n.,"n. 球, 舞会, 球状物\nv. 捏成球形",,,cet4-all source:ecdict family:balls family:balled family:balling,912
balloon,bә'lu:n,n.,"n. 气球\nvt. 使成气球状\nvi. 膨胀如气球, 激增",,,cet4-all source:ecdict cet4 family:balloons family:ballooned family:ballooning,4774
banana,bә'nɑ:nә,n.,n. 香蕉,,,cet4-all source:ecdict family:bananas,4677
band,bænd,n.,"n. 带子, 队, 乐队\nv. 联合, 结合\n[计] 频带; 波段; 区",,,cet4-all source:ecdict cet4 cet6-core family:bands family:banded family:banding,1277
bang,bæŋ,n.,"n. 重击, 突然巨响, 刘海\nv. 发巨响, 重击\nadv. 砰然地, 突然巨响地, 直接地\n[计] 撞击符",,,cet4-all source:ecdict cet4 cet6 cet6-core family:banging family:banged family:bangs,5069
bank,bæŋk,n.,"n. 银行, 堤, 岸\n[医] 库",,,cet4-all source:ecdict family:banks family:banking family:banked,663
banner,'bænә,n.,"n. 旗帜\na. 显著的, 特别好的",,,cet4-all source:ecdict cet4 family:banners family:bannered,5333
bar,bɑ:,n.,"n. 条, 棒, 酒吧, 栅, 障碍物\nvt. 禁止, 阻挡, 妨碍\n[计] 棒形图",,,cet4-all source:ecdict cet4 family:bars family:barred family:barring,991
barber,'bɑ:bә,n.,n. 理发师,,,cet4-all source:ecdict cet4 family:barbers family:barbered family:barbering,9131
bare,bєә,adj.,"a. 赤裸的, 缺少的, 无遮蔽的, 坦率的\nvt. 使赤裸, 露出",,,cet4-all source:ecdict cet4 family:bared family:barest family:baring family:bares family:barer,3430
bargain,'bɑ:gin,n.,"n. 交易, 买卖协定, 特价商品\nv. 讲价, 交易",,,cet4-all source:ecdict cet4 cet6 cet6-core family:bargains family:bargaining family:bargained,4962
bark,bɑ:k,n.,"n. 树皮, 吠声\nvi. 吠, 叫骂\nvt. 喊出, 剥树皮",,,cet4-all source:ecdict cet4 cet6 family:barked family:barking family:barks,5831
barn,bɑ:n,n.,n. 谷仓\n[化] 靶(恩)(核反应截面单位),,,cet4-all source:ecdict cet4 cet6 family:barns,4108
barrel,'bærәl,n.,n. 桶\nvt. 装入桶内,,,cet4-all source:ecdict cet4 cet6 family:barrels family:barrelled family:barrelling,3084
barrier,'bæriә,n.,"n. 障碍, 栅栏\n[化] 势垒; 阻片; 阻挡层",,,cet4-all source:ecdict cet4 cet6 cet6-core family:barriers,2609
base,beis,n.,"n. 底部, 垒, 基础, 基地\nvt. 以...作基础\na. 卑鄙的, 低劣的\n[计] 基准",,,cet4-all source:ecdict cet4 family:based family:basing family:bases family:baser,536
basic,'beisik,n.,"n. 基本原理, 要素, 基本规律\na. 基本的, 碱性的\n(计算机)BASIC语言",,,cet4-all source:ecdict cet4 family:basics,1144
basically,'beisikli,adv.,"adv. 基本上, 主要地",,,cet4-all source:ecdict cet4,1691
basin,'beisn,n.,"n. 盆, 盆地\n[医] 第三脑室, 骨盆",,,cet4-all source:ecdict cet4 cet6 family:basins,6174
basis,'beisis,n.,"n. 基础, 主要成分\n[化] 基底",,,cet4-all source:ecdict cet4 cet6-core,1307
basket,'bɑ:skit,n.,"n. 篮, 篮子\nvt. 装入篮",,,cet4-all source:ecdict family:baskets,3255
basketball,'bɑ:skitbɒ:l,n.,n. 篮球,,,cet4-all source:ecdict family:basketballs,1799
bat,bæt,n.,"n. 蝙蝠, 球棒\nv. 用球棒打, 眨眼\n[计] 成批",,,cet4-all source:ecdict cet4 family:bats family:batted family:batting,3692
bath,bæθ.bɑ:θ,n.,"n. 沐浴, 浴室\n[医] 浴",,,cet4-all source:ecdict cet4 family:baths family:bathed,3890
bathe,beið,vt.,"vt. 沐浴, 用水洗\nvi. 洗澡",,,cet4-all source:ecdict cet4 family:bathed family:bathes family:bathing,7550
bathroom,'bɑ:θru:m,n.,"n. 浴室, 厕所",,,cet4-all source:ecdict cet4 family:bathrooms,2404
battery,'bætәri,n.,"n. 电池, 殴打\n[化] 蓄电池",,,cet4-all source:ecdict cet4 cet6 family:batteries,3193
battle,'bætl,n.,n. 战役\nv. 战斗,,,cet4-all source:ecdict cet4 cet6 family:battles family:battling family:battled,1199
bay,bei,n.,"n. 海湾, 狗吠声, 月桂\nvt. 吠, 使走投无路\nvi. 吠",,,cet4-all source:ecdict cet4 cet6 family:bays family:baying family:bayed,23460
be,bi:,v.,"v. 是, 表示, 在\n[计] 后端, 总线允许",,,cet4-all source:ecdict family:was family:is family:been family:being,2
beach,bi:tʃ,n.,n. 海滩,,,cet4-all source:ecdict cet4 family:beaches family:beached family:beaching,1937
beam,bi:m,n.,"n. 横梁, 杆, 光线, 容光焕发\nvi. 用梁支承, 微笑, 射出光线\nvt. 照耀, 感到欣喜\n[计] 束",,,cet4-all source:ecdict cet4 cet6 cet6-core family:beams family:beamed family:beaming,3741
bean,bi:n,n.,n. 豆子\n[化] 油嘴; 豆,,,cet4-all source:ecdict cet4 cet6 family:beans,2352
bear,bєә,n.,"n. 熊\nvt. 忍受, 支承, 产生, 怀有, 通过卖空使跌价\nvi. 忍受, 结果实, 压挤, 行进, 转向",,,cet4-all source:ecdict family:born family:bearing family:bore family:bears,1619
beard,biәd,n.,"n. 胡须\nvt. 抓住胡须, 公开反对",,,cet4-all source:ecdict cet4 family:beards family:bearding family:bearded,4690
beast,bi:st,n.,"n. 畜生, 动物, 野兽, 兽性",,,cet4-all source:ecdict cet4 family:beasts,4428
beat,bi:t,n.,"n. 心跳(声), 打, 敲打声, 拍子\nv. 打, 拍打, 打败\na. 疲乏的, 颓废的\nbeat的过去式\n[计] 拍; 节拍",,,cet4-all source:ecdict family:beat family:pd family:beaten family:beating family:beats,1036
beautiful,'bju:tiful,adj.,a. 美丽的,,,cet4-all source:ecdict,992
beauty,'bju:ti,n.,"n. 美, 美人",,,cet4-all source:ecdict cet4 family:beauties,1724
because,bi'kɒ:z,conj.,conj. 因为,,,cet4-all source:ecdict,89
become,bi'kʌm,vi.,"vi. 变成, 变得\nvt. 适合",,,cet4-all source:ecdict family:became family:become family:d family:becomes family:becoming,139
bed,bed,n.,"n. 床, 睡眠处, 河床, 底座, 路基, 一层\nvt. 提供宿处, 栽种, 安装\nvi. 睡, 形成坚实的一层",,,cet4-all source:ecdict family:beds family:bedded family:bedding,683
bee,bi:,n.,"n. 蜜蜂, 聚会",,,cet4-all source:ecdict cet4 family:bees,4247
beef,bi:f,n.,"n. 牛肉, 肌肉\nvt. 养(牛), 宰(牛)\nvi. 抱怨, 告发",,,cet4-all source:ecdict family:beefed family:beefing family:beefs,3505
beer,biә,n.,n. 啤酒\n[化] 啤酒,,,cet4-all source:ecdict family:beers,1902
before,bi'fɒ:,prep.,prep. 在...之前\nconj. 在...之前\nadv. 在前,,,cet4-all source:ecdict,219
beg,beg,v.,"v. 乞求, 乞讨, 请求",,,cet4-all source:ecdict cet4 family:begging family:begged family:begs,3452
beggar,'begә,n.,"n. 乞丐\nvt. 使贫穷, 使成乞丐",,,cet4-all source:ecdict cet4 cet6 family:beggars family:beggaring family:beggared,11674
begin,bi'gin,v.,v. 开始\n[计] 开始,,,cet4-all source:ecdict family:began family:beginning family:begun family:begins,164
beginner,bi'ginә,n.,n. 初学者,,,cet4-all source:ecdict cet4 family:beginners,8837
beginning,bi'giniŋ,n.,n. 开始,,,cet4-all source:ecdict cet4 cet6 family:begin family:i family:beginnings family:beginning,1200
behalf,bi'hɑ:f,n.,"n. 利益, 方面",,,cet4-all source:ecdict cet4 cet6,4434
behave,bi'heiv,vi.,"vi. 举止端正, 行为规矩\nvt. 检点(自己的)行为, 使表现好",,,cet4-all source:ecdict cet4 cet6 cet6-core family:behaving family:behaved family:behaves,3660
behavior,bi'heivjә,n.,"n. 行为, 举止\n[医] 行为",,,cet4-all source:ecdict cet4 cet6 cet6-core family:behaviors,658
behind,bi'haind,adv.,adv. 在后地\nprep. 在...背后,,,cet4-all source:ecdict,421
being,'bi:iŋ,n.,"n. 存在, 性质, 生命, 人, 生物, be的现在分词",,,cet4-all source:ecdict cet4 family:i family:be family:beings,1676
belief,bi'li:f,n.,"n. 信念, 相信, 信仰",,,cet4-all source:ecdict cet4 family:beliefs,1378
believe,bi'li:v,v.,v. 相信,,,cet4-all source:ecdict family:believed family:believes family:believing,212
bell,bel,n.,"n. 铃, 钟\n[计] 响铃命令",,,cet4-all source:ecdict family:bells family:belled family:belling,2646
belong,bi'lɒŋ,vi.,"vi. 属于, 合适",,,cet4-all source:ecdict cet4 family:belonging family:belonged family:belongs,1639
beloved,bi'lʌvd,adj.,a. 心爱的\nn. 心爱的人,,,cet4-all source:ecdict cet4 family:beloveds,4947
below,bi'lәu,prep.,prep. 在下面\nadv. 在下面,,,cet4-all source:ecdict,1450
belt,belt,n.,"n. 带子, 地带\n[医] 带, 腰带, 束带, 地带, 区",,,cet4-all source:ecdict cet4 family:belts family:belted family:belting,2430
bench,bentʃ,n.,n. 长椅子\n[机] 台,,,cet4-all source:ecdict cet4 cet6 family:benches family:benched family:benching,2782
bend,bend,vi.,"vi. 变弯曲, 屈服\nvt. 使弯曲, 使屈服\nn. 弯曲",,,cet4-all source:ecdict cet4 cet6 family:bent family:bending family:bends,2194
beneath,bi'ni:θ,prep.,prep. 在...下方\nadv. 在...下方,,,cet4-all source:ecdict cet4,1977
beneficial,.beni'fiʃәl,adj.,"a. 有益的, 受益的\n[经] 有使用权的, 可享利益的",,,cet4-all source:ecdict cet4 cet6-core,4991
benefit,'benifit,n.,n. 利益\nvt. 有益于\nvi. 受益,,,cet4-all source:ecdict cet4 cet6 cet6-core family:benefits family:benefited family:benefiting,812
berry,'beri,n.,n. 浆果\nvi. 采集浆果,,,cet4-all source:ecdict cet4 family:berries family:berried family:berrying,6096
beside,bi'said,prep.,prep. 在旁边,,,cet4-all source:ecdict,1981
besides,bi'saidz,prep.,"prep. 除...之外\nadv. 而且, 此外",,,cet4-all source:ecdict cet4,3012
best,best,adj.,a. 最好的\nadv. 最好地\nn. 最好的人,,,cet4-all source:ecdict family:good family:t family:best family:bests family:bested family:besting,309
bet,bet,n.,"n. 打赌, 赌注\nv. 打赌",,,cet4-all source:ecdict cet4 family:bets family:betting family:bet family:pd,2699
betray,bi'trei,vt.,"vt. 出卖, 背叛, 辜负, 暴露\n[法] 出卖, 背叛, 泄漏",,,cet4-all source:ecdict cet4 cet6 cet6-core family:betrayed family:betraying family:betrays,4974
better,'betә,adj.,a. 较好的\nadv. 比较好,,,cet4-all source:ecdict family:good family:r family:bettered family:betters family:bettering,452
between,bi'twi:n,prep.,prep. 在...之间,,,cet4-all source:ecdict,140
beyond,bi'jɒnd,prep.,"prep. 超过, 在那一边, 迟于\nadv. 在远处\nn. 更远处",,,cet4-all source:ecdict cet4 cet6-core,746
bible,'baibl,n.,n. 圣经,,,cet4-all source:ecdict cet4 family:bibles,2742
bicycle,'baisikl,n.,n. 自行车,,,cet4-all source:ecdict cet4 family:bicycles family:bicycled family:bicycling,4366
big,big,adj.,"a. 大的, 重要的\nadv. 大量地",,,cet4-all source:ecdict family:biggest family:bigger,162
bike,baik,n.,"n. 自行车, 脚踏车",,,cet4-all source:ecdict family:bikes family:biking family:biked,2163
bill,bil,n.,"n. 帐单, 清单, 钞票, 鸟嘴, 广告, 法案, 票据\nvt. 开帐单, (用招贴)宣布",,,cet4-all source:ecdict cet4 family:bills family:billed family:billing,8026
billion,'biljәn,num.,"num. 十亿, 十亿个",,,cet4-all source:ecdict cet4 cet6,612
bind,baind,vt.,"vt. 绑, 约束, 装订, 包扎, 使结合\nvi. 凝固, 有约束力\n[计] 赋值, 绑定",,,cet4-all source:ecdict cet4 family:bound family:binding family:binds,2496
biology,bai'ɒlәdʒi,n.,n. 生物学\n[化] 生物; 生物学,,,cet4-all source:ecdict cet4,4226
bird,bә:d,n.,"n. 鸟, 羽毛球\nvi. 打鸟",,,cet4-all source:ecdict family:birds family:birding family:birded,1122
birth,bә:θ,n.,"n. 出生, 起源\n[医] 生产, 分娩",,,cet4-all source:ecdict cet4 family:births family:birthing family:birthed,1499
birthday,'bә:θdei,n.,n. 生日,,,cet4-all source:ecdict family:birthdays,2433
biscuit,'biskit,n.,n. 饼干\n[化] 素坯; 饼干,,,cet4-all source:ecdict cet4 family:biscuits,8068
bit,bit,n.,"n. 少量, 马嚼子, 辅币\nvt. 给马上嚼子, 控制\nbite的过去式和过去分词\n[计] 比特, 二进制数位, 机内测试",,,cet4-all source:ecdict family:bits family:bite family:pd,952
bite,bait,n.,"n. 咬, 一口\nv. 咬, 刺痛, 穿透",,,cet4-all source:ecdict cet4 family:bit family:biting family:bites,3153
bitter,'bitә,adj.,"a. 苦的, 痛苦的, 怀恨的\nadv. 刺骨\nv. (使)变苦",,,cet4-all source:ecdict cet4 family:bitters family:bittering family:bittered,3580
bitterly,'bitәli,adv.,"adv. 怨恨地, 悲痛地, 残酷地",,,cet4-all source:ecdict cet4,8508
black,blæk,n.,"n. 黑色, 黑颜料\na. 黑色的",,,cet4-all source:ecdict family:blacks family:blacked family:blacker family:blackest family:blacking,253
blackboard,'blækbɒ:d,n.,n. 黑板,,,cet4-all source:ecdict family:blackboards,13322
blade,bleid,n.,"n. 叶片, 刀锋, 刀口, 剑\n[医] 页[片], 叶片, 刀片, 刀刃, 刀口",,,cet4-all source:ecdict cet4 cet6 family:blades family:bladed,3148
blame,bleim,n.,"n. 过失, 责备\nvt. 责备, 归咎于",,,cet4-all source:ecdict cet4 cet6 family:blamed family:blaming family:blames,1797
blank,blæŋk,n.,"n. 空格, 空白\na. 空白的, 空虚的, 完全的, 无色的\nvi. 消失, 成为空白\nvt. 使无效, 取消, 封锁\n[计] 空白",,,cet4-all source:ecdict cet4 cet6-core family:blanks family:blanked family:blanking family:blanker,4578
blanket,'blæŋkit,n.,"n. 毛毯, 毯子\nvt. 掩盖, 覆盖\na. 总共的",,,cet4-all source:ecdict cet4 family:blankets family:blanketed family:blanketing,3306
blast,blæst,n.,"n. 一阵风, 爆炸, 枯萎病\nvt. 炸, 使枯萎\nvi. 炸, 猛攻, 猛烈抨击, 枯萎",,,cet4-all source:ecdict cet4 cet6 family:blasted family:blasting family:blasts,4739
blaze,bleiz,n.,"n. 火焰, 烈火, 光辉\nvi. 燃烧, 发光\nvt. 使燃烧, 宣布, 在树皮上刻痕",,,cet4-all source:ecdict cet4 cet6 cet6-core family:blazing family:blazed family:blazes,8056
bleed,bli:d,vi.,"vi. 流血, 悲痛, 渗出\nvt. 使出血, 榨取",,,cet4-all source:ecdict cet4 cet6 cet6-core family:bleeding family:bleeds family:bled,5218
blend,blend,vt.,vt. 混合\nn. 混合,,,cet4-all source:ecdict cet4 cet6 family:blending family:blended family:blends,3914
bless,bles,vt.,"vt. 祝福, 祈佑, 使神圣化",,,cet4-all source:ecdict cet4 cet6 family:blessed family:blessing family:blesses,4161
blind,blaind,n.,"n. 蒙蔽物, 窗帘\na. 盲目的, 瞎的, 不加思考的\nvt. 使失明, 蒙蔽, 遮暗\nadv. 盲目地",,,cet4-all source:ecdict cet4 cet6 family:blinds family:blinded family:blinder family:blinding,2716
block,blɒk,n.,"n. 街区, 木块, 石块, 块\nvt. 阻塞, 封锁, 使成块状\n[计] 块, 数据块",,,cet4-all source:ecdict family:blocks family:blocked family:blocking,1314
blood,blʌd,n.,"n. 血, 血统, 流血, 气质, 生命\nvt. 使出血, 用血涂",,,cet4-all source:ecdict cet4 family:bloods family:blooded family:blooding,692
bloom,blu:m,n.,"n. 花, 开花, 青春, 钢块\nvi. 开花, 焕发青春, 茂盛\nvt. 使茂盛, 把...轧成钢坯",,,cet4-all source:ecdict cet4 cet6 family:blooms family:bloomed family:blooming,6582
blossom,'blɒsәm,n.,"n. 花, 花开的状态, 兴旺期\nvi. 开花, 兴旺, 发展",,,cet4-all source:ecdict cet4 cet6 cet6-core family:blossoms family:blossomed family:blossoming,6437
blow,blәu,n.,"n. 吹, 打击, 殴打, 花开\nv. 吹, 风吹, 吹响, 开花",,,cet4-all source:ecdict family:blew family:blown family:blowing family:blows,1414
blue,blu:,n.,"n. 蓝色\na. 蓝色的, 下流的, 忧郁的\nvt. 染成蓝色\nvi. 变蓝",,,cet4-all source:ecdict family:blues family:bluing family:blued,842
board,bɒ:d,n.,"n. 木板, 甲板, 膳食, 会议桌\nvt. 乘船, 供膳食, 用板覆盖\nvi. 搭伙\n[计] 板",,,cet4-all source:ecdict cet4 cet6 family:boards family:boarded family:boarding,667
boast,bәust,n.,"n. 吹牛\nvi. 吹牛, 自夸\nvt. 夸口说, 自恃有",,,cet4-all source:ecdict cet4 cet6 family:boasts family:boasted family:boasting,4534
boat,bәut,n.,n. 船\nvi. 乘船\nvt. 以船运,,,cet4-all source:ecdict family:boats family:boating family:boated,1231
body,'bɒdi,n.,"n. 身体, 人, 尸体, 主要部分, 团体\nvt. 赋以形体\n[计] 体",,,cet4-all source:ecdict family:bodies family:bodying family:bodied,313
boil,bɒil,n.,"n. 煮沸, 沸腾, 疖\nv. 煮沸, 激动",,,cet4-all source:ecdict cet4 family:boiling family:boiled family:boils,4258
bold,bәuld,adj.,a. 大胆的\nn. 粗体\n[计] 粗体,,,cet4-all source:ecdict cet4 cet6 family:bolder family:boldest,3897
bolt,bәult,n.,"n. 门闩, 螺钉, 筛子, 闪电, 意外事件\nvt. 闩住, 发射, 脱口而出, 筛, 囫囵吞下\nvi. 囫囵吞枣, 射箭, 脱缰, 退出党派\nadv. 突然",,,cet4-all source:ecdict cet4 cet6 family:bolts family:bolted family:bolting,4899
bomb,bɒm,n.,"n. 炸弹\nvt. 轰炸, 投弹于\nvi. 失败",,,cet4-all source:ecdict cet4 cet6 family:bombs family:bombed family:bombing,1992
bond,bɒnd,n.,"n. 捆绑物, 结合, 债券, 契约, 粘合剂, 保证人, 键, 关栈保留\nvt. 存入关栈, 使黏合\nvi. 结合",,,cet4-all source:ecdict cet4 cet6 family:bonds family:bonded family:bonding,1880
bone,bәun,n.,"n. 骨头, 骨, 骨制品\nvt. 剔骨\nvi. 专心致志",,,cet4-all source:ecdict cet4 family:bones family:boning family:boned,1443
book,buk,n.,"n. 书, 书籍, 帐簿, 名册, 工作簿\nv. 登记, 预订\n[计] 工作簿",,,cet4-all source:ecdict family:books family:booked family:booking,241
boot,bu:t,n.,"n. 长靴, 踢, 解雇, 效用\nvt. 使穿靴, 踢, 解雇, 有用\n[计] 引导, 自举",,,cet4-all source:ecdict cet4 family:boots family:booted family:booting,2347
booth,bu:θ,n.,"n. 亭, 摊棚\n[经] 货摊, 电话间",,,cet4-all source:ecdict cet4 cet6 cet6-core family:booths,4300
border,'bɒ:dә,n.,"n. 边缘, 边境, 边界, 花坛\nvt. 在...上镶边, 接近\nvi. 接界, 近似\n[计] 边框",,,cet4-all source:ecdict cet4 cet6-core family:borders family:bordering family:bordered,1344
bore,bɒ:,n.,"n. 令人讨厌的人, 激浪, 枪膛, 孔\nvt. 使烦扰, 钻孔\nvi. 钻孔\nbear的过去式\n[计] 内径; 孔径",,,cet4-all source:ecdict cet4 cet6 family:bear family:p family:boring family:bored family:bores,4946
born,bɒ:n,adj.,a. 天生的\nbear的过去分词,,,cet4-all source:ecdict cet4 family:bear family:d family:born family:borning,1088
borrow,'bɒrәu,vt.,"vt. 借, 借入, 借用\nvi. 借\n[计] 借位; 借位数",,,cet4-all source:ecdict family:borrowed family:borrowing family:borrows,3214
bosom,'buzәm,n.,"n. 胸部, 胸, 胸怀, 内部, 中间\nvt. 怀抱",,,cet4-all source:ecdict cet4 cet6 family:bosoms family:bosoming family:bosomed,12630
boss,bɒs,n.,"n. 老板, 上司, 岩瘤, 浮雕, 母牛\nvt. 指挥, 控制, 浮雕",,,cet4-all source:ecdict cet4 family:bosses family:bossing family:bossed,2324
both,bәuθ,adj.,a. 两者的\nadv. 两者都\npron. 两者,,,cet4-all source:ecdict,255
bother,'bɒðә,vt.,"vt. 烦扰, 迷惑\nvi. 烦恼, 操心\nn. 麻烦, 纠纷, 讨厌的人",,,cet4-all source:ecdict family:bothered family:bothering family:bothers,2189
bottle,'bɒtl,n.,"n. 瓶子, 酒瓶\nvt. 装瓶, 抑制, 围困",,,cet4-all source:ecdict family:bottles family:bottled family:bottling,1740
bottom,'bɒtәm,n.,"n. 底部\na. 底部的\nvt. 给...装底, 查明真相\nvi. 到达底部, 建立基础",,,cet4-all source:ecdict cet4 family:bottoms family:bottoming family:bottomed,1511
bough,bau,n.,n. 大树枝,,,cet4-all source:ecdict cet4 cet6 family:boughs family:boughing,15790
bounce,bauns,n.,"n. 跳, 跳跃, 弹力, 撞击\nvi. 反跳, 弹跳\nvt. 使跳回, 撞击\n[计] 打回",,,cet4-all source:ecdict cet4 cet6 cet6-core family:bounced family:bouncing family:bounces,3792
bound,baund,n.,"n. 跃, 回跳, 范围, 边界\na. 受约束的, 装有封面的, 有义务的, 关联的, 被束缚的, 准备去...的, 便秘的\nvi. 跳跃, 弹起\nvt. 使跳, 限制, 形成...的疆界\nbind过去式和过去分词\n[计] 装订的",,,cet4-all source:ecdict cet4 cet6 cet6-core family:bind family:dp family:bounds family:bounded family:bounding family:bound,8004
boundary,'baundri,n.,"n. 边界, 分界线\n[计] 边界",,,cet4-all source:ecdict cet4 cet6 family:boundaries,2776
bow,bәu.bau,n.,"n. 弓, 眼睛框\nv. 用弓拉琴, 弯成弓形\nn. 鞠躬, 屈服",,,cet4-all source:ecdict cet4 cet6 family:bowed family:bows family:bowing,4098
bowl,bәul,n.,"n. 碗, 木球, 大酒杯\nv. 滚木球, 快而稳地行驶",,,cet4-all source:ecdict cet4 family:bowls family:bowled family:bowling,1829
box,bɒks,n.,"n. 盒子, 箱, 方框, 一巴掌\nvt. 装...入盒中, 装箱, 打耳光\nvi. 拳击\n[计] 方框",,,cet4-all source:ecdict family:boxes family:boxed family:boxing,795
boy,bɒi,n.,"n. 男孩\n[法] 男孩, 少年, 儿子",,,cet4-all source:ecdict family:boys,382
brain,brein,n.,n. 脑\nvt. 打碎脑部,,,cet4-all source:ecdict cet4 family:brains family:braining family:brained,1189
brake,breik,n.,"n. 刹车, 阻碍, 丛林\nv. 刹车",,,cet4-all source:ecdict cet4 family:brakes family:braked family:braking,4693
branch,bræntʃ,n.,"n. 树枝, 支店, 支流, 分部\nvi. 分支, 出枝\nvt. 分割, 用枝状叶脉刺绣花纹装饰\n[计] 分支, 目录分支",,,cet4-all source:ecdict cet4 family:branches family:branching family:branched,1807
brand,brænd,n.,"n. 商标, 牌子, 烙印\nvt. 打烙印于",,,cet4-all source:ecdict cet4 cet6 cet6-core family:brands family:branded family:branding,2570
brandy,'brændi,n.,n. 白兰地酒\n[化] 白兰地,,,cet4-all source:ecdict cet4 cet6 family:brandies,10392
brass,bræs.brɑ:s,n.,"n. 黄铜, 黄铜制品\na. 黄铜的, 铜管乐器的\nv. 镀以黄铜, 支付",,,cet4-all source:ecdict cet4 family:brasses family:brassed,4968
brave,breiv,adj.,"a. 勇敢的, 美好的, 华丽的\nn. 勇敢者\nvt. 勇敢地面对",,,cet4-all source:ecdict cet4 family:braved family:braver family:bravest family:braving family:braves,4854
bread,bred,n.,"n. 面包, 生计, 食物\nvt. 裹以面包屑",,,cet4-all source:ecdict family:breads family:breading family:breaded,2113
breadth,bredθ,n.,"n. 宽度\n[法] 违背, 违犯, 未遵守",,,cet4-all source:ecdict cet4 cet6,9348
break,breik,n.,"n. 休息, 中断, 破裂处, 绝交, 破晓, 突变\nvt. 打破, 弄破, 弄坏, 破坏, 违反, 打断, 削弱, 放弃\nvi. 破碎, 决裂, 破晓, 突变, 变弱, 暂停\nn. 分隔符\n[计] 分隔符; 中断; DOS内部命令:设定扫描中断按键的时机",,,cet4-all source:ecdict family:broke family:broken family:breaking family:breaks,494
breakfast,'brekfәst,n.,n. 早餐,,,cet4-all source:ecdict family:breakfasts family:breakfasted family:breakfasting,2382
breast,brest,n.,"n. 胸部, 乳房, 胸怀\nvt. 以胸对着, 面对",,,cet4-all source:ecdict cet4 cet6 family:breasts family:breasted family:breasting,1652
breath,breθ,n.,"n. 呼吸, 气息, 瞬间\n[医] 呼气, 呵气, 口气, 呼吸",,,cet4-all source:ecdict cet4 family:breaths,1628
breathe,bri:ð,vi.,"vi. 呼吸, 生存, 低语\nvt. 呼吸, 使喘息, 发散, 低声说",,,cet4-all source:ecdict cet4 family:breathing family:breathed family:breathes,2264
breed,bri:d,n.,"n. 种类, 品种\nv. 养育, 引起, 饲养, 繁殖",,,cet4-all source:ecdict cet4 cet6 cet6-core family:breeds family:bred family:breeding,5698
breeze,bri:z,n.,"n. 微风, 煤屑, 轻而易举的事\nvi. 吹微风, 逃走",,,cet4-all source:ecdict cet4 cet6 family:breezes family:breezed family:breezing,4284
brick,brik,n.,"n. 砖块, 积木\na. 用砖做的\nvt. 用砖造, 用砖砌",,,cet4-all source:ecdict cet4 family:bricks family:bricked family:bricking,3315
bridge,bridʒ,n.,"n. 桥, 舰桥, 桥梁, 桥牌\nvt. 架桥于, 跨越\n[计] 桥, 网桥, 桥接器",,,cet4-all source:ecdict family:bridges family:bridged family:bridging,1687
brief,bri:f,n.,"n. 摘要, 简报\na. 简短的, 短暂的\nvt. 对...作简报, 摘要, 节录",,,cet4-all source:ecdict cet4 cet6-core family:briefed family:briefs family:briefing family:briefest family:briefer,2146
bright,brait,adj.,"a. 明亮的, 聪明的, 鲜明的, 欢快的\nadv. 明亮地, 欢快地",,,cet4-all source:ecdict family:brighter family:brightest,1308
brighten,'braitn,vi.,"vi. 变亮, 活跃\nvt. 使生辉, 使快活",,,cet4-all source:ecdict cet4 family:brightened family:brightening family:brightens,7814
brilliant,'briljәnt,adj.,"a. 光辉的, 灿烂的, 有才气的\n[机] 亮的",,,cet4-all source:ecdict cet4 cet6-core family:brilliants,3159
brim,brim,n.,"n. 边, 边缘, (河)边\nvt. 注满, 使满溢\nvi. 满溢",,,cet4-all source:ecdict cet4 cet6 family:brimming family:brimmed family:brims,12307
bring,briŋ,vt.,"vt. 带来, 产生, 促使, 提出\nvi. 生产",,,cet4-all source:ecdict family:brought family:bringing family:brings,215
brisk,brisk,adj.,"a. 强烈的, 寒冷而干燥的, 活泼的\nvt. 使活泼\nvi. 活跃起来",,,cet4-all source:ecdict cet4 cet6 cet6-core family:brisker family:brisking family:briskest,9149
bristle,'brisl,n.,"n. 刚毛, 猪鬃\nvi. 直立, 发怒, 充满\nvt. 使直立",,,cet4-all source:ecdict cet4 cet6 family:bristles family:bristling family:bristled,11066
britain,'britәn,n.,n. 英国,,,cet4-all source:ecdict,
british,'britiʃ,adj.,"a. 英国的\nn. 英国人, 英国英语",,,cet4-all source:ecdict,1183
brittle,'britl,adj.,"a. 易碎的, 脆弱的, 易坏的\n[机] 脆的, 脆性的, 易碎的",,,cet4-all source:ecdict cet4 cet6 family:brittling,10220
broad,brɒ:d,adj.,"a. 宽广的, 辽阔的, 广大的, 显著的\nadv. 宽阔地\nn. 宽阔部分",,,cet4-all source:ecdict cet4 family:broader family:broadest family:broads,1404
broadcast,'brɒ:dkæst,n.,"n. 广播, 传播\na. 广播的\nv. 广播\nadv. 经广播, 四散地\n[计] 广播命令, 广播",,,cet4-all source:ecdict cet4 family:broadcasts family:broadcast family:dp family:broadcasting,3617
broken,'brәukәn,adj.,"a. 坏掉的, 打破的, 断掉的\nbreak的过去分词",,,cet4-all source:ecdict cet4 family:break family:d family:broken,2694
bronze,brɒnz,n.,"n. 青铜, 铜像\na. 青铜色的",,,cet4-all source:ecdict cet4 cet6 cet6-core family:bronzes family:bronzing family:bronzed,4926
brood,bru:d,n.,"n. 一窝, 一伙\nvt. 孵, 沉思",,,cet4-all source:ecdict cet4 cet6 cet6-core family:brooded family:broods family:brooding,14517
brook,bruk,n.,n. 小溪\nvt. 容忍,,,cet4-all source:ecdict cet4 cet6 family:brooks family:brooked family:brooking,22189
broom,bru:m,n.,"n. 扫帚, 金雀花\nvt. 扫除",,,cet4-all source:ecdict cet4 cet6 family:brooms,9418
brother,'brʌðә,n.,n. 兄弟,,,cet4-all source:ecdict family:brothers,614
brow,brau,n.,"n. 眉毛, 额\n[医] 额, 眉, 睫毛",,,cet4-all source:ecdict cet4 family:brows,5800
brown,braun,n.,n. 褐色\na. 褐色的\nv. (使)变褐色,,,cet4-all source:ecdict family:browns family:browned family:browner family:browning,1769
bruise,bru:z,n.,"n. 青肿, 挫伤, 擦伤\nvi. 受伤, 擦伤\nvt. 使受伤, 研碎",,,cet4-all source:ecdict cet4 cet6 cet6-core family:bruises family:bruised family:bruising,7621
brush,brʌʃ,n.,"n. 刷子, 毛笔, 争吵\nvt. 刷\nvi. 擦过, 掠过\n[计] 电刷",,,cet4-all source:ecdict family:brushed family:brushing family:brushes,3223
brute,bru:t,n.,"n. 畜生, 残忍或好色之人\na. 残忍的, 无理性的, 畜生的",,,cet4-all source:ecdict cet4 cet6 family:brutes,11905
bubble,'bʌbl,n.,"n. 泡沫\nvi. 冒泡, 沸腾\nvt. 使冒泡, 滔滔不绝地说",,,cet4-all source:ecdict cet4 family:bubbles family:bubbling family:bubbled,4104
bucket,'bʌkit,n.,n. 桶\n[计] 存储桶; 桶,,,cet4-all source:ecdict cet4 cet6 family:buckets family:bucketing family:bucketed,4812
bud,bʌd,n.,"n. 芽, 花蕾\nvi. 发芽, 萌芽\nvt. 使发芽",,,cet4-all source:ecdict cet4 cet6 cet6-core family:buds family:budding family:budded,6961
build,bild,v.,"v. 建立, 建筑\nn. 构造, 体格",,,cet4-all source:ecdict family:built family:building family:builds,408
building,'bildiŋ,n.,"n. 建筑物, 建筑\n[法] 营造, 建筑, 建筑物",,,cet4-all source:ecdict family:build family:i family:buildings family:building,501
bulb,bʌlb,n.,"n. 球茎, 电灯泡\n[医] 球, 鳞茎, 球茎",,,cet4-all source:ecdict cet4 cet6 family:bulbs,4901
bulk,bʌlk,n.,"n. 大小, 体积, 大块, 大多数\nvt. 显得大, 显得重要",,,cet4-all source:ecdict cet4 cet6 cet6-core family:bulked family:bulking family:bulks,4660
bull,bul,n.,"n. 公牛\n[法] 买方, 买空者",,,cet4-all source:ecdict cet4 cet6 cet6-core family:bulls family:bulling family:bulled,4207
bullet,'bulit,n.,"n. 子弹\n[医] 弹, 子弹, 距节(马)",,,cet4-all source:ecdict cet4 family:bullets,2739
bunch,bʌntʃ,n.,"n. 串, 束\n[医] 骨肿块(马)",,,cet4-all source:ecdict cet4 cet6 family:bunches family:bunched family:bunching,2658
bundle,'bʌndl,n.,"n. 捆, 束\nvt. 包扎, 胡乱塞进\nvi. 匆忙离开",,,cet4-all source:ecdict cet4 cet6 family:bundles family:bundled family:bundling,6005
burden,'bә:dn,n.,"n. 负担, 重载, 担子, 责任\nvt. 装货于, 烦扰, 使负担",,,cet4-all source:ecdict cet4 cet6 cet6-core family:burdens family:burdened family:burdening,2665
bureau,'bjuәrәu,n.,"n. 局, 办公处\n[经] 局, 司, 处",,,cet4-all source:ecdict cet4 cet6 family:bureaux,3753
burn,bә:n,vt.,"vt. 烧, 烧毁, 烧伤\nvi. 燃烧, 发热, 烧毁\nn. 烧伤, 烙印",,,cet4-all source:ecdict cet4 cet6 family:burnt family:burning family:burned family:burns,1422
burst,bә:st,n.,"n. 破裂, 突发, 爆发\nv. 爆裂, 突发, 充满\n[计] 二进制位组; 字符组; 脉冲串",,,cet4-all source:ecdict cet4 cet6 family:burst family:pd family:bursting family:bursts,3560
bury,'beri,vt.,"vt. 埋葬, 埋藏",,,cet4-all source:ecdict cet4 family:buried family:burying family:buries,2398
bus,bʌs,n.,n. 公共汽车\n[计] 总线; 汇流条; 母线,,,cet4-all source:ecdict family:buses family:bussing family:bussed family:busses,1453
bush,buʃ,n.,n. 矮树丛\n[化] 管衬,,,cet4-all source:ecdict cet4 family:bushes family:bushed family:bushing,34013
business,'biznis,n.,"n. 生意, 事情, 业务, 商业, 商行, 职责\n[经] 企业, 商业, 营业",,,cet4-all source:ecdict cet4 cet6 family:businesses,246
busy,'bizi,adj.,"a. 忙碌的, 热闹的, 没空的\nvt. 使忙\nvi. 忙碌\n[计] 忙; 忙碌",,,cet4-all source:ecdict family:busiest family:busied family:busier family:busying family:busies,1924
but,bʌt,prep.,prep. 除了\nconj. 但是\nadv. 仅仅,,,cet4-all source:ecdict,23
butcher,'butʃә,n.,"n. 屠夫, 肉商, 小贩\nvt. 屠宰, 屠杀",,,cet4-all source:ecdict cet4 cet6 family:butchered family:butchering family:butchers,8421
butter,'bʌtә,n.,"n. 奶油, 黄油\nvt. 涂黄油于",,,cet4-all source:ecdict cet4 family:buttered family:buttering family:butters,2402
butterfly,'bʌtәflai,n.,"n. 蝴蝶\n[医] 蝶式棉块, 翼形皮癣, 纸蝶",,,cet4-all source:ecdict cet4 family:butterflies family:butterflying family:butterflied,4923
button,'bʌtәn,n.,"n. 钮扣, 按钮\nvi. 扣住\nvt. 钉钮扣于, 扣紧\n[计] 按钮",,,cet4-all source:ecdict cet4 cet6 family:buttons family:buttoned family:buttoning,2645
buy,bai,vt.,"vt. 买, 获得\nvi. 买\nn. 购买, 买得的东西",,,cet4-all source:ecdict family:bought family:buying family:buys,397
by,bai,prep.,"prep. 被, 经, 由, 在...之旁\nadv. 经过, 在近处",,,cet4-all source:ecdict,30
cabbage,'kæbidʒ,n.,"n. 卷心菜\n[医] 卷心菜, 甘兰",,,cet4-all source:ecdict cet4 family:cabbages family:cabbaging family:cabbaged,6982
cabin,'kæbin,n.,"n. 小屋, 客舱\nvt. 关在小屋",,,cet4-all source:ecdict cet4 cet6 cet6-core family:cabins family:cabining family:cabined,3152
cabinet,'kæbinit,n.,"n. 橱柜, 内阁\na. 内阁的, 细木工做的\n[计] 机柜",,,cet4-all source:ecdict cet4 cet6 cet6-core family:cabinets,2693
cable,'keibl,n.,"n. 电缆, 海底电报, 缆, 索\nvi. 打海底电报\nvt. 发海底电报, 缚住\n[计] 电缆",,,cet4-all source:ecdict cet4 cet6 cet6-core family:cables family:cabled family:cabling,2003
cafe,kɑ:'fei,n.,"n. 咖啡馆, 酒店",,,cet4-all source:ecdict cet4 cet6 family:cafes,5837
cafeteria,.kæfi'tiәriә,n.,n. 自助餐厅\n[经] 自助餐厅,,,cet4-all source:ecdict cet4 cet6 cet6-core family:cafeterias,7076
cage,keidʒ,n.,"n. 笼, 牢房, 战俘营\nvt. 关进笼内",,,cet4-all source:ecdict cet4 cet6 family:cages family:caged family:caging,4143
cake,keik,n.,"n. 蛋糕, 块, 饼\nvt. 使结块, 加块状物于\nvi. 结块",,,cet4-all source:ecdict cet4 family:cakes family:caked family:caking,2540
calculate,'kælkjuleit,v.,"v. 计算, 预测, 计划, 打算",,,cet4-all source:ecdict cet4 family:calculated family:calculating family:calculates,3039
calculation,.kælkju'leiʃәn,n.,"n. 计算, 考虑, 计算的结果\n[经] 计算",,,cet4-all source:ecdict cet4 family:calculations,4642
calculator,'kælkjuleitә,n.,"n. 计算者, 计算器\n[计] 计算器",,,cet4-all source:ecdict cet4 family:calculators,11525
calendar,'kælindә,n.,"n. 日历, 日程表\nvt. 列入表中\n[计] 日历",,,cet4-all source:ecdict cet4 cet6 family:calendars family:calendaring family:calendared,4689
call,kɒ:l,n.,"n. 呼叫, 访问, 打电话, 号召, 召集, 要求\nvt. 呼叫, 召集, 打电话\nvi. 叫喊, 访问, 叫牌\n[计] 调用; 呼叫; DOS内部命令:在批处理文件中调用另一个批处理文件",,,cet4-all source:ecdict family:called family:calling family:calls,122
calm,kɑ:m,n.,"n. 平稳, 风平浪静\na. 平静的, 冷静的\nvi. 平静下来, 镇静\nvt. 使平静",,,cet4-all source:ecdict cet4 cet6 family:calmer family:calming family:calmed family:calms,4189
camel,'kæml,n.,"n. 骆驼, 打捞浮筒",,,cet4-all source:ecdict cet4 cet6 family:camels,6953
camera,'kæmәrә,n.,"n. 照相机, 摄影机, 密谈室, 暗箱\n[计] 摄影",,,cet4-all source:ecdict cet4 cet6 family:cameras,949
camp,kæmp,n.,"n. 露营, 帐篷\nvi. 露营, 扎营\nvt. 使扎营",,,cet4-all source:ecdict cet4 cet6 family:camps family:camping family:camped family:camper,1188
campaign,kæm'pein,n.,"n. 战役, 运动, 竞选运动\nvi. 参加运动, 作战",,,cet4-all source:ecdict cet4 cet6 family:campaigns family:campaigning family:campaigned,640
campus,'kæmpәs,n.,"n. 校园, 大学生活",,,cet4-all source:ecdict cet4 cet6,2059
can,kæn,vt.,"vt. 装罐\nn. 罐头, 容器\naux. 能, 可以\n[计] 作废字符",,,cet4-all source:ecdict family:cans family:could family:can,37
canada,'kænәdә,n.,n. 加拿大,,,cet4-all source:ecdict,
canadian,kә'neidiәn,adj.,a. 加拿大的,,,cet4-all source:ecdict family:canadians,2638
canal,kә'næl,n.,"n. 运河, 水道, 管, 沟渠\nvt. 开运河",,,cet4-all source:ecdict cet4 cet6 family:canals family:canalling family:canalled,5394
cancel,'kænsәl,n.,"n. 取消, 撤消, 盖销(邮票)\nvt. 取消, 删去, 抵销, 盖销\nvi. 相互抵销\n[计] 作废",,,cet4-all source:ecdict cet4 cet6 cet6-core family:cancelled family:cancelling family:cancels,3915
cancer,'kænsә,n.,"n. 癌, 恶性肿瘤\n[医] 癌",,,cet4-all source:ecdict cet4 cet6 cet6-core family:cancers,1029
candidate,'kændideit,n.,"n. 候选人, 投考者\n[法] 候选, 候补者",,,cet4-all source:ecdict cet4 cet6 cet6-core family:candidates,957
candle,'kændl,n.,n. 蜡烛\nvt. 对着光检查,,,cet4-all source:ecdict cet4 cet6 family:candles family:candling family:candled,3928
candy,'kændi,n.,"n. 糖果, 冰糖\nvt. 用糖煮, 使结晶为砂糖\nvi. 结晶为砂糖",,,cet4-all source:ecdict cet4 family:candied family:candies family:candying,3446
cannon,'kænәn,n.,"n. 大炮, 加农炮\nv. 炮轰",,,cet4-all source:ecdict cet4 cet6 cet6-core family:cannons family:cannoned family:cannoning,8430
canoe,kә'nu:,n.,"n. 独木舟, 轻舟\nvi. 乘独木舟\nvt. 用独木舟运",,,cet4-all source:ecdict cet4 cet6 family:canoes family:canoeing family:canoed,6612
canteen,kæn'ti:n,n.,"n. 水壶, 军中俱乐部, 临时流动餐馆, 小卖部",,,cet4-all source:ecdict cet4 cet6 family:canteens,15582
canvas,'kænvәs,n.,"n. 帆布, 画布, 油画\n[化] 帆布",,,cet4-all source:ecdict cet4 cet6 cet6-core family:canvases family:canvassing family:canvassed,3732
cap,kæp,n.,"n. 盖子, 帽子\nvt. 戴帽子, 覆盖, 胜过\nvi. 脱帽致意\n[计] 调用程序分析, 容量, 代码分析程序, 计算机辅助生产, 计算机辅助印刷",,,cet4-all source:ecdict cet4 cet6 family:caps family:capped family:capping,2306
capable,'keipәbl,adj.,"a. 有能力的, 能的, 能干的",,,cet4-all source:ecdict cet4 cet6 cet6-core,2392
capacity,kә'pæsiti,n.,"n. 容量, 能力, 才能, 资格\n[计] 容量",,,cet4-all source:ecdict cet4 cet6 cet6-core family:capacities,1777
capital,'kæpitәl,n.,"n. 首都, 大写字母, 资本\na. 首都的, 重要的",,,cet4-all source:ecdict cet4 cet6 family:capitals,1061
captain,'kæptin,n.,"n. 船长, 指挥官, 海军上校, 首领\nvt. 率领, 指挥",,,cet4-all source:ecdict cet4 cet6 family:captains family:captained family:captaining,3347
captive,'kæptiv,n.,"n. 俘虏, 迷恋者\na. 被俘的, 被迷住的",,,cet4-all source:ecdict cet4 cet6 cet6-core family:captives,9226
capture,'kæptʃә,n.,"n. 抓取, 战利品, 捕获之物\nvt. 抓取, 获得, 迷住\n[计] 截获命令",,,cet4-all source:ecdict cet4 cet6 family:captured family:capturing family:captures,1715
car,kɑ:,n.,"n. 汽车, 客车\n[机] 车",,,cet4-all source:ecdict family:cars,289
carbon,'kɑ:bәn,n.,"n. 碳, 副本, 复写纸\n[化] 碳",,,cet4-all source:ecdict cet4 cet6 family:carbons,3004
card,kɑ:d,n.,"n. 卡片, 纸牌, 节目单, 明信片, 梳棉机\nvt. 备置卡片, 记于卡片上, 梳理\n[计] 卡片, 卡",,,cet4-all source:ecdict family:cards family:carded family:carding,892
care,kєә,n.,"n. 小心, 照料, 忧虑\nvi. 关心, 介意\nvt. 在意, 喜欢",,,cet4-all source:ecdict family:cared family:cares family:caring,434
career,kә'riә,n.,"n. 事业, 生涯, 成功\n[法] 职业, 专业, 履历",,,cet4-all source:ecdict cet4 family:careers family:careered family:careering,741
careful,'kєәful,adj.,"a. 小心的, 谨慎的",,,cet4-all source:ecdict,1952
careless,'kєәlis,adj.,"a. 粗心的, 不关心的, 无忧无虑的",,,cet4-all source:ecdict cet4,9928
cargo,'kɑ:gәu,n.,n. 货物\n[经] 货柜,,,cet4-all source:ecdict cet4 cet6 family:cargoes,4905
carpenter,'kɑ:pintә,n.,n. 木匠,,,cet4-all source:ecdict cet4 cet6 family:carpenters family:carpentering family:carpentered,8059
carpet,'kɑ:pit,n.,"n. 地毯, 地毯状物\nvt. 铺以地毯, 铺盖",,,cet4-all source:ecdict cet4 cet6 family:carpets family:carpeted family:carpeting,4112
carriage,'kæridʒ,n.,"n. 马车, 客车, 举止, 运输\n[经] 搬运费, 运费",,,cet4-all source:ecdict cet4 cet6 family:carriages,6534
carrier,'kæriә,n.,"n. 运送者, 邮递员, 带菌者\n[计] 载波",,,cet4-all source:ecdict cet4 cet6 family:carriers,3271
carrot,'kærәt,n.,n. 胡萝卜\n[医] 胡萝卜,,,cet4-all source:ecdict cet4 cet6 family:carrots,4597
carry,'kæri,n.,"n. 进位, 射程, 运载\nvt. 携带, 运送, 支持, 传送, 包含\nvi. 被携带, 能达到\n[计] 进位; 进位数",,,cet4-all source:ecdict family:carried family:carrying family:carries,487
cart,kɑ:t,n.,n. 二轮运货马车\nvi. 驾运货马车\nvt. 用车装载,,,cet4-all source:ecdict cet4 cet6 family:carts family:carted family:carting,4053
carve,kɑ:v,v.,"v. 雕刻, 切开",,,cet4-all source:ecdict cet4 cet6 cet6-core family:carved family:carving family:carves,3803
case,keis,n.,"n. 情形, 情况, 箱, 容器, 事实, 病例, 案例, 框子\nvt. 装箱, 包盖",,,cet4-all source:ecdict family:cases family:casing family:cased,186
cash,kæʃ,n.,n. 现金\nvt. 兑现,,,cet4-all source:ecdict cet4 family:cashing family:cashed family:cashes,1722
cassette,kæ'set,n.,"n. 盒式磁带, 珠宝箱, 暗盒\n[计] 字盒",,,cet4-all source:ecdict cet4 cet6 family:cassettes,8210
cast,kɑ:st. kæst,n.,"n. 演员阵容, 投掷, 铸件, 预测, 特性\nvt. 投, 掷, 抛, 脱落, 铸, 使弯曲, 计算\nvi. 投, 计算, 浇铸成型",,,cet4-all source:ecdict cet4 cet6 cet6-core family:cast family:dp family:casting family:casts,2035
castle,'kæsl. 'kɑ:sl,n.,"n. 城堡, 象棋中的车\nvt. 置于城堡中, 盘踞于",,,cet4-all source:ecdict cet4 cet6 family:castles family:castling family:castled,5844
casual,'kæʒjuәl,adj.,"a. 偶然的, 不经意的, 便装的\nn. 临时工, 待命士兵",,,cet4-all source:ecdict cet4 cet6 cet6-core family:casuals,3955
cat,kæt,n.,"n. 猫, 恶妇\nvi. 呕吐\n计算机辅助教育, 计算机辅助测试, 计算机辅助翻译, 计算机辅助排版\n[计] 计算机辅助教学, 计算机辅助翻译, 计算机辅助排字, 计算机辅助测试",,,cet4-all source:ecdict family:cats family:catting family:catted,1775
catalog,'kætәlɒg,n.,"n. 目录, 大学概况手册\nvt. 编目录\n[计] 目录; 编目",,,cet4-all source:ecdict cet4 cet6 family:catalogs family:cataloging family:cataloged family:catalog,4443
catch,kætʃ,n.,"n. 捕捉, 陷阱, 捕捉之物, 抓, 拉手\nvt. 捕捉, 赶上, 感染, 听清楚\nvi. 抓住, 燃着",,,cet4-all source:ecdict family:caught family:catching family:catches,586
cathedral,kә'θi:drәl,n.,n. 大教堂,,,cet4-all source:ecdict cet4 cet6 cet6-core family:cathedrals,7382
cattle,kætl,n.,"n. 牛, 家畜\n[法] 家畜",,,cet4-all source:ecdict cet4 cet6 family:cattle family:s,3629
cause,kɒ:z,n.,"n. 原因, 目标\nvt. 引起, 使产生, 使遭受",,,cet4-all source:ecdict cet4 cet6 family:caused family:causing family:causes,601
cave,keiv,n.,"n. 洞, 穴\nvi. 凹陷, 塌落\nvt. 挖洞, 使凹陷, 损坏...的基础",,,cet4-all source:ecdict cet4 cet6 family:caves family:caved family:caving,3562
cease,si:s,n.,"n. 停止\nv. 停止, 终了",,,cet4-all source:ecdict cet4 cet6 family:ceased family:ceases family:ceasing,4470
ceiling,'si:liŋ,n.,"n. 天花板\n[经] 顶点, 顶线, 上限",,,cet4-all source:ecdict cet4 cet6 family:ceilings,2641
celebrate,'selibreit,v.,"v. 庆祝, 祝贺, 举行",,,cet4-all source:ecdict cet4 cet6 family:celebrating family:celebrated family:celebrates,2019
cell,sel,n.,"n. 单元, 细胞, 电池\n[计] 单元",,,cet4-all source:ecdict cet4 cet6 family:cells,895
cellar,'selә,n.,"n. 地窖, 地下室, 藏酒",,,cet4-all source:ecdict cet4 cet6 cet6-core family:cellars,7671
cement,si'ment,n.,"n. 水泥, 胶结剂\nvt. 胶合, 用水泥涂\nvi. 黏牢",,,cet4-all source:ecdict cet4 cet6 family:cements family:cemented family:cementing,6395
cent,sent,n.,n. 分\n[经] 美分,,,cet4-all source:ecdict cet4 cet6 family:cents,
centigrade,'sentigreid,adj.,"a. 百分度的, 摄氏的\n[医] 百分度",,,cet4-all source:ecdict cet4 cet6,
centimetre,"'senti,mi:tә(r)",n.,"n. 厘米, 公分",,,cet4-all source:ecdict cet4 cet6 family:centimetres,
central,'sentrәl,adj.,"a. 中央的, 重要的\n[医] 中央的, 中心的, 中枢的",,,cet4-all source:ecdict cet4 cet6,743
centre,'sentә,n.,"n. 中心, 中心点, 中锋\na. 中央的, 位在正中的\nvt. 集中, 定中心\nvi. 居中",,,cet4-all source:ecdict cet4 cet6 family:centres family:centred family:centring,
century,'sentʃuri,n.,"n. 世纪, 百年",,,cet4-all source:ecdict cet4 cet6 family:centuries,605
ceremony,'serimәni,n.,"n. 典礼, 仪式, 礼节\n[法] 典礼, 仪式",,,cet4-all source:ecdict cet4 cet6 family:ceremonies,2670
certain,'sә:tәn,adj.,"a. 确定的, 某一个的, 必然的\n[法] 确凿的, 无疑的, 可靠的",,,cet4-all source:ecdict cet4,577
certainly,'sә:tәnli,adv.,adv. 确定地,,,cet4-all source:ecdict,664
certainty,'sә:tәnti,n.,"n. 确定, 确实的事情\n[法] 确定, 肯定, 必然的事",,,cet4-all source:ecdict cet4 cet6 cet6-core family:certainties,5560
certificate,sә'tifikeit,n.,"n. 证书, 证明书\nvt. 发给证明书, 用证书批准, 用证书证明",,,cet4-all source:ecdict cet4 cet6 family:certificates family:certificated family:certificating,5237
chain,tʃein,n.,"n. 链, 枷锁, 束缚\nvt. 用铁练锁住, 束缚, 囚禁",,,cet4-all source:ecdict cet4 cet6 family:chains family:chained family:chaining,1805
chair,tʃєә,n.,"n. 椅子, 显要的席位, 主席\nvt. 使入座, 使就任要职",,,cet4-all source:ecdict family:chairs family:chaired family:chairing,946
chairman,'tʃєәmәn,n.,"n. 主席, 会长\n[经] 主席",,,cet4-all source:ecdict cet4 cet6 family:chairmen family:chairmanning family:chairmanned family:chairmans,1372
chalk,tʃɒ:k,n.,"n. 粉笔, 白垩\nvt. 用粉笔写, 记录",,,cet4-all source:ecdict cet4 cet6 family:chalked family:chalks family:chalking,9095
challenge,'tʃælindʒ,n.,"n. 挑战, 盘问\nvt. 向...挑战, 要求, 怀疑\nvi. 挑战, 对(证据等)表示异议",,,cet4-all source:ecdict cet4 cet6 cet6-core family:challenges family:challenged family:challenging,984
chamber,'tʃeimbә,n.,"n. 室, 房间, 枪膛\nvt. 装(弹药), 把...关在室内\na. 室内的",,,cet4-all source:ecdict cet4 cet6 family:chambers family:chambering family:chambered,2667
champion,'tʃæmpiәn,n.,"n. 冠军, 拥护者, 战士\nvt. 保卫, 拥护\na. 优胜的",,,cet4-all source:ecdict cet4 cet6 cet6-core family:champions family:championed family:championing,2758
chance,tʃæns. tʃɑ:ns,n.,"n. 机会, 意外, 可能性\nvi. 偶然发生\nvt. 冒险",,,cet4-all source:ecdict cet4 family:chances family:chanced family:chancing,613
change,tʃeindʒ,n.,"n. 变化, 找回的零钱, 找头, 更换\nvt. 改变, 更换, 兑换",,,cet4-all source:ecdict family:changes family:changed family:changing,306
channel,'tʃænәl,n.,"n. 海峡, 航道, 频道\nvt. 引导, 在...上挖沟, 形成河道\n[计] 信道, 通道",,,cet4-all source:ecdict cet4 cet6 family:channels family:channelled family:channelling,2518
chapter,'tʃæptә,n.,"n. 章, 篇, 重要章节\n[计] 章; 段",,,cet4-all source:ecdict cet4 cet6 family:chapters,2976
character,'kærәktә,n.,"n. 个性, 字符, 人物, 性质, 品格, 资格\n[计] 字符",,,cet4-all source:ecdict cet4 cet6 cet6-core family:characters family:charactering family:charactered,786
characteristic,.kærәktә'ristik,n.,"n. 特性, 特征, 特色\na. 特性的, 特有的, 有特色的\n[计] 阶; 指数",,,cet4-all source:ecdict cet4 cet6 cet6-core family:characteristics,2032
charge,tʃɑ:dʒ,n.,"n. 指控, 费用, 冲锋, 电荷, 炸药, 主管, 被托管人, 命令\nvt. 控诉, 加罪于, 使充满, 使充电, 使承担\nvi. 冲锋, 要价, 收费",,,cet4-all source:ecdict cet4 cet6 cet6-core family:charges family:charged family:charging,923
charity,'tʃæriti,n.,"n. 慈悲, 博爱, 慈善团体, 施舍\n[法] 宽大, 宽恕, 慈善机关",,,cet4-all source:ecdict cet4 cet6 family:charities,3287
charming,'tʃɑ:miŋ,adj.,"a. 迷人的, 有吸引力的",,,cet4-all source:ecdict cet4 cet6 family:charm family:i family:charming,5189
chart,tʃɑ:t,n.,"n. 图表, 海图\nvt. 制成图表\n[计] 图表",,,cet4-all source:ecdict cet4 cet6 family:charts family:charting family:charted,2743
chase,tʃeis,n.,"n. 追求, 狩猎, 追逐\nvt. 追捕, 追逐, 雕刻, 在...上镶嵌宝石\nvi. 追赶, 奔跑",,,cet4-all source:ecdict cet4 cet6 cet6-core family:chasing family:chased family:chases,3312
cheap,tʃi:p,adj.,"a. 便宜的, 不值钱的, 可鄙的\nadv. 便宜地",,,cet4-all source:ecdict family:cheaper family:cheapest,1930
cheat,tʃi:t,n.,"n. 欺骗, 作弊, 骗子\nv. 欺骗, 逃脱, 骗取",,,cet4-all source:ecdict cet4 cet6 family:cheating family:cheated family:cheats,4369
check,tʃek,n.,"n. 检查, 支票, 阻止物, 寄物牌, 象棋中将军\nvt. 检查, 阻止, 核对, 寄存, 托运\nvi. 逐项相符, 开支票\n[计] 复选",,,cet4-all source:ecdict family:checking family:checked family:checks,854
cheek,tʃi:k,n.,"n. 颊, 厚颜, 脸蛋\n[医] 颊",,,cet4-all source:ecdict cet4 cet6 family:cheeks family:cheeked family:cheeking,2674
cheer,tʃiә,n.,"n. 愉快, 振奋, 欢呼\nvi. 欢呼, 喝彩, 快活起来\nvt. 使振奋, 欢呼",,,cet4-all source:ecdict cet4 cet6 family:cheers family:cheering family:cheered,4621
cheerful,'tʃiәful,adj.,"a. 快活的, 高兴的, 兴高采烈的",,,cet4-all source:ecdict cet4 cet6,7309
cheese,tʃi:z,n.,n. 乳酪\n[化] 干酪,,,cet4-all source:ecdict cet4 family:cheesed family:cheese family:cheesing family:cheeses,2104
chemical,'kemikl,n.,"n. 化学药品\na. 化学的, 化学上用的",,,cet4-all source:ecdict cet4 cet6 family:chemicals,2617
chemist,'kemist,n.,"n. 化学家, 药剂师\n[化] 化学家; 化学师; 化学工作者; 药剂师; 药房",,,cet4-all source:ecdict cet4 cet6 family:chemists,9185
chemistry,'kemistri,n.,"n. 化学, 化学过程\n[化] 化学",,,cet4-all source:ecdict cet4 cet6,4736
cheque,tʃek,n.,n. 支票,,,cet4-all source:ecdict cet4 cet6 family:cheques,31750
cherry,'tʃeri,n.,"n. 樱桃, 樱桃树, 樱桃色\n[医] 樱桃",,,cet4-all source:ecdict cet4 family:cherries,5582
chess,tʃes,n.,n. 国际象棋\n[建] 雀麦,,,cet4-all source:ecdict cet4 cet6,6948
chest,tʃest,n.,"n. 胸, 胸部, 衣柜, 箱子\n[医] 胸, 胸廓",,,cet4-all source:ecdict cet4 cet6 family:chests family:chested,1717
chew,tʃu:,vt.,"vt. 咀嚼, 嚼碎\nvi. 咀嚼, 细想\nn. 咀嚼, 咀嚼物",,,cet4-all source:ecdict cet4 cet6 family:chewing family:chewed family:chews,4631
chicken,'tʃikin,n.,"n. 小鸡, 鸡肉",,,cet4-all source:ecdict cet4 cet6 family:chickens family:chickened family:chickening,1538
chief,tʃi:f,n.,"n. 领袖, 酋长, 长官, 主要部分\na. 主要的, 首位的",,,cet4-all source:ecdict cet4 cet6-core family:chiefs,1446
child,tʃaild,n.,"n. 孩子, 产物, 追随者\n[医] 儿童",,,cet4-all source:ecdict family:children,115
childhood,'tʃaildhud,n.,n. 孩童时期\n[医] 儿童期,,,cet4-all source:ecdict cet4 family:childhoods,2107
childish,'tʃaildiʃ,adj.,"a. 天真的, 孩子气的",,,cet4-all source:ecdict cet4,11788
chill,tʃil,n.,"n. 寒冷, 寒意, 失意\na. 寒冷的, 冷漠的\nvt. 使寒心, 冷冻\nvi. 变冷",,,cet4-all source:ecdict cet4 cet6 family:chilled family:chills family:chilling,4618
chimney,'tʃimni,n.,"n. 烟囱, 灯罩\n[电] 烟囱",,,cet4-all source:ecdict cet4 cet6 family:chimneys,8321
chin,tʃin,n.,"n. 下巴, 颏\n[医] 颏",,,cet4-all source:ecdict cet4 cet6 family:chins family:chinned family:chinning,3947
china,'tʃainә,n.,"n. 中国, 瓷器\na. 中国的",,,cet4-all source:ecdict,7946
chinese,tʃai'ni:z,n.,"n. 中文, 中国话, 中国人\na. 中国的, 中国话的",,,cet4-all source:ecdict,1218
chocolate,'tʃɒkәlit,n.,n. 巧克力\na. 巧克力制的,,,cet4-all source:ecdict cet4 family:chocolates,2636
choice,tʃɒis,n.,"n. 选择, 精选品, 选择权\na. 精选的, 挑三拣四的, 上等的\n[计] DOS内部命令:在批处理文件中\n该命令用于提示用户作出选择, 决定批处理文件的流程",,,cet4-all source:ecdict cet4 cet6 family:choices,630
choke,tʃәuk,vt.,"vt. 窒息, 阻塞, 噎, 抑制\nvi. 窒息, 阻塞, 噎\nn. 窒息, 噎, 阻气门",,,cet4-all source:ecdict cet4 cet6 family:choked family:choking family:chokes,5223
choose,tʃu:z,vt.,"vt. 选择, 宁愿, 欲\nvi. 作出选择, 愿意\n[计] 选取",,,cet4-all source:ecdict cet4 family:chosen family:chose family:choosing family:chooses,600
chop,tʃɒp,n.,"n. 肋条肉, 排骨, 砍, 戳记, 商标\nvt. 剁碎, 砍, 切击, 割断\nvi. 砍, 突然转向",,,cet4-all source:ecdict cet4 cet6 family:chopped family:chops family:chopping,3964
christian,'kristʃәn,n.,"n. 基督徒, 正派人\na. 基督的, 基督教的",,,cet4-all source:ecdict cet4 cet6 family:christians,1271
christmas,'krismәs,n.,n. 圣诞节,,,cet4-all source:ecdict cet4 family:christmases,1232
church,tʃә:tʃ,n.,"n. 教堂, 礼拜, 教会\nvt. 使人接受宗教仪式\na. 教堂的",,,cet4-all source:ecdict cet4 family:churches family:churching family:churched,648
cigarette,.sigә'ret,n.,"n. 香烟, 纸烟",,,cet4-all source:ecdict cet4 family:cigarettes,2111
cinema,'sinәmә,n.,"n. 电影院, 电影",,,cet4-all source:ecdict family:cinemas,8165
circle,'sә:kl,n.,"n. 圆周, 社交圈, 循环, 范围\nvt. 围着, 环绕\nvi. 盘旋, 循环",,,cet4-all source:ecdict cet4 cet6 family:circles family:circled family:circling,1506
circuit,'sә:kit,n.,"n. 电路, 环(行)道, 巡回\n[计] 线路; 电路",,,cet4-all source:ecdict cet4 cet6 family:circuits family:circuited family:circuiting,4023
circular,'sә:kjulә,adj.,"a. 圆形的, 循环的, 间接的\n[医] 环状的, 循环的",,,cet4-all source:ecdict cet4 cet6 family:circulars,6749
circulate,'sә:kjuleit,v.,"v. (使)流通, (使)循环, (使)传播",,,cet4-all source:ecdict cet4 cet6 family:circulated family:circulating family:circulates,5888
circumference,sә'kʌmfәrәns,n.,"n. 圆周, 周缘, 胸围\n[医] 周缘, 环状面",,,cet4-all source:ecdict cet4 cet6 family:circumferences,15774
circumstance,'sә:kәmstәns,n.,"n. 环境, 状况, 事件",,,cet4-all source:ecdict cet4 cet6 cet6-core family:circumstances,1780
citizen,'sitizn,n.,"n. 市民, 公民\n[法] 公民, 国民, 市民",,,cet4-all source:ecdict cet4 cet6 family:citizens,1084
city,'siti,n.,"n. 城市, 市\n[法] 都市, 城市, 市",,,cet4-all source:ecdict family:cities,290
civil,'sivәl,adj.,"a. 市民的, 公民的, 有礼貌的\n[法] 公民的, 国民的, 民用的",,,cet4-all source:ecdict cet4 cet6,1050
civilization,si.vilai'zeiʃәn,n.,"n. 文明, 教化\n[法] 文明, 文化, 文明国家的总称",,,cet4-all source:ecdict cet4 cet6 family:civilizations,3459
civilize,'sivilaiz,vt.,"vt. 使开化, 使文明\nvi. 变文明",,,cet4-all source:ecdict cet4 cet6 family:civilized family:civilizing family:civilizes,27624
claim,kleim,n.,"n. 要求, 要求权, 断言, 权利\nvt. 要求, 认领, 主张\nvi. 提出要求, 主张, 断言",,,cet4-all source:ecdict cet4 cet6 cet6-core family:claimed family:claims family:claiming,874
clap,klæp,n.,"n. 拍手, 拍手声, 霹雳声, 花柳病\nv. 鼓掌, (使)啪地关上",,,cet4-all source:ecdict cet4 cet6 family:clapped family:clapping family:claps,6723
clarify,'klærifai,vi.,"vi. 澄清, 阐明\nvt. 使明晰",,,cet4-all source:ecdict cet4 cet6 family:clarified family:clarifying family:clarifies,5050
clasp,klɑ:sp,n.,"n. 扣子, 钩, 紧握\nv. 扣紧, 紧握",,,cet4-all source:ecdict cet4 cet6 cet6-core family:clasped family:clasping family:clasps,8998
class,klɑ:s,n.,"n. 班级, 阶级, 种类, 课\nvt. 分类\n[计] 类别; 类; 种类; 类程",,,cet4-all source:ecdict family:classes family:classed family:classing,431
classical,'klæsikl,adj.,"a. 古典的, 正统派的, 经典的\n[医] 古典的; 标准的, 典型的",,,cet4-all source:ecdict cet4 cet6 cet6-core family:classicals,3489
classification,.klæsifi'keiʃәn,n.,"n. 分类, 分级\n[化] 分级; 分粒; 分类",,,cet4-all source:ecdict cet4 cet6 cet6-core family:classifications,5891
classify,'klæsifai,vt.,"vt. 分类, 归类, 分等\n[建] 分类, 分级, 分粒",,,cet4-all source:ecdict cet4 cet6 family:classified family:classifying family:classifies,4515
classmate,'klɑ:smeit,n.,n. 同班同学,,,cet4-all source:ecdict cet4 family:classmates,5247
classroom,'klɑ:sru:m,n.,n. 教室,,,cet4-all source:ecdict family:classrooms,1479
claw,klɒ:,n.,"n. 爪, 螯, 抓伤\nv. 用爪抓, 挖, 搜刮",,,cet4-all source:ecdict cet4 cet6 family:claws family:clawed family:clawing,6934
clay,klei,n.,"n. 泥土, 肉体, 黏土\n[化] 粘土",,,cet4-all source:ecdict cet4 cet6 family:clays,4771
clean,kli:n,adj.,"a. 干净的, 清白的, 简洁的\nadv. 清洁地, 完全地\nvt. 清理, 使干净, 出空\nvi. 被搞干净\nn. 打扫",,,cet4-all source:ecdict family:cleaning family:cleaned family:cleaner family:cleans family:cleanest,1514
clear,kliә,adj.,"a. 清楚的, 明确的, 澄清的\nadv. 清晰地\nvt. 澄清, 清除障碍\nvi. 放晴, 变清澈\nn. 空隙\n[计] 清除",,,cet4-all source:ecdict family:cleared family:clearer family:clearing family:clearest family:clears,563
clearly,'kliәli,adv.,adv. 清楚地,,,cet4-all source:ecdict cet4,846
clerk,klә:k,n.,"n. 办事员, 职员, 文书\nvi. 当店员",,,cet4-all source:ecdict cet4 cet6-core family:clerks family:clerking family:clerked,3877
clever,'klevә,adj.,"a. 聪明的, 精明的",,,cet4-all source:ecdict cet4 family:cleverer family:cleverest,4978
cliff,klif,n.,"n. 悬崖, 绝壁",,,cet4-all source:ecdict cet4 cet6 cet6-core family:cliffs,4312
climate,'klaimit,n.,"n. 气候, 社会趋势, 气候区\n[医] 气候",,,cet4-all source:ecdict cet4 cet6-core family:climates,2103
climb,klaim,v.,"v. 攀登, 上升, 爬\nn. 攀登, 爬升",,,cet4-all source:ecdict cet4 cet6 family:climbed family:climbing family:climbs,1566
cloak,klәuk,n.,"n. 斗蓬, 大氅, 掩护\nvt. 遮掩, 隐匿, 使披斗蓬",,,cet4-all source:ecdict cet4 cet6 family:cloaks family:cloaked family:cloaking,8441
clock,klɒk,n.,"n. 时钟, 计时器, (袜子上的)绣花边花\nvt. 绣花样, 记时, 记录\nvi. 记录时间\n[计] 时钟",,,cet4-all source:ecdict cet4 family:clocks family:clocked family:clocking,2635
close,klәuz,n.,"n. 结束, 完结\na. 靠近的, 亲近的, 亲密的, 严密的, 关闭的, 狭窄的, 秘密的\nvt. 关, 结束, 使靠近, 封闭, 使接近\nvi. 关闭, 结束, 靠近\nadv. 接近地, 紧密地\n[计] 关闭",,,cet4-all source:ecdict family:closed family:closer family:closing family:closest family:closes,649
closely,'klәusli,adv.,adv. 接近地,,,cet4-all source:ecdict cet4,2038
cloth,klɒ:θ. klɒθ,n.,"n. 布料, 织品, 布\n[建] 布",,,cet4-all source:ecdict cet4 family:cloths,3540
clothe,klәuð,vt.,"vt. 给...穿衣, 盖上, 赋予",,,cet4-all source:ecdict cet4 family:clothed family:clothes family:cloathing,10775
clothes,klәuðz,n.,n. 衣服,,,cet4-all source:ecdict family:clothes family:s,1434
clothing,'klәuðiŋ,n.,n. 衣服,,,cet4-all source:ecdict cet4 family:clothing family:i,2650
cloud,klaud,n.,"n. 云, 阴暗, 烟雾, 疑团\nvt. 以云遮敝, 笼罩, 使黯然\nvi. 乌云密布, 阴沉",,,cet4-all source:ecdict family:clouds family:clouded family:clouding,1914
cloudy,'klaudi,adj.,"a. 多云的, 有愁容的, 云的, 浑浊的\n[建] (混)浊的",,,cet4-all source:ecdict family:cloudier,10229
club,klʌb,n.,"n. 俱乐部, 木棍, 球棒\nvt. 用棍棒打, 缴纳\nvi. 联合起来\na. 俱乐部的",,,cet4-all source:ecdict cet4 family:clubs family:clubbed family:clubbing,1257
clue,klu:,n.,"n. 线索, 暗示\nvt. 暗示, 提供线索",,,cet4-all source:ecdict cet4 cet6 cet6-core family:clues family:clued family:cluing,3331
clumsy,'klʌmzi,adj.,"a. 笨拙的, 不雅观的, 粗陋的",,,cet4-all source:ecdict cet4 cet6 family:clumsier family:clumsiest,9209
coach,kәutʃ,n.,"n. 四轮大马车, 教练\nvt. 训练, 指导\nvi. 坐马车旅行, 作指导",,,cet4-all source:ecdict cet4 cet6 family:coaches family:coaching family:coached,1033
coal,kәul,n.,"n. 煤, 木炭\nv. 加煤",,,cet4-all source:ecdict cet4 cet6 family:coals family:coaling family:coaled,3336
coarse,kɒ:s,adj.,"a. 粗糙的, 下等的, 粗俗的\n[计] 粗略的",,,cet4-all source:ecdict cet4 cet6 cet6-core family:coarser family:coarsest family:coarsing,7903
coast,kәust,n.,"n. 海岸, 滑坡\nv. 沿海岸而行",,,cet4-all source:ecdict cet4 cet6 family:coasts family:coasting family:coasted,2436
coat,kәut,n.,"n. 外套\nvt. 外面覆盖, 给...穿外套",,,cet4-all source:ecdict cet4 family:coats family:coated family:coating,2247
cock,kɒk,n.,"n. 公鸡, 雄禽, 龙头, 头目, 锥形小干草堆\nvt. 使耸立, 使竖起, 堆成锥形小干草堆\nvi. 大摇大摆地走, 翘起",,,cet4-all source:ecdict cet4 cet6 family:cocks family:cocked family:cocking,8484
code,kәud,n.,"n. 代码, 密码, 法规, 法典\nvt. 把...编码\n[计] 代码",,,cet4-all source:ecdict cet4 family:codes family:coding family:coded,1648
coffee,'kɒfi,n.,"n. 咖啡, 咖啡色\n[医] 咖啡, 咖啡豆",,,cet4-all source:ecdict family:coffees,1388
coil,kɒil,n.,"n. 线圈, 盘绕, 骚动, 卷\nvt. 盘绕, 卷",,,cet4-all source:ecdict cet4 cet6 family:coils family:coiled family:coiling,9217
coin,kɒin,n.,"n. 硬币, 金钱, 货币\nvt. 铸币, 创造, 杜撰",,,cet4-all source:ecdict cet4 cet6 family:coins family:coined family:coining,4376
cold,kәuld,n.,"n. 感冒, 寒冷\na. 寒冷的, 冷淡的, 冷静的\nadv. 完全地",,,cet4-all source:ecdict cet4 family:colder family:colds family:coldest,885
collapse,kә'læps,n.,"n. 崩溃, 倒塌, 虚脱\nvi. 倒塌, 崩溃, 瓦解\nvt. 使倒塌, 折叠\n[计] 折叠",,,cet4-all source:ecdict cet4 cet6 cet6-core family:collapsed family:collapsing family:collapses,3212
collar,'kɒlә,n.,"n. 衣领, 颈圈\nvt. 控制, 扭住衣领, 给...装上领子",,,cet4-all source:ecdict cet4 cet6 family:collars family:collaring family:collared,4548
colleague,'kɒli:g,n.,"n. 同事, 同僚",,,cet4-all source:ecdict cet4 cet6 cet6-core family:colleagues,1518
collect,kә'lekt,v.,"v. 收集, 聚集, 集中, 搜集\na. 由收到者付款的\nadv. 由收到者付款地",,,cet4-all source:ecdict cet4 cet6 family:collected family:collecting family:collects,1318
collection,kә'lekʃәn,n.,"n. 收集, 采集, (一批)收藏品, 募捐\n[医] 收集; 收集品, 标本",,,cet4-all source:ecdict cet4 cet6 family:collections,1045
collective,kә'leiktiv,adj.,"a. 集体的, 聚集的, 共同的\n[医] 集体的, 集合的",,,cet4-all source:ecdict cet4 cet6 family:collectives,3342
college,'kɒlidʒ,n.,"n. 学院, 大学, 学会",,,cet4-all source:ecdict family:colleges,415
collision,kә'liʒәn,n.,"n. 碰撞, 冲突, 抵触\n[计] 冲突",,,cet4-all source:ecdict cet4 cet6 cet6-core family:collisions,5633
colonel,'kә:nәl,n.,"n. 陆军上校, 长官",,,cet4-all source:ecdict cet4 cet6 family:colonels,6593
colony,'kɒlәni,n.,"n. 殖民地, 移民队\n[医] 菌(集)落, 菌丛; 移民区",,,cet4-all source:ecdict cet4 cet6 family:colonies,3673
color,'kʌlә,n.,"n. 颜色, 面色, 颜料, 外貌\nvt. 把...涂上颜色, 粉饰, 使脸红, 歪曲\nvi. 变色",,,cet4-all source:ecdict cet4 family:colors family:coloring family:colored,697
column,'kɒlәm,n.,"n. 专栏, 圆柱, 纵队, 列, 柱形物\n[计] 列, 柱形图",,,cet4-all source:ecdict cet4 cet6 family:columns,2074
comb,kәum,n.,"n. 头梳, 鸡冠\nvt. 梳头发, 梳毛\nvi. (浪)涌起",,,cet4-all source:ecdict cet4 cet6 family:combed family:combing family:combs,7329
combination,.kɒmbi'neiʃәn,n.,"n. 组合, 合并, 联合\n[计] 组合图",,,cet4-all source:ecdict cet4 cet6 cet6-core family:combinations,1808
combine,kәm'bain,v.,"v. (使)联合, (使)结合\nn. (企业的)联合, 联合收割机",,,cet4-all source:ecdict cet4 cet6 cet6-core family:combined family:combining family:combines,1448
come,kʌm,vi.,"vi. 过来, 来, 到达, 出现, 开始\ninterj. 喂",,,cet4-all source:ecdict family:came family:coming family:comes family:come family:d,70
comfort,'kʌmfәt,n.,"n. 舒适, 安慰, 安慰者\nvt. 安慰",,,cet4-all source:ecdict cet4 cet6 family:comforts family:comforted family:comforting,2928
comfortable,'kʌmfәtәbl,adj.,"a. 舒服的, 轻松的\nn. 盖被",,,cet4-all source:ecdict cet4 cet6,1701
command,kә'mɑ:nd,n.,"n. 命令, 指挥, 控制, 部队, 司令部\nv. 命令, 指挥, 控制\n[计] 命令; 指令; DOS外部命令:启动新的命令处理器",,,cet4-all source:ecdict cet4 cet6 cet6-core family:commands family:commanded family:commanding,2378
commander,kә'mɑ:ndә,n.,"n. 司令官, 指挥官",,,cet4-all source:ecdict cet4 cet6 family:commanders,2355
comment,'kɒment,n.,"n. 注解, 批评, 评论, 备注\nvi. 评论, 注解\n[计] 备注",,,cet4-all source:ecdict cet4 cet6 family:comments family:commented family:commenting,1363
commerce,'kɒmә:s,n.,"n. 商业, 商务, 贸易\n[经] 商业, 贸易, 商务",,,cet4-all source:ecdict cet4 cet6,4647
commercial,kә'mә:ʃәl,adj.,"a. 商业的, 商用的, 商品化的\nn. 商业广告节目",,,cet4-all source:ecdict cet4 cet6 cet6-core family:commercials,1027
commission,kә'miʃәn,n.,"n. 委任状, 任官令, 所委职责, 佣金, 犯, 委托, 所托之事\nvt. 委任, 委托制作, 使服役",,,cet4-all source:ecdict cet4 cet6 cet6-core family:commissioned family:commissions family:commissioning,2379
commit,kә'mit,vt.,"vt. 委托(托付), 犯罪, 指派...作战, 使承担义务\n[法] 犯, 做, 把...交托给",,,cet4-all source:ecdict cet4 cet6 cet6-core family:committed family:committing family:commits,1394
committee,kә'miti,n.,n. 委员会\n[经] 委员会,,,cet4-all source:ecdict cet4 cet6 cet6-core family:committees,1428
common,'kɒmәn,adj.,"a. 通常的, 共同的, 通俗的, 公共的\n[计] 公用块",,,cet4-all source:ecdict cet4 cet6,710
commonly,'kɒmәnli,adv.,"adv. 一般, 普通, 通常",,,cet4-all source:ecdict cet4 cet6,3755
communicate,kә'mju:nikeit,vt.,"vt. 显露, 传达, 感染\nvi. 通讯",,,cet4-all source:ecdict cet4 cet6 cet6-core family:communicated family:communicating family:communicates,2672
communication,kә.mju:ni'keiʃәn,n.,"n. 交流, 交通, 通讯\n[计] 通信",,,cet4-all source:ecdict cet4 cet6 cet6-core family:communications,1250
communism,'kɒmjunizm,n.,n. 共产主义,,,cet4-all source:ecdict cet4 cet6,7085
communist,'kɒmjunist,n.,"n. 共产主义者, 共产党员\n[法] 共产主义的, 共产党的",,,cet4-all source:ecdict cet4 cet6 family:communists,5543
community,kә'mju:niti,n.,"n. 社区, 公众, 共有, 共同体\n[经] 公众, 共有, 社会",,,cet4-all source:ecdict cet4 cet6 cet6-core family:communities,296
companion,kәm'pænjәn,n.,"n. 朋友, 陪伴, 指南, 升降口围罩\nvt. 陪伴",,,cet4-all source:ecdict cet4 cet6 cet6-core family:companions family:companioning family:companioned,3547
company,'kʌmpәni,n.,"n. 公司, 友伴, 交往, 连队, 朋友, 一群\nvt. 陪伴\nvi. 交往",,,cet4-all source:ecdict family:companies family:companying family:companied,189
comparative,kәm'pærәtiv,adj.,"a. 比较的, 相对的\nn. 对手",,,cet4-all source:ecdict cet4 cet6 family:comparatives,6267
compare,kәm'pєә,vt.,"vt. 比较, 比喻, 对照\nvi. 相比\nn. 比较\n[计] 比较",,,cet4-all source:ecdict cet4 cet6 cet6-core family:compared family:comparing family:compares,831
comparison,kәm'pærisn,n.,"n. 比较, 对照, 比喻\n[经] 比较, 对比",,,cet4-all source:ecdict cet4 cet6-core family:comparisons,2166
compass,'kʌmpәs,n.,"n. 指南针, 范围, 音域\nvt. 包围, 达到, 图谋, 理解",,,cet4-all source:ecdict cet4 cet6 family:compasses family:compassed family:compassing,7958
compel,kәm'pel,vt.,"vt. 强迫, 迫使",,,cet4-all source:ecdict cet4 cet6 cet6-core family:compelled family:compelling family:compels,4449
compete,kәm'pi:t,vi.,"vi. 竞争, 对抗",,,cet4-all source:ecdict cet4 cet6 cet6-core family:competing family:competed family:competes,2065
competent,'kɒmpitәnt,adj.,"a. 能干的, 胜任的, 有效的, 足够的\n[经] 有权的, 授权的, 胜任的",,,cet4-all source:ecdict cet4 cet6,5797
competition,.kɒmpi'tiʃәn,n.,"n. 竞争, 竞赛\n[经] 竞争, 竞销, 比赛",,,cet4-all source:ecdict cet4 cet6 family:competitions,1345
compile,kәm'pail,vt.,"vt. 编译, 编辑, 编纂, 收集\n[计] 编译",,,cet4-all source:ecdict cet4 cet6 cet6-core family:compiled family:compiling family:compiles,5289
complain,kәm'plein,v.,"v. 抱怨, 抗议, 控诉",,,cet4-all source:ecdict cet4 cet6 cet6-core family:complained family:complaining family:complains,1859
complaint,kәm'pleint,n.,"n. 诉苦, 抱怨, 控诉\n[医] 陈诉; 病",,,cet4-all source:ecdict cet4 cet6 cet6-core family:complaints,2325
complete,kәm'pli:t,adj.,"a. 完全的, 十足的, 完成的\nvt. 完成, 完工, 使圆满",,,cet4-all source:ecdict cet4 cet6 family:completed family:completing family:completes,1207
completely,kәm'pli:tli,adv.,"adv. 完全地, 十分地, 圆满地",,,cet4-all source:ecdict cet4 cet6,1169
complex,kәm'pleks,n.,"n. 综合体, 情结, 络合物\na. 复杂的, 组合的",,,cet4-all source:ecdict cet4 cet6 cet6-core family:complexes family:complexed,1598
complicate,'kɒmplikeit,vt.,"vt. 弄复杂, 使错综, 使恶化\nvi. 变复杂",,,cet4-all source:ecdict cet4 cet6 family:complicated family:complicates family:complicating,5983
complicated,'kɒmplikeitid,adj.,a. 复杂的\n[医] 并发的,,,cet4-all source:ecdict cet4 cet6 cet6-core family:complicated family:dp,2750
component,kәm'pәunәnt,n.,"n. 元件, 组件, 成分\na. 组成的, 构成的\n[计] 组件",,,cet4-all source:ecdict cet4 cet6 cet6-core family:components,1760
compose,kәm'pәuz,vt.,"vt. 组成, 写作, 作曲, 使平静\nvi. 创作, 排字\n[计] 编写",,,cet4-all source:ecdict cet4 cet6 cet6-core family:composed family:composing family:composes,3379
composition,kɒmpә'ziʃәn,n.,"n. 作文, 创作, 组成\n[化] 成分; 组成",,,cet4-all source:ecdict cet4 cet6 family:compositions,3000
compound,kәm'paund,n.,"n. 混合物, 复合词, 化合物, 院子\na. 复合的, 混合的, 化合的\nvi. 化合, 和解, 妥协\nvt. 使复合, 使化合",,,cet4-all source:ecdict cet4 cet6 cet6-core family:compounds family:compounded family:compounding,3428
comprehension,.kɒmpri'henʃәn,n.,"n. 理解, 包含",,,cet4-all source:ecdict cet4 cet6 cet6-core,7826
comprehensive,.kɒmpri'hensiv,adj.,"a. 广泛的, 有理解力的, 综合的\n[经] 广泛的, 综合的, 全面的",,,cet4-all source:ecdict cet4 cet6 cet6-core family:comprehensives,2896
compress,kәm'pres,vt.,"vt. 压缩, 压紧\nvi. 受压缩小\n[计] 压缩程序",,,cet4-all source:ecdict cet4 cet6 family:compressed family:compressing family:compresses,9510
comprise,kәm'praiz,vt.,"vt. 包含, 构成",,,cet4-all source:ecdict cet4 cet6 family:comprising family:comprises family:comprised,4392
compromise,'kɒmprәmaiz,n.,"n. 妥协, 折中, 折中方案, 和解\nvi. 妥协处理\nvt. 危害",,,cet4-all source:ecdict cet4 cet6 cet6-core family:compromises family:compromised family:compromising,3751
compute,kәm'pju:t,v.,"v. 计算, 估算\nn. 计算, 估算",,,cet4-all source:ecdict cet4 cet6 cet6-core family:computed family:computing family:computes,7824
computer,kәm'pju:tә,n.,"n. 电脑, 电子计算机\n[计] 计算机",,,cet4-all source:ecdict family:computers,589
comrade,'kɒmreid,n.,"n. 同志, 伙伴",,,cet4-all source:ecdict cet4 cet6 family:comrades,7425
conceal,kәn'si:l,vt.,"vt. 隐藏, 掩盖, 隐瞒\n[法] 隐瞒, 隐匿, 保守秘密",,,cet4-all source:ecdict cet4 cet6 family:concealed family:concealing family:conceals,5148
concentrate,'kɒnsәntreit,n.,"n. 浓缩, 精选\nv. 集中, 专心",,,cet4-all source:ecdict cet4 cet6 cet6-core family:concentrated family:concentrating family:concentrates,2358
concentration,.kɒnsәn'treiʃәn,n.,"n. 集中, 专心\n[化] 浓度; 浓缩",,,cet4-all source:ecdict cet4 cet6 cet6-core family:concentrations,2752
concept,'kɒnsept,n.,"n. 观念, 概念\n[医] 概念",,,cet4-all source:ecdict cet4 cet6 cet6-core family:concepts,1158
concern,kәn'sә:n,n.,"n. 关心, 忧虑\nvt. 与...有关, 使担心, 使挂念",,,cet4-all source:ecdict cet4 cet6 cet6-core family:concerns family:concerned family:concerning,717
concerning,kәn'sә:niŋ,prep.,prep. 关于\n[法] 关于,,,cet4-all source:ecdict cet4 cet6 family:concern family:i,3395
concert,'kɒnsәt,n.,"n. 音乐会, 和声, 一致\nvt. 协力, 协调\nvi. 协力\n[计] 美国北卡罗来纳州Internet网",,,cet4-all source:ecdict cet4 cet6 family:concerts family:concerting,2515
conclude,kәn'klu:d,vt.,"vt. 结束, 作结论, 推断\nvi. 结束, 推断",,,cet4-all source:ecdict cet4 cet6 cet6-core family:concluded family:concludes family:concluding,1670
conclusion,kәn'klu:ʒәn,n.,"n. 结论, 结尾, 推论\n[法] 缔结, 结论, 推论",,,cet4-all source:ecdict cet4 cet6 family:conclusions,1666
concrete,'kɒnkri:t,n.,"n. 凝结物, 混凝土\na. 具体的, 实在的, 混凝土的\nv. (使)凝结, 用混凝土浇筑",,,cet4-all source:ecdict cet4 cet6 family:concreting family:concreted family:concretes,3310
condemn,kәn'dem,vt.,"vt. 判刑, 责备, 谴责\n[法] 定罪, 判刑, 宣告有罪",,,cet4-all source:ecdict cet4 cet6 cet6-core family:condemned family:condemning family:condemns,4138
condense,kәn'dens,vt.,"vt. 使浓缩, 使压缩, 缩短\nvi. 浓缩, 凝结",,,cet4-all source:ecdict cet4 cet6 cet6-core family:condensed family:condensing family:condenses,13674
condition,kәn'diʃәn,n.,"n. 情况, 条件\nvt. 使健康, 以...为条件, 决定, 使适应\n[计] 条件",,,cet4-all source:ecdict cet4 cet6 family:conditions family:conditioned family:conditioning,629
conduct,"'kɔndʌkt, -dәkt",n.,"n. 行为, 举动, 指导\nvt. 为人, 指挥, 管理, 实施\nvi. 领导, 传导, 指挥",,,cet4-all source:ecdict cet4 cet6 cet6-core family:conducted family:conducting family:conducts,1162
conductor,kәn'dʌktә,n.,"n. 领导者, 指挥者, 售票员, 向导\n[化] 导体",,,cet4-all source:ecdict cet4 cet6 family:conductors,5912
conference,'kɒnfәrәns,n.,"n. 会议\n[经] 会议, 讨论会, 协商会",,,cet4-all source:ecdict cet4 cet6 cet6-core family:conferences,965
confess,kәn'fes,v.,"v. 承认, 坦白, 忏悔, 供认",,,cet4-all source:ecdict cet4 cet6 family:confessed family:confesses family:confessing,3950
confidence,'kɒnfidәns,n.,n. 信心\n[电] 可靠,,,cet4-all source:ecdict cet4 cet6 cet6-core family:confidences,1870
confident,'kɒnfidәnt,adj.,"a. 有信心的, 有把握的",,,cet4-all source:ecdict cet4 cet6 cet6-core,2866
confine,kәn'fain,vt.,"vt. 限制, 使不外出, 禁闭\nvi. 邻接, 交界\nn. 边缘, 范围, 区域",,,cet4-all source:ecdict cet4 cet6 cet6-core family:confined family:confines family:confining,5337
confirm,kәn'fә:m,vt.,"vt. 证实, 确定, 批准, 使巩固\n[计] 确认",,,cet4-all source:ecdict cet4 cet6 cet6-core family:confirmed family:confirms family:confirming,1851
conflict,'kɒnflikt,n.,"n. 战斗, 冲突, 矛盾, 争执\nvi. 争执, 战斗, 冲突, 抵触\n[计] 冲突",,,cet4-all source:ecdict cet4 cet6 cet6-core family:conflicts family:conflicted family:conflicting,1179
confuse,kәn'fju:z,vt.,"vt. 使混乱, 使狼狈, 使困惑\n[法] 混淆",,,cet4-all source:ecdict cet4 cet6 family:confused family:confusing family:confuses,3518
confusion,kәn'fju:ʒәn,n.,"n. 混乱, 混淆, 无秩序\n[计] 含混",,,cet4-all source:ecdict cet4 cet6 cet6-core family:confusions,3335
congratulate,kәn'grætʃәleit,vt.,"vt. 祝贺, 庆贺",,,cet4-all source:ecdict cet4 cet6 family:congratulated family:congratulating family:congratulates,8361
congratulation,kәn.grætʃә'leiʃәn,n.,"n. 祝贺, 恭喜",,,cet4-all source:ecdict cet4 cet6,
congress,'kɒŋgres,n.,"n. 国会, 会议, 讨论会\n[医] 会议, 会合",,,cet4-all source:ecdict cet4 cet6 cet6-core family:congresses,638
conjunction,kәn'dʒʌŋkʃәn,n.,"n. 连接词, 联合, 结合\n[计] 合取",,,cet4-all source:ecdict cet4 cet6 family:conjunctions,7557
connect,kә'nekt,v.,"v. 连接, 联合, 联系",,,cet4-all source:ecdict cet4 cet6 family:connected family:connecting family:connects,1636
connection,kә'nekʃәn,n.,"n. 连接, 关系, 前后关系\n[计] 连接",,,cet4-all source:ecdict cet4 cet6 family:connections,1421
conquer,'kɒŋkә,vt.,"vt. 克服, 征服, 战胜\nvi. 得胜",,,cet4-all source:ecdict cet4 cet6 family:conquered family:conquering family:conquers,6737
conquest,'kɒŋkwest,n.,"n. 战胜, 征服, 战利品\n[法] 征服, 赢得, 获得",,,cet4-all source:ecdict cet4 cet6 family:conquests,7652
conscience,'kɒnʃәns,n.,"n. 良心\n[法] 良心, 道德感, 正义感",,,cet4-all source:ecdict cet4 cet6 family:consciences,4641
conscious,'kɒnʃәs,adj.,"a. 有意识的, 知觉的, 觉察的\n[医] 有意识的, 清醒的",,,cet4-all source:ecdict cet4 cet6 cet6-core,3845
consciousness,'kɒnʃәsnis,n.,"n. 意识, 知觉, 自觉\n[医] (有)意识, 清醒",,,cet4-all source:ecdict cet4 cet6 family:consciousnesses,3224
consent,kәn'sent,n.,"n. 同意, 许可\nvi. 同意, 赞同",,,cet4-all source:ecdict cet4 cet6 cet6-core family:consented family:consents family:consenting,4391
consequence,'kɒnsikwәns,n.,"n. 结果, 重要性\n[法] 结果, 后果, 推断",,,cet4-all source:ecdict cet4 cet6 cet6-core family:consequences,1626
consequently,'kɒnsikwәntli,adv.,adv. 所以,,,cet4-all source:ecdict cet4 cet6 cet6-core,4363
conservation,.kɒnsә'veiʃәn,n.,"n. 保护, 保存\n[医] 保存",,,cet4-all source:ecdict cet4 cet6 cet6-core,2820
conservative,kәn'sә:vәtiv,adj.,"a. 保守的, 守旧的, 有保存力的\n[化] 防腐剂; 保存剂",,,cet4-all source:ecdict cet4 cet6 cet6-core family:conservatives,1837
consider,kәn'sidŋ,v.,"v. 考虑, 思考, 认为",,,cet4-all source:ecdict cet4 cet6 family:considered family:considering family:considers,394
considerable,kәn'sidәrәbl,adj.,"a. 相当的, 可观的, 重要的",,,cet4-all source:ecdict cet4 cet6 cet6-core,2855
considerate,kәn'sidәrit,adj.,"a. 体贴的, 体谅的, 考虑周到的",,,cet4-all source:ecdict cet4 cet6 cet6-core,17092
consideration,kәn.sidә'reiʃәn,n.,"n. 考虑, 原因\n[法] 考虑, 思考, 报酬",,,cet4-all source:ecdict cet4 cet6 family:considerations,2487
consist,kәn'sist,vi.,"vi. 组成, 存在于, 一致",,,cet4-all source:ecdict cet4 cet6 cet6-core family:consists family:consisting family:consisted,2190
consistent,kәn'sistәnt,adj.,"a. 一致的, 坚持的, 并立的, 坚固的",,,cet4-all source:ecdict cet4 cet6 cet6-core,2225
constant,'kɒnstәnt,n.,"n. 常数, 恒量\na. 不变的, 一定的, 时常的\n[计] 常量; 常数; 恒值",,,cet4-all source:ecdict cet4 cet6 cet6-core family:constants,2386
constitution,.kɒnsti'tju:ʃәn,n.,"n. 构成, 宪法, 体格\n[医] 体质; 结构, 组织",,,cet4-all source:ecdict cet4 cet6 cet6-core family:constitutions,3917
construct,kәn'strʌkt,vt.,"vt. 构造, 建造, 对...进行构思, 作图\nn. 构成物",,,cet4-all source:ecdict cet4 cet6 cet6-core family:constructed family:constructing family:constructs,2477
construction,kәn'strʌkʃәn,n.,"n. 建筑, 构造, 建筑物\n[化] 施工",,,cet4-all source:ecdict cet4 cet6 family:constructions,1415
consult,kәn'sʌlt,vi.,"vi. 商讨, 商量, 协商, 会诊\nvt. 向...请教, 查阅, 考虑",,,cet4-all source:ecdict cet4 cet6 cet6-core family:consulted family:consulting family:consults,3591
consume,kәn'sju:m,vt.,"vt. 消耗, 消费, 消灭\nvi. 耗尽, 毁灭",,,cet4-all source:ecdict cet4 cet6 cet6-core family:consumed family:consuming family:consumes,3006
consumption,kәn'sʌmpʃәn,n.,"n. 消费, 消费量, 痨病\n[化] 消耗量; 耗量",,,cet4-all source:ecdict cet4 cet6 cet6-core,3146
contact,'kɒntækt,n.,"n. 联系, 交际, 熟人, 接触\nvi. 接触, 联系\nvt. 使接触",,,cet4-all source:ecdict cet4 cet6 cet6-core family:contacts family:contacted family:contacting,1480
contain,kәn'tein,vt.,"vt. 包含, 容纳, 控制\nvi. 自制",,,cet4-all source:ecdict cet4 cet6 family:contains family:containing family:contained,931
container,kәn'teinә,n.,"n. 容器, 集装箱\n[化] 集装箱; 贮存箱; 容器(任何一种)",,,cet4-all source:ecdict cet4 cet6 family:containers,3361
contemporary,kәn'tempәrәri,n.,"n. 同时代的人\na. 同时代的, 属于同一时期的",,,cet4-all source:ecdict cet4 cet6 family:contemporaries,1947
contempt,kәn'tempt,n.,"n. 轻视, 轻蔑\n[法] 藐视, 侮辱, 轻视",,,cet4-all source:ecdict cet4 cet6 cet6-core family:contempts,6277
content,kәn'tent,n.,"n. 内容, 满足, 意义, 要旨\na. 满足的, 满意的\nvt. 使...满足, 使...安心\n[计] 内容",,,cet4-all source:ecdict cet4 cet6 family:contents family:contented family:contenting,1732
contest,'kɒntest,n.,"n. 竞赛, 争论\nvt. 竞争, 争取, 争辩\nvi. 竞争",,,cet4-all source:ecdict cet4 cet6 cet6-core family:contests family:contested family:contesting,3062
continent,'kɒntinәnt,n.,"n. 大陆, 洲\na. 自制的",,,cet4-all source:ecdict cet4 cet6 family:continents,4022
continual,kәn'tinjuәl,adj.,"a. 持续不断的, 继续的\n[建] 连续的",,,cet4-all source:ecdict cet4 cet6 cet6-core,10050
continue,kәn'tinju:,vi.,"vi. 继续, 延续, 延长\nvt. 使继续, 使延长",,,cet4-all source:ecdict cet4 cet6 family:continued family:continues family:continuing,293
continuous,kәn'tinjuәs,adj.,"a. 连续的, 继续的, 连续不断的\n[计] 连续的",,,cet4-all source:ecdict cet4 cet6,3422
contract,'kɒntrækt,n.,"n. 合约, 婚约, 契约\nvt. 使皱缩, 使缩短, 感染, 订约, 缔结\nvi. 皱缩, 订约, 收缩",,,cet4-all source:ecdict cet4 cet6 cet6-core family:contracts family:contracted family:contracting,1269
contradiction,.kɒntrә'dikʃәn,n.,"n. 反驳, 矛盾\n[法] 矛盾, 否认, 反驳",,,cet4-all source:ecdict cet4 cet6 cet6-core family:contradictions,5451
contrary,'kɒntrәri,adj.,"a. 相反的, 矛盾的, 对立的\nn. 相反, 对立面\nadv. 相反地",,,cet4-all source:ecdict cet4 cet6 family:contraries,5495
contrast,kәn'træst,n.,"n. 差别, 对比, 对照物\nvt. 使对比\nvi. 成对照\n[计] 反差; 对比度",,,cet4-all source:ecdict cet4 cet6 cet6-core family:contrasts family:contrasted family:contrasting,1762
contribute,kәn'tribju:t,vt.,"vt. 有助于, 捐助, 投稿\nvi. 出力, 捐献, 投稿",,,cet4-all source:ecdict cet4 cet6 cet6-core family:contributed family:contributing family:contributes,1312
control,kәn'trәul,n.,"n. 控制, 管理, 克制, 控制器, 操纵装置\nvt. 控制, 操纵, 抑制\n[计] 控制; 控制器",,,cet4-all source:ecdict cet4 family:controls family:controlled family:controlling,432
convenience,kә'vi:njәns,n.,"n. 方便, 便利的事物, 方便的时候",,,cet4-all source:ecdict cet4 cet6 cet6-core family:conveniences,4892
convenient,kәn'vi:njәnt,adj.,"a. 方便的, 合宜的\n[法] 适当的, 合理而可行的, 方便的",,,cet4-all source:ecdict cet4 cet6,5368
convention,kәn'venʃәn,n.,"n. 大会, 协定, 惯例, 约定\n[计] 约定",,,cet4-all source:ecdict cet4 cet6 cet6-core family:conventions,2472
conventional,kәn'venʃәnl,adj.,"a. 传统的, 习惯的, 约定的\n[经] 惯例的, 常规的, 传统的",,,cet4-all source:ecdict cet4 cet6 cet6-core,2554
conversation,.kɒnvә'seiʃәn,n.,"n. 会话, 说话, 交谈\n[法] 交谈, 社交, 性交",,,cet4-all source:ecdict family:conversations,1164
conversely,'kɔnv\\\\:sli,adv.,"adv. 相反, 逆, 颠倒, 反题, 反",,,cet4-all source:ecdict cet4 cet6,8066
conversion,kәn'vә:ʃәn,n.,"n. 转变, 转换, 改变宗教信仰, 换位法\n[计] 转换",,,cet4-all source:ecdict cet4 cet6 cet6-core family:conversions,4664
convert,kәn'vә:t,n.,"n. 皈依者, 改变宗教信仰者\nvt. 使改变信仰, 转换, 兑换, 倒置\nvi. 皈依\n[计] 转换",,,cet4-all source:ecdict cet4 cet6 cet6-core family:converted family:converting family:converts,2895
convey,kәn'vei,vt.,"vt. 传达, 运输, 转让\n[经] 转让(财产等), 搬运",,,cet4-all source:ecdict cet4 cet6 cet6-core family:conveyed family:conveying family:conveys,3756
convince,kәn'vins,vt.,"vt. 说服, 使相信\n[法] 使确信, 使信服, 使人认识错误",,,cet4-all source:ecdict cet4 cet6 cet6-core family:convinced family:convincing family:convinces,2039
cook,kuk,n.,"n. 厨子, 厨师\nvt. 烹调, 煮饭, 加热\nvi. 在煮着",,,cet4-all source:ecdict family:cooking family:cooked family:cooks,1419
cool,ku:l,n.,"n. 凉爽, 凉爽的空气\na. 凉爽的, 冷淡的, 冷静的\nvi. 冷却, 平息\nvt. 使冷却, 使平静",,,cet4-all source:ecdict family:cooler family:cooling family:cooled family:cools family:coolest,1451
cooperate,kәu'ɒpәreit,vi.,"vi. 合作, 协力, 配合\n[化] 合作",,,cet4-all source:ecdict cet4 cet6 family:cooperating family:cooperated family:cooperates,4015
coordinate,kәu'ɒ:dineit,n.,"n. 同等的人(或物), 坐标\na. 同等的, 并列的\nv. (使)协调",,,cet4-all source:ecdict cet4 cet6 family:coordinates family:coordinating family:coordinated,4847
cope,kәup,vi.,"vi. 竞争, 应付\nn. 长袍",,,cet4-all source:ecdict cet4 cet6 cet6-core family:coping family:coped family:copes,3198
copper,'kɒpә,n.,"n. 铜, 警察\n[化] 铜Cu",,,cet4-all source:ecdict cet4 cet6 family:coppers family:coppering family:coppered,5053
copy,'kɒpi,n.,"n. 副本, 摹仿, 一册\nv. 复印, 抄袭, 复制\n[计] 副本; 复制; DOS内部命令:复制文件\n将几个文件合并成一个文件, 以及将文件传至外设或在设备之间传送",,,cet4-all source:ecdict family:copies family:copied family:copying,1927
cord,kɒ:d,n.,"n. 绳索, 束缚\n[医] 索, 带",,,cet4-all source:ecdict cet4 cet6 cet6-core family:cords family:corded family:cording,4314
cordial,'kɒ:djәl,n.,"n. 兴奋剂, 补品\na. 热忱的, 诚恳的, 有兴奋作用的",,,cet4-all source:ecdict cet4 cet6 cet6-core family:cordials,14433
core,kɒ:,n.,"n. 核心, 果心, 要点\nvt. 挖...的核\n[计] 内核, 核心网",,,cet4-all source:ecdict cet4 cet6 family:cores family:cored family:coring,1954
corn,kɒ:n,n.,"n. 玉蜀黍, 谷类, 谷粒, 鸡眼\nvt. 使成颗粒, 腌",,,cet4-all source:ecdict cet4 cet6 family:corns family:corning family:corned,2448
corner,'kɒ:nә,n.,"n. 角落, 转角, 窘境\nvt. 迫至一隅, 垄断, 使陷入绝境\nvi. 相交成角, 垄断\n[计] 边角",,,cet4-all source:ecdict family:corners family:cornered family:cornering,1127
corporation,.kɒ:pә'reiʃәn,n.,"n. 公司, 合作, 法人团体\n[法] 法人团体, 社团, 法人",,,cet4-all source:ecdict cet4 cet6 family:corporations,2602
correct,kә'rekt,adj.,"a. 正确的, 合适的\nvt. 改正, 订正",,,cet4-all source:ecdict cet4 family:corrected family:correcting family:corrects,1794
correction,kә'rekʃәn,n.,"n. 订正, 改正, 改正的地方\n[化] 校正",,,cet4-all source:ecdict cet4 cet6 family:corrections,5966
correspond,.kɒri'spɒnd,vi.,"vi. 符合, 通信, 相当\n[法] 符合, 一致, 相当",,,cet4-all source:ecdict cet4 cet6 family:corresponds family:corresponding family:corresponded,5415
correspondent,.kɒri'spɒndәnt,n.,"n. 通讯记者, 通信者\n[经] 客户, 代理商行, 代理银行",,,cet4-all source:ecdict cet4 cet6 cet6-core family:correspondents,2934
corresponding,.kɒri'spɒndiŋ,adj.,"a. 相当的, 一致的, 通信的\n[计] 对应",,,cet4-all source:ecdict cet4 cet6 cet6-core family:correspond family:i family:corresponding,7426
corridor,'kɒridɒ:,n.,"n. 走廊, 回廊, 人口密集地带",,,cet4-all source:ecdict cet4 cet6 family:corridors,3474
cost,kɒst,n.,"n. 代价, 价值, 费用\nvi. 花费\nvt. 使失去, 值, 使花费",,,cet4-all source:ecdict family:costs family:costing family:cost family:pd,550
costly,'kɒstli,adj.,"a. 昂贵的, 奢华的, 费用大的",,,cet4-all source:ecdict cet4 cet6 family:costliest family:costlier,4286
cottage,'kɒtidʒ,n.,"n. 小屋, 茅舍",,,cet4-all source:ecdict cet4 cet6 family:cottages,4765
cotton,'kɒtn,n.,"n. 棉花\nvi. 和谐, 有好感, 理解",,,cet4-all source:ecdict cet4 family:cottons family:cottoned family:cottoning,3136
cough,kɒf,n.,n. 咳嗽\nvi. 咳嗽\nvt. 咳出,,,cet4-all source:ecdict cet4 family:coughed family:coughing family:coughs,6157
could,kud,aux.,"aux. 可以, 能",,,cet4-all source:ecdict,71
council,'kaunsәl,n.,"n. 会议, 委员会\n[经] 委员会",,,cet4-all source:ecdict cet4 cet6 cet6-core family:councils,2612
count,kaunt,vt.,"vt. 计算, 视为\nvi. 计数\nn. 计算, 合计, 计数, 伯爵\n[计] 计数",,,cet4-all source:ecdict cet4 cet6 family:counts family:counted family:counting,1331
counter,'kauntә,n.,"n. 计算器, 计算者, 柜台, 筹码\na. 反方向的, 相反的\nadv. 反方向地, 相反地\n[计] 计数器; 计数字",,,cet4-all source:ecdict cet4 cet6 cet6-core family:countered family:counters family:countering,2830
country,'kʌntri,n.,"n. 国家, 乡村, 地区, 故乡\na. 乡下的, 农村的\n[计] DOS外部命令:用于设定国家代码, 包括日期时间及货币格式",,,cet4-all source:ecdict family:countries,166
countryside,'kʌntrisaid,n.,"n. 乡下地方, 乡下居民",,,cet4-all source:ecdict,5320
county,'kaunti,n.,"n. 县, 郡",,,cet4-all source:ecdict cet4 cet6 family:counties,1516
couple,'kʌpl,n.,"n. 对, 夫妇, 数个\nvt. 使成双, 连接, 使成婚, 把...联系起来\nvi. 结合, 成婚",,,cet4-all source:ecdict cet4 family:couples family:coupled family:coupling,531
courage,'kʌridʒ,n.,"n. 勇气, 胆量",,,cet4-all source:ecdict cet4 cet6,3324
course,kɒ:s,n.,"n. 课程, 路线, 过程, 一道菜, 道路\nv. 追, (使)跑",,,cet4-all source:ecdict cet4 cet6 family:courses family:coursing family:coursed,418
court,kɒ:t,n.,"n. 法院, 庭院, 奉承\nvt. 献殷勤, 追求, 招致\nvi. 求爱",,,cet4-all source:ecdict cet4 cet6 cet6-core family:courts family:courting family:courted,541
cousin,'kʌzәn,n.,"n. 堂兄弟姊妹, 表兄弟姊妹\n[法] 同辈表亲或堂亲",,,cet4-all source:ecdict cet4 cet6 family:cousins,2714
cover,'kʌvә,n.,"n. 盖子, 封面, 藉口\nvt. 覆盖, 掩饰, 保护, 掩护, 包括\nvi. 覆盖",,,cet4-all source:ecdict family:covered family:covering family:covers,560
cow,kau,n.,"n. 母牛, 母兽\nvt. 威胁",,,cet4-all source:ecdict cet4 cet6 family:cows family:cowed family:cowing,3078
coward,'kauәd,n.,"n. 懦弱的人, 胆小的人",,,cet4-all source:ecdict cet4 cet6 cet6-core family:cowards,11476
crack,kræk,n.,"n. 裂缝, 爆裂声\nv. (使)爆裂, (使)裂开, (使)发出爆裂声\na. 第一流的\nadv. 啪地一声",,,cet4-all source:ecdict cet4 cet6 family:cracks family:cracked family:cracking,3008
craft,kræft,n.,"n. 技艺, 手艺, 诡计\nvt. 精心制作",,,cet4-all source:ecdict cet4 cet6 family:crafts family:crafted family:crafting,2839
crane,krein,n.,"n. 鹤, 起重机\nvt. 伸颈, 起重机起吊\nvi. 伸颈看, 迟疑",,,cet4-all source:ecdict cet4 cet6 family:cranes family:craned family:craning,8390
crash,kræʃ,n.,"n. 哗啦声, 猛撞, 崩溃, 粗布\nv. 撞碎, 破碎, (使)...坠毁\na. 速成的\n[计] 崩溃",,,cet4-all source:ecdict cet4 cet6 cet6-core family:crashed family:crashing family:crashes,2837
crawl,krɒ:l,n.,"n. 爬行, 匍匐而行, 养鱼池\nv. 爬行",,,cet4-all source:ecdict cet4 cet6 family:crawled family:crawling family:crawls,3836
crazy,'kreizi,adj.,"a. 发狂的, 狂热的",,,cet4-all source:ecdict cet4 cet6 family:craziest family:crazier family:crazies,1803
cream,kri:m,n.,"n. 乳酪, 奶油, 面霜\n[医] 乳油, 乳皮; 乳膏, 霜",,,cet4-all source:ecdict cet4 cet6 family:creams family:creaming family:creamed,2008
create,kri:'eit,vt.,"vt. 创造, 建造, 引起, 任命",,,cet4-all source:ecdict cet4 cet6 family:created family:creating family:creates,332
creative,kri:'eitiv,adj.,"a. 有创造力的, 创作的, 产生的",,,cet4-all source:ecdict cet4 cet6 family:creatives,2050
creature,'kri:tʃә,n.,"n. 人, 动物, 创造物, 生物",,,cet4-all source:ecdict cet4 cet6 family:creatures,2353
credit,'kredit,n.,"n. 信用, 信任, 荣誉, 贷款, 学分\nvt. 归功于, 赞颂, 信任, 相信\n[计] 信用量",,,cet4-all source:ecdict cet6-core family:credited family:credits family:crediting,1125
creep,kri:p,n.,"n. 爬, 徐行, 蠕动\nvi. 爬, 蔓延, 潜行",,,cet4-all source:ecdict cet4 cet6 family:crept family:creeping family:creeps,5099
crew,kru:,n.,"n. 全体人员, 一群人, 全体队员\ncrow的过去式",,,cet4-all source:ecdict cet4 cet6 cet6-core family:crews family:crewed family:crewing,1706
cricket,'krikit,n.,"n. 蟋蟀, 板球",,,cet4-all source:ecdict cet4 cet6 family:crickets,8382
crime,kraim,n.,"n. 犯罪, 罪行, 罪恶\n[法] 犯罪, 罪, 罪恶",,,cet4-all source:ecdict cet4 cet6 cet6-core family:crimes,828
criminal,'kriminәl,n.,"n. 罪犯, 犯人, 刑事\na. 犯了罪的, 刑事的, 有罪的",,,cet4-all source:ecdict cet4 cet6 cet6-core family:criminals,1953
cripple,'kripl,n.,"n. 跛者, 残废\nvt. 使跛, 使成残废, 削弱\na. 跛的, 残废的",,,cet4-all source:ecdict cet4 cet6 cet6-core family:crippled family:cripples family:crippling,9401
crisis,'kraisis,n.,"n. 危机, 危险期, 紧要关头\n[医] 危象; 骤退, 临界, 极期",,,cet4-all source:ecdict cet4 cet6 cet6-core family:crises,1206
critic,'kritik,n.,"n. 批评家, 鉴定家",,,cet4-all source:ecdict cet4 cet6 cet6-core family:critics,1355
critical,'kritikәl,adj.,"a. 批评的, 决定性的, 危险的, 临界的\n[医] 危象的; 临界的, 极期的",,,cet4-all source:ecdict cet4 cet6 cet6-core,1126
criticism,'kritisizm,n.,"n. 批评, 评论, 非难\n[法] 批判, 批评, 评论",,,cet4-all source:ecdict cet4 cet6 cet6-core family:criticisms,2093
criticize,'kritisaiz,v.,"v. 批评, 吹毛求疵, 非难",,,cet4-all source:ecdict cet4 cet6 cet6-core family:criticized family:criticizing family:criticizes,2550
crop,krɒp,n.,"n. 农作物, 产量, 平头\nvt. 收割, 修剪, 种植\nvi. 收获\n[计] 裁剪",,,cet4-all source:ecdict cet4 cet6 family:crops family:cropped family:cropping,2461
cross,krɒs,n.,"n. 十字架, 十字架形物件, 交叉, 十字标, 交叉路, 磨难, 杂交\na. 生气的, 交叉的, 相反的\nv. 交叉, 横过, 越过\n[计] 交叉, 十字标",,,cet4-all source:ecdict cet4 cet6 family:crossed family:crossing family:crosses,1391
crow,krәu,n.,"n. 啼叫, 乌鸦, 鸡鸣, 撬棍\nvi. 啼叫, 报晓",,,cet4-all source:ecdict cet4 cet6 family:crows family:crowed family:crowing,8402
crowd,kraud,n.,"n. 群众, 一伙人\nvt. 拥挤, 挤满, 挤进",,,cet4-all source:ecdict cet4 cet6 cet6-core family:crowds family:crowded family:crowding,1270
crown,kraun,n.,"n. 王冠, 王权, 顶点\nvt. 使成王, 加冕, 居...之顶",,,cet4-all source:ecdict cet4 cet6 family:crowned family:crowns family:crowning,5097
crude,kru:d,adj.,"a. 天然的, 未成熟的, 粗糙的, 粗鲁的\nn. 天然的物质",,,cet4-all source:ecdict cet4 cet6 family:cruder family:crudest family:crudes,5015
cruel,'kru:әl,adj.,"a. 残酷的, 令人极痛苦的\n[法] 残忍的, 残酷的",,,cet4-all source:ecdict cet4 cet6 family:cruellest family:crueller,4762
crush,krʌʃ,n.,"n. 压碎, 粉碎, 群众, 迷恋\nvt. 压破, 征服, 塞, 弄皱, 榨出\nvi. 被压碎, 起皱, 挤",,,cet4-all source:ecdict cet4 cet6 cet6-core family:crushed family:crushing family:crushes,4311
crust,krʌst,n.,"n. 外壳, 坚硬外皮, 面包皮\nvt. 盖以硬皮\nvi. 结硬皮",,,cet4-all source:ecdict cet4 cet6 family:crusts family:crusted family:crusting,5659
cry,krai,n.,"n. 叫声, 哭声, 大叫\nvi. 哭, 叫, 喊\nvt. 叫喊, 大声说, 哭出",,,cet4-all source:ecdict family:cried family:crying family:cries,1351
crystal,'kristl,n.,"n. 水晶, 水晶装饰品, 结晶\na. 水晶的, 水晶一样的, 透明的",,,cet4-all source:ecdict cet4 cet6 family:crystals,3574
cube,kju:b,n.,"n. 立方体, 立方\n[机] 立方体, 立方",,,cet4-all source:ecdict cet4 cet6 family:cubes family:cubed family:cubing,5725
cubic,'kju:bik,adj.,"a. 立方体的, 立方的\n[机] 立方的, 立方体的",,,cet4-all source:ecdict cet4 cet6,7772
cucumber,'kju:kәmbә,n.,"n. 黄瓜\n[医] 黄瓜, 胡瓜",,,cet4-all source:ecdict cet4 cet6 cet6-core family:cucumbers,8294
cultivate,'kʌltiveit,vt.,"vt. 培养, 耕作",,,cet4-all source:ecdict cet4 cet6 family:cultivated family:cultivating family:cultivates,5574
culture,'kʌltʃә,n.,"n. 文化, 修养, 耕种\nvt. 耕种, 培养",,,cet4-all source:ecdict cet4 cet6 cet6-core family:cultures family:cultured family:culturing,611
cunning,'kʌniŋ,adj.,"a. 狡猾的, 巧妙的, 可爱的\n[法] 狡猾的的, 狡诈的, 熟练的",,,cet4-all source:ecdict cet4 cet6 family:cunningest,12813
cup,kʌp,n.,"n. 杯子, 茶杯, 优胜杯\nvt. 使成杯状, 为...拔火罐",,,cet4-all source:ecdict family:cups family:cupping family:cupped,780
cupboard,'kʌpbɒ:d,n.,"n. 食橱, 碗柜, 餐具柜",,,cet4-all source:ecdict cet4 cet6 family:cupboards,9358
cure,kjuә,n.,"n. 治疗, 治愈, 治疗法\nvt. 治疗, 治愈, 改正, 腌制, 加工处理, 使硫化\nvi. 受治疗, 被加工处理, 被硫化",,,cet4-all source:ecdict cet4 cet6 family:cured family:cures family:curing,4579
curiosity,.kjuәri'ɒsiti,n.,"n. 好奇心, 新奇的事物, 珍品",,,cet4-all source:ecdict cet4 cet6 family:curiosities,4518
curious,'kjuәriәs,adj.,"a. 好奇的, 求知的, 古怪的",,,cet4-all source:ecdict cet4 cet6 family:curiouser,3112
curl,kә:l,n.,"n. 拳曲, 鬈发\nvt. 弄卷\nvi. 拳曲, 弯曲",,,cet4-all source:ecdict cet4 cet6 family:curls family:curled family:curling,5151
current,'kʌrәnt,n.,"n. 涌流, 趋势, 流\na. 流通的, 现在的, 当前的, 流行的\n[计] 当前的",,,cet4-all source:ecdict cet4 cet6 cet6-core family:currents,652
curse,kә:s,n.,"n. 咒骂, 诅咒\nvt. 诅咒, 咒骂",,,cet4-all source:ecdict cet4 cet6 cet6-core family:cursing family:cursed family:curses,5761
curtain,'kә:tәn,n.,"n. 帐, 幕, 窗帘\nvt. 装帘子于, 遮蔽",,,cet4-all source:ecdict cet4 cet6 family:curtains family:curtained family:curtaining,3622
curve,kә:v,n.,"n. 曲线, 弯曲, 曲线球\nvt. 弯, 使弯曲\nvi. 成曲形",,,cet4-all source:ecdict cet4 cet6 family:curves family:curving family:curved,3462
cushion,'kuʃәn,n.,"n. 垫子, 橡皮软垫\nvt. 加垫褥, 缓冲, 掩盖",,,cet4-all source:ecdict cet4 cet6 family:cushions family:cushioned family:cushioning,6893
custom,'kʌstәm,n.,"n. 习惯, 风俗, 海关, 自定义\na. 定制的\n[计] 定制; 自定义",,,cet4-all source:ecdict cet4 cet6 family:customs,2993
customer,'kʌstәmә,n.,n. 消费者\n[化] 顾客,,,cet4-all source:ecdict cet4 cet6 family:customers,1098
cut,kʌt,n.,"n. 切口, 割伤, 降低, 切, 割, 砍, 削, 伤口, 削减, 缩短, 删节, 通路\na. 经切割的, 缩减的\nvt. 切, 割, 减少, 刺痛, 开辟, 雕刻, 删节, 缩短, 停止, 排斥, 切断, 关, 显出\nvi. 切, 割, 砍, 刺痛, 相交, 抄近路, 剪辑\n[计] 剪切",,,cet4-all source:ecdict family:cut family:dp family:cuts family:cutting,414
cycle,'saikl,n.,"n. 周期, 循环, 自行车, 一段时间, 整套\nvi. 循环, 轮转, 骑自行车\nvt. 使循环, 使轮转\n[计] 环路; 周期; 循环",,,cet4-all source:ecdict cet4 cet6 cet6-core family:cycles family:cycling family:cycled,2220
daily,'deili,adj.,"a. 每日的, 日常的\nadv. 每日地, 日常地\nn. 日报",,,cet4-all source:ecdict cet4 family:dailies,1483
dairy,'dєәri,n.,"n. 牛奶公司, 乳品店, 乳牛场",,,cet4-all source:ecdict cet4 cet6 family:dairies family:dairying,5750
dam,dæm,n.,"n. 水坝, 障碍\nv. 控制, 筑坝\n[计] 直接存取法",,,cet4-all source:ecdict cet4 cet6 family:dams family:dammed family:damming,4399
damage,'dæmidʒ,n.,"n. 损害, 伤害\nv. 损害",,,cet4-all source:ecdict cet4 cet6 family:damages family:damaged family:damaging,1522
damp,dæmp,n.,"n. 潮湿, 湿气\na. 潮湿的\nvt. 使潮湿, 使阻尼, 抑止\nvi. 变潮湿, 衰减",,,cet4-all source:ecdict cet4 cet6 family:damper family:damped family:damping family:damps family:dampest,5562
dance,dæns. dɑ:ns,n.,"n. 跳舞, 舞蹈, 舞会\nv. 跳舞",,,cet4-all source:ecdict family:dancing family:danced family:dances,1671
danger,'deindʒә,n.,"n. 危险, 威胁\n[法] 危险, 危险物, 危机",,,cet4-all source:ecdict cet4 family:dangers,1546
dangerous,'deindʒәrәs,adj.,"a. 危险的\n[法] 危险的, 危害的",,,cet4-all source:ecdict cet4,1457
dare,dєә,n.,"n. 挑战, 挑动, 大胆\nv. 敢, 胆敢",,,cet4-all source:ecdict cet4 cet6 family:dared family:daring family:dares,3348
daring,'dєәriŋ,adj.,a. 大胆的,,,cet4-all source:ecdict cet4 cet6 family:dare family:i family:daring,9273
dark,dɑ:k,n.,"n. 黑暗, 夜, 黄昏, 模糊\na. 黑暗的, 暗的, 深色的, 隐密的, 模糊的, 无知的",,,cet4-all source:ecdict family:darker family:darkest,857
darling,'dɑ:liŋ,n.,"n. 亲爱的, 可爱的人, 可爱的物\na. 可爱的, 亲爱的",,,cet4-all source:ecdict cet4 family:darlings,6421
dash,dæʃ,n.,"n. 冲撞, 破折号, 短跑\nvi. 猛冲, 冲撞\nvt. 泼溅, 使猛撞, 搀和, 使破灭, 使沮丧",,,cet4-all source:ecdict cet4 cet6 family:dashed family:dashing family:dashes,6336
data,'deitә,n.,"pl. 资料, 数据\n[计] 数据; DOS内部命令:用于显示或设定系统的日期",,,cet4-all source:ecdict cet4,559
date,deit,n.,"n. 日期, 约会, 枣椰树\nvt. 约会, 定日期\nvi. 注明日期, 过时",,,cet4-all source:ecdict family:dates family:dated family:dating,1201
daughter,'dɒ:tә,n.,n. 女儿\na. 女儿的,,,cet4-all source:ecdict family:daughters,634
dawn,dɒ:n,n.,"n. 破晓, 黎明\nvi. 破晓",,,cet4-all source:ecdict cet4 cet6 family:dawned family:dawns family:dawning,4004
day,dei,n.,"n. 天, 日子, 白天, 工作日\n[医] 日(一昼夜), 昼, 白天",,,cet4-all source:ecdict family:days,90
daylight,'deilait,n.,"n. 白昼, 日光\nvt. 使沐浴于日光\nvi. 享有日光",,,cet4-all source:ecdict cet4 family:daylights family:daylighting,5997
dead,ded,adj.,"a. 死的, 不活泼的, 麻木的, 熄灭的\nn. 死者\nadv. 完全地, 直接地",,,cet4-all source:ecdict,726
deadly,'dedli,adj.,"a. 致命的, 致死的\nadv. 非常, 如死一般地",,,cet4-all source:ecdict cet4 cet6-core family:deadliest family:deadlier,3513
deaf,def,adj.,a. 聋的\n[医] 聋的,,,cet4-all source:ecdict cet4 family:deafer family:deafest,6755
deal,di:l,n.,"n. 交易, 协定, 数量, 买卖, 松木板\nvi. 处理, 应付, 做生意\nvt. 分配, 发牌, 给予\n[计] 发牌",,,cet4-all source:ecdict cet4 cet6 family:dealing family:dealt family:deals,674
dear,'diә,n.,"n. 亲爱的人\na. 亲爱的, 昂贵的, 严重的, 急迫的\ninterj. 啊\nadv. 深爱地, 高价地",,,cet4-all source:ecdict family:dearest family:dearer family:dears,3337
death,deθ,n.,n. 死亡\n[医] 死亡,,,cet4-all source:ecdict cet4 family:deaths,417
debate,di'beit,n.,"n. 辩论, 讨论\nv. 争论, 辩论",,,cet4-all source:ecdict cet4 cet6 cet6-core family:debates family:debated family:debating,1082
debt,det,n.,"n. 债务, 罪过\n[经] 借款, 欠款, 债务",,,cet4-all source:ecdict cet4 cet6 family:debts,1871
decade,'dekeid,n.,"n. 十年, 十",,,cet4-all source:ecdict cet4 cet6 cet6-core family:decades,730
decay,di'kei,n.,"n. 衰退, 腐败\nv. (使)衰退, (使)腐败",,,cet4-all source:ecdict cet4 cet6 cet6-core family:decaying family:decayed family:decays,7931
deceit,di'si:t,n.,"n. 欺骗, 谎言\n[经] 诈骗, 欺骗",,,cet4-all source:ecdict cet4 cet6 family:deceits,15761
deceive,di'si:v,v.,"v. 欺骗, 行骗",,,cet4-all source:ecdict cet4 cet6 cet6-core family:deceived family:deceiving family:deceives,8388
december,di'sembә,n.,n. 十二月,,,cet4-all source:ecdict,
decent,'di:sәnt,adj.,"a. 有分寸的, 得体的, 大方的",,,cet4-all source:ecdict cet4 cet6 cet6-core,3878
decide,di'said,v.,"v. 决定, 判决",,,cet4-all source:ecdict family:decided family:deciding family:decides,456
decision,di'siʒәn,n.,"n. 决定, 决心, 决断\n[计] 判定",,,cet4-all source:ecdict cet4 cet6 family:decisions,479
deck,dek,n.,"n. 甲板, (汽车后部的)行李仓\nvt. 装饰, 打扮, 装甲板\n[计] 纸牌背面图案",,,cet4-all source:ecdict cet4 cet6 family:decks family:decked family:decking,2788
declare,di'klєә,v.,"v. 宣布, 声明, 申报, 断言",,,cet4-all source:ecdict cet4 cet6 family:declared family:declaring family:declares,1736
decorate,'dekәreit,v.,v. 装饰,,,cet4-all source:ecdict cet4 cet6 cet6-core family:decorated family:decorating family:decorates,4327
decrease,'di:kri:s,n.,"n. 减少, 减少量\nv. 减少",,,cet4-all source:ecdict cet4 cet6 cet6-core family:decreased family:decreases family:decreasing,3370
deduce,di'dju:s,vt.,"vt. 推论, 演绎出\n[法] 推断, 推出, 演绎",,,cet4-all source:ecdict cet4 cet6 cet6-core family:deduced family:deducing family:deduces,13290
deed,di:d,n.,"n. 行为, 实行, 契约\nvt. 立契转让",,,cet4-all source:ecdict cet4 cet6 family:deeds,5766
deep,di:p,adj.,"a. 深的\nadv. 深入地\nn. 深渊, 深处",,,cet4-all source:ecdict family:deeper family:deepest family:deeps,975
deepen,'dipәn,vi.,"vi. 深化\nvt. 使加深, 使强烈",,,cet4-all source:ecdict cet4 cet6 family:deepened family:deepens family:deepening,6730
deer,diә,n.,n. 鹿,,,cet4-all source:ecdict cet4 cet6 family:deering,2911
defeat,di'fi:t,n.,"n. 败北, 失败\nvt. 击败, 使落空",,,cet4-all source:ecdict cet4 cet6 cet6-core family:defeated family:defeats family:defeating,3326
defect,di'fekt,n.,"n. 缺点\n[医] 缺损, 缺陷",,,cet4-all source:ecdict cet4 cet6 cet6-core family:defects family:defected family:defecting,5946
defence,di'fens,n.,"n. 防卫, 防卫设备\n[经] (诉讼程序中的)辩护",,,cet4-all source:ecdict cet4 cet6 family:defences,21674
defend,di'fend,vt.,"vt. 防护, 辩护, 防卫\n[法] 作...的辩护律师, 辩护, 为...答辩",,,cet4-all source:ecdict cet4 cet6 family:defending family:defended family:defends,1750
define,di'fain,vt.,"vt. 定义, 规定, 使明确\n[计] 定义",,,cet4-all source:ecdict cet4 cet6 cet6-core family:defined family:defining family:defines,1210
definite,'definit,adj.,"a. 明确的, 一定的\n[法] 明确的, 确切的, 一定的",,,cet4-all source:ecdict cet4 cet6 family:definites,6780
definitely,'definitli,adv.,"adv. 明确无疑地, 清楚地",,,cet4-all source:ecdict cet4 cet6 cet6-core,1991
definition,.defi'niʃәn,n.,"n. 定义, 精确度, 清晰度\n[计] 清晰度; 清晰度",,,cet4-all source:ecdict cet4 cet6 cet6-core family:definitions,2110
degree,di'gri:,n.,"n. 程度, 度数, 学位, 度\n[医] 度, 程度",,,cet4-all source:ecdict cet4 cet6 family:degrees,789
delay,di'lei,n.,"n. 耽搁, 迟滞\nv. 耽搁, 延迟\n[计] 延迟, 延时",,,cet4-all source:ecdict cet4 cet6 family:delayed family:delays family:delaying,3105
delete,di'li:t,vt.,vt. 删除\n[计] 删除,,,cet4-all source:ecdict cet4 family:deleted family:deleting family:deletes,8051
delegation,.deli'geiʃәn,n.,"n. 代表团, 派遣代表团, 代表的地位(或权力)\n[经] 派遣, 委任, 委托",,,cet4-all source:ecdict cet4 cet6 family:delegations,5697
delicate,'delikәt,adj.,"a. 细致优雅的, 微妙的, 美味的\n[医] 柔弱的",,,cet4-all source:ecdict cet4 cet6 cet6-core,3787
delicious,di'liʃәs,adj.,a. 美味的,,,cet4-all source:ecdict cet4,4985
delight,di'lait,n.,"n. 高兴, 愉快\nvt. 使高兴, 乐于\nvi. 感到高兴(或愉快、快乐)",,,cet4-all source:ecdict cet4 cet6 family:delights family:delighted family:delighting,4890
deliver,di'livә,vt.,"vt. 递送, 陈述, 释放, 发表, 引渡, 投递, 交付\n[经] 交运",,,cet4-all source:ecdict cet4 family:delivered family:delivering family:delivers,1288
delivery,di'livәri,n.,"n. 递送, 交付, 分娩, 交货, 引渡\n[化] 交货额",,,cet4-all source:ecdict cet4 cet6 family:deliveries,2804
demand,di'mɑ:nd,n.,"n. 要求, 需求, 需要\nv. 要求, 查询",,,cet4-all source:ecdict cet4 cet6 cet6-core family:demands family:demanded family:demanding,1287
democracy,di'mɒkrәsi,n.,"n. 民主政治, 民主主义\n[法] 民主, 民主政治, 民主政体",,,cet4-all source:ecdict cet4 cet6 family:democracies,1502
democratic,.demә'krætik,adj.,"a. 民主的\n[法] 民主的, 民主政体的, 平民的",,,cet4-all source:ecdict cet4 cet6,853
demonstrate,'demәnstreit,vt.,"vt. 示范, 证明\nvi. 示威",,,cet4-all source:ecdict cet4 cet6 cet6-core family:demonstrated family:demonstrates family:demonstrating,1379
dense,dens,adj.,"a. 密集的, 浓厚的",,,cet4-all source:ecdict cet4 cet6,4864
density,'densiti,n.,n. 密度\n[化] 密度,,,cet4-all source:ecdict cet4 cet6 family:densities,4513
deny,di'nai,v.,"v. 否认, 拒绝",,,cet4-all source:ecdict cet4 cet6 cet6-core family:denied family:denying family:denies,1406
depart,di'pɑ:t,vi.,"vi. 离开, 出发, 背离, 违反, 去世",,,cet4-all source:ecdict cet4 cet6 family:departing family:departed family:departs,4829
department,di'pɑ:tmәnt,n.,"n. 部门, 系, 机关\n[医] 部, 科",,,cet4-all source:ecdict cet4 cet6 family:departments,1198
departure,di'pɑ:tʃә,n.,"n. 离开, 出发, 违背, 偏离\n[经] 启运",,,cet4-all source:ecdict cet4 cet6 family:departures,3867
depend,di'pend,vi.,"vi. 靠, 视...而定, 信赖",,,cet4-all source:ecdict cet4 cet6 family:depends family:depending family:depended,1475
dependent,di'pendәnt,n.,"n. 依赖他人者\na. 依赖的, 从属的",,,cet4-all source:ecdict cet4 cet6 family:dependents,3201
deposit,di'pɒzit,n.,"n. 存款, 定金, 堆积物\nvt. 存放, 堆积\nvi. 沉淀",,,cet4-all source:ecdict cet4 cet6 family:deposits family:deposited family:depositing,4692
depress,di'pres,vt.,"vt. 使沮丧, 压低, 降低, 使萧条\n[化] 推下",,,cet4-all source:ecdict cet4 cet6 cet6-core family:depressed family:depresses family:depressing,11421
depth,depθ,n.,"n. 深度, 深处, 深奥\n[计] 深度",,,cet4-all source:ecdict cet4 cet6 family:depths,2555
derive,di'raiv,vt.,vt. 得自\nvi. 起源,,,cet4-all source:ecdict cet4 cet6 cet6-core family:derived family:derives family:deriving,3051
descend,di'send,vi.,"vi. 下降, 世代相传, 屈尊, 袭击\nvt. 下降",,,cet4-all source:ecdict cet4 cet6 cet6-core family:descended family:descending family:descends,4006
describe,di'skraib,vt.,"vt. 描述, 描绘, 画",,,cet4-all source:ecdict cet4 cet6 cet6-core family:described family:describes family:describing,568
description,di'skripʃәn,n.,"n. 描述, 说明, 种类\n[经] 说明书(物品), 品名种类, 货物名称",,,cet4-all source:ecdict cet4 cet6 family:descriptions,2171
desert,'dezәt. di'sә:t,n.,"n. 沙漠, 应得的赏罚, 功劳\na. 沙漠的, 不毛的\nvt. 放弃, 遗弃, 擅离\nvi. 逃掉",,,cet4-all source:ecdict cet4 cet6 family:deserted family:deserts family:deserting,2196
deserve,di'zә:v,vt.,"vt. 该得到, 值得\nvi. 应得报答",,,cet4-all source:ecdict cet4 cet6 cet6-core family:deserves family:deserved family:deserving,2224
design,di'zain,n.,"n. 设计, 图样, 方案, 企图\nv. 设计, 计划",,,cet4-all source:ecdict cet4 cet6 cet6-core family:designed family:designs family:designing,834
desirable,di'zairәbl,adj.,"a. 令人想望的, 可取的",,,cet4-all source:ecdict cet4 cet6 cet6-core,5313
desire,di'zaiә,n.,"n. 欲望, 要求\nvt. 想要, 请求\nvi. 渴望",,,cet4-all source:ecdict cet4 cet6 cet6-core family:desires family:desired family:desiring,1551
desk,desk,n.,"n. 书桌, 办公桌, 工作台",,,cet4-all source:ecdict family:desks,1659
despair,di'spєә,n.,"n. 绝望, 失望\nvi. 绝望",,,cet4-all source:ecdict cet4 cet6 family:despaired family:despairs family:despairing,5427
desperate,'despәrәt,adj.,"a. 不顾一切的, 危急的, 令人绝望的, 极渴望的",,,cet4-all source:ecdict cet4 cet6,3091
despise,di'spaiz,vt.,vt. 轻视,,,cet4-all source:ecdict cet4 cet6 cet6-core family:despised family:despises family:despising,9016
despite,di'spait,n.,"n. 轻视, 憎恨\nprep. 虽然, 尽管",,,cet4-all source:ecdict cet4 cet6 cet6-core,742
destination,.desti'neiʃәn,n.,"n. 目的地, 目标, 目的\n[计] 目的文件, 目的单元",,,cet4-all source:ecdict cet4 cet6 cet6-core family:destinations,3883
destroy,di'strɒi,vt.,"vt. 破坏, 毁坏, 消灭",,,cet4-all source:ecdict cet4 cet6 family:destroyed family:destroying family:destroys,1418
destruction,di'strʌkʃәn,n.,"n. 破坏, 毁灭\n[医] 破坏",,,cet4-all source:ecdict cet4 cet6 cet6-core family:destructions,2685
detail,'di:teil,n.,"n. 细节, 详情\nvt. 详述, 选派\nvi. 画详图\n[计] 详细数据",,,cet4-all source:ecdict cet4 cet6 cet6-core family:details family:detailing family:detailed,997
detect,di'tekt,vt.,"vt. 发现, 察觉, 探测\n[法] 发现, 查明, 探测",,,cet4-all source:ecdict cet4 cet6 cet6-core family:detected family:detecting family:detects,2763
detection,di'tekʃәn,n.,"n. 发现, 察觉, 探测\n[计] 检波; 检测",,,cet4-all source:ecdict cet4 cet6 cet6-core family:detections,6216
determination,di.tә:mi'neiʃәn,n.,"n. 决心, 果断\n[化] 判定; 测定",,,cet4-all source:ecdict cet4 cet6 family:determinations,3846
determine,di'tә:min,v.,"v. 决定, 决心",,,cet4-all source:ecdict cet4 cet6 family:determined family:determining family:determines,773
develop,di'velәp,vt.,"vt. 发展, 使发达, 进步, 洗印, 显影\nvi. 发展, 生长",,,cet4-all source:ecdict family:developed family:developing family:develops,484
development,di'velәpmәnt,n.,n. 发展\n[化] 展开,,,cet4-all source:ecdict family:developments,448
device,di'vais,n.,"n. 装置, 设计, 策略, 发明物, 设备\n[计] 设备; DOS内部命令:该命令要求DOS安装一个设备驱动程序",,,cet4-all source:ecdict cet4 cet6 cet6-core family:devices,1507
devil,'devәl,n.,"n. 魔鬼\nvt. 折磨, 戏弄",,,cet4-all source:ecdict cet4 cet6 family:devils family:devilled family:devilling,4907
devise,di'vaiz,vt.,"vt. 设计, 发明, 图谋, 遗赠给\nn. 遗赠",,,cet4-all source:ecdict cet4 cet6 cet6-core family:devised family:devising family:devises,4960
devote,di'vәut,vt.,"vt. 投入于, 献身",,,cet4-all source:ecdict cet4 cet6 cet6-core family:devoted family:devoting family:devotes,3225
dew,dju:,n.,"n. 露珠, 露水\nvt. (用露水)沾湿\nvi. 结露水",,,cet4-all source:ecdict cet4 cet6 family:dews family:dewed,14536
diagram,'daiәɡræm,n.,n. 图表；图解,,,cet4-all source:ecdict cet4 cet6 family:diagrams family:diagrammed family:diagramming,7324
dial,'daiәl,n.,"n. 刻度盘, 钟面, 转盘\nv. 拨",,,cet4-all source:ecdict cet4 cet6 family:dialled family:dials family:dialing,6092
dialect,'daiәlekt,n.,"n. 方言, 同源语",,,cet4-all source:ecdict cet4 cet6 family:dialects,10722
dialog,'daiәlɒg,n.,"n. 会话, 对话\n[计] 对话",,,cet4-all source:ecdict cet4 cet6,16198
diameter,dai'æmitә,n.,"n. 直径\n[医] 直经, 径",,,cet4-all source:ecdict cet4 cet6 family:diameters,5253
diamond,'daiәmәnd,n.,"n. 钻石, 菱形\n[计] 菱形",,,cet4-all source:ecdict cet4 cet6 family:diamonds,4044
diary,'daiәri,n.,n. 日记\n[经] 日记簿,,,cet4-all source:ecdict cet4 cet6 family:diaries,4334
dictate,'dikteit,vi.,"vi. 听写, 口述, 口授\nvt. 口述, 使听写, 命令\nn. 命令, 指挥, 指令",,,cet4-all source:ecdict cet4 cet6 cet6-core family:dictated family:dictates family:dictating,4933
dictation,dik'teiʃәn,n.,"n. 听写, 口述, 命令",,,cet4-all source:ecdict cet4 cet6 family:dictations,21756
dictionary,'dikʃәnәri,n.,"n. 字典, 词典\n[计] 词典",,,cet4-all source:ecdict family:dictionaries,8493
die,dai,vi.,"vi. 死亡, 消逝, 平息, 熄灭, 漠然, 渴望\nvt. 死\nn. 骰子, 冲模",,,cet4-all source:ecdict family:died family:dying family:dies,403
differ,'difә,vi.,"vi. 不一致, 不同\n[机] 差异, 不同",,,cet4-all source:ecdict cet4 cet6 family:differs family:differed family:differing,2990
difference,'difәrәns,n.,"n. 不同, 差异\n[计] 差分",,,cet4-all source:ecdict cet4 family:differences,496
different,'difәrәnt,adj.,"a. 不同的\n[机] 差动, 微分的, 差速器",,,cet4-all source:ecdict,237
difficult,'difikәlt,adj.,a. 困难的,,,cet4-all source:ecdict,608
difficulty,'difikәlti,n.,"n. 困难, 难点",,,cet4-all source:ecdict cet4 family:difficulties,1686
dig,dig,vt.,"vt. 挖, 翻土, 发掘\nvi. 挖掘\nn. 挖掘\n[计] 数字, 数位",,,cet4-all source:ecdict family:dug family:digging family:digs,2460
digest,di'dʒest,n.,"n. 文摘\nvi. 消化\nvt. 消化, 理解\n[计] 摘要",,,cet4-all source:ecdict cet4 cet6 cet6-core family:digested family:digesting family:digests,9447
digital,'didʒitәl,adj.,"a. 数字显示的, 数字的\nn. 数字仪表, 数字式电子表(或时钟)\n[计] 数字, 数字式",,,cet4-all source:ecdict cet4 cet6,2356
diligent,'dilidʒәnt,adj.,"a. 勤勉的, 用功的",,,cet4-all source:ecdict cet4 cet6 cet6-core,14139
dim,dim,adj.,"a. 暗淡的, 模糊的\nvt. 使暗淡\n[计] 数据解释模块",,,cet4-all source:ecdict cet4 cet6 cet6-core family:dimmed family:dimmer family:dimming family:dimmest family:dims,5733
dimension,dai'menʃәn,n.,"n. 尺寸, 次元, 面积, 维数\nvt. 标出尺寸",,,cet4-all source:ecdict cet4 cet6 cet6-core family:dimensions family:dimensioned family:dimensioning,2420
dinner,'dinә,n.,"n. 晚餐, 正餐, 宴会",,,cet4-all source:ecdict family:dinners,1076
dip,dip,v.,"v. 浸, 降下, 把(手、勺等)伸入, 舀取\nn. 浸, 涉猎\n[计] 双列直插式组件, 分布式输入输出系统, 双排直插封装",,,cet4-all source:ecdict cet4 cet6 family:dipped family:dipping family:dips,4532
direct,di'rekt,adj.,"a. 直接的, 坦白的\nvt. 指示, 指挥, 命令, 导演\nvi. 指导, 指挥\nadv. 直接地",,,cet4-all source:ecdict cet4 cet6 family:directed family:directing family:directs,1478
direction,di'rekʃәn,n.,"n. 方向, 指导, 趋势\n[计] 方向; 流向",,,cet4-all source:ecdict cet4 cet6 family:directions,928
directly,"di'rektli, dai'rektli",adv.,"adv. 径直地, 直接地, 直率地, 正好地, 直截了当地, (非正式)立即, 马上\nconj. 一...(就...), 一当...就...\n[计] 直接的",,,cet4-all source:ecdict cet4 cet6,1139
director,di'rektә,n.,"n. 主管, 导演, 董事\n[计] 寻向偶极子; 指挥仪",,,cet4-all source:ecdict cet4 cet6 family:directors,510
dirt,dә:t,n.,"n. 污垢, 泥土\n[化] 污垢",,,cet4-all source:ecdict cet4,2737
dirty,'dә:ti,adj.,"a. 肮脏的, 卑鄙的\nvt. 弄脏\nvi. 变脏",,,cet4-all source:ecdict family:dirtiest family:dirtier family:dirtying family:dirtied family:dirties,2869
disable,dis'eibl,vt.,"vt. 使失去能力, 使残废, (律)使无资格\n[计] 使无效, 禁止, 关闭",,,cet4-all source:ecdict cet4 cet6 cet6-core family:disabled family:disabling family:disables,11005
disadvantage,.disәd'vɑ:ntidʒ,n.,"n. 缺点, 不利, 坏处",,,cet4-all source:ecdict cet4 cet6 family:disadvantages family:disadvantaged family:disadvantaging,6291
disagree,.disә'gri:,vi.,"vi. 不一致, 不适宜\n[法] 抵触, 不同意, 争执",,,cet4-all source:ecdict cet4 cet6 family:disagreed family:disagrees family:disagreeing,2679
disappear,.disә'piә,vi.,"vi. 消失, 不见",,,cet4-all source:ecdict cet4 cet6 family:disappeared family:disappears family:disappearing,1578
disappoint,.disә'pɒint,vt.,vt. 使失望,,,cet4-all source:ecdict cet4 cet6 family:disappointed family:disappoints family:disappointing,8204
disaster,di'zɑ:stә,n.,"n. 灾祸, 不幸, 彻底失败",,,cet4-all source:ecdict cet4 cet6 cet6-core family:disasters,2321
disk,disk,n.,"n. 圆盘, 磁盘\n[计] 磁盘",,,cet4-all source:ecdict cet4 cet6 family:disks,3761
discard,dis'kɑ:d,vt.,"vt. 丢弃, 抛弃\nvi. 垫牌\nn. 垫牌, 抛弃",,,cet4-all source:ecdict cet4 cet6 cet6-core family:discarded family:discarding family:discards,5416
discharge,dis'tʃɑ:dʒ,vt.,"vt. 卸下, 放出, 解雇, 拔染, 履行, 放电\nvi. 卸货, 流出\nn. 卸货, 流出, 放电",,,cet4-all source:ecdict cet4 cet6 cet6-core family:discharged family:discharges family:discharging,6214
discipline,'disiplin,n.,"n. 训练, 纪律\nvt. 训练, 惩罚",,,cet4-all source:ecdict cet4 cet6 cet6-core family:disciplines family:disciplined family:disciplining,2278
disclose,dis'klәuz,vt.,"vt. 揭露, 透露\n[法] 揭发, 揭露, 公开",,,cet4-all source:ecdict cet4 cet6 cet6-core family:disclosed family:disclosing family:discloses,4420
discourage,dis'kʌridʒ,vt.,"vt. 使气馁, 阻碍",,,cet4-all source:ecdict cet4 cet6 family:discouraged family:discouraging family:discourages,4211
discover,dis'kʌvә,vt.,"vt. 发现, 找到, 暴露\nvi. 发现",,,cet4-all source:ecdict cet4 cet6 family:discovered family:discovering family:discovers,956
discovery,dis'kʌvәri,n.,"n. 发现, 被发现的事物\n[法] 要求告知, 发现, 发觉",,,cet4-all source:ecdict cet4 cet6 family:discoveries,2227
discuss,dis'kʌs,vt.,"vt. 讨论, 论述\n[医] 讨论, 辩论",,,cet4-all source:ecdict family:discussed family:discussing family:discusses,847
discussion,dis'kʌʃәn,n.,n. 讨论,,,cet4-all source:ecdict cet4 cet6 family:discussions,1041
disease,di'zi:z,n.,"n. 疾病, 弊病\n[医] [疾]病",,,cet4-all source:ecdict cet4 cet6 cet6-core family:diseases,775
disguise,dis'gaiz,n.,"n. 假面目, 假装\nvt. 假装, 隐瞒",,,cet4-all source:ecdict cet4 cet6 cet6-core family:disguised family:disguising family:disguises,7364
disgust,dis'gʌst,n.,"n. 厌恶, 嫌恶\nvi. 令人厌恶\nvt. 使作呕",,,cet4-all source:ecdict cet4 cet6 cet6-core family:disgusted family:disgusts family:disgusting,7464
dish,diʃ,n.,"n. 盘子, 碟, 菜肴\n[医] 皿, 碟",,,cet4-all source:ecdict family:dishes family:dishing family:dished,1935
dishonor,dis'ɒnә,n.,"n. 不名誉\nvt. 玷辱, 使蒙羞",,,cet4-all source:ecdict,21366
dislike,dis'laik,n.,"n. 嫌恶\nvt. 讨厌, 不喜欢",,,cet4-all source:ecdict cet4 cet6 family:disliked family:dislikes family:disliking,6813
dismiss,dis'mis,vt.,"vt. 解散, 开除, 解职\nvi. 解散\n[计] 解散",,,cet4-all source:ecdict cet4 cet6 cet6-core family:dismissed family:dismissing family:dismisses,2802
disorder,dis'ɒ:dә,n.,"n. 杂乱, 混乱\nvt. 扰乱, 使失调",,,cet4-all source:ecdict cet4 cet6 cet6-core family:disorders family:disordered family:disordering,2368
display,dis'plei,n.,"n. 显示, 陈列, 炫耀, 显示器\nvt. 陈列, 显示, 表现, 夸示\n[计] 显示器; 显示",,,cet4-all source:ecdict cet4 cet6 cet6-core family:displayed family:displays family:displaying,2092
disposal,dis'pәuzәl,n.,"n. 丢掉, 处理, 排列, 销毁, 布置\n[医] 处理, 处置",,,cet4-all source:ecdict cet4 cet6 cet6-core family:disposals,5580
dispose,dis'pәuz,vt.,"vt. 处理, 排列, 布置\nvi. 处置",,,cet4-all source:ecdict cet4 cet6 cet6-core family:disposing family:disposed family:disposes,6900
displease,dis'pli:z,v.,"v. 使不愉快, 使(人)生气",,,cet4-all source:ecdict cet4 cet6 family:displeasing family:displeased family:displeases,19965
dispute,dis'pju:t,n.,n. 争论\nv. 争论,,,cet4-all source:ecdict cet4 cet6 family:disputes family:disputed family:disputing,2705
dissatisfy,dis'sætisfai,vt.,"vt. 使感觉不满, 不满足",,,cet4-all source:ecdict cet4 cet6 family:dissatisfying family:dissatisfies family:dissatisfier family:dissatisfied,
dissolve,di'zɒlv,v.,"v. 溶解, 解散",,,cet4-all source:ecdict cet4 cet6 family:dissolved family:dissolves family:dissolving,4295
distance,'distәns,n.,"n. 距离, 远方, 遥远\n[计] 位距",,,cet4-all source:ecdict cet4 cet6 family:distances family:distancing family:distanced,1235
distant,'distәnt,adj.,"a. 远的, 疏远的\n[经] 远期的",,,cet4-all source:ecdict cet4 cet6,2630
distinct,dis'tiŋkt,adj.,"a. 清楚的, 显著的, 不同的",,,cet4-all source:ecdict cet4 cet6 cet6-core,3254
distinction,dis'tiŋkʃәn,n.,n. 区别,,,cet4-all source:ecdict cet4 cet6 family:distinctions,2921
distinguish,dis'tiŋgwiʃ,v.,"v. 区别, 辨别",,,cet4-all source:ecdict cet4 cet6 cet6-core family:distinguished family:distinguishes family:distinguishing,3246
distress,di'stres,n.,"n. 苦恼, 贫困, 痛苦\nvt. 使苦恼\na. 亏本出售的",,,cet4-all source:ecdict cet4 cet6 family:distressed family:distresses family:distressing,5194
distribute,di'stribju:t,vt.,"vt. 分配, 散布, 分发\n[经] 分配, 分发",,,cet4-all source:ecdict cet4 cet6 family:distributed family:distributing family:distributes,2944
distribution,.distrә'bju:ʃәn,n.,n. 分配\n[计] 分布,,,cet4-all source:ecdict cet4 cet6 cet6-core family:distributions,2373
district,'distrikt,n.,"n. 区域, 地方\n[医] 地区, 地段",,,cet4-all source:ecdict cet4 cet6 family:districts family:districting family:districted,1266
disturb,dis'tә:b,vt.,"vt. 扰乱, 妨碍, 使不安\n[法] 滋扰, 扰乱",,,cet4-all source:ecdict cet4 cet6 family:disturbed family:disturbing family:disturbs,4565
ditch,ditʃ,n.,n. 沟渠\nvt. 在...开沟\nvi. 开沟,,,cet4-all source:ecdict cet4 cet6 family:ditches family:ditched family:ditching,6890
dive,daiv,n.,"n. 潜水, 跳水\nvi. 跳水, 俯冲, 猛冲\nvt. 把...突然伸入",,,cet4-all source:ecdict cet4 cet6 family:dived family:diving family:dives,5121
diverse,dai'vә:s,adj.,"a. 不同的, 变化多的",,,cet4-all source:ecdict cet4 cet6 cet6-core,2813
divide,di'vaid,vi.,"vi. 分开, 分配, 分裂\nvt. 分, 分开, 分裂, 除\nn. 分配, 分水岭\n[计] 除",,,cet4-all source:ecdict cet4 family:divided family:dividing family:divides,1942
division,di'viʒәn,n.,"n. 分, 分开, 除法, 部门(如部、处、系等), 师\n[计] 部分",,,cet4-all source:ecdict cet4 cet6 family:divisions,1849
divorce,di'vɒ:s,n.,n. 离婚\nvt. 与...离婚,,,cet4-all source:ecdict cet4 cet6 cet6-core family:divorced family:divorces family:divorcing,2978
do,du:,v.,"v. 做, 进行, 完成",,,cet4-all source:ecdict family:doing family:did family:does family:done,18
dock,dɒk,n.,"n. 码头, 船坞, 被告席, 尾巴的骨肉部分\nvt. 使靠码头, 使(船)进港, 剪短\nvi. 进港",,,cet4-all source:ecdict cet4 cet6 cet6-core family:docks family:docked family:docking,4912
doctor,'dɒktә,n.,"n. 医生, 博士\nvt. 授以博士学位, 诊断, 修改\nvi. 行医",,,cet4-all source:ecdict family:doctors family:doctoring family:doctored,570
document,'dɒkjumәnt,n.,"n. 文件, 公文, 文档\nvt. 证明, 为...引证\n[计] 文档",,,cet4-all source:ecdict cet4 cet6 family:documents family:documented family:documenting,1389
dog,dɒg,n.,"n. 狗, 坏蛋\nvt. 跟踪, 尾随",,,cet4-all source:ecdict family:dogs family:dogged family:dogging,753
dollar,'dɒlә,n.,"n. 美元, 元(加、澳等国货币单位)\n[经] 纯经济的, 美元, 元",,,cet4-all source:ecdict family:dollars,
domestic,dәu'mestik,adj.,"a. 家庭的, 国内的, 驯养的\n[医] 家庭的, 家用的",,,cet4-all source:ecdict cet4 cet6 cet6-core family:domestics,1547
donkey,'dɒŋki,n.,"n. 驴子, 笨蛋, 顽固者, 辅助发动机, 辅助泵",,,cet4-all source:ecdict cet4 family:donkeys,9477
door,dɒ:,n.,n. 门,,,cet4-all source:ecdict family:doors,343
dorm,dɒ:m,n.,n. 宿舍,,,cet4-all source:ecdict cet4 cet6 family:dorms,8314
dormitory,'dɒ:mitәri,n.,n. 宿舍,,,cet4-all source:ecdict cet4 cet6 family:dormitories,10947
dose,dәus,n.,"n. 剂量, 服用量\nvt. 给药, (用药)医治\nvi. 服药",,,cet4-all source:ecdict cet4 cet6 family:doses family:dosed family:dosing,3523
dot,dɒt,n.,"n. 点, 圆点, 小数点, 小东西, 嫁妆\nvt. 作小点记号, 加小点于\nvi. 打上点\n[计] 点",,,cet4-all source:ecdict cet4 family:dots family:dotted family:dotting,4480
double,'dʌbl,n.,"n. 两倍\na. 两倍的, 双重的\nvt. 使加倍\nvi. 加倍, 代替, 快步走\n[计] 双精度型",,,cet4-all source:ecdict family:doubled family:doubling family:doubles,2202
doubt,daut,n.,"n. 怀疑, 疑惑\nv. 怀疑, 不信",,,cet4-all source:ecdict cet4 cet6 family:doubts family:doubted family:doubting,1906
doubtful,'dautful,adj.,"a. 可疑的, 疑心的, 不明确的\n[法] 怀疑的, 有疑问的, 未确的",,,cet4-all source:ecdict cet4 cet6,9015
doubtless,'dautlis,adj.,"a. 无疑的, 确定的\nadv. 无疑地, 确定地",,,cet4-all source:ecdict cet4 cet6 cet6-core,12222
down,daun,adj.,"a. 向下的\nadv. 下, 下去, 降下\nprep. 往下, 沿着\nn. 丘陵, 软毛, 开阔的高地\n[计] 向下, 退下命令",,,cet4-all source:ecdict family:downs family:downing family:downed,118
downstairs,'daun'stєәz,n.,n. 楼下\na. 楼下的\nadv. 在楼下,,,cet4-all source:ecdict cet4,5467
downward,'daunwәd,adj.,a. 向下的,,,cet4-all source:ecdict cet4 cet6,8257
dozen,'dʌzn,n.,"n. 打, 十二个\na. 一打的",,,cet4-all source:ecdict cet4,1194
draft,dræft. drɑ:ft,n.,"n. 气流, 草稿, 汇票, 草案\nvt. 起草, 征兵\n[计] 草稿",,,cet4-all source:ecdict cet4 cet6 cet6-core family:drafted family:drafting family:drafts,2624
drag,dræg,n.,"n. 拖, 拖累\nv. 拖累, 拖拉, 沉重缓慢地走, 拖动\n[计] 拖动",,,cet4-all source:ecdict cet4 cet6 cet6-core family:dragged family:dragging family:drags,2127
dragon,'drægәn,n.,"n. 龙, 凶暴的人\n[法] 凶恶的人, 凶恶严厉的监护人",,,cet4-all source:ecdict cet4 cet6 family:dragons,5085
drain,drein,n.,"n. 排水沟, 消耗, 排水\nvt. 排出, 喝光, 耗尽\nvi. 排水, 流干",,,cet4-all source:ecdict cet4 cet6 cet6-core family:drains family:drained family:draining,3601
drama,'drɑ:mә,n.,"n. 戏剧, 戏剧艺术",,,cet4-all source:ecdict cet4 cet6 family:dramas,2631
dramatic,drә'mætik,adj.,"a. 戏剧性的, 生动的",,,cet4-all source:ecdict cet4 cet6 cet6-core family:dramatics,2119
draw,drɒ:,vi.,"vi. 拉, 拖, 拔剑\nvt. 拖拉, 挨近, 领取, 打成平局, 引导, 抽签决定, 画, 描写, 制订, 草拟, 吸引\nn. 拉, 拖, 拔出, 抽签, 平局\n[计] 翻牌, 绘图",,,cet4-all source:ecdict family:drawn family:drew family:drawing family:draws,592
drawer,'drɒ:ә,n.,"n. 抽屉, 开票人\n[计] 抽屉",,,cet4-all source:ecdict cet4 cet6 family:drawers,4212
drawing,'drɒ:iŋ,n.,"n. 图画, 制图, 拉\n[计] 绘图",,,cet4-all source:ecdict cet4 cet6 family:draw family:i family:drawings family:drawing,2521
dread,dred,n.,"n. 恐惧, 可怕的人(或事)\na. 可怕的, 可怖的\nv. 恐惧, 害怕",,,cet4-all source:ecdict cet4 cet6 cet6-core family:dreaded family:dreading family:dreads,9181
dream,dri:m,n.,"n. 梦, 空想, 愿望\nv. 做梦, 想象, 梦想",,,cet4-all source:ecdict cet4 cet6 family:dreams family:dreaming family:dreamed,990
dress,dres,n.,"n. 服装, 覆盖物\nvi. 穿着\nvt. 给...穿衣, 整理",,,cet4-all source:ecdict family:dressed family:dresses family:dressing,1437
drift,drift,n.,"n. 漂流物, 漂流, 动向\nv. (使)漂流",,,cet4-all source:ecdict cet4 cet6 family:drifted family:drifting family:drifts,3599
drill,dril,n.,"n. 钻孔机, 钻子, 播种机, 粗斜纹布\nv. 训练, 钻孔",,,cet4-all source:ecdict cet4 cet6 cet6-core family:drilling family:drills family:drilled,4760
drink,driŋk,n.,"n. 饮料, 酒\nv. 喝, 喝酒",,,cet4-all source:ecdict family:drinks family:drinking family:drank family:drunk,1232
drip,drip,n.,n. 水滴\nv. (使)滴下,,,cet4-all source:ecdict cet4 cet6 family:dripping family:dripped family:drips,6019
drive,draiv,n.,"n. 驾车, 快车道, 推进力, 驱动, 动力, 击球, 驱动器\nvt. 开车, 驱使, 推动, 驾驶\nvi. 开车, 猛击, 飞跑\n[计] 驱动器",,,cet4-all source:ecdict family:drove family:driven family:driving family:drives,490
driver,'draivә,n.,"n. 驾驶员, 驱动器, 驱动程序\n[化] 驱动器",,,cet4-all source:ecdict family:drivers,1226
drop,drɒp,n.,"n. 滴, 微量, 落下, 空投\nvi. 放下, 掉下, 下降\nvt. 使滴下, 放下, 丢失, 遗漏\n[计] 投入, 投入点, 接入点, 分接点",,,cet4-all source:ecdict cet4 cet6 family:dropped family:dropping family:drops,690
drought,draut,n.,"n. 干旱, 缺乏",,,cet4-all source:ecdict cet4 cet6 cet6-core family:droughts,5353
drown,draun,vi.,"vi. 淹死\nvt. 把...淹死, 淹没",,,cet4-all source:ecdict cet4 cet6 family:drowned family:drowning family:drowns,4927
drug,drʌg,n.,"n. 药, 麻药, 麻醉药\nvi. 吸毒\nvt. 使服麻醉药, 使麻木",,,cet4-all source:ecdict cet4 cet6 family:drugs family:drugged family:drugging,461
drum,drʌm,n.,"n. 鼓, 鼓声\nvi. 击鼓, 作鼓声\nvt. 打鼓奏出\n[计] 磁鼓",,,cet4-all source:ecdict cet4 cet6 family:drums family:drummed family:drumming,4116
drunk,drʌŋk,adj.,a. 喝醉了的\ndrink的过去式,,,cet4-all source:ecdict cet4 cet6 family:drink family:dp family:drunk family:drunks family:drunker,3701
dry,drai,adj.,"a. 干的, 无酒的, 枯燥无味的, 干燥的\nvt. 把...弄干\nvi. 变干\nn. 干, 干涸",,,cet4-all source:ecdict family:dried family:drying family:dries family:drier family:driest,1561
duck,dʌk,n.,"n. 鸭子\nvi. 没入水中, 闪避\nvt. 猛按...入水, 躲避",,,cet4-all source:ecdict cet4 cet6 family:ducks family:ducked family:ducking,3521
due,dju:,n.,"n. 应得的东西, 应付款\na. 到期的, 应得的, 应付的, 约定的",,,cet4-all source:ecdict cet4 cet6,1796
dull,dʌl,adj.,"a. 钝的, 无趣的, 呆滞的, 阴暗的\nvt. 使迟钝, 使阴暗, 缓和\nvi. 变迟钝, 减少",,,cet4-all source:ecdict cet4 cet6 family:duller family:dulled family:dullest family:dulling family:dulls,5094
dumb,dʌm,adj.,"a. 哑的, 不说话的, 无声音的\n[医] 哑的",,,cet4-all source:ecdict cet4 cet6 family:dumbing family:dumbest family:dumbed family:dumber,4659
dump,dʌmp,n.,"n. 垃圾场\nvt. 倾倒, 倾销\nvi. 倒垃圾, 倾销商品\n[计] 转出; 转储; 倾卸; 切断电源",,,cet4-all source:ecdict cet4 cet6 family:dumped family:dumping family:dumps,3636
durable,'djurәbl,adj.,"a. 持久的, 耐用的",,,cet4-all source:ecdict cet4 cet6 family:durables,7949
duration,dju'reiʃәn,n.,"n. 持续时间, 持续\n[计] 持续时间",,,cet4-all source:ecdict cet4 cet6 family:durations,5426
during,'djuәriŋ,prep.,prep. 在...的时候,,,cet4-all source:ecdict,198
dusk,dʌsk,n.,"n. 薄暮, 傍晚, 黄昏\na. 微暗的\nv. (使)微暗",,,cet4-all source:ecdict cet4 cet6 family:dusks family:dusking family:dusked,7212
dust,dʌst,n.,"n. 灰尘, 尘埃, 粉末, 花粉, 土, 骚乱\nvt. 拂去灰尘, 撒, 弄成粉末\nvi. 拂去灰尘, 化为粉末",,,cet4-all source:ecdict cet4 cet6 family:dusting family:dusted family:dusts,2263
duty,'dju:ti,n.,"n. 责任, 关税, 职务, 尊敬\n[化] 职责",,,cet4-all source:ecdict cet4 cet6 family:duties,1752
dwelling,'dweliŋ,n.,n. 住处\n[医] 住房,,,cet4-all source:ecdict cet4 cet6 family:dwellings family:dwelling family:i,8213
dye,dai,n.,"n. 颜料, 染料\nvt. 染, 染色\nvi. 被着色",,,cet4-all source:ecdict cet4 cet6 family:dyes family:dyed family:dyeing,8956
dying,'daiiŋ,adj.,"a. 垂死的\n[法] 快要死的, 垂死的, 临终的",,,cet4-all source:ecdict cet4 cet6 family:die family:i family:dying,4582
dynamic,dai'næmik,adj.,"a. 动态的, 有活力的, 有力的, 动力的, 不断变化的\nn. 动力, 动态\n[计] 动态的",,,cet4-all source:ecdict cet4 cet6,3978
each,i:tʃ,adj.,"a. 每个, 每一\nadv. 每个\npron. 每个, 个人, 各自",,,cet4-all source:ecdict,192
eager,'i:gә,adj.,"a. 热心的, 渴望的, 热望的",,,cet4-all source:ecdict cet4 cet6,3123
eagle,'i:gl,n.,"n. 鹰, 鹰状标饰",,,cet4-all source:ecdict cet4 cet6 cet6-core family:eagles family:eagled family:eagling,45890
ear,iә,n.,"n. 耳朵, 倾听, 听觉, 穗\nvi. 抽穗",,,cet4-all source:ecdict family:ears,1337
early,'ә:li,adj.,"a. 早的, 早熟的\nadv. 很早, 初",,,cet4-all source:ecdict family:earlier family:earliest,365
earn,ә:n,vt.,"vt. 赚得, 获得, 博得\n[计] 欧州科学研究网",,,cet4-all source:ecdict cet4 family:earning family:earned family:earns,1305
earnest,'ә:nist,n.,"n. 定金, 诚挚, 认真\na. 认真的, 热心的, 重要的",,,cet4-all source:ecdict cet4 cet6 family:earnests,7000
earth,ә:θ,n.,"n. 地球, 泥土, 世界, 尘世\nvt. 埋入土中, 赶入洞内\nvi. 躲入洞内",,,cet4-all source:ecdict family:earths family:earthed family:earthing,1547
earthquake,'ә:θkweik,n.,n. 地震,,,cet4-all source:ecdict cet4 cet6 family:earthquakes,4261
ease,i:z,n.,"n. 安乐, 安逸, 悠闲\nvt. 使安乐, 使安心, 减轻, 放松\nvi. 减轻, 放松, 灵活地移动",,,cet4-all source:ecdict cet4 cet6 family:eased family:easing family:eases,3229
easily,'i:zili,adv.,"adv. 容易地, 轻易地, 流利地",,,cet4-all source:ecdict cet4,1211
east,i:st,n.,"n. 东方, 东\na. 东方的, 向东的\nadv. 向东方, 朝东方",,,cet4-all source:ecdict,733
eastern,'i:stәn,n.,"n. 东方人, 东正教徒\na. 东方的, 向东的, 自东的",,,cet4-all source:ecdict cet4,1503
easy,'i:zi,adj.,"a. 容易的, 缓缓的, 舒适的, 从容的, 宽容的, 流畅的, 随便的, 自在的, 疲软的\nadv. 容易地, 慢慢地",,,cet4-all source:ecdict family:easier family:easiest,549
eat,i:t,v.,"v. 吃, 腐蚀",,,cet4-all source:ecdict family:eating family:ate family:eaten family:eats,543
echo,'ekәu,n.,"n. 回声, 回音, 回波\nvi. 发回声, 随声附和\nvt. 摹仿, 重复, 反射\n[计] 回显; DOS批处理命令:控制MS-DOS命令是否在屏幕上显示",,,cet4-all source:ecdict cet4 cet6 family:echoed family:echoes family:echoing,3424
economic,.i:kә'nɒmik,adj.,"a. 经济上的, 实用的, 节省的\n[经] 经济的",,,cet4-all source:ecdict cet4 cet6 cet6-core,453
economical,.i:kә'nɒmikәl,adj.,"a. 节俭的, 经济的, 合算的\n[经] 经济的, 节约的",,,cet4-all source:ecdict cet4 cet6 cet6-core,11250
economy,i'kɒnәmi,n.,"n. 经济, 理财, 节约\n[医] 经济, 整体",,,cet4-all source:ecdict cet4 cet6 cet6-core family:economies,645
edge,edʒ,n.,"n. 边缘, 尖锐, 刀刃, 优势\nvt. 使锐利, 挤进, 镶边\nvi. 缓缓移动",,,cet4-all source:ecdict cet4 cet6 family:edges family:edged family:edging,977
edition,i'diʃәn,n.,"n. 版本, 版, 翻版",,,cet4-all source:ecdict cet4 cet6 family:editions,3155
editor,'editә,n.,"n. 编者, 编辑, 主笔, 编辑器, 编辑装置\n[计] 编辑器",,,cet4-all source:ecdict cet4 cet6 family:editors,1385
educate,'edjukeit,vt.,"vt. 教育, 培养, 训练",,,cet4-all source:ecdict cet4 family:educated family:educating family:educates,3033
education,.edju'keiʃәn,n.,"n. 教育, 训练, 教育学\n[医] 教育, 训练",,,cet4-all source:ecdict cet4,376
effect,i'fekt,n.,"n. 结果, 影响, 效果, 印象\nvt. 实行, 引起, 完成\n[计] 效果",,,cet4-all source:ecdict cet4 cet6 family:effects family:effected family:effecting,427
effective,i'fektiv,adj.,"a. 有效的, 有力的, 实际的\nn. 有生力量",,,cet4-all source:ecdict cet4 cet6 cet6-core,1133
efficiency,i'fiʃәnsi,n.,"n. 效率, 效能, 功效\n[医] 效率, 效力",,,cet4-all source:ecdict cet4 cet6 cet6-core family:efficiencies,3047
efficient,i'fiʃәnt,adj.,"a. 有效率的, 能干的",,,cet4-all source:ecdict cet4 cet6 cet6-core,2998
effort,'efәt,n.,"n. 努力, 成就",,,cet4-all source:ecdict cet4 cet6 family:efforts,454
egg,eg,n.,"n. 蛋, 卵\nvt. 挑唆, 煽动, 调蛋黄",,,cet4-all source:ecdict family:eggs family:egged family:egging,1376
eight,eit,num.,"num. 八, 八个",,,cet4-all source:ecdict,739
eighteen,'ei'ti:n,num.,"num. 十八, 十八个",,,cet4-all source:ecdict cet4,5480
eighth,eitθ,num.,"num. 第八, 八分之一",,,cet4-all source:ecdict,4425
eighty,'eiti,num.,"num. 八十, 八十个",,,cet4-all source:ecdict cet4,7486
either,'i:ðә,adj.,"a. (两者之中)任一的, (两者之中)各一的\npron. (两者之中)任一\nconj. 或, 要么",,,cet4-all source:ecdict,558
elaborate,i'læbәreit,adj.,"a. 精细的, 详尽的, 精心计划(或制作)的\nvt. 详细地说明, 用心地制作, 发挥\nvi. 变复杂, 作详细说明",,,cet4-all source:ecdict cet4 cet6 cet6-core family:elaborated family:elaborating family:elaborates,4630
elastic,i'læstik,n.,"n. 松紧带, 橡皮筋\na. 有弹性的, 能伸缩的, 可通融的",,,cet4-all source:ecdict cet4 cet6 cet6-core family:elastics,11772
elbow,'elbәu,n.,"n. 手肘, 弯头, 扶手\nv. 用手肘推开, 推挤",,,cet4-all source:ecdict cet4 cet6 family:elbows family:elbowed family:elbowing,3512
elder,'eldә,n.,"n. 年长者, 老人, 前辈\na. 年长的, 资深的",,,cet4-all source:ecdict cet4 family:elder family:r family:elders,4056
elect,i'lekt,n.,"n. 当选人, 被选的人\na. 被选的, 选出的\nvt. 选举, 选择\nvi. 作选择",,,cet4-all source:ecdict cet4 family:elected family:electing family:elects,2265
election,i'lekʃәn,n.,"n. 选举, 当选, 选择权\n[法] 选举, 当选",,,cet4-all source:ecdict cet4 cet6 family:elections,801
electric,i'lektik,adj.,"a. 电的, 导电的, 电动的\n[医] 电的",,,cet4-all source:ecdict cet4 cet6 cet6-core family:electrics,2696
electrical,i'lektrikәl,adj.,"a. 电的, 有关电的\n[医] 电的",,,cet4-all source:ecdict cet4 cet6 cet6-core family:electricals,3789
electricity,.ilek'trisiti,n.,"n. 电, 电流, 电学, 热情, 电力供应\n[化] 电学; 电",,,cet4-all source:ecdict cet4 cet6 cet6-core,2719
electron,i'lektrɒn,n.,n. 电子\n[化] 电子,,,cet4-all source:ecdict cet4 cet6 cet6-core family:electrons,5566
electronic,.ilek'trɒnik,adj.,a. 电子的\n[计] 电子工业协会接口,,,cet4-all source:ecdict cet4 cet6 cet6-core,2407
electronics,.ilek'trɒniks,n.,n. 电子学\n[计] 电子学,,,cet4-all source:ecdict cet4 cet6,4863
element,'elimәnt,n.,"n. 元件, 元素, 要素\n[计] 部分; 成分; 单元; 码元; 元件; 元素; 单元",,,cet4-all source:ecdict cet4 cet6 cet6-core family:elements,1214
elementary,.eli'mentәri,adj.,"a. 初步的, 基本的\n[医] 元素的, 基础的, 初级的",,,cet4-all source:ecdict cet4 cet6 cet6-core,2511
elephant,'elifәnt,n.,n. 象,,,cet4-all source:ecdict cet4 cet6 family:elephants,4355
elevator,'eliveitә,n.,"n. 电梯, 升降机\n[化] 提升机",,,cet4-all source:ecdict cet4 cet6 family:elevators,3871
eleven,i'levn,num.,"num. 十一, 十一个",,,cet4-all source:ecdict,4273
eleventh,i'levnθ,num.,"num. 第十一, 十一分之一",,,cet4-all source:ecdict,13428
eliminate,i'limineit,vt.,"vt. 除去, 排除, 剔除, 消除",,,cet4-all source:ecdict cet4 cet6 cet6-core family:eliminated family:eliminating family:eliminates,1838
elimination,i.limi'neiʃәn,n.,"n. 除去, 消除, 消灭\n[化] 消去; 脱去",,,cet4-all source:ecdict cet4 cet6 family:eliminations,7330
else,els,adj.,"a. 别的, 其他的\nadv. 另外, 否则, 不然",,,cet4-all source:ecdict,440
elsewhere,'elshwєә,adv.,adv. 在别处,,,cet4-all source:ecdict cet4 cet6,2279
embarrass,im'bærәs,vt.,"vt. 使困窘, 使局促不安, 阻碍",,,cet4-all source:ecdict cet4 cet6 cet6-core family:embarrassed family:embarrassing family:embarrasses,7138
embrace,im'breis,n.,"n. 拥抱\nvt. 拥抱, 互相拥抱, 包含, 收买\nvi. 拥抱",,,cet4-all source:ecdict cet4 cet6 family:embracing family:embraced family:embraces,2473
emerge,i'mә:dʒ,vi.,"vi. 浮现, 形成, 出现, (事实)显露",,,cet4-all source:ecdict cet4 cet6 cet6-core family:emerged family:emerges family:emerging,1300
emergency,i'mә:dʒәnsi,n.,"n. 紧急状况, 紧急事件, 紧急需要\n[化] 紧急情况",,,cet4-all source:ecdict cet4 cet6 cet6-core family:emergencies,1725
emit,i'mit,vt.,"vt. 发出, 放射, 发表(意见等), 散发, 发行\n[化] 放射",,,cet4-all source:ecdict cet4 cet6 family:emitted family:emitting family:emits,6273
emotion,i'mәuʃәn,n.,"n. 情绪, 激动, 强烈的情感\n[医] 情绪, 情感",,,cet4-all source:ecdict cet4 cet6 cet6-core family:emotions,2117
emotional,i'mәuʃәnәl,adj.,"a. 情绪的, 情感的\n[医] 情绪的",,,cet4-all source:ecdict cet4 cet6,1617
emperor,'empәrә,n.,"n. 皇帝, 君主",,,cet4-all source:ecdict cet4 cet6 family:emperors,7060
emphasis,'emfәsis,n.,"n. 强调, 加强, 重点, 强语气",,,cet4-all source:ecdict cet4 cet6 cet6-core,2346
emphasize,'emfәsaiz,vt.,"vt. 强调, 加强语气, 着重",,,cet4-all source:ecdict cet4 cet6 cet6-core family:emphasized family:emphasizes family:emphasizing,1975
empire,'empaiә,n.,"n. 帝国, 帝权",,,cet4-all source:ecdict cet4 cet6 family:empires,4218
employ,im'plɒi,n.,"n. 雇用\nvt. 雇用, 使用, 使从事于",,,cet4-all source:ecdict cet4 cet6 family:employed family:employs family:employing,1962
employee,.emplɒi'i:,n.,"n. 职员, 员工, 受雇人员\n[化] 职工; 雇员",,,cet4-all source:ecdict cet4 cet6 family:employees,930
employer,im'plɒiә,n.,"n. 雇主, 老板\n[经] 雇主, 业主",,,cet4-all source:ecdict cet4 cet6 family:employers,2297
employment,im'plɒimәnt,n.,"n. 雇用, 职业, 工作\n[经] 职业, 雇用, 职工招请",,,cet4-all source:ecdict cet4 cet6 cet6-core family:employments,2534
empty,'empti,adj.,"a. 空的, 空虚的, 空腹的, 空洞的\nn. 空的东西, 空车\nvt. 倒空, 使变空, 使排出\nvi. 流空\n[计] 空",,,cet4-all source:ecdict family:emptied family:emptying family:empties family:emptier family:emptiest,1644
enable,i'neibl,vt.,"vt. 使能够\n[计] 允许, 使能, 打开",,,cet4-all source:ecdict cet4 cet6 family:enables family:enabled family:enabling,2192
enclose,in'klәuz,vt.,"vt. 围绕, 圈起, 放入封套, 附上",,,cet4-all source:ecdict cet4 cet6 family:enclosed family:enclosing family:encloses,8459
encounter,in'kauntә,n.,"n. 相会, 相遇, 遭遇\nvt. 遇见, 邂逅, 会战\nvi. 偶然相遇",,,cet4-all source:ecdict cet4 cet6 cet6-core family:encountered family:encounters family:encountering,2712
encourage,in'kʌridʒ,vt.,"vt. 鼓励, 支持, 激励\n[法] 怂恿, 煽动, 助长",,,cet4-all source:ecdict cet4 cet6 cet6-core family:encouraged family:encourages family:encouraging,1184
end,end,n.,"n. 结束, 终点, 目标, 末端, 梢, 死亡, 残余\nv. 结束, 终结, 终止\n[计] 端; 结束",,,cet4-all source:ecdict family:ended family:ends family:ending,278
ending,'endiŋ,n.,"n. 终止, 终了, 收场\n[医] 末梢",,,cet4-all source:ecdict cet4 cet6 family:end family:i family:endings family:ending,5188
endless,'endlis,adj.,"a. 不停的, 无穷尽的, 无尽的\n[机] 无端的, 环状的",,,cet4-all source:ecdict cet4 cet6,3722
endure,in'djuә,vt.,"vt. 忍受, 忍耐, 容忍, 耐\nvi. (正式)持久, 持续\n[计] 仍能工作, 继续工作",,,cet4-all source:ecdict cet4 cet6 cet6-core family:endured family:endures family:enduring,3650
enemy,'enimi,n.,"n. 敌人, 仇敌, 敌军\na. 敌人的",,,cet4-all source:ecdict cet4 family:enemies,1596
energy,'enәdʒi,n.,"n. 精力, 精神, 活力, 能量\n[化] 能; 能量",,,cet4-all source:ecdict cet4 cet6 family:energies,615
enforce,in'fɒ:s,vt.,"vt. 强迫, 执行, 坚持\n[经] 予以强制执行",,,cet4-all source:ecdict cet4 cet6 cet6-core family:enforced family:enforcing family:enforces,3545
engage,in'geidʒ,vi.,"vi. 答应, 从事, 交战\nvt. 使忙碌, 雇佣, 预定, 使从事于, 使参加",,,cet4-all source:ecdict cet4 cet6 cet6-core family:engaged family:engaging family:engages,1387
engine,'endʒin,n.,"n. 引擎, 发动机, 机车\nvt. 安装发动机于",,,cet4-all source:ecdict cet4 cet6 cet6-core family:engines family:engined,1569
engineer,.endʒi'niә,n.,"n. 工程师, 工兵\nvt. 设计, 监造, 精明地处理, 策划",,,cet4-all source:ecdict cet4 cet6 family:engineers family:engineered family:engineering,1997
engineering,.endʒi'niәriŋ,n.,"n. 工程学, 工程, 操纵\n[化] 机器; 机器学",,,cet4-all source:ecdict cet4 cet6 family:engineering family:i,2385
england,'iŋglәnd,n.,"n. 英格兰\n[法] 英格兰, 英国",,,cet4-all source:ecdict,
english,'iŋgliʃ,n.,"n. 英语\na. 英文的, 英国人的",,,cet4-all source:ecdict,1782
englishman,'iŋgliʃmәn,n.,n. 英国人,,,cet4-all source:ecdict cet4 family:englishmen,10271
enjoy,in'dʒɒi,vt.,"vt. 享受, 喜欢, 欣赏\n[法] 享受, 享有, 获得某种利益",,,cet4-all source:ecdict family:enjoyed family:enjoying family:enjoys,881
enlarge,in'lɑ:dʒ,vt.,"vt. 扩大, 增大\nvi. 扩大, 详述",,,cet4-all source:ecdict cet4 cet6 family:enlarged family:enlarging family:enlarges,7530
enormous,i'nɒ:mәs,adj.,"a. 巨大的, 庞大的",,,cet4-all source:ecdict cet4 cet6 cet6-core,1994
enough,i'nʌf,n.,"n. 充足, 够, 很多\na. 充足的, 足够\nadv. 足够\ninterj. 够了",,,cet4-all source:ecdict,374
ensure,in'ʃuә,vt.,"vt. 确定, 保证, 担保, 保护\n[经] 确保, 确定",,,cet4-all source:ecdict cet4 cet6 family:ensuring family:ensures family:ensured,1754
enter,'entә,vt.,"vt. 进入, 参加, 开始, 输入, 回车\nvi. 进去, 参加\n[计] 输入, 回车",,,cet4-all source:ecdict cet4 family:entered family:entering family:enters,709
entertain,.entә'tein,vt.,"vt. 娱乐, 招待, 怀抱\nvi. 款待",,,cet4-all source:ecdict cet4 cet6 family:entertained family:entertaining family:entertains,4949
enthusiasm,in'θju:ziæzәm,n.,"n. 巨大的热情, 热心",,,cet4-all source:ecdict cet4 cet6 cet6-core family:enthusiasms,3716
enthusiastic,in.θju:zi'æstik,adj.,"a. 狂热的, 热心的, 热烈的",,,cet4-all source:ecdict cet4 cet6 cet6-core,5508
entire,in'taiә,n.,"n. 整个, 全部\na. 全体的, 完全的, 全部的",,,cet4-all source:ecdict cet4 cet6,868
entitle,in'taitl,vt.,"vt. 给...权利, 取名为, 给予名称, 叫做\n[法] 给...权利, 使有资格, 称呼",,,cet4-all source:ecdict cet4 cet6 cet6-core family:entitled family:entitles family:entitling,3465
entrance,'entrәns,n.,"n. 入口, 进入点, 入场, 入学, 进入, 开始(阶段), 就任\nvt. 使出神, 使入迷\n[计] 入口",,,cet4-all source:ecdict cet4 cet6 family:entrances family:entranced family:entrancing,2877
entry,'entri,n.,"n. 登录, 条目, 进入, 入口, 报关\n[计] 登录项, 输入项, 条目",,,cet4-all source:ecdict cet4 cet6 family:entries,2338
envelope,'envәlәup,n.,"n. 信封, 封套, 封袋\n[医] 膜, 包袋",,,cet4-all source:ecdict cet4 cet6 family:envelopes,3879
environment,in'vairәnmәnt,n.,"n. 环境, 外界, 围绕\n[计] 环境",,,cet4-all source:ecdict cet4 cet6 cet6-core family:environments,855
envy,'envi,n.,"n. 羡慕, 嫉妒\nvt. 羡慕, 嫉妒",,,cet4-all source:ecdict cet4 cet6 family:envied family:envying family:envies,8491
equal,'i:kwәl,n.,"n. 对手, 匹敌, 同辈\na. 相等的, 平等的, 胜任的, 合适的, 平静的, 不相上下的\nvt. 等于, 比得上\n[计] 等长度编码",,,cet4-all source:ecdict cet4 cet6 family:equals family:equalled family:equalling,1830
equality,i:'kwɒliti,n.,"n. 平等, 均匀, 相等\n[法] 同等, 平等, 相等",,,cet4-all source:ecdict cet4 cet6 cet6-core family:equalities,4590
equation,i'kweiʃәn,n.,"n. 相等, 等式, 平衡\n[化] 方程式; 等式; 反应式; 公式",,,cet4-all source:ecdict cet4 cet6 family:equations,3982
equip,i'kwip,vt.,"vt. 装备, 配备\n[机] 设备, 装置",,,cet4-all source:ecdict cet4 cet6 cet6-core family:equipped family:equipping family:equips,4145
equipment,i'kwipmәnt,n.,"n. 装备, 设备, 才能\n[化] 设备; 装备; 装置",,,cet4-all source:ecdict cet4 cet6 family:equipments,1352
equivalent,i'kwivәlәnt,n.,"n. 同等物, 等价物, 相等物\na. 相等的, 相当的, 同意义的\n[计] 等价的",,,cet4-all source:ecdict cet4 cet6 cet6-core family:equivalents,4330
era,'iәrә,n.,"n. 时代, 纪元, 时期",,,cet4-all source:ecdict cet4 cet6 family:eras,1884
erect,i'rekt,adj.,"a. 直立的, 竖立的, 笔直的\nvt. 使竖立, 使直立, 树立, 建立\nvi. 勃起",,,cet4-all source:ecdict cet4 cet6 cet6-core family:erected family:erecting family:erects,6356
error,'erә,n.,"n. 错误, 过失, 失误, 误差\n[计] 错误",,,cet4-all source:ecdict cet4 cet6 family:errors,2198
escape,i'skeip,n.,"n. 逃亡, 避难设备, 逃跑\nvi. 逃脱, 避开, 溜走\nvt. 逃避, 避免, 被...忘掉",,,cet4-all source:ecdict cet4 cet6 family:escaped family:escaping family:escapes,2034
especially,i'speʃәli,adv.,"adv. 尤其, 特别, 格外",,,cet4-all source:ecdict cet4 cet6,515
essay,'esei. e'sei,n.,"n. 随笔, 短文, 评论, 企图\nvt. 试图",,,cet4-all source:ecdict cet4 cet6 family:essays family:essayed family:essaying,2536
essential,i'senʃәl,n.,"n. 要素, 要点, 本质\na. 必要的, 重要的, 本质的\n[计] 本质冒险",,,cet4-all source:ecdict cet4 cet6 cet6-core family:essentials,1949
establish,i'stæbliʃ,vt.,"vt. 建立, 确立, 制定\nvi. 移植生长",,,cet4-all source:ecdict cet4 cet6 cet6-core family:established family:establishing family:establishes,896
establishment,i'stæbliʃmәnt,n.,"n. 确立, 制定, 设施\n[经] 企业, 公司, 商店",,,cet4-all source:ecdict cet4 cet6 family:establishments,2890
estimate,'estimeit,n.,"n. 估计, 判断\nvt. 估计, 评价, 判断\nvi. 估计",,,cet4-all source:ecdict cet4 cet6 cet6-core family:estimated family:estimates family:estimating,1798
europe,'juәrәp,n.,n. 欧洲,,,cet4-all source:ecdict,
european,.juәrә'pi:әn,n.,"n. 欧洲人\na. 欧洲的, 欧洲人的",,,cet4-all source:ecdict family:europeans,1263
evaluate,i'væljueit,vt.,"vt. 评估, 评价, 赋值",,,cet4-all source:ecdict cet4 cet6 cet6-core family:evaluated family:evaluating family:evaluates,2339
evaporate,i'væpәreit,vi.,"vi. 蒸发, 失去水分, 消失\nvt. 使蒸发, 使脱水, 使消失",,,cet4-all source:ecdict cet4 cet6 family:evaporated family:evaporates family:evaporating,7887
eve,i:v,n.,"n. 前夕, 前夜",,,cet4-all source:ecdict cet4 family:eves,6991
even,'i:vәn,adj.,"a. 平坦的, 相等的, 连贯的, 均等的, 公平的, 偶数的, 平均的, 平衡的, 恰好的\nvt. 使平坦, 使相等\nvi. 变平, 成为相等\nadv. 甚至, 实际上, 完全, 十分\nn. 偶数, 偶校验\n[计] 偶数, 偶校验",,,cet4-all source:ecdict family:evening family:evened family:evens,107
evening,'i:vniŋ,n.,"n. 傍晚, 晚间, 末期",,,cet4-all source:ecdict family:i family:even family:evenings,961
event,i'vent,n.,"n. 事件, 结果, 事情的进程, 竞赛项目\n[计] 事件",,,cet4-all source:ecdict cet4 family:events,525
eventually,i'ventʃuәli,adv.,"adv. 最后, 终于",,,cet4-all source:ecdict cet4 cet6,1106
ever,'evә,adv.,"adv. 曾经, 究竟, 永远",,,cet4-all source:ecdict,280
every,'evri,adj.,"a. 每一, 所有的",,,cet4-all source:ecdict,172
everybody,'evribɒdi,pron.,"pron. 每个人, 人人",,,cet4-all source:ecdict,799
everyday,'evri'dei,adj.,"a. 每天的, 日常的, 平常的",,,cet4-all source:ecdict cet4,3291
everyone,'evriwʌn,pron.,"pron. 每个人, 人人\n[计] 系统中的一个组名",,,cet4-all source:ecdict,529
everything,'evriθiŋ,pron.,"pron. 每件事物, 所有事物",,,cet4-all source:ecdict,389
everywhere,'evrihwєә,adv.,"adv. 各处, 到处",,,cet4-all source:ecdict,1938
evidence,'evidәns,n.,"n. 根据, 证据, 迹象\n[经] 证据, 凭证",,,cet4-all source:ecdict cet4 cet6 cet6-core family:evidenced family:evidences family:evidencing,606
evident,'evidәnt,adj.,"a. 显然的, 明显的",,,cet4-all source:ecdict cet4 cet6 cet6-core,3466
evil,'i:vl,n.,"n. 邪恶, 不幸, 罪恶\na. 邪恶的, 不幸的, 有害的, 讨厌的",,,cet4-all source:ecdict cet4 cet6 cet6-core family:evils,3447
evolution,.i:vә'lu:ʃәn,n.,"n. 进化, 发展, 进展, (气体)放出, 开方\n[医] 进化, 演化, 旋出",,,cet4-all source:ecdict cet4 cet6 cet6-core family:evolutions,2946
evolve,i'vɒlv,vi.,"vi. 进展, 进化, 展开\nvt. 使发展, 使推断出, 使进化",,,cet4-all source:ecdict cet4 cet6 family:evolved family:evolving family:evolves,2821
exact,ig'zækt,adj.,"a. 精确的, 准确的, 精密的\nvt. 强求, 急需",,,cet4-all source:ecdict cet4 family:exacted family:exacts family:exacting,3341
exactly,i^'zæktli,adv.,"adv. 确切地, 精确地, 恰好, 完全地, 确实, 恰恰正是, 确实如此",,,cet4-all source:ecdict cet4,748
exaggerate,ig'zædʒәreit,v.,"v. 夸大, 夸张",,,cet4-all source:ecdict cet4 cet6 cet6-core family:exaggerated family:exaggerating family:exaggerates,6312
exam,ig'zæm,n.,"n. 考试, 测验",,,cet4-all source:ecdict family:exams,4224
examination,ig.zæmi'neiʃәn,n.,"n. 考试, 测验, 审查\n[医] 检查, 诊察",,,cet4-all source:ecdict cet4 cet6 family:examinations,3069
examine,ig'zæmin,v.,"v. 检查, 调查, 考试",,,cet4-all source:ecdict cet4 cet6 family:examined family:examining family:examines,1165
example,ig'zæmpl,n.,"n. 例子, 样本, 实例\n[化] 实例",,,cet4-all source:ecdict family:examples,852
exceed,ik'si:d,vt.,"vt. 超过, 超越, 胜过\nvi. 超过其他",,,cet4-all source:ecdict cet4 cet6 cet6-core family:exceeds family:exceeding family:exceeded,3281
exceedingly,ik'si:diŋli,adv.,"adv. 极端地, 极度地, 非常",,,cet4-all source:ecdict cet4 cet6,10807
excellent,'ekslәnt,adj.,"a. 优良的, 杰出的, 出色的",,,cet4-all source:ecdict cet4 cet6,2123
except,ik'sept,vt.,"vt. 除, 除外\nvi. 反对\nprep. 除了...之外, 若不是, 除非\nconj. 只是",,,cet4-all source:ecdict family:excepting family:excepted family:excepts,1836
exception,ik'sepʃәn,n.,"n. 例外, 除外, 异议\n[计] 例外; 异常",,,cet4-all source:ecdict cet4 cet6 cet6-core family:exceptions,2401
excess,ik'ses,n.,"n. 过度, 剩于, 超过, 超额\na. 过量的, 额外的",,,cet4-all source:ecdict cet4 cet6 cet6-core family:excesses,5741
excessive,ik'sesiv,adj.,"a. 过度的, 过多的, 极端的\n[法] 过度的, 过分的, 额外的",,,cet4-all source:ecdict cet4 cet6 cet6-core,4564
exchange,iks'tʃeindʒ,n.,"n. 交换, (电话)交换局, 交换机, 汇兑, 交易所\nv. 交换, 交易, 兑换\n[计] 交换; 电话局",,,cet4-all source:ecdict cet4 cet6 cet6-core family:exchanges family:exchanged family:exchanging,1513
excite,ik'sait,vt.,"vt. 刺激, 使兴奋, 激励",,,cet4-all source:ecdict cet4 cet6 family:excited family:excites family:exciting,5328
exciting,ik'saitiŋ,adj.,"a. 令人兴奋的, 刺激的\n[电] 激磁",,,cet4-all source:ecdict cet4 cet6 family:exciting family:i,2926
exclaim,iks'kleim,v.,"v. 大叫, 呼喊, 大声叫",,,cet4-all source:ecdict cet4 cet6 cet6-core family:exclaimed family:exclaiming family:exclaims,6297
exclude,iks'klu:d,vt.,"vt. 除外, 排除, 排斥\n[医] 除外(诊断)",,,cet4-all source:ecdict cet4 cet6 cet6-core family:excluded family:excluding family:excludes,3470
exclusively,ik'sklu:sivli,adv.,"adv. 排他地, 仅仅, 专门, 只, 仅, 唯一地, 专有地",,,cet4-all source:ecdict cet4 cet6,4489
excursion,ik'skә:ʒәn,n.,"n. 远足, 游览圆, 短程旅行\n[医] 移动, 离轨, 逸出",,,cet4-all source:ecdict cet4 cet6 cet6-core family:excursions,8288
excuse,ik'skju:z,vt.,"vt. 原谅, 申辩, 做为...的托辞\nn. 致歉, 理由, 饶恕, 借口",,,cet4-all source:ecdict family:excuses family:excused family:excusing,3484
execute,'eksikju:t,vt.,"vt. 执行, 实行, 完成, 处死, 制成\n[计] 执行",,,cet4-all source:ecdict cet4 cet6 cet6-core family:executed family:executing family:executes,3642
executive,ig'zekjutiv,n.,"n. 执行部门, 执行委员会, 执行者, 经理主管人员\na. 执行的, 善于执行的, 善于经营的\n[计] 执行程序",,,cet4-all source:ecdict cet4 cet6 cet6-core family:executives,863
exercise,'eksәsaiz,n.,"n. 行使, 执行, 运动, 练习, 作业\nvt. 运用, 练习, 运动\nvi. 练习, 锻炼",,,cet4-all source:ecdict family:exercised family:exercises family:exercising,1487
exert,ig'zә:t,vt.,"vt. 发挥, 运用, 施以影响\n[法] 施加, 产生, 行使",,,cet4-all source:ecdict cet4 cet6 cet6-core family:exerted family:exerts family:exerting,6115
exhaust,ig'zɒ:st,n.,"n. 排气, 排气装置, 废气\nvt. 抽完, 用尽, 耗尽, 使精疲力尽\nvi. 排气",,,cet4-all source:ecdict cet4 cet6 cet6-core family:exhausted family:exhausting family:exhausts,4734
exhibit,ig'zibit,n.,"n. 显示, 显现, 展览品, 陈列品, 展览\nvt. 展现, 陈列, 展览\nvi. 开展览会",,,cet4-all source:ecdict cet4 cet6 cet6-core family:exhibited family:exhibits family:exhibiting,3303
exhibition,.eksi'biʃәn,n.,"n. 表现, 展览会, 展览品\n[医] 投药, 展览, 展出",,,cet4-all source:ecdict cet4 cet6 family:exhibitions,2476
exist,ig'zist,vi.,"vi. 存在, 生存, 发生",,,cet4-all source:ecdict cet4 cet6 family:exists family:existed family:existing,1016
existence,ig'zistәns,n.,"n. 存在, 生存\n[法] 存在, 存在状态, 实体",,,cet4-all source:ecdict cet4 cet6 cet6-core family:existences,2213
exit,'eksit,n.,"n. 出口, 退场, 离去, 去世\nvi. 退出, 脱离, 去世\n[计] 退出; DOS内部命令:本命令用于退出当前的命令处理器(COMMAND.COM)\n恢复前一个命令处理器",,,cet4-all source:ecdict cet4 cet6 family:exits family:exiting family:exited,3798
expand,ik'spænd,vt.,"vt. 使膨胀, 详述, 扩张\nvi. 张开, 发展\nvt. 展开\nvi. 展开\n[计] 展开; DOS外部命令:将原始DOS磁盘上的压缩文件解压缩并拷贝到硬盘上",,,cet4-all source:ecdict cet4 cet6 cet6-core family:expanded family:expanding family:expands,1572
expansion,ik'spænʃәn,n.,"n. 扩充, 开展, 膨胀\n[计] 扩展",,,cet4-all source:ecdict cet4 cet6 cet6-core family:expansions,2734
expect,iks'pekt,vt.,"vt. 预期, 盼望, 期待",,,cet4-all source:ecdict family:expected family:expecting family:expects,405
expectation,.ekspek'teiʃәn,n.,"n. 期待, 指望, 展望\n[化] 期望值",,,cet4-all source:ecdict cet4 cet6 family:expectations,1890
expense,ik'spens,n.,"n. 费用, 代价, 开支, 损失\n[经] 费用, 开支, 将支出转为费用",,,cet4-all source:ecdict cet4 cet6-core family:expenses,2137
expensive,ik'spensiv,adj.,"a. 贵的, 奢华的, 费用浩大的, 乱化钱的\n[经] 高价的, 昂贵的, 浪费的",,,cet4-all source:ecdict,1664
experience,ik'spiәriәns,n.,"n. 经历, 经验, 体验\nvt. 经历, 经验, 体验",,,cet4-all source:ecdict cet4 cet6 family:experiences family:experienced family:experiencing,420
experiment,ik'sperimәnt,n.,"n. 实验, 试验, 实验仪器\nvi. 实验, 尝试",,,cet4-all source:ecdict cet4 cet6 family:experiments family:experimenting family:experimented,1990
experimental,ik.speri'mentәl,adj.,"a. 实验的, 根据实验的\n[医] 实验的",,,cet4-all source:ecdict cet4 cet6,3457
expert,'ekspә:t,n.,"n. 专家, 行家\na. 老练的, 内行的, 专门的\n[计] 高级",,,cet4-all source:ecdict cet4 cet6-core family:experts,899
explain,ik'splein,v.,"v. 解释, 说明",,,cet4-all source:ecdict cet4 cet6 family:explained family:explains family:explaining,480
explanation,.eksplә'neiʃәn,n.,"n. 解释, 说明, 辩解, 表明\n[经] 解释, 注释, 说明",,,cet4-all source:ecdict cet4 cet6 family:explanations,2054
explode,ik'splәud,vi.,"vi. 爆炸, 爆发, 激增\nvt. 使爆炸",,,cet4-all source:ecdict cet4 cet6 family:exploded family:exploding family:explodes,3106
exploit,'eksplɒit,n.,"n. 功绩, 勋绩\nvt. 开发, 利用, 开拓, 剥削",,,cet4-all source:ecdict cet4 cet6 cet6-core family:exploited family:exploiting family:exploits,4374
explore,ik'splɒ:,v.,"v. 探险, 探测, 探究",,,cet4-all source:ecdict cet4 cet6 cet6-core family:exploring family:explored family:explores,1594
explosion,ik'splәuʒәn,n.,"n. 爆发, 激增, 爆炸(声)\n[化] 爆炸",,,cet4-all source:ecdict cet4 cet6 family:explosions,3023
explosive,ik'splәusiv,n.,"n. 炸药, 爆破音\na. 易爆发的, 爆炸的, 暴躁的",,,cet4-all source:ecdict cet4 cet6 family:explosives,5387
export,ik'spɒ:t,n.,"n. 输出品, 输出\nvt. 输出, 出口\nvi. 输出物资\n[计] 导出",,,cet4-all source:ecdict cet4 family:exports family:exported family:exporting,3456
expose,ik'spәuz,vt.,"vt. 使暴露, 使曝光, 揭穿, 陈列\n[医] 暴露, 露置",,,cet4-all source:ecdict cet4 cet6 cet6-core family:exposed family:exposing family:exposes,2005
exposure,ik'spәuʒә,n.,"n. 暴露, 揭发, 揭露\n[化] 曝光量; 照射; 照射量",,,cet4-all source:ecdict cet4 cet6 family:exposures,2229
express,ik'spres,n.,"n. 快车, 快递, 专使\na. 明确的, 丝毫不差的, 专门的, 快的\nvt. 表达, 表示, 表露",,,cet4-all source:ecdict cet4 cet6 family:expressed family:expressing family:expresses,1272
expression,ik'spreʃәn,n.,"n. 表达, 表现, 词语, 措辞\n[计] 表达式",,,cet4-all source:ecdict cet4 cet6 cet6-core family:expressions,1533
extend,ik'stend,v.,"v. 扩充, 延伸, 伸展, 扩大\n[计] 扩展",,,cet4-all source:ecdict cet4 cet6 family:extended family:extending family:extends,1445
extension,ik'stenʃәn,n.,"n. 延长, 扩充, 范围, 扩展名\na. 伸缩的\n[计] 扩展名, 扩充名",,,cet4-all source:ecdict cet4 cet6 family:extensions,3190
extensive,ik'stensiv,adj.,"a. 广的, 广泛的, 多方面的\n[经] 广大的, 扩大的",,,cet4-all source:ecdict cet4 cet6 cet6-core,2845
extent,ik'stent,n.,"n. 范围, 程度, 区域\n[计] 范围",,,cet4-all source:ecdict cet4 cet6 cet6-core family:extents,1758
exterior,ik'stiәriә,n.,"n. 外部, 表面, 外貌\na. 外部的, 外在的, 表面的",,,cet4-all source:ecdict cet4 cet6 family:exteriors,8761
external,ik'stә:nl,n.,"n. 外部, 外面\na. 外部的, 客观的, 表面的",,,cet4-all source:ecdict cet4 cet6 cet6-core family:externals,2864
extra,'ekstrә,n.,"n. 额外的事物, 另外的收费\na. 额外的, 特别的\nadv. 额外地, 特别地, 非常地",,,cet4-all source:ecdict cet4 cet6 family:extras,1543
extraordinary,ik'strɒ:dәnәri,adj.,"a. 非常的, 特别的, 非凡的\n[经] 非常的, 特别的, 临时的",,,cet4-all source:ecdict cet4 cet6 cet6-core family:extraordinaries,2625
extreme,ik'stri:m,n.,"n. 极端, 末端\na. 极端的, 尽头的, 极度的, 偏激的",,,cet4-all source:ecdict cet4 cet6 cet6-core family:extremes family:extremest,2519
extremely,ik'stri:mli,adv.,"adv. 极端地, 非常地",,,cet4-all source:ecdict cet4 cet6,1756
eye,ai,n.,"n. 眼睛, 视力, 看\nvt. 看, 注视",,,cet4-all source:ecdict family:eyes family:eyed family:eyeing,242
eyesight,'aisait,n.,"n. 视力, 目力",,,cet4-all source:ecdict cet4 cet6,14627
fable,'feibl,n.,"n. 寓言, 神话, 谎言\nvi. 虚构, 作寓言",,,cet4-all source:ecdict cet6 family:fables,12174
fabric,'fæbrik,n.,"n. 织物, 布, 结构, 构造, 建筑物\n[经] 组织, 建筑物, 工厂",,,cet4-all source:ecdict cet4 cet6 cet6-core family:fabrics,3059
face,feis,n.,"n. 脸, 面容, 正面, 外观\nvt. 面对, 朝, 正视, 面临\nvi. 朝, 向\n[计] 现场可改变的控制元件",,,cet4-all source:ecdict family:facing family:faces family:faced,330
facility,fә'siliti,n.,"n. 容易, 灵巧, 设备\n[计] 设施; 设备; 装备",,,cet4-all source:ecdict cet4 cet6 family:facilities,1297
fact,fækt,n.,"n. 事实, 真实性, 真相, 细节, 论据",,,cet4-all source:ecdict cet4 family:facts,235
factor,'fæktә,n.,"n. 因素, 因数, 系数, 基因, 代理人\n[计] 因式",,,cet4-all source:ecdict cet4 cet6-core family:factors family:factoring family:factored,729
factory,'fæktәri,n.,"n. 工厂, 产生地, 代理店\n[经] 工厂, 代理店, 商行在国外的代理处",,,cet4-all source:ecdict family:factories,2132
faculty,'fækәlti,n.,"n. 才能, 能力, 全体教员, (大学的)系\n[医] 能力, [大学]院系",,,cet4-all source:ecdict cet4 cet6 cet6-core family:faculties,1985
fade,feid,vi.,"vi. 褪色, 消失, 凋谢\nvt. 使褪色\nn. 淡入, 淡出\na. 平淡的",,,cet4-all source:ecdict cet4 cet6 family:fading family:faded family:fades,2882
fahrenheit,'færәnhait,adj.,a. 华氏温度计的\nn. 华氏温度计,,,cet4-all source:ecdict cet4 cet6,
fail,feil,vi.,"vi. 失败, 缺乏, 中断, 衰退, 失灵\nvt. 忘记, 使...失望, 缺乏, 不及格\nn. 不及格",,,cet4-all source:ecdict family:failed family:failing family:fails,808
failure,'feiljә,n.,"n. 失败, 失败者, 不足, 缺乏, 破产\n[计] 故障; 失效",,,cet4-all source:ecdict cet4 family:failures,1360
faint,feint,n.,"n. 昏厥, 昏倒\na. 模糊的, 微弱的, 无力的\nvi. 昏倒, 变得微弱",,,cet4-all source:ecdict cet4 cet6 family:faintest family:fainted family:fainter family:fainting family:faints,4117
fair,fєә,n.,"n. 展览会, 市集, 美好的事物\na. 公平的, 按规则进行的, 不好不坏的, 晴朗的, 美丽的\nadv. 公平地, 正面地, 有教养地, 清楚地\nvi. 转晴",,,cet4-all source:ecdict cet4 cet6 family:fairs family:fairer family:fairest family:fairing family:faired,1484
fairly,'fєәli,adv.,"adv. 美观地, 公平地, 相当地, 清楚地",,,cet4-all source:ecdict cet4 cet6,2157
faith,feiθ,n.,"n. 信心, 信任, 忠实, 保证\n[法] 信任, 信仰, 信念",,,cet4-all source:ecdict cet4 cet6 cet6-core family:faiths,1326
faithful,'feiθful,adj.,"a. 忠实的, 详确的, 可靠的\nn. 信徒",,,cet4-all source:ecdict cet4 cet6 family:faithfuls,5013
fall,fɒ:l,n.,"n. 落下, 瀑布, 采伐量, 下降, 落差, 降低, 堕落, 秋天\nvi. 倒下, 落下, 来临, 失守, 阵亡, 下跌, 减弱, 倾斜, 垮台, 轮到, 变成, 降低\na. 秋天的",,,cet4-all source:ecdict family:fell family:fallen family:falling family:falls,410
false,fɒ:ls,adj.,"a. 错误的, 虚伪的, 假的, 不老实的\nadv. 不准确地, 欺诈地",,,cet4-all source:ecdict cet4 cet6,2516
fame,feim,n.,"n. 名望, 名声, 传说",,,cet4-all source:ecdict cet4 cet6,4593
familiar,fә'miljә,adj.,"a. 熟悉的, 常见的, 亲密的\nn. 熟友, 常客",,,cet4-all source:ecdict cet4 cet6 family:familiars,1492
family,'fæmәli,n.,"n. 家庭, 家人, 族\na. 家庭的",,,cet4-all source:ecdict family:families,147
famine,'fæmin,n.,"n. 饥荒, 缺乏, 饥饿",,,cet4-all source:ecdict cet4 cet6 cet6-core family:famines,8193
famous,'feimәs,adj.,"a. 出名的, 极好的",,,cet4-all source:ecdict,1486
fan,fæn,n.,"n. 风扇, 迷, 狂热者, 爱好者\nvt. 煽动, 刺激, 吹拂\nvi. 飘动, 成扇形散开",,,cet4-all source:ecdict cet4 cet6 family:fans family:fanning family:fanned,1208
fancy,'fænsi,n.,"n. 想象力, 幻想, 喜好\na. 想象的, 精美的, 新奇的, 奇特的, 高价的, 特级的\nvt. 想象, 设想, 相信, 喜爱\nvi. 想象, 幻想",,,cet4-all source:ecdict cet4 cet6 family:fancied family:fancies family:fancying family:fancier,5118
far,fɑ:,adj.,"a. 远的, 久远的, 遥远的\nadv. 甚远地, 很, 到很深的程度, 到很远的距离",,,cet4-all source:ecdict family:further family:furthest,252
fare,fєә,n.,"n. 费用, 旅客, 食物\nvi. 进展, 进步, 经营, 过活",,,cet4-all source:ecdict cet4 cet6 family:fares family:fared family:faring,4776
farewell,'fєә'wel,n.,"n. 辞别, 再见, 再会\ninterj. 再会",,,cet4-all source:ecdict cet4 cet6 family:farewells,8121
farm,fɑ:m,n.,"n. 农场, 农田\nvt. 耕种\nvi. 种田",,,cet4-all source:ecdict family:farms family:farmed family:farming,1258
farmer,'fɑ:mә,n.,"n. 农夫, 农场主\n[法] 农民, 农场主, 承包者",,,cet4-all source:ecdict cet4 cet6 family:farmers,1589
farther,'fɑ:ðә,adj.,"a. 更远的, 进一步的\nadv. 更远的, 此外, far的比较级",,,cet4-all source:ecdict cet4 cet6 family:far family:r,
fashion,'fæʃәn,n.,"n. 流行, 风尚, 时样\nvt. 形成, 造, 作",,,cet4-all source:ecdict cet4 cet6 family:fashioned family:fashions family:fashioning,1922
fashionable,'fæʃәnәbl,adj.,"a. 时髦的, 上流社会的, 流行的",,,cet4-all source:ecdict cet4 cet6 family:fashionables,7651
fast,fɑ:st,adj.,"a. 快速的, 紧的\nadv. 很快地, 紧紧地, 彻底地\nn. 绝食, 斋戒\nvi. 绝食, 斋戒",,,cet4-all source:ecdict family:faster family:fastest family:fasting family:fasted family:fasts,1096
fasten,'fɑ:sәn,vt.,"vt. 拴紧, 使固定, 系, 集中于, 强加于\nvi. 扣紧",,,cet4-all source:ecdict cet4 cet6 family:fastened family:fastening family:fastens,7930
fatal,'feitәl,adj.,"a. 致命的, 重大的, 命运注定的, 粗心的, 不幸的\n[医] 致命的, 致死的",,,cet4-all source:ecdict cet4 cet6 cet6-core,4921
fate,feit,n.,"n. 命运, 运气\nvt. 注定",,,cet4-all source:ecdict cet4 cet6 family:fates family:fated family:fatest family:fating,2919
father,'fɑ:ðә,n.,"n. 父亲, 祖先, 长辈, 神父, 创始者\nvt. 当...的父亲, 保护, 创作, 发明, 培养",,,cet4-all source:ecdict family:fathers family:fathered family:fathering,267
father-in-law,'fɑ:ðәrinlɔ:,n.,"n. 公公, 岳父",,,cet4-all source:ecdict cet4 cet6,
fatigue,fә'ti:g,n.,"n. 疲乏, 疲劳\nvt. 使疲劳, 使心智衰弱\nvi. 疲劳\na. 疲劳的",,,cet4-all source:ecdict cet4 cet6 cet6-core family:fatigues family:fatigued family:fatiguing,4806
fault,fɒ:lt,n.,"n. 过错, 故障, 毛病\nvt. 挑剔\nvi. 产生断层, 弄错\n[计] 故障",,,cet4-all source:ecdict cet4 family:faults family:faulted family:faulting,2849
faulty,'fɒ:lti,adj.,"a. 有过失的, 有缺点的, 不完美的, 应受责备的\n[经] 缺点多的",,,cet4-all source:ecdict cet4 cet6,9993
favour,'feivә,n.,"n. 好感, 偏爱, 喜爱, 相信, 庇护, 赞同, 支持, 信赖, 善行, 恩惠, 徽章, 礼物\nvt. 赞成, 帮助, 支持, 喜爱, 偏袒, 关切, 赐与, 给与, 有利于, 有助于, 像, 体恤",,,cet4-all source:ecdict cet4 cet6 family:favoured family:favours family:favouring,28142
favourable,'feivәrәbl,adj.,"a. 有用的, 良好的, 赞成的, 顺利的\n[医] 良好的, 顺利的",,,cet4-all source:ecdict cet4 cet6,28013
favourite,'feivәrit,n.,"n. 喜欢的事物\na. 喜爱的, 宠爱的",,,cet4-all source:ecdict family:favourites,22274
fear,fiә,n.,"n. 恐怖, 害怕, 担心\nv. 害怕, 恐惧, 为...担心, 敬畏",,,cet4-all source:ecdict cet4 cet6 family:fears family:feared family:fearing,985
fearful,'fiәful,adj.,"a. 可怕的, 恐怕的, 担心的",,,cet4-all source:ecdict cet4 cet6,6198
feasible,'fi:zәbl,adj.,"a. 能实行的, 可行的, 适宜的\n[法] 可行的, 可执行的, 可完成的",,,cet4-all source:ecdict cet4 cet6 cet6-core,7591
feast,fi:st,n.,"n. 宴会, 酒席, 享受, 节日\nvt. 款待, 享乐, 请客\nvi. 参加宴会, 尽情地吃, 享受",,,cet4-all source:ecdict cet4 cet6 cet6-core family:feasts family:feasting family:feasted,5910
feather,'feðә,n.,n. 羽毛\nvi. 长羽毛\nvt. 用羽毛装饰,,,cet4-all source:ecdict cet4 cet6 family:feathers family:feathered family:feathering,4531
feature,'fi:tʃә,n.,"n. 面孔的一部分(如眼、口等), 特征, 容貌, 特色, 特写\nvt. 是...的特色, 特写, 放映\nvi. 起重要作用\n[计] 特性",,,cet4-all source:ecdict cet4 cet6 cet6-core family:features family:featuring family:featured,1190
february,'februәri,n.,n. 二月,,,cet4-all source:ecdict,
federal,'fedәrәl,adj.,"a. 联邦的, 联合的, 同盟的\n[法] 联邦的, 联邦制的, 联盟的",,,cet4-all source:ecdict cet4 cet6 cet6-core,493
fee,fi:,n.,"n. 费用, 小费, 封地, 所有权\nvt. 付费给",,,cet4-all source:ecdict cet4 family:fees family:feeding family:feed,1826
feeble,fi:bl,adj.,"a. 微弱的, 衰弱的, 无效的\n[医] 无力的, 衰弱的",,,cet4-all source:ecdict cet4 cet6 cet6-core family:feebles,12083
feed,fi:d,n.,"n. 饲料, 一餐, 饲养\nvt. 喂, 饲养, 放牧, 靠...为生\nvi. 吃东西, 用餐, 流入\n[计] 送纸",,,cet4-all source:ecdict cet4 cet6 family:fed family:feeding family:feeds family:pd family:feed,1317
feedback,'fi:dbæk,n.,"n. 反馈, 反应\n[计] 反馈",,,cet4-all source:ecdict cet4 cet6 family:feedbacks,3888
feel,fi:l,vt.,"vt. 感觉, 觉得, 触摸, 以为\nvi. 有知觉, 摸索, 同情\nn. 感觉, 觉得, 触摸",,,cet4-all source:ecdict family:felt family:feeling family:feels,134
feeling,'fi:liŋ,n.,"n. 摸, 触觉, 知觉, 感觉, 情绪, 同情\na. 有同情心的, 有感觉的, 仁慈的, 动人的",,,cet4-all source:ecdict cet4 family:feel family:i family:feelings family:feeling,805
fellow,'felәu,n.,"n. 男人, 朋友, 同事\na. 同伴的, 同事的, 同道的",,,cet4-all source:ecdict cet4 cet6 family:fellows,2421
female,'fi:meil,n.,"n. 女性, 女人, 雌性动物\na. 女性的, 女子的",,,cet4-all source:ecdict cet4 cet6 family:females,1396
fence,fens,n.,"n. 围墙, 栅栏, 买卖赃物的人, 剑术\nvt. 用篱笆围住, 练习剑术, 防护\nvi. 击剑, 搪塞",,,cet4-all source:ecdict cet4 cet6 family:fences family:fenced family:fencing,2653
fertile,'fә:tail,adj.,"a. 可繁殖的, 肥沃的, 生产多的\n[医] 能生育的",,,cet4-all source:ecdict cet4 cet6,7458
fertilizer,'fә:tilaizә,n.,"n. 肥料, 促进发展者, 受精媒介物\n[化] 肥料",,,cet4-all source:ecdict cet4 cet6 cet6-core family:fertilizers,6367
festival,'festәvәl,adj.,"a. 节日的, 喜庆的, 快乐的\nn. 节日, 庆祝, 欢宴",,,cet4-all source:ecdict cet4 cet6 family:festivals,3695
fetch,fetʃ,n.,"n. 取得, 拿, 诡计, 魂\nvt. 接来, 取来, 售得, 带来, 推出, 引出, 杀死, 吸引, 到达\nvi. 取物, 前进\n[计] 取",,,cet4-all source:ecdict cet4 cet6 family:fetched family:fetching family:fetches,6744
fever,'fi:vә,n.,"n. 发烧, 发热, 热病\n[医] 发热, 热",,,cet4-all source:ecdict cet4 cet6 family:fevers family:fevered,4372
few,fju:,adj.,"a. 很少的, 不多的, 少数的\nn. 少数",,,cet4-all source:ecdict,185
fibre,'faibә,n.,"n. 纤维, 构造, 纤维制品\n[化] 纤维",,,cet4-all source:ecdict cet4 cet6 family:fibres,24899
fiction,'fikʃәn,n.,"n. 小说, 虚构故事\n[法] 虚构的事实, 捏造, 拟制",,,cet4-all source:ecdict cet4 cet6 cet6-core family:fictions,2762
field,fi:ld,n.,"n. 领域, 田地, 场地, 战场, 场, 域\nvt. 使...晒在场上, 使上场\na. 田间的, 野生的, 野外的, 田赛的\n[计] 域, 字段",,,cet4-all source:ecdict family:fields family:fielding family:fielded,439
fierce,fiәs,adj.,"a. 凶猛的, 猛烈的, 热烈的, 暴躁的",,,cet4-all source:ecdict cet4 cet6 family:fiercest family:fiercer,4482
fifteen,'fif'ti:n,num.,"num. 十五, 十五个",,,cet4-all source:ecdict,2995
fifth,fifθ,num.,"num. 第五, 五分之一",,,cet4-all source:ecdict,2497
fifty,'fifti,num.,"num. 五十, 五十个",,,cet4-all source:ecdict,3038
fight,fait,n.,"n. 打架, 争吵, 斗志\nv. 对抗, 打架",,,cet4-all source:ecdict cet4 cet6 family:fighting family:fought family:fights,676
figure,'figә,n.,"n. 数字, 价格, 图形, 形状\nvt. 描绘, 表示, 演算, 认为\nvi. 计算, 出现, 估计",,,cet4-all source:ecdict cet4 cet6 cet6-core family:figures family:figured family:figuring,552
file,fail,n.,"n. 档案, 公文箱, 文件夹, 文件, 卷宗, 锉刀\nvi. 列队行进, 用锉刀做\nvt. 归档, 申请, 锉, 琢磨\n[计] 文件",,,cet4-all source:ecdict cet4 family:files family:filed family:filing,1745
fill,fil,vt.,"vt. 装满, 填充, 弥漫, 供给, 满足, 供应\nvi. 充满, 变得沉重\nn. 满足, 装满, 充分, 填方\nvt. 填充\nvi. 填充\n[计] 填充",,,cet4-all source:ecdict family:filled family:filling family:fills,686
film,film,n.,"n. 软片, 薄膜, 胶卷, 电影\nvt. 覆以薄膜, 拍摄\nvi. 生薄膜, 拍电影",,,cet4-all source:ecdict family:films family:filming family:filmed,593
filter,'filtә,n.,"n. 滤波器, 过滤器, 滤光器, 过滤嘴, 去尘器\nvt. 过滤, 渗透, 走漏\nvi. 滤过, 渗入\n[计] 过滤器, 筛选",,,cet4-all source:ecdict cet4 cet6 family:filters family:filtered family:filtering,4370
final,'fainl,n.,"n. 期末考试, 结局, 决赛\na. 最后的, 终极的, 决定性的",,,cet4-all source:ecdict cet4 family:finals,887
finally,'fainәli,adv.,"adv. 最后, 终于",,,cet4-all source:ecdict cet4,470
finance,fai'næns,n.,"n. 财政, 财务\nvt. 供给...经费, 负担经费\nvi. 筹措资金",,,cet4-all source:ecdict cet4 cet6 cet6-core family:financed family:finances family:financing,2808
financial,fai'nænʃәl,adj.,"a. 财政的, 金融的\n[经] 财政的, 金融的, 财务的",,,cet4-all source:ecdict cet4 cet6 cet6-core,827
find,faind,vt.,"vt. 发现, 感到, 找到, 认为, 得到\nvi. 裁决\nn. 发现\n[计] 查找; DOS外部命令:在指定的文件或从键盘输入的文本行中\n寻找指定的字符串, 将符合条件的行或行数输出到标准输出设备上",,,cet4-all source:ecdict family:found family:finding family:finds,95
finding,'faindiŋ,n.,"n. 发现, 发现物, 决定, 裁决\n[法] 调查结果, 对事实的认定, 判定的要素",,,cet4-all source:ecdict cet4 cet6 family:find family:i family:findings family:finding,1476
fine,fain,n.,"n. 罚款, 罚金, 晴天, 精细\na. 好的, 晴朗的, 健康的, 细小的, 精细的\nvt. 罚款, 精炼, 澄清\nvi. 变清, 变细\nadv. 很好\n[计] 精细",,,cet4-all source:ecdict family:finest family:fined family:fines family:finer family:fining,704
finger,'fiŋgә,n.,"n. 手指, 指状物, (手套的)手指部分, 指针\nv. 用手指拨弄, 伸出\n[计] 网络命令",,,cet4-all source:ecdict cet4 cet6 family:fingers family:fingered family:fingering,1042
finish,'finiʃ,n.,"n. 完成, 结束, 末道漆, 磨光, 完美\nvt. 完成, 结束, 用完, 毁掉\nvi. 结束\n[计] 完成",,,cet4-all source:ecdict family:finished family:finishing family:finishes,916
fire,'faiә,n.,"n. 火, 炉火, 电炉, 火灾, 闪光体, 炮火, 热情\nvt. 点燃, 烧制, 使发光, 激动, 放枪, 解雇\nvi. 着火, 烧火, 开枪, 射击, 激动",,,cet4-all source:ecdict family:fires family:fired family:firing,653
fireman,'faiәmәn,n.,"n. 救火队员, 消防队员\n[机] 司炉",,,cet4-all source:ecdict cet4 cet6 family:firemen,9069
firm,fә:m,n.,"n. 公司, 商号\na. 坚定的, 坚强的, 牢固的, 结实的, 坚硬的, 坚挺的, 严格的, 确定的\nvt. 使牢固, 使坚定\nvi. 变稳固, 变坚实\nadv. 稳固地",,,cet4-all source:ecdict cet4 cet6 family:firms family:firmer family:firmed family:firming,902
first,fә:st,adv.,"adv. 首先, 第一, 优先\na. 第一的\nnum. 第一\nn. 开始, 第一",,,cet4-all source:ecdict,86
fish,fiʃ,n.,"n. 鱼, 鱼肉, 鱼类, 接合板\nvt. 钓, 钓鱼, 查出, 用接合板连接\nvi. 捕鱼, 钓鱼, 用钩捞取, 摸索寻找",,,cet4-all source:ecdict family:fishes family:fished family:fishing,947
fisherman,'fiʃәmәn,n.,"n. 渔夫, 钓鱼者, 渔船",,,cet4-all source:ecdict cet4 cet6 family:fishermen,4272
fist,fist,n.,"n. 拳头, 手\nvt. 拳打, 握成拳, 紧握",,,cet4-all source:ecdict cet4 cet6 family:fists family:fisting,3881
fit,fit,n.,"n. 适宜, 合身, 发作, 痉挛\na. 适宜的, 对的, 准备好的\nvt. 适合, 安装, 使合身, 使适应, 使合格\nvi. 适合, 符合, 合身\n[计] 非特",,,cet4-all source:ecdict family:fitted family:fits family:fitting family:fitter family:fittest,1349
five,faiv,num.,"num. 五, 五个",,,cet4-all source:ecdict,299
fix,fiks,vt.,"vt. 使固定, 修理, 准备, 安装, 凝视, 牢记, 确定, 整理\nvi. 固定, 注视, 确定\nn. 困境, 方位, 维修, 贿赂",,,cet4-all source:ecdict cet4 cet6 family:fixed family:fixing family:fixes,1850
flag,flæg,n.,"n. 标志, 旗标, 旗子, 信号旗, 菖蒲\nvt. 悬旗, 打旗号, 铺石板\nvi. 无力地下垂\n[计] 标志; 属性标记命令",,,cet4-all source:ecdict cet4 cet6 family:flags family:flagged family:flagging,2444
flame,fleim,n.,"n. 火焰, 火舌, 热情, 光辉\nvt. 焚烧, 用火焰给...灭菌, 用火焰传送(信号), 点燃, 激动\nvi. 燃烧, 爆发, 闪耀\n[计] 无聊邮件, 无益邮件",,,cet4-all source:ecdict cet4 cet6 family:flames family:flamed family:flaming,3199
flare,'flєә,n.,"n. 闪光, 闪耀\nvi. 闪光, 闪耀\nvt. 用发光信号发出, 使闪耀, 使张开",,,cet4-all source:ecdict cet4 cet6 cet6-core family:flared family:flares family:flaring,8467
flash,flæʃ,n.,"n. 闪光, 闪现, 一瞬间\nvi. 闪光, 闪现, 反射\nvt. 使闪光, 反射",,,cet4-all source:ecdict cet4 cet6 family:flashed family:flashing family:flashes family:flasher,3500
flat,flæt,adj.,"a. 平坦的, 单调的, 无力的, 浅的, 萧条的, 干脆的, 无聊的\nadv. 平直地, 断然地\nn. 扁平物, 平面, 平地, 平原, 平板车\nv. (使)变平",,,cet4-all source:ecdict cet4 cet6 cet6-core family:flats family:flatter,2569
flavour,'fleivә,n.,"n. 味, 调味香料, 滋味, 香味, 气味, 风味, 情味, 情趣, 风韵\nvt. 给...调味, 给...增添风趣, 加香料, 加味于",,,cet4-all source:ecdict cet4 cet6 family:flavours family:flavoured family:flavouring,
fleet,fli:t,n.,"n. 舰队, 港湾, 小河\na. 快速的, 敏捷的, 浅的, 短暂的\nadv. 浅\nvi. 疾驰, 飞逝, 掠过\nvt. 消磨, 变换船(或船员)的位置",,,cet4-all source:ecdict cet4 cet6 family:fleets family:fleeting family:fleeted,4446
flesh,'fleʃ,n.,"n. 肉, 肉体, 肉欲, 人性, 亲属, 人类, 众生, 人体\nvt. 以肉喂, 激起...的杀戳情绪, 使肥, 赋以血肉\nvi. 长胖",,,cet4-all source:ecdict cet4 family:fleshed family:fleshing family:fleshes,3209
flexible,'fleksәbl,adj.,"a. 易曲的, 灵活的, 柔顺的, 能变形的, 可通融的\n[医] 能屈的",,,cet4-all source:ecdict cet4 cet6 cet6-core,4227
flight,flait,n.,"n. 飞行, 射程, 逃走, 飞跃, 飞机航程, 班机, 迁徙, 飞逝\nvi. 迁徙\nvt. 射击(飞禽), 为(箭)装上羽毛, 使惊飞",,,cet4-all source:ecdict family:flights family:flighting family:flighted,1295
float,flәut,n.,"n. 漂流物, 浮舟, 漂浮, 浮萍, 彩车\nvi. 浮动, 飘动, 散播, 摇摆, 动摇, 浮动\nvt. 使漂浮, 容纳, 淹没, 发行, 实行\n[计] 浮动",,,cet4-all source:ecdict cet4 cet6 cet6-core family:floating family:floated family:floats,3140
flock,flɒk,n.,"n. 兽群, 鸟群, 一群人, 大量, 棉束\nvi. 成群而行, 聚集\nvt. 用棉束填满",,,cet4-all source:ecdict cet4 cet6 family:flocks family:flocked family:flocking,6596
flood,flʌd,n.,"n. 洪水, 大量之水, 涨潮\nvt. 淹没, 使泛滥, 注满\nvi. 被淹, 溢出, 涌进",,,cet4-all source:ecdict cet4 cet6 family:flooded family:floods family:flooding,3582
floor,flɒ:,n.,"n. 地板, 楼层, 底部, 底价\nvt. 铺地板, 打倒\nn. 地面, 地板, 基底\n[计] 基底",,,cet4-all source:ecdict family:floors family:floored family:flooring,639
flour,'flauә,n.,"n. 面粉, 粉沫, 碎粉\n[医] 面粉, 麦粉",,,cet4-all source:ecdict cet4 cet6 family:flours family:floured family:flouring,3429
flourish,'flʌriʃ,vi.,"vi. 繁荣, 茂盛, 活跃, 手舞足蹈\nvt. 挥舞, 夸耀\nn. 挥舞, 炫耀, 茂盛, 兴旺, 华丽词藻",,,cet4-all source:ecdict cet4 cet6 family:flourished family:flourishing family:flourishes,6209
flow,flәu,n.,"n. 流程, 流动, 流量, 洋溢, 泛滥, 涨潮\nvi. 流动, 流泄, 畅流, 川流不息, 飘扬, 涌出\nvt. 使流动, 淹没, 流出",,,cet4-all source:ecdict cet4 family:flows family:flowing family:flowed,1984
flower,'flauә,n.,"n. 花, 开花植物, 精华, 盛时\nvi. 开花, 发育, 旺盛, 成熟\nvt. 用花装饰, 使开花",,,cet4-all source:ecdict family:flowers family:flowered family:flowering,1489
flu,flu:,n.,"n. 流感, 流行性感冒",,,cet4-all source:ecdict cet4 cet6,5662
fluent,'flu:әnt,adj.,"a. 流利的, 流畅的",,,cet4-all source:ecdict cet4 cet6,11910
fluid,'flu:id,n.,"n. 液体, 分泌液, 流体\na. 流动的, 可改变的",,,cet4-all source:ecdict cet4 cet6 family:fluids,3779
flush,flʌʃ,n.,"n. 流溢, 面红, 旺盛, 发烧, 惊飞的鸟, 同花牌\na. 丰足的, 齐平的, 满盈的, 泛滥的\nadv. 齐平地, 直接地\nvi. 脸发红, 奔涌, 旺盛, 惊飞\nvt. 淹没, 冲洗, 使脸红, 使激动, 使齐平, 使惊飞",,,cet4-all source:ecdict cet4 cet6 cet6-core family:flushed family:flushing family:flushes,5935
fly,flai,n.,"n. 苍蝇, 两翼昆虫, 飞行\nvi. 飞, 飞翔, 飘扬, 逃走\nvt. 飞, 飞越, 使飘扬, 逃出\na. 敏捷的",,,cet4-all source:ecdict family:flew family:flying family:flown family:flies,943
focus,'fәukәs,n.,"n. 焦点, 焦距\nvi. 聚焦, 注视\nvt. 使聚焦, 调焦, 集中\n[计] 焦点",,,cet4-all source:ecdict cet4 cet6 cet6-core family:focused family:focusing family:focuses family:foci,688
fog,fɒg,n.,"n. 雾, 迷惑, (割后的)最生草, 苔藓\nvi. 被雾笼罩, 变模糊\nvt. 使困惑, 以雾笼罩",,,cet4-all source:ecdict cet4 cet6 family:fogs family:fogging family:fogged,4913
fold,fәuld,n.,"n. 折层, 折, 羊栏, 折痕, 信徒\nvt. 折叠, 包, 合拢, 交迭\nvi. 折叠起来, 彻底失败\n[计] 折叠; 合并",,,cet4-all source:ecdict cet4 cet6 cet6-core family:folds family:folded family:folding,3493
folk,fәuk,n.,"n. 人们, 家人, 亲属, 民族\na. 民间的",,,cet4-all source:ecdict cet4 cet6 family:folks,1339
follow,'fɒlәu,vt.,"vt. 跟随, 沿行, 遵循, 追求\nvi. 跟随, 接着\nn. 跟随, 追随",,,cet4-all source:ecdict cet4 cet6 family:following family:followed family:follows,325
following,'fɒlәuiŋ,n.,"n. 下列各项, 部下, 追随者\na. 下列的, 其次的",,,cet4-all source:ecdict cet4 cet6 family:follow family:i family:following family:followings,1471
fond,fɒnd,adj.,"a. 喜欢的, 宠爱的, 温柔的",,,cet4-all source:ecdict cet4 cet6 family:fonder family:fondest family:fonds,6241
food,fu:d,n.,"n. 食物, 养料\n[医] 食物, 食品",,,cet4-all source:ecdict family:foods,366
fool,fu:l,n.,"n. 愚人, 受骗者, 奶油拌水果\nvt. 愚弄, 欺骗, 浪费\nvi. 干傻事, 开玩笑, 游荡\na. 傻的",,,cet4-all source:ecdict cet4 family:fools family:fooled family:fooling,4030
foolish,'fu:liʃ,adj.,"a. 愚蠢的, 傻的",,,cet4-all source:ecdict cet4,5783
foot,fut,n.,"n. 脚, 步调, 英尺, 底部, 末尾, 步兵\nvt. 走在...上, 给...换底, 支付\nvi. 跳舞, 步行, 总计",,,cet4-all source:ecdict family:feet family:footing family:footed family:foots,380
football,'futbɒ:l,n.,"n. 足球, 橄榄球",,,cet4-all source:ecdict family:footballs,1534
footstep,'futstep,n.,"n. 脚步, 脚步声, 足迹",,,cet4-all source:ecdict cet4 cet6 family:footsteps,6017
for,fɒ:,prep.,"prep. 为, 因为, 至于\nconj. 因为\n[计] DOS批处理命令:对一组参数重复执行指定的命令",,,cet4-all source:ecdict,13
forbid,fә'bid,vt.,"vt. 禁止, 不准, 妨碍\n[法] 不许, 禁止, 阻止",,,cet4-all source:ecdict cet4 cet6 family:forbidden family:forbade family:forbids family:forbidding,4698
force,fɒ:s,n.,"n. 力量, 武力, 势力, 影响力, 军队, 力, 效力\nvt. 强迫, 强夺, 推动, 提高\n[计] 人工转移; 强制",,,cet4-all source:ecdict cet4 cet6 cet6-core family:forces family:forced family:forcing,372
forecast,'fɒ:kɑ:st,n.,"n. 预想, 预测, 预报\nvt. 预想, 预测, 预报\n[计] 趋势预测",,,cet4-all source:ecdict cet4 cet6 family:forecasts family:forecast family:dp family:forecasting,5890
forehead,'fɒ:rid,n.,"n. 额, 前额, 前部\n[医] 额",,,cet4-all source:ecdict cet4 cet6 family:foreheads,3788
foreign,'fɒ:rin,adj.,"a. 外国的, 外交的, 外省的, 外来的, 不相关的\n[机] 外来的",,,cet4-all source:ecdict,689
foreigner,'fɒ:rinә,n.,"n. 外国人, 外地人\n[法] 外国人, 进口货, 外国货",,,cet4-all source:ecdict cet4 cet6 family:foreigners,4887
foremost,'fәumәust,adj.,"a. 最初的, 最重要的\nadv. 在最前",,,cet4-all source:ecdict cet4 cet6 cet6-core family:foremost family:t,6296
forest,'fɒrist,n.,"n. 森林, 林区\nvt. 植树于",,,cet4-all source:ecdict cet4 cet6 family:forests family:foresting family:forested,1108
forever,fә'revә,adv.,adv. 永远,,,cet4-all source:ecdict cet4 cet6,2082
forget,fә'get,vt.,"vt. 忘记, 忽略, 忘\nvi. 忘记",,,cet4-all source:ecdict family:forgotten family:forgot family:forgetting family:forgets,872
forgive,fә'giv,vt.,"vt. 原谅, 宽恕, 免除\n[法] 免除, 宽恕, 原谅",,,cet4-all source:ecdict cet4 cet6 family:forgiven family:forgave family:forgives family:forgiving,3595
fork,fɒ:k,n.,"n. 叉子, 叉状物, 分岔\nvi. 分支, 分歧\nvt. 做成叉形, 叉起\n[计] 派生指令",,,cet4-all source:ecdict cet4 cet6 family:forks family:forked family:forking,3758
form,fɒ:m,n.,"n. 形状, 形体, 类型, 方式, 表格, 形式\nv. 形成, 排列, (使)组成\nn. 表单\n[计] 表单",,,cet4-all source:ecdict family:forms family:formed family:forming,523
formal,'fɒ:mәl,adj.,"a. 正式的, 形式的, 礼仪的, 拘于礼节的, 拘谨的\nn. 正式的社交活动",,,cet4-all source:ecdict cet4 cet6 cet6-core,2211
formation,fɒ:'meiʃәn,n.,"n. 形成, 构造, 编队\n[医] 形成, 结构",,,cet4-all source:ecdict cet4 cet6 family:formations,3045
former,'fɒ:mә,adj.,"a. 从前的, 前者的\nn. 起形成作用的人(或物), 模型, 样板",,,cet4-all source:ecdict cet4 family:formers,442
formula,'fɒ:mjulә,n.,"n. 客套语, 公式, 准则\n[计] 公式",,,cet4-all source:ecdict cet4 cet6 cet6-core family:formulae,3340
forth,fɒ:θ,adv.,"adv. 往前, 以后, 向外",,,cet4-all source:ecdict cet4 cet6,1834
fortnight,'fɒ:tnait,n.,n. 两星期,,,cet4-all source:ecdict cet4 cet6 family:fortnights,22633
fortunate,'fɒ:tʃәnit,adj.,"a. 幸运的, 幸福的",,,cet4-all source:ecdict cet4 cet6,5300
fortunately,'fɒitʃәnitli,adv.,"adv. 幸运地, 幸亏",,,cet4-all source:ecdict cet4 cet6,4316
fortune,'fɒ:tʃәn,n.,"n. 财富, 运气, 兴隆, 大量财产, 好运, 命运\n[法] 命运, 财产, 大量财产",,,cet4-all source:ecdict cet4 cet6 family:fortunes,2703
forty,'fɒ:ti,num.,"num. 四十, 四十个",,,cet4-all source:ecdict,3734
forward,'fɒ:wәd,adj.,"a. 向前的, 早的, 迅速的, 在前的, 进步的\nvt. 促进...的生长, 转寄, 运送\nadv. 向前地\n[计] 前推, 转信",,,cet4-all source:ecdict family:forwards family:forwarded family:forwarding,815
found,faund,vt.,"vt. 建立, 创立, 铸造\nfind的过去式和过去分词",,,cet4-all source:ecdict cet4 cet6 family:find family:dp family:founded family:founding family:founds,2664
foundation,faun'deiʃәn,n.,"n. 基础, 根据, 建立\n[化] 地基",,,cet4-all source:ecdict cet4 cet6 family:foundations,2256
fountain,'fauntin,n.,"n. 水源, 源, 喷泉, 泉水, 本源\n[医] 泉",,,cet4-all source:ecdict cet4 cet6 family:fountains family:fountained family:fountaining,5279
four,fɒ:,num.,"num. 四, 四个\n[机] 四冲程循环",,,cet4-all source:ecdict,247
fourteen,'fɒ:'ti:n,num.,"num. 十四, 十四个",,,cet4-all source:ecdict,5498
fourth,fɒ:θ,num.,"num. 第四, 四分之一",,,cet4-all source:ecdict family:fourths,1570
fox,fɒks,n.,"n. 狐狸, 狡猾的人\nvi. 奸狡地行动, (书页)生斑, 变酸\nvt. 欺骗, 使变酸, 为(鞋等)换面, 使生黄斑",,,cet4-all source:ecdict cet4 cet6 family:foxes family:foxed family:foxing,6537
fraction,'frækʃәn,n.,"n. 小部分, 破片, 分数\n[医] 部分, 成分, 分散",,,cet4-all source:ecdict cet4 cet6 cet6-core family:fractions family:fractioning family:fractioned,4719
fragment,'frægmәnt,n.,"n. 碎片, 破片, 片段\n[计] 段落; 片段; 分段",,,cet4-all source:ecdict cet4 cet6 family:fragments family:fragmented family:fragmenting,4744
frame,freim,n.,"n. 框, 结构, 体格\nvt. 构成, 设计, 制定, 使适合, 陷害\n[计] 框架, 图文框, 帧",,,cet4-all source:ecdict cet4 cet6 family:frames family:framed family:framing,1833
framework,'freimwә:k,n.,"n. 结构, 骨架, 参照标准, 准则, 观点\n[医] 构架组织",,,cet4-all source:ecdict cet4 cet6 family:frameworks,2968
france,frɑ:ns,n.,n. 法国,,,cet4-all source:ecdict cet4 cet6,
frank,fræŋk,adj.,"a. 坦白的, 率直的, 老实的\nvt. 免费邮寄\nn. 免费邮寄特权",,,cet4-all source:ecdict cet4 cet6 family:franked family:frankest family:franker family:franking family:franks,8225
free,fri:,adj.,"a. 自由的, 享受政治权力的, 允许的, 免费的, 丰富的\nvt. 释放, 解放, 使自由\nadv. 自由地, 免费",,,cet4-all source:ecdict family:freed family:freeing family:freer family:frees,473
freedom,'fri:dәm,n.,"n. 自由, 坦率, 特权\n[法] 自由, 自主, 免除",,,cet4-all source:ecdict cet4 cet6 family:freedoms,1148
freely,'fri:li,adv.,"adv. 自由地, 随意地, 无拘束地, 直率地, 坦白地, 慷慨地, 免费地, 大量地\n[计] 浮动地",,,cet4-all source:ecdict cet4 cet6,4792
freeze,fri:z,vi.,"vi. 冻结, 冷冻, 僵硬, 楞住\nvt. 使结冰, 使冻住, 使呆住\nn. 结冰, 凝固\n[计] 冻结",,,cet4-all source:ecdict cet4 cet6 family:frozen family:froze family:freezes family:freezing,2807
freight,'freit,n.,"n. 船货, 运费, 货运\nvt. 装货, 使充满, 以货运运送, 租(或出租)(船等)",,,cet4-all source:ecdict cet4 cet6 family:freights family:freighted family:freighting,8566
french,frentʃ,n.,"n. 法国人, 法文, 法式\na. 法国的, 法国人的, 法语的",,,cet4-all source:ecdict family:frenches,1362
frequency,'fri:kwәnsi,n.,"n. 频率, 频数\n[计] 频率",,,cet4-all source:ecdict cet4 cet6 cet6-core family:frequencies,3009
frequent,'fri:kwәnt,adj.,"a. 时常发生的, 频繁的, 快速的\nvt. 时常来访, 常常聚集, 常与...交往",,,cet4-all source:ecdict cet4 cet6 cet6-core family:frequented family:frequenting family:frequents,3272
frequently,'fri:kwәntli,adv.,"adv. 频繁, 经常地",,,cet4-all source:ecdict cet4 cet6,1810
fresh,freʃ,adj.,"a. 新鲜的, 新奇的, 另外的, 淡的, 精神饱满的, 冒失的\nadv. 最新地, 刚刚\nn. 开始, 泛滥",,,cet4-all source:ecdict cet4 cet6 family:fresher family:freshest,1107
friction,'frikʃәn,n.,"n. 摩擦, 摩擦治疗, 不和\n[医] 摩擦",,,cet4-all source:ecdict cet4 cet6 cet6-core family:frictions family:frictioned,7336
friday,'fraidi,n.,n. 星期五,,,cet4-all source:ecdict family:fridays,
fridge,fridʒ,n.,n. 电冰箱,,,cet4-all source:ecdict cet4 cet6 family:fridges,9318
friend,frend,n.,"n. 朋友, 支持者, 赞助者\n[法] 朋友, 友人, 赞助者",,,cet4-all source:ecdict family:friends,265
friendly,'frendli,adj.,"a. 友好的, 亲切的, 互助的\nadv. 友善地, 温和地",,,cet4-all source:ecdict family:friendlier family:friendlies family:friendliest,2760
friendship,'frendʃip,n.,"n. 友谊, 友爱, 友善",,,cet4-all source:ecdict family:friendships,3036
frighten,'fraitn,vt.,vt. 使惊吓\nvi. 惊恐,,,cet4-all source:ecdict cet4 cet6 family:frightened family:frightens family:frightening,5537
frog,frɒg,n.,"n. 青蛙\n[医] 蛙, 马蹄叉",,,cet4-all source:ecdict cet4 cet6 family:frogs family:frogged family:frogging,5370
from,frɒm,prep.,"prep. 从, 来自, 根据",,,cet4-all source:ecdict,26
front,frʌnt,n.,"n. 前面, 开头, 前线, 阵线, 态度\nvt. 面对, 朝向, 对抗\nvi. 朝向",,,cet4-all source:ecdict family:fronts family:fronting family:fronted,1087
frontier,'frʌntjә,n.,"n. 边界, 边境\n[法] 国境, 边境, 边界",,,cet4-all source:ecdict cet4 cet6 family:frontiers,4415
frost,frɒst,n.,"n. 霜, 冰冻, 冷漠\nvt. 覆着霜, 冻结, 结霜\nvi. 受冻, 起霜",,,cet4-all source:ecdict cet4 cet6 family:frosts family:frosting family:frosted,21397
frown,fraun,n.,n. 皱眉\nvi. 皱眉头\nvt. 皱眉表示,,,cet4-all source:ecdict cet4 cet6 family:frowned family:frowning family:frowns,4784
fruit,fru:t,n.,"n. 水果, 果类, 结果\n[医] 果实, 种实",,,cet4-all source:ecdict family:fruits family:fruiting family:fruited,1662
fruitful,'fru:tful,adj.,"a. 结果实的, 多实的, 产量多的",,,cet4-all source:ecdict cet4 cet6,11687
fry,frai,n.,"n. 油炸食物, 鱼苗\nv. 油炸, 煎",,,cet4-all source:ecdict cet4 cet6 family:fries family:frying family:fried,7089
fuel,'fjuәl,n.,"n. 燃料, 木炭\nvt. 加燃料, 供燃料\nvi. 得到燃料",,,cet4-all source:ecdict cet4 cet6-core family:fuels family:fuelled family:fuelling,1558
fulfil,ful'fil,vt.,"vt. 实践, 履行, 实行, 完成, 结束, 满足\n[经] 履行(契约), 满期",,,cet4-all source:ecdict cet4 cet6 family:fulfilled family:fulfilling family:fulfils,5849
full,ful,n.,"n. 全部, 完整\na. 充满的, 完全的, 丰富的, 完美的, 丰满的, 详尽的\nadv. 完全地, 整整, 十分\nvt. 把(衣服等)缝得宽松, 漂洗\n[计] 完整",,,cet4-all source:ecdict family:fuller family:fullest,503
fun,fʌn,n.,"n. 乐趣, 玩笑, 娱乐\nvi. 开玩笑\na. 供娱乐用的",,,cet4-all source:ecdict,1888
function,'fʌŋkʃәn,n.,"n. 官能, 职务, 功能, 函数\nvi. 活动, 运行, 行使职责\n[计] 功能, 函数",,,cet4-all source:ecdict cet4 cet6 cet6-core family:functions family:functioning family:functioned,1442
fund,fʌnd,n.,"n. 基金, 资金, 存款, 财源, 贮藏\nvt. 提供资金, 积累",,,cet4-all source:ecdict cet4 cet6 cet6-core family:funds family:funded family:funding,754
fundamental,.fʌndә'mentәl,n.,"n. 基本原理, 原则, 基波\na. 基本的, 重要的, 原音的",,,cet4-all source:ecdict cet4 cet6 cet6-core family:fundamentals,2328
funeral,'fju:nәrәl,n.,"n. 葬礼, 出殡",,,cet4-all source:ecdict cet4 cet6 family:funerals,2885
funny,'fʌni,adj.,"a. 好笑的, 有趣的, 滑稽的\nn. 滑稽人物",,,cet4-all source:ecdict cet4 family:funniest family:funnier family:funnies,1789
fur,fә:,n.,"n. 毛皮\nvt. 以毛皮制作, 使生苔, 使生水垢\nvi. 生苔, 积水垢",,,cet4-all source:ecdict cet4 cet6 family:furs family:furred family:furring,4700
furious,'fjuәriәs,adj.,"a. 狂怒的, 激烈的, 吵闹的",,,cet4-all source:ecdict cet4 cet6 cet6-core,5544
furnace,'fә:nis,n.,"n. 火炉, 熔炉, 考验\nvt. 在炉中烧",,,cet4-all source:ecdict cet4 cet6 family:furnaces,9102
furnish,'fә:niʃ,vt.,"vt. 供给, 提供, 装设\n[化] 供应; 供给; 配料",,,cet4-all source:ecdict cet4 cet6 cet6-core family:furnished family:furnishing family:furnishes,7335
furniture,'fәnitʃә,n.,"n. 家具, 帆具",,,cet4-all source:ecdict cet4 cet6 cet6-core,2669
further,'fә:ðә,adj.,"a. 更远的, 此外的, 更多的\nvt. 促进, 增进, 助长\nadv. 更进一步地, 更远地, 此外",,,cet4-all source:ecdict cet4 cet6 family:far family:r family:furthering family:furthered family:furthers,11239
furthermore,'fә:ðә'mɒ:,adv.,"adv. 此外, 而且",,,cet4-all source:ecdict cet4 cet6 cet6-core,3213
future,'fju:tʃә,n.,"n. 未来, 将来\na. 将来的, 未来的",,,cet4-all source:ecdict family:futures,654
gain,gein,n.,"n. 增益, 获得, 利润, 收获, 增加\nvt. 得到, 增进, 赚到\nvi. 获利, 增加\n[计] 增益",,,cet4-all source:ecdict cet4 cet6 family:gained family:gains family:gaining,1253
gallery,'gælәri,n.,"n. 走廊, 最高楼座, 画廊, 收集, 图库\n[计] 图库",,,cet4-all source:ecdict cet4 cet6 family:galleries,3354
gallon,'gælәn,n.,n. 加仑\n[医] 加仑,,,cet4-all source:ecdict cet4 cet6 family:gallons,
game,geim,n.,"n. 比赛, 玩耍, 比分, 得胜, 比赛规则, 策略, 游戏, 野味\nvi. 赌博\na. 勇敢的, 有胆量的, 关于野味的, 跛的\n[计] 博弈; 对策",,,cet4-all source:ecdict family:games family:gaming family:gamed,273
gang,gæŋ,n.,"n. 队, 群, 帮\nvi. 成群结队, 结成一伙\nvt. 使成群结队",,,cet4-all source:ecdict cet4 cet6 family:gangs family:ganging family:ganged,2614
gap,gæp,n.,"n. 缝隙, 缺口, 间断, 间距, 通用汇编程序\nvt. 打开缺口, 造成缝隙\nvi. 豁开\n[计] 通用汇编程序, 图形应用程序, 间距",,,cet4-all source:ecdict cet4 cet6 family:gaps family:gapping family:gapped,2121
garage,gә'rɑ:ʒ. 'gærɑ:ʒ,n.,"n. 车库, 汽车修理厂, 机库\nvt. 把车送入修车场",,,cet4-all source:ecdict cet4 cet6 family:garages family:garaging family:garaged,3208
garbage,'gɑ:bidʒ,n.,"n. 垃圾, 废物\n[计] 无用信息",,,cet4-all source:ecdict cet4 cet6 cet6-core,3934
garden,'gɑ:dn,n.,"n. 花园, 果园, 菜园\nvi. 栽培花木\nvt. 造园\na. 花园的, 普通的",,,cet4-all source:ecdict family:gardens family:gardening family:gardened,1043
gardener,'gɑ:dәnә,n.,"n. 园丁, 花匠, 园艺家",,,cet4-all source:ecdict cet4 cet6 family:gardeners,5751
gas,gæs,n.,"n. 气体, 汽油, 瓦斯\n[化] 气体; 煤气; 瓦斯; 毒气",,,cet4-all source:ecdict cet4 family:gases family:gassing family:gassed family:gasses,1023
gaseous,'gæsiәs,adj.,"a. 气体的, 气态的, 无实质的\n[医] 气[体]的",,,cet4-all source:ecdict cet4 cet6,18191
gasoline,'gæsәli:n,n.,n. 汽油\n[化] 汽油,,,cet4-all source:ecdict cet4 cet6,4082
gasp,gæsp,n.,"n. 喘气\nvi. 喘气, 喘息, 渴望\nvt. 气喘吁吁地说",,,cet4-all source:ecdict cet4 cet6 cet6-core family:gasped family:gasping family:gasps,5660
gate,geit,n.,"n. 门, 牌楼, 大门, 通道, 闸\nvt. 装门于\n[计] 门; 栅",,,cet4-all source:ecdict family:gates family:gated family:gating,2010
gather,'gæðә,n.,"n. 集合, 聚集\nvi. 聚集, 集合, 渐增\nvt. 使聚集, 搜集, 积聚",,,cet4-all source:ecdict cet4 cet6 family:gathered family:gathering family:gathers,1347
gauge,geidʒ,n.,"n. 标准度量, 计量器\nvt. 精确计量, 估计\n[计] 线规",,,cet4-all source:ecdict cet4 cet6 cet6-core family:gauges family:gauged family:gauging,6046
gay,gei,adj.,"a. 欢快的, 艳丽的, 快乐的, 放荡的",,,cet4-all source:ecdict cet4 cet6 family:gays,2056
gaze,geiz,n.,"n. 注视, 凝视\nvi. 注视, 凝视",,,cet4-all source:ecdict cet4 cet6 cet6-core family:gazed family:gazing family:gazes,3327
general,'dʒenәrәl,n.,"n. 一般, 将军, 大体\na. 全面的, 大体的, 总的, 一般的, 普遍的\nn. 常规\n[计] 常规",,,cet4-all source:ecdict cet4 cet6 family:generals,804
generally,'dʒenәrәli,adv.,"adv. 通常, 逐渐地, 普遍地",,,cet4-all source:ecdict cet4 cet6,1202
generate,'dʒenәreit,vt.,"vt. 产生, 发生, 导致\n[电] 产生",,,cet4-all source:ecdict cet4 cet6 cet6-core family:generated family:generates family:generating,1692
generation,.dʒenә'reiʃәn,n.,"n. 一代, 一世, 产生\n[医] 生殖, 世代",,,cet4-all source:ecdict cet4 cet6 family:generations,1026
generator,'dʒenәreitә,n.,"n. 产生器, 发电机, 生产者\n[计] 发生器",,,cet4-all source:ecdict cet4 cet6 family:generators,5836
generous,'dʒenәrәs,adj.,"a. 慷慨的, 有雅量的, 大量的, 丰富的",,,cet4-all source:ecdict cet4 cet6 cet6-core,3886
genius,'dʒi:njәs,n.,"n. 天才, 天赋, 精神, 神魔\n[医] 特征",,,cet4-all source:ecdict cet4 cet6 family:geniuses,4065
gentle,'dʒentl,adj.,"a. 温和的, 文雅的",,,cet4-all source:ecdict cet4 cet6 family:gentled family:gentling family:gentles,3393
gentleman,'dʒentlmәn,n.,"n. 绅士, 先生",,,cet4-all source:ecdict cet4 cet6 family:gentlemen,2447
gently,'dʒentli,adv.,"adv. 温和地, 温柔地, 轻轻地, 逐渐地",,,cet4-all source:ecdict cet4 cet6,2751
genuine,'dʒenjuin,adj.,"a. 真正的, 真实的, 诚恳的\n[医] 真性的",,,cet4-all source:ecdict cet4 cet6 cet6-core,3747
geography,dʒi'ɒgrәfi,n.,"n. 地理学, 地理\n[医] 地理",,,cet4-all source:ecdict cet4 cet6 family:geographies,5163
geometry,dʒi'ɒmәtri,n.,n. 几何学\n[机] 几何学,,,cet4-all source:ecdict cet4 cet6 family:geometries,7851
germ,dʒә:m,n.,"n. 细菌, 种子, 生殖细胞, 根源\n[医] 芽胞, 胚, 胚芽, 病菌",,,cet4-all source:ecdict cet4 cet6 family:germs,9241
german,'dʒә:mәn,n.,"n. 德国人, 德语\na. 德国的, 德国人的, 德国语的, 同父母的",,,cet4-all source:ecdict cet4 cet6 family:germans,1823
germany,'dʒә:mәni,n.,n. 德国,,,cet4-all source:ecdict cet4 cet6,
gesture,'dʒestʃә,n.,"n. 手势, 姿态\nvi. 作手势, 作姿态",,,cet4-all source:ecdict cet4 cet6 family:gestures family:gestured family:gesturing,2969
get,get,vt.,"vt. 得到, 获得, 变成, 使得, 收获, 接通, 抓住, 染上\nvi. 到达, 成为, 变得\nn. (网球等)救球, 生殖, 幼兽\n[计] 取得指令, 获取文件",,,cet4-all source:ecdict family:got family:getting family:gets,39
ghost,gәust,n.,"n. 鬼, 灵魂, 幻影, 一丝, 一点\nv. 鬼似地游荡",,,cet4-all source:ecdict cet4 family:ghosts family:ghosted family:ghosting,3266
giant,'dʒaiәnt,n.,"n. 巨人, 大力士, 巨大怪物\na. 庞大的, 巨大的",,,cet4-all source:ecdict cet4 cet6 family:giants,2539
gift,gift,n.,"n. 礼物, 赠予, 天才\nvt. 赋予",,,cet4-all source:ecdict family:gifts family:gifted family:gifting,1382
girl,gә:l,n.,"n. 女孩, 少女, 女佣",,,cet4-all source:ecdict family:girls,363
give,giv,n.,"n. 弹性, 适应性\nvt. 给, 授予, 供给, 产生, 发表, 付出, 献出, 让出\nvi. 捐赠, 支持不住, 让步",,,cet4-all source:ecdict family:given family:gave family:giving family:gives,98
glad,glæd,adj.,"a. 高兴的, 喜欢的, 情愿的",,,cet4-all source:ecdict family:gladder,2269
glance,'glɑ:ns,n.,"n. 一瞥, 闪光, 掠过, 辉矿类\nvi. 扫视, 闪光, 掠过, 提到, 略说\nvt. 扫视, 反射, 使掠过",,,cet4-all source:ecdict cet4 cet6 cet6-core family:glanced family:glancing family:glances,2417
glare,glєә,n.,"n. 闪耀光, 刺眼\nvi. 发眩光, 瞪视\nvt. 瞪眼表示",,,cet4-all source:ecdict cet4 cet6 cet6-core family:glared family:glaring family:glares,6371
glass,glɑ:s,n.,"n. 玻璃, 玻璃杯, 透镜\nvt. 装玻璃于, 反射, 反映\nvi. 成玻璃状",,,cet4-all source:ecdict family:glasses family:glassing family:glassed,820
glide,glaid,n.,"n. 滑动, 滑过, 流水\nvi. 滑动, 滑翔, 溜走, 流逝\nvt. 使滑动",,,cet4-all source:ecdict cet4 cet6 cet6-core family:gliding family:glided family:glides,7090
glimpse,glimps,n.,"n. 一瞥, 一闪\nvi. 投以一瞥, 闪烁不定\nvt. 瞥见",,,cet4-all source:ecdict cet4 cet6 family:glimpses family:glimpsed family:glimpsing,4555
glitter,'glitә,n.,"n. 灿烂, 闪烁, 辉耀\nvi. 灿烂, 闪烁, 辉耀",,,cet4-all source:ecdict cet4 cet6 cet6-core family:glittered family:glittering family:glitters,11840
globe,glәub,n.,"n. 球, 球状物, 地球仪, 天体\nv. (使)成球状",,,cet4-all source:ecdict cet4 cet6 family:globes family:globed,4735
gloomy,'glu:mi,adj.,"a. 抑沉的, 忧闷的, 黑暗的, 悲观的",,,cet4-all source:ecdict cet4 cet6 cet6-core family:gloomier family:gloomiest family:gloomies,9832
glorious,'glɒ:riәs,adj.,a. 光荣的,,,cet4-all source:ecdict cet4 cet6,6191
glory,'glɒ:ri,n.,"n. 光荣, 荣耀, 荣誉, 壮丽, 繁荣\nvi. 自豪",,,cet4-all source:ecdict cet4 cet6 family:glories family:gloried family:glorying,4113
glove,glʌv,n.,n. 手套\nvt. 给...戴手套,,,cet4-all source:ecdict cet4 cet6 family:gloves family:gloving,3095
glow,glәu,n.,"n. 赤热, 光辉, 热情, 热烈, 红光\nvi. 发红光, 红光焕发, 发热, 洋溢, 激动",,,cet4-all source:ecdict cet4 cet6 cet6-core family:glowed family:glowing family:glows,5092
glue,glu:,n.,"n. 胶, 粘性物\nvt. 粘合, 胶合",,,cet4-all source:ecdict cet4 cet6 family:glued family:glues family:gluing,7268
go,gou,vi.,"vi. 去, 走, 达到, 运转, 查阅, 消失, 结束, 放弃, 花费, 流传, 趋于, 打算, 剩下\nvt. 以...打赌, 对付, 忍受, 出产, 为被捕者出(保释金)\nn. 去, 尝试, 进行",,,cet4-all source:ecdict family:going family:went family:gone family:goes,35
goal,gәul,n.,"n. 目标, 终点, 得分, 球门, 守门员\nvi. 攻门, 射门得分",,,cet4-all source:ecdict cet4 cet6 family:goals,681
goat,gәut,n.,"n. 山羊, 替罪羊, 色鬼",,,cet4-all source:ecdict cet4 cet6 family:goats family:goat family:d,4674
god,^ɔd,n.,"n. 上帝, 神像, 偶像\nvt. 使神化",,,cet4-all source:ecdict cet4 family:gods,2809
gold,gәuld,n.,"n. 黄金, 钱财, 金块, 金色, 宝贵\na. 金的, 似金的, 金色的, 金制的",,,cet4-all source:ecdict cet4 family:golds family:golding,1256
golden,'gәuldn,adj.,"a. 金的, 含金的, 金色的, 贵重的, 繁盛的\n[法] 金制的, 金色的, 兴隆的",,,cet4-all source:ecdict cet4 cet6,1821
golf,gɒlf,n.,n. 高尔夫球\nvi. 打高尔夫球,,,cet4-all source:ecdict cet4 cet6 family:golfs family:golfing family:golfed,1801
good,gud,n.,"n. 善行, 好处, 利益\na. 好的, 优良的, 上等的, 愉快的, 有益的, 好心的, 慈善的, 虔诚的",,,cet4-all source:ecdict family:best family:better,110
goodbye,gud'bai,interj.,interj. 再见,,,cet4-all source:ecdict family:goodbyes,5578
goodness,'gudnis,n.,"n. 仁慈, 善良",,,cet4-all source:ecdict cet4 cet6,5155
goods,guds,n.,"n. 货物\n[经] 货物, 商品, 动产",,,cet4-all source:ecdict cet4 cet6 family:goods family:s,
goose,gu:s,n.,"n. 鹅, 雌鹅, 鹅肉, 弯把熨斗\nvt. 与...性交, 突然加大油门, 使生色, 喝倒彩",,,cet4-all source:ecdict cet4 cet6 family:geese family:goosed family:goosing family:gooses,5529
govern,'gʌvәn,v.,"v. 统治, 支配, 管理",,,cet4-all source:ecdict cet4 cet6 family:governed family:governing family:governs,3711
government,'gʌvәnmәnt,n.,"n. 政府, 内阁\n[经] 政府, 政治, 政体",,,cet4-all source:ecdict cet4 cet6 family:governments,201
governor,'gʌvәnә,n.,"n. (美)州长, (英)总督, 统治者, 管理者, 理事\n[医] 节制器, 调节器",,,cet4-all source:ecdict cet4 cet6 family:governors,1811
gown,gaun,n.,"n. 睡衣, 法衣, 大学全体师生\nvt. 使穿睡衣",,,cet4-all source:ecdict cet4 cet6 cet6-core family:gowns family:gowning family:gowned,5262
grace,greis,n.,"n. 优雅, 风度, 慈悲, 恩惠, 体面, 赦免, 恩典, 谢恩祷告\nvt. 使优美",,,cet4-all source:ecdict cet4 cet6 family:graced family:graces family:gracing,11346
graceful,'greisful,adj.,a. 优美的,,,cet4-all source:ecdict cet4 cet6,7236
gracious,'greiʃәs,adj.,"a. 亲切的, 慈善的",,,cet4-all source:ecdict cet4 cet6 cet6-core,8538
grade,greid,n.,"n. 等级, 年级, 阶段, 成绩, 程度, 坡度, 斜坡\nvt. 分等, 分级, 评分\nvi. 属于某等级, 逐渐变化",,,cet4-all source:ecdict family:grades family:graded family:grading,1426
gradual,'grædʒuәl,adj.,"a. 逐渐的, 渐增的\nn. 弥撒升阶圣歌",,,cet4-all source:ecdict cet4 cet6,6796
gradually,'grædʒuәli,adv.,adv. 逐渐地,,,cet4-all source:ecdict cet4 cet6,2961
graduate,'grædʒueit,n.,"n. 毕业生, 量杯\na. 已得学位的, 研究生的, 毕业的\nvi. 毕业, 得学位, 逐渐变为\nvt. 准予...毕业, 授予...学位, 分等级, 刻刻度",,,cet4-all source:ecdict cet4 cet6 cet6-core family:graduates family:graduated family:graduating,2115
grain,grein,n.,"n. 谷粒, 颗粒, 谷类, 纹理, 本质\nv. (使)成谷粒",,,cet4-all source:ecdict cet4 cet6 cet6-core family:grains family:grained family:graining,3222
gramme,græm,n.,n. 克\n[医] 克,,,cet4-all source:ecdict cet4 cet6 family:grammes,
grammar,'græmә,n.,"n. 语法学, 入门书\n[计] 语法检查",,,cet4-all source:ecdict cet4 cet6 family:grammars,8367
grammatical,grә'mætikl,adj.,"a. 语法的, 合乎语法的\n[法] 语法上的, 符合语法规则的, 文法上的",,,cet4-all source:ecdict cet4 cet6,18423
grand,grænd,adj.,"a. 庄重的, 壮观的, 显赫的, 重大的, 最高的, 雄伟的, 宏大的, 豪华的, 傲慢的\n[法] 重大的, 主要的, 伟大的",,,cet4-all source:ecdict cet4 cet6 family:grander family:grandest family:grands,2237
granddaughter,'^rændɔ:tә(r),n.,"n. 孙女, 外孙女",,,cet4-all source:ecdict cet4 cet6 family:granddaughters,8528
grandfather,'grændfɑ:ðә,n.,"n. 祖父, 始祖\n[电] 原始资料组",,,cet4-all source:ecdict cet4 cet6 family:grandfathers,2950
grandmother,'grændmʌðә,n.,"n. 祖母, 女祖先",,,cet4-all source:ecdict cet4 cet6 family:grandmothers,2495
grandson,'grændsʌn,n.,"n. 孙子, 外孙",,,cet4-all source:ecdict cet4 cet6 family:grandsons,6641
grant,grænt,n.,"n. 授予, 授予物, 允许\nvt. 允许, 承认, 授与\n[计] 授权命令",,,cet4-all source:ecdict cet4 cet6 cet6-core family:granted family:grants family:granting,1907
grape,greip,n.,"n. 葡萄, 葡萄树\n[医] 葡萄",,,cet4-all source:ecdict cet4 cet6 family:grapes,4764
graph,græf,n.,"n. 曲线图, 图表, 图形\n[计] 图形",,,cet4-all source:ecdict cet4 cet6 family:graphs family:graphing family:graphed,26137
grasp,græsp,n.,"n. 把握, 抓紧, 理解, 抓, 柄, 控制\nvt. 抓住, 紧握, 领会\nvi. 抓",,,cet4-all source:ecdict cet4 cet6 family:grasped family:grasping family:grasps,4181
grass,græs,n.,"n. 草, 草原, 牧场\n[医] 草, 禾本",,,cet4-all source:ecdict family:grasses family:grassed family:grassing,2014
grateful,'greitful,adj.,"a. 感谢的, 感激的, 令人快意的, 受欢迎的",,,cet4-all source:ecdict cet4 cet6,3672
gratitude,'grætitju:d,n.,n. 感激之情,,,cet4-all source:ecdict cet4 cet6,7058
grave,greiv,n.,"n. 墓穴, 坟墓, 终结, 死亡\na. 庄重的, 严肃的, 重大的, 低沉的\nvt. 雕刻",,,cet4-all source:ecdict cet4 cet6 cet6-core family:graves family:gravest family:graver family:graving family:graven,3358
gravity,'græviti,n.,"n. 地心引力, 重力\n[化] 重力",,,cet4-all source:ecdict cet4 cet6 family:gravities,3956
gray,grei,n.,"n. 灰色, 暗淡\na. 灰色的, 灰白的, 面色苍白的, 年老的, 老练的, 阴沉的\nv. (使)变灰色",,,cet4-all source:ecdict cet4 cet6 family:grays family:graying family:grayed,1939
great,greit,adj.,"a. 大的, 非常的, 主要的, 重大的, 崇高的, 伟大的\nadv. 顺利地, 得意地\nn. 全部, 大人物, 大师",,,cet4-all source:ecdict family:greater family:greatest family:greats,160
greatly,'greitli,adv.,"adv. 很, 非常",,,cet4-all source:ecdict cet4 cet6,3436
greedy,'gri:di,adj.,"a. 贪婪的, 贪得的, 贪吃的",,,cet4-all source:ecdict cet4 cet6 family:greedier family:greediest,8908
greek,gri:k,n.,"n. 希腊人, 希腊语\na. 希腊的, 希腊人的\n[计] 希腊",,,cet4-all source:ecdict cet4 cet6 family:greeks,4063
green,gri:n,n.,"n. 绿色, 绿色颜料\na. 绿色的, 未成熟的, 新鲜的, 青春的, 无经验的, 脸色发青的",,,cet4-all source:ecdict family:greens family:greener family:greenest,890
greenhouse,'gri:nhaus,n.,n. 温室,,,cet4-all source:ecdict cet4 cet6 family:greenhouses,5166
greet,gri:t,vt.,"vt. 问候, 致敬, 欢迎, 映入眼帘",,,cet4-all source:ecdict cet4 cet6 family:greeted family:greeting family:greets,3475
greeting,'gri:tiŋ,n.,"n. 祝贺, 问候",,,cet4-all source:ecdict cet4 cet6 family:greet family:i family:greetings family:greeting,6324
grey,grei,n.,"n. 灰色\na. 灰色的, 阴沉的\nv. (使)成灰色",,,cet4-all source:ecdict cet4 cet6 family:greys family:greying family:greyed,37508
grieve,gri:v,vt.,"vt. 使悲伤\nvi. 悲痛, 伤心",,,cet4-all source:ecdict cet4 cet6 cet6-core family:grieves family:grieved family:grieving,9760
grind,graind,n.,"n. 磨, 碾, 苦差, 摩擦声, 用功的学生\nvt. 磨擦, 磨碎, 磨光, 折磨, 压榨\nvi. 磨, 磨碎, 苦干",,,cet4-all source:ecdict cet4 cet6 family:ground family:grinding family:grinds,5372
grip,grip,n.,"n. 紧握, 柄, 握力, 握手方式, 手提包, 掌握, 支配, 控制\nvt. 抓紧, 抱住, 吸住, 掌握\nvi. 握牢, 有吸引力",,,cet4-all source:ecdict cet4 cet6 cet6-core family:gripped family:grips family:gripping,3694
groan,grәun,n.,"n. 呻吟, 叹息\nvi. 呻吟, 抱怨, 受压迫\nvt. 呻吟地说",,,cet4-all source:ecdict cet4 cet6 cet6-core family:groaned family:groaning family:groans,7178
grocer,'grәusә,n.,n. 食品商,,,cet4-all source:ecdict cet4 cet6 family:grocers,14410
grocery,'grәusәri,n.,"n. 食品杂货店, 食品杂货业",,,cet4-all source:ecdict cet4 cet6 family:groceries,3301
gross,grәus,n.,"n. 总数, 总量\na. 总共的, 未打折扣的, 恶劣的, 粗野的\nvt. 总共收入",,,cet4-all source:ecdict cet4 cet6 cet6-core family:grossed family:grosser family:grossing family:grossest family:grosses,4409
ground,graund,n.,"n. 土地, 战场, 场地, 地面, 范围\na. 土地的, 地面上的\nvt. 放在地上, 使搁浅, 打基础, 给...以训练\nvi. 搁浅, 落地, 根据, 基于\na. 磨过的\ngrind的过去式和过去分词",,,cet4-all source:ecdict family:grounds family:grounded family:grind family:dp family:grinding family:grinds,522
group,gru:p,n.,"n. 团体, 组, 团, 群\nv. 聚合, 成群\n[计] 创建组; 组, 用户组",,,cet4-all source:ecdict family:groups family:grouped family:grouping,163
grow,grәu,vt.,"vt. 种植, 使长满\nvi. 生长, 变成, 发展",,,cet4-all source:ecdict family:grew family:grown family:growing family:grows,353
growth,grәuθ,n.,"n. 生长, 栽培, 增长\n[计] 等比级数",,,cet4-all source:ecdict cet4 cet6 family:growths,787
guarantee,.gærәn'ti:,n.,"n. 担保, 抵押品, 保证书\nvt. 保证, 担保",,,cet4-all source:ecdict cet4 cet6 cet6-core family:guaranteed family:guarantees family:guaranteeing,2774
guard,gɑ:d,n.,"n. 守卫者, 警戒, 护卫队, 防护装置\nvt. 保卫, 看守, 当心\nvi. 防止, 警惕, 警卫, 看守",,,cet4-all source:ecdict cet4 cet6 family:guards family:guarded family:guarding,1284
guess,ges,n.,"n. 猜测, 臆测\nv. 猜测, 臆测",,,cet4-all source:ecdict family:guessed family:guessing family:guesses,862
guest,gest,n.,"n. 客人, 来宾, 旅客\n[化] 客体",,,cet4-all source:ecdict family:guests family:guesting,1310
guidance,'gaidns,n.,"n. 指导, 领导\n[医] 导",,,cet4-all source:ecdict cet4 cet6,3869
guide,gaid,n.,"n. 引导者, 导游, 指南, 路标\nvt. 指导, 支配, 管理, 带领, 操纵\nvi. 任向导\n[计] 辅助线",,,cet4-all source:ecdict cet4 cet6 family:guides family:guided family:guiding,1779
guilty,'gilti,adj.,"a. 犯罪的, 有过失的, 自觉有错的, 心虚的\n[法] 有罪的, 犯罪的, 自觉有罪的",,,cet4-all source:ecdict cet4 cet6,2061
gulf,gʌlf,n.,"n. 海湾, 深渊, 漩涡, 隔阂\nvt. 吞没",,,cet4-all source:ecdict cet4 cet6 family:gulfs,6929
gum,gʌm,n.,"n. 树胶, 橡皮, 橡皮糖, 牙床, 老天\nvt. 涂以树胶, 用胶粘, 使有粘性\nvi. 分泌树胶, 发粘",,,cet4-all source:ecdict cet4 cet6 family:gums family:gumming family:gummed,5971
gun,gʌn,n.,n. 枪\n[医] 枪,,,cet4-all source:ecdict cet4 cet6 family:guns family:gunned family:gunning,840
gunpowder,'gʌnpaudә,n.,n. 火药\n[化] 有烟火药; 火药,,,cet4-all source:ecdict cet4 cet6,16953
gymnasium,dʒim'neiziәm,n.,"n. 健身房, 体育馆\n[医] 体育馆, 健身室, 运动场",,,cet4-all source:ecdict cet4 cet6 family:gymnasiums,13057
habit,'hæbit,n.,"n. 习惯, 嗜好, 习性\nvt. 使穿衣",,,cet4-all source:ecdict cet4 cet6 family:habits family:habiting family:habited,2308
habitual,hә'hitʃuәl,adj.,"a. 习惯的, 惯常的, 平常的\n[法] 习惯的, 以习惯为常业的, 惯常的",,,cet4-all source:ecdict cet4 cet6,13451
hair,hєә,n.,"n. 头发, 毛发, 些微\n[医] 毛, 发",,,cet4-all source:ecdict family:hairs,602
haircut,'hєәkʌt,n.,"n. 理发, (男子的)发式",,,cet4-all source:ecdict cet4 cet6 family:haircuts family:haircutting,8476
half,hɑ:f,n.,"n. 一半, 半场, 不完全\na. 一半的, 不完全的, 部分的, 半场的\nadv. 一半地, 部分地, 在某种程度上地, 几乎",,,cet4-all source:ecdict family:halves,547
hall,hɒ:l,n.,"n. 门厅, 走廊, 会堂",,,cet4-all source:ecdict cet4 cet6 family:halls family:halling,1839
halt,hɒ:lt,n.,"n. 停止, 立定, 休息\nvt. 使停止, 使立定\nvi. 立定, 停止, 蹒跚, 踌躇, 有缺点\n[计] 停止",,,cet4-all source:ecdict cet4 cet6 family:halted family:halts family:halting,5267
hamburger,'hæmbә:gә,n.,"n. 汉堡(德国港口), 肉饼, 汉堡包, 纯精牛肉, 汉堡牛排",,,cet4-all source:ecdict cet4 cet6 family:hamburgers,7483
hammer,'hæmә,n.,"n. 锤, 铁锤, 钉锤\nvt. 锤打, 敲打, 钉\nvi. 连续锤打\n[计] 锤头",,,cet4-all source:ecdict cet4 cet6 family:hammering family:hammers family:hammered,6231
hand,hænd,n.,"n. 手, 爪, 指针, 掌握, 协助, 人手, 手艺, 手迹, 支配, 插手\nvt. 交给, 支持, 搀扶",,,cet4-all source:ecdict family:hands family:handed family:handing,174
handful,'hændful,n.,"n. 少数, 一把, 棘手事",,,cet4-all source:ecdict cet4 cet6 family:handfuls,3109
handkerchief,'hæŋkәtʃif,n.,"n. 手帕, 头巾, 围巾",,,cet4-all source:ecdict cet4 cet6 family:handkerchiefs,8487
handle,hændl,n.,"n. 柄, 把手, 把柄, 柄状物, 手感\nvt. 触摸, 运用, 买卖, 处理, 操作\nvi. 搬运, 易于操纵\nn. 句柄\n[计] 句柄",,,cet4-all source:ecdict cet4 cet6 family:handled family:handling family:handles,1238
handsome,'hænsәm,adj.,"a. 英俊的, 大方的, 慷慨的, 相当可观的, 美观的, 灵敏的",,,cet4-all source:ecdict cet4 cet6 family:handsomest family:handsomer,3838
handwriting,'hændraitiŋ,n.,n. 笔迹,,,cet4-all source:ecdict cet4 cet6 family:handwritings,9204
handy,'hændi,adj.,"a. 便利的, 敏捷的, 容易取得的\n[化] 便于使用的; 易操作的",,,cet4-all source:ecdict cet4 cet6 family:handier family:handies,6380
hang,hæŋ,n.,"n. 悬挂, 诀窍, 意义\nvt. 悬挂, 附着, 装饰, 垂下, 踌躇, 绞死, 使悬而未决\nvi. 悬着, 垂下, 被绞死, 悬而不决",,,cet4-all source:ecdict cet4 cet6 family:hanging family:hung family:hangs,867
happen,'hæpәn,vi.,"vi. 发生, 发生, 恰巧",,,cet4-all source:ecdict cet4 family:happened family:happens family:happening,216
happiness,'hæpinis,n.,"n. 快乐, 幸运, 适当",,,cet4-all source:ecdict cet4 family:happinesses,3870
happy,'hæpi,adj.,"a. 快乐的, 幸福的, 愉快的, 恰当的",,,cet4-all source:ecdict family:happier family:happiest,747
harbour,'hɑ:bә,n.,"n. 港, 避难所\nv. 庇护, 藏匿, (使)入港停泊",,,cet4-all source:ecdict cet4 cet6 family:harbouring family:harbours family:harboured,36866
hard,hɑ:d,adj.,"a. 坚硬的, 硬的, 难的, 艰苦的, 困难的, 坚固的, 猛烈的, 艰难的, 结实的, 确实的\nadv. 坚硬地, 努力地, 辛苦地, 接近地, 猛烈地, 牢固地",,,cet4-all source:ecdict family:harder family:hardest,438
harden,hɑ:dn,vt.,"vt. 使变硬, 使坚强, 使冷酷\nvi. 变硬, 变冷酷",,,cet4-all source:ecdict cet4 cet6 family:hardened family:hardening family:hardens,8207
hardly,'hɑ:dli,adv.,"adv. 刚刚, 几乎不, 勉强是",,,cet4-all source:ecdict cet4 cet6,1741
hardship,'hɑ:dʃip,n.,"n. 艰难, 辛苦, 苦难\n[法] 受苦, 吃苦, 苦难",,,cet4-all source:ecdict cet4 cet6 family:hardships,6922
hardware,'hɑ:dwєә,n.,"n. 硬件, 五金器具, 零件\n[计] 硬件",,,cet4-all source:ecdict cet4 cet6,4019
hare,hєә,n.,n. 野兔\nvi. 飞跑,,,cet4-all source:ecdict cet4 cet6 family:hares family:haring family:hared,14507
harm,hɑ:m,n.,"n. 伤害, 害处\nvt. 伤害, 损害",,,cet4-all source:ecdict cet4 cet6 family:harmed family:harming family:harms,3651
harmful,'hɑ:mful,adj.,"a. 有害的, 伤害的",,,cet4-all source:ecdict cet4 cet6,5809
harmony,'hɑ:mәni,n.,"n. 协调, 和睦, 调和\n[电] 和声学",,,cet4-all source:ecdict cet4 cet6 cet6-core family:harmonies,4669
harness,'hɑ:nis,n.,"n. 马具, 挽具状带子, 甲胄\nvt. 给...上挽具, 驾驭, 披上甲胄, 利用...以产生动力",,,cet4-all source:ecdict cet4 cet6 family:harnessed family:harnessing family:harnesses,9768
harsh,hɑ:ʃ,adj.,"a. 粗糙的, 刺耳的, 严厉的\n[法] 粗糙的, 严厉的, 苛刻的",,,cet4-all source:ecdict cet4 cet6 family:harsher family:harshest,3471
harvest,'hɑ:vist,n.,"n. 收获, 成果, 收获物, 收获期\nv. 收割, 收获",,,cet4-all source:ecdict cet4 cet6 family:harvested family:harvesting family:harvests,4839
haste,heist,n.,"n. 匆忙, 急忙",,,cet4-all source:ecdict cet4 cet6,13347
hasten,'heisn,vt.,"vt. 催促, 加紧\nvi. 赶快, 急忙",,,cet4-all source:ecdict cet4 cet6 family:hastened family:hastening family:hastens,9445
hasty,'heisti,adj.,"a. 匆匆的, 轻率的, 性怠的",,,cet4-all source:ecdict cet4 cet6 cet6-core family:hastiest family:hastier,12658
hat,hæt,n.,n. 帽子\nvt. 给...戴帽子,,,cet4-all source:ecdict family:hats family:hatted family:hatting,2015
hatch,hætʃ,n.,"n. 孵化, 舱口\nvt. 孵, 孵出, 策划\nvi. 孵化",,,cet4-all source:ecdict cet4 cet6 cet6-core family:hatched family:hatching family:hatches,7365
hate,heit,n.,"n. 憎恨, 恨, 厌恶\nvt. 憎恨, 憎恶\nvi. 仇恨",,,cet4-all source:ecdict cet4 cet6 family:hated family:hates family:hating,1526
hateful,'heitful,adj.,"a. 憎恨的, 可恨的, 可恶的",,,cet4-all source:ecdict cet4 cet6,14495
hatred,'heitrid,n.,"n. 憎恨, 仇恨, 憎恶\n[法] 敌意, 憎恨, 憎恶",,,cet4-all source:ecdict cet4 cet6 cet6-core family:hatreds,5252
have,hæv,vt.,"vt. 有, 怀有, 拿, 进行\naux. 已经",,,cet4-all source:ecdict family:having family:had family:has,8
hawk,hɒ:k,n.,"n. 鹰, 掠夺者, 鹰派成员\nvi. 放鹰行猎, 像鹰一般地袭击, 清嗓, 咳嗽\nvt. 捕捉, 咳出, 兜售, 叫卖, 散播",,,cet4-all source:ecdict cet4 cet6 cet6-core family:hawks family:hawking family:hawked,7924
hay,hei,n.,"n. 干草\nvt. 制干草, 供给干草\nvi. 晒干草",,,cet4-all source:ecdict cet4 cet6 family:hays family:haying family:hayed,7184
hazard,'hæzәd,n.,"n. 冒险, 危险, 机会\nvt. 冒...的危险, 赌运气, 使冒危险\n[计] 相关危险; 冒险",,,cet4-all source:ecdict cet4 cet6 cet6-core family:hazards family:hazarded family:hazarding,4876
he,hi:,pron.,"pron. 他\nn. 男孩, 男人, 雄性动物",,,cet4-all source:ecdict,15
head,hed,n.,"n. 头, 头脑, 领袖, 脑袋, 最前的部分\nvt. 为首, 朝向, 前进, 用头顶\nvi. 朝特定方向行进, (作物)结穗\na. 头的, 在顶端的, 主要的\n[计] 磁头; 冲头",,,cet4-all source:ecdict family:heads family:heading family:headed,251
headache,'hedeik,n.,"n. 头痛, 令人头痛之事\n[医] 头痛",,,cet4-all source:ecdict cet4 cet6 family:headaches,4745
heading,'hediŋ,n.,"n. 标题, 起始字, 方向\n[计] 上标题",,,cet4-all source:ecdict cet4 cet6 family:head family:i family:headings family:heading,9765
headline,'hedlain,n.,"n. 大标题, 新闻摘要\nvt. 为...做标题, 写标题",,,cet4-all source:ecdict cet4 cet6 family:headlines family:headlined family:headlining,3293
headmaster,'hed'mɑ:stә,n.,"n. (中小学)校长, 监工",,,cet4-all source:ecdict cet4 cet6 family:headmasters,16726
headquarters,hed'kwɒ:tәz,n.,"n. 总部, 司令部, 总部人员\n[经] 本部, 总部, 总署",,,cet4-all source:ecdict cet4 cet6,2867
heal,hi:l,vi.,"vi. 痊愈\nvt. 使复原, 使和解, 治愈",,,cet4-all source:ecdict cet4 cet6 family:healed family:healing family:heals,4371
health,'helθ,n.,"n. 健康, 卫生, 蓬勃, 健康状态\n[医] 健康",,,cet4-all source:ecdict,344
healthy,'helθi,adj.,"a. 健康的, 有益健康的, 卫生的\n[医] 健康的",,,cet4-all source:ecdict family:healthier family:healthiest,1468
heap,hi:p,n.,"n. 堆, 许多, 累积\nvt. 堆积, 装满\n[计] 堆",,,cet4-all source:ecdict cet4 cet6 cet6-core family:heaps family:heaped family:heaping,7087
hear,hiә,vt.,"vt. 听到, 倾听, 听说, 审理\nvi. 听见, 听",,,cet4-all source:ecdict family:heard family:hearing family:hears,195
heart,hɑ:t,n.,"n. 心, 心脏, 中心, 内心, 感情, 精神, 心情, 宝贝儿\nvt. 鼓励",,,cet4-all source:ecdict family:hearts,460
heat,hi:t,n.,"n. 热, 热度, 体温, 高潮\nvi. 加热, 激昂, 加剧\nvt. 把...加热, 使激动",,,cet4-all source:ecdict cet4 cet6 family:heated family:heats family:heating,1009
heating,'hi:tiŋ,n.,"n. 加热, 供热, 暖气设备, 供暖系统, 暖气装置\na. 加热的, 供暖的",,,cet4-all source:ecdict cet4 cet6 family:heat family:i family:heating,6037
heaven,'hevn,n.,"n. 天堂, 上帝, 天空",,,cet4-all source:ecdict cet4 cet6 family:heavens,2626
heavily,'hevili,adv.,"adv. 很重地, 严重地, 难以忍受地",,,cet4-all source:ecdict cet4 cet6,2363
heavy,'hevi,adj.,"a. 重的, 巨大的, 沉重的, 笨重的, 过度的\nadv. 沉重地\nn. 重物, 严肃角色",,,cet4-all source:ecdict family:heavier family:heaviest family:heavies,1005
hedge,hedʒ,n.,"n. 树篱, 障碍, 套头交易\nvt. 用树篱围, 套期保值, 妨碍, 两面下注以防...的损失\nvi. 筑树篱, 躲闪, 两面下注以防损失\na. 树篱的, 偷偷摸摸的",,,cet4-all source:ecdict cet4 cet6 family:hedges family:hedging family:hedged,6032
heel,hi:l,n.,"n. 脚后跟, 踵, 后部, 倾侧\nvt. 尾随, 装以鞋跟, 倾侧, 追赶\nvi. 紧随, 用脚后跟传球",,,cet4-all source:ecdict cet4 cet6 cet6-core family:heels family:heeled family:heeling,3056
height,hait,n.,"n. 高度, 海拔, 高地, 顶点\n[化] 高度",,,cet4-all source:ecdict cet4 cet6 family:heights,2040
heir,єә,n.,"n. 继承人, 嗣子, 后嗣\n[法] 继承人, 后嗣",,,cet4-all source:ecdict cet4 cet6 cet6-core family:heirs,6177
helicopter,'helikɒptә,n.,n. 直升机\nvt. 由直升机运送\nvi. 乘直升机,,,cet4-all source:ecdict cet4 cet6 family:helicopters family:helicoptered family:helicoptering,3100
hell,hel,n.,"n. 地狱, 邪恶势力, 苦境, 阴间, 毁坏, 训斥\nvi. 狂饮, 飞驰",,,cet4-all source:ecdict cet4 cet6 family:hells,1456
hello,hә'lәu,interj.,"interj. 喂, 嘿",,,cet4-all source:ecdict family:hellos,2238
helmet,'helmit,n.,"n. 钢盔, 盔, 防护帽\nvt. 给...戴头盔",,,cet4-all source:ecdict cet4 cet6 family:helmets,4303
help,help,n.,"n. 帮忙, 帮助者, 补救办法, 有益的东西\nvt. 帮助, 帮忙, 接济, 治疗, 款待\nvi. 有用, 救命, 招待\n[计] 帮助, 帮助程序; DOS外部命令: DOS命令的电子文件帮助程序",,,cet4-all source:ecdict family:helped family:helping family:helps,167
helpful,'helpful,adj.,"a. 有帮助的, 有益的, 有用的",,,cet4-all source:ecdict cet4 cet6,3054
helpless,'helplis,adj.,"a. 无助的, 无能为力的, 无依无靠的",,,cet4-all source:ecdict cet4 cet6,6550
hen,hen,n.,"n. 母鸡, 雌禽",,,cet4-all source:ecdict cet4 family:hens,7934
hence,hens,adv.,"adv. 因此, 从此",,,cet4-all source:ecdict cet4 cet6,3639
her,hә:,pron.,"pron. 她的, 她",,,cet4-all source:ecdict family:hering,42
herd,hә:d,n.,"n. 兽群, 人群, 牧人\nvt. 群集, 使成群, 放牧\nvi. 聚在一起",,,cet4-all source:ecdict cet4 cet6 family:herds family:herded family:herding,5174
here,hiә,adv.,"adv. 在这里, 此时, 这里\nn. 这里",,,cet4-all source:ecdict,96
hero,'hiәrәu,n.,"n. 英雄, 超越常人者, 男主角",,,cet4-all source:ecdict cet4 cet6 family:heroes,1912
heroic,hi'rәuik,adj.,"a. 英勇的, 英雄式的, 壮丽雄伟的\nn. 英雄诗, 史诗, 英勇行为",,,cet4-all source:ecdict cet4 cet6 family:heroics,6176
heroine,'herәuin,n.,"n. 巾帼英雄, 烈妇, 女主角\n[化] 海洛因; 二醋吗啡; 二乙酰吗啡",,,cet4-all source:ecdict cet4 cet6 family:heroines,8342
hers,hә:z,pron.,pron. 她的,,,cet4-all source:ecdict,3849
herself,hә:'self,pron.,"pron. 她自己, 她亲自",,,cet4-all source:ecdict,792
hesitate,'heziteit,vi.,"vi. 犹豫, 迟疑, 踌躇, 支吾, 停顿",,,cet4-all source:ecdict cet4 cet6 cet6-core family:hesitated family:hesitating family:hesitates,3924
hi,hai,interj.,interj. 喂,,,cet4-all source:ecdict,2072
hide,haid,n.,"n. 兽皮, 迹象, 躲藏处\nvt. 藏, 隐瞒, 遮避, 剥...的皮, 隐藏\nvi. 躲藏\n[计] 隐藏",,,cet4-all source:ecdict cet4 cet6 family:hidden family:hiding family:hid family:hides,1255
high,hai,n.,"n. 高度, 高处\na. 高的, 高级的, 主要的, 高尚的, 高原的, 高音的, 昂贵的, 傲慢的\nadv. 高度地, 奢侈地",,,cet4-all source:ecdict family:higher family:highest family:highs,141
highly,'haili,adv.,"adv. 非常, 非常赞许地\n[电] 大大地",,,cet4-all source:ecdict cet4 cet6,1320
highway,'haiwei,n.,"n. 公路, 大道, 捷径\n[法] 公路, 大路",,,cet4-all source:ecdict cet4 cet6 family:highways,2583
hill,hil,n.,"n. 小山, 丘陵, 小土堆\nvt. 作成土堆, 堆成小丘",,,cet4-all source:ecdict family:hills family:hilling family:hilled,1800
hillside,'hilsaid,n.,"n. 山坡, 山腹",,,cet4-all source:ecdict cet4 cet6 family:hillsides,6756
him,him,pron.,pron. 他,,,cet4-all source:ecdict family:hims,68
himself,him'self,pron.,"pron. 他自己, 他亲自",,,cet4-all source:ecdict,367
hint,hint,n.,"n. 暗示, 提示\nv. 暗示, 示意",,,cet4-all source:ecdict cet4 cet6 family:hints family:hinted family:hinting,3909
hire,haiә,n.,"n. 租金, 租用, 雇用\nvt. 雇请, 出租\nvi. 受雇",,,cet4-all source:ecdict cet4 cet6 family:hired family:hiring family:hires,1491
his,hiz,pron.,pron. 他的\n[化] 组氨酸,,,cet4-all source:ecdict,25
historical,hi'stɒrikәl,adj.,"a. 历史的, 史实的, 历史上的\n[法] 历史性的",,,cet4-all source:ecdict cet4 cet6,1472
history,'histәri,n.,"n. 历史, 过去, 经历, 发展过程, 历史学, 过去的事, 历史记录\n[计] 历史记录",,,cet4-all source:ecdict cet4 cet6 family:histories,350
hit,hit,n.,"n. 打击, 打, 冲撞, 讽刺\nvt. 打, 打击, 碰撞, 打中, 袭击, 偶然碰上\nvi. 打, 打中, 打击, 碰撞, 偶然碰上\n[计] 击中; 找到; 瞬时打扰",,,cet4-all source:ecdict cet4 cet6 family:hit family:pd family:hitting family:hits,535
hobby,'hɒbi,n.,"n. 嗜好, 癖好, 爱好",,,cet4-all source:ecdict family:hobbies,6554
hold,hәuld,n.,"n. 把握, 把持力, 柄, 控制, 掌握, 监禁\nvt. 保存, 握住, 拿住, 占据, 持有, 拥有\nvi. 支持, 持续, 有效\nn. 保留\n[计] 保留",,,cet4-all source:ecdict family:held family:holding family:holds,213
hole,hәul,n.,"n. 孔, 洞, 穴, 漏洞\nvt. 挖洞, 掘坑\nvi. 进洞, 凿洞",,,cet4-all source:ecdict cet4 cet6 family:holes family:holed family:holing,1213
holiday,'hɒlәdi,n.,"n. 假日, 假期, 节日\nvi. 度假",,,cet4-all source:ecdict family:holidays family:holidaying family:holidayed,1963
hollow,'hɒlәu,n.,"n. 洞, 窟窿, 山谷\na. 空的, 虚伪的, 空腹的, 凹的\nvi. 形成空洞\nvt. 挖空",,,cet4-all source:ecdict cet4 cet6 family:hollows family:hollowed family:hollowing,7413
holy,'hәuli,adj.,"a. 神圣的, 圣洁的, 至善的\nn. 神圣的东西",,,cet4-all source:ecdict cet4 cet6 family:holiest family:holier family:holies,2375
home,hәum,n.,"n. 家, 避难所, 故乡\na. 家庭的, 国内的, 打中目标的\nadv. 在家, 在本国, 打中目标地\n[计] 返回始位",,,cet4-all source:ecdict family:homes family:homing family:homed,224
honest,'ɒnist,adj.,"a. 诚实的, 坦直的, 可靠的",,,cet4-all source:ecdict cet4,2530
honesty,'ɒnisti,n.,"n. 诚实, 公正, 正直",,,cet4-all source:ecdict cet4 cet6,6192
honey,'hʌni,n.,"n. 蜂蜜, 甜蜜, 爱人\na. 蜂蜜似的, 甜蜜的, 甘美的\nvt. 加蜜使甜, 对...说甜言蜜语\nvi. 说甜言蜜语, 奉承",,,cet4-all source:ecdict cet4 family:honeys family:honeying family:honied,2932
honeymoon,'hʌnimu:n,n.,"n. 蜜月, 蜜月假期\nvi. 渡蜜月",,,cet4-all source:ecdict cet4 cet6 family:honeymoons family:honeymooning family:honeymooned,8111
honour,'ɒnә,n.,"n. 荣誉, 头衔, 信用, 尊敬, 名誉, 阁下, 勋章\nvt. 尊敬, 授予荣誉, 承兑, 实践",,,cet4-all source:ecdict cet4 cet6 family:honours family:honoured family:honouring,32290
honourable,'ɒnәrәbl,adj.,"a. 值得尊敬的, 荣耀的, 高贵的\n[法] 荣誉的, 正直的, 体面的",,,cet4-all source:ecdict cet4 cet6 family:honourables,33544
hook,huk,n.,"n. 钩, 钩状, 镰刀, 陷阱\nvt. 挂...于钩上, 钩住, 引上钩, 偷窃\nvi. 弯成钩状, 钩紧\n[计] 钩",,,cet4-all source:ecdict cet4 cet6 family:hooks family:hooked family:hooking,3791
hope,hәup,n.,"n. 希望, 信心, 期待\nv. 希望, 期望, 信赖",,,cet4-all source:ecdict family:hoping family:hoped family:hopes,482
hopeful,'hәupful,n.,"n. 有希望之人, 有前途之人\na. 有希望的, 怀抱希望的, 保持乐观的",,,cet4-all source:ecdict cet4 cet6 family:hopefuls,5116
hopeless,'hәuplis,adj.,"a. 无希望的, 绝望的, 不可救药的",,,cet4-all source:ecdict cet4 cet6,7926
horizon,hә'raizәn,n.,"n. 地平线, 眼界, (天)视地平",,,cet4-all source:ecdict cet4 cet6 family:horizons,3113
horizontal,.hɒri'zɒntәl,n.,"n. 水平线, 水平面, 水平位置\na. 水平线的, 平坦的, 横的\nn. 水平\n[计] 水平",,,cet4-all source:ecdict cet4 cet6 family:horizontals,6000
horn,hɒ:n,n.,"n. 角, 角质, 喇叭, 号角\na. 角制的\nvt. 用角触, 长角于",,,cet4-all source:ecdict cet4 cet6 family:horns family:horned family:horning,3653
horror,'hɒrә,n.,"n. 惊骇, 恐怖, 惨状\n[医] 恐怖, 恐惧",,,cet4-all source:ecdict cet4 cet6 family:horrors,3318
horse,hɒ:s,n.,"n. 马, 骑兵, 脚架\nvi. 骑马, 取笑\nvt. 使骑马, 系马于",,,cet4-all source:ecdict family:horses family:horsing family:horsed,1279
horsepower,'hɒ:spauә,n.,n. 马力\n[电] 马力,,,cet4-all source:ecdict cet4 cet6,12375
hospital,'hɒspitәl,n.,n. 医院\n[医] 医院,,,cet4-all source:ecdict family:hospitals,647
host,hәust,n.,"n. 主人, 旅馆老板, 节目主持人\nvt. 当主人招待, 作...节目主持人\n[计] 主机, 宿主机",,,cet4-all source:ecdict cet4 cet6 family:hosts family:hosted family:hosting,1840
hostess,'hәustis,n.,"n. 女主人, 女房东, 女老板",,,cet4-all source:ecdict cet4 cet6 family:hostesses family:hostessing family:hostessed,10323
hostile,'hɒstail,adj.,"a. 敌人的, 怀敌意的, 敌对的\nn. 敌对分子",,,cet4-all source:ecdict cet4 cet6 cet6-core family:hostiles,4163
hot,hɒt,adj.,"a. 热的, 热心的, 辣的, 热情的, 激动的, 猛烈的, 紧迫的\nadv. 热, 紧迫地",,,cet4-all source:ecdict family:hotter family:hottest family:hotting family:hots,721
hotel,hәu'tel,n.,"n. 旅馆, 客栈",,,cet4-all source:ecdict family:hotels,1002
hour,auә,n.,"n. 小时, 钟头, 时间, ...点钟, 课时",,,cet4-all source:ecdict family:hours,272
house,haus,n.,"n. 房子, 住宅, 机构, 议院, 家族, 家庭\nvt. 给...房子住, 收藏\nvi. 住, 躲藏",,,cet4-all source:ecdict family:houses family:housing family:housed,257
household,'haushәuld,n.,"n. 一家人, 家庭, 家族, 王室\na. 家庭的, 家常的, 王室的",,,cet4-all source:ecdict cet4 cet6 cet6-core family:households,1967
housewife,'hauswaif,n.,"n. 主妇, 家庭妇女",,,cet4-all source:ecdict cet4 cet6 family:housewives,8592
how,hau,adv.,"adv. 如何, 怎样, 多少, 多么\nn. 方式",,,cet4-all source:ecdict,76
however,hau'evә,adv.,"adv. 然而, 无论如何, 究竟怎样\nconj. 然而, 可是",,,cet4-all source:ecdict cet4,284
huge,hju:dʒ,adj.,"a. 极大的, 巨大的, 无限的",,,cet4-all source:ecdict cet4,911
human,'hju:mәn,n.,"n. 人, 人类\na. 人类的, 似人类的, 人性的, 有同情心的",,,cet4-all source:ecdict cet4 family:humans,399
humble,'hʌmbl,adj.,"a. 低下的, 谦逊的, 粗陋的\nvt. 使...卑下, 降低...地位, 贬抑",,,cet4-all source:ecdict cet4 cet6 cet6-core family:humbled family:humbles family:humbling,5970
humid,'hju:mid,adj.,"a. 潮湿的, 湿润的, 多湿气的",,,cet4-all source:ecdict cet4 cet6,10699
humorous,'hju:mәrәs,adj.,"a. 富幽默感的, 滑稽的, 诙谐的",,,cet4-all source:ecdict cet4 cet6,9877
humour,'hju:mә,n.,"n. 幽默, 诙谐, 情绪, 体液\nvt. 使满足, 迁就",,,cet4-all source:ecdict cet4 cet6 family:humours family:humouring family:humoured,
hundred,'hʌndrәd,n.,"n. 百, 百个东西\nnum. 百, 百个\na. 一百的, 许多的",,,cet4-all source:ecdict,621
hunger,'hʌŋgә,n.,"n. 饥饿, 渴望, 饥荒\nvt. 使挨饿\nvi. 挨饿, 渴望",,,cet4-all source:ecdict cet4 cet6 family:hungers family:hungered family:hungering,4584
hungry,'hʌŋgi,adj.,"a. 饥饿的, 荒年的, 渴望的, 不毛的\n[化] 欠鞣皮",,,cet4-all source:ecdict family:hungrier family:hungriest,3181
hunt,hʌnt,n.,"n. 狩猎, 追捕, 搜寻, 猎区\nvt. 狩猎, 打猎, 搜索\nvi. 打猎, 猎食, 搜寻",,,cet4-all source:ecdict cet4 cet6 family:hunting family:hunted family:hunts,3420
hurry,'hʌri,n.,"n. 匆忙, 急忙, 急促\nvt. 急派, 催促\nvi. 匆忙, 赶快",,,cet4-all source:ecdict family:hurried family:hurrying family:hurries,3609
hurt,hә:t,n.,"n. 伤害, 创伤, 损害\nv. 伤害, (使)伤心, 危害, 刺痛",,,cet4-all source:ecdict cet4 cet6 family:hurt family:dp family:hurting family:hurts,1140
husband,'hʌzbәnd,n.,"n. 丈夫, 管理人, 节俭的人\nvt. 节俭, 使成丈夫, 持有",,,cet4-all source:ecdict family:husbands family:husbanding family:husbanded,637
hut,hʌt,n.,"n. 小屋, 茅舍, 临时军营\nv. (使)住在茅舍",,,cet4-all source:ecdict cet4 cet6 family:huts,5321
hydrogen,'haidrәdʒәn,n.,n. 氢\n[化] 氢H-2,,,cet4-all source:ecdict cet4 cet6 family:hydrogens,5103
ice,ais,n.,"n. 冰, 冰淇淋, 糖衣, 冷若冰霜, 矜持, 贿赂\nvt. 使结冰, 冰镇, 覆以糖衣\nvi. 结冰",,,cet4-all source:ecdict family:icing family:ices family:iced,1230
ice-cream,'aiskri:m,adj.,"a. 冰淇淋的, 乳白色的",,,cet4-all source:ecdict cet4 family:ice-creams,
idea,ai'diә,n.,"n. 主意, 办法, 理想, 思想, 概念, 意见\n[医] 观念, 思想",,,cet4-all source:ecdict family:ideas,311
ideal,ai'diәl,n.,"n. 理想, 典范, 观念, 思想, 最后目标\na. 理想的, 完美的, 空想的, 观念的, 唯心论的",,,cet4-all source:ecdict cet4 cet6 cet6-core family:ideals,2815
identical,ai'dentikәl,adj.,"a. 同一的, 恒等的, 完全相同的\n[医] 同一的, 同等的",,,cet4-all source:ecdict cet4 cet6 cet6-core,3822
identify,ai'dentifai,vt.,"vt. 识别, 认为...等同于, 确定, 使参与\nvi. 一致, 认同",,,cet4-all source:ecdict cet4 cet6 cet6-core family:identified family:identifying family:identifies,770
idiom,'idiәm,n.,"n. 习语, 成语, 惯用语法, 方言",,,cet4-all source:ecdict cet4 cet6 cet6-core family:idioms,12698
idle,'aidl,adj.,"a. 懒惰的, 闲散的, 停顿的, 空闲的, 无用的\nvi. 无所事事, 闲散, 浪费, 空转\nvt. 虚度, 使闲散, 使空转\nn. 空转, 空闲时间\n[计] 空闲时间",,,cet4-all source:ecdict cet4 cet6 family:idling family:idled family:idles,8146
if,if,conj.,"conj. 如果, 是否, 无论何时, 假设, 即使\nn. 条件\n[计] DOS批处理命令:根据所测试的条件决定是否执行另一条命令",,,cet4-all source:ecdict,40
ignorant,'ignәrәnt,adj.,"a. 无知识的, 不知道的, 由无知产生的\n[法] 无知的, 愚昧的, 不知情的",,,cet4-all source:ecdict cet4 cet6 family:ignorants,7357
ignore,ig'nɒ:,vt.,"vt. 不理睬, 忽视, 驳回, 忽略\n[计] 忽略",,,cet4-all source:ecdict cet4 cet6 cet6-core family:ignored family:ignoring family:ignores,1375
ill,il,n.,"n. 疾病, 坏事, 罪恶, 灾难\na. 生病的, 邪恶的, 不吉利的, 敌意的, 不良的, 不顺利的\nadv. 有害地, 不幸地, 几乎不",,,cet4-all source:ecdict family:ills,2945
illegal,i'li:gәl,adj.,"a. 违法的, 不合规定的\n[经] 非法的, 犯规的",,,cet4-all source:ecdict cet4 cet6 cet6-core family:illegals,2071
illness,'ilnis,n.,"n. 疾病, 恶意\n[医] 病",,,cet4-all source:ecdict cet4 family:illnesses,2303
illustrate,'ilәstreit,vt.,"vt. 举例说明, 作图解, 阐明\nvi. 举例说明",,,cet4-all source:ecdict cet4 cet6 cet6-core family:illustrated family:illustrates family:illustrating,2348
illustration,.ilә'streiʃәn,n.,"n. 例证, 插图\n[化] 插图",,,cet4-all source:ecdict cet4 cet6 family:illustrations,4475
image,'imidʒ,n.,"n. 影像, 肖像, 想象, 图像, 形象, 翻版\nvt. 作...的像, 反映, 想象, 象征\nn. 图像\n[计] 图象",,,cet4-all source:ecdict cet4 cet6 family:images family:imaging family:imaged,555
imaginary,i'mædʒinәri,adj.,"a. 想像的, 虚构的, 假想的",,,cet4-all source:ecdict cet4 cet6 cet6-core,6513
imagination,i.mædʒi'neiʃәn,n.,"n. 想像, 听觉, 想像力\n[医] 想像",,,cet4-all source:ecdict cet4 cet6 family:imaginations,2892
imagine,i'mædʒin,vt.,"vt. 想像, 设想, 猜测\nvi. 想像起来",,,cet4-all source:ecdict cet4 cet6 family:imagined family:imagining family:imagines,909
imitate,'imiteit,vt.,"vt. 模仿, 效法, 冒充, 仿造",,,cet4-all source:ecdict cet4 cet6 cet6-core family:imitating family:imitated family:imitates,6150
immediate,i'mi:diәt,adj.,"a. 立即的, 直接的, 接近的\n[医] 直接的, 立即的",,,cet4-all source:ecdict cet4 cet6,2180
immediately,i'mi:diәtli,adv.,"adv. 直接地, 立刻, 立即",,,cet4-all source:ecdict cet4 cet6,1142
immense,i'mens,adj.,"a. 极广大的, 无边的, 非常好的",,,cet4-all source:ecdict cet4 cet6,5645
immigrant,'imigrәnt,n.,"n. 移民\na. 移入的, 移民的",,,cet4-all source:ecdict cet4 cet6 cet6-core family:immigrants,2069
impact,'impækt,n.,"n. 冲击, 冲突, 影响, 效果\nvt. 挤入, 撞击, 压紧, 对...发生影响",,,cet4-all source:ecdict cet4 cet6 cet6-core family:impacts family:impacted family:impacting,919
impatient,im'peiʃәnt,adj.,"a. 不耐烦的, 着急的, 急切的",,,cet4-all source:ecdict cet4 cet6 cet6-core,7451
implication,.impli'keiʃәn,n.,"n. 牵连, 含义, 暗示\n[法] 推断, 含蓄之意, 暗示",,,cet4-all source:ecdict cet4 cet6 cet6-core family:implications,2434
imply,im'plai,vt.,"vt. 暗示, 意味\n[计] 隐含",,,cet4-all source:ecdict cet4 cet6 cet6-core family:implies family:implied family:implying,2796
import,im'pɒ:t,n.,"n. 进口货, 进口, 输入, 含义, 重要性\nvt. 输入, 引入, 进口, 含...的意思, 重要\nvi. 有关系\n[计] 引入",,,cet4-all source:ecdict cet4 cet6 family:imports family:imported family:importing,4050
importance,im'pɒ:tәns,n.,"n. 重要, 重要性, 重要地位, 自大\n[机] 重要, 重要性",,,cet4-all source:ecdict cet4 cet6,1573
important,im'pɒ:tәnt,adj.,"a. 重要的, 有地位的, 大量的, 显要的, 自负的\n[计] 要点",,,cet4-all source:ecdict,266
impose,im'pәuz,vt.,"vt. 征(税), 把...强加于, 以...欺骗\nvi. 利用, 欺骗, 施加影响",,,cet4-all source:ecdict cet4 cet6 cet6-core family:imposed family:imposes family:imposing,2334
impossible,im'pɒsәbl,adj.,"a. 不可能的, 难以置信的, 令人无法忍受的",,,cet4-all source:ecdict cet4 cet6,1606
impress,im'pres,n.,"n. 印象, 特征, 印记\nvt. 使有印象, 印, 铭刻, 传送, 影响, 强征\nvi. 给人印象",,,cet4-all source:ecdict cet4 cet6 family:impressed family:impressing family:impresses,3055
impression,im'preʃәn,n.,"n. 印象, 意念, 盖印, 印记, 印数, 底色, 效果\n[医] 压迹, 印模, 印象, 影响",,,cet4-all source:ecdict cet4 cet6 family:impressions,2537
impressive,im'presiv,adj.,"a. 给人深刻印象的, 威严的",,,cet4-all source:ecdict cet4 cet6,3258
imprison,im'prizn,vt.,"vt. 使下狱, 关闭, 拘禁, 限制\n[法] 关押, 监禁, 限制",,,cet4-all source:ecdict cet4 cet6 family:imprisoned family:imprisoning family:imprisons,8465
improve,im'pru:v,vt.,"vt. 改良, 提高...的价值, 改善, 利用\nvi. 变得更好, 增加",,,cet4-all source:ecdict cet4 cet6 family:improved family:improving family:improves,995
improvement,im'pru:vmәnt,n.,"n. 进步, 改善, 利用\n[医] 改善, 好转, 进步",,,cet4-all source:ecdict cet4 cet6 family:improvements,1936
in,in,prep.,"prep. 在...期间, 在...之内, 处于...之中, 从事于, 按照, 穿着\nadv. 进入, 朝里, 在里面, 在屋里\na. 在里面的, 在朝的\nn. 执政者, 交情",,,cet4-all source:ecdict,6
inch,intʃ,n.,"n. 英寸, 身高, 小岛\nvi. 慢慢前进, 慢慢移动\nvt. 使缓慢地移动",,,cet4-all source:ecdict cet4 cet6 family:inches family:inched family:inching,8178
incident,'insidәnt,n.,"n. 事件, 事变, 小事\na. 附带的, 易于发生的, 外来的, 入射的",,,cet4-all source:ecdict cet4 cet6 cet6-core family:incidents,1980
incline,in'klain,n.,"n. 倾斜, 斜坡, 斜面\nvt. 使倾向于, 使倾斜\nvi. 倾向, 倾斜, 爱好, 易于",,,cet4-all source:ecdict cet4 cet6 cet6-core family:inclined family:inclining family:inclines,12701
include,in'klu:d,vt.,"vt. 包括, 把...算入, 包住\n[计] DOS内部命令:在CONFIG.SYS文件的一个配置块中包含另一配置块的内容",,,cet4-all source:ecdict cet4 cet6 family:includes family:included family:including,292
income,'inkʌm,n.,"n. 收入, 收益, 流入\n[经] 收益",,,cet4-all source:ecdict cet4 cet6 family:incomes,1138
incorrect,.inkә'rekt,adj.,"a. 不正确的\n[法] 不正确, 错误的, 不适当的",,,cet4-all source:ecdict cet4 cet6 family:incorrects,7280
increase,in'kri:s,n.,"n. 增加, 增进, 利益\nvt. 增加, 加大\nvi. 增加, 繁殖",,,cet4-all source:ecdict cet4 cet6 family:increased family:increasing family:increases,660
increasingly,in'kri:siŋli,adv.,"adv. 逐渐地, 渐增地",,,cet4-all source:ecdict cet4 cet6,1585
indeed,in'di:d,adv.,"adv. 的确, 实在, 真正地, 甚至",,,cet4-all source:ecdict cet4 cet6,848
indefinite,in'definit,adj.,"a. 模糊的, 不确定的, 无限的\n[法] 不确定的, 无限制的",,,cet4-all source:ecdict cet4 cet6 cet6-core,13974
independence,.indi'pendәns,n.,"n. 独立, 自立, 自主\n[医] 自主性, 独立性",,,cet4-all source:ecdict cet4 cet6 cet6-core,2291
independent,.indi'pendәnt,n.,"n. 独立自主者, 无党派者\na. 独立的, 有主见的, 不须依赖的, 不受约束的",,,cet4-all source:ecdict cet4 cet6 family:independents,1265
index,'indeks,n.,"n. 索引, 指针, 指数, 指标\nvt. 编入索引中, 指出\nvi. 做索引\n[计] 下标; 附标; 变址; 索引; 编索引",,,cet4-all source:ecdict cet4 cet6 family:indices family:indexed family:indexing family:indexes,2621
india,'indjә,n.,n. 印度,,,cet4-all source:ecdict cet4 cet6,
indian,'indiәn,n.,"n. 印度人, 印第安人, 印第安语\na. 印度的, 印度群岛的, 印第安语的",,,cet4-all source:ecdict cet4 cet6 family:indians,1436
indicate,'indikeit,vt.,"vt. 显示, 象征, 指示, 指出\n[医] 指示",,,cet4-all source:ecdict cet4 cet6 family:indicates family:indicated family:indicating,785
indication,.indi'keiʃәn,n.,"n. 指示, 象征, 暗示\n[医] 指示, 指征, 适应征",,,cet4-all source:ecdict cet4 cet6 family:indications,3371
indifferent,in'difәrәnt,adj.,"a. 漠不关心的, 无重要性的, 中立的\n[医] 中性的, 无作用的, 无亲和力的, 淡漠的",,,cet4-all source:ecdict cet4 cet6 cet6-core,8368
indignant,in'dignәnt,adj.,"a. 愤怒的, 愤慨的",,,cet4-all source:ecdict cet4 cet6 cet6-core,14792
indirect,.indi'rekt,adj.,"a. 间接的, 非直截了当的, 不坦率的\n[医] 间接的",,,cet4-all source:ecdict cet4 cet6,6433
indispensable,.indis'pensәbl,n.,"n. 不可缺少之物\na. 不可缺少的, 责无旁贷的, 绝对必要的",,,cet4-all source:ecdict cet4 cet6 cet6-core family:indispensables,8952
individual,.indi'vidʒuәl,n.,"n. 人, 个人, 个体\na. 个别的, 个人的, 独特的",,,cet4-all source:ecdict cet4 cet6 cet6-core family:individuals,762
indoors,'in'dɒ:z,adv.,adv. 在户内,,,cet4-all source:ecdict cet4 cet6,8145
industrial,in'dʌstriәl,adj.,"a. 工业的, 供工业用的, 工业高度发展的, 产业的\nn. 工业工人, 工业股票",,,cet4-all source:ecdict cet4 cet6 cet6-core,1913
industrialize,in'dʌstriәlaiz,vt.,vt. 使工业化\nvi. 实现工业化,,,cet4-all source:ecdict cet4 cet6 family:industrializing family:industrialized family:industrializes,23391
industry,'indәstri,n.,"n. 勤劳, 工业, 企业, 产业, 有组织的劳动\n[经] 工业, 实业",,,cet4-all source:ecdict cet4 cet6 family:industries,551
inefficient,.ini'fiʃәnt,adj.,"a. 无效率的, 无能的\n[医] 无效的, 无效力的",,,cet4-all source:ecdict cet4 cet6,9644
inevitable,in'evitәbl,adj.,"a. 不可避免的, 必然的\n[法] 不可避免的, 无法规避的, 必然的",,,cet4-all source:ecdict cet4 cet6 cet6-core,3561
inexpensive,.inik'spensiv,adj.,"a. 便宜的, 不贵重的",,,cet4-all source:ecdict cet4 cet6,5823
infant,'infәnt,n.,"n. 婴儿, 儿童, 初学者\na. 婴儿的, 幼稚的",,,cet4-all source:ecdict cet4 cet6 cet6-core family:infants,3037
infect,in'fekt,vt.,"vt. 传染, 感染\n[医] 传染, 感染",,,cet4-all source:ecdict cet4 cet6 family:infected family:infects family:infecting,5200
infer,in'fә:,vt.,"vt. 推论出, 推断\nvi. 作推论",,,cet4-all source:ecdict cet4 cet6 family:inferred family:inferring family:infers,9219
inferior,in'fiәriә,adj.,"a. 次等的, 较差的, 下方的, 下级的\nn. 部下, 次品, 下标(符号)",,,cet4-all source:ecdict cet4 cet6 cet6-core family:inferiors,7505
infinite,'infinit,n.,"n. 无限, 神\na. 无穷的, 无限的, 极大的",,,cet4-all source:ecdict cet4 cet6 cet6-core,6860
influence,'influәns,n.,"n. 影响力, 权力, 势力\nvt. 影响, 改变",,,cet4-all source:ecdict cet4 cet6 family:influenced family:influences family:influencing,1392
influential,.infu'enʃәl,adj.,"a. 有影响的, 有势力的",,,cet4-all source:ecdict cet4 cet6,4289
inform,in'fɒ:m,vt.,"vt. 通知, 使了解, 使充满\nvi. 提供资料, 告发",,,cet4-all source:ecdict cet4 cet6 family:informed family:informing family:informs,2177
information,.infә'meiʃәn,n.,"n. 消息, 知识, 通知, 情报, 信息, 问讯处, 起诉\n[计] 信息",,,cet4-all source:ecdict,314
inhabit,in'hæbit,vt.,"vt. 居住于, 占据, 栖息",,,cet4-all source:ecdict cet4 cet6 cet6-core family:inhabited family:inhabits family:inhabiting,6052
inhabitant,in'hæbitәnt,n.,"n. 居民, 居住者\n[医] 居民",,,cet4-all source:ecdict cet4 cet6 cet6-core family:inhabitants,5914
inherit,in'herit,vt.,"vt. 继承, 遗传\nvi. 接受遗产",,,cet4-all source:ecdict cet4 cet6 cet6-core family:inherited family:inheriting family:inherits,4471
initial,i'niʃәl,n.,"n. 字首, 首字母\na. 开始的, 最初的, 字首的\nvt. 用姓名的首字母签名",,,cet4-all source:ecdict cet4 cet6 cet6-core family:initials family:initialled family:initialling,1943
injection,in'dʒekʃәn,n.,"n. 注射, 注射剂\n[化] 注入; 注射",,,cet4-all source:ecdict cet4 cet6 family:injections,5734
injure,'indʒә,vt.,"vt. 伤害, 损害, 使受冤屈\n[医] 损伤",,,cet4-all source:ecdict cet4 cet6 family:injured family:injuring family:injures,3721
injury,'indʒәri,n.,"n. 伤害, 侮辱\n[医] 伤, 损伤",,,cet4-all source:ecdict cet4 cet6 family:injuries,1553
ink,iŋk,n.,"n. 墨水, 墨汁\nvt. 涂墨水于, 签署, 加墨水",,,cet4-all source:ecdict cet4 cet6 family:inks family:inked family:inking,5193
inn,in,n.,"n. 旅馆, 客栈\nvi. 住旅馆",,,cet4-all source:ecdict cet4 cet6 family:inns,6591
inner,'inә,adj.,"a. 内部的, 内心的\nn. 内部",,,cet4-all source:ecdict cet4 cet6,2449
innocent,'inәsәnt,adj.,"a. 无罪的, 不懂事的, 无知的\nn. 天真的人, 笨蛋",,,cet4-all source:ecdict cet4 cet6 family:innocents,2775
input,'input,n.,"n. 输入, 输入电路\nvt. 输入\n[计] 输入",,,cet4-all source:ecdict cet4 cet6 cet6-core family:inputs family:input family:d family:inputting,4120
inquire,in'kwaiә,v.,"v. 询问, 问明, 查究",,,cet4-all source:ecdict cet4 cet6 family:inquired family:inquiring family:inquires,6687
inquiry,in'kwaiәri,n.,"n. 质询, 探索, 调查, 询盘\n[计] 询问; 查询",,,cet4-all source:ecdict cet4 cet6 family:inquiries,3367
insect,'insekt,n.,"n. 昆虫, 卑鄙的人\n[医] 昆虫",,,cet4-all source:ecdict cet4 cet6 cet6-core family:insects,3405
insert,in'sә:t,n.,"n. 插入物\nvt. 插入, 把(人造卫星)射入(轨道), 添写\nvi. 附着\n[计] 插入",,,cet4-all source:ecdict cet4 cet6 cet6-core family:inserted family:inserting family:inserts,4301
inside,'in'said,n.,"n. 内部, 内脏, 内幕\na. 内部的, 秘密的, 户内的\nadv. 在里面\nprep. 在...之内",,,cet4-all source:ecdict cet4 cet6 family:insides,964
insist,in'sist,v.,"v. 坚持, 坚决主张, 强调",,,cet4-all source:ecdict cet4 cet6 cet6-core family:insisted family:insists family:insisting,1359
inspect,in'spekt,vt.,"vt. 检查, 检阅, 检验\nvi. 检查",,,cet4-all source:ecdict cet4 cet6 family:inspected family:inspecting family:inspects,5031
inspection,in'spekʃәn,n.,"n. 检验, 检查, 视察\n[医] 检查, 视察, 监督, 望诊",,,cet4-all source:ecdict cet4 cet6 family:inspections,3588
inspire,in'spaiә,vt.,"vt. 使感动, 激发, 启示, 吸入, 鼓舞, 产生, 使生灵感\nvi. 吸入, 赋予灵感",,,cet4-all source:ecdict cet4 cet6 cet6-core family:inspired family:inspires family:inspiring,2299
install,in'stɒ:l,vt.,"vt. 安装, 安置, 使就职\n[计] 安装, 安装程序; DOS内部命令:安装常驻程序",,,cet4-all source:ecdict cet4 cet6 cet6-core family:installed family:installing family:installs,2505
installation,.instә'leiʃәn,n.,"n. 安装, 装置, 就职\n[医] 结构, 装置, 设立",,,cet4-all source:ecdict cet4 cet6 family:installations,4436
instance,'instәns,n.,"n. 建议, 情况, 例子, 场合\nvt. 引以为例, 举例说明",,,cet4-all source:ecdict cet4 cet6 cet6-core family:instances family:instanced family:instancing,2957
instant,'instәnt,n.,"n. 立即, 瞬间\na. 紧急的, 立即的, 即时的",,,cet4-all source:ecdict cet4 cet6 family:instants,4453
instantly,'instәntli,adv.,"adv. 立即地, 即刻地",,,cet4-all source:ecdict cet4 cet6,4170
instead,in'sted,adv.,"adv. 作为替代, 反而",,,cet4-all source:ecdict,994
instinct,'instiŋkt,n.,"n. 本能, 直觉\na. 充满着的",,,cet4-all source:ecdict cet4 cet6 cet6-core family:instincts,4239
institute,'institju:t,n.,"n. 学会, 学院, 协会\nvt. 创立, 开始, 制定, 任命",,,cet4-all source:ecdict cet4 cet6 cet6-core family:institutes family:instituted family:instituting,7980
institution,.insti'tju:ʃәn,n.,"n. 机构, 惯例, 制度\n[医] 机关, 机构, 设施",,,cet4-all source:ecdict cet4 cet6 cet6-core family:institutions,987
instruct,in'strʌkt,vt.,"vt. 教, 教育, 命令, 通知\n[法] 托办, 指导, 指示",,,cet4-all source:ecdict cet4 cet6 cet6-core family:instructed family:instructing family:instructs,4243
instruction,in'strʌkʃәn,n.,"n. 指令, 教导, 命令\n[计] 指令",,,cet4-all source:ecdict cet4 cet6 family:instructions,1563
instrument,'instrumәnt,n.,"n. 工具, 手段, 仪器\n[化] 仪器",,,cet4-all source:ecdict cet4 cet6 cet6-core family:instruments,1611
insufficient,.insә'fiʃәnt,adj.,"a. 不够的, 不能胜任的, 不充足的\n[法] 不足的, 不充分的, 不能胜任的",,,cet4-all source:ecdict cet4 cet6,7113
insult,'insʌlt,n.,"n. 侮辱, 无礼, 损害\nvt. 损害, 侮辱, 攻击",,,cet4-all source:ecdict cet4 cet6 family:insults family:insulted family:insulting,6568
insurance,in'ʃurәns,n.,"n. 保险, 保险业, 保险费\n[医] 保险",,,cet4-all source:ecdict cet4 cet6 cet6-core family:insurances,1197
insure,in'ʃuә,vt.,"vt. 保险, 确保\nvi. 投保",,,cet4-all source:ecdict cet4 cet6 family:insured family:insuring family:insures,6180
intellectual,.intә'lektʃuәl,n.,"n. 有知识者, 知识分子, 凭理智做事者\na. 智力的, 用脑力的, 聪明的",,,cet4-all source:ecdict cet4 cet6 cet6-core family:intellectuals,2857
intelligence,in'telidʒәns,n.,"n. 智力, 情报, 信息\n[医] 智力",,,cet4-all source:ecdict cet4 cet6 family:intelligences,1417
intelligent,in'telidʒәnt,adj.,"a. 聪明的, 智能的, 了解的",,,cet4-all source:ecdict cet4 cet6 cet6-core,3709
intend,in'tend,vt.,"vt. 计划, 打算, 意思是\n[法] 想要, 打算, 意旨",,,cet4-all source:ecdict cet4 cet6 family:intended family:intends family:intending,1536
intense,in'tens,adj.,"a. 非常的, 强烈的, 紧张的, 热情的\n[医] 强的",,,cet4-all source:ecdict cet4 cet6 cet6-core,2295
intensity,in'tensәti,n.,"n. 强烈, 紧张, 强度\n[计] 强度; 亮度",,,cet4-all source:ecdict cet4 cet6 family:intensities,3300
intensive,in'tensiv,adj.,"a. 加强的, 内涵的, 集中的\nn. 加强器",,,cet4-all source:ecdict cet4 cet6 cet6-core,4973
intention,in'tenʃәn,n.,"n. 意图, 目的, 含义\n[医] 愈合, 意向",,,cet4-all source:ecdict cet4 cet6 family:intentions,2517
intentional,in'tenʃәnәl,adj.,"a. 故意的, 与目的有关的\n[法] 故意的, 有意的",,,cet4-all source:ecdict cet4 cet6,8744
interaction,.intәr'ækʃәn,n.,"n. 交互作用, 交感\n[计] 交互作用",,,cet4-all source:ecdict cet4 cet6 cet6-core family:interactions,2075
interest,'intrist,n.,"n. 兴趣, 嗜好, 利息, 利益, 爱好, 趣味, 势力\nvt. 使感兴趣, 与...有关系",,,cet4-all source:ecdict cet4 cet6 family:interests family:interested family:interesting,416
interesting,'intristiŋ,adj.,a. 有趣的,,,cet4-all source:ecdict family:interesting family:i,1072
interfere,.intә'fiә,vi.,"vi. 妨碍, 冲突, 干涉, 抵触\n[医] 干扰, 干涉, 阻碍, 碰腿(马)",,,cet4-all source:ecdict cet4 cet6 cet6-core family:interfering family:interfered family:interferes,4424
interference,.intә'fiәrәns,n.,"n. 冲突, 干涉\n[计] 干扰",,,cet4-all source:ecdict cet4 cet6 family:interferences,6409
interior,in'tiәriә,n.,"n. 内部, 内政\na. 内部的, 心灵的, 内地的, 内政的",,,cet4-all source:ecdict cet4 cet6 family:interiors,3476
intermediate,.intә'mi:diәt,n.,"n. 中间物, 调停者, 中级\na. 中间的, 中级的\nvi. 起媒介作用\n[计] 中级",,,cet4-all source:ecdict cet4 cet6 family:intermediates family:intermediated,6876
internal,in'tә:nәl,adj.,"a. 内在的, 国内的\n[医] 内的, 内部的",,,cet4-all source:ecdict cet4 cet6 cet6-core family:internals,1728
international,.intә'næʃәnәl,adj.,a. 国际的\nn. 国别设定\n[计] 国别设定,,,cet4-all source:ecdict cet4 cet6 family:internationals,500
interpret,in'tә:prit,vt.,"vt. 解释, 演出, 翻译, 理解\nvi. 翻译, 解释",,,cet4-all source:ecdict cet4 cet6 cet6-core family:interpreted family:interpreting family:interprets,2755
interpretation,in.tә:pri'teiʃәn,n.,"n. 解释, 演出, 翻译\n[计] 插值; 插值法; 解释",,,cet4-all source:ecdict cet4 cet6 family:interpretations,2380
interpreter,in'tә:pritә,n.,"n. 直译程序, 解释者, 口译者, 注释器\n[计] 注释器",,,cet4-all source:ecdict cet4 cet6 family:interpreters,5628
interrupt,.intә'rʌpt,vt.,"vt. 中断, 妨碍, 插嘴\nvi. 打断\nn. 中断\n[计] 中断",,,cet4-all source:ecdict cet4 cet6 cet6-core family:interrupted family:interrupting family:interrupts,3407
interruption,.intә'rʌpʃәn,n.,"n. 打扰, 中断, 障碍物\n[医] 间断, 阻断, 中止",,,cet4-all source:ecdict cet4 cet6 family:interruptions,8994
interval,'intәvәl,n.,"n. 间隔, 距离, 间歇, 间隙\n[计] 时间间隔",,,cet4-all source:ecdict cet4 cet6 family:intervals,4646
interview,'intәvju:,n.,"n. 面谈, 访问, 接见, 面试\nvt. 接见, 对...进行面谈(试)",,,cet4-all source:ecdict cet4 cet6 family:interviews family:interviewed family:interviewing,944
intimate,'intimәt,adj.,"a. 亲密的, 私人的, 秘密的\nvt. 暗示, 通知, 告诉\nn. 至交",,,cet4-all source:ecdict cet4 cet6 cet6-core family:intimated family:intimates family:intimating,4217
into,'intu:,prep.,"prep. 进入...之内, 朝..., 深入...之中, 成为...状况",,,cet4-all source:ecdict,65
introduce,.intrә'dju:s,vt.,"vt. 介绍, 引入, 采用, 输入\n[法] 引进, 输入, 介绍",,,cet4-all source:ecdict cet4 cet6 family:introduced family:introducing family:introduces,1225
introduction,.intrә'dʌkʃәn,n.,"n. 介绍, 传入, 采用, 初步",,,cet4-all source:ecdict cet4 cet6 family:introductions,2904
invade,in'veid,vt.,"vt. 侵入, 拥入, 侵略, 侵袭\n[法] 强入, 侵犯, 侵略",,,cet4-all source:ecdict cet4 cet6 family:invaded family:invading family:invades,4510
invasion,in'veiʒәn,n.,"n. 侵犯, 侵入, 侵害\n[医] 侵袭, 侵入, 发病",,,cet4-all source:ecdict cet4 cet6 family:invasions,3295
invent,in'vent,vt.,"vt. 发明, 创作, 虚构\n[机] 发明",,,cet4-all source:ecdict cet4 cet6 family:invented family:inventing family:invents,3398
invention,in'venʃәn,n.,"n. 发明, 创作能力, 虚构的故事\n[经] 发明",,,cet4-all source:ecdict cet4 cet6 family:inventions,4773
inventor,in'ventә,n.,"n. 发明家\n[法] 发明人, 发明家, 创造者",,,cet4-all source:ecdict cet4 cet6 family:inventors,8188
invest,in'vest,vt.,"vt. 投资, 花费, 笼罩, 授予\nvi. 投资, 利用",,,cet4-all source:ecdict cet4 cet6 cet6-core family:invested family:investing family:invests,2001
investigate,in'vestigeit,v.,"v. 调查, 审查",,,cet4-all source:ecdict cet4 cet6 cet6-core family:investigated family:investigating family:investigates,1802
investigation,in.vesti'geiʃәn,n.,"n. 调查, 审查\n[医] 调查, 调查研究",,,cet4-all source:ecdict cet4 cet6 family:investigations,1175
investment,in'vestmәnt,n.,"n. 投资\n[医] 包埋料, 围模料, 包埋法, 围模法",,,cet4-all source:ecdict cet4 cet6 family:investments,1040
invisible,in'vizәbl,adj.,"a. 看不见的, 无形的\n[经] 无形的, 表面上看不见的, 未列在公开帐目的",,,cet4-all source:ecdict cet4 cet6 cet6-core family:invisibles,3811
invitation,.invi'teiʃәn,n.,"n. 邀请, 请柬, 引诱\n[经] 邀请, 招待, 吸引",,,cet4-all source:ecdict cet4 cet6 family:invitations,4072
invite,in'vait,vt.,"vt. 邀请, 请求, 引起, 招致\nn. 邀请",,,cet4-all source:ecdict cet4 cet6 family:invited family:invites family:inviting,1601
involve,in'vɒlv,vt.,"vt. 包括, 使陷于, 潜心于, 包围\n[医] 累及, 牵涉, 包含",,,cet4-all source:ecdict cet4 cet6 cet6-core family:involved family:involving family:involves,656
inward,'inwәd,adj.,"a. 内心的, 向内的, 本来的\n[医] 向内的",,,cet4-all source:ecdict cet4 cet6,11176
iron,'aiәn,n.,"n. 铁, 熨斗, 铁器, 坚强, 烙铁, 镣铐\nvt. 烫平, 熨, 用铁包\nvi. 烫平",,,cet4-all source:ecdict cet4 cet6 family:irons family:ironed family:ironing,2280
irregular,i'regjulә,n.,"n. 不规则物, 不合规格之物\na. 不规则的, 不整齐的, 不合法的",,,cet4-all source:ecdict cet4 cet6 family:irregulars,8410
island,'ailәnd,n.,"n. 岛, 岛屿, 孤立地区, 安全岛\nvt. 使成岛状, 孤立",,,cet4-all source:ecdict cet4 cet6 family:islands,1512
isolate,'aisәleit,vt.,"vt. 使隔离, 使孤立, 使绝缘\nn. 隔离种群",,,cet4-all source:ecdict cet4 cet6 cet6-core family:isolated family:isolates family:isolating,3963
issue,'isju,n.,"n. 发行, 问题, 后果, 流出, 出口, 争端\nvi. 发行, 流出, 造成...结果, 传下\nvt. 使流出, 放出, 发行, 发布, 发给",,,cet4-all source:ecdict cet4 cet6 cet6-core family:issues family:issued family:issuing,248
it,it,pron.,"pron. 它\n[计] 信息论, 输入终端, 智能终端, 内捕获",,,cet4-all source:ecdict,10
italian,i'tæljәn,n.,"n. 意大利人, 意大利语\na. 意大利的, 意大利语的",,,cet4-all source:ecdict cet4 cet6 family:italians,2637
item,'aitәm,n.,"n. 项目, 条款, 一则, 项\n[计] 项",,,cet4-all source:ecdict cet4 cet6-core family:items,1031
its,its,pron.,pron. 它的,,,cet4-all source:ecdict,78
itself,it'self,pron.,"pron. 它本身, 它自己",,,cet4-all source:ecdict,556
jacket,'dʒækit,n.,"n. 夹克, 外套, 护套\nvt. 给...穿夹克, 给...装护套",,,cet4-all source:ecdict cet4 cet6 family:jackets family:jacketing family:jacketed,2267
jail,dʒeil,n.,"n. 监牢, 监狱, 拘留所\nvt. 监禁, 下狱",,,cet4-all source:ecdict cet4 cet6 family:jailed family:jails family:jailing,2528
jam,dʒæm,n.,"n. 果酱, 拥塞之物, 堵塞, 困境\nvt. 挤进, 使塞满, 混杂, 压碎, 使堵塞\nvi. 堵塞, 轧住, 拥挤",,,cet4-all source:ecdict cet4 cet6 family:jammed family:jams family:jamming,5470
january,'dʒænjuәri,n.,n. 一月,,,cet4-all source:ecdict,
japan,dʒә'pæn,n.,n. 日本\n[化] 天然漆; 大漆; 漆器,,,cet4-all source:ecdict family:japanning family:japanned family:japans,
japanese,.dʒæpә'ni:z,n.,"n. 日本人, 日语\na. 日本的, 日语的",,,cet4-all source:ecdict,1718
jar,dʒɑ:,n.,"n. 广口瓶, 震动, 刺耳声\nvi. 震惊, 冲突, 发刺耳声, 不一致\nvt. 震动, 刺激",,,cet4-all source:ecdict cet4 cet6 family:jars family:jarred family:jarring,4262
jaw,dʒɒ:,n.,"n. 颚, 颌\nv. 闲谈, 教训, 唠叨",,,cet4-all source:ecdict cet4 cet6 family:jaws family:jawed family:jawing,4087
jazz,dʒæz,n.,"n. 爵士乐, 喧闹\na. 爵士乐的, 喧吵的\nvi. 演奏爵士乐, 跳爵士舞, 游荡\nvt. 奏爵士乐, 使活泼",,,cet4-all source:ecdict cet4 family:jazzing family:jazzed family:jazzes,3848
jealous,'dʒelәs,adj.,"a. 嫉妒的, 羡慕的, 留心的, 戒备的",,,cet4-all source:ecdict cet4 cet6,6322
jet,dʒet,n.,"n. 喷射流, 喷嘴, 煤玉\nv. 射出, 迸出, 喷射\na. 黑而发亮的, 墨黑的",,,cet4-all source:ecdict cet4 cet6 family:jets family:jetting family:jetted,3144
jewel,'dʒu:әl,n.,"n. 珠宝, 贵重物, 镶珠宝的饰物\nvt. 饰以珠宝, 镶以宝石",,,cet4-all source:ecdict cet4 cet6 family:jewels family:jewelled family:jewelling,6074
jewish,'dʒu:iʃ,adj.,"a. 犹太人的, 犹太族的",,,cet4-all source:ecdict cet4 cet6,1795
job,dʒɒb,n.,"n. 工作, 零活, 职业, 事情\nvi. 做零工, 打杂, 做股票经纪, 假公济私\nvt. 代客买卖, 批发, 承包, 欺骗\n[计] 作业",,,cet4-all source:ecdict family:jobs family:jobbing family:jobbed,243
join,dʒɒin,vi.,"vi. 参加, 结合, 加入\nvt. 连接, 结合, 参加, 加入\nn. 连接, 结合, 接合点\n[计] 连接; 汇合指令",,,cet4-all source:ecdict family:joined family:joining family:joins,505
joint,dʒɒint,n.,"n. 连接处, 接合, 关节\na. 共同的, 联合的, 连接的, 合办的\nvt. 连接, 接合, 使有接头\nvi. 贴合, 长节",,,cet4-all source:ecdict cet4 cet6 family:joints family:jointed family:jointing,2218
joke,dʒәuk,n.,"n. 笑话, 玩笑, 笑柄\nv. 开玩笑, 取笑, 作弄",,,cet4-all source:ecdict cet4 family:jokes family:joking family:joked,2246
jolly,'dʒɒli,adj.,"a. 愉快的, 高兴的, 宜人的\nvt. 恭维, 使高兴, 取笑\nvi. 开玩笑\nadv. 非常, 极为",,,cet4-all source:ecdict cet4 cet6 family:jollies family:jollier family:jolliest family:jollying family:jollied,13154
journal,'dʒә:nәl,n.,"n. 日记, 杂志, 日报\n[化] 轴颈",,,cet4-all source:ecdict cet4 cet6 family:journals,2780
journalist,'dʒә:nәlist,n.,"n. 新闻记者, 从事新闻杂志业的人",,,cet4-all source:ecdict cet4 cet6 family:journalists,2099
journey,'dʒә:ni,n.,"n. 旅程, 旅行, 行程\nvi. 旅行\nvt. 游历",,,cet4-all source:ecdict cet4 cet6 family:journeys family:journeyed family:journeying,2409
joy,dʒɒi,n.,"n. 欢喜, 乐事, 高兴\nvt. 使快乐, 令人高兴\nvi. 欢喜",,,cet4-all source:ecdict cet4 family:joys family:joying family:joyed,2816
joyful,'dʒɒiful,adj.,"a. 欢喜的, 高兴的, 令人高兴的",,,cet4-all source:ecdict cet4 cet6,11426
judge,dʒʌdʒ,n.,"n. 法官, 裁判员, 审判官, 鉴定人\nvt. 审理, 鉴定, 判断, 判决, 裁定\nvi. 下判断, 作评价",,,cet4-all source:ecdict cet4 cet6 family:judges family:judged family:judging,1115
judgement,'dʒʌdʒmәnt,n.,"n. 审判, 判决, 判断\n[经] 判定, 审定, 鉴定",,,cet4-all source:ecdict cet4 cet6 family:judgements,14669
juice,dʒu:s,n.,"n. 汁, 活力, 体液\nvt. 挤出汁来, 加汁",,,cet4-all source:ecdict family:juices,2310
july,dʒu:'lai,n.,n. 七月,,,cet4-all source:ecdict,
jump,dʒʌmp,n.,"n. 跳跃, 跳动, 暴涨, 惊跳\nvt. 跳跃, 跃过, 突升, 使跳跃\nvi. 跳跃, 跳, 跳动, 暴涨\n[计] 转移, 跳转",,,cet4-all source:ecdict family:jumped family:jumping family:jumps,1346
june,dʒu:n,n.,n. 六月,,,cet4-all source:ecdict,
jungle,'dʒʌŋgl,n.,"n. 丛林, 杂乱的一堆, 弱肉强食的地方",,,cet4-all source:ecdict cet4 cet6 family:jungles,4507
junior,'dʒu:njә,n.,"n. 年少者, 地位较低者, 大学三年级学生\na. 年少的, 下级的, 后进的",,,cet4-all source:ecdict cet4 cet6 family:juniors,2451
jury,'dʒuәri,n.,"n. 陪审团, 评判委员会\na. 应急的",,,cet4-all source:ecdict cet4 cet6 cet6-core family:juries,1650
just,dʒʌst,adj.,"a. 正直的, 合理的, 正确的, 应得的\nadv. 刚刚, 正好, 仅仅",,,cet4-all source:ecdict,66
justice,'dʒʌstis,n.,"n. 正义, 公平, 公正, 正确, 司法, 审判",,,cet4-all source:ecdict cet4 cet6 family:justices,1481
justify,'dʒʌstifai,vt.,"vt. 替...辩护, 证明\nvi. 证明合法\n[计] 段落重排, 两端对齐",,,cet4-all source:ecdict cet4 cet6 family:justified family:justifies family:justifying,2834
keen,ki:n,adj.,"a. 锋利的, 敏锐的, 强烈的, 敏捷的, 热心的, 渴望的\nn. 挽歌, 痛哭\nv. 唱挽歌, 痛哭",,,cet4-all source:ecdict cet4 cet6 cet6-core family:keener family:keenest family:keening family:keened family:keens,6508
keep,ki:p,n.,"n. 生计, 维持, 保持\nvt. 保持, 保存, 遵守, 看守, 整理, 维持, 履行, 经营, 拘留, 记帐\nvi. 保持, 继续不断",,,cet4-all source:ecdict family:kept family:keeping family:keeps,156
keeper,'ki:pә,n.,"n. 监护人, 管理人, 看守人\n[机] 保管人, 看守人, 保持片",,,cet4-all source:ecdict cet4 cet6 family:keepers,7388
kettle,'ketl,n.,"n. 茶壶, 罐\n[化] 釜体釜; 锅",,,cet4-all source:ecdict cet4 cet6 family:kettles family:kettled,10726
key,ki:,n.,"n. 钥匙, 键, 解答, 关键, 要害, 基调, 线索, 答案, 暗礁\nvt. 调音, 锁上, 提供线索\nvi. 使用钥匙\n[计] 键, 密钥",,,cet4-all source:ecdict family:keys family:keyed family:keying,1093
keyboard,'ki:bɒ:d,n.,n. 键盘\n[计] 键盘,,,cet4-all source:ecdict cet4 cet6 family:keyboards family:keyboarding family:keyboarded,5541
kick,kik,n.,"n. 踢, 反冲, 后座力, 凹底\nvi. 踢, 反抗, 反冲\nvt. 踢, 反冲",,,cet4-all source:ecdict cet4 cet6 family:kicked family:kicking family:kicks,1815
kid,kid,n.,"n. 小山羊, 小山羊肉, 小孩, 欺骗\na. 小山羊皮制的\nv. 哄骗, 嘲弄",,,cet4-all source:ecdict cet4 family:kids family:kidding family:kidded,312
kill,kil,n.,"n. 杀, 杀戮, 小河\nvt. 杀, 破坏, 消灭, 使终止, 抵消, 否决\nvi. 杀死\n[计] 删除",,,cet4-all source:ecdict cet4 family:killed family:killing family:kills,425
kilogram,'kilәgræm,n.,"n. 千克, 公斤\n[医] 千克, 公斤",,,cet4-all source:ecdict cet4 family:kilograms,
kilometer,'kilәmi:tә,n.,"n. 千米, 公里\n[医] 千米, 公里",,,cet4-all source:ecdict cet4 family:kilometers,
kind,kaind,n.,"n. 种类, 性质, 方式\na. 亲切的, 仁慈的, 和蔼的",,,cet4-all source:ecdict family:kinds family:kinder family:kindest,250
kindness,'kaindnis,n.,"n. 仁慈, 亲切, 和蔼",,,cet4-all source:ecdict cet4 cet6 family:kindnesses,7682
king,kiŋ,n.,"n. 国王, 君主\nvt. 使...成为君主\nvi. 君临, 统治",,,cet4-all source:ecdict cet4 family:kings,2080
kingdom,'kiŋdәm,n.,"n. 王国, 领域\n[医] 界(动物,植物,矿物)",,,cet4-all source:ecdict cet4 cet6 family:kingdoms,4487
kiss,kis,n.,n. 吻\nvt. 吻\nvi. 接吻,,,cet4-all source:ecdict cet4 family:kissed family:kissing family:kisses,2302
kitchen,'kitʃin,n.,"n. 厨房, 全套炊具\n[医] 厨房",,,cet4-all source:ecdict family:kitchens,1051
kite,kait,n.,"n. 风筝, 筝帆, 空头支票, 骗子\nvi. 象风筝一样飞, 轻快地移动, 使用空头支票\nvt. 使上升, 骗钱",,,cet4-all source:ecdict cet4 cet6 family:kites family:kiting family:kited,9509
knee,ni:,n.,"n. 膝, 膝盖\nvt. 膝行, 用膝盖碰",,,cet4-all source:ecdict cet4 cet6 family:knees family:kneeing,1488
kneel,ni:l,vi.,vi. 跪下,,,cet4-all source:ecdict cet4 cet6 family:knelt family:kneeling family:kneels,4938
knife,naif,n.,"n. 小刀, 匕首\nvt. 切割, 伤害, 切, 戳\nvi. 劈开, 穿过",,,cet4-all source:ecdict family:knives family:knifed family:knifing family:knifes,2240
knit,nit,v.,"v. 编织, 结合",,,cet4-all source:ecdict cet4 cet6 cet6-core family:knitting family:knitted family:knit family:pd family:knits,8436
knob,nɒb,n.,"n. 把手, 瘤, 旋钮, 球形突出物\nvt. 使有球形突出物\nvi. 鼓起",,,cet4-all source:ecdict cet4 cet6 cet6-core family:knobs family:knobbed family:knobbing,7863
knock,nɒk,n.,"n. 敲, 敲打, 敲门\nv. 敲击, 互撞, 攻击",,,cet4-all source:ecdict family:knocked family:knocking family:knocks,2087
knot,nɒt,n.,"n. 结, 群, 难题\nv. 打结, (使)纠缠",,,cet4-all source:ecdict cet4 cet6 family:knots family:knotted family:knotting,5079
know,nәu,v.,"v. 知道, 了解, 认识, 确信",,,cet4-all source:ecdict family:knew family:known family:knows family:knowing,47
knowledge,'nɒlidʒ,n.,"n. 知识, 学问, 认识, 知道",,,cet4-all source:ecdict cet4 cet6 family:knowledges,839
lab,læb,n.,"n. 实验室, 研究室\n[医] 凝乳酶",,,cet4-all source:ecdict cet4 cet6 family:labs,2089
label,'leibl,n.,"n. 标签, 称号, 商标, 标志\nvt. 贴标签于, 标注\n[计] 标志; 标注; DOS外部命令:用于建立改变或删除磁盘卷标号",,,cet4-all source:ecdict cet4 cet6 cet6-core family:labels family:labelled family:labelling,2619
laboratory,'læbrәtәri,n.,"n. 实验室, 研究室, 化工厂\n[医] 实验室, 检验室, 化验室",,,cet4-all source:ecdict cet4 cet6 family:laboratories,3132
labour,'leibә,n.,"n. 劳动, 努力, 工作, 劳工, 分娩\nvi. 劳动, 努力, 苦干\nvt. 详细分析, 使厌烦",,,cet4-all source:ecdict cet4 cet6 family:labours family:labouring family:laboured,16348
lace,leis,n.,"n. 饰带, 花边, 缎带, 鞋带\nvt. 结带子, 饰以花边\nvi. 系带子\n[计] 全穿孔",,,cet4-all source:ecdict cet4 cet6 cet6-core family:laces family:laced family:lacing,6642
lack,læk,n.,"n. 缺乏, 无, 不足\nvt. 缺乏, 短少, 不足, 需要\nvi. 缺乏",,,cet4-all source:ecdict cet4 family:lacking family:lacked family:lacks,1229
ladder,'lædә,n.,"n. 梯, 梯状物, 发迹的途径\nvi. 袜子抽丝, 成名",,,cet4-all source:ecdict cet4 cet6 family:ladders family:laddered family:laddering,4505
lady,'leidi,n.,"n. 淑女, 夫人, 女士, 贵妇",,,cet4-all source:ecdict cet4 family:ladies,1517
lag,læg,n.,"n. 落后, 囚犯, 迟延, 桶板, 防护套\na. 最后的\nvi. 落后, 蹒跚, 缓缓而行, 滞后\nvt. 落后于, 押往监狱, 加上外套\n[计] 延迟; 落后",,,cet4-all source:ecdict cet4 cet6 family:lagging family:lags family:lagged,8448
lake,leik,n.,"n. 湖, 池, 色淀\nv. (使)血球溶解",,,cet4-all source:ecdict family:lakes,1950
lamb,læm,n.,"n. 小羊, 羔羊\nv. 产羊羔",,,cet4-all source:ecdict cet4 cet6 family:lambs family:lambing family:lambed,5590
lame,leim,adj.,"a. 跛足的, 僵痛的, 不完全的, 金属薄板, 不知内情的人\nvi. 变跛\nvt. 使成残废, 使无用",,,cet4-all source:ecdict cet4 cet6 cet6-core family:lames family:lamed family:laming family:lamest family:lamer,9982
lamp,læmp,n.,n. 灯\nvt. 照亮\n[计] 逻辑模拟分析系统,,,cet4-all source:ecdict cet4 cet6 family:lamps,3936
land,lænd,n.,"n. 陆地, 地面, 地界, 地产, 国土, 土地\nvi. 登陆, 登岸, 到达\nvt. 使上岸, 使登陆, 使到达\n[计] 连接盘; 焊盘",,,cet4-all source:ecdict family:lands family:landed family:landing,566
landing,'lændiŋ,n.,"n. 登陆, 码头, 降落\n[经] 上岸, 登陆, 降落",,,cet4-all source:ecdict cet4 cet6 family:land family:i family:landing family:landings,3688
landlady,'lændleidi,n.,"n. 女房东, 女地主",,,cet4-all source:ecdict cet4 cet6 family:landladies,17554
landlord,'lændlɒ:d,n.,"n. 房东, 地主\n[经] 业主, 地主, 房东",,,cet4-all source:ecdict cet4 cet6 family:landlords,6724
lane,lein,n.,"n. 小路, 巷, 弄, 单行道",,,cet4-all source:ecdict cet4 cet6 cet6-core family:lanes,4136
language,'læŋgwidʒ,n.,"n. 语言, 文字, 措辞\n[计] 语言",,,cet4-all source:ecdict family:languages,722
lantern,'læntәn,n.,"n. 灯笼, 提灯, 航标灯\nvt. 装上提灯",,,cet4-all source:ecdict cet4 cet6 family:lanterns,8338
lap,læp,n.,"n. 膝盖, 舔, 一圈, 下摆, 衣兜, 山坳\nvi. 重叠, 围住, 轻拍, 舔\nvt. 包围, 抱...在膝上, 使重叠, 舔, 拍打, 泼溅\n[计] 链接访问程序",,,cet4-all source:ecdict cet4 cet6 family:laps family:lapped family:lapping,3359
large,lɑ:dʒ,adj.,"a. 大的, 大量的, 宽大的, 广博的\nadv. 大大地, 夸大地",,,cet4-all source:ecdict family:larger family:largest,220
largely,'lɑ:dʒli,adv.,"adv. 大量地, 很多地, 大半地",,,cet4-all source:ecdict cet4 cet6,1679
laser,'leizә,n.,n. 激光\n[计] 激光器,,,cet4-all source:ecdict cet4 cet6 family:lasers family:lasered family:lasering,3896
last,lɑ:st,adj.,"a. 最后的, 末尾的, 最近的\nvi. 持续, 支持, 维持\nvt. 使维持, 够...用\nadv. 最后, 后来\nn. 最后, 末尾, 鞋楦头",,,cet4-all source:ecdict family:lasted family:lasts family:lasting,130
late,leit,adj.,"a. 迟的, 晚的, 已故的\nadv. 很晚, 很迟, 晚",,,cet4-all source:ecdict family:later family:latest,437
lately,'leitli,adv.,"adv. 近来, 最近",,,cet4-all source:ecdict cet4 cet6 family:latelier,4028
later,'leitә,adv.,"adv. 以后, 随后",,,cet4-all source:ecdict cet4 cet6 family:late family:r,295
latin,'lætin,n.,"n. 拉丁人, 拉丁语\na. 拉丁人的, 拉丁语的",,,cet4-all source:ecdict cet4 cet6 family:latins,2526
latter,'lætә,adj.,"a. 后者的, 较后的, 近来的",,,cet4-all source:ecdict cet4 cet6,2725
laugh,lɑ:f,n.,"n. 笑, 笑声\nvi. 笑, 大笑\nvt. 以笑表示",,,cet4-all source:ecdict family:laughed family:laughing family:laughs,861
laughter,'lɑ:ftә,n.,"n. 笑, 笑声\n[医] 笑, 大笑",,,cet4-all source:ecdict cet4 cet6,3397
launch,lɒ:ntʃ,n.,"n. 下水, 汽艇, 发射\nvt. 使下水, 发射, 发动\nvi. 起飞, 下水, 投入, 开始",,,cet4-all source:ecdict cet4 cet6 family:launched family:launching family:launches,1743
laundry,'lɒ:ndri,n.,"n. 洗衣店, 洗好的衣服, 洗涤\n[机] 洗衣作, 洗衣店, 洗衣房",,,cet4-all source:ecdict cet4 cet6 family:laundries,4940
lavatory,'lævәtәri,n.,"n. 洗脸盆, 厕所",,,cet4-all source:ecdict cet4 cet6 family:lavatories,19680
law,lɒ:,n.,"n. 法律, 法则, 定律, 法律的制约, 法学, 司法界, 诉讼\nv. 起诉",,,cet4-all source:ecdict cet4 cet6 family:laws,287
lawn,lɒ:n,n.,"n. 草地, 草坪, 上等细麻布\n[机] 细筛",,,cet4-all source:ecdict cet4 cet6 family:lawns,2951
lawyer,'lɒ:jә,n.,n. 律师\n[经] 律师,,,cet4-all source:ecdict cet4 cet6 family:lawyers,816
lay,lei,vt.,"vt. 放置, 产, 铺设, 布置, 提出, 平息\nvi. 下蛋, 打赌\nn. 位置, 层, 隐藏处\na. 世俗的, 外行的\nlie的过去式",,,cet4-all source:ecdict cet4 cet6 family:lie family:p family:laid family:laying family:lays,803
layer,'leiә,n.,"n. 层, 产卵鸡, 放置者\nvt. 分层堆积, 压植\n[计] 层",,,cet4-all source:ecdict cet4 cet6 cet6-core family:layers family:layered family:layering,2168
layout,'leiaut,n.,"n. 布局, 陈列, 规划图, 页面布局, 版面编排\n[计] 页面布局, 版面",,,cet4-all source:ecdict cet4 cet6 family:layouts,7478
lazy,'leizi,adj.,"a. 懒惰的, 怠惰的, 缓慢的\nvi. 懒散",,,cet4-all source:ecdict cet4 family:laziest family:lazier,6238
lead,li:d. led,n.,"n. 铅, 铅条, 领导, 超前量, 领引, 榜样, 主角, 导线\nvt. 引导, 带领, 领导, 指挥, 致使, 加铅于, 用铅包\nvi. 领导, 带头, 导致, 用测深锤测深, 被铅覆盖\na. 带头的, 最重要的",,,cet4-all source:ecdict cet4 family:led family:leading family:leads family:lead family:d,318
leader,'li:dә,n.,"n. 领导者, 社论, 指挥, 领袖, 领唱者, 前导字符\n[计] 前导字符",,,cet4-all source:ecdict cet4 cet6 family:leaders,463
leadership,'li:dәʃip,n.,"n. 领导能力, 领导阶层",,,cet4-all source:ecdict cet4 cet6 family:leaderships,1304
leading,'li:diŋ,n.,"n. 领导, 指挥, 神示, 铅板\na. 领导的, 主要的, 在前的",,,cet4-all source:ecdict cet4 cet6 family:lead family:i family:leading,2188
leaf,li:f,n.,"n. 叶, 树叶, 花瓣, 页\nvi. 生叶, 翻书页\nvt. 在...上长叶, 翻...的页",,,cet4-all source:ecdict cet4 cet6 family:leaves family:leafing family:leafed family:leafs,1559
league,li:g,n.,"n. 同盟, 联盟, 盟约\nv. 组联盟, (使)加盟",,,cet4-all source:ecdict family:leagues family:leaguing family:leagued,1951
leak,li:k,n.,"n. 漏洞, 漏处, 漏出, 泄漏\nvi. 漏, 泄漏\nvt. 使渗漏",,,cet4-all source:ecdict cet4 cet6 family:leaked family:leaks family:leaking,5165
lean,li:n,n.,"n. 瘦肉, 倾斜, 倾斜度\na. 瘦的, 贫乏的, 歉收的\nvi. 倚靠, 倾斜, 依赖\nvt. 使倾斜",,,cet4-all source:ecdict cet4 cet6 family:leaned family:leaning family:leans family:leaner,1520
leap,li:p,n.,"n. 跳跃, 剧增, 急变, 被越过之物\nvi. 跳跃, 突然经过\nvt. 跃过, 使跃过",,,cet4-all source:ecdict cet4 cet6 family:leapt family:leaping family:leaps,3621
learn,lә:n,vt.,vt. 学习；认识到；得知,,,cet4-all source:ecdict family:learned family:learning family:learns,304
learned,'lә:nid,adj.,"a. 有学问的, 学术上的\nlearn的过去式和过去分词",,,cet4-all source:ecdict cet4 cet6 family:learn family:dp family:learned,10842
learning,'lә:niŋ,n.,"n. 学问, 学识, 学习\n[计] 学习",,,cet4-all source:ecdict cet4 cet6 family:learn family:i family:learning,1455
least,li:st,n.,"n. 最少, 最小, 最小限度\na. 最少的, 最小的\nadv. 最小, 最少",,,cet4-all source:ecdict cet4 cet6,302
leather,'leðә,n.,"n. 皮革, 皮制品, 马镫的皮带\nvt. 覆以皮革, 鞭苔, 抽打\na. 皮革的, 皮制的",,,cet4-all source:ecdict cet4 cet6 cet6-core family:leathers family:leathering family:leathered,2943
leave,li:v,n.,"n. 许可, 告别, 请假, 休假\nvt. 离开, 剩下, 遗忘, 委托, 丢弃\nvi. 出发, 离开, 生叶",,,cet4-all source:ecdict family:left family:leaving family:leaves,150
lecture,'lektʃә,n.,"n. 演讲, 谴责, 讲稿\nvt. 演讲, 训诫, 说教\nvi. 讲演",,,cet4-all source:ecdict cet4 cet6 family:lectures family:lecturing family:lectured,3526
left,left,adj.,"a. 左边的, 左倾的, 左侧的, 左派的\nadv. 在左面\nn. 左, 左面, 左派\nleave的过去式和过去分词",,,cet4-all source:ecdict family:leave family:dp family:left,771
leg,leg,n.,"n. 腿, 假腿, 路程\nvi. 走, 跑",,,cet4-all source:ecdict family:legs,856
legal,'li:gәl,adj.,"a. 法律的, 法定的, 合法的\n[经] 法定权利; 法律(上)的, 合法的",,,cet4-all source:ecdict cet4 cet6 cet6-core,883
legend,'ledʒәnd,n.,"n. 传说, 传奇文学, 图例\n[计] 图例",,,cet4-all source:ecdict cet4 cet6 cet6-core family:legends,3383
leisure,'li:ʒә,n.,"n. 空闲, 闲暇, 悠闲\na. 空闲的, 有闲的",,,cet4-all source:ecdict cet4 cet6 cet6-core family:leisured,6269
lemon,'lemәn,n.,"n. 柠檬, 柠檬树, 柠檬色\n[医] 柠檬",,,cet4-all source:ecdict cet4 family:lemons,3179
lend,lend,vt.,"vt. 借, 贷款给, 增添, 提供, 出租\nvi. 贷款",,,cet4-all source:ecdict family:lent family:lends family:lending,3548
length,leŋθ,n.,"n. 长度, 长, 期间, 一段\n[计] 记录长度; 块长; 字长",,,cet4-all source:ecdict cet4 cet6 family:lengths,1855
lens,lenz,n.,"n. 透镜, 镜头, 镜片, 晶状体\nvt. 给...摄影",,,cet4-all source:ecdict cet4 cet6 cet6-core,3544
less,les,n.,"n. 较少, 较小\na. 少的, 小的\nadv. 较少, 较小, 较差\n[计] 最低成本估算与调度法",,,cet4-all source:ecdict cet4,477
lessen,'lesn,vt.,"vt. 减少, 缩小, 减轻\nvi. 变小",,,cet4-all source:ecdict cet4 cet6 family:lessened family:lessening family:lessens,7650
lesson,'lesn,n.,"n. 课, 课业, 教训",,,cet4-all source:ecdict family:lessons,1325
lest,lest,conj.,"conj. 以免, 唯恐, 免得",,,cet4-all source:ecdict cet4 cet6,8827
let,let,vt.,"vt. 让, 假设, 出租, 排放, 妨碍\nvi. 出租, 被承包\nn. 出租屋, 障碍",,,cet4-all source:ecdict family:letting family:let family:dp family:lets,159
letter,'letә,n.,"n. 信, 字母, 证书, 字面意义, 铅字, 学问, 出租人\nvt. 写字母于, 在...上刻字母, 用字母标明\nvi. 写印刷体字\n[计] 字母",,,cet4-all source:ecdict family:letters family:lettered family:lettering,628
level,'levl,n.,"n. 水平, 水准, 平地\na. 同高的, 平坦的, 齐平的, 水平的\nvt. 弄平, 夷平, 使同等, 瞄准, 对准\nvi. 变平, 拉平\n[计] 级别",,,cet4-all source:ecdict cet4 cet6 family:levels family:levelled family:levelling,338
lever,'levә,n.,"n. 杠杆, 似杠杆之工具\nvt. 撬开\nvi. 使用杠杆",,,cet4-all source:ecdict cet4 cet6 cet6-core family:levers family:levered family:levering,7487
liable,'laiәbl,adj.,"a. 有义务的, 应负责的, 有...倾向的\n[法] 有责任的, 可受处理的, 应受罚的",,,cet4-all source:ecdict cet4 cet6 cet6-core,8305
liar,'laiә,n.,n. 说谎者,,,cet4-all source:ecdict cet4 cet6 family:liars,6677
liberal,'libәrәl,n.,"n. 自由主义者\na. 慷慨的, 不拘泥的, 宽大的, 自由主义的",,,cet4-all source:ecdict cet4 cet6 cet6-core family:liberals,1993
liberate,'libәreit,vt.,"vt. 解放, 释放, 使自由\n[机] 释出, 放出",,,cet4-all source:ecdict cet4 cet6 family:liberated family:liberates family:liberating,7492
liberation,.libә'reiʃәn,n.,"n. 释放, 解放\n[化] 发出; 释放; 放出",,,cet4-all source:ecdict cet4 cet6,6230
liberty,'libәli,n.,"n. 自由, 特权, 许可, 冒失\n[法] 自由, 自由权, 自由区域",,,cet4-all source:ecdict cet4 cet6 family:liberties,3835
librarian,lai'brєәriәn,n.,"n. 图书馆员, 图书管理员\n[计] 程序库管理程序; 程序库生成程序",,,cet4-all source:ecdict cet4 cet6 family:librarians,7502
library,'laibrәri,n.,"n. 图书馆, 藏书, 库\n[计] 库",,,cet4-all source:ecdict family:libraries,2129
license,'laisns,n.,"n. 执照, 许可证, 特许\nvt. 许可, 特许",,,cet4-all source:ecdict cet4 cet6 family:licensed family:licensing family:licenses,2872
lick,lik,n.,"n. 舔, 少许, 打\nvt. 舔, 卷过, 鞭打\nvi. 轻轻拍打",,,cet4-all source:ecdict cet4 cet6 family:licked family:licking family:licks,5936
lid,lid,n.,"n. 盖子, 限制, 眼睑\nvt. 给...盖盖子",,,cet4-all source:ecdict cet4 cet6 family:lids family:lidded,4658
lie,lai,n.,"n. 谎言, 假象, 位置\nvi. 躺着, 说谎, 位于, 展现, 存在, 停泊\nvt. 谎骗",,,cet4-all source:ecdict family:lay family:lying family:lies family:lain,751
lieutenant,lef'tenәnt,n.,"n. 中尉, 助理人员, 副官",,,cet4-all source:ecdict cet4 cet6 cet6-core family:lieutenants,6051
life,laif,n.,"n. 生活, 生命, 人生, 世事, 生物, 寿命, 一生, 生命力, 灵魂, 无期徒刑\n[医] 生活, 生存, 生命, 寿命",,,cet4-all source:ecdict family:lives,114
lifetime,'laiftaim,n.,"n. 一生, 终生\na. 一生的, 终生的",,,cet4-all source:ecdict cet4 cet6 family:lifetimes,2767
lift,lift,n.,"n. 举起, 帮助, 昂扬, 电梯\nvt. 升高, 提高, 鼓舞, 清偿, 空运, 举起, 剽窃\nvi. 升起, 消散, 耸立",,,cet4-all source:ecdict cet4 family:lifted family:lifting family:lifts,1343
light,lait,n.,"n. 光, 光亮, 灯, 日光, 发光体, 光源, 杰出人物, 火花, 眼光\na. 轻的, 少量的, 轻微的, 轻快的, 轻浮的, 明亮的, 淡色的, 容易的\nvt. 点燃, 照亮\nvi. 点着, 变亮, 突降, 偶然碰到\nadv. 轻地",,,cet4-all source:ecdict family:lights family:lit family:lighter family:lighting family:lightest,464
lighten,'laitn,vt.,"vt. 照亮, 点亮, 减轻, 使轻松, 闪出\nvi. 发亮, 打闪, 变轻",,,cet4-all source:ecdict cet4 cet6 family:lightened family:lightening family:lightens,8581
lightly,'laitli,adv.,"adv. 轻轻地, 少许, 不费力地",,,cet4-all source:ecdict cet4 cet6,3396
lightning,'laitniŋ,n.,n. 闪电\nvi. 闪电\na. 闪电的,,,cet4-all source:ecdict cet4 cet6 family:lightnings,4562
like,laik,adj.,"a. 相似的, 同样的\nvt. 喜欢, 愿意, 想\nvi. 喜欢, 希望\nn. 爱好, 同样的人(或物)\nprep. 象, 如同\nadv. 可能",,,cet4-all source:ecdict family:liked family:likes family:liking,74
likely,'laikli,adj.,"a. 有可能的, 合适的, 前途有望的\nadv. 或许, 可能",,,cet4-all source:ecdict cet4 cet6 family:likeliest,624
likewise,'laikwaiz,adv.,"adv. 同样地, 也",,,cet4-all source:ecdict cet4 cet6,4530
limb,lim,n.,"n. 四肢, 枝干, 翼, 边缘\nvt. 切断...之手足",,,cet4-all source:ecdict cet4 cet6 cet6-core family:limbs family:limbed,3643
lime,laim,n.,"n. 石灰, 粘鸟胶, 酸橙\nvt. 以石灰处理, 粘鸟胶于, 撒石灰",,,cet4-all source:ecdict cet4 cet6 family:limes family:liming family:limed,5429
limit,'limit,n.,"n. 界限, 边界, 限度, 极限, 限制\nvt. 限制, 限定",,,cet4-all source:ecdict cet4 cet6 family:limits family:limited family:limiting,1348
limitation,.limi'teiʃәn,n.,"n. 限制, 缺陷, 限额\n[医] 限界, 限制, 限度",,,cet4-all source:ecdict cet4 cet6 cet6-core family:limitations,3019
limited,'limitid,adj.,"a. 有限制的, 有限的, 有限责任的\nn. 特别快车",,,cet4-all source:ecdict cet4 cet6 family:limit family:dp family:limited,1982
line,lain,n.,"n. 列, 线, 绳, 电线, 线路, 路线, 航线, 作业线, 界线, 战线, 外形, 排, 家系\nvt. 排成一行, 顺...排列, 划线于, 加衬里, 使有线条, 使起皱纹\nvi. 排队\n[计] 线路",,,cet4-all source:ecdict cet4 cet6 family:lines family:lined family:lining,276
linen,'linin,n.,"n. 亚麻布, 亚麻线, 亚麻制品\na. 亚麻布制的, 亚麻的",,,cet4-all source:ecdict cet4 cet6 cet6-core family:linens,6009
liner,'lainә,n.,"n. 班机, 划线者, 定期船, 衬里\n[化] 衬垫; 垫带; 套管",,,cet4-all source:ecdict cet4 cet6 cet6-core family:liners,7501
link,liŋk,n.,"n. 环, 连结物, 链接, 火把\nvt. 连结, 联合, 挽住\nvi. 连接起来\n[计] 连接, 链路",,,cet4-all source:ecdict cet4 cet6 family:linked family:links family:linking,1730
lion,'laiәn,n.,"n. 狮子, 狮子(星)座, 国际狮子会会员",,,cet4-all source:ecdict cet4 cet6 family:lions,4305
lip,lip,n.,"n. 唇, 口缘, 唇状构造\nvt. 以嘴唇碰, 轻轻说出\na. 口头上的\n[计] 大型互连网信息包",,,cet4-all source:ecdict cet4 cet6 family:lips family:lipped,1582
liquid,'likwid,n.,"n. 液体, 流体, 流音\na. 液体的, 透明的, 明亮的, 流动的, 易变的",,,cet4-all source:ecdict cet4 cet6 family:liquids,4360
liquor,'likә,n.,"n. 酒, 液体, 汁, 溶液\nvt. 浸水\nvi. 喝酒",,,cet4-all source:ecdict cet4 cet6 family:liquors,5711
list,list,n.,"n. 目录, 名单, 明细表, 布条, 条纹, 列表, 序列, 数据清单\nvt. 列出, 列于表上, 记入名单内, 装布条\nvi. 列于表上\n[计] 列表, 序列, 数据清单",,,cet4-all source:ecdict cet4 cet6 family:lists family:listed family:listing,761
listen,'lisn,vi.,"vi. 听, 倾听, 听从\nn. 听, 倾听",,,cet4-all source:ecdict family:listened family:listening family:listens,609
listener,'lisnә,n.,"n. 收听者, 听众",,,cet4-all source:ecdict cet4 family:listeners,4560
liter,'li:tә,n.,n. 公升\n[化] 升,,,cet4-all source:ecdict cet4 cet6,11406
literary,'litәrәri,adj.,"a. 文学的, 文艺的, 精通文学的\n[法] 文学的, 从事文学的, 从事写作的",,,cet4-all source:ecdict cet4 cet6 cet6-core,2700
literature,'litәrәtʃә,n.,"n. 文学, 文艺, 著作\n[经] 广告, 商品介绍等文学",,,cet4-all source:ecdict cet4 cet6 cet6-core family:literatures,1549
little,'litl,n.,"n. 一点点, 少许, 一会儿, 短时间\na. 小的, 很少的, 幼小的, 琐碎的, 短暂的, 矮小的\nadv. 很少, 稍微, 完全不",,,cet4-all source:ecdict,256
live,liv.laiv,adj.,"a. 活的, 生动的, 精力充沛的, 实况转播的\nvi. 活, 生存, 居住\nvt. 过着, 度过, 经历\nadv. 实况地",,,cet4-all source:ecdict family:lived family:living family:lives,210
lively,'laivli,adj.,"a. 活泼的, 鲜明的, 生动的",,,cet4-all source:ecdict cet4 cet6 family:livelier family:liveliest,5775
liver,'livә,n.,"n. 肝脏, 生活者, 居民\n[医] 肝",,,cet4-all source:ecdict cet4 cet6 family:livers,4667
living,'liviŋ,n.,"n. 生活, 生计, 生存\na. 活的, 逼真的, 现存的",,,cet4-all source:ecdict cet4 cet6 family:live family:i family:living family:livings,1329
living-room,,n.,n. 起居室,,,cet4-all source:ecdict cet4 family:living-rooms,
load,lәud,n.,"n. 负荷, 担子, 重担, 装载量, 负载, 工作量, 加载\nvt. 装载, 装填, 使担负\nvi. 装货, 上客, 装料\n[计] 加载, 装入程序",,,cet4-all source:ecdict cet4 cet6 family:loads family:loaded family:loading,2901
loaf,lәuf,n.,"n. 一条面包, 块, 游荡\nv. 游手好闲, 虚度光阴",,,cet4-all source:ecdict cet4 cet6 family:loaves family:loafing family:loafed family:loafs,6892
loan,lәun,n.,"n. 贷款, 借出\nv. 借, 供应货款, 借给",,,cet4-all source:ecdict cet4 cet6 family:loans family:loaned family:loaning,1699
local,'lәukәl,adj.,"a. 地方性的, 当地的, 局部的, 乡土的, 本地的\nn. 当地居民, 本地新闻, 局部\n[计] 本地的; 局部",,,cet4-all source:ecdict cet4 cet6 family:locals,423
locate,'lәukeit,vt.,"vt. 找出, 设于, 位于\nvi. 定居",,,cet4-all source:ecdict cet4 cet6 family:located family:locating family:locates,1682
location,lәu'keiʃәn,n.,"n. 位置, 场所, 特定区域\n[计] 位置",,,cet4-all source:ecdict cet4 cet6 family:locations,1433
lock,lɒk,n.,"n. 锁, 刹车, 水闸, 一缕头发\nvt. 锁, 锁上, 拘禁, 隐藏, (用锁等)拴住, 刹住\nvi. 锁住, (齿轮等)啮合, (船)过闸",,,cet4-all source:ecdict cet4 family:locked family:locks family:locking,2221
locomotive,.lәukә'mәutiv,n.,"n. 火车头, 机车\na. 运转的, 火车头的, 移动的",,,cet4-all source:ecdict cet4 cet6 cet6-core family:locomotives,11729
lodge,lɒdʒ,n.,"n. 小屋, 门房, 支部, 旅舍, 分会\nvi. 临时住宿, 倒伏, 寄宿, 投宿\nvt. 安顿, 容纳, 提出, 把...射入, 存放",,,cet4-all source:ecdict cet4 cet6 family:lodged family:lodging family:lodges,6843
log,lɒg,n.,"n. 记录, 圆木, 日志, 计程仪\nvt. 伐木, 切, 航行\nvi. 伐木\n[计] 日志",,,cet4-all source:ecdict cet4 cet6 family:logs family:logged family:logging,3423
logic,'lɒdʒik,n.,"n. 逻辑, 逻辑学, 推理的方法, 推理, 逻辑性\n[计] 逻辑",,,cet4-all source:ecdict cet4 cet6 family:logics,3469
logical,'lɒdʒikәl,adj.,"a. 合乎逻辑的, 合理的\n[法] 逻辑的, 符合逻辑的",,,cet4-all source:ecdict cet4 cet6 cet6-core family:logicals,4569
lonely,'lәunli,adj.,"a. 孤单的, 孤寂的, 荒凉的",,,cet4-all source:ecdict cet4 cet6 family:loneliest family:lonelier,4002
long,lɒŋ,adj.,"a. 长的, 长久的, 冗长的, 做多头的\nvi. 渴望, 热望, 极想\nadv. 长久, 始终\nn. 长时间, 长信号, 长整型\n[计] 长, 长整型",,,cet4-all source:ecdict family:longer family:longest family:longed family:longing family:longs,254
look,luk,n.,"n. 一看, 神色, 样子, 面容\nvi. 看, 注意, 朝着, 显得\nvt. 打量, 看上去与...一样, 以眼色(或脸色)显示, 期待",,,cet4-all source:ecdict family:looked family:looking family:looks,85
loop,lu:p,n.,"n. 环, 圈, 弯曲部分, 循环\nvt. 使成环, 以圈结, 以环连结\nvi. 打环, 翻筋斗\n[计] 循环",,,cet4-all source:ecdict cet4 cet6 family:loops family:looping family:looped,4250
loose,lu:s,n.,"n. 发射, 放任, 放纵\na. 宽松的, 松的, 宽的, 不牢固的, 散漫的, 自由的, 不精确的\nvt. 释放, 放枪, 开船\nvi. 变松, 开火\nadv. 松散地",,,cet4-all source:ecdict cet4 cet6 family:loosed family:loosing family:looses,2851
loosen,lu:sn,vt.,"vt. 放松, 松开, 解除\nvi. 变松, 松弛",,,cet4-all source:ecdict cet4 cet6 family:loosened family:loosening family:loosens,6023
lord,lɒ:d,n.,"n. 统治者, 阁下, 上帝\nvi. 称王, 作威作福\nvt. 使成贵族",,,cet4-all source:ecdict cet4 cet6 family:lording family:lorded family:lords,31607
lorry,'lɒri,n.,"n. 卡车, 货车\n[化] 载重汽车",,,cet4-all source:ecdict cet4 cet6 family:lorries,24926
lose,lu:z,vt.,"vt. 遗失, 损失, 丢失, 使失去, 错过, 浪费, 迷失, 使迷路, 输去, 使沉溺于\nvi. 受损失, 失败",,,cet4-all source:ecdict cet4 cet6 family:lost family:losing family:loses,283
loss,lɒs,n.,"n. 损失, 遗失, 失败, 输, 错过, 伤亡\n[化] 损失; 损耗",,,cet4-all source:ecdict cet4 cet6 family:losses,788
lot,lɒt,n.,"n. 运气, 签, 抽签, 份额, 许多, 一堆\nvt. 划分\nvi. 抽签, 抓阄",,,cet4-all source:ecdict family:lotting family:lotted family:lots,238
loud,laud,adj.,"a. 大声的, 不断的, 喧吵的\nadv. 高声地, 大声地",,,cet4-all source:ecdict cet4 family:louder family:loudest,3094
loudspeaker,'laud'spi:kә,n.,"n. 扩音器, 喇叭\n[电] 扬声器",,,cet4-all source:ecdict cet4 cet6 family:loudspeakers family:loudspeakering family:loudspeakered,12875
love,lʌv,n.,"n. 爱, 恋爱, 爱情, 爱好, 性爱\nvt. 爱, 爱好, 爱慕\nvi. 爱",,,cet4-all source:ecdict family:loved family:loves family:loving,390
lovely,'lʌvli,adj.,"a. 可爱的, 有趣的",,,cet4-all source:ecdict family:loveliest family:lovelier family:lovelies,3284
lover,'lʌvә,n.,"n. 爱人, 爱好者",,,cet4-all source:ecdict cet4 family:lovers,2781
low,lәu,n.,"n. 低点, 低价, 低, 牛叫声\na. 低的, 消沉的, 低等的, 浅的, 卑贱的\nadv. 低下地, 谦卑地, 低\nvi. 牛叫",,,cet4-all source:ecdict family:lower family:lowest family:lows family:lowed family:lowing,360
lower,'lәuә,adj.,"a. 低的, 下级的, 下层的\nvi. 降低, 跌落, 减弱\nvt. 放下, 降下, 减弱, 贬低",,,cet4-all source:ecdict cet4 family:low family:r family:lowered family:lowering family:lowers,2052
loyal,'lɒiәl,adj.,"a. 忠诚的, 忠实的, 忠贞的",,,cet4-all source:ecdict cet4 cet6 cet6-core,4770
loyalty,'lɒiәlti,n.,"n. 忠贞, 忠诚, 忠实\n[法] 忠诚, 忠心",,,cet4-all source:ecdict cet4 cet6 cet6-core family:loyalties,4077
luck,lʌk,n.,"n. 运气, 幸运, 好运, 侥幸\nvi. 靠好运成功",,,cet4-all source:ecdict cet4,2384
lucky,'lʌki,adj.,"a. 幸运的, 吉祥的, 好运的, 侥幸的",,,cet4-all source:ecdict cet4 family:luckier family:luckiest,2126
luggage,'lʌgidʒ,n.,"n. 行李, 皮箱",,,cet4-all source:ecdict cet4 cet6 cet6-core family:luggaged,7333
lumber,'lʌmbә,n.,"n. 木材, 破旧家俱, 废物, 隆隆声\nvt. 砍伐木材, 乱堆\nvi. 笨拙地移动, 喧闹地向前走, 隆隆地移动",,,cet4-all source:ecdict cet4 cet6 family:lumbered family:lumbering family:lumbers,6984
lump,lʌmp,n.,"n. 块, 瘤, 很多, 肿块, 笨人\nvt. 使成块状, 混在一起\nvi. 结块",,,cet4-all source:ecdict cet4 cet6 family:lumps family:lumped family:lumping,6139
lunch,lʌntʃ,n.,n. 午餐,,,cet4-all source:ecdict family:lunches family:lunched family:lunching,1586
lung,lʌŋ,n.,"n. 肺, 肺脏, 空地\n[医] 肺",,,cet4-all source:ecdict cet4 cet6 family:lungs family:lunging,3247
luxury,'lʌkʃәri,n.,"n. 奢侈, 豪华\na. 奢侈的, 豪华的",,,cet4-all source:ecdict cet4 cet6 cet6-core family:luxuries,5575
machine,mә'ʃi:n,n.,"n. 机器, 机械装置, 机构, 自动售货机, 机械般工作的人\nvt. 以机器制造",,,cet4-all source:ecdict family:machines family:machined family:machining,1022
mad,mæd,adj.,"a. 疯狂的, 发疯的, 生气的, 愚蠢的, 狂欢的\nn. 狂怒",,,cet4-all source:ecdict cet4 cet6 family:madder family:maddest family:mads,2572
madam,'mædәm,n.,"n. 女士, 夫人",,,cet4-all source:ecdict cet4 family:madams,16977
magazine,.mægә'zi:n,n.,"n. 杂志, 仓库, 弹盒, 胶卷盒\n[计] 卡片箱, 介质装卸程序",,,cet4-all source:ecdict cet4 cet6 family:magazines,1001
magic,'mædʒik,n.,"n. 魔术, 魔法\na. 魔术的, 有魔力的, 不可思议的",,,cet4-all source:ecdict cet4 cet6 family:magics,3411
magnet,'mægnit,n.,"n. 磁铁, 有吸引力之人, 有吸引力之物\n[化] 磁体",,,cet4-all source:ecdict cet4 cet6 cet6-core family:magnets,6272
magnetic,mæg'netik,adj.,"a. 有磁性的, 有吸引力的, 催眠术的\n[医] 磁[性]的",,,cet4-all source:ecdict cet4 cet6 cet6-core family:magnetics,4830
magnificent,mæg'nifisnt,adj.,"a. 华丽的, 高尚的, 宏伟的",,,cet4-all source:ecdict cet4 cet6 cet6-core,5493
maid,meid,n.,"n. 少女, 未婚女子, 女仆",,,cet4-all source:ecdict cet4 cet6 family:maids,6044
mail,meil,n.,"n. 邮件, 邮政, 邮递, 盔甲\nvt. 邮寄, 给...穿盔甲\n[计] 邮件",,,cet4-all source:ecdict family:mailed family:mails family:mailing,2508
main,mein,n.,"n. 主要部分, 干线, 体力, 力量, 主群组\na. 主要的, 重要的, 全力的\n[计] 主群组",,,cet4-all source:ecdict cet4 cet6,888
mainly,'meinli,adv.,"adv. 主要地, 大抵",,,cet4-all source:ecdict cet4 cet6,2805
mainland,'meinlәnd,n.,"n. 大陆, 本土\n[法] 大陆",,,cet4-all source:ecdict cet4 cet6,6208
maintain,mein'tein,vt.,"vt. 维持, 维修, 保持, 坚持, 供养, 主张\n[化] 维修",,,cet4-all source:ecdict cet4 cet6 cet6-core family:maintained family:maintaining family:maintains,922
maintenance,'meintәnәns,n.,"n. 维护, 保持, 维修, 生活费用, 坚持, 扶养\n[计] 维护; 维修",,,cet4-all source:ecdict cet4 cet6,3067
major,'meidʒә,n.,"n. 主修课, 成年人, 陆军少校\na. 主要的, 较多的, 大部分的, 成年的, 严重的\nvi. 主修\n[计] 主要, 主要刻度",,,cet4-all source:ecdict cet4 cet6 family:majors family:majoring family:majored,444
majority,mә'dʒɒriti,n.,"n. 多数, 大半\n[计] 多数逻辑",,,cet4-all source:ecdict cet4 cet6 cet6-core family:majorities,1085
make,meik,vt.,"vt. 制造, 安排, 创造, 构成, 使得, 产生, 造成, 整理, 布置, 引起, 到达, 进行\nvi. 开始, 前进, 增大, 被制造, 被处理\nn. 制造, 构造, 性情",,,cet4-all source:ecdict family:made family:making family:makes,45
male,meil,n.,"n. 男人, 雄性动物\na. 男性的, 雄性的, 有力的",,,cet4-all source:ecdict cet4 family:males,1530
man,mæn,n.,"n. 男人, 人类, 人\nvt. 为...配备人手, 操纵, 使振奋\n[计] 城域网, 手册",,,cet4-all source:ecdict family:men family:manned family:manning family:mans,94
manage,'mænidʒ,vi.,"vi. 处理\nvt. 管理, 控制, 维持, 达成, 经营, 运用",,,cet4-all source:ecdict cet4 cet6 family:managed family:manages family:managing,945
management,'mænidʒmәnt,n.,"n. 经营, 支配, 管理\n[化] 管理处",,,cet4-all source:ecdict cet4 cet6 cet6-core family:managements,906
manager,'mænidʒә,n.,"n. 经理, 管理员, 管理器\n[计] 管理器",,,cet4-all source:ecdict family:managers,877
mankind,mæn'kaind,n.,"n. 人类, 男性",,,cet4-all source:ecdict cet4 cet6,7282
manly,'mænli,adj.,"a. 象男人的, 强壮的, 适于男人的",,,cet4-all source:ecdict cet4 cet6 family:manliest family:manlier,14055
manner,'mænә,n.,"n. 样子, 礼貌, 风格\n[法] 方式, 方法, 样式",,,cet4-all source:ecdict cet4 cet6 family:manners,1818
manual,'mænjuәl,n.,"n. 手册, 指南\na. 手的, 手动的, 手工的, 体力的\n[计] 人工的, 手动的",,,cet4-all source:ecdict cet4 cet6 cet6-core family:manuals,4937
manufacture,.mænju'fæktʃә,n.,"n. 产品, 制造\nvt. 制造, 假造\nvi. 制造",,,cet4-all source:ecdict cet4 cet6 cet6-core family:manufactured family:manufactures family:manufacturing,5134
manufacturer,.mænju'fæktʃәrә,n.,"n. 制造业者, 厂商\n[经] 制造人, 制造商, 制造厂",,,cet4-all source:ecdict cet4 cet6 cet6-core family:manufacturers,2251
many,'meni,n.,"n. 多数, 多数人\na. 许多的\npron. 许多",,,cet4-all source:ecdict,99
map,mæp,n.,"n. 地图, 天体图, 映像\nvt. 映射, 绘制...地图, 计划\n[计] 实用程序, 映射, 制造自动化协议",,,cet4-all source:ecdict family:maps family:mapped family:mapping,1542
marble,'mɑ:bl,n.,"n. 大理石, 石弹, 雕刻品\na. 大理石的, 冷酷无情的, 有大理石花纹的",,,cet4-all source:ecdict cet4 cet6 cet6-core family:marbles family:marbling family:marbled,4819
march,mɑ:tʃ,n.,"n. 三月, 进行, 行军, 步伐, 长途跋涉, 进行曲, 边界\nvi. 进军, 前进, 交界\nvt. 使行军, 使行进",,,cet4-all source:ecdict family:marched family:marches family:marching,3483
margin,'mɑ:dʒin,n.,"n. 页边的空白, 边缘, 界限, 余裕, 差数, 差额, 保证金\nvt. 加边于, 加旁注于\n[计] 页边距",,,cet4-all source:ecdict cet4 cet6 cet6-core family:margins,3308
marine,mә'ri:n,n.,"n. 舰队, 水兵, 海景画\na. 海的, 海产的, 海底的, 船舶的, 海运的",,,cet4-all source:ecdict cet4 cet6 family:marines,4916
mark,mɑ:k,n.,"n. 标志, 分数, 马克, 痕迹, 斑点, 靶子, 刻度, 记号, 符号, 戳记, 标准, 起跑线\nvt. 做标记于, 留意, 打分数, 表明, 标志, 记录\nvi. 作记号, 记得分\n[计] 标志; 标记; 传号",,,cet4-all source:ecdict cet4 family:marks family:marked family:marking,1683
market,'mɑ:kit,n.,"n. 市场, 交易, 集市, 推销地区, 行情, 市面, 销路\nvt. 在市场上交易, 使上市, 销售\nvi. 在市场上买卖",,,cet4-all source:ecdict family:markets family:marketed family:marketing,402
marriage,'mæridʒ,n.,"n. 婚姻, 结婚, 婚礼, 合并\n[医] 婚姻, 结婚",,,cet4-all source:ecdict cet4 cet6 family:marriages,1011
married,'mærid,adj.,"a. 已婚的, 婚姻的\n[法] 结了婚的, 有配偶的, 夫妇的",,,cet4-all source:ecdict cet4 cet6 family:marry family:pd family:married,1610
marry,'mæri,vt.,"vt. 与...结婚, 娶, 嫁\nvi. 结婚",,,cet4-all source:ecdict cet4 family:married family:marrying family:marries,1333
marvelous,'mɑ:vәlәs,adj.,"a. 令人惊异的, 了不起的, 不平常的",,,cet4-all source:ecdict cet4,6935
marxism,'mɑ:ksizm,n.,"n. 马克思主义\n[法] 马克思的, 马克思主义的; 马克思主义",,,cet4-all source:ecdict cet6 family:marxisms,14142
marxist,'mɑ:ksist,adj.,a. 马克思主义的\nn. 马克思主义者,,,cet4-all source:ecdict cet4 cet6 family:marxists,10077
mask,mæsk,n.,"n. 面具, 假面具, 掩饰, 石膏面模\nvt. 戴面具, 掩饰, 使模糊\nvi. 化装, 戴面具, 掩饰, 参加化装舞会\n[计] 屏蔽; 掩码",,,cet4-all source:ecdict cet4 cet6 cet6-core family:masks family:masked family:masking,2893
mass,mæs,n.,"n. 块, 大多数, 质量, 大量, 群众, 弥撒\na. 群众的, 大规模的, 整个的\nvt. 使集合, 集中\nvi. 聚集",,,cet4-all source:ecdict cet4 cet6 cet6-core family:masses family:massing family:massed,1989
master,'mɑ:stә. 'mæstә,n.,"n. 主人, 硕士, 大师, 母机\na. 主人的, 主要的\nvt. 征服, 控制, 精通",,,cet4-all source:ecdict cet4 cet6 family:masters family:mastered family:mastering,1883
masterpiece,'mɑ:stәpi:s,n.,"n. 杰作, 名著",,,cet4-all source:ecdict cet4 cet6 cet6-core family:masterpieces,7685
mat,mæt,n.,"n. 垫, 丛, 衬边\na. 粗糙的, 无光泽的\nvi. 纠缠在一起\nvt. 铺席于...上, 使无光泽, 使缠结",,,cet4-all source:ecdict cet4 cet6 family:mats family:matted family:matting,5639
match,mætʃ,n.,"n. 比赛, 火柴, 对手\nvt. 使相配, 使比赛, 与...竞争\nvi. 结婚, 相配\n[计] 比较",,,cet4-all source:ecdict family:matches family:matched family:matching,1972
mate,meit,n.,"n. 配偶, 对手, 助手, (象棋)将死\nvt. 使配对, 使一致, 结伴, (象棋)将死\nvi. 成配偶, 紧密配合",,,cet4-all source:ecdict cet4 cet6 family:mates family:mated family:mating,4061
material,mә'tiәriәl,n.,"n. 材料, 物资, 素材, 布料, 资料\na. 物质的, 肉体的, 重要的",,,cet4-all source:ecdict cet4 cet6 family:materials,641
materialism,mә'tiәriәlizm,n.,n. 唯物主义,,,cet4-all source:ecdict cet4 cet6,12791
mathematical,.mæθә'mætikl,adj.,"a. 数学的, 精确的\n[机] 数学上的",,,cet4-all source:ecdict cet4 cet6,6512
mathematics,.mæθә'mætiks,n.,n. 数学\n[机] 数学,,,cet4-all source:ecdict cet4 cet6,4257
maths,mæθs,n.,n. 数学,,,cet4-all source:ecdict cet4 cet6,38684
matter,'mætә,n.,"n. 事件, 物质, 原因, 素材, 实体, 重要\nvi. 有关系",,,cet4-all source:ecdict family:matters family:mattered,528
mature,mә'tjuә,adj.,"a. 成熟的, 到期的, 充分考虑的\nvt. 使成熟\nvi. 成熟, 到期",,,cet4-all source:ecdict cet4 cet6 cet6-core family:matures family:matured family:maturing family:maturer,5133
maximum,'mæksimәn,n.,"n. 极点, 最大量, 极大\na. 最高的, 最大的, 最大极限的\n[计] 最大值",,,cet4-all source:ecdict cet4 cet6 cet6-core family:maxima,3603
may,mei,n.,"n. 五月\naux. 愿能, 可以, 愿意",,,cet4-all source:ecdict,119
maybe,'meibi:,adv.,"adv. 也许, 大概\nn. 可能性",,,cet4-all source:ecdict,383
mayor,'mєә,n.,n. 市长\n[法] 市长,,,cet4-all source:ecdict cet4 cet6 family:mayors,2486
me,mi:,pron.,pron. 我,,,cet4-all source:ecdict family:mes,61
meadow,'medәu,n.,"n. 草地, 牧场",,,cet4-all source:ecdict cet4 cet6 cet6-core family:meadows,5581
meal,mi:l,n.,"n. 一餐, 膳食, 粗粉\nvi. 进餐",,,cet4-all source:ecdict family:meals,1710
mean,mi:n,adj.,"a. 低劣的, 卑贱的, 简陋的, 吝啬的, 惭愧的, 平均的, 中间的, 普通的\nvt. 意谓, 想要, 意欲, 预定\nvi. 用意, 有意义\nn. 平均数, 中间, 中庸",,,cet4-all source:ecdict family:means family:meant family:meaning,154
meaning,'mi:niŋ,n.,"n. 意义, 含义, 目的, 意图\na. 意味深长的",,,cet4-all source:ecdict family:mean family:i family:meanings family:meaning,1608
means,mi:nz,n.,"n. 方法, 手段, 工具, 财产, 收入\n[经] 方法, 手段, 工具; 意谓",,,cet4-all source:ecdict cet4 cet6 family:mean,
meantime,'mi:ntaim,n.,"n. 间隔时间, 其时\nadv. 其间",,,cet4-all source:ecdict cet4 cet6,4813
meanwhile,'mi:nhwail,n.,"n. 其时, 其间\nadv. 同时, 于此时",,,cet4-all source:ecdict cet4 cet6,1847
measurable,'meʒәrәbl,adj.,"a. 可测量的, 不久的, 重要的",,,cet4-all source:ecdict cet4 cet6,11403
measure,'meʒә,n.,"n. 尺寸, 量度器, 量度标准, 测量, 量具, 程度, 范围, 限度, 分寸, 措施, 方法\nvt. 测量, 测度, 估量, 权衡, 调节, 拿(自己或自己的力量等)作较量\nvi. 度量",,,cet4-all source:ecdict cet4 cet6 family:measures family:measured family:measuring,941
measurement,'meʒәdmәnt,n.,"n. 尺寸, 度量, 度量单位\n[计] 度量, 度量单位",,,cet4-all source:ecdict cet4 cet6 family:measurements,3227
meat,mi:t,n.,"n. 肉, 餐, 食物\n[经] 肉类",,,cet4-all source:ecdict family:meats,1788
mechanic,mi'kænik,n.,"n. 机械工, 技工\na. 手工的",,,cet4-all source:ecdict cet4 cet6 family:mechanics,4260
mechanical,mi'kænikәl,adj.,"a. 机械的, 机械性的, 力学的\n[医] 机械的, 力学的",,,cet4-all source:ecdict cet4 cet6 cet6-core family:mechanicals,3729
mechanically,mi'kænikәli,adv.,"adv. 机械, 用机械, 机械学, 物理, 力学, 呆板, 无意识, 手工操作, 技工",,,cet4-all source:ecdict cet4 cet6,13921
mechanics,mi'kæniks,n.,"n. 机械学, 结构, 力学\n[化] 力学",,,cet4-all source:ecdict cet4 cet6 family:mechanic family:s,
medal,'medl,n.,"n. 奖牌, 勋章\nvt. 授勋予",,,cet4-all source:ecdict cet4 cet6 family:medals,3451
medical,'medikl,n.,"n. 医生, 体格检查\na. 医学的, 内科的, 药的",,,cet4-all source:ecdict cet4 cet6 family:medicals,646
medicine,'medisin,n.,"n. 药, 医学, 内科\nvt. 给...用药",,,cet4-all source:ecdict family:medicines,1473
mediterranean,.meditә'reiniәn,n.,"n. 地中海, 地中海民族\na. 地中海的, 地中海民族的",,,cet4-all source:ecdict cet4 cet6,7623
medium,'mi:diәm,n.,"n. 媒体, 方法, 媒介\na. 半生熟的, 中间的\n[计] 媒体, 中",,,cet4-all source:ecdict cet4 cet6 cet6-core family:mediums,3241
meet,mi:t,n.,"n. 会, 集会\na. 适宜的, 合适的\nvt. 遇见, 引见, 认识, 满足, 对付\nvi. 相遇, 接触",,,cet4-all source:ecdict family:met family:meeting family:meets,288
meeting,'mi:tiŋ,n.,"n. 会议, 会面\n[法] 会议, 会谈, 集会",,,cet4-all source:ecdict family:meet family:i family:meetings family:meeting,772
melon,'melәn,n.,"n. 瓜, 甜瓜, 红利, 赃物\n[化] 三聚二氰亚胺",,,cet4-all source:ecdict cet4 cet6 family:melons,9886
melt,melt,n.,"n. 熔化, 熔化物, 溶解\nv. (使)熔化, (使)溶解, (使)消散, (使)变软",,,cet4-all source:ecdict cet4 cet6 cet6-core family:melted family:melting family:melts,3460
member,'membә,n.,"n. 成员, 会员\n[医] │肢, 肢体",,,cet4-all source:ecdict family:members,285
memorial,mi'mɒ:riәl,n.,"n. 纪念物, 请愿书\na. 记念的, 记忆的",,,cet4-all source:ecdict cet4 cet6 family:memorials,4564
memory,'memәri,n.,"n. 记忆, 记忆力, 回忆, 纪念, 存储\nn. 内存\n[计] 存储器, 内存, 查看内存实用程序",,,cet4-all source:ecdict cet4 cet6 family:memories,891
mend,mend,n.,"n. 改进, 修补, 好转\nvt. 修改, 改进, 加快, 修理\nvi. 好转, 改善",,,cet4-all source:ecdict family:mending family:mended family:mends,10849
mental,'mentl,adj.,"a. 心智的, 精神病的, 心理的, 颏的\nn. 精神病患者",,,cet4-all source:ecdict cet4 cet6 cet6-core,1584
mention,'menʃәn,n.,"n. 提到, 言及, 陈述\nvt. 提到, 提及",,,cet4-all source:ecdict family:mentioned family:mentioning family:mentions,971
menu,'menju:,n.,"n. 菜单, (功能)选择单\n[计] 菜单",,,cet4-all source:ecdict family:menus,3086
merchant,'mә:tʃәnt,n.,"n. 商人, 店主\na. 商业的, 商人的",,,cet4-all source:ecdict cet4 cet6 family:merchants family:merchanting,4126
mercury,'mә:kjuri,n.,"n. 水银, 汞, 使者\n[化] 汞Hg",,,cet4-all source:ecdict cet4 cet6 cet6-core,6937
mercy,'mә:si,n.,"n. 仁慈, 宽恕, 慈悲, 怜悯, 幸运\n[法] 权宜处置权, 决定权, 宽恕",,,cet4-all source:ecdict cet4 cet6 family:mercies,5244
mere,miә,n.,"n. 小湖, 池塘\na. 仅仅的, 只不过的",,,cet4-all source:ecdict cet4 cet6 cet6-core family:merest family:meres,2925
merely,'miәli,adv.,adv. 只,,,cet4-all source:ecdict cet4 cet6 cet6-core,1988
merit,'merit,n.,"n. 优点, 功绩, 价值, 功过, 真相\nvt. 值得\nvi. 应受",,,cet4-all source:ecdict cet4 cet6 cet6-core family:merits family:merited family:meriting,4501
merry,'meri,adj.,"a. 快乐的, 愉快的, 嬉戏作乐的",,,cet4-all source:ecdict cet4 cet6 family:merrier family:merriest,7420
mess,mes,n.,"n. 食堂, 伙食, 用膳, 一份食品, 混乱, 乱七八糟, 困境\nvt. 将...弄糟, 妨碍, 使紊乱, 使就餐\nvi. 陷入困境, 搞乱, 用膳",,,cet4-all source:ecdict cet4 cet6 family:messing family:messed family:messes,3381
message,'mesidʒ,n.,"n. 消息, 通讯, 讯息, 教训, 预言, 广告词\nvt. 通知\nvi. 通报, 报告, 报信\n[计] 报文; 消息; 信息",,,cet4-all source:ecdict cet4 cet6 family:messages family:messaging family:messaged,807
messenger,'mesindʒә,n.,"n. 报信者, 使者\n[经] 使者, 送信者, 通信员",,,cet4-all source:ecdict cet4 cet6 cet6-core family:messengers,6537
metal,'metәl,n.,"n. 金属, 金属制品, 合金, 本质, 质料\na. 金属制的\nvt. 以金属覆盖",,,cet4-all source:ecdict cet4 cet6 family:metals family:metaling family:metaled,1574
meter,'mi:tә,n.,"n. 米, 公尺, 仪表, 计量器\nvt. 以仪表计量",,,cet4-all source:ecdict family:meters family:metered family:metering,3024
method,'meθәd,n.,"n. 方法, 办法, 条理, 秩序\n[医] [方]法",,,cet4-all source:ecdict cet4 cet6 family:methods,998
metre,'mi:tә,n.,"n. 公尺, 格律, 韵律\n[医] 米, 公尺",,,cet4-all source:ecdict cet4 cet6 family:metres,
metric,'metrik,adj.,"a. 公尺的, 公制的, 计量的\n[医] 测量的, 米制的, 公制的",,,cet4-all source:ecdict cet4 cet6 family:metrics,10163
microcomputer,.maikrәu'kɒmpjutә,n.,"n. 微电脑, 微机\n[计] 微型计算机; 微计算机",,,cet4-all source:ecdict cet4 cet6 family:microcomputers,22510
microphone,'maikrәfәun,n.,"n. 扩音器, 麦克风\n[医] 扩音器, 传声器",,,cet4-all source:ecdict cet4 cet6 family:microphones,5577
microscope,'maikrәuskәup,n.,n. 显微镜\n[化] 显微镜,,,cet4-all source:ecdict cet4 cet6 family:microscopes family:microscoping,8309
midday,'middei,n.,"n. 正午, 中午\na. 正午的",,,cet4-all source:ecdict cet4 cet6,9129
middle,'midl,n.,"n. 中央, 中间, 腰部\na. 中央的, 中庸的, 中间的",,,cet4-all source:ecdict family:middles family:middling family:middled,988
midnight,'midnait,n.,"n. 午夜, 子夜, 半夜\na. 午夜的, 半夜的",,,cet4-all source:ecdict cet4 cet6 family:midnights,3461
midst,midst,n.,n. 中间\nprep. 在...中间,,,cet4-all source:ecdict cet4 cet6 cet6-core,4342
might,mait,n.,"n. 力量, 权力\naux. 可能, 也许",,,cet4-all source:ecdict cet4,175
mild,maild,adj.,"a. 温和的, 温柔的, 淡味的, 适度的, 轻微的, (肥皂等)软性的\n[医] 轻的, 缓和的",,,cet4-all source:ecdict cet4 cet6 cet6-core family:milder family:mildest family:milds,3819
mile,mail,n.,"n. 英里, 很大距离\n[机] 英里, 哩",,,cet4-all source:ecdict cet4 cet6 family:miles,
military,'militәri,n.,"n. 军队\na. 军事的, 军人的, 适于战争的",,,cet4-all source:ecdict cet4 cet6 cet6-core,474
milk,milk,n.,"n. 奶, 乳状物\nvt. 挤乳, 榨取\nvi. 产乳",,,cet4-all source:ecdict family:milked family:milking family:milks,2033
mill,mil,n.,"n. 压榨机, 磨坊, 制造厂\nvt. 碾磨, 磨细, 搅拌, 使乱转\nvi. 乱转, 被碾磨",,,cet4-all source:ecdict cet4 cet6 family:mills family:milling family:milled,4439
millimetre,'milimi:tә,n.,n. 毫米\n[机] 公厘,,,cet4-all source:ecdict cet4 cet6 family:millimetres,
million,'miljәn,n.,"n. 百万, 无数\nnum. 百万",,,cet4-all source:ecdict,222
mind,maind,n.,"n. 思想, 愿望, 智力, 记忆, 心理, 情绪, 理智, 主意, 心意\nvi. 介意, 注意, 留心\nvt. 注意, 留意, 专心于, 照看, 介意",,,cet4-all source:ecdict family:minds family:minded family:minding,469
mine,main,n.,"n. 矿, 矿藏, 地雷\nvt. 挖掘, 开采, 在...布雷, 破坏\nvi. 开矿, 埋设地雷\npron. 我的",,,cet4-all source:ecdict family:mines family:mining family:mined,2236
miner,'mainә,n.,"n. 矿工, 开矿机, 坑道工兵\n[经] 矿工",,,cet4-all source:ecdict cet4 cet6 family:miners,5693
mineral,'minәrәl,n.,"n. 矿物, 无机物, 苏打水\na. 矿物的, 似矿物的",,,cet4-all source:ecdict family:minerals,4583
minimum,'minimәm,adj.,"a. 最小的, 最低的\nn. 最小值\n[计] 最小值",,,cet4-all source:ecdict cet4 cet6 cet6-core family:minima,3633
minister,'ministә,n.,"n. 部长, 牧师, 公使\nvi. 服侍, 救助, 主持宗教仪式",,,cet4-all source:ecdict cet4 cet6 family:ministers family:ministering family:ministered,1910
ministry,'ministri,n.,"n. 部, 内阁, 服务\n[经] 部",,,cet4-all source:ecdict cet4 cet6 family:ministries,4242
minor,'mainә,n.,"n. 未成年人, 副修科目\na. 较小的, 二流的, 未成年的\nvi. 副修\n[计] 次要",,,cet4-all source:ecdict cet4 cet6 family:minors,2610
minority,mai'nɒriti,n.,"n. 少数, 未成年, 少数民族\na. 少数的, 属于少数派的",,,cet4-all source:ecdict cet4 cet6 cet6-core family:minorities,1633
minus,'mainәs,n.,"n. 负号, 不足\na. 减的, 负的, 阴性的\nprep. 减, 缺\n[计] 负差",,,cet4-all source:ecdict cet4 cet6 family:minuses,8628
minute,'minit. mai'nju:t,n.,"n. 分, 分钟, 片刻, 备忘录, 笔记\nvt. 记录, 摘录, 测定时间\na. 微小的, 详细的",,,cet4-all source:ecdict family:minutes,308
miracle,'mirәkl,n.,"n. 奇迹, 奇事",,,cet4-all source:ecdict cet4 cet6 family:miracles,3279
mirror,'mirә,n.,"n. 镜子, 写真, 典范\nvt. 反映, 映出",,,cet4-all source:ecdict cet4 cet6 family:mirrors family:mirrored family:mirroring,1853
miserable,'mizәrәbl,adj.,a. 悲惨的；痛苦的；卑鄙的,,,cet4-all source:ecdict cet4 cet6,5769
mislead,mis'li:d,vt.,vt. 误导,,,cet4-all source:ecdict cet4 cet6 family:misled family:misleading family:misleads,8670
miss,mis,n.,"n. 失误, 避免, 失败, 小姐\nvt. 未得到, 未达到, 未听到, 未觉察, 逃脱, 遗漏, 错过, 思念\nvi. 失败, 击不中",,,cet4-all source:ecdict family:missed family:missing family:misses,833
missile,'misail,n.,"n. 发射物, 导弹, 飞弹, 火箭\na. 可发射的",,,cet4-all source:ecdict cet4 cet6 family:missiles,2367
missing,'misiŋ,adj.,"a. 不见的, 缺少的\n[法] 行踪不明的, 失踪的, 遗失的",,,cet4-all source:ecdict cet4 cet6 family:miss family:i family:missing,3499
mission,'miʃәn,n.,"n. 任务, 代表团, 使命, 传教团\nvt. 派遣, 向...传教",,,cet4-all source:ecdict cet4 cet6 cet6-core family:missions,1095
mist,mist,n.,"n. 雾, 迷蒙, 朦胧不清\nvt. 使模糊, 使蒙上雾\nvi. 变模糊, 下雾",,,cet4-all source:ecdict cet4 cet6 family:mists family:misted family:misting,5967
mistake,mis'teik,n.,"n. 错误, 误会\nvi. 犯错, 误认\nvt. 误解, 弄错\n[计] 错误",,,cet4-all source:ecdict family:mistakes family:mistaken family:mistaking family:mistook,1430
mister,'mistә,n.,n. 先生,,,cet4-all source:ecdict cet4 cet6,14999
mistress,'mistris,n.,"n. 主妇, 女主人, 情妇",,,cet4-all source:ecdict cet4 cet6 cet6-core family:mistresses,7187
misunderstand,.misʌndә'stænd,vt.,"vt. 误解, 误会",,,cet4-all source:ecdict cet4 cet6 family:misunderstood family:misunderstanding family:misunderstands,8287
mix,miks,n.,"n. 混合物, 混乱, 糊涂\nvt. 使混合, 弄混, 使结合, 混淆\nvi. 相混合, 交往, 参与",,,cet4-all source:ecdict cet4 family:mixed family:mixing family:mixes,1759
mixture,'mikstʃә,n.,"n. 混合, 混淆, 混合物\n[化] 混合物",,,cet4-all source:ecdict cet4 cet6 family:mixtures,2413
moan,mәun,n.,"n. 呻吟, 悲叹\nvi. 呻吟, 抱怨, 悲叹\nvt. 呻吟着说",,,cet4-all source:ecdict cet4 cet6 cet6-core family:moaned family:moaning family:moans,7649
mobile,'mәubil,adj.,"a. 移动的, 易变的, 机动的\nn. 活动物体",,,cet4-all source:ecdict cet4 cet6 cet6-core family:mobiles,4686
mode,mәud,n.,"n. 模态, 调式, 样式, 文体, 状态, 方式, 风尚\n[计] 方式; DOS外部命令:设定各种设备命令",,,cet4-all source:ecdict cet4 cet6 family:modes,2793
model,'mɒdәl,n.,"n. 模型, 模范, 模特儿\na. 模范的, 作模型用的\nvi. 做模型, 做模特儿\nvt. 使模仿, 塑造\n[计] 模型",,,cet4-all source:ecdict cet4 family:models family:modelled family:modelling,504
moderate,'mɒdәrәt,adj.,"a. 适度的, 稳健的, 中等的, 节制的\nvt. 节制, 减轻, 使缓和\nvi. 变缓和, 主持会议",,,cet4-all source:ecdict cet4 cet6 family:moderates family:moderated family:moderating,3264
modern,'mɒdәn,n.,"n. 现代人, 有思想的人\na. 现代的, 时髦的",,,cet4-all source:ecdict family:moderns,1046
modest,'mɒdist,adj.,"a. 谦逊的, 羞怯的, 端庄的, 适度的\n[经] 适当的",,,cet4-all source:ecdict cet4 cet6 cet6-core,3101
modify,'mɒdifai,vt.,"vt. 修正, 变更, 修饰, 缓和, 减轻\nvi. 被修改\n[计] 修改",,,cet4-all source:ecdict cet4 cet6 cet6-core family:modified family:modifying family:modifies,3685
moist,mɒist,adj.,"a. 潮湿的, 多雨的, 感伤的, 含泪的\n[医] 湿的",,,cet4-all source:ecdict cet4 cet6 family:moister,6541
moisture,'mɒistʃә,n.,"n. 湿气, 水分, 降雨\n[化] 含水量; 含湿量",,,cet4-all source:ecdict cet4 cet6,5447
molecule,'mɒlikju:l,n.,"n. 分子, 些微\n[化] 分子",,,cet4-all source:ecdict cet4 cet6 cet6-core family:molecules,4785
moment,'mәumәnt,n.,"n. 片刻, 瞬间, 重要, 阶段, 力矩\n[医] 片刻, 瞬间, 时机, 因素, 矩",,,cet4-all source:ecdict family:moments,369
monday,'mʌndi,n.,n. 星期一,,,cet4-all source:ecdict family:mondays,
money,'mʌni,n.,"n. 金钱, 一笔款, 财富, 货币, 金额\n[经] 货币, 金钱, 财产",,,cet4-all source:ecdict family:moneys,232
monitor,'mɒnitә,n.,"n. 监督器, 级长, 监听员, 班长, 监视器, 告诫物\nv. 监视, 监听, 监督\n[计] 监视器, 监视程序; 监视",,,cet4-all source:ecdict cet4 cet6 cet6-core family:monitored family:monitoring family:monitors,2349
monkey,'mʌŋki,n.,"n. 猴子, 猿, 打桩锤\nvi. 淘气, 胡闹\nvt. 嘲弄",,,cet4-all source:ecdict cet4 family:monkeys family:monkeying family:monkeyed,4558
month,mʌnθ,n.,n. 月\n[经] 月,,,cet4-all source:ecdict family:months,236
monthly,'mʌnθli,n.,"n. 月刊\na. 每月的, 每月一次的",,,cet4-all source:ecdict cet4 family:monthlies,3520
monument,'mɒnjumәnt,n.,"n. 纪念碑, 纪念物, 石碑",,,cet4-all source:ecdict cet4 cet6 family:monuments,4066
mood,mu:d,n.,"n. 心情, 气氛, 生气, 基调\n[医] 心境",,,cet4-all source:ecdict cet4 cet6 family:moods,2344
moon,mu:n,n.,"n. 月亮, 月球, 月光\nvi. 闲荡\nvt. 虚度",,,cet4-all source:ecdict family:moons family:mooning family:mooned,2450
moral,'mɒrәl,n.,"n. 道德, 品行, 寓意\na. 道德的, 品性端正的, 精神上的",,,cet4-all source:ecdict cet4 cet6 cet6-core family:morals,1459
more,mɒ:,n.,"n. 更多\na. 多的, 程度较大的, 更大的\nadv. 多, 更多, 进一步\n[计] DOS外部命令:显示满屏后自动暂停, 并显示:""--More--"", 按任意键继续",,,cet4-all source:ecdict,81
moreover,mɒ:'әuvә,adv.,"adv. 而且, 此外",,,cet4-all source:ecdict cet4 cet6 cet6-core,2282
morning,'mɒ:niŋ,n.,"n. 早晨, 早上, 初期",,,cet4-all source:ecdict family:mornings,357
mortal,'mɒ:tәl,n.,"n. 生物, 人类\na. 不免一死的, 人类的, 临终的",,,cet4-all source:ecdict cet4 cet6 cet6-core family:mortals,9517
mosquito,mә'ski:tәu,n.,n. 蚊子\n[医] 蚊,,,cet4-all source:ecdict cet4 cet6 family:mosquitos,5667
most,mәust,n.,"n. 最多, 最大\na. 大多数的, 几乎全部的, 最多的\nadv. 最, 最多, 极其",,,cet4-all source:ecdict,144
mostly,'mәustli,adv.,"adv. 大概, 大部分, 主要\n[经] 大部份",,,cet4-all source:ecdict cet4 cet6,1324
mother,'mʌðә,n.,"n. 母亲, 修女院长\nvt. 产生, 照看, 收养",,,cet4-all source:ecdict family:mothers family:mothering family:mothered,229
motion,'mәuʃәn,n.,"n. 移动, 手势, 动作, 意向, 请求, 提议\nv. 打手势",,,cet4-all source:ecdict cet4 cet6 family:motions family:motioned family:motioning,1822
motivate,'mәutiveit,vt.,"vt. 给与动机, 刺激, 提高...的学习欲望, 促动\n[经] 促动, 激发, 激励",,,cet4-all source:ecdict cet4 cet6 cet6-core family:motivated family:motivates family:motivating,3534
motive,'mәutiv,n.,"n. 动机, 目的, 主题, 基调\na. 运动的, 成为动机的",,,cet4-all source:ecdict cet4 cet6 cet6-core family:motives,3578
motor,'mәutә,n.,"n. 马达, 发动机, 原动力, 汽车\na. 马达的, 发动机的, 汽车的, 发动的\nvt. 推动, 以汽车载运\nvi. 乘汽车, 驾车",,,cet4-all source:ecdict cet4 cet6 family:motors family:motored family:motoring,3138
mould,mәuld,n.,"n. 模子, 模制品, 松软沃土, 霉\nvt. 形成, 浇铸, 用泥土覆盖\nvi. 发霉",,,cet4-all source:ecdict cet4 cet6 family:moulds family:moulded family:moulding,24169
mount,maunt,n.,"n. 乘骑用马, 框, 衬纸, 山\nvi. 乘马, 爬上, 增长\nvt. 爬上, 使上马, 装上, 装裱, 安放, 制作...的标本, 设置, 上演\n[计] 安装",,,cet4-all source:ecdict cet4 cet6 family:mounted family:mounting family:mounts,2987
mountain,'mauntin,n.,"n. 山, 山脉, 大堆",,,cet4-all source:ecdict family:mountains,1240
mourn,mɒ:n,v.,"v. 哀悼, 忧伤, 服丧",,,cet4-all source:ecdict cet4 cet6 cet6-core family:mourning family:mourned family:mourns,6768
mouse,maus,n.,"n. 老鼠, 胆小羞怯的人, 鼠标\nvi. 捕鼠, 窥探\nvt. 探出\n[计] 鼠标",,,cet4-all source:ecdict cet4 cet6 family:mice family:mousing family:moused family:mouses,3305
mouth,mauθ,n.,"n. 嘴, 口, 口腔, 口状物\nvi. 装腔作势说话, 做鬼脸\nvt. 说出, 做作地说",,,cet4-all source:ecdict family:mouths family:mouthed family:mouthing,1060
mouthful,'mauθful,n.,"n. 一口, 满口",,,cet4-all source:ecdict cet4 cet6 family:mouthfuls,13176
move,mu:v,n.,"n. 移动, 迁居, 步骤\nvt. 移动, 开动, 感动, 搬(家)\nvi. 移动, 离开, 运行, 迁移, 摇动, 搬家, 交往, 进展, 脱手\n[计] 移动; 传送; DOS外部命令:移动文件, 它可将文件移动到指定的地方",,,cet4-all source:ecdict family:moving family:moved family:moves,207
movement,'mu:vmәnt,n.,"n. 运动, 动作, 运转, 移动, 倾向, 变化, 活动, 乐章\n[医] 运动",,,cet4-all source:ecdict cet4 cet6 family:movements,707
movie,'mu:vi,n.,n. 电影,,,cet4-all source:ecdict cet4 family:movies,576
much,mʌtʃ,n.,"n. 大量, 许多, 重要的事\na. 很多的, 重要的\nadv. 多, 甚, 几乎",,,cet4-all source:ecdict,146
mud,mʌd,n.,"n. 泥, 诽谤\nvt. 弄脏",,,cet4-all source:ecdict cet4 cet6 family:muds family:mudding family:mudded,3610
muddy,'mʌdi,adj.,"a. 泥泞的, 浑浊的, 模糊的\nvt. 使污浊, 使沾上泥污",,,cet4-all source:ecdict cet4 cet6 cet6-core family:muddied family:muddies family:muddying family:muddier family:muddiest,6484
mug,mʌg,n.,"n. 有柄大杯, 脸, 苦读者\nvt. 给...拍照, 攻击, 苦读\nvi. 拼命用功",,,cet4-all source:ecdict cet4 cet6 family:mugs family:mugged family:mugging,6098
multiple,'mʌltipl,n.,"n. 倍数, 并联\na. 多样的, 许多的, 多功能的",,,cet4-all source:ecdict cet4 cet6 cet6-core family:multiples,1948
multiply,'mʌltiplai,v.,"v. 繁殖, 乘, 增加\n[计] 乘",,,cet4-all source:ecdict cet4 cet6 cet6-core family:multiplied family:multiplying family:multiplies,6148
murder,'mә:dә,n.,"n. 谋杀\nvt. 谋杀, 损毁, 破坏\nvi. 犯杀人罪",,,cet4-all source:ecdict cet4 cet6 family:murdered family:murders family:murdering,1381
murderer,'mә:dәrә,n.,"n. 凶手, 杀人者, 谋害者\n[法] 谋杀犯, 凶手",,,cet4-all source:ecdict cet4 cet6 family:murderers,5423
muscle,'mʌsl,n.,"n. 肌肉, 臂力\n[医] 肌",,,cet4-all source:ecdict cet4 cet6 family:muscles family:muscled family:muscling,1713
museum,mju:'ziәm,n.,n. 博物馆,,,cet4-all source:ecdict cet4 cet6 family:museums,1723
mushroom,'mʌʃrum,n.,"n. 蘑菇形物, 蘑菇, 暴发户\nvi. 迅速生长, 迅速增加, 采蘑菇\na. 蘑菇形的, 迅速生长的",,,cet4-all source:ecdict cet4 cet6 family:mushrooms family:mushroomed family:mushrooming,4256
music,'mju:zik,n.,"n. 音乐, 乐曲",,,cet4-all source:ecdict family:musics,392
musical,'mju:zikl,n.,"n. 音乐片, 音乐舞台剧\na. 音乐的, 声音美妙的, 喜爱音乐的",,,cet4-all source:ecdict cet4 cet6 family:musicals,2097
musician,mju:'ziʃәn,n.,"n. 音乐家, 乐师, 作曲家",,,cet4-all source:ecdict cet4 cet6 family:musicians,2936
must,mʌst,n.,"n. 必须, 未发酵葡萄汁, 绝对必要的事物\naux. 必须",,,cet4-all source:ecdict,223
mute,mju:t,n.,"n. 哑子, 哑音字母, 弱音器\na. 哑的, 无声的, 沉默的\nvt. 减弱...的声音\nvi. 排泄",,,cet4-all source:ecdict cet4 cet6 cet6-core family:mutes family:muting family:muted,10937
mutter,'mʌtә,n.,"n. 喃喃低语\nvi. 喃喃自语, 作低沉声\nvt. 出怨言, 抱怨地说",,,cet4-all source:ecdict cet4 cet6 cet6-core family:muttered family:muttering family:mutters,4837
mutton,'mʌtn,n.,n. 羊肉,,,cet4-all source:ecdict cet4 cet6 family:muttons,22179
mutual,'mju:tʃuәl,adj.,"a. 相互的, 共有的\n[经] 相互的",,,cet4-all source:ecdict cet4 cet6 cet6-core family:mutuals,2799
my,mai,pron.,pron. 我的\n[医] 迈尔(热容单位),,,cet4-all source:ecdict,44
myself,mai'self,pron.,"pron. 我自己, 我亲自, 我独自",,,cet4-all source:ecdict,662
mysterious,mis'tiәriәs,adj.,"a. 神秘的, 难解的, 不可思议的",,,cet4-all source:ecdict cet4 cet6,4093
mystery,'mistәri,n.,"n. 秘密, 神秘, 奥秘",,,cet4-all source:ecdict cet4 cet6 family:mysteries,2332
nail,neil,n.,"n. 钉子, 指甲\nvt. 用钉钉牢, 使固定, 截住, 揭露",,,cet4-all source:ecdict cet4 cet6 family:nails family:nailed family:nailing,3556
naked,'neikid,adj.,"a. 裸体的, 无装饰的, 无保护的, 赤贫的\n[医] 裸露的",,,cet4-all source:ecdict cet4 cet6,3185
name,neim,n.,"n. 名字, 名称, 姓名, 名义, 名誉, 文件名\nvt. 命名, 称呼, 任命, 提名, 列举\na. 姓名的, 据以取名的\n[计] 名称, 文件名, 姓名",,,cet4-all source:ecdict family:names family:named family:naming,298
namely,'neimli,adv.,"adv. 即, 就是, 换句话说",,,cet4-all source:ecdict cet4 cet6,5524
nap,næp,n.,"n. 小睡, 稍睡, 细毛, 孤注一掷\nvi. 小睡, 疏忽\nvt. 使拉毛, 打盹度过, 预测...为获胜马",,,cet4-all source:ecdict cet4 cet6 family:napping family:naps family:napped,7438
narrow,'nærәu,n.,"n. 狭窄部分, 隘路\na. 狭窄的, 仔细的, 有限的, 勉强的, 狭隘的, 手紧的\nvi. 变窄\nvt. 使变狭窄",,,cet4-all source:ecdict cet4 cet6 family:narrower family:narrowed family:narrowing family:narrows family:narrowest,2007
nasty,'nɑ:sti,adj.,"a. 污秽的, 下流的, 险恶的",,,cet4-all source:ecdict cet4 cet6 cet6-core family:nasties family:nastier family:nastiest,4476
nation,'neiʃәn,n.,"n. 国家, 民族\n[法] 民族, 国家",,,cet4-all source:ecdict cet4 cet6 family:nations,412
national,'næʃәnәl,adj.,"a. 国家的, 国立的, 全国性的, 民族的\n[经] 全国性的, 国家的, 国民的",,,cet4-all source:ecdict cet4 cet6 family:nationals,231
nationality,.næʃә'nælәti,n.,"n. 国籍, 国家, 民族性\n[法] 国家, 民族, 国民",,,cet4-all source:ecdict cet4 cet6 family:nationalities,7751
native,'neitiv,n.,"n. 本地人, 土产, 当地人\na. 本国的, 与生俱来的, 自然的",,,cet4-all source:ecdict cet4 cet6 family:natives,1403
natural,'nætʃәrәl,n.,"n. 白痴\na. 自然的, 自然界的, 本能的, 天然的, 物质的, 正常的, 原始的, 自然数的",,,cet4-all source:ecdict cet4 cet6,715
naturally,'nætʃәrәli,adv.,"adv. 自然地, 以自然力, 天生地",,,cet4-all source:ecdict cet4 cet6,2795
nature,'neitʃә,n.,"n. 自然, 大自然, 本性, 性格, 性质\n[医] 自然, 大自然; 本性, 性能",,,cet4-all source:ecdict cet4 cet6 family:natures,696
naughty,'nɒ:ti,adj.,"a. 顽皮的, 没规矩的, 不适当的, 下流的",,,cet4-all source:ecdict cet4 cet6 family:naughtiest family:naughtier family:naughties,12639
naval,'neivl,adj.,"a. 海军的, 军舰的, 有舰队的\n[法] 海军的, 军舰的, 船的",,,cet4-all source:ecdict cet4 cet6,4941
navigation,.nævi'geiʃәn,n.,"n. 航行, 航海, 导航\n[经] 航空, 航海, 航船",,,cet4-all source:ecdict cet4 cet6 cet6-core family:navigations,8237
navy,'neivi,n.,"n. 海军, 海军人员, 海军军力, 烟蒂",,,cet4-all source:ecdict cet4 cet6 family:navies,5950
near,niә,adj.,"a. 近的, 近亲的, 近似的\nadv. 接近, 亲近\nprep. 靠近, 近似于\nv. 接近, 走近",,,cet4-all source:ecdict family:nearest family:nearer family:nearing family:neared family:nears,706
nearby,'niәbai,adj.,"a. 附近的, 近旁的\nadv. 在附近, 近旁地\nprep. 在...附近",,,cet4-all source:ecdict cet4 cet6,2423
nearly,'niәli,adv.,"adv. 几乎, 密切地",,,cet4-all source:ecdict,599
neat,ni:t,adj.,"a. 整洁的, 巧妙的, 匀称的, 简洁的\nn. 牛",,,cet4-all source:ecdict cet4 cet6 family:neater family:neatest,4683
necessarily,'nesisәrili,adv.,"adv. 必然地, 必须地, 必要地",,,cet4-all source:ecdict cet4 cet6,1957
necessary,'nesisәri,adj.,a. 必要的；必然的；必需的,,,cet4-all source:ecdict family:necessaries,982
necessity,ni'sesәti,n.,"n. 需要, 必需品, 必然\n[法] 必要性, 必然性, 必要",,,cet4-all source:ecdict cet4 cet6 family:necessities,3951
neck,nek,n.,"n. 脖子, 衣领, 颈\nvi. 拥抱, 拥吻, 收缩\nvt. 割颈",,,cet4-all source:ecdict cet4 cet6 family:necks family:necking family:necked,1521
necklace,'neklis,n.,n. 项链,,,cet4-all source:ecdict cet4 cet6 family:necklaces family:necklaced family:necklacing,6583
need,ni:d,n.,"n. 需要, 必须, 缺乏\nvt. 需要, 必需\nvi. 贫困, 有必要\naux. 需要",,,cet4-all source:ecdict family:needs family:needed family:needing,132
needle,'ni:dl,n.,"n. 针, 尖\nvt. 用针缝\nvi. 缝纫\n[计] 探针",,,cet4-all source:ecdict cet4 cet6 family:needles family:needling family:needled,3804
needless,'ni:dlis,adj.,"a. 不需要的, 不必要的",,,cet4-all source:ecdict cet4 cet6,9297
negative,'negәtiv,n.,"n. 否定, 否定语, 负数, 底片\na. 否定的, 消极的, 负的, 阴性的\nn. 负数, 负值\n[计] 负数, 负值",,,cet4-all source:ecdict cet4 cet6 cet6-core family:negatives family:negatived family:negativing,1470
neglect,ni'glekt,n.,"n. 疏忽, 忽略, 漏做\nvt. 疏忽, 忽视, 不顾",,,cet4-all source:ecdict cet4 cet6 cet6-core family:neglected family:neglecting family:neglects,5063
negro,'ni:grәu,n.,n. 黑人\na. 黑人的,,,cet4-all source:ecdict cet4 cet6 family:negros,16070
neighbour,'neibә,n.,"n. 邻居, 邻接的东西, 邻国, 邻座, 邻人, 世人\na. 邻接的, 邻近的\nvi.vt. 邻近, 与...结邻, 邻接",,,cet4-all source:ecdict cet4 cet6 family:neighbours family:neighbouring family:neighboured,
neighbourhood,'neibәhud,n.,"n. 邻接, 周围, 附近一带, 邻近, 邻居关系, 地区, 街道, 街坊, 四邻\n[计] 邻域",,,cet4-all source:ecdict cet4 cet6 family:neighbourhoods,25261
neither,'naiðә,adv.,"adv. 皆不, 两个都不\na. (两者)都不的\npron. 两者都不\nconj. 既非, 既不",,,cet4-all source:ecdict,1790
nephew,'nefju:,n.,"n. 侄子, 外甥",,,cet4-all source:ecdict cet4 cet6 family:nephews,6362
nerve,nә:v,n.,"n. 精神, 勇气, 叶脉, 神经\nvt. 鼓起勇气",,,cet4-all source:ecdict cet4 cet6 family:nerves family:nerved family:nerving,3083
nervous,'nә:vәs,adj.,"a. 神经紧张的, 不安的, 神经的\n[医] 神经的; 神经质的, 神经过敏的",,,cet4-all source:ecdict cet4 cet6,2393
nest,nest,n.,"n. 巢, 窝, 休息所, 隐匿处\nvi. 筑巢, 找鸟巢\nvt. 为...设窝, 使套叠\n[计] 嵌套",,,cet4-all source:ecdict cet4 cet6 family:nests family:nesting family:nested,4131
net,net,n.,"n. 网, 网状物, 罗网, 净利, 净价\na. 净的, 最终的\nvt. 用网捕, 撒网, 净赚, 得到\nvi. 编网\n[计] 网络, 网络分析程序",,,cet4-all source:ecdict cet4 cet6 family:nets family:netted family:netting,2884
network,'netwә:k,n.,"n. 网络, 广播网, 网状物\n[计] 网络",,,cet4-all source:ecdict cet4 cet6 family:networks family:networking family:networked,882
neutral,'nju:trәl,n.,"n. 中立者, 中立国, 非彩色, 空档\na. 中立的, 中性的, 无色的",,,cet4-all source:ecdict cet4 cet6 cet6-core family:neutrals,4223
never,'nevә,adv.,"adv. 从不, 决不, 不曾\n[法] 永不, 决不, 从来没有",,,cet4-all source:ecdict,138
nevertheless,.nevәðә'les,adv.,"adv. 然而, 虽然如此\nconj. 然而",,,cet4-all source:ecdict cet4 cet6,2582
new,nju:,adj.,"a. 新的, 陌生的, 最近的, 不熟悉的\n[法] 新发现的, 新的, 重新开始的",,,cet4-all source:ecdict family:newer family:newest,88
newly,'nju:li,adv.,"adv. 重新, 最近",,,cet4-all source:ecdict cet4 cet6,2791
news,nju:z,n.,"n. 新闻, 消息, 报导\n[法] 新闻, 消息, 新闻报导",,,cet4-all source:ecdict,574
newspaper,'nju:z.peipә,n.,n. 报纸,,,cet4-all source:ecdict family:newspapers,1064
next,'nekst,n.,"n. 下一个\na. 下一个的, 其次的, 贴近的\nadv. 然后, 下次, 次于\n[计] 近邻干扰",,,cet4-all source:ecdict,217
nice,nais,adj.,"a. 美好的, 和蔼的, 正派的, 做得好的, 精密的, 细微的, 挑剔的, 谨慎的",,,cet4-all source:ecdict family:nicer family:nicest,897
niece,ni:s,n.,"n. 侄女, 甥女",,,cet4-all source:ecdict cet4 cet6 family:nieces,7475
night,nait,n.,"n. 夜, 夜晚, 晚上, 黑暗, 夜晚的工作\n[法] 夜, 黑夜, 黑暗",,,cet4-all source:ecdict family:nights,209
nine,nain,num.,"num. 九, 九个",,,cet4-all source:ecdict,1154
nineteen,.nain'ti:n,num.,"num. 十九, 十九个",,,cet4-all source:ecdict cet4,7818
ninety,'nainti,num.,"num. 九十, 九十个",,,cet4-all source:ecdict,8279
ninth,nainθ,num.,"num. 第九, 九分之一",,,cet4-all source:ecdict,5059
nitrogen,'naitrәdʒәn,n.,n. 氮\n[化] 氮N-2,,,cet4-all source:ecdict cet4 cet6 family:nitrogens,5881
no,nәu,n.,"n. 不, 拒绝, 否决票\na. 没有, 不是, 绝非\nadv. 不",,,cet4-all source:ecdict,93
noble,'nәubl,n.,"n. 贵族\na. 高贵的, 高尚的, 贵族的, 辉煌的",,,cet4-all source:ecdict cet4 cet6 family:nobles,5553
nobody,'nәubɒdi,n.,"n. 小人物, 无名小卒\npron. 无人, 没有人",,,cet4-all source:ecdict family:nobodies,1151
nod,nɒd,n.,"n. 点头, 打盹, 晃动\nvi. 点头, 打盹\nvt. 点头表示, 点(头)",,,cet4-all source:ecdict cet4 cet6 family:nodded family:nodding family:nods,1557
noise,nɒiz,n.,"n. 噪音, 杂音, 响声, 喧闹\nvt. 谣传\nvi. 喧闹\n[计] 噪声",,,cet4-all source:ecdict family:noises family:noising family:noised,2012
noisy,'nɒizi,adj.,"a. 嘈杂的, 喧闹的\n[机] 噪声的, 嘈杂的",,,cet4-all source:ecdict cet4 cet6 family:noisier family:noisiest,6565
none,nʌn,adv.,"adv. 一点也不, 毫不\npron. 没有人, 无一物, 并无一个\na. 没有的",,,cet4-all source:ecdict,1086
nonsense,'nɒnsәns,n.,"n. 无意义的事, 荒谬言行, 荒唐",,,cet4-all source:ecdict cet4 cet6 family:nonsenses,5969
noon,nu:n,n.,"n. 正午, 中午, 全盛期",,,cet4-all source:ecdict family:noons,3820
nor,nɒ:,conj.,"conj. 也不, 也没有\n[计] 或非",,,cet4-all source:ecdict,1062
normal,'nɒ:ml,n.,"n. 常态, 标准, 正常, 普通\na. 正常的, 正规的, 标准的, 师范的, 正态的\n[计] 标准, 普通",,,cet4-all source:ecdict cet4 cet6 family:normals,1217
normally,'nɒ:mәli,adv.,"adv. 正规地, 合规则, 正常地",,,cet4-all source:ecdict cet4 cet6,2588
north,nɒ:θ,n.,"n. 北方, 北\na. 北的, 北方的\nadv. 向北方, 在北方",,,cet4-all source:ecdict,578
northeast,.nɒ:θ'i:st,n.,"n. 东北\na. 东北的, 向东北的, 来自东北的\nadv. 向东北, 来自东北",,,cet4-all source:ecdict cet4 cet6,4122
northern,'nɒ:ðәn,n.,"n. 北方人\na. 北方的, 向北的, 自北方来的",,,cet4-all source:ecdict cet4 cet6,1556
northwest,.nɒ:θ'west,n.,"n. 西北, 西北方\na. 西北的, 在西北的, 来自西北的\nadv. 向西北",,,cet4-all source:ecdict cet4 cet6,3403
nose,nәuz,n.,"n. 鼻子, 突出部分, 嗅觉\nvt. 嗅到, 探出, 用鼻子触\nvi. 闻, 嗅, 探听, 告密",,,cet4-all source:ecdict family:noses family:nosing family:nosed,1735
not,nɒt,adv.,"adv. 不, 非, 未\n[计] 非",,,cet4-all source:ecdict,28
note,nәut,n.,"n. 笔记, 记录, 注解, 票据, 符号, 显要, 注重, 便笺, 照会\nvt. 记录, 注解, 注意",,,cet4-all source:ecdict family:notes family:noted family:noting,703
notebook,'nәutbuk,n.,"n. 笔记本, 手册, 期票簿",,,cet4-all source:ecdict cet4 cet6 family:notebooks,4427
nothing,'nʌθiŋ,n.,"n. 无, 不关紧要之事, 零\nadv. 毫不, 决不\ninterj. 什么也没有, 无",,,cet4-all source:ecdict,315
notice,'nәutis,n.,"n. 注意, 布告, 通知, 预告, 短评\nvt. 注意, 通知, 评论, 提及, 关注\nvi. 注意",,,cet4-all source:ecdict cet4 cet6 family:noticed family:noticing family:notices,1044
noticeable,'nәutisәbl,adj.,"a. 显而易见的, 显著的, 值得注意的",,,cet4-all source:ecdict cet4 cet6,8488
noun,naun,n.,n. 名词,,,cet4-all source:ecdict cet4 cet6 family:nouns,13780
novel,'nɒvl,n.,"n. 小说, 长篇故事\na. 新奇的, 异常的",,,cet4-all source:ecdict cet4 cet6 family:novels,1647
november,nәu'vembә,n.,n. 十一月,,,cet4-all source:ecdict,
now,nau,adv.,"adv. 现在, 刚才, 目前\nn. 现在\na. 现在的\nconj. 由于",,,cet4-all source:ecdict,72
nowadays,'nauәdeiz,n.,"n. 现在, 现时, 当今\nadv. 时下, 现今",,,cet4-all source:ecdict cet4 cet6,6788
nowhere,'nәuhwєә,adv.,"adv. 无处, 到处都无",,,cet4-all source:ecdict cet4 cet6,2924
nuclear,'nju:kliә,adj.,"a. 核子的, 原子能的, 核的, 中心的\n[医] 核的",,,cet4-all source:ecdict cet4 cet6,1176
nucleus,'nju:kliәs,n.,"n. 核心, 核子, 原子核, 起点\n[计] 核心程序",,,cet4-all source:ecdict cet4 cet6 family:nuclei,6944
nuisance,'nju:sns,n.,"n. 讨厌的东西, 讨厌的人, 损害\n[医] 损害, 讨厌",,,cet4-all source:ecdict cet4 cet6 family:nuisances,8738
number,'nʌmbә,n.,"n. 数, 数字, 数目, 号码\nvt. 数, 计算, 共计\nvi. 计算, 报数\n[计] 数字",,,cet4-all source:ecdict family:numbers family:numbered family:numbering family:numb family:r family:numbs,204
numerous,'nju:mәrәs,adj.,"a. 很多的, 数目众多的, 多数的\n[机] 多数的, 甚多的",,,cet4-all source:ecdict cet4 cet6 cet6-core,2275
nurse,nә:s,n.,"n. 护士, 保姆, 奶妈\nvt. 看护, 照顾, 培养\nvi. 喂奶, 看护病人",,,cet4-all source:ecdict family:nurses family:nursing family:nursed,1875
nursery,'nә:sәri,n.,"n. 托儿所, 苗圃, 温床\n[医] 婴儿室, 托儿所",,,cet4-all source:ecdict cet4 cet6 family:nurseries,5632
nut,nʌt,n.,"n. 坚果, 核心, 螺帽\n[计] Novell NetWare服务器实用程序",,,cet4-all source:ecdict cet4 cet6 family:nuts family:nutting family:nutted,3188
nylon,'nailɒn,n.,n. 尼龙\n[化] 尼龙; 聚酰胺纤维,,,cet4-all source:ecdict cet4 cet6 family:nylons,8449
oak,әuk,n.,"n. 橡树, 橡木\na. 橡木制的",,,cet4-all source:ecdict cet6 cet6-core family:oaks,4423
oar,ɒ:,n.,"n. 桨, 桨手, 搅棒\nvi. 划桨\nvt. 划动",,,cet4-all source:ecdict cet6 family:oars,14498
obey,ә'bei,vt.,"vt. 服从, 遵从, 顺从\nvi. 服从",,,cet4-all source:ecdict cet4 cet6 family:obeyed family:obeying family:obeys,5672
object,'ɒbdʒekt,n.,"n. 物体, 目标, 目的, 对象, 宾语, 客体\nvi. 反对, 抱反感\nvt. 提出...来反对\n[计] 对象",,,cet4-all source:ecdict cet4 cet6 cet6-core family:objects family:objected family:objecting,1153
objection,әb'dʒekʃәn,n.,"n. 异议, 反对, 不喜欢, 缺点, 缺陷, 妨碍, 拒绝之理由\n[法] 异议, 反对, 抗议",,,cet4-all source:ecdict cet4 cet6 cet6-core family:objections,4737
objective,әb'dʒektiv,n.,"n. 目的, 目标, 宗旨, 宾格, 实物\na. 客观的, 如实的, 无偏见的, 宾格的",,,cet4-all source:ecdict cet4 cet6 cet6-core family:objectives,2406
oblige,ә'blaidʒ,vt.,"vt. 强制, 施恩惠于, 使感激\nvi. 施恩惠, 帮忙",,,cet4-all source:ecdict cet4 cet6 family:obliged family:obliges family:obliging,6685
observation,.ɒbzә:'veiʃәn,n.,"n. 观察, 注意, 观测, 观察力\n[化] 观察",,,cet4-all source:ecdict cet4 cet6 family:observations,2105
observe,әb'zә:v,vt.,"vt. 觉察到, 遵守, 注意到, 庆祝\nvi. 注意, 评论",,,cet4-all source:ecdict cet4 cet6 family:observed family:observing family:observes,1294
observer,әb'zә:vә,n.,"n. 观察者, 遵守者, 观察员\n[法] 观察者, 观察员, 监场员",,,cet4-all source:ecdict cet4 cet6 family:observers,2456
obstacle,'ɒbstәkl,n.,"n. 障碍, 妨害物, 阻碍",,,cet4-all source:ecdict cet4 cet6 cet6-core family:obstacles,3569
obtain,әb'tein,vt.,"vt. 获得, 达到\nvi. 流行, 得到公认",,,cet4-all source:ecdict cet4 cet6 cet6-core family:obtained family:obtaining family:obtains,1595
obvious,'ɒbviәs,adj.,"a. 明显的, 明白的, 显然的, 平淡无奇的",,,cet4-all source:ecdict cet4 cet6,1689
obviously,'ɔbviәsli,adv.,"adv. 显而易见地, 明显地",,,cet4-all source:ecdict cet4 cet6,1278
occasion,ә'keiʒәn,n.,"n. 场合, 时机, 机会, 诱因, 理由\nvt. 惹起, 引起",,,cet4-all source:ecdict cet4 cet6 family:occasions family:occasioned family:occasioning,2262
occasional,ә'keiʒәnl,adj.,"a. 偶然的, 临时的\n[法] 偶然的, 特殊场合的",,,cet4-all source:ecdict cet4 cet6 cet6-core,3511
occasionally,ә'keiʒәnli,adv.,"adv. 有时候, 偶而",,,cet4-all source:ecdict cet4 cet6,2485
occupation,.ɒkju'peiʃәn,n.,"n. 职业, 占有, 占有期, 占领, 占领军\n[经] 占有, 占用, 职业",,,cet4-all source:ecdict cet4 cet6 cet6-core family:occupations,3334
occupy,'ɒkjupai,vt.,"vt. 占领, 占(时间、空间等), 住进, 担任, 使从事, 使全神贯注\n[法] 占领, 占据, 占有",,,cet4-all source:ecdict cet4 cet6 cet6-core family:occupied family:occupies family:occupying,2710
occur,ә'kә:,vi.,"vi. 发生, 被想到, 存在",,,cet4-all source:ecdict cet4 cet6 cet6-core family:occurs family:occurred family:occurring,756
occurrence,ә'kʌrәns,n.,"n. 发生, 事件, 出现\n[医] 发生",,,cet4-all source:ecdict cet4 cet6 family:occurrences,6221
ocean,'әuʃәn,n.,"n. 海洋, 广阔, 许多, 一大片\n[法] 海洋, 海",,,cet4-all source:ecdict cet4 family:oceans,1842
oceania,.әuʃi'æniә,n.,n. 大洋洲,,,cet4-all source:ecdict cet4 cet6,
october,ɒk'tәubә,n.,n. 十月,,,cet4-all source:ecdict,
odd,ɒd,adj.,"a. 奇数的, 古怪的, 剩余的, 零散的, 各种各样的, 少量的\nn. 奇特的事物, 怪人\n[计] 奇数, 奇校验, 光数据数字转换器",,,cet4-all source:ecdict cet4 cet6,2738
odour,'әudә,n.,"n. 气味, 臭气, 香气, 味道, 迹象, 名誉, 声誉\n[医] 气味",,,cet4-all source:ecdict cet4 cet6 family:odours,
of,ɒv,prep.,"prep. 的, 属于",,,cet4-all source:ecdict,4
off,ɒf,adj.,"a. 关着的, 不再生效的, 处于...境况的, 休假的, 空闲的\nadv. 走开, ...掉, ...下, 休息, 出发, 隔断\nprep. 离开, 脱落, 不在从事......, 在...之外\nvi. 离开, 滚开\nvt. 杀死\nn. 关闭状态\n[计] 关闭, 清屏命令",,,cet4-all source:ecdict family:offing family:offed family:offs,205
offend,ә'fend,v.,"v. 犯罪, 冒犯, 违反, 进攻",,,cet4-all source:ecdict cet4 cet6 family:offended family:offends family:offending,5207
offer,'ɒfә,n.,"n. 给予(物), 出价, 提议, 意图, 报价\nvt. 提供, 出价, 奉献, 试图, 使出现, 演出\nvi. 出现, 献祭, 提议, 求婚",,,cet4-all source:ecdict cet4 cet6 family:offered family:offers family:offering,373
office,'ɒfis,n.,"n. 办公室, 部, 公职, 职责\n[化] 办公室",,,cet4-all source:ecdict family:offices,341
officer,'ɒfisә,n.,"n. 军官, 主管, 官员, 公务员\nvt. 指挥",,,cet4-all source:ecdict cet4 cet6 family:officers family:officering family:officered,671
official,ә'fiʃәl,n.,"n. 官员, 公务员, 职员\na. 公务的, 官方的, 正式的",,,cet4-all source:ecdict cet4 cet6 family:officials,526
often,'ɒ:fn,adv.,"adv. 时常, 常常",,,cet4-all source:ecdict,274
oh,әu,interj.,interj. (表示惊讶、恐怖、赞叹)哦,,,cet4-all source:ecdict,411
oil,ɒil,n.,"n. 油, 石油, 油画颜料\nvt. 涂油于, 使融化成油状, 加油于\nvi. 加燃油, 融化",,,cet4-all source:ecdict cet4 family:oils family:oiled family:oiling,546
okay,әj'kei,adj.,"a. 好, 可以, 行, 对, 好吗, 很好\nadv. 好, 可以, 行, 对, 好吗, 很好\nn. 同意, 签认, 批准, 认可\nvt. 同意, 签认, 批准, 认可",,,cet4-all source:ecdict cet4 family:okaying family:okayed family:okays,1642
old,әuld,n.,"n. 以前, 往昔\na. 老的, 旧的, 古老的, 年长的, 老练的",,,cet4-all source:ecdict family:older family:oldest family:olds,152
omit,әu'mit,vt.,"vt. 省略, 删除, 疏忽, 遗漏\n[化] 省略",,,cet4-all source:ecdict cet4 cet6 family:omitted family:omitting family:omits,5550
on,ɒn,prep.,prep. 在...之上\nadv. ...上去\na. 正起作用的\n[计] 打开,,,cet4-all source:ecdict,17
once,wʌns,adv.,"adv. 一次, 曾经, 一旦\nconj. 一旦, 一经\nn. 一次\na. 从前的",,,cet4-all source:ecdict,300
one,wʌn,n.,"n. 一(个)\npron. 一, 任何人\nnum. 一, 一个\na. 一致的, 完整的",,,cet4-all source:ecdict family:ones,51
oneself,wʌn'self,pron.,"pron. 自己, 亲自",,,cet4-all source:ecdict cet4,7598
onion,'ʌnjәn,n.,n. 洋葱\nvt. 因洋葱使掉泪,,,cet4-all source:ecdict cet4 cet6 family:onions,2567
only,'әunli,adj.,"a. 唯一的, 仅有的, 最佳的\nadv. 只有, 仅仅, 只能\nconj. 但是, 不过",,,cet4-all source:ecdict,101
onto,'ɒntu:,prep.,prep. 在...之上,,,cet4-all source:ecdict cet4 family:ontos,926
open,'әupәn,n.,"n. 公开, 户外, 空旷\na. 开着的, 开放的, 开阔的, 营业着的, 公开的, 悬而未决的\nvt. 打开, 公开, 开放\nvi. 展开, 开始, 展现\n[计] 打开指令; 打开语句",,,cet4-all source:ecdict family:opened family:opening family:opens,355
opening,'әupәniŋ,n.,"n. 开始, 口子, 穴, 揭幕\na. 开始的",,,cet4-all source:ecdict cet4 cet6 family:open family:i family:opening family:openings,1940
opera,'ɒpәrә,n.,n. 歌剧,,,cet4-all source:ecdict cet4 cet6 family:operas,3851
operate,'ɒpәreit,v.,"v. 操作, 运转, 动手术, 活动",,,cet4-all source:ecdict cet4 cet6 family:operating family:operated family:operates,1309
operation,.ɒpә'reiʃәn,n.,"n. 操作, 动作, 手术, 运算, 作用, 业务\n[计] 运算",,,cet4-all source:ecdict cet4 cet6 family:operations,826
operational,.ɒpә'reiʃәnl,adj.,"a. 操作的, 运作的\n[法] 操作上的, 业务上的, 可起作用的",,,cet4-all source:ecdict cet4 cet6,6134
operator,'ɒpәreitә,n.,"n. 操作员, 行家, 经纪人, 算子, 运算符\n[计] 运算符",,,cet4-all source:ecdict cet4 cet6 family:operators,3210
opinion,ә'pinjәn,n.,"n. 意见, 评价, 主张\n[经] 意见",,,cet4-all source:ecdict cet4 cet6 family:opinions,1124
opponent,ә'pәunәnt,n.,"n. 对手, 敌手, 反对者\na. 敌对的, 反对的, 对面的",,,cet4-all source:ecdict cet4 cet6 cet6-core family:opponents,2181
opportunity,.ɒpә'tju:niti,n.,"n. 机会, 时机",,,cet4-all source:ecdict cet4 cet6 family:opportunities,625
oppose,ә'pәuz,vt.,"vt. 反对, 以...对抗, 抗争\nvi. 反对",,,cet4-all source:ecdict cet4 cet6 cet6-core family:opposed family:opposing family:opposes,1945
opposite,'ɒpәzit,adj.,"a. 相对的, 相反的, 对面的\nprep. 对面\nn. 对立面",,,cet4-all source:ecdict cet4 cet6 family:opposites,2222
oppress,ә'pres,vt.,"vt. 压迫, 压抑, 使烦恼",,,cet4-all source:ecdict cet4 cet6 cet6-core family:oppressed family:oppressing family:oppresses,13013
optical,'ɒptikl,adj.,"a. 眼睛的, 视觉的, 光学的\n[机] 光学上的, 光学的",,,cet4-all source:ecdict cet4 cet6 cet6-core family:opticals,5497
optimistic,.ɒpti'mistik,adj.,"a. 乐观的, 乐观主义的, 乐天的",,,cet4-all source:ecdict cet4 cet6 cet6-core,4141
option,'ɒpʃәn,n.,"n. 选择权, 挑选, 选项\n[计] 选项",,,cet4-all source:ecdict cet4 cet6 cet6-core family:options,1102
optional,'ɒpʃәnl,adj.,"a. 可选择的, 随意的\n[化] 选购的",,,cet4-all source:ecdict cet4 cet6,5692
or,ɒ:,conj.,"conj. 或, 或者\n[计] 或",,,cet4-all source:ecdict,32
oral,'ɒ:rәl,n.,"n. 口试\na. 口头的, 口述的, 口部的",,,cet4-all source:ecdict cet4 cet6 family:orals,3875
orange,'ɒ:rindʒ,n.,"n. 柑橘, 桔子, 橘色\na. 橘色的",,,cet4-all source:ecdict family:oranges,3145
orbit,'ɒ:bit,n.,"n. 轨道, 常轨, 眼眶\nvt. 绕...轨道而行\nvi. 进入轨道, 盘旋",,,cet4-all source:ecdict cet4 cet6 cet6-core family:orbits family:orbiting family:orbited,4178
orchestra,'ɒ:kistrә,n.,"n. 管弦乐队, 乐队演奏处",,,cet4-all source:ecdict cet4 cet6 cet6-core family:orchestras,5347
order,'ɒ:dә,n.,"n. 次序, 规则, 命令\nvi. 命令, 定货\nvt. 整理, 命令, 定购\nn. 顺序, 阶数\n[计] 顺序, 阶数",,,cet4-all source:ecdict family:orders family:ordered family:ordering,684
orderly,'ɒ:dәli,adj.,"a. 有秩序的, 整齐的, 值班的\nn. 护理员, 清道夫, 传令兵, 勤务兵\nadv. 依次地, 顺序地",,,cet4-all source:ecdict cet4 cet6 family:orderlies,7744
ordinary,'ɒ:dinәri,adj.,"a. 平常的, 普通的, 平凡的\nn. 平常的人(或事)",,,cet4-all source:ecdict cet4 cet6 family:ordinaries,2268
ore,ɒ:,n.,n. 矿石\n[经] 矿,,,cet4-all source:ecdict cet4 cet6 cet6-core family:ores,10340
organ,'ɒ:gәn,n.,"n. 风琴, 器官, 元件, 机构, 机关\n[电] 风琴",,,cet4-all source:ecdict cet4 cet6 family:organs,3394
organic,ɒ:'gænik,adj.,"a. 器官的, 有机的, 组织的, 根本的\n[医] 器官的, 有生命的, 有机的, 器质的",,,cet4-all source:ecdict cet4 cet6 family:organics,3070
organism,'ɒ:gәnizm,n.,"n. 生物, 有机体, 社会组织\n[医] 生物[体],[有]机体",,,cet4-all source:ecdict cet4 cet6 family:organisms,4375
organization,.ɒ:gәnai'zeiʃәn,n.,"n. 组织, 结构, 团体, 体制\n[医] 组织, 机构, 机化(血栓或坏死组织)",,,cet4-all source:ecdict cet4 cet6 family:organizations,595
organize,'ɒ:gәnaiz,vt.,"vt. 组织, 有机化, 给予生机\nvi. 组织起来",,,cet4-all source:ecdict cet4 cet6 family:organized family:organizing family:organizes,1643
oriental,.ɒ:ri'entl,n.,"n. 东方人, 亚洲人\na. 东方诸国的, 亚洲的, 东方的",,,cet4-all source:ecdict cet4 cet6 cet6-core family:orientals,8982
origin,'ɒridʒin,n.,"n. 起源, 起因, 出身, 开端\n[计] 原点; 起始地址; 信件来源的相关数据",,,cet4-all source:ecdict cet4 cet6 cet6-core family:origins,2547
original,ә'ridʒәnl,adj.,"a. 最初的, 原始的, 有创意的\nn. 原物, 原作",,,cet4-all source:ecdict cet4 cet6 cet6-core family:originals,1135
ornament,'ɒ:nәmәnt,n.,"n. 装饰, 点缀品, 教堂用品\nvt. 装饰, 修饰",,,cet4-all source:ecdict cet4 cet6 cet6-core family:ornaments family:ornamented family:ornamenting,7737
orphan,'ɒ:fәn,n.,"n. 孤儿\na. 无双亲的, 孤儿的\nvt. 使成孤儿\n[计] 弧体",,,cet4-all source:ecdict cet4 cet6 family:orphans family:orphaning family:orphaned,7521
other,'ʌðә,adj.,"a. 其他的, 另外的, 从前的\npron. 其他的, 他人, 另外一个",,,cet4-all source:ecdict family:others,75
otherwise,'ʌðәwaiz,adv.,"adv. 否则, 不同地, 别的方式",,,cet4-all source:ecdict cet4 cet6,1527
ought,ɒ:t,aux.,"aux. 应该, 大概\nn. 责任",,,cet4-all source:ecdict cet4 cet6,1755
ounce,auns,n.,"n. 盎司, 少量, 雪豹\n[医] 英两, Г",,,cet4-all source:ecdict cet4 cet6 family:ounces,
our,'auә,pron.,pron. 我们的,,,cet4-all source:ecdict,79
ours,'auәz,pron.,pron. 我们的,,,cet4-all source:ecdict,4099
ourselves,.auә'selvz,pron.,pron. 我们自己,,,cet4-all source:ecdict,1766
out,aut,adj.,"a. 外面的, 熄灭的, 结束的\nadv. 在外, 熄灭, 出现\nprep. 出自, 离去, 向",,,cet4-all source:ecdict family:outing family:outed family:outs,64
outcome,'autkʌm,n.,"n. 结果, 出口",,,cet4-all source:ecdict cet4 cet6 family:outcomes,1747
outdoor,'autdɒ:,adj.,"a. 户外的, 屋外的, 露天的",,,cet4-all source:ecdict cet4 cet6,3614
outdoors,'aut'dɒ:z,n.,"n. 户外, 野外活动\nadv. 在户外, 在野外",,,cet4-all source:ecdict cet4 cet6,7559
outer,'autә,adj.,"a. 外部的, 外面的, 在外的, 远离中心的\n[机] 外部的, 外面的, 外侧的",,,cet4-all source:ecdict cet4 cet6 family:outers,3698
outlet,'autlet,n.,"n. 出口, 发泄方法, 市场\n[医] 出口",,,cet4-all source:ecdict cet4 cet6 family:outlets,4624
outline,'autlain,n.,"n. 大纲, 轮廓, 概要\nvt. 描画轮廓, 描述要点\nn. 大纲, 分级, 轮廓\n[计] 大纲, 分级, 轮廓",,,cet4-all source:ecdict cet4 cet6 cet6-core family:outlined family:outlines family:outlining,4429
outlook,'autluk,n.,"n. 观点, 景色, 前途, 了望\n[经] 展望",,,cet4-all source:ecdict cet4 cet6 family:outlooks,5863
output,'autput,n.,"n. 输出, 产品, 产量\n[计] 输出",,,cet4-all source:ecdict cet4 cet6 cet6-core family:outputs family:output family:d family:outputting,4085
outset,'autset,n.,"n. 着手, 开头, 最初",,,cet4-all source:ecdict cet4 cet6 cet6-core,7964
outside,'aut'said,n.,"n. 外面, 外表, 外界\na. 外面的, 外表的, 外界的\nadv. 外面, 外表, 外界",,,cet4-all source:ecdict,809
outskirt,'autskә:t,n.,"n. 边缘, 郊外, 外围",,,cet4-all source:ecdict cet4 cet6,
outstanding,.aut'stændiŋ,adj.,"a. 杰出的, 突出的, 未偿付的, 未决定的\n[经] 未解决的, 未偿付",,,cet4-all source:ecdict cet4 cet6,4000
outward,'autwәd,adj.,"a. 向外的, 表面的, 外服的\nadv. 向外, 在外, 表面",,,cet4-all source:ecdict cet4 cet6 cet6-core,8599
outwards,'autwәdz,adv.,adv. 向外地,,,cet4-all source:ecdict cet4 cet6,29133
oven,'ʌvәn,n.,"n. 烤箱, 灶, 子宫\n[化] 烘箱",,,cet4-all source:ecdict cet4 cet6 family:ovens,2920
over,'әuvә,adv.,"adv. 结束, 越过, 从头到尾\nprep. 在...之上, 遍于...之上, 越过\na. 上面的\nvt. 越过",,,cet4-all source:ecdict family:overs,124
overall,'әuvәrɒ:l,adj.,"a. 全部的, 全体的, 从头至尾的, 一切在内的\nadv. 从头到尾, 总的说来\nn. 罩衫, 工作服",,,cet4-all source:ecdict cet4 cet6 family:overalls,1941
overcoat,'әuvәkәut,n.,n. 外套大衣,,,cet4-all source:ecdict cet4 cet6 family:overcoats family:overcoated,12679
overcome,.әuvә'kʌm,vt.,"vt. 战胜, 克服, 胜过\nvi. 得胜",,,cet4-all source:ecdict cet4 cet6 cet6-core family:overcome family:d family:overcoming family:overcame family:overcomes,2707
overhead,'әuvәhed,n.,"n. 经常开支, 普通用费, 天花板\na. 在头上的, 高架的\nadv. 在头顶上, 在空中, 在高处, 从头到脚全部没入地\n[计] 总开销; 额外开销",,,cet4-all source:ecdict cet4 cet6 cet6-core family:overheads,5527
overlook,.әuvә'luk,vt.,"vt. 俯瞰, 远眺, 没注意到\nn. 眺望, 俯瞰到的景色",,,cet4-all source:ecdict cet4 cet6 cet6-core family:overlooking family:overlooked family:overlooks,3139
overnight,'әuvәnait,n.,"n. 前一天晚上, 一夜的逗留\na. 通宵的, 晚上的, 前夜的\nadv. 在前一夜, 整夜, 昨晚一晚上",,,cet4-all source:ecdict cet4 cet6 family:overnights,4742
overseas,'әuvә'si:z,adj.,"a. 海外的, 国外的\nadv. 在海外, 在国外",,,cet4-all source:ecdict cet4 cet6,4955
overtake,.әuvә'teik,vt.,"vt. 赶上, 突然降临于, 压倒, 代替",,,cet4-all source:ecdict cet4 cet6 family:overtaken family:overtook family:overtaking family:overtakes,8889
overtime,'әuvәtaim,n.,"n. 超时, 加班, 延长时间\na. 超时的, 加班的\nadv. 加班地\nvt. 使超过时间",,,cet4-all source:ecdict cet4 cet6,8317
owe,әu,vt.,"vt. 亏欠, 负...债, 归功于, 怀有, 应给予, 感恩\nvi. 欠钱",,,cet4-all source:ecdict cet4 cet6 cet6-core family:owing family:owed family:owes,2979
owl,aul,n.,n. 猫头鹰\n[法] 走私,,,cet4-all source:ecdict cet4 cet6 cet6-core family:owls,5953
own,әun,n.,"n. 自己的\na. 自己的, 嫡亲的, 同胞的\nvt. 拥有, 支配, 自认, 承认, 顺从于\nvi. 承认, 供认",,,cet4-all source:ecdict family:owned family:owns family:owning,148
owner,'әunә,n.,"n. 拥有者, 物主, 所有人\n[经] 所有者, 物主, 业主",,,cet4-all source:ecdict cet4 cet6 family:owners,1021
ownership,'әunәʃip,n.,"n. 所有权, 物主身份\n[经] 所有权, 所有制",,,cet4-all source:ecdict cet4 cet6 family:ownerships,3585
ox,ɒks,n.,n. 牛,,,cet4-all source:ecdict cet4 cet6 family:oxen family:oxer,
pace,peis,n.,"n. 速度, 步调, 步法\nvi. 踱步, 缓慢走\nvt. 用步测, 踱步于",,,cet4-all source:ecdict cet4 cet6 family:paces family:pacing family:paced,2533
pacific,pә'sifik,n.,"n. 太平洋\na. 太平洋的, 太平洋沿岸的, 爱好和平的, 安静的, 平息的",,,cet4-all source:ecdict cet4 cet6,26607
pack,pæk,n.,"n. 包裹, 一伙, 一副, 背包, 包装\nvt. 包装, 捆扎, 塞满, 压紧, 挑选\nvi. 包装货物, 挤, 群集, 被包装\n[计] 压缩",,,cet4-all source:ecdict cet4 family:packed family:packs family:packing,2273
package,'pækidʒ,n.,"n. 包裹, 套装软件, 包, 包装用物, 程序包\nvt. 包装, 打包\na. 一揽子的\n[计] 包, 软件包, 包装",,,cet4-all source:ecdict cet4 cet6 cet6-core family:packages family:packaged family:packaging,1685
packet,'pækit,n.,"n. 小包, 一批信件, 大量, 信息包\nvt. 打包, 装进小包\n[计] 分组, 分组报文, 数据分组",,,cet4-all source:ecdict cet4 cet6 family:packets,6240
pad,pæd,n.,"n. 填补, 衬垫, 印色盒, 路\nvt. 填补, 走, 夸大\nvi. 步行\n[计] 焊接点; 包装配/拆卸",,,cet4-all source:ecdict cet4 cet6 family:pads family:padded family:padding,3664
page,peidʒ,n.,"n. 页, 记录, 事件, 专栏, 男侍\nvt. 标明...的页数, 翻...的书页, 分页排版, 呼叫, 侍候\nvi. 翻书页, 侍侯\n[计] 页; 页面",,,cet4-all source:ecdict family:pages family:paging family:paged,708
pail,peil,n.,"n. 桶, 提桶",,,cet4-all source:ecdict cet4 cet6 family:pails,14177
pain,pein,n.,"n. 痛苦, 疼痛, 辛苦\nvt. 使痛苦, 痛苦\nvi. 作痛, 疼",,,cet4-all source:ecdict cet4 cet6 family:pains family:pained family:paining,937
painful,'peinful,adj.,"a. 痛苦的, 困难的, 令人烦恼的\n[医] 疼痛的",,,cet4-all source:ecdict cet4 cet6,3034
paint,peint,n.,"n. 油漆, 颜料, 绘画作品, 涂漆\nvt. 油漆, 绘, 画, 描绘, 装饰, 点缀\nvi. 绘画, 涂漆",,,cet4-all source:ecdict cet4 family:painted family:painting family:paints,1555
painter,'peintә,n.,"n. 画家, 油漆匠\n[机] 油漆匠, 喷漆匠",,,cet4-all source:ecdict cet4 family:painters,3322
painting,'peintiŋ,n.,"n. 画, 绘画, 油漆\n[化] 涂漆",,,cet4-all source:ecdict cet4 cet6 family:paintings family:painting family:i,1056
pair,pєә,n.,"n. 一双, 一对, 一副\nv. (使)成对",,,cet4-all source:ecdict family:pairs family:paired family:pairing,1485
palace,'pælis,n.,"n. 宫, 宫殿, 华丽大厦",,,cet4-all source:ecdict family:palaces,4678
pale,peil,n.,"n. 栅栏, 界线, 范围\na. 苍白的, 暗淡的, 无力的\nvi. 变苍白, 变暗, 失色\nvt. 使变苍白, 使失色, 用栅栏围",,,cet4-all source:ecdict cet4 cet6 family:paler family:paled family:palest family:pales family:paling,2935
palm,pɑ:m,n.,"n. 手掌, 棕榈, 胜利\nvt. 与...握手, 藏...于掌中",,,cet4-all source:ecdict cet4 cet6 family:palms family:palmed family:palming,2991
pan,pæn,n.,"n. 平锅, 浅盘, 盆地, 硬土层, 拍摄全景\nv. 上下左右移动, 摇镜头, 淘洗, 淘金",,,cet4-all source:ecdict cet4 cet6 family:pans family:panned family:panning,2479
panda,'pændә,n.,"n. 大熊猫, 小熊猫",,,cet4-all source:ecdict cet4 family:pandas,14691
pane,pein,n.,"n. 窗玻璃, 方框, 方格, 窗格\nvt. 嵌窗玻璃于\n[计] 窗格",,,cet4-all source:ecdict cet4 cet6 family:panes,10912
panel,'pænl,n.,"n. 嵌板, 仪表板, 专题讨论小组, 全体陪审员\nvt. 嵌镶板",,,cet4-all source:ecdict cet4 cet6 family:panels family:panelled family:panelling,1607
pant,pænt,n.,"n. 喘息, 悸动\nvi. 喘息, 渴望\nvt. 气喘吁吁地说",,,cet4-all source:ecdict cet4 cet6 family:panting family:panted family:pants,2690
paper,'peipә,n.,"n. 纸, 文件, 文章, 报纸, 证券, 证件\nvt. 用纸糊, 贴壁纸于, 用纸包装\nvi. 贴壁纸\na. 纸做的, 纸上的",,,cet4-all source:ecdict family:papers family:papered family:papering,519
parade,pә'reid,n.,"n. 游行, 炫耀, 阅兵\nv. 游行, 炫耀, (使)列队行进",,,cet4-all source:ecdict cet4 cet6 family:parades family:parading family:paraded,3907
paradise,'pærәdais,n.,"n. 天堂, 乐园, 伊甸园",,,cet4-all source:ecdict cet4 cet6 cet6-core family:paradises,6816
paragraph,'pærәgrɑ:f,n.,"n. 段落, 短评\nvt. 将...分段, 分段落\nvi. 写短讯\n[计] 段落",,,cet4-all source:ecdict cet4 cet6 cet6-core family:paragraphs family:paragraphing family:paragraphed,5897
parallel,'pærәlel,n.,"n. 平行, 对比, 相匹敌之物\na. 平行的, 相似的\nvt. 与...平行, 与...相似, 相比, 使平行\n[计] 并联; 并行",,,cet4-all source:ecdict cet4 cet6 cet6-core family:parallels family:paralleling family:parallelled,5840
parcel,'pɑ:sl,n.,"n. 包裹, 部分, 片\nvt. 分配, 打包\na. 部分的\nadv. 局部地",,,cet4-all source:ecdict cet4 cet6 family:parcels family:parcelled family:parcelling,7729
pardon,'pɑ:dn,n.,"n. 原谅, 赦免\nvt. 宽恕, 原谅",,,cet4-all source:ecdict family:pardoned family:pardons family:pardoning,7831
parent,'perәnt,n.,"n. 父母, 父母亲, 根源\n[法] 父亲, 母亲, 根源",,,cet4-all source:ecdict family:parents,327
park,pɑ:k,n.,"n. 公园, 停车处\nvt. 停车, 置于\nvi. 停车",,,cet4-all source:ecdict family:parks family:parked family:parking,3467
parliament,'pɑ:lәmәnt,n.,"n. 国会, 议会\n[法] 会议, 国会, 议院",,,cet4-all source:ecdict cet4 cet6 family:parliaments,5169
part,pɑ:t,n.,"n. 部分, 局部, 零件, 要素, 等分, 职责, 角色, 部位\nvt. 分开, 分离, 断绝, 区别, 分配\nvi. 分开, 断裂, 分手\na. 部分的, 局部的\nadv. 部分地, 有些",,,cet4-all source:ecdict cet4 family:parts family:parted family:parting,178
partial,'pɑ:ʃәl,adj.,"a. 部分的, 偏袒的, 偏爱的\nn. 分音",,,cet4-all source:ecdict cet4 cet6 cet6-core family:partials,4546
partially,'pɑ:ʃәli,adv.,"adv. 部分地, 一部分地, 不公平地",,,cet4-all source:ecdict cet4 cet6,4379
participate,pɑ:'tisipeit,vi.,"vi. 参加, 分享, 参与, 带有\nvt. 分享, 分担",,,cet4-all source:ecdict cet4 cet6 family:participating family:participated family:participates,1482
particle,'pɑ:tikl,n.,"n. 颗粒, 粒子, 质点, 极小量\n[化] 粒子; 质点",,,cet4-all source:ecdict cet4 cet6 family:particles,3683
particular,pә'tikjulә,n.,"n. 一项(或条、点), 个别项目, 详细说明\na. 特别的, 独有的, 挑剔的, 详尽的",,,cet4-all source:ecdict cet4 cet6,948
particularly,pә'tikjjlәli,adv.,"adv. 特别, 格外, 尤其, 详细地, 细致地",,,cet4-all source:ecdict cet4 cet6,781
partly,'pɑ:tli,adv.,"adv. 部分地, 在一定程度上",,,cet4-all source:ecdict cet4 cet6,2824
partner,'pɑ:tnә,n.,"n. 合伙人, 股东, 伙伴, 伴侣\nvt. 与...合伙, 组成一对\nvi. 做伙伴, 当助手",,,cet4-all source:ecdict cet4 cet6 family:partners family:partnering family:partnered,1048
party,'pɑ:ti,n.,"n. 宴会, 党, 政党, 团体, 当事人, 聚会\nv. 举办聚会",,,cet4-all source:ecdict family:parties family:partying family:partied,351
pass,pæs,n.,"n. 经过, 要隘, 途径, 通行, 护照, 及格\nvt. 经过, 越过, 通过, 批准, 度过, 传递, 忽略\nvi. 经过, 变化, 流通, 及格, 宣判, 终止, 消逝, 被忽略, 不叫牌, 传递\n[计] 遍",,,cet4-all source:ecdict family:passed family:passing family:passes,441
passage,'pæsidʒ,n.,"n. 通道, 通过, 移居, 航行, 一段, 走廊\nvi. 通过, 经过, 航行, 横渡, 争吵\nvt. (使)马以斜横步前进, 使传代",,,cet4-all source:ecdict family:passages,2210
passenger,'pæsindʒә,n.,"n. 乘客, 旅客\n[经] 乘客, 旅客",,,cet4-all source:ecdict cet4 cet6 family:passengers,2080
passion,'pæʃәn,n.,"n. 激情, 酷爱, 热爱, 强烈感情, 耶稣受难(故事)",,,cet4-all source:ecdict cet4 cet6 cet6-core family:passions,2283
passive,'pæsiv,adj.,"a. 消极的, 被动的, 冷漠的, 顺从的, 无源的\n[医] 被动的",,,cet4-all source:ecdict cet4 cet6 cet6-core family:passives,5680
passport,'pæspɒ:t,n.,"n. 护照, 手段, 通行证\n[法] 通行证, 护照",,,cet4-all source:ecdict family:passports,6239
past,pɑ:st,n.,"n. 过去, 昔时, 往事, 早年经历, 过去时\na. 过去的, 结束的, 卸任的, 过去时的\nprep. 越过, 晚于, 超越, 超出...的可能性(能力、范围等)\npass的过去分词",,,cet4-all source:ecdict,680
paste,peist,n.,"n. 面团, 面食, 浆糊, 糊状物, 粘贴, 用拳重击\nvt. 用浆糊粘, 张贴, 狠狠地打\n[计] 粘贴",,,cet4-all source:ecdict cet4 cet6 family:pasted family:pastes family:pasting,7619
pastime,'pæstaim,n.,"n. 消遣, 娱乐, 游戏",,,cet4-all source:ecdict cet4 cet6 cet6-core family:pastimes,11138
pat,pæt,n.,"n. 轻拍\nv. 轻拍\nadv. 适时, 正好, 恰好, 毫不迟疑, 熟记地\na. 恰好的, 合适的, 熟练的, 坚定的, 人为的",,,cet4-all source:ecdict cet4 cet6 family:patted family:patting family:pats,4539
patch,pætʃ,n.,"n. 片, 补缀, 碎片, 斑, 傻瓜\nvt. 补缀, 掩饰, 拼凑, 平息\n[计] 修补; 拼凑",,,cet4-all source:ecdict cet4 cet6 family:patches family:patched family:patching,3316
path,pɑ:θ,n.,"n. 路径, 小路, 道路, 途径, 路线, 轨道\n[计] 路径; DOS内部命令:设定DOS读取程序的路径",,,cet4-all source:ecdict cet4 cet6 family:paths,1336
patience,'peiʃәns,n.,"n. 耐性, 忍耐",,,cet4-all source:ecdict cet4 cet6,4177
patient,'peiʃәnt,n.,"n. 病人, 承受者\na. 忍耐的, 容忍的, 有耐性的, 坚忍的",,,cet4-all source:ecdict cet4 cet6 family:patients,572
pattern,'pætәn,n.,"n. 模范, 典型, 式样, 样品, 图案, 格调, 模式\nvt. 模仿, 仿造, 以图案装饰\nvi. 形成图案\n[计] 模式, 图案",,,cet4-all source:ecdict cet4 cet6 cet6-core family:patterns family:patterning family:patterned,1017
pause,pɒ:z,n.,"n. 暂停, 中止, 停顿, 间歇, 踌躇, 休止符\nvi. 暂停, 中止, 停顿, 踌躇\n[计] DOS内部命令:暂时停止批处理文件的执行",,,cet4-all source:ecdict cet4 cet6 family:paused family:pausing family:pauses,2777
pave,peiv,vt.,"vt. 铺设, 安排, 铺满, 为...铺路\n[化] 铺设",,,cet4-all source:ecdict cet4 cet6 cet6-core family:paved family:paving family:paves,7086
pavement,'peivmәnt,n.,"n. 路面, 人行道, 铺面路, 铺路材料",,,cet4-all source:ecdict cet4 cet6 family:pavements,6540
paw,pɒ:,n.,"n. 爪\nv. 以蹄扒地, 用爪子抓, 拼命抓, 向...乱抓, 笨拙地使用, 费力地前进",,,cet4-all source:ecdict cet4 cet6 family:paws family:pawing family:pawed,8033
pay,pei,n.,"n. 薪资, 付款, 补偿\nvt. 支付, 付清, 补偿, 偿还, 对...有利, 为...涂防水物\nvi. 付款, 付出代价, 偿还, 得到报应, 获得好处",,,cet4-all source:ecdict family:paid family:paying family:pays,286
payment,'peimәnt,n.,"n. 付款, 支付的款项(或实物), 偿还, 报应, 惩罚\n[经] 支付, 缴纳, 支付款额",,,cet4-all source:ecdict cet4 cet6 family:payments,2106
pea,pi:,n.,"n. 豌豆, 似豌豆的东西",,,cet4-all source:ecdict cet4 cet6 family:peas,5226
peace,pi:s,n.,"n. 和平, 和约, 治安, 和睦, 安宁, 静寂\nvi. 安静下来, 不作声",,,cet4-all source:ecdict cet4,933
peaceful,'pi:sful,adj.,"a. 平静的, 和平的, 和平时期的, 爱好和平的, 喜爱安静的\n[法] 和平的, 爱好和平的, 和平时期的",,,cet4-all source:ecdict cet4 cet6,3655
peach,pi:tʃ,n.,"n. 桃子, 桃树, 桃色, 美人儿, 极好的事物\nvt. 告发\nvi. 告密, 检举",,,cet4-all source:ecdict cet4 cet6 family:peaches family:peaching family:peached,5531
peak,pi:k,n.,"n. 山峰, 巅, 山顶, 顶点, 尖峰, 帽舌\na. 最高的, 最大值的\nvi. 到达最高点, 消瘦, 变憔悴, 逐渐缩小\nvt. 使竖起, 使达到最高点",,,cet4-all source:ecdict cet4 cet6 cet6-core family:peaks family:peaked family:peaking,2364
pear,pєә,n.,"n. 梨子, 梨树, 梨木\n[机] 梨木",,,cet4-all source:ecdict cet4 cet6 family:pears,6857
pearl,pә:l,n.,"n. 珍珠, 珠灰色, 杰出者, 珍贵之物\nvt. 用珍珠镶, 使成珠状\nvi. 成珠子状, 采珍珠, 用珍珠做",,,cet4-all source:ecdict cet4 cet6 cet6-core family:pearls family:pearling family:pearled,45772
peasant,'peznt,n.,"n. 农夫, 乡下人",,,cet4-all source:ecdict cet4 cet6 family:peasants,4680
pebble,'pebl,n.,"n. 小圆石, 小鹅卵石, 水晶透镜, 碎石花纹\n[医] 小石",,,cet4-all source:ecdict cet4 cet6 family:pebbles,11162
peculiar,pi'kju:ljә,adj.,"a. 奇特的, 罕见的, 特殊的, 特别的\nn. 特有财产, 特权",,,cet4-all source:ecdict cet4 cet6 cet6-core family:peculiars,5505
peel,pi:l,n.,"n. 皮, 外壳\nvt. 削...皮, 剥去...的壳\nvi. 蜕皮, 剥落, 脱皮, 脱去衣服",,,cet4-all source:ecdict cet4 cet6 cet6-core family:peeled family:peeling family:peels,3920
peep,pi:p,n.,"n. 一瞥, 偷看, 不完全的景象, 初现, 吱吱声, 嘀咕抱怨声, 汽车喇叭声\nvi. 窥视, 出现, 吱吱叫\nvt. 使隐约显现",,,cet4-all source:ecdict cet4 cet6 family:peeping family:peeped family:peeps,16608
pen,pen,n.,"n. 钢笔, 笔, 笔调, 笔杆子, 作家, 围栏, 栅栏, 禽畜\nvt. 写, 关入栏中, 囚禁\nvi. 动笔, 写作",,,cet4-all source:ecdict family:pens family:penned family:penning,3583
pencil,'pensl,n.,"n. 铅笔, 色笔, 眉笔, 画笔, 光线束\nvt. 用铅笔写或涂, 草拟",,,cet4-all source:ecdict family:pencils family:pencilled family:pencilling,4410
penetrate,'penitreit,vt.,"vt. 穿透, 刺穿, 渗透, 看穿, 洞察, 了解, 使充溢\nvi. 刺入, 看穿, 渗透, 打进",,,cet4-all source:ecdict cet4 cet6 family:penetrated family:penetrates family:penetrating,5392
peninsula,pi'ninsjulә,n.,"n. 半岛, 突出的地方, 伊比利亚半岛",,,cet4-all source:ecdict cet4 cet6 cet6-core family:peninsulas,9009
penny,'peni,n.,"n. 便士, 一分, 小钱, 点滴\n[经] 便士",,,cet4-all source:ecdict cet4 cet6 family:pennies,
pension,'penʃәn,n.,"n. 养老金, 退休金, 津贴, 年金, 抚恤金, 膳宿学校, 膳宿费\nvt. 发给退休金, 用津贴拉拢",,,cet4-all source:ecdict cet4 cet6 family:pensions family:pensioned family:pensioning,3785
people,'pi:pl,n.,"n. 人, 人民, 民族, 平民\nvt. 使住满人, 居住于",,,cet4-all source:ecdict family:peoples family:peopling family:peopled,62
pepper,'pepә,n.,"n. 胡椒粉, 胡椒, 辣椒\n[化] 胡椒; 辣椒; 花椒",,,cet4-all source:ecdict cet4 cet6 family:peppers family:peppered family:peppering,1923
per,pә:,prep.,"prep. 每一, 通过, 经, 按照\n[经] 每, 按照",,,cet4-all source:ecdict family:pers,669
perceive,pә'si:v,vt.,"vt. 感觉, 认知, 理解, 意识到",,,cet4-all source:ecdict cet4 cet6 family:perceived family:perceives family:perceiving,2165
percent,pә'sent,n.,"n. 百分比, 百分数, 部分\n[机] 百分率",,,cet4-all source:ecdict cet4 cet6,
percentage,pә'sentidʒ,n.,"n. 百分比, 比率, 部分, 可能性\n[计] 百分比",,,cet4-all source:ecdict cet4 cet6 family:percentages,1787
perfect,'pә:fikt,n.,"n. 完成时\na. 完美的, 完好的, 理想的, 熟练的, 精确的, 完成式的\nvt. 使完美, 修改, 使精通, 改善, 使熟练",,,cet4-all source:ecdict family:perfected family:perfecting family:perfects,1160
perfectly,'pә:fiktli,adv.,"adv. 完全地, 无瑕疵地, 完整地",,,cet4-all source:ecdict cet4 cet6,2435
perform,pә'fɒ:m,vt.,"vt. 进行, 履行, 完成, 执行, 表演\nvi. 行动, 工作, 执行, 演出",,,cet4-all source:ecdict cet4 cet6 family:performed family:performing family:performs,953
performance,pә'fɒ:mәns,n.,"n. 施行, 工作情况, 成绩, 行为, 表现, 演出\n[电] 绩效, 性能",,,cet4-all source:ecdict cet4 cet6 cet6-core family:performances,675
perfume,'pә:fju:m,n.,"n. 香水, 香气, (悦人的)气氛, 美名\nvt. 洒香水于, 薰香, 使充满香气",,,cet4-all source:ecdict cet4 cet6 cet6-core family:perfumes family:perfumed family:perfuming,6592
perhaps,pә'hæps,adv.,"adv. 也许, 大概",,,cet4-all source:ecdict cet4 cet6,435
period,'piәriәd,n.,"n. 时期, 节段, 节, 句点, 学时, 周期\na. 当时特有的, 过去某段时期的\ninterj. 就是这话, 就是这么回事",,,cet4-all source:ecdict cet4 cet6 family:periods,617
permanent,'pә:mәnәnt,adj.,"a. 永久的, 不变的, 固定的, 持久的\nn. 烫发\n[计] 永久的",,,cet4-all source:ecdict cet4 cet6 cet6-core,2464
permanently,'p\\\\:mәntli,adv.,"adv. 永久, 不变, 持久\n[计] 永久性的",,,cet4-all source:ecdict cet4 cet6,5676
permission,pә'miʃәn,n.,"n. 许可, 允许\n[计] 许可, 认可",,,cet4-all source:ecdict cet4 cet6 family:permissions,3233
permit,pә'mit,n.,"n. 许可证, 许可, 执照, 通行证\nvt. 允许, 容许, 可能, 使放手做\nvi. 容许, 给以机会, 提供可能",,,cet4-all source:ecdict cet4 cet6 family:permitted family:permits family:permitting,2109
persist,pә'sist,vi.,"vi. 坚持, 固执, 持续, 坚称\n[经] 持续",,,cet4-all source:ecdict cet4 cet6 cet6-core family:persisted family:persists family:persisting,4351
person,'pә:sn,n.,"n. 人, 人身, 人称\n[法] 人, 法人, 人身",,,cet4-all source:ecdict family:persons,345
personal,'pә:snl,adj.,"a. 私人的, 涉及隐私的, 有人性的, 人称的, 亲自的, 身体的\n[医] 人的; 个人的, 自身的",,,cet4-all source:ecdict cet4 cet6,580
personnel,.pә:sә'nel,n.,"n. 人员, 人事部门, 人事科(处)\n[经] 人事, 全体人员, 职工",,,cet4-all source:ecdict cet4 cet6 family:personnel family:s,2425
perspective,pә'spektiv,n.,"n. 远景, 透视感, (观察问题的)视角, 透视法, 看法, 透视图\na. 透视的, 透视法的\n[计] 透视",,,cet4-all source:ecdict cet4 cet6 cet6-core family:perspectives,1412
persuade,pә'sweid,vt.,"vt. 劝, 使相信, 恳求, 敦促, 说服\nvi. 劝服, 被说服",,,cet4-all source:ecdict cet4 cet6 family:persuaded family:persuading family:persuades,3265
pessimistic,.pesi'mistik,adj.,"a. 悲观的, 厌世的, 悲观主义的",,,cet4-all source:ecdict cet4 cet6 cet6-core,9792
pet,pet,n.,"n. 宠物, 受宠爱的人, 宠坏的孩子, 不悦, 生气\na. 宠爱的, 表示亲昵的, 养着观赏的, 特别珍爱的, 格外的\nvt. 宠爱, 溺爱, 抚摸\nvi. 拥抱, 爱抚, 生气, 发脾气",,,cet4-all source:ecdict cet4 cet6 family:pets family:petting family:petted,3278
petrol,'petrәl,n.,"n. 汽油\n[经] 汽油, 挥发油, 石油",,,cet4-all source:ecdict cet4 cet6 family:petrols,22027
petroleum,pә'trәuliәm,n.,n. 石油\n[化] 石油,,,cet4-all source:ecdict cet4 cet6,8098
phase,feiz,n.,"n. 时期, 局面, 方面, 位相, 相, 阶段\nvt. 使调整相位, 使定相, 使一致, 逐步执行, 实行\n[计] 阶段",,,cet4-all source:ecdict cet4 cet6 cet6-core family:phases family:phased family:phasing,2244
phenomenon,fi'nɒminәn,n.,"n. 现象, 迹象, 表现, 奇迹, 奇才\n[化] 现象",,,cet4-all source:ecdict cet4 cet6 cet6-core family:phenomena,2466
philosopher,fi'lɒsәfә,n.,"n. 哲学家, 哲人, 思想开创人, 达观的人\n[法] 哲学家, 哲学研究者",,,cet4-all source:ecdict cet4 cet6 family:philosophers,5141
philosophy,fi'lɒsәfi,n.,"n. 哲学, 人生观, 哲学思想, 哲理, 基本原理, 见解, 达观, 沉着",,,cet4-all source:ecdict cet4 cet6 family:philosophies,2252
phone,fәun,n.,"n. 电话, 受话器, 耳机\nvt. 打电话给\nvi. 打电话",,,cet4-all source:ecdict cet4 family:phoned family:phones family:phoning,557
photograph,'fәutәgrɑ:f,n.,"n. 相片, 照片, 逼真的描绘\nv. 照相, 摄影",,,cet4-all source:ecdict cet4 cet6 family:photographs family:photographed family:photographing,1481
photographic,.fәutә'græfik,adj.,"a. 照相的, 摄影用的, 详细记录的, 逼真的, 酷似的",,,cet4-all source:ecdict cet4 cet6,6248
phrase,freiz,n.,"n. 惯用语, 词组, 成语, 措词, 乐句\nvt. 用短语表达, 把(乐曲)分成短句\n[计] 短语",,,cet4-all source:ecdict cet4 cet6 family:phrases family:phrased family:phrasing,2589
physical,'fizikl,adj.,"a. 身体的, 物质的, 自然的, 物理学的, 好色的\nn. 体格检查",,,cet4-all source:ecdict cet4 cet6,802
physician,fi'ziʃәn,n.,"n. 医师, 内科医师, 解除痛苦者\n[医] 主治医师",,,cet4-all source:ecdict cet4 cet6 family:physicians,2041
physicist,'fizisist,n.,"n. 物理学家, 机械唯物论者, 自然科学家\n[医] 菲西克氏手术(虹膜圆片切除)",,,cet4-all source:ecdict cet4 cet6 family:physicists,5568
physics,'fiziks,n.,"n. 物理学, 物理过程, 物理现象\n[化] 物理; 物理学",,,cet4-all source:ecdict cet4 cet6,3417
piano,pi'ɑ:nәu,n.,n. 钢琴,,,cet4-all source:ecdict family:pianos,3299
pick,pik,n.,"n. 精选, 选择, 掘, 精华, 牙签, 鹤嘴锄\nv. 摘, 掘, 凿, 挖, 挑选\n[计] 拾取",,,cet4-all source:ecdict family:picked family:picking family:picks,517
picnic,'piknik,n.,"n. 野餐, 远足, 愉快的经历\nvi. 去野餐, 远足",,,cet4-all source:ecdict cet4 family:picnicked family:picnic family:picnicking family:picnics,5619
picture,'piktʃә,n.,"n. 图画, 照片, 景色, 美丽如画的人(或物), 化身, 生动的描述, 想像, 形象思维\nvt. 画, 拍摄, 用图说明, 描写, 想像\n[计] 图象; 形象; 字形",,,cet4-all source:ecdict family:pictures family:pictured family:picturing,562
pie,pai,n.,"n. 馅饼, 财富, 总额, 贪污受贿, 杂乱, 喜鹊\n[计] 饼图",,,cet4-all source:ecdict cet4 family:pies,3323
piece,pi:s,n.,"n. 块, 片, 篇, 碎片, 部分, 部件, 标准量\nvt. 修补, 修理, 拼合, 接线头\nvi. 吃零食",,,cet4-all source:ecdict family:pieces family:piecing family:pieced,565
pierce,piәs,vt.,"vt. 刺穿, 穿透, 打眼于, 洞悉, (声音)响彻, (亮光)照进, 深深地打动\nvi. 刺入, 穿入, 透入, 进入",,,cet4-all source:ecdict cet4 cet6 family:pierced family:piercing family:pierces,6839
pig,pig,n.,"n. 猪, 猪肉, 贪婪的人, 猪一样的人\nv. 生小猪, 象猪般地生活",,,cet4-all source:ecdict cet4 family:pigs family:pigging family:pigged,3488
pigeon,'pidʒin,n.,"n. 鸽子, 易上当受骗的人, 年轻女子",,,cet4-all source:ecdict cet4 cet6 family:pigeons,7986
pile,pail,n.,"n. 堆, 大堆, 大厦, 建筑群, 电池, 大量, 桥桩, 软毛, 痔疮\nvi. 堆起, 堆积, 积累, 挤, 猛烈攻击\nvt. 堆于, 累积, 堆叠, 打桩于, 用桩支撑",,,cet4-all source:ecdict cet4 cet6 family:piles family:piled family:piling,3003
pill,pil,n.,"n. 药丸, 弹丸, 屈辱, 胡说\nv. 做成药丸, 形成丸状, 服药丸, 挫败, 抢劫",,,cet4-all source:ecdict cet4 cet6 family:pills,3425
pillar,'pilә,n.,"n. 柱子, 栋梁, 台柱, 重要的支持者\n[医] 柱, 脚",,,cet4-all source:ecdict cet4 cet6 family:pillars,6521
pillow,'pilәu,n.,"n. 枕头, 靠垫, 枕状岩\nvt. 作...的枕头, 垫, 枕于\nvi. 靠在枕上",,,cet4-all source:ecdict cet4 cet6 family:pillows family:pillowed family:pillowing,4017
pilot,'pailәt,n.,"n. 飞行员, 领航员, 航船者, 导向器, 驾驶仪, 向导, 领导人\nvt. 领航, 驾驶, 引导, 试用\na. 引导的, 控制的, 试点的\n[计] 引导",,,cet4-all source:ecdict cet4 cet6 family:pilots family:piloting family:piloted,1772
pin,pin,n.,"n. 大头针, 针, 别针, 栓, 销子, 图钉, 插头, 管脚, 品(液量单位)\nvt. 将...用针别住, 钉住, 压住, 牵制, 使不能动, 归罪于\na. 针的, 销子的, 闩的",,,cet4-all source:ecdict cet4 cet6 family:pins family:pinned family:pinning,4347
pinch,pintʃ,n.,"n. 捏, 拧, 撮, 少量, 收缩, 挤压, 夹痛, 苦恼, 逮捕, 指控, 匮乏, 紧急关头\nvt. 捏, 拧, 掐, 挤压, 修剪, 使困苦, 使萎缩, 节制, 少量加入, 逮捕, 勒索\nvi. 收缩, 节省, 挤压, 引起苦恼",,,cet4-all source:ecdict cet4 cet6 family:pinched family:pinching family:pinches,7741
pine,pain,n.,"n. 松树, 松木\nvi. 消瘦, 憔悴, 痛苦, 怀念, 渴望\n[计] 邮件程序",,,cet4-all source:ecdict cet4 cet6 family:pines family:pining family:pined,3158
pink,piŋk,n.,"n. 粉红色, 石竹花, 化身, 典范, 头面人物, 极度\na. 粉红的, 石竹科的, 比较激进的, 脸色发红的, 精致的, 有点下流的\nvt. 刺, 扎, 刺痛, 射伤, 使面红耳赤, 使变粉红色\nvi. 变粉红色",,,cet4-all source:ecdict cet4 cet6 family:pinks family:pinker family:pinking family:pinked,2488
pint,paint,n.,"n. 品脱(干量或液量的单位)\n[医] 量磅, 品脱",,,cet4-all source:ecdict cet4 cet6 family:pints,
pioneer,.paiә'niә,n.,"n. 先锋, 拓荒者, 创始人\nvt. 提倡, 开辟, 开创, 倡导\nvi. 作先驱, 开路\na. 最早的, 开拓的, 先驱的, 有开拓者特点的",,,cet4-all source:ecdict family:pioneers family:pioneered family:pioneering,4472
pipe,paip,n.,"n. 管, 导管, 输送管, 管状器官, 声带, 尖细的声音, 烟斗, 笛, 管乐器\nvt. 以管输送, 吹哨子, 吹奏, 尖声唱\nvi. 吹笛, 尖叫, 吹长哨发令\n[计] 管道",,,cet4-all source:ecdict cet4 cet6 family:pipes family:piped family:piping,2980
pipeline,'paiplain,n.,"n. 管道, 传递途径\n[化] 管路; 管线",,,cet4-all source:ecdict cet4 cet6 family:pipelines family:pipelined family:pipelining,5181
pistol,'pistl,n.,"n. 手枪, 信号枪\nvt. 以手枪杀死(或伤害)",,,cet4-all source:ecdict cet4 cet6 cet6-core family:pistols,4943
pit,pit,n.,"n. 深坑, 矿井, 果核, 地窖, 深渊, 绝境, 陷阱\nvt. 窖藏, 使凹下, 使有麻点, 去...之核, 使留疤痕, 使相斗, 使竞争\nvi. 起凹点, 凹陷",,,cet4-all source:ecdict cet4 cet6 family:pits family:pitted family:pitting,3857
pitch,pitʃ,n.,"n. 程度, 坡度, 顶点, 前倾, 倾斜, 投掷, 音高, 螺距, 节距, 摊位, 树脂, 沥青\nvt. 投, 掷, 向前倾跌, 扎营, 竭力推销, 为...定调, 定位于, 用沥青涂\nvi. 搭帐篷, 投掷, 向前跌, 猛然摔倒, 坠落, 倾斜\n[计] 孔距",,,cet4-all source:ecdict cet4 cet6 cet6-core family:pitches family:pitched family:pitching,3157
pity,'piti,n.,"n. 遗憾, 同情, 怜悯, 憾事, 可惜\nvt. 同情, 怜悯\nvi. 觉得可怜, 有同情心",,,cet4-all source:ecdict family:pitied family:pitying family:pities,6927
place,pleis,n.,"n. 地方, 地点, 位置, 住所, 座位, 地位, 处境, 特权, 空间, 余地, 职务, 位\nvt. 放置, 寄予, 认出, 评定, 任命\nvi. 名次列前",,,cet4-all source:ecdict family:places family:placed family:placing,181
plain,plein,n.,"n. 平原, 草原, 朴实无华的东西, 无格式\na. 简单的, 明白的, 平常的, 不好看的, 朴素的, 清晰的, 普通的, 平坦的, 十足的\nadv. 清楚地, 显然地\n[计] 无格式",,,cet4-all source:ecdict cet4 cet6 family:plains family:plainer family:plainest family:plaining family:plained,3549
plan,plæn,n.,"n. 计划, 方案, 策略, 方法, 进度表, 程序表, 平面图, 设计图, 轮廓, 示意图\nvt. 计划, 设计, 意欲\nvi. 订计划",,,cet4-all source:ecdict family:plans family:planning family:planned,413
plane,plein,n.,"n. 平面, 扁平物, 机翼, 飞机, 水准, 地位\na. 平的, 平面的\nvt. 将...刨平, 刨平, 掠过水面\nvi. 翱翔, 乘飞机旅行, 刨掉",,,cet4-all source:ecdict family:planes family:planing family:planed,1150
planet,'plænit,n.,"n. 行星, 命运星辰, 杰出的人, 重大影响的事",,,cet4-all source:ecdict cet4 cet6 cet6-core family:planets,1592
plant,plænt. plɑ:nt,n.,"n. 植物, 作物, 工厂, 树枝, 生长, 设施, 成套设备\nvt. 种植, 栽培, 播种, 培养, 安置, 殖民于, 使位于\nvi. 种植",,,cet4-all source:ecdict family:plants family:planted family:planting,623
plantation,plæn'teiʃәn,n.,"n. 种植园, 大农场, 植树造林, 新开垦地\n[医] 栽植(如牙或其他组织的植入、再植和移植)",,,cet4-all source:ecdict cet4 cet6 family:plantations,5736
plaster,'plæstә,n.,"n. 石膏, 灰泥, 安慰(缓解)用品, 膏药\nvt. 涂以灰泥, 敷以膏药, 掩饰, 使平服, 彻底击败, 减轻, 粘贴",,,cet4-all source:ecdict cet4 cet6 cet6-core family:plastered family:plasters family:plastering,8240
plastic,'plæstik,n.,"n. 塑料, 可塑体, 可塑性物质\na. 塑料的, 塑造的, 有可塑性的, 造型的, 易受影响的, 有创造力的",,,cet4-all source:ecdict cet4 cet6 family:plastics,1523
plate,pleit,n.,"n. 碟, 盘子, 盆中物, 金属板, 图版, 金银餐具, 印版, 金属牌(照)\nvt. 镀金, 电镀, 用金属板固定, 给...装钢板, 为...制印版",,,cet4-all source:ecdict family:plates family:plated family:plating,1525
platform,'plætfɒ:m,n.,"n. 站台, 月台, 讲台, 论坛, 平台\n[计] 平台",,,cet4-all source:ecdict cet4 cet6 family:platforms,2806
play,plei,n.,"n. 游戏, 游玩, 玩笑, 运动, 比赛, 赌博, 跳动, 表演, 剧本\nv. 玩, 游戏, 假装, 开玩笑, 比赛, 扮演, 演奏, 演戏, 传摇曳, (使)跳动\n[计] 播放",,,cet4-all source:ecdict family:playing family:played family:plays,200
player,'pleiә,n.,"n. 竞赛者, 上场队员, 游戏者, 演员\n[经] 交易者",,,cet4-all source:ecdict cet4 cet6 family:players,513
playground,'pleigraund,n.,"n. 运动场, 操场, 度假胜地, 活动场所",,,cet4-all source:ecdict cet4 cet6 family:playgrounds,5793
pleasant,'pleznt,adj.,"a. 愉快的, 可爱的, 活泼的, 亲切的",,,cet4-all source:ecdict cet4 cet6 family:pleasanter family:pleasantest,3772
please,pli:z,adv.,"adv. 请\nvt. 使高兴, 合...的心意, 取悦\nvi. 使人满意, 讨好, 愿意, 敬请",,,cet4-all source:ecdict family:pleased family:pleases family:pleasing,1167
pleasure,'pleʒә,n.,"n. 快乐, 愉快, 令人高兴的事, 娱乐, 希望\nv. (使)高兴",,,cet4-all source:ecdict family:pleasures family:pleasuring,1882
plentiful,'plentiful,adj.,"a. 许多的, 丰富的, 丰饶的",,,cet4-all source:ecdict cet4 cet6,9587
plenty,'plenti,n.,"n. 充分, 很多, 丰富\na. 很多的, 足够的, 丰富的",,,cet4-all source:ecdict cet4 cet6,2044
plot,plɒt,n.,"n. 小块土地, 地区图, 图, 阴谋, 情节\nvt. 划分, 绘图, 密谋\nvi. 密谋, 策划\n[计] 绘制",,,cet4-all source:ecdict cet4 cet6 family:plots family:plotting family:plotted,2967
plough,plau,n.,"n. 犁, 犁过的地\nvi. 用犁耕田, 开路\nvt. 耕, 犁, 开路",,,cet4-all source:ecdict cet4 cet6 family:ploughing family:ploughed family:ploughs,28832
pluck,plʌk,n.,"n. 勇气, 猛拉, 动物内脏\nvt. 摘, 猛拉, 拔, 拉, 扯, 采\nvi. 拉, 拽",,,cet4-all source:ecdict cet4 cet6 family:plucked family:plucking family:plucks,6870
plug,plʌg,n.,"n. 塞子, 栓, 插头\nvt. 插入, 塞住, 接插头\nvi. 被塞住",,,cet4-all source:ecdict cet4 cet6 family:plugged family:plugs family:plugging,5586
plunge,plʌndʒ,n.,"n. 钻进, 跳进, 跳水, 跳水池, 猛跌, 落下, 投入, 开始从事, 盲目投资\nvi. 投入, 投身于, 跳进, 陷入, 下降\nvt. 使投入, 使插入, 使陷入, 使遭受",,,cet4-all source:ecdict cet4 cet6 cet6-core family:plunged family:plunging family:plunges,4610
plural,'pluәrәl,n.,"n. 复数\na. 复数的, 两个以上的",,,cet4-all source:ecdict cet4 cet6 family:plurals,18732
plus,plʌs,prep.,"prep. 加上, 加, 外加\na. 正的, 附加的\nn. 正号, 加号, 附加额, 正数, 增益\n[计] 正差",,,cet4-all source:ecdict cet4 family:pluses,2066
pocket,'pɒkit,n.,"n. 口袋, 钱袋, 钱, 容器\nvt. 装...在口袋里, 隐藏, 抑制, 私吞, 搁置, 击...入袋\na. 袖珍的, 小型的, 压缩的, 金钱上的",,,cet4-all source:ecdict cet4 cet6 family:pockets family:pocketing family:pocketed,1620
poem,'pәuim,n.,"n. 诗, 诗般美的事物",,,cet4-all source:ecdict cet4 cet6 family:poems,2494
poet,'pәuit,n.,n. 诗人,,,cet4-all source:ecdict cet4 cet6 family:poets,2923
poetry,'pәuitri,n.,"n. 诗, 韵文, 诗歌艺术",,,cet4-all source:ecdict cet4 cet6 cet6-core,2959
point,pɒint,n.,"n. 点, 小数点, 标点, 地点, 要点, 特点, 尖端, 分数, 得分, 穴位\nvt. 弄尖, 强调, 指出, 加标点于, 瞄准\nvi. 指, 指向, 表明",,,cet4-all source:ecdict cet4 cet6 family:points family:pointed family:pointing,211
poison,'pɒizn,n.,"n. 毒药, 毒, 毒物, 有毒害的事物\nvt. 毒害, 毒杀, 使中毒\nvi. 放毒, 下毒",,,cet4-all source:ecdict cet4 cet6 family:poisons family:poisoned family:poisoning,5542
poisonous,'pɒizәnәs,adj.,"a. 有毒的, 恶毒的, 讨厌的\n[医] 有毒的",,,cet4-all source:ecdict cet4 cet6 cet6-core,10074
pole,pәul,n.,"n. 波兰人, 极点, 磁极, 电极, 杆, 竿, 相反的极端\nvt. 用竿支撑\nvi. 撑篙",,,cet4-all source:ecdict cet4 cet6 cet6-core family:poles family:poling family:poled,2789
police,pә'li:s,n.,"n. 警察, 警察当局, 治安\nvt. 维持治安, 管辖",,,cet4-all source:ecdict cet4 family:police family:s family:policing family:policed family:polices,468
policeman,pә'li:smәn,n.,n. 警察\n[化] 淀帚,,,cet4-all source:ecdict family:policemen,4754
policy,'pɒlisi,n.,"n. 政策, 方针, 策略, 保险单\n[医] 凭单, 保险单",,,cet4-all source:ecdict cet4 cet6 family:policies,388
polish,'pɒliʃ,adj.,"a. 波兰的\nn. 波兰人, 上光剂, 光泽, 优雅\nvt. 擦亮, 擦去, 使完美\nvi. 擦亮, 变得光亮",,,cet4-all source:ecdict cet4 cet6 cet6-core family:polished family:polishing family:polishes,5749
polite,pә'lait,adj.,"a. 有礼貌的, 文雅的, 客气的, 有教养的",,,cet4-all source:ecdict family:politest family:politer,5492
political,pә'litikl,adj.,"a. 政治的, 政治上的, 政党的, 从事政治的\n[法] 政治的, 政治上的, 党派政治的",,,cet4-all source:ecdict cet4 cet6,277
politician,.pɒli'tiʃәn,n.,"n. 政客, 政治家, 从事党派政治的人\n[法] 政客, 政治家",,,cet4-all source:ecdict cet4 cet6 family:politicians,1783
politics,'pɒlitiks,n.,"n. 政治, 政治学, 政见, 政治活动\n[法] 政治, 政治学, 政纲",,,cet4-all source:ecdict cet4 cet6,951
pollute,pә'lu:t,vt.,"vt. 污染, 弄脏, 玷污\n[化] 污染",,,cet4-all source:ecdict cet4 cet6 family:polluting family:polluted family:pollutes,9208
pollution,pә'lu:ʃәn,n.,"n. 污染, 玷污\n[化] 污染",,,cet4-all source:ecdict cet4 cet6 family:pollutions,2913
pond,pɒnd,n.,n. 池塘\nv. 筑成池塘,,,cet4-all source:ecdict cet4 cet6 family:ponds,3626
pool,pu:l,n.,"n. 池, 水塘, 石油层, 联营\nvt. 合伙经营, 共享, 采掘, 汇聚成\nvi. 汇合成塘, 淤积, 联营",,,cet4-all source:ecdict cet4 cet6 family:pools family:pooling family:pooled,1565
poor,puә. pɒ:,adj.,"a. 贫穷的, 贫乏的, 不幸的, 可怜的, 拙劣的, 卑鄙的\n[经] 低劣的, 不良的",,,cet4-all source:ecdict family:poorer family:poorest,713
pop,pɒp,n.,"n. 砰然声, 枪击, 含气饮料, 流行音乐, 通俗艺术\na. 流行的, 热门的, 通俗的\nvt. 使发出爆裂声, 开枪打, 突然伸出\nvi. 发出爆裂声, 射击, 突然出现, 瞪大\nadv. 突然, 砰地\n[计] 出现点, 邮局协议",,,cet4-all source:ecdict cet4 cet6 family:popped family:popping family:pops,2545
popular,'pɒpjulә,adj.,"a. 通俗的, 流行的, 受欢迎的, 大众的, 人民的, 普及的\n[经] 大众的, 通俗的, 普及的",,,cet4-all source:ecdict cet4 cet6 family:populars,924
population,.pɒpju'leiʃәn,n.,"n. 人口, 人口数\n[化] 群体; 总体",,,cet4-all source:ecdict cet4 cet6 family:populations,642
porch,pɒ:tʃ,n.,"n. 门廊, 走廊",,,cet4-all source:ecdict cet4 cet6 cet6-core family:porches,3042
pork,pɒ:k,n.,n. 猪肉\n[医] 猪肉,,,cet4-all source:ecdict family:porking,4267
porridge,'pɒ:ridʒ,n.,"n. 粥, 糊",,,cet4-all source:ecdict cet4 cet6 family:porridges,18724
port,pɒ:t,n.,"n. 港口, 埠, 舱门, 避风港, 左舷, 炮眼, 姿势, 意义\nvt. 左转舵, 持(枪)\nvi. 左转舵\n[计] 端口, 移植",,,cet4-all source:ecdict cet4 cet6 family:ports family:ported family:porting,2717
portable,'pɒ:tәbl,adj.,"a. 可携带的, 可搬运的, 可移动的\n[计] 可移植的",,,cet4-all source:ecdict cet4 cet6 family:portables,5441
porter,'pɒ:tә,n.,"n. 大楼管理员, 门房, 搬运工人, 侍者, 服务员\n[化] 搬运车; 搬运工人",,,cet4-all source:ecdict cet4 cet6 family:porters,11418
portion,'pɒ:ʃәn,n.,"n. 部分, 一份, 命运, 嫁妆\nvt. 分配, 给...嫁妆",,,cet4-all source:ecdict cet4 cet6 family:portions family:portioned family:portioning,2178
portrait,'pɒ:treit,n.,"n. 肖像, 人像, 半身像, 描写, 竖排格式\n[计] 纵向",,,cet4-all source:ecdict cet4 cet6 family:portraits,2655
portuguese,.pɒ:tju'gi:z,n.,"n. 葡萄牙人, 葡萄牙语\na. 葡萄牙的, 葡萄牙人的, 葡萄牙语的",,,cet4-all source:ecdict cet4 cet6,10285
position,pә'ziʃәn,n.,"n. 位置, 地位, 身分, 形势, 姿势, 立场, 职位, 状态, 阵地\nvt. 安置, 决定...的位置\n[计] 位置",,,cet4-all source:ecdict cet4 cet6 family:positions family:positioned family:positioning,512
positive,'pɒzitiv,adj.,"a. 肯定的, 积极的, 有把握的\n[医] 正的, 阳性的",,,cet4-all source:ecdict cet4 cet6 cet6-core family:positives,1049
possess,pә'zes,vt.,"vt. 持有, 占有, 拥有, 克制, 支配, 迷住\n[法] 持有, 占有, 具有",,,cet4-all source:ecdict cet4 cet6 cet6-core family:possessed family:possesses family:possessing,2842
possession,pә'zeʃәn,n.,"n. 拥有, 占有, 所有, 财产, 领土, 领地, 自制, 着迷\n[经] 占有, 持有",,,cet4-all source:ecdict cet4 cet6 family:possessions,3593
possibility,.pɒsә'biliti,n.,"n. 可能性, 可能的事\n[法] 可能性, 可能发生的事, 不确定权",,,cet4-all source:ecdict cet4 cet6 family:possibilities,1195
possible,'pɒsәbl,adj.,"a. 可能的, 潜在的, 合适的\nn. 可能性, 可能的事物",,,cet4-all source:ecdict,459
possibly,'pɒsәbli,adv.,"adv. 可能, 也许",,,cet4-all source:ecdict cet4 cet6,1696
post,pәust,n.,"n. 柱, 杆, 准星, 邮件, 邮政, 标竿, 职位, 岗位, 哨所, 兵营\nvt. 张帖, 邮递, 公布, 登入帐, 使熟悉, 布置\nvi. 快速行进\nadv. 急速地\n[计] 记入; 登记, 上电自检",,,cet4-all source:ecdict family:posts family:posted family:posting,2148
postage,'pәustidʒ,n.,"n. 邮资\n[经] 邮费, 邮资",,,cet4-all source:ecdict cet4 cet6 family:postages,13293
postman,'pәustmәn,n.,"n. 邮递员\n[法] 邮递员, 理财法庭的高级律师",,,cet4-all source:ecdict cet4 cet6 family:postmen,20141
postpone,pәust'pәun,vt.,"vt. 延迟, 使延期, 缓办, 搁延\nvi. 延缓, 延缓发作",,,cet4-all source:ecdict cet4 cet6 family:postponed family:postpones family:postponing,6545
pot,pɒt,n.,"n. 盆, 罐, 壶, 坩埚, 奖杯\nvt. 装入盆中, 在锅中煮, 随手射击\nvi. 随手射击",,,cet4-all source:ecdict cet4 cet6 family:pots family:potting family:potted,2235
potato,pә'teitәu,n.,n. 马铃薯,,,cet4-all source:ecdict family:potatoes,2253
potential,pә'tenʃәl,n.,"n. 潜在性, 可能性, 潜力, 潜能, 势, 位\na. 有潜力的, 可能的, 潜在的",,,cet4-all source:ecdict cet4 cet6 cet6-core family:potentials,1260
pound,paund,n.,"n. 磅, 英镑, 重击, 鱼塘, 拘留所, 兽栏\nvt. 强烈打击, 捣烂, 监禁, 关入栏内\nvi. 连续重击, 苦干",,,cet4-all source:ecdict cet4 cet6 family:pounds family:pounded family:pounding,1306
pour,pɒ:,n.,"n. 流出, 倾泻, 骤雨\nvt. 倒, 灌, 注, 倾泻, 诉说, 倾吐\nvi. 倾泻, 蜂涌而来, 下大雨",,,cet4-all source:ecdict cet4 cet6 family:poured family:pouring family:pours,1898
poverty,'pɒvәti,n.,"n. 贫穷, 贫困, 缺乏\n[医] 贫乏, 缺乏",,,cet4-all source:ecdict cet4 cet6 cet6-core,2333
powder,'paudә,n.,"n. 粉, 粉末, 火药\nvt. 搽粉于, 搽粉, 撒粉, 使成粉末\nvi. 搽粉, 变成粉末",,,cet4-all source:ecdict cet4 cet6 family:powders family:powdering family:powdered,3260
power,'pauә,n.,"n. 力, 体力, 力量, 势力, 动力, 权力, 强国, 乘方, 强度, 幂, 功率\nvt. 使...有力量, 供以动力, 激励\n[计] 乘幂; DOS外部命令:能控制许多电池电源计算机上的电源管理特性",,,cet4-all source:ecdict cet4 family:powers family:powered family:powering,271
powerful,'pauәful,adj.,"a. 有力的, 有权力的, 强大的\n[机] 强力的",,,cet4-all source:ecdict cet4 cet6,1159
practical,'præktikl,adj.,"a. 实际的, 现实的, 实用性的\n[法] 事实上的, 实际上的, 接近...的",,,cet4-all source:ecdict cet4 cet6 family:practicals,2281
practically,'præktikli,adv.,"adv. 几乎, 差不多, 事实上",,,cet4-all source:ecdict cet4 cet6,3901
practice,'præktis,n.,"n. 实践, 练习, 实行, 惯例, 习惯, 开业\nv. 实践, 实行, 练习, 实习, 业务",,,cet4-all source:ecdict family:practices family:practicing family:practiced,564
practise,'præktis,v.,"v. 实践, 实行, 练习, 实习, 从事(职业)",,,cet4-all source:ecdict cet4 cet6 family:practised family:practising family:practises,23578
praise,preiz,n.,"n. 赞美, 称赞, 崇拜\nvt. 称赞, 赞美\nvi. 赞扬, 表扬",,,cet4-all source:ecdict cet4 cet6 family:praised family:praising family:praises,3719
pray,prei,v.,"v. 祈祷, 恳求, 请",,,cet4-all source:ecdict cet4 cet6 family:praying family:prayed family:prays,2399
prayer,prєә. 'preiә,n.,"n. 祈祷, 恳求, 祷辞, 祈祷者",,,cet4-all source:ecdict cet4 cet6 family:prayers,2098
precaution,pri'kɒ:ʃәn,n.,"n. 预防, 留心, 警戒\nvt. 预先警告",,,cet4-all source:ecdict cet4 cet6 family:precautions,7088
preceding,.pri:'si:diŋ,adj.,"a. 在前的, 前面的\n[法] 在前的, 在先的, 前面的",,,cet4-all source:ecdict cet4 cet6 family:precede family:i family:preceding,7079
precious,'preʃәs,adj.,"a. 宝贵的, 珍贵的, 过于精致的, 珍爱的",,,cet4-all source:ecdict cet4 cet6 cet6-core,3989
precise,pri'sais,adj.,"a. 精确的, 严谨的, 明确的\n[机] 精密的, 正确的",,,cet4-all source:ecdict cet4 cet6 cet6-core,3826
precision,pri'siʒәn,n.,"n. 精密, 精确, 精确度, 精度\na. 精密的, 精确的\n[计] 精度",,,cet4-all source:ecdict cet4 cet6 family:precisions,5466
predict,pri'dikt,v.,"v. 预知, 预言, 预报",,,cet4-all source:ecdict cet4 cet6 cet6-core family:predicted family:predicting family:predicts,1613
preface,'prefis,n.,"n. 序, 绪言, 前言\nvi. 作序, 写前言\nvt. 给...作序, 以...开始",,,cet4-all source:ecdict cet4 cet6 family:prefaced family:prefaces family:prefacing,13278
prefer,pri'fә:,vt.,"vt. 宁可, 较喜欢, 提出\n[法] 给予优先权, 优先偿还, 提出",,,cet4-all source:ecdict cet4 cet6 family:preferred family:preferring family:prefers,1716
preferable,'prefәrәbl,adj.,"a. 更可取的, 更好的, 更合意的",,,cet4-all source:ecdict cet4 cet6 cet6-core,10561
preference,'prefәrәns,n.,"n. 偏爱, 优先, 喜爱物\n[计] 首选项",,,cet4-all source:ecdict cet4 cet6 cet6-core family:preferences,3022
prejudice,'predʒudis,n.,"n. 偏见, 成见, 侵害\nvt. 使存偏见, 使有成见, 侵害",,,cet4-all source:ecdict cet4 cet6 cet6-core family:prejudices family:prejudiced family:prejudicing,5235
preliminary,pri'liminәri,n.,"n. 初步做法, 初步措施, 预试, 预选赛\na. 初步的, 开始的, 预备的",,,cet4-all source:ecdict cet4 cet6 cet6-core family:preliminaries,4404
premier,'pri:mjә,n.,"n. 总理, 首相\na. 首位的, 最初的",,,cet4-all source:ecdict cet4 cet6 cet6-core family:premiers family:premiered family:premiering,7616
preparation,.prepә'reiʃәn,n.,"n. 准备, 预备, 预习\n[化] 制剂",,,cet4-all source:ecdict cet4 cet6 family:preparations,2513
prepare,pri'pєә,vt.,"vt. 准备, 筹备, 使在思想上有准备, 制造, 调制\nvi. 预备",,,cet4-all source:ecdict cet4 cet6 family:prepared family:preparing family:prepares,774
preposition,.prepә'ziʃәn,n.,"n. 前置词, 介词",,,cet4-all source:ecdict cet4 cet6 family:prepositions,27652
prescribe,pris'kraib,v.,"v. 规定, 指定, 嘱咐, 开处方",,,cet4-all source:ecdict cet4 cet6 family:prescribed family:prescribing family:prescribes,5375
presence,'prezns,n.,"n. 出席, 面前, 存在, 仪态, 风度\n[电] 出现",,,cet4-all source:ecdict cet4 cet6 family:presences,1264
present,'preznt,n.,"n. 现在, 礼品, 瞄准\na. 现在的, 出席的\nvt. 介绍, 引见, 赠送, 提出, 呈现, 上演\nvi. 举枪瞄准",,,cet4-all source:ecdict family:presented family:presents family:presenting,817
presently,'prezntli,adv.,"adv. 目前, 不久",,,cet4-all source:ecdict cet4 cet6,7442
preserve,pri'zә:v,vt.,"vt. 保护, 保持, 保存, 维持, 腌, 禁猎\nvi. 加工食品, 禁猎\nn. 加工成的食品, 禁猎地, 保护区, 防护物",,,cet4-all source:ecdict cet4 cet6 cet6-core family:preserved family:preserving family:preserves,2209
president,'prezidәnt,n.,"n. 总统, 总裁, 董事长, (学院)院长, (大学)校长, 主管人, 主持人\n[经] 总经理, 董事长, 总裁",,,cet4-all source:ecdict cet4 cet6 family:presidents,303
press,pres,n.,"n. 压, 揿, 按, 人群, 印刷机, 压力, 出版社, 记者, 报刊, 新闻舆论, 紧迫\nvt. 压, 压榨, 紧抱, 逼迫, 推进, 强迫征募, 催逼\nvi. 压, 重压, 催促, 拥挤, 奋力前进, 受压",,,cet4-all source:ecdict cet4 cet6 family:pressed family:pressing family:presses,1178
pressure,'preʃә,n.,"n. 压, 榨, 按, 强制, 压力, 压迫, 压强\nvt. 迫使, 使增压, 密封",,,cet4-all source:ecdict cet4 cet6 cet6-core family:pressures family:pressured family:pressuring,765
pretend,pri'tend,v.,"v. 假装, 伪称, 自命, 自称",,,cet4-all source:ecdict cet4 cet6 family:pretending family:pretended family:pretends,2905
pretty,'priti,adj.,"a. 漂亮的, 优美的, 机灵的, 狡猾的, 恰当的\nadv. 相当, 颇",,,cet4-all source:ecdict cet4 cet6 family:prettiest family:prettier,797
prevail,pri'veil,vi.,"vi. 获胜, 流行, 盛行\n[医] 流行, 盛行",,,cet4-all source:ecdict cet4 cet6 cet6-core family:prevails family:prevailed family:prevailing,4741
prevent,pri'vent,v.,"v. 预防, 防止, 阻止, 妨碍",,,cet4-all source:ecdict cet4 cet6 family:preventing family:prevented family:prevents,1083
previous,'pri:viәs,adj.,"a. 早先的, 前面的, 过急的\n[法] 以前的, 生前的, 前述的",,,cet4-all source:ecdict cet4 cet6 cet6-core,1276
previously,'pri:vju:sli,adv.,"adv. 先, 先前, 以前, 前, (非正式)过早, 过急, 在前, 在...以前, 在先\n[计] 先前地",,,cet4-all source:ecdict cet4 cet6,2313
price,prais,n.,"n. 价格, 代价, 价值\nvt. 定...的价格",,,cet4-all source:ecdict family:prices family:priced family:pricing,475
pride,praid,n.,"n. 骄傲, 自尊心, 自豪, 精华, 勇气\nvt. 以...自豪",,,cet4-all source:ecdict cet4 cet6 family:prides family:prided family:priding,2801
priest,pri:st,n.,"n. 祭司, 牧师, 神父, 神质人员, 僧侣, 泰斗",,,cet4-all source:ecdict cet4 cet6 cet6-core family:priests,2293
primarily,'praimәrili,adv.,"adv. 主要地, 首先地",,,cet4-all source:ecdict cet4 cet6 cet6-core,2134
primary,'praimәri,n.,"n. 最主要者, 原色\na. 主要的, 初期的, 根本的, 原始的, 首要的, 基本的\n[计] 初等量; 主要的; 一次的",,,cet4-all source:ecdict cet4 cet6 cet6-core family:primaries,1504
prime,praim,n.,"n. 最佳部分, 初期, 全盛期\na. 主要的, 最初的, 根本的\nv. 加油启动, 灌注, 填装",,,cet4-all source:ecdict cet4 cet6 cet6-core family:primed family:priming family:primes,1667
primitive,'primitiv,n.,"n. 原始人, 早期艺术家\na. 原始的, 上古的\n[计] 图元; 原语; 基元",,,cet4-all source:ecdict cet4 cet6 cet6-core family:primitives,5798
prince,prins,n.,"n. 王子, 亲王, 国君, 贵族, 诸侯, 有权势的大人物",,,cet4-all source:ecdict cet4 cet6 family:princes,4782
princess,'prinsis,n.,"n. 公主, 王妃, 女巨头",,,cet4-all source:ecdict cet4 cet6 family:princesses,6039
principal,'prinsipәl,n.,"n. 校长, 首长, 本金, 主犯, 资本, 委托人\na. 主要的, 最重要的, 首要的",,,cet4-all source:ecdict cet4 cet6 cet6-core family:principals,3124
principle,'prinsipl,n.,"n. 原则, 原理, 主义\n[化] 原理",,,cet4-all source:ecdict cet4 cet6 cet6-core family:principles,1341
print,print,n.,"n. 打印, 版, 印刷物, 痕迹, 印刷业, 印刷字体, 图片, 印花布, 印章\nv. 打印, 印刷, 铭记, 留印记于, 用印刷体写\n[计] DOS外部命令:在打印机上打印文件, 可一边打印文件一边执行其他工作",,,cet4-all source:ecdict cet4 family:printed family:prints family:printing,2207
prior,'praiә,adj.,"a. 更重要的, 较早的, 在先的\nn. 小隐修院院长, 大隐修院副院长",,,cet4-all source:ecdict cet4 cet6 family:priors,2856
prison,'prizn,n.,"n. 监狱, 监禁, 拘留所\nvt. 监禁",,,cet4-all source:ecdict cet4 cet6 family:prisons,1282
prisoner,'priznә,n.,"n. 囚犯, 犯人, 战俘\n[法] 犯人, 囚犯, 扣押犯",,,cet4-all source:ecdict cet4 cet6 family:prisoners,2419
private,'praivit,adj.,"a. 私人的, 秘密的, 私立的, 隐蔽的\nn. 士兵, 隐士, 阴部\n[计] 私人的",,,cet4-all source:ecdict cet4 cet6 family:privates,672
privilege,'privilidʒ,n.,"n. 特权, 特别恩典, 基本权利, 特免\nvt. 给与...特权, 特免",,,cet4-all source:ecdict cet4 cet6 cet6-core family:privileges family:privileging family:privileged,3612
prize,praiz,n.,"n. 奖赏, 奖金, 奖品, 战利品, 捕获\na. 得奖的\nvt. 珍视, 估价, 捕获, 撬, 撬动",,,cet4-all source:ecdict cet4 cet6 family:prizes family:prized family:prizing,3686
probability,.prɒbә'biliti,n.,"n. 可能性, 或然率, 几率, 概率\n[化] 概率; 几率",,,cet4-all source:ecdict cet4 cet6 cet6-core family:probabilities,5104
probable,'prɒbәbl,adj.,"a. 很可能的, 大概的, 可信的\nn. 很有希望的候选人, 很可能的事情",,,cet4-all source:ecdict cet4 cet6 family:probables,6767
probably,'prɒbәbli,adv.,"adv. 大概, 或许",,,cet4-all source:ecdict cet4 cet6,398
problem,'prɒblәm,n.,"n. 问题, 难题\na. 成问题的, 难处理的",,,cet4-all source:ecdict family:problems,171
procedure,prә'si:dʒә,n.,"n. 程序, 过程, 手续\n[计] 规程; 过程",,,cet4-all source:ecdict cet4 cet6 cet6-core family:procedures,1369
proceed,prәu'si:d,vi.,"vi. 继续进行, 进行, 开始, 发出, 起诉\n[法] 所得, 收入, 收益",,,cet4-all source:ecdict cet4 cet6 family:proceeds family:proceeded family:proceeding,2697
process,'prɒses,n.,"n. 程序, 进行, 过程\nvt. 加工, 使...接受处理, 对...处置, 对...起诉\na. 经加工的, 有特殊光效的\n[计] 进程",,,cet4-all source:ecdict cet4 cet6 cet6-core family:processes family:processed family:processing,391
procession,prә'seʃәn,n.,"n. 队伍, 连续, 列队行进, 涌出",,,cet4-all source:ecdict cet4 cet6 family:processions,7639
proclaim,prә'kleim,vt.,"vt. 宣布, 公告, 宣言, 表明, 赞扬\n[法] 宣布, 宣告, 公布",,,cet4-all source:ecdict cet4 cet6 cet6-core family:proclaimed family:proclaiming family:proclaims,4454
produce,prә'dju:s,n.,"n. 生产品, 物产, 后代\nvt. 产生, 生产, 提出, 出示\nvi. 生产, 制造",,,cet4-all source:ecdict cet4 cet6 family:produced family:producing family:produces,542
product,'prɒdʌkt,n.,"n. 产品, 结果, 乘积\n[化] 生产物",,,cet4-all source:ecdict cet4 cet6 family:products,569
production,prә'dʌkʃәn,n.,"n. 制造, 生产, 产物\n[医] 产生, 生成",,,cet4-all source:ecdict cet4 cet6 family:productions,959
productive,prә'dʌktiv,adj.,"a. 能生产的, 有生产价值的, 多产的\n[医] 产出性的, 产生性的",,,cet4-all source:ecdict cet4 cet6 cet6-core,3966
profession,prә'feʃәn,n.,"n. 职业, 表白, 声明\n[化] 工种; 职业",,,cet4-all source:ecdict cet4 cet6 cet6-core family:professions,2886
professional,prә'feʃәnl,n.,"n. 专业人才\na. 专业的, 职业的",,,cet4-all source:ecdict cet4 cet6 cet6-core family:professionals,1094
professor,prә'fesә,n.,n. 教授,,,cet4-all source:ecdict cet4 cet6 family:professors,825
profit,'prɒfit,n.,"n. 利润, 赢利, 利益\nvi. 有益, 获利, 赚钱\nvt. 有益于",,,cet4-all source:ecdict cet4 cet6 family:profits family:profiting family:profited,1704
program,'prәugræm,n.,"n. 节目, 节目单, 程序, 纲要, 大纲, 计划\nvt. 规划, 拟...计划\nvi. 安排节目, 编程序\n[计] 程序",,,cet4-all source:ecdict cet4 cet6 family:programs family:programming family:programmed,194
progress,'prәugres,n.,"n. 进步, 发展, 前进\nvi. 进步, 进行",,,cet4-all source:ecdict cet4 cet6 family:progressing family:progressed family:progresses,1508
progressive,prә'gresiv,n.,"n. 改革论者, 进步论者\na. 前进的, 累进的, 进步的",,,cet4-all source:ecdict cet4 cet6 cet6-core family:progressives,4228
prohibit,prә'hibit,vt.,"vt. 禁止, 阻止\n[经] 禁止",,,cet4-all source:ecdict cet4 cet6 cet6-core family:prohibited family:prohibiting family:prohibits,3990
project,'prɒdʒekt,n.,"n. 计划, 设计, 事业\nvt. 计划, 设计, 投掷, 发射, 使凸出, 放映\nvi. 凸出",,,cet4-all source:ecdict cet4 cet6 cet6-core family:projects family:projected family:projecting,534
prominent,'prɒminәnt,adj.,"a. 卓越的, 显著的, 突出的, 凸出的",,,cet4-all source:ecdict cet4 cet6 cet6-core family:prominents,2897
promise,'prɒmis,n.,"n. 诺言, 约定的事情, 有指望\nvt. 允诺, 约定, 预示\nvi. 允诺, 有前途, 有指望",,,cet4-all source:ecdict cet4 cet6 family:promised family:promises family:promising,1438
promising,'prɒmisiŋ,adj.,"a. 有希望的, 前途有望的\n[经] 有希望的",,,cet4-all source:ecdict cet4 cet6 cet6-core family:promise family:i family:promising,3844
promote,prәu'mәut,vt.,"vt. 促进, 晋升, 创办, 推销\n[经] 促进, 推广, 推销",,,cet4-all source:ecdict cet4 cet6 cet6-core family:promoted family:promoting family:promotes,1328
prompt,prɒmpt,n.,"n. 激励, 提示, 提醒物, 提词, 付款期限\na. 迅速的, 敏捷的, 立刻的, 提词员的\nvt. 激励, 鼓动, 提示\nadv. 准时地\n[计] 提示符; DOS内部命令:设定DOS命令行的提示符",,,cet4-all source:ecdict cet4 cet6 family:prompted family:prompting family:prompts family:prompter,3114
pronoun,'prәunaun,n.,n. 代词,,,cet4-all source:ecdict cet4 cet6 family:pronouns,16856
pronounce,prә'nauns,v.,"v. 发音, 宣告, 断言",,,cet4-all source:ecdict cet4 cet6 family:pronounced family:pronouncing family:pronounces,5332
pronunciation,prәu.nʌnsi'eiʃәn,n.,"n. 发音, 读法",,,cet4-all source:ecdict cet4 cet6 family:pronunciations,15375
proof,pru:f,n.,"n. 证据, 证明, 试验, 检验, 考验\na. 不能透入的, 证明用的, 防...的, 耐...的\nvt. 检验, 试验, 校对, 使不被穿透\n[计] 审稿",,,cet4-all source:ecdict cet4 cet6 cet6-core family:proofs family:proofed family:proofing,2865
proper,'prɒpә,adj.,"a. 适当的, 固有的, 高尚的, 专属的\nadv. 完全地, 彻底地",,,cet4-all source:ecdict cet4 cet6,2058
properly,'prɒpәli,adv.,"adv. 适当地, 相当地",,,cet4-all source:ecdict cet4 cet6,2880
property,'prɒpәti,n.,"n. 财产, 所有权, 性质, 属性\n[计] 属性",,,cet4-all source:ecdict cet4 cet6 cet6-core family:properties,993
proportion,prә'pɒ:ʃәn,n.,"n. 比例, 比率, 均衡, 部分, 面积\nvt. 使成比例, 使均衡",,,cet4-all source:ecdict cet4 cet6 family:proportions family:proportioned family:proportioning,3063
proportional,prә'pɒ:ʃәnl,adj.,"a. 比例的, 相称的\nn. 比例项",,,cet4-all source:ecdict cet4 cet6,10513
proposal,prә'pәuzl,n.,"n. 提议, 计划, 求婚\n[经] 提案, 申请, 投标",,,cet4-all source:ecdict cet4 cet6 family:proposals,1625
propose,prә'pәuz,vt.,"vt. 计划, 打算, 建议, 提议, 求(婚)\nvi. 打算, 求婚",,,cet4-all source:ecdict cet4 cet6 family:proposed family:proposing family:proposes,1694
prospect,'prɒspekt,n.,"n. 景色, 展望\nvt. 勘探, 勘察\nvi. 勘探, 有前途",,,cet4-all source:ecdict cet4 cet6 cet6-core family:prospects family:prospecting family:prospected,2323
prosperity,prɒs'periti,n.,"n. 繁荣, 茂盛, 成功\n[经] 繁荣",,,cet4-all source:ecdict cet4 cet6 family:prosperities,5082
prosperous,'prɒspәrәs,adj.,"a. 成功的, 繁盛的, 幸运的\n[经] 繁荣的, 昌盛的",,,cet4-all source:ecdict cet4 cet6 cet6-core,7343
protect,prә'tekt,vt.,"vt. 防卫, 保护, 警戒\n[法] 庇护, 保护, 警戒",,,cet4-all source:ecdict cet4 cet6 family:protected family:protecting family:protects,749
protection,prә'tekʃәn,n.,"n. 保护, 防卫, 贸易保护制度\n[计] 保护",,,cet4-all source:ecdict cet4 cet6 family:protections,1315
protective,prә'tektiv,adj.,"a. 给予保护的, 保护的\n[医] 保护的, 防护的, 保护剂, 保护物, 油绸",,,cet4-all source:ecdict cet4 cet6,4114
protein,'prәuti:in,n.,n. 蛋白质\na. 蛋白质的,,,cet4-all source:ecdict cet4 cet6 cet6-core family:proteins,2523
protest,prә'test,n.,"n. 抗议, 反对, 抗议书, 断言\nv. 反对, 抗议, 断言",,,cet4-all source:ecdict cet4 cet6 cet6-core family:protests family:protested family:protesting,2835
proud,praud,adj.,"a. 骄傲的, 自大的, 自豪的, 辉煌的, 壮丽的",,,cet4-all source:ecdict cet4 cet6 family:proudest family:prouder,1983
prove,pru:v,vt.,"vt. 证明, 查验, 检验, 勘探, 显示\nvi. 证明是",,,cet4-all source:ecdict cet4 cet6 family:proved family:proving family:proves,866
provide,prә'vaid,vt.,"vt. 提供, 供应, 规定, 预备\nvi. 作准备, 抚养, 规定",,,cet4-all source:ecdict cet4 cet6 family:provided family:provides family:providing,262
provided,prә'vaidid,conj.,"conj. 倘若, 以...为条件",,,cet4-all source:ecdict cet4 cet6 cet6-core family:provide family:dp,3842
province,'prɒvins,n.,"n. 省, 地方, 职权, 领域\n[法] 省, 地方, 领域",,,cet4-all source:ecdict cet4 cet6 family:provinces,3228
provision,prә'viʒәn,n.,"n. (政府提供的)钱和设备, 准备, 供应品, 规定, 条款\nvt. 供给...食物及必需品",,,cet4-all source:ecdict cet4 cet6 cet6-core family:provisions family:provisioning family:provisioned,2612
psychological,.saikә'lɒdʒikәl,adj.,"a. 心理学的, 精神上的, 心灵的\n[法] 心理上的, 心理学的",,,cet4-all source:ecdict cet4 cet6 cet6-core,2361
public,'pʌblik,n.,"n. 公众, 民众\na. 公众的, 公共的, 公立的, 公用的",,,cet4-all source:ecdict cet4 cet6,333
publication,.pʌbli'keiʃәn,n.,"n. 出版物, 出版, 公布\n[经] 发布",,,cet4-all source:ecdict cet4 cet6 family:publications,2459
publish,'pʌbliʃ,vt.,"vt. 出版, 发行, 公开, 发表, 宣传, 公布\nvi. 出版, 发行",,,cet4-all source:ecdict cet4 cet6 family:published family:publishing family:publishes,1116
pudding,'pudiŋ,n.,n. 布丁,,,cet4-all source:ecdict cet4 cet6 cet6-core family:puddings,8518
puff,pʌf,n.,"n. 一阵喷烟, 肿块, 喘息\nv. 喷出, 张开, 吹捧, (使)充气, 喘气, (使)骄傲, (使)膨胀",,,cet4-all source:ecdict cet4 cet6 family:puffed family:puffs family:puffing,8283
pull,pul,vt.,"vt. 拉, 拖, 拔, 牵, 撕开, 吸引\nvi. 拉, 拖, 拔, 有吸引力\nn. 拉, 拖, 拔, 拉力, 牵引力, 划船, 吸引",,,cet4-all source:ecdict family:pulled family:pulling family:pulls,471
pulse,pʌls,n.,"n. 脉冲, 脉搏, 情绪, 意向, 拍子, 豆类\nvi. 跳动, 脉跳\nvt. 使跳动, 用脉冲调制\n[计] 脉冲",,,cet4-all source:ecdict cet4 cet6 family:pulses family:pulsed family:pulsing,4331
pump,pʌmp,n.,"n. 抽水机, 打气筒, 泵, 抽吸\nvt. 用唧筒抽水, 打气, 盘问, 倾注, 使疲惫\nvi. 抽水, 上下(或往复)运动",,,cet4-all source:ecdict cet4 cet6 family:pumps family:pumped family:pumping,3444
punch,pʌntʃ,n.,"n. 打洞器, 钻孔机, 冲压机, 冲床, 潘趣酒\nvt. 以拳重击, 开洞, 冲压\nvi. 用拳猛击",,,cet4-all source:ecdict cet4 cet6 family:punched family:punches family:punching,4348
punctual,'pәŋktʃuәl,adj.,"a. 准时的, 守时的, 点状的, 中肯的\n[经] 准时的, 不误期的, 准时",,,cet4-all source:ecdict cet4 cet6,25334
punish,'pʌniʃ,vt.,"vt. 处罚, 惩罚, 严厉对待\nvi. 惩罚",,,cet4-all source:ecdict cet4 cet6 family:punished family:punishing family:punishes,3862
punishment,'pʌniʃmәnt,n.,"n. 处罚, 刑罚, 惩罚\n[法] 罚, 处罚, 刑罚",,,cet4-all source:ecdict cet4 cet6 family:punishments,3110
pupil,'pju:pl,n.,"n. 学生, 门生, 未成年人, 瞳孔\n[医] 瞳孔",,,cet4-all source:ecdict family:pupils,5057
puppet,'pʌpit,n.,"n. 傀儡, 木偶\n[法] 木偶, 傀儡, 受他人操纵的人",,,cet4-all source:ecdict cet4 cet6 family:puppets,7250
purchase,'pә:tʃәs,n.,"n. 购买, 购买品, 紧握, 绞辘\nvt. 购买, 赢得, 努力取得, 用滑轮起(锚等)",,,cet4-all source:ecdict cet4 cet6 cet6-core family:purchased family:purchases family:purchasing,2149
pure,pjuә,adj.,"a. 纯的, 纯净的, 纯洁的, 清白的, 完美的, 无瑕的, 抽象的\n[医] 的, 纯净的",,,cet4-all source:ecdict cet4 cet6 family:purest family:purer,2416
purely,'pjuәli,adv.,"adv. 纯粹地, 清白地, 贞洁地",,,cet4-all source:ecdict cet4 cet6,5120
purify,'pjuәrifai,vi.,"vi. 变纯净\nvt. 使纯净, 净化, 提纯, 精炼",,,cet4-all source:ecdict cet4 cet6 cet6-core family:purified family:purifying family:purifies,13440
purity,'pjuәrәti,n.,"n. 纯净, 纯正, 纯粹\n[化] 纯度",,,cet4-all source:ecdict cet4 cet6 cet6-core family:purities,8748
purple,'pә:pl,n.,"n. 紫色, 帝位\na. 紫色的, 帝王的, 华而不实的\nv. (使)成紫色",,,cet4-all source:ecdict cet4 cet6 family:purples family:purpled family:purpling family:purpler family:purplest,3894
purpose,'pә:pәs,n.,"n. 目的, 意向, 决心, 用途, 效果, 论题\nvt. 意欲, 企图, 计划",,,cet4-all source:ecdict cet4 cet6 family:purposes family:purposing family:purposed,1014
purse,pә:s,n.,"n. 钱包, 小钱袋, 金钱, 募捐款, 囊状物\nv. 缩拢, 皱起",,,cet4-all source:ecdict cet4 cet6 family:pursed family:purses family:pursing,4358
pursue,pә'sju:,vt.,"vt. 追赶, 追踪, 追随, 追求, 实行, 继续, 从事\nvi. 追赶, 继续",,,cet4-all source:ecdict cet4 cet6 cet6-core family:pursued family:pursuing family:pursues,1785
pursuit,pә'sju:t,n.,"n. 追踪, 追求, 追赶, 娱乐, 职业\n[法] 追捕, 追求",,,cet4-all source:ecdict cet4 cet6 cet6-core family:pursuits,3873
push,puʃ,n.,"n. 推, 推动, 奋斗, 攻击, 进取心\nvt. 推, 推动, 使伸出, 推行, 逼迫, 增加\nvi. 推, 推进, 增加, 努力争取",,,cet4-all source:ecdict family:pushed family:pushing family:pushes,695
put,put,vt.,"vt. 放, 摆, 安置, 移动, 发射, 投掷, 写上, 表达, 使从事, 使受到, 驱使, 赋予\nvi. 出发, 航行, 发芽\nn. 掷, 股票出售权, 笨蛋\na. 固定不动的\n[计] 发送文件",,,cet4-all source:ecdict family:put family:dp family:putting family:puts,151
puzzle,'pʌzl,n.,"n. 难题, 迷惑\nvt. 使困惑, 使为难\nvi. 迷惑, 苦思",,,cet4-all source:ecdict cet4 cet6 family:puzzles family:puzzling family:puzzled,4255
qualify,'kwɒlifai,vi.,"vi. 取得资格, 有资格\nvt. 使有资格, 使合格, 限定, 限制, 准予",,,cet4-all source:ecdict cet4 cet6 family:qualified family:qualifies family:qualifying,3049
quality,'kwɒlәti,n.,"n. 品质, 特性, 才能, 质量\na. 优质的\n[计] 品质",,,cet4-all source:ecdict cet4 cet6 family:qualities,764
quantity,'kwɒntәti,n.,"n. 量, 数量, 总量\n[计] 数量; 量",,,cet4-all source:ecdict cet4 cet6 family:quantities,4057
quarrel,'kwɒrәl,n.,"n. 吵架, 反目, 怨言, 方头凿\nvi. 吵架, 争论, 挑剔",,,cet4-all source:ecdict cet4 cet6 family:quarrels family:quarrelled family:quarrelling,11177
quart,kwɒ:t,n.,n. 夸脱\n[医] 夸脱(四分之一加仑),,,cet4-all source:ecdict cet4 cet6 cet6-core family:quarts,
quarter,'kwɒ:tә,n.,"n. 四分之一, 一刻钟, 季度, 地区\nvt. 四等分, 肢解\nvi. 驻扎, 住宿",,,cet4-all source:ecdict family:quarters family:quartered family:quartering,1401
quarterly,'kwɔ:tәli,adj.,"a. 季度的, 按季度的, 每季的\nadv. 按季, 每三个月, 每季一次\nn. 季刊",,,cet4-all source:ecdict cet4 cet6 cet6-core family:quarterlies,11417
queen,'kwi:n,n.,"n. 王后, 女王\nvt. 立为女王\nvi. 做女王",,,cet4-all source:ecdict cet4 cet6 family:queens family:queening family:queened,43081
queer,kwiә,n.,"n. 怪人, 同性恋者\na. 奇怪的, 不舒服的, 可疑的\nvt. 搞糟",,,cet4-all source:ecdict cet4 cet6 cet6-core family:queers family:queerest family:queering family:queerer family:queered,11708
question,'kwestʃәn,n.,"n. 问题, 询问\nv. 询问, 审问, 怀疑\n[计] 询问",,,cet4-all source:ecdict family:questions family:questioned family:questioning,197
queue,kju:,n.,"n. 辫子, 一队人, 队列\nvt. 使排队, 将...梳成辫子\nvi. 排队\n[计] 队列",,,cet4-all source:ecdict cet4 cet6 family:queues family:queuing family:queued,15489
quick,kwik,adj.,"a. 快的, 迅速的, 敏捷的, 灵敏的, 急速的\nadv. 快\nn. 新长出的肉, 要害, 核心, 感觉敏锐部位",,,cet4-all source:ecdict family:quicker family:quickest,1303
quicken,'kwikәn,vt.,"vt. 加快, 激发, 使有生气, 鼓舞, 使复活\nvi. 加快, 变活跃, 进入胎动期",,,cet4-all source:ecdict cet4 cet6 family:quickened family:quickens family:quickening,11424
quickly,'kwikli,adv.,adv. 很快地,,,cet4-all source:ecdict,679
quiet,'kwaiәt,n.,"n. 安静, 闲适, 平静\na. 安静的, 静止的, 寂静的, 朴素的, 从容的, 暗中的\nvi. 平静下来\nvt. 使平静, 使平息, 使安心, 安慰",,,cet4-all source:ecdict family:quieter family:quietest family:quieted family:quieting family:quiets,1435
quilt,kwilt,n.,"n. 棉被\nvt. 加软衬料后缝制, 东拼西凑地编\nvi. 缝被子",,,cet4-all source:ecdict cet4 cet6 family:quilts family:quilting family:quilted,6124
quit,kwit,vi.,"vi. 离开, 辞职, 停止\nvt. 离开, 放弃, 使解除, 停止\nn. 离开\n[计] 结束, 退出",,,cet4-all source:ecdict cet4 cet6 family:quit family:pd family:quitting family:quits,2522
quite,kwait,adv.,"adv. 相当, 完全, 十分",,,cet4-all source:ecdict,561
quiz,kwiz,n.,"n. 考查, 课堂测验, 恶作剧, 智力测验\nvt. 戏弄, 考查, 恶作剧",,,cet4-all source:ecdict cet4 cet6 family:quizzed family:quizzing family:quizzes,8784
quotation,kwәu'teiʃәn,n.,"n. 引用语, 语录, 牌价, 报价\n[化] 报价",,,cet4-all source:ecdict cet4 cet6 family:quotations,8858
quote,kwәut,n.,"n. 引用\nvt. 引述, 举证, 报(价)\nvi. 引用",,,cet4-all source:ecdict cet4 cet6 family:quoted family:quoting family:quotes,2255
rabbit,'ræbit,n.,n. 兔子\nvi. 猎兔\nvt. 让...见鬼去,,,cet4-all source:ecdict cet4 cet6 family:rabbits family:rabbiting family:rabbited,4373
race,reis,n.,"n. 种族, 人种, 赛跑, 比赛, 急流, 人类, 同道, 姜根\nvi. 赛跑, 竞赛, 疾走\nvt. 与...赛跑, 使疾走, 使猛转\n[计] 竞争; 追赶; 欧州高级通信研究开发计划",,,cet4-all source:ecdict cet4 cet6 family:races family:racing family:raced,716
racial,'reiʃәl,adj.,"a. 人种的, 种族的\n[医] 种族的",,,cet4-all source:ecdict cet4 cet6 cet6-core,2243
rack,ræk,n.,"n. 架, 行李架, 饲草架, 搁物架, 痛苦, 折磨, 齿条, 行云团\nvt. 把...放在架上, 在架上制作, 折磨, 使痛苦, 压榨, 榨取, 猛烈撕拉, 拷问\nvi. 变形, 倾斜, (云)随风飘, (马)小步跑\n[计] 机架",,,cet4-all source:ecdict cet4 cet6 family:racks family:racked family:racking,4151
racket,'rækit,n.,"n. 球拍, 喧闹, 杂乱无章\nvi. 喧闹\nvt. 用球拍打",,,cet4-all source:ecdict cet4 cet6 cet6-core family:rackets,9912
radar,'reidә,n.,"n. 雷达, 无线电探测器\n[计] 雷达图",,,cet4-all source:ecdict cet4 cet6 family:radars,4780
radiate,'reidieit,vt.,"vt. 放射, 散发, 辐射, 传播, 广播\nvi. 发光, 辐射, 流露\na. 有射线的, 辐射状的",,,cet4-all source:ecdict cet4 cet6 cet6-core family:radiating family:radiated family:radiates,8496
radiation,.reidi'eiʃәn,n.,n. 辐射\n[化] 放射,,,cet4-all source:ecdict cet4 cet6 family:radiations,3652
radio,'reidiәu,n.,"n. 无线电, 收音机, 无线电报, 无线电广播, 无线电台\nv. 用无线电发送",,,cet4-all source:ecdict family:radios family:radioing family:radioed,904
radioactive,.reidiәu'æktiv,adj.,"a. 放射性的, 有放射能的\n[医] 放射性的, 放射的",,,cet4-all source:ecdict cet4 cet6 cet6-core,7890
radioactivity,.reidiәuæk'tiviti,n.,n. 放射性\n[化] 放射性,,,cet4-all source:ecdict cet4 cet6 family:radioactivities,20084
radish,'rædiʃ,n.,n. 小萝卜,,,cet4-all source:ecdict cet4 cet6 family:radishes,14920
radium,'reidiәm,n.,n. 镭\n[化] 镭Ra,,,cet4-all source:ecdict cet4 cet6,30174
radius,'reidiәs,n.,"n. 半径, 范围, 辐射光线\n[电] 半径",,,cet4-all source:ecdict cet4 cet6 cet6-core family:radii,9413
rag,ræg,n.,"n. 碎布, 抹布, 碎片, 碎屑, 少量, 破旧衣服\nvt. 责骂, 揶揄, 戏弄\nvi. 喧闹",,,cet4-all source:ecdict cet4 cet6 family:rags family:ragged family:ragging,6662
rage,reidʒ,n.,"n. 愤怒, 情绪激动, 狂暴\nvi. 大怒, 狂吹, 流行",,,cet4-all source:ecdict cet4 cet6 family:raged family:raging family:rages,3984
raid,reid,n.,"n. 袭击, 突袭, 搜捕\nv. 奇袭, 搜捕\n[计] 廉价磁盘冗余阵列",,,cet4-all source:ecdict cet4 cet6 family:raids family:raided family:raiding,5096
rail,reil,n.,"n. 横杆, 围栏, 栏杆, 铁轨, 扶手, 秧鸡\nvt. 以横木围栏, 给...铺铁轨\nvi. 责骂, 抱怨",,,cet4-all source:ecdict cet4 cet6 family:rails family:railed family:railing,3373
railroad,'reilrәud,n.,"n. 铁路, 铁路公司\nvt. 铺设铁路, 用铁路运输\nvi. 在铁路工作",,,cet4-all source:ecdict cet4 cet6 family:railroads family:railroaded family:railroading,3649
railway,'reilwei,n.,"n. 铁路, 轨道\n[经] 铁路",,,cet4-all source:ecdict family:railways,8369
rain,rein,n.,"n. 雨, 下雨, 雨天\nvi. 下雨\nvt. 使大量落下",,,cet4-all source:ecdict family:raining family:rains family:rained,1550
rainbow,'reinbәu,n.,n. 彩虹\na. 五彩缤纷的,,,cet4-all source:ecdict cet4 cet6 family:rainbows,7427
rainy,'reini,adj.,"a. 下雨的, 多雨的",,,cet4-all source:ecdict cet4 cet6 family:rainiest,7477
raise,reiz,n.,"n. 上升, 高地, 增高\nvt. 升起, 举起, 唤起, 提高, 使出现, 使复活, 提出, 筹集, 饲养",,,cet4-all source:ecdict family:raised family:raising family:raises,433
rake,reik,n.,"n. 耙子, 钱耙, 斜度, 浪子\nv. 搜索, 掠过, (用耙子)耙, (使)倾斜",,,cet4-all source:ecdict cet4 cet6 family:raked family:raking family:rakes,8861
range,'reindʒ,n.,"n. 排, 行, 山脉, 范围, 行列, 射程\nvt. 排列, 归类于, 使并列, 放牧\nvi. 平行, 延伸, 漫游\n[计] 量程; 范围; 域; 距离",,,cet4-all source:ecdict cet4 cet6 family:ranging family:ranges family:ranged,972
rank,ræŋk,n.,"n. 等级, 排, 横列, 队伍, 阶级\na. 茂密丛生的, 恶臭的, 十足的, 粗俗的\nvt. 排列, 归类于, 把...分等\nvi. 列为, 列队\nn. 秩\n[计] 秩",,,cet4-all source:ecdict cet4 cet6 cet6-core family:ranks family:ranked family:ranking,2647
rapid,'ræpid,adj.,"a. 迅速的, 飞快的, 急促的, 陡的\nn. 急流",,,cet4-all source:ecdict cet4 cet6 family:rapids,3029
rapidly,'ræpidli,adv.,"adv. 飞快地, 迅速地, 赶紧地",,,cet4-all source:ecdict cet4 cet6,2527
rare,rєә,adj.,"a. 稀罕的, 罕有的, 珍奇的, 稀薄的, 半熟的, 非常好的\nadv. 非常",,,cet4-all source:ecdict cet4 cet6 family:rarer family:rarest family:raring,1872
rarely,'rєәli,adv.,"adv. 很少地, 罕有地",,,cet4-all source:ecdict cet4 cet6 cet6-core,2271
rat,ræt,n.,"n. 鼠, 卑鄙的人, 破坏者, 变节者\nvi. 捕鼠, 变节\nvt. 弄蓬松",,,cet4-all source:ecdict cet4 cet6 family:rats family:ratting family:ratted,3558
rate,reit,n.,"n. 比率, 率, 速度, 价格, 费用, 等级\nvt. 估价, 认为, 鉴定等级, 责骂\nvi. 被评价, 责骂",,,cet4-all source:ecdict cet4 cet6 family:rates family:rated family:rating,457
rather,'ræðә,adv.,"adv. 宁可, 稍微, 相当",,,cet4-all source:ecdict cet4 cet6,860
ratio,'reiʃәu,n.,"n. 比, 比率\n[医] 比, 比率, 比例",,,cet4-all source:ecdict cet4 cet6 family:ratios,3088
rational,'ræʃәnl,adj.,"a. 理性的, 合理的\nn. 有理数",,,cet4-all source:ecdict cet4 cet6 cet6-core,4481
raw,rɒ:,n.,"n. 擦伤处, 半成品\na. 生的, 未加工的, 生疏的, 不成熟的, 阴冷的, 刺痛的, 擦掉皮的\nvt. 擦伤\n[计] 写后读",,,cet4-all source:ecdict cet4 cet6 family:rawest,2783
ray,rei,n.,"n. 光线, 射线, 闪烁, 光辉\nvi. 射出光线, 浮现, 放射光线\nvt. 放射, 显出",,,cet4-all source:ecdict cet4 cet6 family:rays family:raying family:rayed,4432
razor,'reizә,n.,n. 剃刀\nvt. 剃,,,cet4-all source:ecdict cet4 cet6 family:razors,7444
reach,ri:tʃ,n.,"n. 伸出, 延伸, 区域, 范围, 流域, 岬\nvt. 到达, 达到, 伸出, 延伸, 影响\nvi. 达到, 延伸, 伸出手, 传到",,,cet4-all source:ecdict cet4 cet6 family:reached family:reaching family:reaches,422
react,ri'ækt,vi.,"vi. 起反应, 起作用, 反攻\n[医] 应答, 发生反应",,,cet4-all source:ecdict cet4 cet6 family:reacted family:reacting family:reacts,2666
reaction,ri'ækʃәn,n.,"n. 反应, 反作用, 反动\n[医] 反应",,,cet4-all source:ecdict cet4 cet6 cet6-core family:reactions,1409
read,ri:d,v.,"v. 读, 阅读, 理解\na. 有学问的\nn. 读取, 阅读\n[计] 读取",,,cet4-all source:ecdict family:read family:dp family:reading family:reads,337
reader,'ri:dә,n.,"n. 读者, 读物, 文选, 校对人, 讲师\n[计] 阅读程序; 阅读器",,,cet4-all source:ecdict cet4 cet6 family:readers,1268
readily,'redili,adv.,"adv. 迅速地, 轻易地, 乐意地",,,cet4-all source:ecdict cet4 cet6 cet6-core,4013
reading,'ri:diŋ,n.,"n. 阅读, 知识, 读物\na. 阅读的",,,cet4-all source:ecdict cet4 cet6 family:read family:i family:reading family:readings,1581
ready,'redi,n.,"n. 预备好的状态, 现款\na. 准备好的, 备用的, 可以使用的\nadv. 预先, 迅速\nvt. 使准备好",,,cet4-all source:ecdict family:readies family:readying family:readier family:readied,758
real,'riәl,adj.,"a. 真的, 真实的, 实际的, 实在的, 不动(产)的, 实数的\nn. 实数, 现实\nadv. 真正地",,,cet4-all source:ecdict cet4 cet6,305
reality,ri'æliti,n.,"n. 实在, 事实, 实体, 逼真\n[法] 现实, 实在存在的事物, 实在性",,,cet4-all source:ecdict cet4 cet6 family:realities,1032
realize,'riәlaiz,vt.,"vt. 了解, 实现, 使显得逼真, 变卖\nvi. 变卖",,,cet4-all source:ecdict cet4 cet6 family:realized family:realizing family:realizes,616
really,'riәli,adv.,"adv. 实际上, 真实地, 实在",,,cet4-all source:ecdict,143
realm,relm,n.,"n. 王国, 领土, 领域\n[计] 领域",,,cet4-all source:ecdict cet4 cet6 family:realms,3911
reap,ri:p,vt.,"vt. 收割, 收获, 获得\nvi. 收割, 得到报应",,,cet4-all source:ecdict cet4 cet6 cet6-core family:reaping family:reaped family:reaps,7589
rear,riә,n.,"n. 后面, 背后, 后方\na. 后面的, 背面的, 后方的\nvt. 养育, 培养, 饲养, 举起, 树立, 栽种\nvi. 高耸, 暴跳",,,cet4-all source:ecdict cet4 cet6 family:reared family:rearing family:rears,4033
reason,'ri:zn,n.,"n. 理由, 原因, 理智, 道理, 前提, 理性\nvt. 说服, 推论, 辩论\nvi. 推论, 劝说, 思考",,,cet4-all source:ecdict family:reasons family:reasoned family:reasoning,359
reasonable,'ri:znәbl,adj.,"a. 合理的, 明理的, 适当的\n[法] 合理的, 公道的, 正当的",,,cet4-all source:ecdict cet4 cet6,2510
rebel,'rebl,n.,"n. 叛徒, 反叛者\nvi. 造反, 反抗, 抵抗, 反感\na. 造反的, 反抗的",,,cet4-all source:ecdict cet4 cet6 cet6-core family:rebels family:rebelled family:rebelling,3776
rebellion,ri'beljәn,n.,"n. 谋反, 叛乱, 反抗\n[法] 造反, 反叛, 叛乱",,,cet4-all source:ecdict cet4 cet6 cet6-core family:rebellions,6331
recall,ri'kɒ:l,n.,"n. 回忆, 召回, 撤消\nvt. 回想, 回忆, 召回, 撤消, 使恢复\n[计] 检索",,,cet4-all source:ecdict cet4 cet6 cet6-core family:recalled family:recalls family:recalling,1129
receipt,ri'si:t,n.,"n. 收据, 收入, 收到\nvt. 开...的收据",,,cet4-all source:ecdict cet6-core family:receipts family:receipting family:receipted,6517
receive,ri'si:v,vt.,"vt. 收到, 接到, 得到, 接待, 迎接, 承受\nvi. 收到, 会客\n[计] 接收",,,cet4-all source:ecdict family:received family:receiving family:receives,497
receiver,ri'si:vә,n.,"n. 接收器；接受者；收信机；收款员, 接待者",,,cet4-all source:ecdict cet4 cet6 family:receivers,3401
recent,'ri:snt,adj.,"a. 最近的, 近代的, 最新的\n[经] 最近的, 新进的",,,cet4-all source:ecdict cet4 cet6,567
recently,'ri:sntli,adv.,adv. 最近,,,cet4-all source:ecdict cet4 cet6,699
reception,ri'sepʃәn,n.,"n. 接待, 接受, 招待会\n[医] 接受, 感受",,,cet4-all source:ecdict cet4 cet6 cet6-core family:receptions,3944
recite,ri'sait,v.,"v. 背诵, 朗读, 叙述",,,cet4-all source:ecdict cet4 cet6 cet6-core family:reciting family:recited family:recites,6397
recognition,.rekәg'niʃәn,n.,"n. 赞誉, 认得, 识别, 承认, 认可, 认识\n[电] 认识",,,cet4-all source:ecdict cet4 cet6 cet6-core family:recognitions,2441
recognize,'rekәgnaiz,vt.,"vt. 认出, 认可, 承认, 公认, 识别, 赏识\nvi. 承认, 具结",,,cet4-all source:ecdict cet4 cet6 cet6-core family:recognized family:recognizing family:recognizes,779
recollect,.rekә'lekt,vt.,"vt. 回忆, 回想, 忆起\nvi. 回忆",,,cet4-all source:ecdict cet4 cet6 family:recollected family:recollects family:recollecting,17984
recommend,.rekә'mend,vt.,"vt. 推荐, 介绍, 劝告, 使受欢迎, 托付\n[经] 建议, 推荐",,,cet4-all source:ecdict cet4 cet6 family:recommended family:recommends family:recommending,1688
recommendation,.rekәmen'deiʃәn,n.,"n. 推荐, 介绍, 推荐信, 劝告\n[经] 建议书",,,cet4-all source:ecdict cet4 cet6 family:recommendations,2765
record,ri'kɒ:d,n.,"n. 记录, 履历, 档案, 审判记录, 最高纪录, 唱片\nvt. 记录, 记载, 标明, 将...录音\nvi. 记录, 录音, 可被录音\na. 创纪录的\n[计] 录制, 记录",,,cet4-all source:ecdict cet4 cet6 family:records family:recorded family:recording,516
recorder,ri'kɒ:dә,n.,"n. 记录员, 录音机\nn. 记录器\n[计] 宏录制器, 记录器",,,cet4-all source:ecdict cet4 cet6 family:recorders,6015
recover,ri'kʌvә,vt.,"vt. 重新获得, 恢复, 复原, 拯救\nvi. 痊愈, 复原, 胜诉\n[计] 恢复",,,cet4-all source:ecdict cet4 cet6 cet6-core family:recovered family:recovering family:recovers,2131
recovery,ri'kʌvәri,n.,"n. 恢复, 复原, 痊愈, 重获\n[计] 恢复",,,cet4-all source:ecdict cet4 cet6 cet6-core family:recoveries,2443
red,red,adj.,"a. 红的, 红色的, 红肿的, 流血的\nn. 红色, 红颜料, 赤字\n[计] 简化, 减少",,,cet4-all source:ecdict family:reds family:redder,598
reduce,ri'dju:s,vt.,"vt. 减少, 分解, 降低, 使衰退, 把...分解, 把...归纳\nvi. 减少, 减肥, 缩小\n[计] 缩小",,,cet4-all source:ecdict cet4 cet6 family:reduced family:reducing family:reduces,701
reduction,ri'dʌkʃәn,n.,"n. 减少, 缩影, 变化\n[化] 还原",,,cet4-all source:ecdict cet4 cet6 family:reductions,2270
reed,ri:d,n.,"n. 芦苇, 芦笛, 簧舌, 纤弱的人\nvt. 用芦苇盖, 用小凸嵌线装饰",,,cet4-all source:ecdict cet4 cet6 family:reeds family:reeding,8359
reel,ri:l,n.,"n. 卷轴, 一卷, 纺车, 旋转, 蹒跚\nvt. 卷...于轴上, 绕, 使旋转\nvi. 蹒跚地走, 旋转, 眩晕, 摇晃, 退缩\n[计] 卷; 盘",,,cet4-all source:ecdict cet4 cet6 cet6-core family:reeling family:reeled family:reels,7527
refer,ri'fә:,vt.,"vt. 提交, 归诸于, 把...提交, 使求助于\nvi. 提到, 涉及, 查阅, 查询, 咨询",,,cet4-all source:ecdict cet4 cet6 family:referred family:refers family:referring,1156
reference,'refәrәns,n.,"n. 参考, 索引, 参照\nvt. 给...加上参考资料\nvt. 引用\nvi. 引用\n[计] 引用",,,cet4-all source:ecdict cet4 cet6 cet6-core family:references family:referenced family:referencing,1904
refine,ri'fain,vt.,"vt. 精炼, 净化, 使优雅, 使精炼\nvi. 被精炼, 被净化",,,cet4-all source:ecdict cet4 cet6 family:refining family:refined family:refines,6600
reflect,ri'flekt,vt.,"vt. 反射, 反映, 招致, 深思\nvi. 被反射, 映出, 深思, 考虑, 指责",,,cet4-all source:ecdict cet4 cet6 cet6-core family:reflects family:reflected family:reflecting,1004
reflection,ri'flekʃәn,n.,"n. 反映, 沉思, 映像, 想法, 责难\n[计] 反射",,,cet4-all source:ecdict cet4 cet6 family:reflections,2757
reflexion,ri'flekʃәn,n.,"[医] 反射[作用], 反折",,,cet4-all source:ecdict cet4 cet6 family:reflexions,
reform,ri'fɒ:m,n.,"n. 改革, 改正, 改造\nvt. 改革, 改过, 革新, 重整\nvi. 革新, 改过",,,cet4-all source:ecdict cet4 cet6 cet6-core family:reforms family:reformed family:reforming,1112
refresh,ri'freʃ,vt.,"vt. 使清新, 使恢复, 使生气蓬勃\nvi. 提起精神, 恢复精神, 吃点心, 喝饮料\nvt. 刷新, 重新整理\nvi. 刷新, 重新整理\n[计] 刷新, 重新整理",,,cet4-all source:ecdict cet4 cet6 cet6-core family:refreshed family:refreshing family:refreshes,12356
refreshment,ri'freʃmәnt,n.,"n. 点心, 起提神作用的事物, 精神爽快",,,cet4-all source:ecdict cet4 cet6 cet6-core family:refreshments,14418
refrigerator,ri'fridʒәreitә,n.,"n. 电冰箱, 冷藏库\n[计] 冷冻机; 致冷器",,,cet4-all source:ecdict cet4 cet6 family:refrigerators,4133
refuge,'refju:dʒ,n.,"n. 避难所, 安全地带, 避难, 庇护\nvi. 躲避\nvt. 给予...庇护",,,cet4-all source:ecdict cet4 cet6 cet6-core family:refuges,4616
refusal,ri'fju:zl,n.,"n. 拒绝, 推却, 优先决定权\n[法] 拒绝, 谢绝, 取舍权",,,cet4-all source:ecdict cet4 cet6 cet6-core family:refusals,5933
refuse,ri'fju:z,vt.,"vt. 拒绝, 谢绝\nvi. 拒绝\nn. 废物\na. 扔掉的, 无用的",,,cet4-all source:ecdict cet4 cet6 family:refused family:refusing family:refuses,1247
refute,ri'fju:t. ri:-,vt.,"vt. 反驳, 驳斥；驳倒",,,cet4-all source:ecdict cet4 cet6 cet6-core family:refuted family:refutes family:refuting,11103
regard,ri'gɑ:d,n.,"n. 关心, 注意, 尊敬, 关系, 问候\nvt. 视为, 注意, 考虑, 和...有关, 看待\nvi. 注视, 注意",,,cet4-all source:ecdict cet4 cet6 family:regarded family:regards family:regarding,2084
regarding,ri'gɑ:diŋ,prep.,prep. 关于,,,cet4-all source:ecdict cet4 cet6 family:regard family:i,2153
regardless,ri'gɑ:dlis,adj.,"a. 不管, 不注意, 不顾",,,cet4-all source:ecdict cet4 cet6,2899
region,'ri:dʒәn,n.,"n. 区域, 地带, 地区, 领域, 范围, 区\n[计] 区, 区域",,,cet4-all source:ecdict cet4 cet6 cet6-core family:regions,793
register,'redʒistә,n.,"n. 寄存器, 记录, 登记簿, 注册\nvt. 记录, 注册, 提示, 表达, 把...挂号\nvi. 登记, 注册, 挂号\n[计] 寄存器",,,cet4-all source:ecdict cet4 cet6 cet6-core family:registered family:registers family:registering,3173
regret,ri'gret,n.,"n. 遗憾, 后悔, 悔恨, 抱歉, 歉意\nvt. 为...感到遗憾, 后悔, 惋惜, 懊悔, 抱歉\nvi. 感到抱歉",,,cet4-all source:ecdict cet4 cet6 family:regretted family:regrets family:regretting,4595
regular,'regjulә,adj.,"a. 规则的, 常例的, 有秩序的, 整齐的, 等边的, 定期的, 经常的, 合格的, 常备军的\nn. 正规军, 正式队员\nadv. 经常地\nn. 正常体\n[计] 正常体",,,cet4-all source:ecdict cet4 cet6 family:regulars,1370
regularly,'regjulәli,adv.,"adv. 有规则地, 一丝不苟地, 正式地",,,cet4-all source:ecdict cet4 cet6,2818
regulate,'regjuleit,vt.,"vt. 管理, 控制, 调节, 调整, 校准\n[经] 控制, 管理",,,cet4-all source:ecdict cet4 cet6 family:regulated family:regulating family:regulates,3384
regulation,.regju'leiʃәn,n.,"n. 规则, 管理, 调整\n[计] 调整; 规章; 规则; 调节",,,cet4-all source:ecdict cet4 cet6 cet6-core family:regulations,1675
rehearsal,ri'hә:sl,n.,"n. 预演, 排演, 练习, 叙述, 复述\n[法] 详述, 列举事实, 复述",,,cet4-all source:ecdict cet4 cet6 cet6-core family:rehearsals,5413
reign,rein,v.,v. 为王，为君；当政；统治\nn. 为王，为君；当政；统治,,,cet4-all source:ecdict cet4 cet6 cet6-core family:reigned family:reigns family:reigning,7626
rein,rein,n.,"n. 缰绳, 统治, 支配\nvt. 驾驭, 以缰绳控制, 控制\nvi. 勒住马",,,cet4-all source:ecdict cet4 cet6 cet6-core family:reins family:reined family:reining,8629
reinforce,.ri:in'fɒ:s,vt.,"vt. 加强, 增援, 补充\nvi. 求援, 得到增援\nn. 加固材料",,,cet4-all source:ecdict cet4 cet6 cet6-core family:reinforced family:reinforces family:reinforcing,3329
reject,ri'dʒekt,n.,"n. 被拒之人, 被弃之物, 不合格品, 次品\nvt. 拒绝, 抵制, 否决, 驳回, 丢弃, 呕出",,,cet4-all source:ecdict cet4 cet6 cet6-core family:rejected family:rejecting family:rejects,2029
rejoice,ri'dʒɒis,vt.,"vt. 使欢喜\nvi. 欣喜, 高兴, 庆祝",,,cet4-all source:ecdict cet4 cet6 cet6-core family:rejoicing family:rejoiced family:rejoices,10736
relate,ri'leit,vt.,"vt. 讲, 叙述, 使互相关联\nvi. 有关, 符合, 相处得好",,,cet4-all source:ecdict cet4 cet6 family:relating family:related family:relates,1080
relation,ri'leiʃәn,n.,"n. 关系, 联系, 叙述, 故事, 家属, 亲戚\n[计] 关系",,,cet4-all source:ecdict cet4 cet6 family:relations,1118
relationship,ri'leiʃәnʃip,n.,"n. 关系, 关联\n[医] 关系",,,cet4-all source:ecdict cet4 cet6 family:relationships,486
relative,'relәtiv,n.,"n. 亲戚, 关系词\na. 有关系的, 相对的, 比较的",,,cet4-all source:ecdict cet4 cet6 cet6-core family:relatives,2428
relatively,'relәtivli,adv.,"adv. 相对地, 比较地, 相当地, 相关地\n[计] 相对地",,,cet4-all source:ecdict cet4 cet6,1462
relativity,.relә'tiviti,n.,"n. 有关系, 相关性, 相对性\n[化] 相对性",,,cet4-all source:ecdict cet4 cet6 family:relativities,11500
relax,ri'læks,vi.,"vi. 放松, 松懈, 松弛, 变从容, 休息, 休养\nvt. 使松弛, 缓和, 使松懈, 使休息",,,cet4-all source:ecdict cet4 cet6 family:relaxed family:relaxing family:relaxes,2861
release,ri'li:s,n.,"n. 释放, 发泄, 豁免, 发行, 释放证书\nvt. 释放, 解除, 放松, 豁免, 免除, 发布, 放弃, 让与\nn. 发布\n[计] 版本, 发布",,,cet4-all source:ecdict cet4 cet6 cet6-core family:released family:releasing family:releases,1120
relevant,'relivәnt,adj.,"a. 有关联的, 有关系的, 适当的, 相应的\n[法] 有关的, 相关的",,,cet4-all source:ecdict cet4 cet6 cet6-core,2814
reliability,ri.laiә'biliti,n.,"n. 信度, 可靠性\n[计] 可靠性",,,cet4-all source:ecdict cet4 cet6 family:reliabilities,4202
reliable,ri'laiәbl,adj.,"a. 可靠的, 可信赖的\n[法] 可靠的, 可信赖的, 确实的",,,cet4-all source:ecdict cet4 cet6 cet6-core,3504
reliance,ri'laiәns,n.,"n. 信任, 信赖, 受信赖的人(或事)\n[法] 信任, 信赖, 信心",,,cet4-all source:ecdict cet4 cet6 cet6-core,6942
relief,ri'li:f,n.,"n. 减轻, 解除, 救济, 安慰, 调剂, 浮雕, 换班, (地势的)起伏\n[医] 缓减, 减轻, 浮雕(绘画中)",,,cet4-all source:ecdict cet4 cet6 cet6-core family:reliefs,1812
relieve,ri'li:v,vt.,"vt. 减轻, 救济, 解除, 使免除, 换...的班, 使得到调剂, 使不单调, 衬托, 使显著\nvi. 救济, 当替补投手, 呈鲜明突出",,,cet4-all source:ecdict cet4 cet6 cet6-core family:relieved family:relieving family:relieves,3764
religion,ri'lidʒәn,n.,"n. 宗教, 信仰\n[法] 宗教, 宗教信仰, 信仰",,,cet4-all source:ecdict cet4 cet6 cet6-core family:religions,1383
religious,ri'lidʒәs,adj.,"a. 宗教性的, 虔诚的, 宗教上的, 严谨的\nn. 修道士, 出家人",,,cet4-all source:ecdict cet4 cet6 cet6-core,884
reluctant,ri'lʌktәnt,adj.,"a. 不情愿的, 勉强的\n[法] 不愿的, 勉强的, 难以处理的",,,cet4-all source:ecdict cet4 cet6 cet6-core,3900
rely,ri'lai,vi.,"vi. 信赖, 依赖, 信任",,,cet4-all source:ecdict cet4 cet6 cet6-core family:relying family:relies family:relied,1857
remain,ri'mein,vi.,"vi. 保持, 逗留, 剩余\n[法] 停留, 居住, 继续",,,cet4-all source:ecdict cet4 cet6 cet6-core family:remains family:remained family:remaining,426
remains,ri'meins,n.,"n. 剩余物, 废墟, 残余\n[法] 遗体, 尸体, 遗骸",,,cet4-all source:ecdict cet4 cet6 family:remain family:remains,5315
remark,ri'mɑ:k,n.,"n. 评论, 注意\nvt. 评论, 注意\nvi. 评论, 谈论\n[计] 注释",,,cet4-all source:ecdict cet4 cet6 family:remarks family:remarked family:remarking,3389
remarkable,ri'mɑ:kәbl,adj.,"a. 不平常的, 值得注意的, 显著的",,,cet4-all source:ecdict cet4 cet6,2708
remedy,'remidi,n.,"n. 药物, 治疗法, 治疗, 补救, 赔偿\nvt. 治疗, 补救, 矫正, 改善, 修补, 修缮",,,cet4-all source:ecdict cet4 cet6 cet6-core family:remedies family:remedied family:remedying,5111
remember,ri'membә,vt.,"vt. 记得, 回忆起, 记住, 铭记, 纪念\nvi. 记得",,,cet4-all source:ecdict family:remembered family:remembering family:remembers,379
remind,ri'maind,vt.,"vt. 提醒, 使想起",,,cet4-all source:ecdict cet4 cet6 family:reminded family:reminds family:reminding,1458
remote,ri'mәut,adj.,"a. 遥远的, 偏僻的, 疏远的, 微少的\n[计] 远程, 远程访问实用程序",,,cet4-all source:ecdict cet4 cet6 cet6-core family:remoter family:remotest,2778
removal,ri'mu:vl,n.,"n. 移动, 移居, 迁移, 排除, 切除\n[医] 切除, 除去",,,cet4-all source:ecdict cet4 cet6 family:removals,4711
remove,ri'mu:v,vt.,"vt. 移动, 调动, 除去, 迁移, 开除, 移交\nvi. 迁移, 移动, 搬家\nn. 班级, 升级, 移动, 搬家, 间距\n[计] 删除",,,cet4-all source:ecdict cet4 cet6 family:removed family:removing family:removes,876
render,'rendә,vt.,"vt. 回报, 给于, 付给, 汇报, 提出, 舍弃, 反映, 表示, 表演, 致使, 执行, 实施\nvi. 给予补偿\nn. 交纳, 打底",,,cet4-all source:ecdict cet4 cet6 cet6-core family:rendered family:renders family:rendering,3537
renew,ri'nju:,vt.,"vt. 使更新, 使恢复, 复兴, 修补, 补充, 继续, 重订, 重申, 续借\nvi. 更新, 重新开始",,,cet4-all source:ecdict cet4 cet6 family:renewed family:renewing family:renews,5526
rent,rent,n.,"n. 租金, 房租, 出租物, 裂缝, 破裂处, 分裂\nvt. 租用, 租出\nvi. 出租\na. 分裂的, 破裂的\nrend的过去式和过去分词",,,cet4-all source:ecdict cet4 cet6 family:rents family:renting family:rented family:rent family:d,3433
repair,ri'pєә,n.,"n. 修理, 补救, 修复\nvt. 修理, 修补, 补救, 恢复, 补偿\nvi. 修理, 修补, 补救, 恢复, 去, 常去, 集合",,,cet4-all source:ecdict cet4 cet6 family:repairs family:repairing family:repaired,3874
repeat,ri'pi:t,n.,"n. 重复, 反复\nvt. 重做, 重复, 复述, 使再现, 复制\nvi. 重复\n[计] 重复",,,cet4-all source:ecdict cet4 cet6 family:repeated family:repeating family:repeats,1602
repeatedly,ri'pi:tidli,adv.,"adv. 重复地, 再三地",,,cet4-all source:ecdict cet4 cet6,3245
repent,ri'pent,vi.,"vi. 后悔, 懊悔, 忏悔\nvt. 后悔\na. 匍匐生根的",,,cet4-all source:ecdict cet4 cet6 family:repented family:repents family:repenting,16583
repetition,.repi'tiʃәn,n.,"n. 重复, 背诵, 循环, 复制品, 副本\n[机] 重复, 反复",,,cet4-all source:ecdict cet4 cet6 family:repetitions,5821
replace,ri'pleis,vt.,"vt. 代替, 替换, 放回, 归还\n[计] 替换; DOS外部命令:取代或更新文件",,,cet4-all source:ecdict cet4 cet6 family:replaced family:replacing family:replaces,1182
reply,ri'plai,n.,"n. 答复, 回答, 答辩\nvi. 答复, 回答, 回击, 反响, 答辩\nvt. 回答\n[计] 答复",,,cet4-all source:ecdict cet4 cet6 family:replied family:replies family:replying,2219
report,ri'pɒ:t,n.,"n. 报告, 报道, 传说, 案情报告, 爆炸声, 成绩单\nvt. 报告, 汇报, 转述, 报道, 揭发, 使报到\nvi. 报告, 写报道, 报到\n[计] 报告",,,cet4-all source:ecdict family:reported family:reports family:reporting,450
reporter,ri'pɒ:tә,n.,"n. 记者, 报告者\n[化] 指示器",,,cet4-all source:ecdict cet4 cet6 family:reporters,1286
represent,.repri'zent,vt.,"vt. 表现, 表示, 描绘, 讲述, 代表, 象征, 回忆, 再赠送, 再上演\nvi. 提出异议",,,cet4-all source:ecdict cet4 cet6 cet6-core family:represented family:represents family:representing,687
representative,.repri'zentәtiv,n.,"n. 代表, 众议员, 典型\na. 描写的, 表现的, 代理的, 代表的, 代议制的, 典型的",,,cet4-all source:ecdict cet4 cet6 family:representatives,1976
reproach,ri'prәutʃ,n.,"n. 责备, 耻辱\nvt. 责备, 申斥, 使丢脸",,,cet4-all source:ecdict cet4 cet6 cet6-core family:reproached family:reproaches family:reproaching,18288
reproduce,.ri:prә'dju:s,v.,"v. 繁殖, 再生, 复制, 生殖\n[计] 复制",,,cet4-all source:ecdict cet4 cet6 family:reproduced family:reproducing family:reproduces,4987
republic,ri'pʌblik,n.,"n. 共和国, 共和政体, 团体, 界",,,cet4-all source:ecdict cet4 cet6 family:republics,3709
republican,ri'pʌblikәn,n.,"n. 共和主义者, 共和党员\na. 共和政体的, 共和国的, 共和主义的",,,cet4-all source:ecdict cet4 cet6 family:republicans,594
reputation,.repju'teiʃәn,n.,"n. 名誉, 名声, 声望\n[法] 名声, 名誉, 公认证据",,,cet4-all source:ecdict cet4 cet6 cet6-core family:reputations,2411
request,ri'kwest,n.,"n. 请求, 需要, 申请书\nvt. 请求, 要求, 邀请\n[计] 请求",,,cet4-all source:ecdict cet4 cet6 family:requests family:requested family:requesting,2116
require,ri'kwaiә,vt.,"vt. 需要, 命令, 要求\n[法] 需要, 要求, 命令",,,cet4-all source:ecdict cet4 cet6 family:required family:requires family:requiring,446
requirement,ri'kwaiәmәnt,n.,"n. 需求, 必要条件, 要求\n[化] 要求; 合同要求",,,cet4-all source:ecdict cet4 cet6 family:requirements,1885
rescue,'reskju:,n.,"n. 援救, 解救, 营救\nvt. 援救, 救出, 营救",,,cet4-all source:ecdict cet4 cet6 family:rescued family:rescuing family:rescues,3815
research,ri'sә:tʃ,n.,"n. 研究, 调查, 考察\nvi. 研究, 调查",,,cet4-all source:ecdict cet4 cet6 family:researching family:researched family:researches,362
researcher,ri:'sә:tʃә,n.,n. 研究人员,,,cet4-all source:ecdict cet4 cet6 family:researchers,1177
resemble,ri'zembl,vt.,"vt. 相似, 类似",,,cet4-all source:ecdict cet4 cet6 family:resembles family:resembling family:resembled,3058
reserve,ri'zә:v,n.,"n. 储备品, 贮量, 后备军, 自然保护区, 保留, 拘谨, 节制, 储备金\nvt. 保留, 保存, 预订, 延期, 推迟",,,cet4-all source:ecdict cet4 cet6 cet6-core family:reserves family:reserved family:reserving,3740
reservoir,'rezәvwɑ:,n.,"n. 贮水池, 贮藏处, 贮备, 水库\nvt. 储藏",,,cet4-all source:ecdict cet6 family:reservoirs,5907
residence,'rezidәns,n.,"n. 住宅, 居留, 驻扎, 居住期间\n[医] 住房",,,cet4-all source:ecdict cet4 cet6 family:residences,3766
resident,'rezidәnt,n.,"n. 居民, 常驻程序, 居住者, 留鸟\na. 居留的, 定居的",,,cet4-all source:ecdict cet4 cet6 cet6-core family:residents,1254
resign,ri'zain,vt.,"vt. 辞职, 放弃, 使顺从\nvi. 辞职, 屈从",,,cet4-all source:ecdict cet4 cet6 cet6-core family:resigned family:resigning family:resigns,3390
resignation,.rezig'neiʃәn,n.,"n. 辞职, 辞呈, 听从\n[经] 辞职",,,cet4-all source:ecdict cet4 cet6 family:resignations,5762
resist,ri'zist,v.,"v. 抵抗, 耐得住, 抵制, 反抗\nn. 防染材料",,,cet4-all source:ecdict cet4 cet6 family:resisted family:resisting family:resists,2470
resistance,ri'zistәns,n.,"n. 抵抗力, 反抗, 耐力, 阻力, 电阻\n[化] 抵抗; 抗性; 阻力; 抗药性; 电阻",,,cet4-all source:ecdict cet4 cet6 family:resistances,2226
resistant,ri'zistәnt,n.,"n. 抵抗者, 反抗者\na. 抵抗的, 反抗的, 耐...的",,,cet4-all source:ecdict cet4 cet6 cet6-core,6664
resolution,.rezә'lu:ʃәn,n.,"n. 解析, 决心, 坚定, 决定, 决议, 消除, 解答, 分解\nn. 图形分辨率\n[计] 图形分辨率",,,cet4-all source:ecdict cet4 cet6 family:resolutions,1968
resolve,ri'zɒlv,vi.,"vi. 决定, 分解, 决心\nvt. 使分解, 解析, 解决, 消除, 决心\nn. 决定之事, 决心, 坚决",,,cet4-all source:ecdict cet4 cet6 cet6-core family:resolved family:resolving family:resolves,2242
resort,ri'zɒ:t,n.,"n. 度假胜地, 手段, 凭借, 常去之地\nvi. 诉诸, 常去",,,cet4-all source:ecdict cet4 cet6 cet6-core family:resorts family:resorting family:resorted,2684
resource,ri'sɒ:s,n.,"n. 资源, 财力, 办法, 策略, 急智, 消遣\n[计] 资源",,,cet4-all source:ecdict cet4 cet6 family:resources family:resourced family:resourcing,769
respect,ri'spekt,n.,"n. 尊敬, 尊重, 问候\nvt. 尊敬, 注意, 遵守",,,cet4-all source:ecdict cet4 cet6 family:respects family:respected family:respecting,1554
respectful,ri'spektful,adj.,"a. 表示尊敬的, 有礼貌的, 谦恭的",,,cet4-all source:ecdict cet4 cet6,8374
respective,ri'spektiv,adj.,"a. 分别的, 各自的",,,cet4-all source:ecdict cet4 cet6 cet6-core,5883
respectively,ri'spektivli,adv.,"adv. 各自地, 独自地, 个别地, 分别地",,,cet4-all source:ecdict cet4 cet6,3726
respond,ri'spɒnd,vt.,"vt. 以...回答\nvi. 回答, 响应, 回报, 有反应, 承担责任",,,cet4-all source:ecdict cet4 cet6 cet6-core family:responding family:responded family:responds,920
response,ri'spɒns,n.,"n. 反应, 回答, 响应\n[计] 应答",,,cet4-all source:ecdict cet4 cet6 cet6-core family:responses,725
responsibility,ri.spɒnsә'biliti,n.,"n. 责任, 职责, 负担, 可靠性\n[化] 职责",,,cet4-all source:ecdict cet4 cet6 family:responsibilities,1067
responsible,ri'spɒnsәbl,adj.,"a. 有责任的, 负责的, 责任重大的\n[法] 应负责任的, 有责任的, 能履行责任的",,,cet4-all source:ecdict cet4 cet6 cet6-core,1365
rest,rest,n.,"n. 休息, 睡眠, 安息, 稍息, 静止, 支架, 休息处, 其余者, 剩余部分\nvi. 休息, 睡, 长眠, 安心, 静止, 停止, 安置, 依赖\nvt. 使休息, 使支撑, 把...寄托于",,,cet4-all source:ecdict family:resting family:rested family:rests,673
restaurant,'restәrɒŋ,n.,"n. 餐馆, 饭店",,,cet4-all source:ecdict family:restaurants,1114
restless,'restlis,adj.,"a. 不安静的, 慌张的, 休息不充分的\n[医] 不安静的, 不宁的",,,cet4-all source:ecdict cet4 cet6,7303
restore,ri'stɒ:,vt.,"vt. 回复, 恢复, 归还, 修补, 修复\nvt. 还原\nvi. 还原\n[计] 还原; DOS外部命令:从备份盘中取回文件",,,cet4-all source:ecdict cet4 cet6 cet6-core family:restored family:restoring family:restores,2543
restrain,ri'strein,vt.,"vt. 抑制, 阻止, 束缚\n[法] 抑制, 遏制, 制止",,,cet4-all source:ecdict cet4 cet6 cet6-core family:restrained family:restraining family:restrains,6825
restraint,ri'streint,n.,"n. 抑制, 克制, 束缚\n[医] 约束, 拘束",,,cet4-all source:ecdict cet4 cet6 cet6-core family:restraints,5419
restrict,ri'strikt,vt.,"vt. 限制, 限定, 约束\n[医] 限制",,,cet4-all source:ecdict cet4 cet6 cet6-core family:restricted family:restricting family:restricts,3539
restriction,ri'strikʃәn,n.,"n. 限制, 限定, 约束\n[计] 限定",,,cet4-all source:ecdict cet4 cet6 family:restrictions,3127
result,ri'zʌlt,n.,"n. 结果, 成绩, 答案\nvi. 产生, 结果, 致使\n[计] 结果",,,cet4-all source:ecdict cet4 cet6 family:results family:resulted family:resulting,354
resume,ri'zju:m,vt.,"vt. 重新开始, 取回, 恢复\nvi. 再开始\nn. 摘要, 个人简历\n[计] 继续执行",,,cet4-all source:ecdict cet4 cet6 cet6-core family:resumed family:resuming family:resumes,3780
retain,ri'tein,vt.,"vt. 保持, 保有, 留住, 记得, 付定金聘请\n[经] 保留, 留存",,,cet4-all source:ecdict cet4 cet6 cet6-core family:retained family:retains family:retaining,2724
retell,ri:'tel,vt.,"vt. 再讲, 重复, 重说",,,cet4-all source:ecdict cet4 cet6 family:retelling family:retells family:retold,19549
retire,ri'taiә,n.,"n. 隐居\nvi. 引退, 退役, 退休, 退去, 撤退, 退却\nvt. 使...撤退, 辞退",,,cet4-all source:ecdict cet4 cet6 family:retired family:retiring family:retires,2301
retreat,ri'tri:t,n.,"n. 休息寓所, 撤退, 隐居, 退避\nvi. 撤退, 隐退, 向后倾\nvt. 退(棋)",,,cet4-all source:ecdict cet4 cet6 family:retreated family:retreating family:retreats,4787
return,ri'tә:n,n.,"n. 回来, 返回, 来回票, 归还, 报答, 利润率, 报告书\na. 返回的, 回程的, 报答的, 反向的, 重现的, 复原的\nvi. 返回, 归还, 回来\nvt. 归还, 还, 回报, 产生, 反射, 报告, 申报, 退回\n[计] 返回",,,cet4-all source:ecdict family:returned family:returning family:returns,472
reveal,ri'vi:l,vt.,"vt. 露出, 显示, 透露, 揭露, 泄露, (神)启示\nn. 窗侧, 门侧",,,cet4-all source:ecdict cet4 cet6 cet6-core family:revealed family:reveals family:revealing,927
revenge,ri'vendʒ,n.,"n. 报仇, 复仇, 报复\nvt. 报仇, 报复",,,cet4-all source:ecdict cet4 cet6 cet6-core family:revenged family:revenges family:revenging,5280
reverse,ri'vә:s,n.,"n. 相反, 背面, 倒退, 挫折, 失败\na. 反面的, 相反的, 反向的, 颠倒的\nvt. 使颠倒, 使逆转, 使倒退, 使反向\nvi. 倒退, 反向, 倒转, 反转\n[计] 反转",,,cet4-all source:ecdict cet4 cet6 cet6-core family:reversed family:reversing family:reverses,3497
review,ri'vju:,n.,"n. 检讨, 复习, 回顾, 检阅, 评论\nvt. 温习, 检讨, 评论, 再检察, 复审\nvi. 复习功课, 写评论",,,cet4-all source:ecdict cet4 cet6 family:reviewed family:reviews family:reviewing,1384
revise,ri'vaiz,n.,"n. 校订, 修正, 改样\nvt. 校订, 修正, 校正",,,cet4-all source:ecdict cet4 cet6 family:revised family:revising family:revises,5829
revolt,ri'vәult,n.,"n. 叛乱, 反抗, 反感\nvi. 叛乱, 反抗, 起义, 厌恶, 反感\nvt. 使反感, 使恶心",,,cet4-all source:ecdict cet4 cet6 family:revolts family:revolted family:revolting,8955
revolution,.revә'lu:ʃәn,n.,"n. 革命, 大变革, 旋转, 转数, 循环\n[化] 回转",,,cet4-all source:ecdict cet4 cet6 family:revolutions,2753
revolutionary,.revә'lu:ʃәnәri,n.,"n. 革命者, 革命党人\na. 革命的, 革命性的",,,cet4-all source:ecdict cet4 cet6 cet6-core family:revolutionaries,4014
reward,ri'wɒ:d,n.,"n. 报酬, 酬谢, 赏金\nvt. 奖赏, 酬谢, 给...应有报应",,,cet4-all source:ecdict cet4 cet6 cet6-core family:rewards family:rewarded family:rewarding,3392
rhythm,'riðәm,n.,"n. 旋律, 节奏, 韵律, 匀称, 张弛节律\n[医] 节律",,,cet4-all source:ecdict cet4 cet6 cet6-core family:rhythms,3280
rib,rib,n.,"n. 肋骨, 肋状物, 笑话\nvt. 装肋状物于, 戏弄",,,cet4-all source:ecdict cet4 cet6 family:ribs family:ribbing family:ribbed,4568
ribbon,'ribәn,n.,"n. 缎带, 色带, 带状物\nvt. 用丝带装饰, 把...撕成条状\nvi. 形成带状\n[计] 带状条, 格式栏",,,cet4-all source:ecdict cet4 cet6 family:ribbons family:ribboning,4838
rice,rais,n.,"n. 米, 米饭, 稻\nvt. 将...压成米粒状",,,cet4-all source:ecdict family:rices family:ricing family:riced,2740
rich,ri:tʃ,adj.,"a. 富裕的, 富饶的, 浓厚的, 贵重的",,,cet4-all source:ecdict family:richer family:richest,1075
rid,rid,vt.,"vt. 免除, 以...清除, 使获自由, 使摆脱\n[法] 免除, 清除, 摆脱",,,cet4-all source:ecdict cet4 cet6 family:rid family:dp family:ridding family:rids,3041
riddle,'ridl,n.,"n. 谜, 谜语, 粗筛\nvt. 解谜, 给...出谜, 筛, 寻根究底地检验, 充满于\nvi. 出谜",,,cet4-all source:ecdict cet4 cet6 family:riddled family:riddles family:riddling,11712
ride,raid,n.,"n. 骑马, 乘坐, 乘车, 搭便车\nvt. 骑, 乘坐, 压迫, 控制\nvi. 骑马, 乘车, 漂游",,,cet4-all source:ecdict family:riding family:rode family:ridden family:rides,1283
rider,'raidә,n.,"n. 骑手, (文件后的)附件, 扶手\n[化] 游码",,,cet4-all source:ecdict cet4 cet6 family:riders,3824
ridge,ridʒ,n.,"n. 脊, 山脊, 山脉\n[医] 嵴, 脊, 棱线",,,cet4-all source:ecdict cet4 cet6 family:ridges family:ridging family:ridged,4853
ridiculous,ri'dikjulәs,adj.,"a. 荒谬的, 可笑的",,,cet4-all source:ecdict cet4 cet6 cet6-core,4043
rifle,'raifl,n.,"n. 来复枪, 步枪\nvt. 用步枪射击, 抢夺\nvi. (抱有不良意图)迅速翻查",,,cet4-all source:ecdict cet4 cet6 family:rifles family:rifled family:rifling,3065
right,rait,n.,"n. 权利, 右边, 正义, 右派, 公正\na. 正确的, 对的, 恰当的, 正常的, 正直的, 正面的, 右方的\nadv. 正确地, 以有利结果, 一直, 直接, 向右\nvt. 扶直, 整理, 纠正, 伸冤, 使昭雪\nvi. 恢复平衡\n[计] 右, 权利",,,cet4-all source:ecdict family:rights family:righting family:righted,193
rigid,'ridʒid,adj.,"a. 坚硬的, 刚性的, 严格的, 精密的, 刻板的",,,cet4-all source:ecdict cet4 cet6,5469
ring,riŋ,n.,"n. 环, 环形物, 拳击场, 戒指, 角逐, 小集团, 铃声, 钟声, 声调\nvt. 包围, 套住, 按铃, 敲钟\nvi. 成环形, 响, 鸣, 按铃, 敲钟, 回响",,,cet4-all source:ecdict family:rang family:rings family:ringing family:rung,1678
ripe,raip,adj.,"a. 成熟的, 熟练的, 成年的\n[医] 成熟的",,,cet4-all source:ecdict cet4 cet6 family:ripest family:riper,6068
ripen,'raipәn,vt.,vt. 使成熟\nvi. 成熟,,,cet4-all source:ecdict cet4 cet6 family:ripening family:ripens family:ripened,14750
rise,raiz,n.,"n. 上升, 增加, 上涨, 高地, 升高, 出现\nvi. 升起, 起身, 起立, 上升, 上涨, 增长, 高耸, 起义, 浮现\nvt. 使飞起",,,cet4-all source:ecdict cet4 cet6 family:rose family:rising family:risen family:rises,727
risk,risk,n.,"n. 冒险, 危险, 保险额\nvt. 冒...的危险, 冒险干",,,cet4-all source:ecdict cet4 cet6 family:risks family:risking family:risked,650
rival,'raivl,n.,"n. 对手, 竞争者\na. 竞争的",,,cet4-all source:ecdict cet4 cet6 cet6-core family:rivals family:rivalled family:rivalling,4346
river,'rivә,n.,"n. 河, 江\n[法] 河流, 江河, 内河",,,cet4-all source:ecdict family:rivers,1327
road,rәud,n.,"n. 路, 道路, 公路, 途径, 方法\n[法] 公路, 道路, 行车道",,,cet4-all source:ecdict family:roads,489
roar,rɒ:,n.,"n. 吼, 咆哮, 轰鸣\nvi. 吼, 大声说出, 叫喊, 喧闹\nvt. 呼喊, 使轰鸣",,,cet4-all source:ecdict cet4 cet6 family:roared family:roaring family:roars,5275
roast,rәust,n.,"n. 烤肉, 烘烤, 嘲笑\na. 烘烤的, 烤过的\nvt. 烤, 炙, 烘焙, 嘲笑\nvi. 烤, 炙, 烘焙",,,cet4-all source:ecdict cet4 cet6 family:roasting family:roasted family:roasts family:roaster,7679
rob,rɒb,v.,"v. 抢夺, 抢掠, 剥夺",,,cet4-all source:ecdict cet4 cet6 family:robbed family:robbing family:robs,5071
robber,'rɒbә,n.,"n. 强盗, 盗贼",,,cet4-all source:ecdict cet4 cet6 family:robbers,9557
robbery,'rɒbәri,n.,"n. 抢掠, 抢夺\n[法] 强盗, 抢劫, 劫掠",,,cet4-all source:ecdict cet4 cet6 family:robberies,6012
robe,rәub,n.,"n. 宽松长袍, 礼服, 披肩, 覆盖物\nv. (给)穿长袍",,,cet4-all source:ecdict cet4 cet6 family:robes family:robed family:robing,5241
robot,'rәubәt,n.,"n. 机械人, 自动机械, 机械般工作的人\n[计] 机器人; 自动机",,,cet4-all source:ecdict cet4 cet6 family:robots,4523
rock,rɒk,n.,"n. 岩石, 岩礁, 石头, 基石, 暗礁, 摇动, 摇滚乐\nvt. 摇摆, 摇动, 使摇晃, 使动摇\nvi. 摇, 摇动",,,cet4-all source:ecdict cet4 cet6 family:rocks family:rocking family:rocked,869
rocket,'rɒkit,n.,"n. 火箭, 烟火\nvi. 急升, 猛涨, 飞驰\nvt. 用火箭运载",,,cet4-all source:ecdict cet4 cet6 family:rockets family:rocketed family:rocketing,4094
rod,rɒd,n.,"n. 竿, 笞鞭, 小枝\n[化] 棒",,,cet4-all source:ecdict cet4 cet6 family:rods family:rodding,4575
role,rәul,n.,"n. 角色, 职责, 任务\n[医] 作用, 功用",,,cet4-all source:ecdict cet4 cet6 family:roles,451
roll,rәul,n.,"n. 卷, 滚动, 名单, 案卷, 压路机\nvi. 滚, 滚动, 飘流, 起伏, 卷, 绕\nvt. 使滚动, 卷, 绕",,,cet4-all source:ecdict cet4 cet6 family:rolled family:rolls family:rolling,1249
roller,'rәulә,n.,"n. 滚筒, 滚轴, 压路机\n[化] 滚柱; 托辊",,,cet4-all source:ecdict cet4 cet6 family:rollers family:rollered family:rollering,6161
roman,'rәumәn,n.,"n. 罗马人\na. 罗马人的, 罗马的",,,cet4-all source:ecdict cet4 cet6 family:romans,3507
romantic,rәu'mæntik,adj.,"a. 浪漫的, 风流的, 传奇性的, 夸大的, 空想的, 浪漫派的",,,cet4-all source:ecdict cet4 cet6 family:romantics,3135
roof,ru:f,n.,"n. 屋顶, 室顶\nvt. 给...盖屋顶, 遮蔽",,,cet4-all source:ecdict cet4 cet6 family:roofs family:roofed family:roofing,2135
room,ru:m,n.,"n. 房间, 空位, 场所\nvi. 住宿, 居住\nvt. 留宿",,,cet4-all source:ecdict family:rooms family:rooming family:roomed,227
root,ru:t,n.,"n. 根, 根本, 根源, 基础, 底部\nvt. 使扎根, 使固定, 根除, 肃清, 搜出, 用鼻拱\nvi. 生根, 固定, 源于, 用鼻拱土, 寻找, 捧场, 支持",,,cet4-all source:ecdict cet4 cet6 family:roots family:rooted family:rooting,1734
rope,rәup,n.,"n. 绳, 索, 粗绳, 绞索, 决窍\nvt. 捆, 缚, 绑, 圈起, 以绳将...系住\nvi. 拧成绳状",,,cet4-all source:ecdict cet4 cet6 family:ropes family:roped family:roping,3309
rose,rәuz,n.,"n. 玫瑰, 蔷薇, 玫瑰色\na. 玫瑰色的, 玫瑰花的\nvt. 使成玫瑰色\nrise的过去式",,,cet4-all source:ecdict cet4 cet6 family:rise family:pd family:roses,23633
rot,rɒt,n.,"n. 腐烂, 腐蚀, 败坏\nvi. 腐烂, 烂, 堕落, 憔悴\nvt. 使腐烂, 使腐朽, 使堕落",,,cet4-all source:ecdict cet4 cet6 cet6-core family:rotted family:rotting family:rots,9603
rotary,'rәutәri,adj.,"a. 旋转的, 轮流的\nn. 旋转式机器",,,cet4-all source:ecdict cet4 cet6 cet6-core family:rotaries,12580
rotate,'rәuteit,adj.,"a. 辐状的\nvt. 使旋转, 使转动, 使轮流\nvi. 旋转, 循环\n[计] 旋转",,,cet4-all source:ecdict cet4 cet6 family:rotating family:rotated family:rotates,5483
rotation,rәu'teiʃәn,n.,"n. 旋转, 循环, 轮流\n[计] 旋转",,,cet4-all source:ecdict cet4 cet6 family:rotations,5230
rotten,'rɒtn,adj.,"a. 腐烂的, 恶臭的, 堕落的, 风化的, 虚弱的\n[经] 腐烂的, 堕落的",,,cet4-all source:ecdict cet4 cet6,8385
rough,rʌf,n.,"n. 粗糙的东西, 毛坯, 未加工品, 梗概, 草图, 暴徒, 艰难\na. 粗糙的, 粗暴的, 蓬乱的, 草率的, 大致的, 简陋的, 暴风雨的, 艰难的\nvt. 使粗糙, 使不平, 使蓬乱, 粗制, 草拟, 粗暴对待, 对...动粗\nvi. 变粗糙\nadv. 粗糙地, 粗暴地",,,cet4-all source:ecdict cet4 cet6 family:rougher family:roughest family:roughed family:roughs family:roughing,2627
roughly,'rʌfli,adv.,"adv. 概略地, 粗糙地, 粗暴地",,,cet4-all source:ecdict cet4 cet6,2657
round,raund,n.,"n. 圆, 圆形物, 巡回, 循环, 一轮, 一回合, 一局, 范围, 轮唱\na. 圆的, 球形的, 丰满的, 肥胖的, 完全的, 大概的, 完美的, 圆润的\nprep. 围着, 附近, 绕过, 在...周围\nadv. 围绕着, 在周围, 迂回地, 挨个, 朝反方向\nvt. 弄圆, 使成圆形, 绕行, 完成, 围捕, 把...四舍五入\nvi. 变圆, 发胖, 环行, 拐弯, 进展",,,cet4-all source:ecdict family:rounds family:rounded family:rounding family:rounder,2372
rouse,rauz,n.,"n. 觉醒, 奋起, 干杯\nvt. 唤醒, 鼓舞, 激动, 使振奋, 惊起\nvi. 醒来, 奋起",,,cet4-all source:ecdict cet4 cet6 family:roused family:rousing family:rouses,10921
route,ru:t,n.,"n. 路径, 途径, 路线\nvt. 确定路线, 按规定路线发送\n[计] 传递, 路由设定程序",,,cet4-all source:ecdict cet4 cet6 family:routes family:routing family:routed,1946
routine,ru:'ti:n,n.,"n. 常规, 日常工作, 惯例, 例行公事\na. 日常的, 常规的\n[计] 例程",,,cet4-all source:ecdict cet4 cet6 cet6-core family:routines,2585
row,rәu. rau,n.,"n. 排, 行, 街道, 划船, 吵闹\nvt. 使成排, 划, 划船, 参加(赛船), 痛骂\nvi. 划船, 划动, 争吵\n[计] 行",,,cet4-all source:ecdict cet4 cet6 family:rows family:rowed family:rowing,1843
royal,'rɒiәl,n.,"n. 王室, 皇族\na. 王室的, 皇家的, 盛大的, 庄严的",,,cet4-all source:ecdict cet4 cet6 family:royals,4306
rub,rʌb,n.,"n. 摩擦, 困难, 障碍, 磨损处\nvt. 擦, 搓, 摩擦, 惹怒\nvi. 摩擦, 擦破",,,cet4-all source:ecdict cet4 cet6 family:rubbed family:rubbing family:rubs,2875
rubber,'rʌbә,n.,"n. 橡皮, 橡胶, 做摩擦动作的人, 按摩师, 决胜盘\nvt. 用橡胶制造, 涂橡胶于",,,cet4-all source:ecdict cet4 cet6 family:rubbers family:rubbering family:rubbered,4791
rubbish,'rʌbiʃ,n.,"n. 废物, 垃圾, 胡说",,,cet4-all source:ecdict cet4 cet6 family:rubbished family:rubbishing family:rubbishes,14955
rude,ru:d,adj.,"a. 粗鲁无礼的, 粗陋的, 粗暴的, 原始的, 未开化的, 大略的, 崎岖不平的, 狂暴的",,,cet4-all source:ecdict cet4 cet6 family:ruder family:rudest,6718
rug,rʌg,n.,"n. 小块地毯, 揭露某人",,,cet4-all source:ecdict cet4 cet6 family:rugs,5095
ruin,ruin,n.,"n. 毁灭, 推翻, 废墟\nvi. 毁灭, 衰败, 破坏, 破产, 堕落\nvt. 使毁灭, 毁坏, 使破产",,,cet4-all source:ecdict cet4 cet6 cet6-core family:ruins family:ruining family:ruined,4197
rule,ru:l,n.,"n. 规则, 统治, 控制, 支配, 规律, 标准, 章程, 破折号, 铅线\nvt. 规定, 统治, 管理, 控制, 支配, 裁决\nvi. 统治, 管辖, 裁定\n[计] 规则, 水线",,,cet4-all source:ecdict cet4 cet6 family:rules family:ruled family:ruling,633
ruler,'ru:lә,n.,"n. 统治者, 管理者, 尺, 直尺\nn. 划线板\n[计] 标尺",,,cet4-all source:ecdict cet4 cet6 family:rulers,5552
rumour,'ru:mә,n.,"n. 谣言, 传闻\nvt. 谣传",,,cet4-all source:ecdict cet4 cet6 family:rumours family:rumoured family:rumouring,
run,rʌn,n.,"n. 跑, 赛跑, 奔跑, 奔跑的路程, 趋向, 流出, 运转时间, 连续\nvi. 跑, 奔跑, 跑步, 赛跑, 竞赛, 行驶, 运转, 进行, 蔓延\nvt. 使跑, 参赛, 追究, 驾驶, 开动, 管理, 经营, 使流出, 运行\na. 熔化的, 融化的, 浇铸的\nrun的过去式和过去分词\n[计] 运行",,,cet4-all source:ecdict family:ran family:running family:run family:d family:runs,202
runner,'rʌnә,n.,"n. 跑步者, 赛跑者, 送信人, 走私船, 操作者, 滑槽\n[化] 碾碎机; 压碎机",,,cet4-all source:ecdict cet4 cet6 family:runners,4214
rural,'ruәrәl,adj.,"a. 乡下的, 田园的, 乡村风味的\n[法] 农村的, 乡村的, 有关农业的",,,cet4-all source:ecdict cet4 cet6,2006
rush,rʌʃ,n.,"n. 匆促, 冲进, 急流, 灯心草\nvi. 冲, 奔, 闯, 赶紧, 匆促行事, 涌现\nvt. 使冲, 匆忙地做, 突袭, 飞跃, 用灯心草做\na. 紧急的",,,cet4-all source:ecdict cet4 cet6 family:rushing family:rushed family:rushes,1956
russian,'rʌʃәn,n.,"n. 俄国人, 俄语\na. 俄国的, 俄语的",,,cet4-all source:ecdict family:russians,1562
rust,rʌst,n.,"n. 锈, 生锈, 衰退\nvi. 生锈, 衰退\nvt. 使生锈, 腐蚀",,,cet4-all source:ecdict cet4 cet6 family:rusting family:rusted family:rusts,10260
rusty,'rʌsti,adj.,"a. 生锈的, 腐蚀的, 生疏的, 顽固的, 腐烂的\n[医] 锈色的",,,cet4-all source:ecdict cet4 cet6 family:rustiest family:rustier,9614
sack,sæk,n.,"n. 麻布袋, 洗劫\nvt. 把...装入袋, 洗劫",,,cet4-all source:ecdict cet4 cet6 family:sacked family:sacks family:sacking,4467
sacred,'seikrid,adj.,"a. 神圣的, 献给上帝的, 庄严的, 祭祀的\n[法] 神圣的, 不可侵犯的",,,cet4-all source:ecdict cet4 cet6 cet6-core,3338
sacrifice,'sækrifais,n.,"n. 牺牲, 供奉, 祭品\nvt. 牺牲, 祭祀, 贱卖\nvi. 献祭",,,cet4-all source:ecdict cet4 cet6 cet6-core family:sacrifices family:sacrificed family:sacrificing,4068
sad,sæd,adj.,"a. 忧愁的, 悲哀的",,,cet4-all source:ecdict family:saddest family:sadder,2145
saddle,'sædl,n.,"n. 鞍, 马鞍, 车座, 鞍状物\nvt. 装以马鞍, 使负担\nvi. 跨上马鞍",,,cet4-all source:ecdict cet4 cet6 family:saddled family:saddles family:saddling,6217
sadly,'sædli,adv.,"adv. 悲痛地, 悲惨地, 悲伤地, 说来遗憾",,,cet4-all source:ecdict cet4 cet6,5717
sadness,'sædnis,n.,"n. 悲哀, 悲伤",,,cet4-all source:ecdict cet4 cet6 family:sadnesses,5506
safe,seif,n.,"n. 保险箱, 冷藏室\na. 安全的, 可靠的, 平安的, 稳健的, 有把握的",,,cet4-all source:ecdict cet4 cet6 family:safer family:safest family:safes,1058
safely,'seifli,adv.,"adv. 安全地, 确实地",,,cet4-all source:ecdict cet4 cet6,4266
safety,'seifti,n.,"n. 安全, 保险, 平安, 保安设备\nvt. 保护, 防护",,,cet4-all source:ecdict cet4 cet6,1132
sail,seil,n.,"n. 帆, 篷, 帆船, 航程, 帆状物\nvi. 航行, 启航, 张帆而行\nvt. 航行于, 驾船",,,cet4-all source:ecdict cet4 cet6 family:sailing family:sailed family:sails,4124
sailor,'seilә,n.,"n. 水手, 船员, 海员\n[法] 水手, 船员, 海员",,,cet4-all source:ecdict cet4 cet6 family:sailors,5030
saint,seint,n.,"n. 圣徒, 圣人\na. 神圣的\n[计] 自动积分程序符号",,,cet4-all source:ecdict cet4 cet6 family:saints family:sainting family:sainted,4582
sake,seik,n.,"n. 目的, 缘故, 理由",,,cet4-all source:ecdict cet4 cet6 cet6-core family:sakes,3325
salad,'sælәd,n.,n. 色拉,,,cet4-all source:ecdict cet4 cet6 family:salads,2773
salary,'sælәri,n.,n. 薪水\nvt. 给...加薪,,,cet4-all source:ecdict cet4 cet6 family:salaries,2455
sale,seil,n.,"n. 出售, 卖, 拍卖, 销售额, 廉价出售\n[经] 卖, 出售; 销售(货)",,,cet4-all source:ecdict cet4 cet6,2234
salesman,'seilzmәn,n.,"n. 售货员, 推销员\n[经] 售货员, 店员, 推销员",,,cet4-all source:ecdict cet4 cet6 family:salesmen,5573
salt,sɒ:lt,n.,"n. 盐, 风趣, 刺激\na. 含盐的, 咸的, 风趣的, 辛辣的\nvt. 加盐于, 用盐腌",,,cet4-all source:ecdict cet4 cet6 family:salts family:salted family:salting,1571
salute,sә'lu:t,vi.,"vi. 行礼, 致意, 问候, 放礼炮\nvt. 向...致意, 迎接, 赞扬\nn. 招呼, 敬礼, 礼炮",,,cet4-all source:ecdict cet4 cet6 cet6-core family:saluted family:salutes family:saluting,8974
same,seim,adj.,"a. 相同的, 同样的\npron. 相同的人(或事物)\nadv. 同样地",,,cet4-all source:ecdict,161
sample,'sæmpl,n.,"n. 样品, 范例, 样本\nvt. 抽样, 尝试\n[计] 示例, 字样",,,cet4-all source:ecdict cet4 cet6 cet6-core family:samples family:sampled family:sampling,1311
sand,sænd,n.,"n. 沙, 沙子, 沙滩, 光阴, 生涯\nvt. 撒沙, 以沙掩盖",,,cet4-all source:ecdict cet4 cet6 family:sands family:sanding family:sanded,2205
sandwich,'sændwitʃ,n.,"n. 三明治, 夹心面包, 夹层板\nvt. 插入, 夹入, 把...制成三明治",,,cet4-all source:ecdict cet4 cet6 family:sandwiches family:sandwiched family:sandwiching,3529
sandy,'sændi,adj.,"a. 沙的, 沙地的, 多沙的",,,cet4-all source:ecdict cet4 cet6 family:sandier,6261
satellite,'sætlait,n.,"n. 人造卫星\n[医] 伴行静脉, 陪静脉, 陪病部, 随体, 卫星",,,cet4-all source:ecdict cet4 cet6 family:satellites,2632
satisfaction,.sætis'fækʃәn,n.,"n. 满足, 满意, 快事, 赔偿, 赎罪, 报仇的机会\n[经] 偿还, 赎回",,,cet4-all source:ecdict cet4 cet6 family:satisfactions,2779
satisfactory,.sætis'fæktәri,adj.,"a. 满意的, 赎罪的\n[法] 令人满意的, 令当事人满意的, 充分的",,,cet4-all source:ecdict cet4 cet6,8301
satisfy,'sætisfai,vt.,"vt. 使满意, 满足, 符合, 使确信, 赔偿\nvi. 令人满意, 替人赎罪",,,cet4-all source:ecdict cet4 cet6 family:satisfies family:satisfied family:satisfying,3001
saturday,'sætәdi,n.,n. 星期六,,,cet4-all source:ecdict family:saturdays,
sauce,sɒ:s,n.,"n. 酱油, 调味汁, 酱\nvt. 给...调味, 使增加趣味",,,cet4-all source:ecdict cet4 cet6 family:sauces family:sauced family:saucing,2289
saucer,'sɒ:sә,n.,"n. 茶碟, 茶托\n[医] 碟",,,cet4-all source:ecdict cet4 cet6 family:saucers,10769
sausage,'sɒsidʒ,n.,"n. 香肠, 腊肠",,,cet4-all source:ecdict cet4 cet6 family:sausages,6199
save,seiv,n.,"n. 救球\nvt. 解救, 挽救, 储蓄, 保存, 节省, 保留\nvi. 挽救, 节省, 救球\nprep. 除...之外\n[计] 保存",,,cet4-all source:ecdict cet4 cet6 family:saved family:saving family:saves,735
saving,'seiviŋ,n.,"n. 存款, 挽救, 节约\na. 搭救的, 节约的, 保留的, 补偿的\nprep. 除...之外",,,cet4-all source:ecdict cet4 cet6 family:save family:i family:savings family:saving,2193
saw,sɒ:,n.,"n. 锯子, 谚语\nvt. 锯, 锯开, 来回移动\nvi. 拉锯, 移动\nsee的过去式",,,cet4-all source:ecdict cet4 cet6 family:see family:p family:sawing family:saws family:sawn family:sawed,7433
say,sei,vt.,"vt. 说, 讲, 念, 说明, 指明\nvi. 说, 讲\nn. 意见, 发言权",,,cet4-all source:ecdict family:said family:says family:saying,19
scale,skeil,n.,"n. 刻度, 衡量, 比例, 比例尺, 数值范围, 等级, 规模, 天平, 秤, 鳞, 积垢\nvt. 依比例决定, 攀登, 测量, 绘制, 刮鳞, 使生垢, 过秤\nvi. 剥落, 生水垢, 重量为, 攀登, 衡量\n[计] 刻度",,,cet4-all source:ecdict cet4 cet6 cet6-core family:scales family:scaled family:scaling,1223
scan,skæn,n.,"n. 审视, 浏览, 扫描, 细查\nvt. 细看, 浏览, 扫描, 详细调查, 标出格律\nvi. 押韵, 扫描\n[计] 网络软件目录, 编码与分析系统",,,cet4-all source:ecdict cet4 cet6 cet6-core family:scanning family:scanned family:scans,4031
scar,skɑ:,n.,"n. 疤痕, 伤痕, 悬崖\nvi. 结疤, 愈合, 痊愈\nvt. 使有伤痕",,,cet4-all source:ecdict cet4 cet6 cet6-core family:scars family:scarred family:scarring,5026
scarce,skɑ:s,adj.,"a. 难得的, 稀罕的, 缺乏的",,,cet4-all source:ecdict cet4 cet6 family:scarcer family:scarcest,6771
scarcely,'skɑ:sli,adv.,"adv. 简直不, 一定不, 仅仅",,,cet4-all source:ecdict cet4 cet6,6981
scare,skєә,n.,"n. 惊吓, 恐慌\nvt. 惊吓, 使恐慌\nvi. 受惊",,,cet4-all source:ecdict cet4 cet6 family:scared family:scares family:scaring,3807
scarf,skɑ:f,n.,"n. 围巾, 头巾, 领带, 领巾, 嵌接\nvt. 用围巾围, 嵌接",,,cet4-all source:ecdict cet4 cet6 family:scarves family:scarfed family:scarfing family:scarfs,6140
scatter,'skætә,n.,"n. 消散, 分散, 散播, 散射, 散布, 酒馆\nvi. 散布, 散播, 消散\nvt. 使消散, 使分散, 撒, 散布, 散播, 散射\n[计] 散点图",,,cet4-all source:ecdict cet4 cet6 cet6-core family:scattered family:scattering family:scatters,3754
scene,si:n,n.,"n. 场, 情景, 镜头, 发生地点, 道具, 布景, 景色\n[化] 现场",,,cet4-all source:ecdict cet4 cet6 family:scenes,738
scenery,'si:nәri,n.,"n. 风景, 景色, 舞台布景",,,cet4-all source:ecdict cet4 cet6 family:sceneries,8152
scent,sent,n.,"n. 气味, 香味, 香水, 踪迹, 痕迹, 线索, 嗅觉\nvt. 闻出, 嗅, 发觉, 使充满气味\nvi. 嗅猎, 发出气味",,,cet4-all source:ecdict cet4 cet6 cet6-core family:scents family:scented family:scenting,4460
schedule,'skedʒuәl,n.,"n. 时间表, 一览表, 计划表, 议事日程\nvt. 预定, 编制目录, 制...表, 安排",,,cet4-all source:ecdict cet4 cet6 cet6-core family:scheduled family:schedules family:scheduling,2144
scheme,ski:m,n.,"n. 方案, 计划, 组合, 系统, 图解, 诡计, 阴谋\nv. 计划, 设计, 图谋, 策划",,,cet4-all source:ecdict cet4 cet6 cet6-core family:schemes family:scheming family:schemed,3007
scholar,'skɒlә,n.,"n. 学者, 奖学金获得者, 有文化者, 学习者",,,cet4-all source:ecdict cet4 cet6 family:scholars,2101
scholarship,'skɒlәʃip,n.,"n. 学问, 学术成就, 奖学金",,,cet4-all source:ecdict cet4 cet6 family:scholarships,3044
school,sku:l,n.,"n. 学校, 鱼群, 门派, 学派\nvt. 教育, 训练, 培养\nvi. 成群地游",,,cet4-all source:ecdict family:schools family:schooling family:schooled,125
science,'saiәns,n.,"n. 科学, 学科, 学问, 自然科学\n[医] 科学",,,cet4-all source:ecdict family:sciences,889
scientific,.saiәn'tifik,adj.,"a. 科学的, 系统的, 符合科学规律的\n[计] 科学记数法",,,cet4-all source:ecdict cet4 cet6,1605
scientist,'saiәntist,n.,n. 科学家\n[医] 科学家,,,cet4-all source:ecdict cet4 cet6 family:scientists,1057
scissors,'sizәz,n.,pl. 剪刀\n[医] 剪,,,cet4-all source:ecdict cet4 cet6 family:scissors family:s,8906
scold,skәuld,n.,"n. 好骂街的人, 责骂\nv. 责骂",,,cet4-all source:ecdict cet4 cet6 family:scolded family:scolding family:scolds,10246
scope,skәup,n.,"n. 范围, 机会, 广度, 眼界, 观察仪器, 导弹射程\n[计] 作用域",,,cet4-all source:ecdict cet4 cet6 cet6-core family:scopes,3107
score,skɒ:,n.,"n. 得分, 抓痕, 二十个, 刻痕, 帐目, 乐谱, 起跑线, 终点线, 大量\nvt. 刻划, 划线, 获得, 评价, 把...记下\nvi. 刻痕, 记分, 得分\n[计] 得分",,,cet4-all source:ecdict cet4 cet6 cet6-core family:scored family:scores family:scoring,1070
scorn,skɒ:n,n.,"n. 轻蔑, 藐视, 嘲笑, 被嘲弄的人\nvt. 轻蔑, 不屑做",,,cet4-all source:ecdict cet4 cet6 cet6-core family:scorned family:scorning family:scorns,11935
scout,skaut,n.,"n. 守候, 侦察, 搜索, 侦察员, 侦察机\nvi. 守候, 侦察, 巡视, 嘲笑\nvt. 侦察, 跟踪, 发现, 监视, 嘲弄",,,cet4-all source:ecdict cet4 cet6 family:scouts family:scouting family:scouted,7109
scrape,skreip,n.,"n. 刮, 擦, 挖, 擦痕, 刮擦声, 困境\nvi. 刮掉, 擦掉, 刮出刺耳声\nvt. 刮, 擦, 擦伤, 挖成, 积蓄",,,cet4-all source:ecdict cet4 cet6 cet6-core family:scraped family:scraping family:scrapes,5494
scratch,skrætʃ,n.,"n. 抓痕, 搔, 抓, 擦伤, 刮擦声, 乱写, 零分, 起跑线\nvt. 搔, 抓, 挖出, 擦, 刮, 乱涂, 勾抹掉\nvi. 搔, 抓, 发刮擦声, 勉强糊口\na. 碰巧的, 凑合的, 打草稿用的\n[计] 擦除",,,cet4-all source:ecdict cet4 cet6 cet6-core family:scratching family:scratched family:scratches,4644
scream,skri:m,n.,"n. 尖叫声\nvi. 尖叫, 大笑, 尖啸, 令人震惊\nvt. 尖叫着说, 大叫大嚷着要求",,,cet4-all source:ecdict cet4 cet6 family:screaming family:screamed family:screams,2118
screen,skri:n,n.,"n. 幕, 银幕, 屏风, 掩蔽物, 屏蔽, 筛子\nvt. 掩蔽, 放映, 拍摄, 掩护, 筛, 甄别\nvi. 拍电影\n[计] 筛选; 屏幕",,,cet4-all source:ecdict cet4 cet6 family:screens family:screened family:screening,1252
screw,skru:,n.,"n. 螺旋, 螺杆, 螺钉, 螺旋桨, 吝啬鬼\nvt. 调节, 扭紧, 旋, 拧, 加强, 压榨, 勒索\nvi. 转动, 旋, 拧",,,cet4-all source:ecdict cet4 cet6 cet6-core family:screws family:screwed family:screwing,4750
sea,si:,n.,"n. 海, 海洋, 海浪, 大量\n[法] 海, 海洋",,,cet4-all source:ecdict family:seas,989
seal,si:l,n.,"n. 印章, 封条, 海豹, 海豹皮, 火漆, 封蜡, 玺, 保证, 批准, 象征, 标志\nvt. 封闭, 盖印, 盖章\nvi. 猎海豹",,,cet4-all source:ecdict cet4 cet6 family:seals family:sealed family:sealing,4021
seaman,'si:mәn,n.,"n. 船员, 海员, 水兵\n[法] 海员, 水手, 精通海事者",,,cet4-all source:ecdict cet4 cet6 family:seamen,17406
seaport,'si:pɒ:t,n.,"n. 海港, 港口城市",,,cet4-all source:ecdict cet4 cet6 family:seaports,21035
search,sә:tʃ,n.,"n. 搜寻, 查究\nv. 搜寻, 搜查, 探求, 调查, 搜索\n[计] 搜索, 路径检索程序",,,cet4-all source:ecdict cet4 cet6 family:searching family:searched family:searches,1500
season,'si:zn,n.,"n. 季节, 时节, 当令期, 时期\nvt. 给...调味, 使成熟, 使老练, 缓和\nvi. 变干燥",,,cet4-all source:ecdict family:seasons family:seasoning family:seasoned,506
seat,si:t,n.,"n. 座, 座位, 位子, 席位, 所在地\nvt. 使坐下, 使就座, 为...设座于, 使就职\nvi. 安装在底座上",,,cet4-all source:ecdict family:seats family:seated family:seating,894
second,'sekәnd,n.,"n. 秒, 瞬间, 第二名, 支持者, 助手\na. 第二的, 其次的, 次要的, 附加的, 辅助的\nnum. 第二\nvt. 当...助手, 支持",,,cet4-all source:ecdict family:seconds family:seconded family:seconding,381
secondary,'sekәndәri,adj.,"a. 中级的, 中等的, 次要的, 第二的, 从属的, 辅助的\n[化] 仲(指CH-3...CH(CH-3)-型支链烃基或指二元胺及R-2CHOH型的醇); 第二",,,cet4-all source:ecdict cet4 cet6 family:secondaries,3455
secondly,'sekәndli,adv.,"adv. 第二, 其次",,,cet4-all source:ecdict cet4 cet6,6891
secret,'si:krit,n.,"n. 秘密, 机密, 秘诀, 秘方\na. 秘密的, 极机密的, 隐蔽的, 暗中的, 神秘的, 偏僻的",,,cet4-all source:ecdict cet4 cet6 family:secrets,1868
secretary,'sekrәtәri,n.,"n. 秘书, 书记, 大臣\n[经] 秘书",,,cet4-all source:ecdict family:secretaries,2009
section,'sekʃәn,n.,"n. 区段, 部分, 区域, 节, 截面, 处, 科, 区, 扇区\nvt. 把...分段, 把...切片\nvi. 被切成片\n[计] 扇区",,,cet4-all source:ecdict cet4 cet6 family:sections family:sectioned family:sectioning,818
secure,si'kjuә,adj.,"a. 无虑的, 安心的, 安全的, 可靠的, 保险的\nvt. 固定, 获得, 保证, 使安全, 掩护, 招致\nvi. 停止操作, 船抛锚",,,cet4-all source:ecdict cet4 cet6 family:secured family:securing family:secures,2489
security,si'kjuriti,n.,"n. 安全, 安全性, 防护物, 保安, 可靠性, 担保人, 抵押品, 保证金\n[计] 安全性, 保密性, 安全检查程序",,,cet4-all source:ecdict cet4 cet6 cet6-core family:securities,661
see,si:,vt.,"vt. 看见, 查看, 参观, 游览, 理解, 知道, 同意\nvi. 看, 观看, 注意, 知道, 考虑\nn. 主教的职位",,,cet4-all source:ecdict family:seen family:saw family:seeing family:sees,67
seed,si:d,n.,"n. 种子, 籽, 萌芽, 子孙, 精液\nvt. 在...播种, 催...发育, 脱...籽\nvi. 结实, 播种",,,cet4-all source:ecdict cet4 cet6 family:seeds family:seeded family:seeding,1919
seek,si:k,vt.,"vt. 寻求, 寻找, 探索, 追求, 搜索, 请求\nvi. 寻找, 搜索\n[计] 查找",,,cet4-all source:ecdict cet4 cet6 family:seeking family:sought family:seeks,668
seem,si:m,vi.,"vi. 象是, 似乎",,,cet4-all source:ecdict family:seems family:seemed family:seeming,165
seize,si:z,vt.,"vt. 抓住, 逮捕, 俘获, 没收, 扣押, 掌握\nvi. 突然抓住, 利用",,,cet4-all source:ecdict cet4 cet6 family:seized family:seizing family:seizes,3230
seldom,'seldәm,adj.,"a. 不常的, 稀少的\nadv. 很少, 不常",,,cet4-all source:ecdict cet4 cet6,4878
select,si'lekt,adj.,"a. 挑选出来的, 极好的\nv. 选择, 挑选\nn. 被挑选者, 精萃\n[计] 选定",,,cet4-all source:ecdict cet4 cet6 family:selected family:selecting family:selects,1733
selection,si'lekʃәn,n.,"n. 选择, 选文, 精选品\n[医] 选择, 淘汰",,,cet4-all source:ecdict cet4 cet6 family:selections,2133
self,self,n.,"n. 自己, 自我, 本性, 本质, 私心, 本人\nvt. 使近亲繁殖, 使自花授精\nvi. 自花授精\na. 同一的",,,cet4-all source:ecdict cet4 cet6 family:selves,2162
selfish,'selfiʃ,adj.,"a. 自私的, 利己主义的, 自我中心的",,,cet4-all source:ecdict cet4 cet6,7386
sell,sel,vt.,"vt. 卖, 背叛, 销售, 出卖\nvi. 卖, 销售\nn. 卖, 推销术, 失望",,,cet4-all source:ecdict family:sold family:selling family:sells,443
seller,'selә,n.,n. 销售者\n[化] 卖方,,,cet4-all source:ecdict cet4 cet6 family:sellers,4908
semester,si'mestә,n.,n. 学期,,,cet4-all source:ecdict cet4 cet6 cet6-core family:semesters,5465
semiconductor,.semikәn'dʌktә,n.,n. 半导体\n[化] 半导体,,,cet4-all source:ecdict cet4 cet6 family:semiconductors,8736
senate,'senit,n.,"n. 参议院, 立法机构, 评议会",,,cet4-all source:ecdict cet4 cet6 family:senates,1111
send,send,vt.,"vt. 发送, 使进入, 寄, 派遣, 发射, 使陷于\nvi. 寄信, 派人, 播送\nn. (船的)上升运动\n[计] 发送",,,cet4-all source:ecdict family:sent family:sending family:sends,404
senior,'si:njә,n.,"n. 年长者, 资深者, 毕业班学生\na. 年长的, 高级的, 资深的",,,cet4-all source:ecdict cet4 cet6 family:seniors,1090
sense,sens,n.,"n. 感应, 感觉, 感官, 意识, 观念, 情理, 知觉, 理智\nvt. 感觉, 觉察, 检测\n[计] 阅读; 检测",,,cet4-all source:ecdict cet4 cet6 family:senses family:sensed family:sensing,407
sensible,'sensәbl,adj.,"a. 有感觉的, 敏感的, 明智的\n[医] 可感觉的",,,cet4-all source:ecdict cet4 cet6 cet6-core,6126
sensitive,'sensitiv,adj.,"a. 敏感的, 易感的, 灵敏的, 感光的\n[机] 敏感的, 灵敏的, 感度高的",,,cet4-all source:ecdict cet4 cet6 cet6-core family:sensitives,2506
sentence,'sentәns,n.,"n. 句子, 命题, 宣判\nvt. 宣判, 判决\n[计] 句子",,,cet4-all source:ecdict cet4 cet6 family:sentences family:sentenced family:sentencing,2036
separate,'sepәreit,n.,"n. 独立件, 抽印本\na. 分开的, 各别的, 单独的, 分隔的\nvi. 分开, 隔开, 分居\nvt. 使分离, 使分开, 区分, 使分居",,,cet4-all source:ecdict cet4 cet6 family:separated family:separating family:separates,1892
separately,'sepәrәtli,adv.,"adv. [表]分开, 不相连, 分隔, 分离, 不同, 单独, 独立, 各自, 各别, 脱离肉体, 灵魂\n[计] 分离地",,,cet4-all source:ecdict cet4 cet6,5463
separation,.sepә'reiʃәn,n.,"n. 分离, 分居, 缺口, 退职\n[化] 分离",,,cet4-all source:ecdict cet4 cet6 family:separations,3704
september,sep'tembә,n.,n. 九月,,,cet4-all source:ecdict,
sequence,'si:kwәns,n.,"n. 序列, 续发事件, 顺序, 连续\nvt. 按顺序排好\n[计] 顺序",,,cet4-all source:ecdict cet4 cet6 cet6-core family:sequences family:sequenced family:sequencing,3143
series,'siәri:z,n.,"n. 串联, 序列, 连续, 系列, 丛书, 套, 级数, 组\n[计] 系列",,,cet4-all source:ecdict cet4 cet6 cet6-core,718
serious,'siәriәs,adj.,"a. 严肃的, 认真的, 重要的, 严重的\n[电] 严重的",,,cet4-all source:ecdict cet4 cet6,755
seriously,'siәriәsli,adv.,"adv. 严肃地, 认真地, 严重地",,,cet4-all source:ecdict cet4 cet6,1908
servant,'sә:vәnt,n.,"n. 仆人, 有用物, 公务员, 雇员\n[法] 受雇人, 服务者, 公务员",,,cet4-all source:ecdict cet4 cet6 family:servants,3938
serve,sә:v,vt.,"vt. 可作...用, 服务, 经历, 招待, 供应, 送交, 对待\nvi. 服务, 服役, 侍应, 适合, 有用, 开球\nn. 发球, 轮到发球",,,cet4-all source:ecdict family:served family:serving family:serves,401
service,'sә:vis,n.,"n. 服务, 贡献, 雇佣, 公职, 服役, 功劳, 仪式, 送达, 行政部门\nvt. 保养, 维修\na. 武装部队的, 服务性的, 仆人的, 耐用的\n[计] 服务, 业务",,,cet4-all source:ecdict family:services family:serviced family:servicing,263
session,'seʃәn,n.,"n. 期间, 开庭期, 会议, 学期\n[计] 会话, 对话, 会晤, 通用任务程序",,,cet4-all source:ecdict cet4 cet6 family:sessions,1544
set,set,n.,"n. 日落, 同伙, 组合, 集合, 装置\nvt. 放, 安置, 放置, 设定, 使凝结, 点燃, 确定, 点缀, 使就位, 树立, 分配, 调整\nvi. 日落, 凝固, 定型, 搁住, 结果, 适合\na. 决心的, 规定的, 故意的, 持久的, 固定的, 老套的, 准备好的\n[计] 设置; DOS内部命令:改变或显示分配给环境变量的值",,,cet4-all source:ecdict family:set family:dp family:setting family:sets,294
setting,'setiŋ,n.,"n. 环境, 背景, 布景, 镶嵌, 调整, 沉落, 一副餐具\n[计] 设置",,,cet4-all source:ecdict cet4 cet6 family:set family:i family:settings family:setting,1742
settle,'setl,n.,"n. 有背长椅\nvt. 决定, 整理, 安放, 使定居, 使平静, 支付, 安排, 解决, 结算\nvi. 停留, 下陷, 沉淀, 澄清, 安下心来, 结清, 定居, 安家",,,cet4-all source:ecdict cet4 cet6 cet6-core family:settled family:settling family:settles,1316
settlement,'setlmәnt,n.,"n. 安顿, 解决, 处理, 结算, 殖民, 殖民地, 沉降\n[医] 居住区; 沉渣",,,cet4-all source:ecdict cet4 cet6 cet6-core family:settlements,2167
seven,'sevn,num.,"num. 七, 七个",,,cet4-all source:ecdict,734
seventeen,sevn'ti:n,num.,"num. 十七, 十七个",,,cet4-all source:ecdict cet4 cet6,6318
seventh,'sevnθ,num.,"num. 第七, 七分之一",,,cet4-all source:ecdict,4110
seventy,'sevnti,num.,"num. 七十, 七十个",,,cet4-all source:ecdict cet4 cet6,7889
several,'sevәrәl,adj.,"a. 几个的, 一些的, 各自的\npron. 几个",,,cet4-all source:ecdict,310
severe,si'viә,adj.,"a. 严格的, 尖锐的, 严肃的, 严重的, 严厉的, 朴素的\n[法] 严厉的, 苛刻的, 严重的",,,cet4-all source:ecdict cet4 cet6 cet6-core family:severest family:severer,2330
severely,si'viәli,adv.,"adv. 严格, 尖锐, 严肃, 严重, 严厉, 朴素",,,cet4-all source:ecdict cet4 cet6,4850
sew,sәu,vt.,"vt. 缝纫, 缝合, 缝\nvi. 缝纫",,,cet4-all source:ecdict cet4 cet6 family:sewn family:sewing family:sewed family:sews,6478
sex,seks,n.,"n. 性别, 性欲\nvt. 区别...的性别, 引起...的性欲",,,cet4-all source:ecdict cet4 cet6 family:sexes family:sexing family:sexed,814
shade,ʃeid,n.,"n. 荫, 阴暗, 遮光物, 灯罩, 帘, 浓淡, 微量, 底纹\nvi. 渐变\nvt. 使阴暗, 使渐变, 遮蔽, 微减\n[计] 底纹",,,cet4-all source:ecdict cet4 cet6 family:shades family:shading family:shaded,2984
shadow,'ʃædәu,n.,"n. 阴影, 荫, 影子, 影像, 阴暗, 幽灵, 少许, 隐蔽处, 庇护\nvt. 遮蔽, 使朦胧, 预示, 尾随\nvi. 渐变, 变阴暗\n[计] 阴影",,,cet4-all source:ecdict cet4 cet6 family:shadowed family:shadowing family:shadows,1668
shady,'ʃeidi,adj.,"a. 荫凉的, 成荫的, 阴暗的, 隐蔽的\n[法] 成问题的, 令人怀疑的",,,cet4-all source:ecdict cet4 cet6 family:shadier family:shadiest,9404
shake,ʃeik,n.,"n. 摇动, 震动\nvt. 摇动, 动摇, 使震动, 挥舞\nvi. 震动, 发抖, 动摇",,,cet4-all source:ecdict cet4 cet6 family:shook family:shaking family:shaken family:shakes,942
shall,ʃæl,aux.,aux. 将,,,cet4-all source:ecdict,2197
shallow,'ʃælәu,n.,"n. 水浅的地方, 浅滩\na. 浅的, 肤浅的\nv. (使)变浅",,,cet4-all source:ecdict cet4 cet6 family:shallows family:shallower family:shallowest family:shallowed family:shallowing,4123
shame,ʃeim,n.,"n. 羞耻, 羞愧, 耻辱\nvt. 使羞愧, 侮辱",,,cet4-all source:ecdict cet4 cet6 family:shamed family:shames family:shaming,3767
shampoo,ʃæm'pu:,n.,"n. 洗头, 洗发剂\nvt. 洗头, 洗发",,,cet4-all source:ecdict cet4 cet6 family:shampoos family:shampooing family:shampooed,10085
shape,ʃeip,n.,"n. 形状, 形态, 外形, 形式, 身材\nvt. 定形, 使成形, 塑造, 计划, 使符合\nvi. 成形, 形成, 成长\n[计] 形状",,,cet4-all source:ecdict cet4 cet6 family:shapes family:shaped family:shaping,1267
share,ʃєә,n.,"n. 部分, 参与, 一份, 参股, 份额\nvt. 均分, 分担, 分享, 分配, 共有\nvi. 分享\n[计] 共享; DOS外部命令:在网络或多工系统中提供文件共享\n文件锁定及检测磁盘更动和对超过32MB硬盘分区的支持",,,cet4-all source:ecdict cet4 cet6 family:shares family:shared family:sharing,711
sharp,ʃɑ:p,n.,"n. 半升音调, 利刃, 骗子\na. 锋利的, 明显的, 敏锐的, 急剧的, 尖刻的, 严厉的, 刺耳的, 精明的\nadv. 锐利地, 急速地",,,cet4-all source:ecdict cet4 cet6 family:sharps,2049
sharpen,'ʃɑ:pn,vt.,"vt. 使尖锐, 使敏捷, 加重, 削尖\nvi. 尖锐化, 变锋利",,,cet4-all source:ecdict cet4 cet6 family:sharpened family:sharpening family:sharpens,8298
sharply,'ʃɑ:pli,adv.,"adv. 锐利地, 严厉地, 厉害地\n[经] 剧烈地",,,cet4-all source:ecdict cet4 cet6,3908
shave,ʃeiv,n.,"n. 修面, 刮胡子, 幸免, 剃刀\nvt. 修面, 剃, 修剪, 掠过\nvi. 刮脸, 勉强通过",,,cet4-all source:ecdict cet4 cet6 family:shaved family:shaving family:shaves,5779
she,ʃi:,pron.,pron. 她,,,cet4-all source:ecdict,31
shear,ʃiә,n.,"n. 修剪, 剪下的东西, 大剪刀, 切变, 剪切机, 切\nvt. 修剪, 割, 剥夺, 横越, 削剪\nvi. 剪, 修剪, 剪羊毛, 切断",,,cet4-all source:ecdict cet4 cet6 family:shears family:shorn family:shearing family:sheared,9594
shed,ʃed,n.,"n. 车棚, 小屋, 脱落之物, 分水岭\nvt. 使流出, 放射, 脱落, 散发, 摆脱\nvi. 流出, 散布, 脱落",,,cet4-all source:ecdict cet4 cet6 cet6-core family:sheds family:shed family:dp family:shedding,4356
sheep,ʃi:p,n.,"n. 羊, 胆小者",,,cet4-all source:ecdict family:sheeps,4210
sheet,ʃi:t,n.,"n. 床单, 张, 纸张, 印刷品, 裹尸布, 薄片\nvt. 盖上被单, 遍布\nvi. 大片落下\na. 片状的, 成薄片的\n[计] 工作表",,,cet4-all source:ecdict cet4 cet6 family:sheets family:sheeted family:sheeting,1753
shelf,ʃelf,n.,"n. 架子, 搁板\n[化] 架子",,,cet4-all source:ecdict cet4 cet6 family:shelves,2947
shell,ʃel,n.,"n. 贝壳, 壳, 外形, 炮弹\nvt. 去壳, 脱落, 炮轰\nvi. 剥落, 脱壳\n[计] 外壳; DOS内部命令:指定命令行处理程序",,,cet4-all source:ecdict cet4 cet6 family:shells family:shelling family:shelled,2560
shelter,'ʃeltә,n.,"n. 庇护所, 避难所, 庇护, 隐蔽处, 掩蔽\nvt. 庇护, 保护, 隐匿\nvi. 躲避",,,cet4-all source:ecdict cet4 cet6 family:shelters family:sheltering family:sheltered,2874
shepherd,'ʃepәd,n.,"n. 牧羊人, 牧羊犬, 牧师, 保护者\nvt. 看守, 领导, 指导, 牧羊",,,cet4-all source:ecdict cet4 cet6 cet6-core family:shepherds family:shepherded family:shepherding,8911
shield,'ʃi:ld,n.,"n. 盾, 防卫物, 保护者, 屏蔽\nvt. 保护, 遮蔽, 屏蔽, 庇护, 挡开, 避开\nvi. 起保护作用",,,cet4-all source:ecdict cet4 cet6 cet6-core family:shields family:shielding family:shielded,5606
shift,ʃift,n.,"n. 变化, 移动, 轮班, 手段, 应急办法, 移位\nvt. 替换, 转移, 改变, 推卸, 变速\nvi. 转换, 移动, 转变, 推托, 变速\n[计] DOS内部命令:该命令可将批处理参数向左移动一个位置",,,cet4-all source:ecdict cet4 cet6 family:shifts family:shifted family:shifting,1680
shilling,'ʃiliŋ,n.,n. 先令\n[经] 先令,,,cet4-all source:ecdict cet4 cet6 family:shillings,23182
shine,ʃain,n.,"n. 光泽, 阳光\nvt. 使发光\nvi. 照耀, 发光, 发亮",,,cet4-all source:ecdict family:shone family:shining family:shines,3385
ship,ʃip,n.,"n. 船, 舰\nvt. 以船运送, 装船, 运送\nvi. 上船, 乘船",,,cet4-all source:ecdict family:ships family:shipped family:shipping,1219
shirt,ʃә:t,n.,"n. 衬衫, 内衣, 汗衫",,,cet4-all source:ecdict family:shirts,1771
shiver,'ʃivә,vi.,"vi. 颤抖, 哆嗦, 被打碎\nvt. 使迎风飘动, 粉碎\nn. 战栗, 碎块",,,cet4-all source:ecdict cet4 cet6 family:shivered family:shivering family:shivers,6211
shock,ʃɒk,n.,"n. 震动, 冲突, 震惊, 冲击, 突击, 禾束堆, 休克, 长毛狗\nvt. 使震动, 使休克, 使受电击, 震惊得\nvi. 震动, 吓人\na. 蓬乱浓密的",,,cet4-all source:ecdict cet4 cet6 family:shocked family:shocks family:shocking,2298
shoe,ʃu:,n.,"n. 鞋, 靴, 外胎\nvt. 给...穿鞋, 为马钉蹄铁",,,cet4-all source:ecdict family:shoes family:shod family:shoeing,1423
shoot,ʃu:t,n.,"n. 射击, 狩猎, 芽, 射伤, 发射, 发芽, 急流, 推力, 摄影, 急送, 滑运道, 浪费\nvt. 射击, 射中, 损毁, 拍摄, 喷出, 投射, 挥出, 飞速行进, 挥霍, 给...注射\nvi. 射出, 射击, 发出, 拍电影, 射门, 发芽",,,cet4-all source:ecdict cet4 cet6 family:shot family:shooting family:shoots,732
shop,ʃɒp,n.,"n. 商店, 工厂, 车间\nvi. 购物, 到处寻找\nvt. 选购",,,cet4-all source:ecdict family:shops family:shopping family:shopped,1338
shopkeeper,'ʃɒp.ki:pә,n.,"n. 零售商, 店主, 老板",,,cet4-all source:ecdict cet4 cet6 family:shopkeepers,12729
shopping,'ʃɒpiŋ,n.,"n. 买东西, 购物\n[经] 购物, 买东西",,,cet4-all source:ecdict cet4 cet6 family:shop family:i family:shopping,2713
shore,ʃɒ:,n.,"n. 海岸, 海滨, 斜撑柱\nvt. 把...送上岸, 支撑, 支持",,,cet4-all source:ecdict cet4 cet6 family:shores family:shoring family:shored,3244
short,ʃɒ:t,adj.,"a. 短的, 近的, 矮的, 短期的, 简短的, 少量的\nadv. 简短地, 突然\nn. 扼要, 短片, 缺乏\nvt. 故意少给, 使短路",,,cet4-all source:ecdict family:shorter family:shortest family:shorting family:shorted family:shorts,627
shortage,'ʃɒ:tidʒ,n.,"n. 不足, 缺乏\n[化] 缺额",,,cet4-all source:ecdict cet4 cet6 family:shortages,4027
shortcoming,'ʃɒ:t'kʌmiŋ,n.,"n. 缺点, 短处",,,cet4-all source:ecdict cet4 cet6 family:shortcomings,8140
shortly,'ʃɒ:tli,adv.,"adv. 不久, 简短, 唐突地",,,cet4-all source:ecdict cet4 cet6,2853
shot,ʃɒt,n.,"n. 发射, 炮弹, 射击, 射手, 投篮, 射门, 子弹, 射程, 拍摄, 注射\nvt. 装弹, 使成颗粒状\na. 杂色的, 交织着的, 渗透的, 点焊的, 破旧的\nshoot的过去式和过去分词",,,cet4-all source:ecdict cet4 cet6 family:shoot family:dp family:shots,1053
should,ʃud,aux.,"aux. 应该, 将要",,,cet4-all source:ecdict,121
shoulder,'ʃәuldә,n.,"n. 肩, 肩膀, 衣肩\nvt. 肩负, 负担, 担任\nvi. 用肩推挤",,,cet4-all source:ecdict cet4 cet6 family:shoulders family:shouldered family:shouldering,986
shout,ʃaut,n.,"n. 呼喊, 喊声\nvi. 呼喊, 喊叫, 嚷\nvt. 高喊",,,cet4-all source:ecdict family:shouted family:shouting family:shouts,2154
show,ʃәu,n.,"n. 显示, 表现, 展览, 卖弄, 炫耀, 外观, 演出, 洋相\nvt. 表示, 显示, 展现, 陈列, 演出, 表明, 指出, 带领\nvi. 露面, 显现, 演出\n[计] 显示",,,cet4-all source:ecdict family:shown family:showed family:shows family:showing,177
shower,'ʃauә,n.,"n. 阵雨, 淋浴, 一阵, 展出者, 显示者\nvi. 淋浴, 下阵雨\nvt. 淋湿, 倾注",,,cet4-all source:ecdict cet4 cet6 family:showers family:showered family:showering,3204
shriek,ʃri:k,n.,"n. 尖锐的响声\nvi. 尖叫, 发尖声\nvt. 尖声发出",,,cet4-all source:ecdict cet4 cet6 family:shrieked family:shrieking family:shrieks,9309
shrink,ʃriŋk,n.,"n. 收缩, 萎缩, 回避\nvi. 收缩, 退缩, 萎缩, 缩小, 回避\nvt. 使收缩, 使缩小",,,cet4-all source:ecdict cet4 cet6 cet6-core family:shrank family:shrunk family:shrinking family:shrinks,4474
shut,ʃʌʃ,n.,"n. 关闭\nvt. 关上, 闭起, 幽禁, 合拢, 轧住\nvi. 关上, 停止营业",,,cet4-all source:ecdict cet4 cet6 family:shut family:dp family:shutting family:shuts,1541
shy,ʃai,n.,"n. 惊跳, 惊避\na. 胆怯的, 畏缩的, 迟疑的, 羞怯的\nvi. 惊退, 乱投, 乱掷, 厌恶, 避开\nvt. 乱投, 乱掷",,,cet4-all source:ecdict cet4 cet6 family:shied family:shying family:shies family:shyer family:shyest,4407
sick,sik,n.,"n. 病人\na. 不舒服, 有病的, 恶心的, 厌恶的, 渴望的, 病态的\nvt. 呕吐, 追击, 使(狗)去攻击",,,cet4-all source:ecdict family:sicker family:sickest family:sicks,1746
sickness,'siknis,n.,"n. 疾病, 不健康, 呕吐\n[医] 病",,,cet4-all source:ecdict cet4 cet6 family:sicknesses,7417
side,said,n.,"n. 旁边, 侧, 方面, 胁, 侧边, 血统\na. 旁的, 侧的, 次要的\nvt. 同意, 支持\nvi. 支持, 赞助",,,cet4-all source:ecdict family:sides family:sided family:siding,249
sideways,'saidweiz,adv.,"adv. 向旁边, 向侧面地\na. 旁边的, 向侧面的",,,cet4-all source:ecdict cet4 cet6,7384
sigh,sai,n.,"n. 叹息\nvi. 叹息, 渴望\nvt. 叹息着说",,,cet4-all source:ecdict cet4 cet6 family:sighed family:sighs family:sighing,3349
sight,sait,n.,"n. 景观, 视力, 眼界, 阅读, 见解, 意见\nvt. 看见, 瞄准\nvi. 瞄准, 观看\na. 即席的, 见票即付的",,,cet4-all source:ecdict cet4 cet6 family:sights family:sighted family:sighting,1629
sightseeing,'saitsi:iŋ,n.,"n. 观光, 游览\na. 观光的, 游览的",,,cet4-all source:ecdict cet4 cet6 family:sightseeing family:i,16109
sign,sain,n.,"n. 符号, 招牌, 征兆, 正负号, 手势\nvt. 签名, 打手势表达\nvi. 签名\n[计] 正负号; 符号; 符号字符",,,cet4-all source:ecdict cet4 cet6 family:signs family:signed family:signing,759
signal,'signl,n.,"n. 信号, 暗号, 近因, 导火线\nvt. 向...作信号, 标志, 用信号通知\nvi. 发信号\na. 作为信号的, 显著的\n[计] 信号",,,cet4-all source:ecdict cet4 cet6 cet6-core family:signals family:signalled family:signalling,2078
signature,'signәtʃә,n.,"n. 签字, 识别标志, 调号\n[计] 签名附件",,,cet4-all source:ecdict cet4 cet6 family:signatures,3773
significance,sig'nifikәns,n.,"n. 重要性, 意义, 意味\n[计] 有效; 有效性",,,cet4-all source:ecdict cet4 cet6 family:significances,2937
significant,sig'nifikәnt,adj.,"a. 重要的, 有效的, 有含义的, 暗示的, 值得注意的",,,cet4-all source:ecdict cet4 cet6 cet6-core,719
silence,'sailәns,n.,"n. 沉默, 无声, 静寂, 湮没, 无声息\nvt. 使缄默\ninterj. 安静",,,cet4-all source:ecdict cet4 cet6 family:silenced family:silencing family:silences,1820
silent,'sailәnt,adj.,"a. 沉默的, 安静的, 无声的, 静止的\n[医] 静止的, 无症状的",,,cet4-all source:ecdict cet4 cet6,2160
silk,silk,n.,"n. 丝, 绸, 绸锻类, 丝织品\na. 丝的, 丝织的",,,cet4-all source:ecdict family:silks,3969
silly,'sili,adj.,"a. 愚蠢的, 糊涂的",,,cet4-all source:ecdict cet4 cet6 family:silliest family:sillier,4009
silver,'silvә,n.,"n. 银, 银币, 银器\na. 银的, 银制的, 银器的\nvt. 镀银\nvi. 变银白色",,,cet4-all source:ecdict cet4 cet6 family:silvering family:silvered family:silvers,2439
similar,'similә,adj.,"a. 相似的, 类似的\nn. 相似的东西",,,cet4-all source:ecdict cet6-core,720
similarly,'similәli,adv.,"adv. 相像地, 类似于",,,cet4-all source:ecdict cet4 cet6,2792
simple,'simpl,adj.,"a. 简单的, 普通的, 朴素的, 单纯的, 绝对的, 初级的, 原始的, 迟钝的\nn. 出身低微者, 傻子",,,cet4-all source:ecdict family:simplest family:simpler,763
simplicity,sim'plisiti,n.,"n. 单纯, 简朴, 朴素, 坦率, 天真\n[计] 简明性",,,cet4-all source:ecdict cet4 cet6 family:simplicities,7007
simplify,'simplifai,vt.,"vt. 单一化, 简单化",,,cet4-all source:ecdict cet4 cet6 family:simplified family:simplifies family:simplifying,8483
simply,'simpli,adv.,"adv. 简单地, 只是, 简直, 简朴地, 坦白地",,,cet4-all source:ecdict,583
sin,sin,n.,"n. 罪, 犯罪, 过失, 失礼\nv. 犯",,,cet4-all source:ecdict cet4 cet6 family:sins family:sinned family:sinning,3285
since,sins,prep.,"prep. 自...以后, 自...以来\nadv. 自那时以后\nconj. 既然, 自...以后, 自...以来",,,cet4-all source:ecdict,260
sincere,sin'siә,adj.,"a. 诚实的, 正直的, 真挚的, 纯净的",,,cet4-all source:ecdict cet4 cet6 family:sincerest family:sincerer,6875
sing,siŋ,vi.,"vi. 唱, 唱歌, 演唱, 鸣, 啼\nvt. 唱, 歌颂\nn. 嗖嗖声",,,cet4-all source:ecdict family:singing family:sang family:sung family:sings,1013
singer,'siŋә,n.,n. 歌手,,,cet4-all source:ecdict cet4 cet6 family:singers,2823
single,'siŋgl,adj.,"a. 单身的, 单程的, 单一的, 个别的, 孤独的, 专一的\nn. 一个, 单打, 单程票\nvt. 选出\nvi. 击出一垒打\n[计] 单精度型",,,cet4-all source:ecdict family:singles family:singled family:singling,632
singular,'siŋgjulә,n.,"n. 单数\na. 异常的, 单一的",,,cet4-all source:ecdict cet4 cet6 family:singulars,9212
sink,siŋk,n.,"n. 藏垢的场所, 沟渠, 污水槽\nvi. 下沉, 沉没, 下陷, 减弱, 衰退, 消沉, 堕落, 渗透\nvt. 使低落, 使下沉, 陷于, 投入(资金等), 挖掘",,,cet4-all source:ecdict cet4 cet6 family:sank family:sunk family:sinking family:sinks,2809
sir,sә:,n.,"n. 先生, 阁下",,,cet4-all source:ecdict family:sirs,2108
sister,'sistә,n.,"n. 姐妹, 姐, 妹, 护士, 修女\nvt. 姐妹般对待",,,cet4-all source:ecdict family:sisters,823
sit,sit,vi.,"vi. 坐, 就座, 坐落\nvt. 使就座, 骑\nn. 坐, 衣服合身",,,cet4-all source:ecdict family:sat family:sitting family:sits,268
site,sait,n.,"n. 位置, 场所, 地点\nvt. 给...择址",,,cet4-all source:ecdict cet4 cet6 family:sites family:sited family:siting,532
situation,.sitju'eiʃәn,n.,"n. 情形, 境遇, 位置\n[医] 情境, 处境",,,cet4-all source:ecdict cet4 cet6 family:situations,548
six,siks,num.,"num. 六, 六个",,,cet4-all source:ecdict,424
sixteen,'siks'ti:n,num.,"num. 十六, 十六个",,,cet4-all source:ecdict,5324
sixth,siksθ,num.,"num. 第六, 六分之一",,,cet4-all source:ecdict,3527
sixty,'siksti,num.,"num. 六十, 六十个",,,cet4-all source:ecdict cet4 cet6,5642
size,saiz,n.,"n. 大小, 尺寸, 规模, 尺码, 能力, 浆料\nvt. 上浆, 依大小排列\nvi. 可比拟\na. 一定大小的, 一定尺寸的",,,cet4-all source:ecdict family:sizes family:sized family:sizing,752
skate,skeit,n.,"n. 溜冰, 冰鞋\nvi. 滑冰, 滑过",,,cet4-all source:ecdict cet4 cet6 family:skating family:skates family:skated,5756
sketch,sketʃ,n.,"n. 素描, 草图, 小品\nv. 描绘略图, 画素描或速写",,,cet4-all source:ecdict cet4 cet6 family:sketches family:sketched family:sketching,5051
ski,ski:,n.,n. 滑雪橇\nvi. 滑雪,,,cet4-all source:ecdict cet4 cet6 family:skis family:skiing family:skied,3032
skill,'skil,n.,"n. 技术, 技巧, 技能, 熟练, 熟练工人\n[化] 技能",,,cet4-all source:ecdict cet4 cet6 family:skills,821
skilled,'skild,adj.,"a. 熟练的\n[经] 熟练的, 有技能的",,,cet4-all source:ecdict cet4 cet6,4903
skillful,'skilful,adj.,"a. 熟练的, 巧妙的\n[机] 熟练的",,,cet4-all source:ecdict cet4 cet6,12290
skim,skim,vt.,"vt. 撇取浮沫, 略读, 掠过\nvi. 擦过, 浏览\nn. 脱脂乳, 擦过, 表层物\na. 撇去浮沫的",,,cet4-all source:ecdict cet4 cet6 family:skimming family:skimmed family:skims,8515
skin,skin,n.,"n. 皮肤, 皮\nvt. 剥皮, 在...植皮\nvi. 长皮, 愈合, 蜕皮",,,cet4-all source:ecdict cet4 cet6 family:skins family:skinned family:skinning,1019
skirt,skә:t,n.,"n. 裙子, 下摆, 边缘, 郊区\nvt. 位于...边缘, 绕过, 回避\nvi. 位于边缘",,,cet4-all source:ecdict family:skirts family:skirted family:skirting,3637
sky,skai,n.,"n. 天空, 天色, 天堂\nvt. 击向空中, 挂在高处\nvi. 高涨",,,cet4-all source:ecdict family:skies family:skied family:skying,1147
slam,slæm,n.,"n. 砰然声, 猛然, 猛烈的抨击\nvt. 猛然关上, 砰地关上, 猛烈抨击\nvi. 砰地关上, 猛攻",,,cet4-all source:ecdict cet4 cet6 family:slammed family:slamming family:slams,3458
slave,sleiv,n.,"n. 奴隶, 从动装置, 卑鄙的人\nvi. 拼命工作\n[计] 从设备",,,cet4-all source:ecdict cet4 cet6 family:slaves family:slaving family:slaved,2727
slavery,'sleivәri,n.,"n. 奴隶的身分, 奴隶状态, 奴隶制度\n[法] 奴隶制度, 奴役, 苦役",,,cet4-all source:ecdict cet4 cet6,4574
sleep,sli:p,n.,"n. 睡眠, 静止, 昏迷, 麻木, 长眠, 冬眠\nvi. 睡觉, 睡眠, 静止\nvt. 睡",,,cet4-all source:ecdict family:slept family:sleeping family:sleeps,1172
sleepy,'sli:pi,adj.,"a. 困乏的, 欲睡的",,,cet4-all source:ecdict cet4 cet6 family:sleepier family:sleepies,7429
sleeve,sli:v,n.,"n. 袖子, 套管\nvt. 缝上袖子",,,cet4-all source:ecdict cet4 cet6 family:sleeves family:sleeved family:sleeving,4567
slender,'slendә,adj.,"a. 苗条的, 纤弱的, 微少的, 微薄的\n[机] 细的, 纤细的",,,cet4-all source:ecdict cet4 cet6 family:slendering,6578
slice,slais,n.,"n. 薄的切片, 一部分, 菜刀\nvt. 切成薄片, 切下\nvi. 切\n[计] 片",,,cet4-all source:ecdict cet4 cet6 cet6-core family:slices family:slicing family:sliced,3333
slide,slaid,n.,"n. 滑, 滑道, 山崩, 雪崩, 幻灯片\nvt. 使滑动, 偷偷放入\nvi. 滑动, 滑落, 不知不觉陷入, 偷偷地走",,,cet4-all source:ecdict cet4 cet6 cet6-core family:slid family:slides family:sliding,2174
slight,slait,n.,"n. 轻蔑, 怠慢\na. 轻微的, 纤细的, 脆弱的, 苗条的\nvt. 轻视, 忽略, 怠慢",,,cet4-all source:ecdict cet4 cet6 cet6-core family:slightest family:slighter family:slights family:slighted family:slighting,2982
slightly,'slaitli,adv.,"adv. 些微地, 苗条地",,,cet4-all source:ecdict cet4 cet6,1408
slip,slip,n.,"n. 滑, 滑行, 事故, 溜, 差错, 滑台, 下降, 插条, 后裔, 板条, 瘦长的年轻人\nvi. 滑动, 滑倒, 失足, 溜走, 滑落, 犯错, 变坏\nvt. 使滑动, 滑过, 摆脱, 闪开, 塞入, 从...取接枝\na. 滑动的, 滑移的, 活络的, 有活结的\n[计] 串行线接口协议",,,cet4-all source:ecdict cet4 cet6 cet6-core family:slipped family:slipping family:slips,1786
slipper,'slipә,n.,"n. 拖鞋, 制轮器\nvt. 用拖鞋打",,,cet4-all source:ecdict cet4 cet6 family:slippers family:slippered family:slippering,8779
slippery,'slipәri,adj.,"a. 滑的, 光滑的, 靠不住的, 圆滑的, 不稳固的\n[法] 狡猾的, 不可靠的, 不安定的",,,cet4-all source:ecdict cet4 cet6 cet6-core,7707
slit,slit,n.,"n. 裂缝, 投币口, 狭长裂口\nvt. 切开, 扯裂, 使有狭缝\nvi. 纵切, 纵裂",,,cet4-all source:ecdict cet4 cet6 family:slits family:slit family:dp family:slitting,11326
slogan,'slәugәn,n.,"n. 呐喊声, 标语, 口号",,,cet4-all source:ecdict cet4 cet6 cet6-core family:slogans family:sloganned,6076
slope,slәup,n.,"n. 倾斜, 斜坡, 斜率, 扛枪姿势\nvt. 使倾斜, 弄斜, 扛\nvi. 倾斜, 走, 逃走",,,cet4-all source:ecdict cet4 cet6 cet6-core family:slopes family:sloped family:sloping,3434
slow,slәu,adj.,"a. 慢的, 缓慢的, 迟缓的, 迟钝的, 冷漠的, 落后的\nadv. 慢地, 迟缓地\nv. (使)慢下来",,,cet4-all source:ecdict family:slower family:slowing family:slowed family:slows family:slowest,1761
slowly,'slәuli,adv.,"adv. 慢慢地, 迟缓地",,,cet4-all source:ecdict cet4 cet6,1222
slum,slʌm,n.,n. 贫民窟\nvi. 访问贫民区,,,cet4-all source:ecdict cet4 cet6 cet6-core family:slums family:slumming family:slummed,9642
sly,slai,adj.,"a. 狡猾的, 诡密的, 俏皮的, 偷偷摸摸的",,,cet4-all source:ecdict cet4 cet6,9698
small,smɒ:l,adj.,"a. 小的, 少的, 小型的, 低微的, 小气的, 细微的\nadv. 些微地\nn. 狭小部分",,,cet4-all source:ecdict family:smaller family:smallest,203
smart,smɑ:t,adj.,"a. 聪明的, 漂亮的, 刺痛的, 剧烈的, 敏捷的, 巧妙的, 伶俐的, 潇洒的\nn. 刺痛, 痛苦\nvi. 刺痛",,,cet4-all source:ecdict cet4 cet6 family:smarter family:smarting family:smartest family:smarted family:smarts,1856
smell,smel,n.,"n. 味道, 气味, 嗅觉, 嗅, 臭味, 气息\nvt. 闻, 探出, 察觉, 发出...的气味\nvi. 嗅, 散发气味, 发臭",,,cet4-all source:ecdict family:smells family:smelled family:smelling family:smelt,2390
smile,smail,n.,"n. 微笑, 喜色, 笑容\nvi. 微笑, 觉得好笑\nvt. 微笑着表示",,,cet4-all source:ecdict family:smiled family:smiling family:smiles,1068
smog,smәug,n.,n. 烟雾\n[化] 烟雾,,,cet4-all source:ecdict cet4 cet6 family:smogs,12947
smoke,smәuk,n.,"n. 烟, 雾气, 烟熏剂, 抽烟, 烟色\nvi. 吸烟, 冒烟, 弥漫\nvt. 以烟熏, 抽烟而导致...",,,cet4-all source:ecdict family:smoking family:smoked family:smokes,2414
smooth,smu:ð,adj.,"a. 平滑的, 平稳的, 流畅的, 和蔼的, 安祥的, 圆滑的, 调匀的, 无毛的\nvt. 使光滑, 烫平, 使平和, 消除\nvi. 变平滑, 变平静\nn. 一块平地, 平滑部分",,,cet4-all source:ecdict cet4 cet6 family:smoothing family:smoother family:smoothed family:smooths family:smoothest,2422
smoothly,'smu:ðli,adv.,"adv. 平滑地, 流畅地, 流利地",,,cet4-all source:ecdict cet4 cet6,6168
snake,sneik,n.,"n. 蛇, 阴险的人\nvi. 曲折行进\nvt. 迂回, 拉, 急抽",,,cet4-all source:ecdict cet4 cet6 family:snakes family:snaked family:snaking,3481
snow,snәu,n.,"n. 雪, 积雪, 下雪, 雪花形干扰\nvi. 下雪, 似雪般落下\nvt. 使雪白, 用雪覆盖, 使像雪般落下",,,cet4-all source:ecdict family:snowing family:snows family:snowed,1781
snowstorm,'snәustɒ:m,n.,n. 暴风雪\n[化] 雪暴,,,cet4-all source:ecdict cet4 cet6 family:snowstorms,13456
snowy,'snәui,adj.,"a. 多雪的, 雪的, 被雪所覆盖着的, 下雪的",,,cet4-all source:ecdict cet4 cet6 family:snowys family:snowiest,9600
so,sәu,adv.,"adv. 如此, 如是, 如...那样\nconj. 所以, 因此\npron. 这样",,,cet4-all source:ecdict,55
soak,sәuk,n.,"n. 浸, 湿透, 大雨\nvt. 使上下湿透, 浸, 吸入, 吸收, 浸洗掉\nvi. 浸泡, 渗透",,,cet4-all source:ecdict cet4 cet6 family:soaking family:soaked family:soaks,4835
soap,sәup,n.,"n. 肥皂, 阿谀\nvt. 以肥皂洗, 阿谀\n[计] 评语",,,cet4-all source:ecdict cet4 cet6 family:soaps family:soaping family:soaped,4344
sob,sɒb,vi.,"vi. 啜泣, 呜咽\nvt. 哭诉, 哭得使\nn. 啜泣, 呜咽",,,cet4-all source:ecdict cet4 cet6 family:sobbing family:sobbed family:sobs,7230
sober,'sәubә,adj.,"a. 未醉的, 稳重的, 节制的, 严肃的, 不夸大的, 合理的, 朴素的\nvt. 使醒酒, 使严肃\nvi. 从醉里醒来, 变严肃",,,cet4-all source:ecdict cet4 cet6 cet6-core family:sobered family:sobers family:sobering,7423
so-called,,adj.,"a. 所谓的, 号称的\n[法] 所谓的, 据称的",,,cet4-all source:ecdict cet4 cet6,
soccer,'sɒkә,n.,n. 英式足球,,,cet4-all source:ecdict cet4 cet6,3353
social,'sәuʃәl,adj.,"a. 社会的, 群居的, 社交的\nn. 联欢会",,,cet4-all source:ecdict cet4 cet6,319
socialism,'sәuʃәlizm,n.,"n. 社会主义, 社会主义运动",,,cet4-all source:ecdict cet4 cet6 family:socialisms,7238
socialist,'sәuʃәlist,n.,"n. 社会主义者, 社会党党员\n[法] 社会主义的",,,cet4-all source:ecdict cet4 cet6 family:socialists,5591
society,sә'saiәti,n.,n. 社会；社交界；交往；社团,,,cet4-all source:ecdict cet4 cet6 family:societies,507
sock,sɒk,n.,"n. 短袜, 鞋垫, 一击\nvt. 重击, 猛投, 给...穿袜\nvi. 打击\nadv. 正着地, 不偏不倚地\na. 非常成功的",,,cet4-all source:ecdict cet4 cet6 family:socks family:socked family:socking,4277
soda,'sәudә,n.,"n. 苏打, 碳酸水\n[化] 纯碱; 苏打; 碳酸钠",,,cet4-all source:ecdict cet4 cet6 family:sodas,5125
soft,sɒft,adj.,"a. 软的, 温和的, 柔和的, 柔滑的, 温柔的, 软弱的, 坡度小的, 笨的, 纸币的\nn. 柔软的东西, 笨人, 纸币\nadv. 柔软地, 温和地",,,cet4-all source:ecdict cet4 cet6 family:softer family:softest,1374
softly,'sɒftli,adv.,"adv. 柔和地, 静静地, 温柔地",,,cet4-all source:ecdict cet4 cet6,4040
soil,sɒil,n.,"n. 土壤, 土地, 国家, 国土, 温床, 污物, 粪便, 水池\nvt. 弄脏, 污辱\nvi. 变脏",,,cet4-all source:ecdict cet4 cet6 family:soils family:soiled family:soiling,1791
solar,'sәulә,adj.,"a. 太阳的, 日光的, 源自太阳的\n[医] 太阳的; 腹腔丛的",,,cet4-all source:ecdict cet4 cet6,2744
soldier,'sәuldʒә,n.,"n. 军人, 士兵, 兵蚁\nvi. 从军, 尽职, 偷懒, 磨洋工",,,cet4-all source:ecdict family:soldiers family:soldiered family:soldiering,1003
sole,sәul,n.,"n. 脚掌, 鞋底, 底部\na. 唯一的, 仅有的, 单独的, 独身的\nvt. 上鞋底, 触底",,,cet4-all source:ecdict cet4 cet6 family:soles family:soled family:soling,4535
solely,'sәulli,adv.,"adv. 仅仅, 单独地",,,cet4-all source:ecdict cet4 cet6,4671
solemn,'sɒlәm,adj.,"a. 严肃的, 郑重的, 庄严的",,,cet4-all source:ecdict cet4 cet6 cet6-core,9168
solid,'sɒlid,n.,"n. 固体\na. 坚硬的, 稳固的, 固体的, 实心的, 纯质的, 立体的, 立方的\n[计] 原色",,,cet4-all source:ecdict cet4 cet6 family:solids,2011
soluble,'sɒljubl,adj.,"a. 溶解的, 可溶解的, 可以解决的\n[医] 溶解的, 可溶的",,,cet4-all source:ecdict cet4 cet6 cet6-core family:solubles,18497
solution,sә'lu:ʃәn,n.,"n. 解决, 解答, 溶液\n[化] 溶液",,,cet4-all source:ecdict cet4 cet6 cet6-core family:solutions,1221
solve,sɒlv,vt.,"vt. 解决, 付给, 溶解\nvt. 求解\nvi. 求解\n[计] 求解",,,cet4-all source:ecdict cet4 cet6 family:solved family:solving family:solves,1825
some,sʌm,pron.,"pron. 一些, 一部分, 若干\nadv. 大约\na. 一些的, 少许的, 某一的",,,cet4-all source:ecdict,60
somebody,'sʌmbɒdi,n.,"n. 了不起的人, 大人物\npron. 有人, 某人",,,cet4-all source:ecdict,1000
somehow,'sʌmhau,adv.,adv. 不知何故,,,cet4-all source:ecdict cet4 cet6,1649
someone,'sʌmwʌn,pron.,"pron. 有人, 某人",,,cet4-all source:ecdict,419
something,'sʌmθiŋ,pron.,"pron. 某事, 某物",,,cet4-all source:ecdict,142
sometime,'sʌmtaim,adj.,"a. 以前的, 某一时间的\nadv. 改天, 来日",,,cet4-all source:ecdict cet4 cet6,4914
sometimes,'sʌmtaimz,adv.,"adv. 有时, 时常, 往往",,,cet4-all source:ecdict,445
somewhat,'sʌmhwɒt,n.,"n. 某物, 几分\nadv. 多少, 几分",,,cet4-all source:ecdict cet4 cet6,1897
somewhere,'sʌmhwєә,adv.,"adv. 到某处, 在某处",,,cet4-all source:ecdict,1588
son,sʌn,n.,"n. 儿子, 女婿, 子孙\n[法] 儿子, 女婿, 养子",,,cet4-all source:ecdict family:sons,481
song,sɒŋ,n.,"n. 歌, 曲, 鸣声, 歌唱, 歌曲, 诗歌",,,cet4-all source:ecdict family:songs,851
soon,su:n,adv.,"adv. 不久, 早, 快, 宁可",,,cet4-all source:ecdict,610
sophisticated,sә'fistikeitid,adj.,"a. 复杂的, 久经世故的\n[法] 尖端的, 高级的, 非常有经验的",,,cet4-all source:ecdict cet4 cet6 cet6-core family:dp family:sophisticate,3077
sore,sɒ:,adj.,"a. 悲伤的, 痛的, 引起痛苦的\nn. 痛处, 溃疡, 疮",,,cet4-all source:ecdict cet4 cet6 family:sores family:sorer,6349
sorrow,'sɒrәu,n.,"n. 悲伤, 哀惜, 不幸\nvi. 悲伤, 懊悔, 遗憾",,,cet4-all source:ecdict cet4 cet6 family:sorrows family:sorrowed family:sorrowing,6304
sorry,'sɒri,adj.,"a. 难过的, 悲哀的, 遗憾的",,,cet4-all source:ecdict family:sorrier,1205
sort,sɒ:t,n.,"n. 种类, 方式, 品质, 态度, 举止\nvt. 分类, 排序, 挑选\nvi. 交往, 协调\n[计] 排序; DOS外部命令:从标准输入设备接收数据, 整个数据输入完后\n对它以行为单位进行排序, 然后在标准输出设备上输出",,,cet4-all source:ecdict cet4 cet6 family:sorts family:sorted family:sorting,835
soul,sәul,n.,"n. 灵魂, 心灵, 精神, 精髓, 人, 化身, 典型, 鬼魂\na. 黑人的",,,cet4-all source:ecdict cet4 cet6 family:souls,1604
sound,saund,n.,"n. 声音, 语音, 吵闹, 声调, 听力范围, 探条, 海峡\na. 健全的, 可靠的, 合理的, 健康的, 彻底的, 资金充实的\nadv. 彻底地, 充分地\nvi. 发出声音, 回响, 测深, 试探, 听起来\nvt. 使发声, 宣告, 听诊, 测...深, 试探\n[计] 声音",,,cet4-all source:ecdict family:sounds family:sounded family:sounding family:sounder,702
soup,su:p,n.,"n. 汤, 马力\nvt. 加速, 增加马力",,,cet4-all source:ecdict cet4 cet6 family:soups family:souped family:souping,2997
sour,'sauә,adj.,"a. 酸的, 酸臭的, 发酵的, 愠怒的, 讨厌的, 拙劣的, 不健全的\nvi. 变酸, 发酵, 厌烦, 变坏\nvt. 使变酸, 使失望\nn. 酸味, 酸饮料",,,cet4-all source:ecdict cet4 cet6 cet6-core family:soured family:sours family:souring family:sourer family:sourest,5281
source,sɒ:s,n.,"n. 来源, 水源, 根源, 原始资料, 源\n[计] 来源, 源程序",,,cet4-all source:ecdict cet4 cet6 family:sources family:sourced family:sourcing,597
south,sauθ,n.,"n. 南方, 南\na. 南的, 向南的\nadv. 在南方\nvi. 转向南方",,,cet4-all source:ecdict,636
southeast,sauθ'i:st,n.,"n. 东南, 东南地区\na. 东南的, 向东南的, 来自东南的\nadv. 往东南, 来自东南",,,cet4-all source:ecdict cet4 cet6,3708
southern,'sʌðәn,n.,"n. 南方人, 男风\na. 向南方的, 来自南方的",,,cet4-all source:ecdict cet4 cet6,1105
southwest,sauθ'west,n.,"n. 西南, 西南方, 西南地区\na. 西南的, 来自西南方的\nadv. 往西南, 来自西南",,,cet4-all source:ecdict cet4 cet6,3564
soviet,'sәuviәt,n.,"n. 代表会议, 苏维埃, 苏联\na. 苏维埃的, 苏联的",,,cet4-all source:ecdict cet4 cet6 family:soviets,1246
sow,sau. sәu,n.,"n. 母猪, 懒胖女人\nvt. 播种, 散布, 使密布\nvi. 播种",,,cet4-all source:ecdict cet4 cet6 family:sown family:sows family:sowing family:sowed,10366
space,speis,n.,"n. 位置, 空间, 距离, 太空, 空白, 间隔, (期刊等的)篇幅\nvt. 隔开, 分隔\nvi. 留间隔\n[计] 空白, 空格校验",,,cet4-all source:ecdict cet4 cet6 family:spaces family:spaced family:spacing,521
spacecraft,'speiskræft,n.,n. 航天飞船,,,cet4-all source:ecdict cet4 cet6 family:spacecrafts,6442
spaceship,'speisʃip,n.,n. 宇宙飞船,,,cet4-all source:ecdict cet4 cet6 family:spaceships,11577
spade,speid,n.,"n. 铲子, 锄, 铲刀, 黑桃\nvt. 以锄掘, 把...弄实抹平\nvi. 铲",,,cet4-all source:ecdict cet4 cet6 family:spades family:spading family:spaded,13365
span,spæn,n.,"n. 指距, 全长, 跨距, 一段时间, 小范围\nvt. 以手指测量, 跨越, 架设, 持续",,,cet4-all source:ecdict cet4 cet6 cet6-core family:spanning family:spanned family:spans family:span family:dp,5718
spanish,'spæniʃ,n.,"n. 西班牙人, 西班牙语\na. 西班牙的",,,cet4-all source:ecdict cet4 cet6,2204
spare,spєә,n.,"n. 剩余, 备用品, 备件, 备用零件, 备用轮胎\na. 多余的, 备用的, 空闲的, 节约的, 瘦的\nvi. 节约, 省掉, 宽恕\nvt. 节约, 省用, 剩下, 饶恕, 赦免",,,cet4-all source:ecdict family:spared family:spares family:sparing,4585
spark,spɑ:k,n.,"n. 火花, 火星, 闪光, 无线电报务员, 瞬间放电, 活力, 朝气, 花花公子, 情郎\nvi. 闪光, 发火花, 求婚\nvt. 发动, 鼓舞, 使有朝气, 求婚",,,cet4-all source:ecdict cet4 cet6 family:sparks family:sparked family:sparking,4805
sparkle,'spɑ:kl,n.,"n. 闪耀, 火花, 活力, 发泡\nvi. 闪耀, 冒火花\nvt. 使闪耀",,,cet4-all source:ecdict cet4 cet6 cet6-core family:sparkled family:sparkling family:sparkles,10602
sparrow,'spærәu,n.,n. 麻雀,,,cet4-all source:ecdict cet4 cet6 family:sparrows,14123
speak,spi:k,vi.,"vi. 说, 说话, 演说, 发言\nvt. 说, 讲, 说出",,,cet4-all source:ecdict family:spoke family:speaking family:spoken family:speaks,335
speaker,'spi:kә,n.,"n. 说话人, 讲演者, 发言人, 喇叭, 扬声器\n[计] 扬声器",,,cet4-all source:ecdict cet4 cet6 family:speakers,2535
spear,spiә,n.,"n. 矛, 枪, 持矛者, 嫩枝\nvt. 用矛刺\nvi. 刺, 戳\na. 父系的",,,cet4-all source:ecdict cet4 cet6 family:spears family:speared family:spearing,8310
special,'speʃәl,n.,"n. 专辑, 专车, 号外, 特别的东西, 负有特别任务的人员\na. 特别的, 专门的, 特殊的, 额外的, 附加的, 特别亲密的",,,cet4-all source:ecdict cet4 cet6 family:specials,520
specialist,'speiʃәlist,n.,"n. 专门医师, 专家\na. 专业的, 专家的",,,cet4-all source:ecdict cet4 cet6 cet6-core family:specialists,2546
speciality,.speʃi'æliti,n.,"n. 专长, 擅长, 特种技能, 详细说明, 特性, 特产, 专业\n[化] 特制品",,,cet4-all source:ecdict cet4 cet6 family:specialities,23907
specialize,'speʃәlaiz,vt.,"vt. 使特殊化, 列举, 特别指明, 限定...的范围\nvi. 成为专家, 专攻",,,cet4-all source:ecdict cet4 cet6 family:specializing family:specialized family:specializes,4111
specially,'speʃәli,adv.,"adv. 特别地, 专门地",,,cet4-all source:ecdict cet4 cet6,7946
specific,spi'sifik,n.,"n. 特效药, 特性\na. 特殊的, 明确的, 具有特效的, 特定地, 具体地",,,cet4-all source:ecdict cet4 cet6 cet6-core family:specifics,979
specify,'spesifai,vt.,"vt. 详列, 指定, 说明\n[计] 指定",,,cet4-all source:ecdict cet4 cet6 family:specified family:specifying family:specifies,4860
specimen,'spesimәn,n.,"n. 样品, 标本, 试料\n[化] 试样",,,cet4-all source:ecdict cet4 cet6 family:specimens,5851
spectacle,'spektәkl,n.,"n. 引人羡慕的东西, 景象, 眼镜, 场面, 公开展示",,,cet4-all source:ecdict cet4 cet6 cet6-core family:spectacles family:spectacled,5857
speech,spi:tʃ,n.,"n. 演讲, 说话, 谈话, 言语, 引语, 民族语言\n[医] 言语, 语言",,,cet4-all source:ecdict cet4 cet6 family:speeches,1100
speed,spi:d,n.,"n. 速率, 速度, 迅速\nvi. 加速, 超速, 快进\nvt. 快速传送, 促进, 使加速\n[计] 中央处理机速度设置程序",,,cet4-all source:ecdict cet4 cet6 family:speeds family:speeding family:sped family:speeded,1390
spell,spel,n.,"n. 符咒, 魅力, 轮值, 轮班, 工作时间, 一次发作\nvt. 拼写, 拼成, 琢磨, 理解, 招致, 轮换, 迷住\nvi. 轮换, 拼字",,,cet4-all source:ecdict cet4 cet6 family:spells family:spelt family:spelling,4299
spelling,'speliŋ,n.,"n. 拼, 拼字, 拼法\n[计] 拼写检查",,,cet4-all source:ecdict cet4 cet6 family:spell family:i family:spelling family:spellings,7907
spend,spend,vt.,"vt. 花费, 浪费, 度过, 消耗, 消磨\nvi. 花费, 用尽",,,cet4-all source:ecdict family:spent family:spending family:spends,342
sphere,sfiә,n.,"n. 球, 球面, 球体, 天体, 地球仪, 范围\nvt. 包围, 使成球体, 放入球内",,,cet4-all source:ecdict cet4 cet6 family:spheres,4533
spider,'spaidә,n.,"n. 蜘蛛, 设圈套者\n[化] 星形轮",,,cet4-all source:ecdict cet4 cet6 family:spiders,5555
spill,spil,n.,"n. 溢出, 溅出, 摔下, 溢出量, 木片, 小塞子\nvt. 使溢出, 使散落, 洒, 使流出, 倒出, 使摔下\nvi. 溢出, 涌流, 摔下",,,cet4-all source:ecdict cet4 cet6 family:spilling family:spilled family:spills,3671
spin,spin,n.,"n. 旋转, 自旋, 疾驰, 情绪低落\nvt. 纺织, 纺, 使旋转, 编造\nvi. 纺纱, 吐丝, 作茧, 结网, 旋转, 自旋, 疾驰",,,cet4-all source:ecdict cet4 cet6 family:spinning family:spun family:spins,2644
spirit,'spirit,n.,"n. 精神, 心灵, 灵魂, 态度, 志气, 人格, 情绪, 心情, 烈酒\nvt. 诱拐, 鼓励, 鼓舞",,,cet4-all source:ecdict cet4 cet6 family:spirits family:spirited family:spiriting,1180
spiritual,'spiritʃuәl,adj.,"a. 精神上的, 神圣的, 崇高的, 高尚的, 鬼的, 招魂术的\nn. 有关教会的事",,,cet4-all source:ecdict cet4 cet6 family:spirituals,2096
spit,spit,n.,"n. 唾液, 唾吐, 小雨, 炙叉, 一铲的深度\nvt. 唾吐, 吐出, 降小雨, 用炙叉穿过\nvi. 吐唾沫, 吐痰, 唾弃, 飘霏霏细雨",,,cet4-all source:ecdict cet4 cet6 family:spat family:spitting family:spits family:pd family:spit,4932
splash,splæʃ,n.,"n. 飞溅, 污点, 一点儿, 溅泼声, 色斑\nvi. 溅湿, 溅开, 飞溅\nvt. 溅, 泼, 使溅起水, 洒, 使成斑驳状",,,cet4-all source:ecdict cet4 cet6 cet6-core family:splashing family:splashed family:splashes,6696
splendid,'spendid,adj.,"a. 光亮的, 了不起的, 灿烂的, 壮丽的, 显著的, 杰出的",,,cet4-all source:ecdict cet4 cet6,7708
split,split,n.,"n. 劈开, 裂片, 裂缝, 分裂, 派系, 派别, 柳条\na. 劈开的\nvi. 分离, 分开, 裂开, 被劈开\nvt. 劈开, 切开, 使分裂, 使分离\n[计] 拆分",,,cet4-all source:ecdict cet4 cet6 family:split family:dp family:splitting family:splits,2910
spoil,spɒil,n.,"n. 战利品, 赃物, 奖品, 变质, 次品\nvt. 损坏, 破坏, 溺爱\nvi. 腐坏, 掠夺",,,cet4-all source:ecdict cet4 cet6 cet6-core family:spoiled family:spoiling family:spoils,6411
sponge,spʌndʒ,n.,"n. 海绵, 海绵状的东西\nvt. 用海绵擦拭, 吸收掉, 抹掉\nvi. 采集海绵, 海绵般吸收",,,cet4-all source:ecdict cet4 cet6 cet6-core family:sponges family:sponged family:sponging,9290
sponsor,'spɒnsә,n.,"n. 保证人, 赞助者, 发起者, 倡议者, 教父\nvt. 发起, 赞助, 倡议",,,cet4-all source:ecdict cet4 cet6 family:sponsored family:sponsors family:sponsoring,3453
spontaneous,spɒn'teiniәs,adj.,"a. 自然的, 自发的, 未经琢磨的\n[医] 自发的, 特发的, 自生的",,,cet4-all source:ecdict cet4 cet6 cet6-core,6576
spoon,spu:n,n.,"n. 匙, 调羹, 匙形工具\nvt. 以匙舀起, 调情, 使成匙状",,,cet4-all source:ecdict cet4 cet6 family:spoons family:spooned family:spooning,4339
sport,spɒ:t,n.,"n. 运动, 游戏, 娱乐, 消遣, 玩笑\na. 运动的, 户外穿戴的\nvi. 游戏, 参加体育运动, 戏弄, 产生变种\nvt. 炫耀, 使产生变种",,,cet4-all source:ecdict family:sports family:sported family:sporting,666
sportsman,'spɒ:tsmәn,n.,"n. 运动员, 冒险家",,,cet4-all source:ecdict cet4 cet6 family:sportsmen,14506
spot,spɒt,n.,"n. 污点, 地点, 斑点, 点, 娱乐场所, 处境, 少量\na. 当场的, 现场的, 现货买卖的, 现金交易的, 抽样的\nvt. 点缀, 玷污, 认出, 准确定...的位, 用灯光照射\nvi. 玷污, (从空中)侦察敌方目标",,,cet4-all source:ecdict cet4 cet6 family:spots family:spotted family:spotting,1228
spray,sprei,n.,"n. 水沫, 浪花, 水花, 喷雾, 喷雾器, 小树枝\nvt. 喷雾, 扫射, 喷射\nvi. 喷, 溅开",,,cet4-all source:ecdict cet4 cet6 family:sprayed family:sprays family:spraying,4417
spread,spred,n.,"n. 传播, 散布, 伸展\na. 双唇展开的, 伸展的\nvt. 展开, 铺开, 传播, 推广, 伸出, 涂, 敷, 延伸\nvi. 展开, 扩大, 传开, 延伸\n[计] 展开",,,cet4-all source:ecdict cet4 cet6 family:spread family:dp family:spreading family:spreads,1371
spring,spriŋ,n.,"n. 春天, 弹簧, 跳跃, 弹性, 活力, 泉, 源泉\na. 春天的\nvi. 跳, 弹跳, 涌出, 生长, 裂开, 高耸\nvt. 使跳起, 使爆炸, 突然提出",,,cet4-all source:ecdict family:springs family:sprang family:sprung family:springing,901
springtime,'spriŋtaim,n.,"n. 春天, 春季, 初期",,,cet4-all source:ecdict cet4 cet6,14237
sprinkle,'spriŋkl,vt.,"vt. 洒, 散置, 撒, 点缀\nvi. 洒, 撒, 下小雨\nn. 洒, 撒, 散置, 小雨, 少量",,,cet4-all source:ecdict cet4 cet6 cet6-core family:sprinkled family:sprinkling family:sprinkles,4663
spur,spә:,n.,"n. 马刺, 刺激物, 鼓舞\nvt. 刺激, 激励, 用马刺策(马)前进\nvi. 用马刺驱马, 疾驰",,,cet4-all source:ecdict cet4 cet6 family:spurred family:spurring family:spurs,6458
spy,spai,n.,"n. 间谍, 侦探, 侦察\nvt. 侦察, 找出, 发现\nvi. 做密探, 侦查",,,cet4-all source:ecdict cet4 cet6 cet6-core family:spies family:spying family:spied,4846
square,skwєә,n.,"n. 正方形, 街区, 广场, 平方, 直角尺\na. 正方形的, 正直的, 公正的, 平方的, 方正的, 结清的\nadv. 成直角地, 对准地\nvi. 一致, 符合, 结清\nvt. 使成方形, 使平方自乘, 调正, 结清, 使一致",,,cet4-all source:ecdict cet4 cet6 family:squares family:squared family:squaring,2747
squeeze,skwi:z,n.,"n. 紧握, 挤, 榨, 榨取, 佣金\nvt. 紧握, 挤, 榨取\nvi. 压榨, 榨",,,cet4-all source:ecdict cet4 cet6 family:squeezed family:squeezing family:squeezes,2891
squirrel,'skwә:rәl,n.,"n. 松鼠, 松鼠毛皮\nvt. 贮藏",,,cet4-all source:ecdict cet4 cet6 family:squirrels family:squirrelling family:squirrelled,6904
stab,stæb,n.,"n. 刺, 戳, 剧痛, 尝试, 努力\nvt. 刺, 戳, 刺入, 刺痛, 直入, 使伤心\nvi. 刺, 刺伤",,,cet4-all source:ecdict cet4 cet6 cet6-core family:stabbed family:stabbing family:stabs,5835
stability,stә'biliti,n.,"n. 安定, 稳定性, 坚实, 巩固\n[化] 稳定性",,,cet4-all source:ecdict cet4 cet6 cet6-core family:stabilities,2962
stable,'steibl,n.,"n. 马房, 牛棚\na. 稳定的, 安定的, 坚固的, 坚定的\nvt. 赶入马房\nvi. 被关在马厩",,,cet4-all source:ecdict cet4 cet6 cet6-core family:stables family:stabled family:stabling,2903
stack,stæk,n.,"n. 堆叠, 堆, 大量, 书库, 枪架, 烟囱, 堆积, 存贮栈\nvt. 堆积, 堆满, 暗中对...做手脚\nvi. 堆起\n[计] 堆积, 堆栈",,,cet4-all source:ecdict cet4 cet6 cet6-core family:stacks family:stacked family:stacking,4466
stadium,'steidiәm,n.,"n. 露天大型运动场\n[医] 期, 病期",,,cet4-all source:ecdict cet4 cet6 family:stadia,4128
staff,stɑ:f,n.,"n. 全体人员, 工作班子, 棍棒, 杆, 拐杖, 支柱, 权杖\na. 职员的, 雇员的, 参谋的\nvt. 为...配备人员",,,cet4-all source:ecdict cet4 cet6 family:staffed family:staffs family:staffing,784
stage,steidʒ,n.,"n. 阶段, 舞台, 场所, 戏剧, 站, 驿站, 级, 层, 脚手架\nvt. 上演, 表演, 筹划\nvi. 适于上演, 乘驿车旅行",,,cet4-all source:ecdict cet4 cet6 family:stages family:staged family:staging,829
stain,stein,n.,"n. 污染, 污点, 着色剂\nvt. 沾染, 染污, 着色\nvi. 变脏",,,cet4-all source:ecdict cet4 cet6 family:stained family:staining family:stains,6708
stair,stєә,n.,"n. 梯级, 楼梯, 阶梯",,,cet4-all source:ecdict cet4 cet6,2863
staircase,'stєәkeis,n.,"n. 楼梯, 梯子, 楼梯部分\n[医] 阶梯现象",,,cet4-all source:ecdict cet4 cet6 cet6-core family:staircases,7028
stake,steik,n.,"n. 桩, 炮烙刑, 木柱, 赌注, 奖金\nvt. 打桩, 用桩撑, 下赌注, 资助\nvi. 打赌",,,cet4-all source:ecdict cet4 cet6 family:stakes family:staking family:staked,2591
stale,steil,n.,"n. 尿\na. 不新鲜的, 陈腐的, 疲惫的, 陈旧的\nvt. 使变旧, 走味\nvi. 变陈旧, 走味, 失时效, 撒尿",,,cet4-all source:ecdict cet4 cet6 family:staler family:staled family:stales family:staling family:stalest,9924
stamp,stæmp,n.,"n. 印, 邮票, 打印器, 戳子, 图章, 印花税票, 标志, 特征, 类型, 跺脚\nvt. 盖章于, 顿足, 贴上邮票, 铭刻, 捣碎, 扑灭\nvi. 捣碎, 跺脚",,,cet4-all source:ecdict family:stamps family:stamped family:stamping,5139
stand,stænd,n.,"n. 站立, 站住, 停顿, 讲台, 看台, 立场, 法院证人席\nvi. 站, 立, 坐落, 停滞, 位于, 坚持, 维持原状\nvt. 忍受, 使站立, 抵挡",,,cet4-all source:ecdict family:stood family:standing family:stands,281
standard,'stændәd,n.,"n. 标准, 规格, 旗, 军旗, 本位\na. 标准的, 合规格的\n[计] 标准",,,cet4-all source:ecdict cet4 cet6 family:standards,806
standpoint,'stændpɒint,n.,"n. 立场, 观点",,,cet4-all source:ecdict cet4 cet6 cet6-core family:standpoints,6206
star,stɑ:,n.,"n. 星, 恒星, 星形物, 运气, 明星\nvt. 以星状物装饰, 用星号标, 使成为明星\nvi. 变成明星",,,cet4-all source:ecdict family:stars family:starring family:starred,538
stare,stєә,vi.,"vi. 注视, 凝视, 瞪视, 显眼\nvt. 盯\nn. 凝视",,,cet4-all source:ecdict cet4 cet6 family:stared family:staring family:stares,1131
start,stɑ:t,n.,"n. 惊起, 出发, 开端, 起点, 吃惊, 有利条件\nvi. 开始, 出发, 启动, 跳起, 吃惊, 出现, 松动, 脱落, 起价, 参赛\nvt. 使惊起, 开动, 发动, 启动, 开始, 创办, 提议, 使松动, 使脱落, 起用\n[计] 起始",,,cet4-all source:ecdict family:started family:starts family:starting,173
startle,'stɑ:tl,n.,"n. 惊愕, 惊恐\nvt. 吃惊, 使惊愕\nvi. 惊起",,,cet4-all source:ecdict cet4 cet6 cet6-core family:startled family:startling family:startles,5455
starve,stɑ:v,v.,"v. (使)饿死, (使)挨饿",,,cet4-all source:ecdict cet4 cet6 family:starved family:starving family:starves,7450
state,steit,n.,"n. 州, 状态, 情形, 国家, 政府, 领土, 国务, 社会地位\na. 国家的, 正式的, 礼仪用的, 州的\nvt. 说明, 陈述, 规定\n[计] 状态",,,cet4-all source:ecdict cet4 cet6 family:states family:stated family:stating,137
statement,'steitmәnt,n.,"n. 陈述, 指令, 声明\n[计] 程序语句; 语句",,,cet4-all source:ecdict cet4 cet6 cet6-core family:statements,921
statesman,'steitsmәn,n.,n. 政治家,,,cet4-all source:ecdict cet4 cet6 cet6-core family:statesmen,10075
static,'stætik,n.,"n. 静电, 静电干扰\na. 静态的, 静止的, 固有的, 静电的",,,cet4-all source:ecdict cet4 cet6 family:statics,5963
station,'steiʃәn,n.,"n. 车站, 站, 局, 驻地, 位置, 身分, 地位\nvt. 安置, 配置, 驻扎\n[计] 站",,,cet4-all source:ecdict family:stations family:stationed family:stationing,841
statistical,stә'tistikl,adj.,"a. 统计的, 统计上的, 统计学的\n[经] 统计的, 统计学的",,,cet4-all source:ecdict cet4 cet6,4292
statue,'stætju,vt.,vt. 以雕像装饰\nn. 雕像,,,cet4-all source:ecdict cet4 cet6 family:statues,3872
status,'steitәs,n.,"n. 状态, 情形, 地位, 要人身份\n[计] 状态",,,cet4-all source:ecdict cet4 cet6 cet6-core,1215
stay,stei,n.,"n. 停留, 逗留, 制止, 延缓, 停止, 支柱, 支撑物, 支索\nvt. 制止, 延缓, 坚持, 支持, 支撑, 用支索固定\nvi. 停留, 逗留, 暂停, 坚持, 中止",,,cet4-all source:ecdict family:stayed family:staying family:stays,409
steadily,'stedili,adv.,"adv. 稳定地, 无变化地, 有规则地",,,cet4-all source:ecdict cet4 cet6,4794
steady,'stedi,adj.,"a. 稳定的, 不动摇的, 沉着的, 稳固的, 坚定的, 经常的\nvt. 使稳定, 使坚定\nvi. 变为沉着, 稳固",,,cet4-all source:ecdict cet4 cet6 family:steadied family:steadying family:steadier family:steadies family:steadiest,2914
steal,sti:l,vt.,vt. 剽窃；偷偷地做；偷窃；vi. 窃取；偷偷地行动；[棒球]偷垒；n. [口]偷窃；便宜货；偷垒；[篮球]断球,,,cet4-all source:ecdict cet4 cet6 family:stolen family:stole family:stealing family:steals,1784
steam,sti:m,n.,"n. 蒸汽, 精力\na. 蒸汽的\nvi. 蒸发, 行驶, 发怒\nvt. 蒸, 煮, 散发",,,cet4-all source:ecdict cet4 cet6 family:steaming family:steamed family:steams,4139
steamer,'sti:mә,n.,"n. 汽船, 蒸汽机\n[化] 蒸汽发生器; 蒸汽机",,,cet4-all source:ecdict cet4 cet6 family:steamers,13331
steel,sti:l,n.,"n. 钢, 钢制品, 钢铁, 坚硬, 坚固\na. 钢的, 钢制的, 钢铁业的, 坚强的\nvt. 使坚强, 钢化, 使冷酷",,,cet4-all source:ecdict cet4 cet6 family:steeled family:steels family:steeling,2152
steep,sti:p,n.,"n. 浸渍, 悬崖\na. 险峻的, 陡峭的, 急剧升降的, 夸大的\nv. 浸, 泡",,,cet4-all source:ecdict cet4 cet6 family:steeper family:steeped family:steepest family:steeping family:steeps,3973
steer,stiә,vt.,"vt. 引导, 驾驶, 航行, 控制\nvi. 驾驶, 掌舵, 行驶\nn. 驾驶指示, 劝告",,,cet4-all source:ecdict cet4 cet6 family:steered family:steering family:steers,4623
stem,stem,n.,"n. 茎, 干, 柄, 船首, 血统, 堵塞物\nvt. 摘掉茎, 装柄于, 阻止, 堵住, 逆行\nvi. 堵住, 逆行",,,cet4-all source:ecdict cet4 cet6 family:stems family:stemmed family:stemming,3414
step,step,n.,"n. 步骤, 步, 步幅, 脚步声, 踏级, 步伐, 短距离, 步态, 手段, 等级\nvt. 踏, 以步测量, 跨步, 使成阶梯状\nvi. 跨步, 轻快地走, 跳舞, 踩, 踏上, 行走\n[计] 步骤",,,cet4-all source:ecdict cet4 cet6 family:steps family:stepped family:stepping,587
stern,stә:n,n.,"n. 尾部, 船尾, 臀\na. 严厉的, 严格的, 坚定的, 坚决的",,,cet4-all source:ecdict cet4 cet6 cet6-core family:sterns,10140
steward,'stju:wәd,n.,"n. 管理人, 招待员, 管家, 乘务员\n[经] 轮船, 飞机的服务员, (财务)管理员",,,cet4-all source:ecdict cet4 cet6 family:stewards family:stewarding family:stewarded,10595
stewardess,'stju:wәdis,n.,"n. 空中小姐, 女管理人, 女管家",,,cet4-all source:ecdict cet4 cet6 family:stewardesses,17096
stick,stik,n.,"n. 棍, 棒, 刺, 枯枝, 茎, 条状物\nvt. 插进, 刺入, 钉住, 伸出, 粘贴, 停止\nvi. 粘住, 停留, 坚持, 陷住, 伸出",,,cet4-all source:ecdict cet4 cet6 family:stuck family:sticking family:sticks,1209
sticky,'stiki,adj.,"a. 粘的, 有粘性的, 顽固的",,,cet4-all source:ecdict cet4 cet6 cet6-core family:stickiest family:stickier family:stickied family:stickies,6495
stiff,stif,adj.,"a. 坚硬的, 严厉的, 呆板的, 生硬的, 刚强的, 强烈的, 粘的, 稠的, 艰难的\nn. 死尸, 醉鬼, 钞票\nvt. 不肯付...小费",,,cet4-all source:ecdict cet4 cet6 family:stiffer family:stiffs family:stiffest,4084
stiffen,'stifn,vt.,"vt. 使变硬, 使僵硬, 使顽强, 使严厉\nvi. 变粘, 变硬, 变强烈",,,cet4-all source:ecdict cet4 cet6 family:stiffened family:stiffening family:stiffens,9758
still,stil,n.,"n. 蒸馏室, 寂静, 剧照\nv. 蒸馏, (使)平静, (使)静止\na. 静止的, 不动的, 静寂的, 不起泡的, 静物摄影的\nadv. 仍然, 更, 静止地\nconj. 然而, 但是",,,cet4-all source:ecdict family:stills family:stilling family:stilled,126
stimulate,'stimjuleit,vt.,"vt. 刺激, 激励, 鼓舞\nvi. 起刺激作用",,,cet4-all source:ecdict cet4 cet6 family:stimulated family:stimulates family:stimulating,4440
sting,stiŋ,n.,"n. 叮, 刺痛, 刺激, 讽刺\nvt. 叮, 刺痛, 刺激, 使苦恼\nvi. 叮, 刺痛",,,cet4-all source:ecdict cet4 cet6 family:stung family:stings family:stinging,8139
stir,stә:,n.,"n. 骚动, 轰动, 搅动, 监狱\nvt. 移动, 摇动, 激起, 惹起, 搅拌\nvi. 走动, 传播, 搅拌",,,cet4-all source:ecdict cet4 cet6 family:stirred family:stirring family:stirs,1899
stitch,stitʃ,n.,"n. 一针, 疼痛, 针法, 碎布条, 针脚\nv. 缝, 缝合, 装订",,,cet4-all source:ecdict cet4 cet6 family:stitches family:stitched family:stitching,9743
stock,stɒk,n.,"n. 树干, 祖先, 血统, 原料, 备料, 库存, 牲畜, 股票, 股份, 保留剧目\na. 存货的, 常备的, 平凡的, 普通的, 股票的, 保留剧目的, 繁殖用的\nvt. 装把手于, 进货, 备有, 放牧\nvi. 出新芽, 备货, 囤积",,,cet4-all source:ecdict cet4 cet6 cet6-core family:stocks family:stocked family:stocking,740
stocking,'stɒkiŋ,n.,n. 长袜\n[医] 马足水肿; 长袜,,,cet4-all source:ecdict cet4 cet6 family:stock family:i family:stockings family:stocking,8355
stomach,'stʌmәk,n.,"n. 胃, 食欲, 欲望, 肚子\nvt. 吃下, 忍受",,,cet4-all source:ecdict cet4 cet6 family:stomachs family:stomaching family:stomached family:stomaches,2503
stone,stәun,n.,"n. 石头, 宝石, 果核, 纪念碑, 结石\nvt. 投扔石子, 铺石头\na. 石的, 石制的, 完全的",,,cet4-all source:ecdict cet4 cet6 family:stones family:stoned family:stoning,1220
stony,'stәuni,adj.,"a. 多石的, 无情的",,,cet4-all source:ecdict cet4 cet6 family:stonier,11616
stool,stu:l,n.,"n. 凳子, 大便, 粪便, 厕所\nvi. 长新枝\nvt. 引诱, 诱捕",,,cet4-all source:ecdict cet4 cet6 family:stools family:stooling family:stooled,5989
stoop,stu:p,n.,"n. 佝偻, 屈从, 弯腰\nvi. 弯下, 屈从, 弯腰, 堕落\nvt. 使屈从, 使弯曲",,,cet4-all source:ecdict cet4 cet6 family:stooped family:stooping family:stoops,10380
stop,stɒp,n.,"n. 停止, 车站, 逗留, 填塞, 障碍, (风琴的)音栓\nvi. 停止, 被塞住\nvt. 塞住, 堵塞, 阻止, 击落, 停止, 终止, 断绝",,,cet4-all source:ecdict family:stopped family:stopping family:stops,329
storage,'stɒ:ridʒ,n.,"n. 存储器, 储藏, 保管, 库存, 仓库\n[计] 存放处; 存储",,,cet4-all source:ecdict cet4 cet6 family:storages,2941
store,stɒ:,n.,"n. 商店, 贮藏, 仓库, 备用品, 存储器\nvt. 储存, 贮藏, 供给\nvi. 贮藏\na. 贮藏的, 现成的\n[计] 存储器操作; 存储",,,cet4-all source:ecdict family:stores family:stored family:storing,700
storey,'stɔ:ri,n.,"n. 楼, 楼层, 层楼",,,cet4-all source:ecdict cet4 cet6 family:storeys family:storeyed,32282
storm,stɒ:m,n.,"n. 暴风雨, 骚动, 风波, 风暴, 猛攻\nvi. 起风, 猛冲, 怒吼\nvt. 猛攻",,,cet4-all source:ecdict cet4 cet6 family:storms family:stormed family:storming,1656
stormy,'stɒ:mi,adj.,"a. 暴风雨的, 粗暴的, 激烈的",,,cet4-all source:ecdict cet4 cet6 family:stormiest family:stormier,11643
story,'stɒ:ri,n.,"n. 故事, 小说, 传奇, 描述, 阅历, 经历, 层",,,cet4-all source:ecdict family:stories,233
stove,stәuv,n.,"n. 火炉, 窑\nvt. 用火炉烤\nstave的过去式和过去分词",,,cet4-all source:ecdict cet4 cet6 family:stoves family:stoved family:stove family:p,4388
straight,streit,n.,"n. 直线, 直\na. 直的, 笔直的, 正直的, 直接的, 连续的, 整齐的\nadv. 直接地, 立即, 不断地",,,cet4-all source:ecdict family:straighter family:straights family:straightest,1634
strain,strein,n.,"n. 紧张, 拉紧, 张力, 过劳, 扭伤, 血缘, 种, 族, 气质, 曲调, 旋律, 口吻\nvt. 使劳累, 拉紧, 过分使用, 扭伤, 滥用, 曲解, 滤\nvi. 尽力, 努力, 紧拉, 弯曲, 被滤出",,,cet4-all source:ecdict cet4 cet6 cet6-core family:strains family:straining family:strained,3659
strange,streindʒ,adj.,"a. 奇怪的, 陌生的, 生疏的, 不熟悉的, 不可思议的, 外行的, 外地的, 异乡的",,,cet4-all source:ecdict family:stranger family:strangest,1580
stranger,'streindʒә,n.,"n. 陌生人, 门外汉\n[法] 局外人, 非当事人, 第三者",,,cet4-all source:ecdict cet4 cet6 family:strange family:r family:strangers,2691
strap,stræp,n.,"n. 带, 皮带\nvt. (用皮带)捆扎",,,cet4-all source:ecdict cet4 cet6 family:straps family:strapped family:strapping,5909
strategy,'strætidʒi,n.,"n. 战略, 策略\n[经] 战略, 策略",,,cet4-all source:ecdict cet4 cet6 cet6-core family:strategies,844
straw,strɒ:,n.,"n. 稻草, 麦管, 吸管, 一文不值的东西, 草帽\na. 稻草的, 稻草色的, 琐碎的, 无价值的",,,cet4-all source:ecdict cet4 cet6 family:straws family:strawing family:strawed,4730
strawberry,'strɒ:bәri,n.,n. 草莓,,,cet4-all source:ecdict cet4 cet6 family:strawberries,5437
stream,stri:m,n.,"n. 水流, 小河, 流出, 趋势, 人潮\nvt. 流出, 流动, 展开\nvi. 流, 涌, 飘扬\n[计] 流",,,cet4-all source:ecdict cet4 cet6 cet6-core family:streams family:streaming family:streamed,2231
street,stri:t,n.,"n. 街道, 马路, 街区\na. 街道的",,,cet4-all source:ecdict family:streets,554
strength,streŋθ,n.,"n. 力量, 实力, 强度, 浓度, 人数, 抵抗力\n[化] 强度",,,cet4-all source:ecdict cet4 cet6 family:strengths,1275
strengthen,'streŋθәn,vt.,"vt. 加强, 变坚固\nvi. 变强, 股票上涨",,,cet4-all source:ecdict cet4 cet6 family:strengthened family:strengthening family:strengthens,3074
stress,stres,n.,"n. 压力, 紧迫, 强调, 重音, 重点, 应力\nvt. 加压力于, 着重, 重读",,,cet4-all source:ecdict cet4 cet6 family:stressed family:stresses family:stressing,1731
stretch,stretʃ,n.,"n. 伸展, 张开, 连绵, 一段路, 一段时间\na. 可伸缩的, 弹性的\nvt. 伸展, 张开, 曲解, 使过度伸展\nvi. 伸展, 延伸\n[计] 伸展",,,cet4-all source:ecdict cet4 cet6 family:stretched family:stretching family:stretches,1915
strict,strikt,adj.,"a. 严厉的, 绝对的, 详尽的, 严格的, 精确的\n[法] 严格的, 精确的, 绝对的",,,cet4-all source:ecdict cet4 cet6 family:stricter family:strictest,3553
strictly,'striktli,adv.,"adv. 严格地, 确实地",,,cet4-all source:ecdict cet4 cet6,4544
strike,straik,n.,"n. 罢工, 打击, 殴打\nvt. 打, 撞击, 冲击, 侵袭, 取消, 结算, 打掉, 罢工, 刺透, 使生根, 遇见\nvi. 打, 打击, 抓, 罢工, 搏动, 触礁, 敲, 响, 穿透, 打动",,,cet4-all source:ecdict cet4 cet6 family:struck family:strikes family:striking,1145
string,striŋ,n.,"n. 线, 细绳, 一串, 字符串\nvt. 串起, 成串, 收紧, 缚, 扎\nvi. 成一串\n[计] 字符串, 串",,,cet4-all source:ecdict cet4 cet6 cet6-core family:strings family:strung family:stringing,2671
strip,strip,n.,"n. 长条, 条状, 带, 脱衣舞\nvt. 脱衣, 被剥去, 剥夺, 拆卸\nvi. 脱衣服",,,cet4-all source:ecdict cet4 cet6 family:strips family:stripped family:stripping,2754
stripe,straip,n.,"n. 斑纹, 条纹\n[医] 纹, 条纹",,,cet4-all source:ecdict cet4 cet6 family:stripes family:striped family:striping,6292
stroke,strәuk,n.,"n. 笔划, 打, 中风, 抚, 摩, 冲程\nvt. 划尾桨, 抚, 摩, 划去\n[计] 笔划",,,cet4-all source:ecdict cet4 cet6 cet6-core family:strokes family:stroked family:stroking,3108
strong,strɒŋ,adj.,"a. 强壮的, 坚固的, 坚强的, 强烈的, 有力的, 优良的\nadv. 强劲地, 有力地, 猛烈地",,,cet4-all source:ecdict family:stronger family:strongest,458
strongly,'strɒŋli,adv.,"adv. 强有力地, 坚强地, 激烈地",,,cet4-all source:ecdict cet4 cet6,2383
structural,'strʌktʃәrәl,adj.,"a. 结构的, 建筑的\n[医] 结构的",,,cet4-all source:ecdict cet4 cet6,3829
structure,'strʌktʃә,n.,"n. 结构, 构造, 建筑物\nvt. 构成, 组织",,,cet4-all source:ecdict cet4 cet6 family:structures family:structured family:structuring,950
struggle,'strʌgl,n.,"n. 斗争, 努力, 奋斗\nvi. 努力, 奋斗, 挣扎",,,cet4-all source:ecdict cet4 cet6 family:struggling family:struggled family:struggles,1669
student,'stju:dnt,n.,"n. 学生, 研究者, 学者",,,cet4-all source:ecdict family:students,157
study,'stʌdi,n.,"n. 学习, 研究, 学科, 论文, 求学, 书房, 试作\nvt. 学习, 读书, 研究, 考虑, 计划\nvi. 学习, 思索",,,cet4-all source:ecdict family:studies family:studying family:studied,240
stuff,stʌf,n.,"n. 原料, 要素, 东西, 材料, 素质, 织品, 废物, 废话\nvt. 装填\nvi. 狼吞虎咽",,,cet4-all source:ecdict cet4 cet6 family:stuffed family:stuffing family:stuffs,996
stumble,'stʌmbl,n.,"n. 绊倒, 蹒跚而行, 失足\nvt. 使绊倒, 使困惑\nvi. 绊倒, 失足, 失策, 犯错, 蹒跚, 踌躇",,,cet4-all source:ecdict cet4 cet6 cet6-core family:stumbled family:stumbling family:stumbles,4001
stupid,'stju:pid,adj.,"a. 愚蠢的, 麻木的",,,cet4-all source:ecdict cet4 cet6,2704
style,stail,n.,"n. 风格, 时尚, 文体, 风度, 字体, 类型\nvt. 称呼, (根据新款式)设计, 使合潮流\nn. 风格, 样式\n[计] 风格, 样式",,,cet4-all source:ecdict cet4 cet6 family:styles family:styled family:styling,968
subject,'sʌbdʒekt,n.,"n. 科目, 主题, 臣民, 主语, 题目, (事物的)经受者, 学科, 受治疗者, 原因, 理由\na. 服从的, 易患...的, 隶属的, 受支配的\nadv. 在...条件下\nvt. 使隶属, 使受到\n[计] 主题, 主体",,,cet4-all source:ecdict family:subjects family:subjected family:subjecting,670
submarine,'sʌbmәri:n,n.,"n. 潜水艇, 海底生物\na. 海中的, 生长在海中的\nvt. 用潜水艇攻击\nvi. 在下疾行, 在下滑动",,,cet4-all source:ecdict cet4 cet6 cet6-core family:submarines family:submarining family:submarined,6881
submerge,sәb'mә:dʒ,vt.,"vt. 使浸水, 使陷入, 淹没\nvi. 潜入水中",,,cet4-all source:ecdict cet4 cet6 family:submerged family:submerging family:submerges,11140
submit,sәb'mit,vt.,"vt. 使服从, 使受到, 委托, 提交, 认为\nvi. 屈服, 服从",,,cet4-all source:ecdict cet4 cet6 cet6-core family:submitted family:submitting family:submits,3184
subsequent,'sʌbsikwәnt,adj.,"a. 后来的, 接下去的\n[经] 后来的",,,cet4-all source:ecdict cet4 cet6 cet6-core,3267
substance,'sʌbstәns,n.,"n. 物质, 实质, 主旨, 资产, 本质, 牢固\n[化] 物质",,,cet4-all source:ecdict cet4 cet6 cet6-core family:substances,2277
substantial,sәb'stænʃәl,n.,"n. 重要材料(或事物), 有实际价值的东西\na. 实质上的, 物质的, 有内容的, 结实的",,,cet4-all source:ecdict cet4 cet6 cet6-core,2544
substitute,'sʌbstitju:t,n.,"n. 代理, 代理人, 代用品, 代替者, 代替物\nvt. 代替\nvi. 替代, 取代, 代用\na. 代替的, 代用的, 代用品的\n[计] 置换; 替代",,,cet4-all source:ecdict cet4 cet6 cet6-core family:substitutes family:substituted family:substituting,5613
subtract,sәb'trækt,vt.,"vt. 减去, 扣掉, 减少\nvi. 做减法\n[计] 减",,,cet4-all source:ecdict cet4 cet6 cet6-core family:subtracting family:subtracted family:subtracts,10238
suburb,'sʌbә:b,n.,"n. 市郊住宅区, 郊区, 边缘",,,cet4-all source:ecdict cet4 cet6 cet6-core family:suburbs,3531
subway,'sʌbwei,n.,"n. 地铁, 地道\nvi. 乘地铁",,,cet4-all source:ecdict cet4 cet6 family:subways,5383
succeed,sәk'si:d,vi.,"vi. 成功, 继承, 继续\nvt. 继承, 接替",,,cet4-all source:ecdict cet4 cet6 family:succeeded family:succeeds family:succeeding,2018
success,sәk'ses,n.,"n. 成功, 成就, 胜利",,,cet4-all source:ecdict cet4 cet6 family:successes,777
successful,sәk'sesful,adj.,"a. 成功的, 一帆风顺的, 顺利的\n[经] 成功的",,,cet4-all source:ecdict cet4 cet6,1101
successfully,sәk'sesfjli,adv.,"adv. 成功, 结果良好, 有成就",,,cet4-all source:ecdict cet4 cet6,3176
succession,sәk'seʃәn,n.,"n. 连续, 继承权, 继位, 演替, 地层次序\n[法] 继承, 继承权, 继位",,,cet4-all source:ecdict cet4 cet6 family:successions,6389
successive,sәk'sesiv,adj.,"a. 继承的, 连续的\n[经] 接续承运人; 连续的",,,cet4-all source:ecdict cet4 cet6 cet6-core,8065
such,sʌtʃ,adj.,"a. 如此的, 这样的",,,cet4-all source:ecdict,183
suck,sʌk,vt.,"vt. 吸, 吮, 吸入, 吮吸, 吸收\nvi. 吸, 吸奶\nn. 吸, 吸入, 吮吸",,,cet4-all source:ecdict cet4 cet6 family:sucking family:sucked family:sucks,3618
sudden,'sʌdn,n.,"n. 突然, 忽然\na. 突然的, 意外的, 快速的",,,cet4-all source:ecdict cet4 cet6,2868
suddenly,'sʌdәnli,adv.,"adv. 突然, 意外, 忽然, 迅速, 即席作成, 即刻, 急速",,,cet4-all source:ecdict cet4 cet6,955
suffer,'sʌfә,vt.,"vt. 遭受, 经历, 忍受\nvi. 受痛苦, 受损害",,,cet4-all source:ecdict cet4 cet6 family:suffered family:suffering family:suffers,1099
sufficient,sә'fiʃәnt,adj.,"a. 充分的, 足够的\n[法] 充分的, 足够的",,,cet4-all source:ecdict cet4 cet6 cet6-core,3099
sufficiently,sә'fiʃәntli,adv.,"adv. 足够, 充分",,,cet4-all source:ecdict cet4 cet6,5950
sugar,'ʃugә,n.,"n. 糖, 糖块, 甜言蜜语\nvt. 加糖于, 使甜蜜, 粉饰, 美化\nvi. 制成糖",,,cet4-all source:ecdict family:sugars family:sugaring family:sugared,1591
suggest,sәg'dʒest,vt.,"vt. 提议, 建议, 促成, 暗示, 启发, 使人想起\n[法] 建议, 提出, 提议",,,cet4-all source:ecdict family:suggests family:suggested family:suggesting,430
suggestion,sә'dʒestʃәn,n.,"n. 提议, 意见\n[医] 暗示",,,cet4-all source:ecdict family:suggestions,2507
suit,sju:t. su:t,n.,"n. 套装, 诉讼, 请求, 起诉, 套, 组\nvt. 适合, 使适应\nvi. 合适, 相称",,,cet4-all source:ecdict cet4 cet6 family:suited family:suits family:suiting,1411
suitable,'sju:tәbl,adj.,"a. 适当的, 相配的\n[法] 合适的, 适宜的, 适当的",,,cet4-all source:ecdict cet4 cet6,4756
sulphur,'sʌlfә,n.,"n. 硫, 硫磺\n[化] 硫",,,cet4-all source:ecdict cet4 cet6,22759
sum,sʌm,n.,"n. 总数, 总和, 金额, 概要, 顶点\nvt. 总计, 概括\nvi. 合计\n[计] 系统实用程序和维护",,,cet4-all source:ecdict cet4 cet6 family:sums family:summed family:summing,3843
summarize,'sʌmәraiz,v.,"v. 概述, 总结",,,cet4-all source:ecdict cet4 cet6 family:summarized family:summarizes family:summarizing,5532
summary,'sʌmәri,n.,"n. 摘要, 概要\na. 摘要的, 简略的\n[计] 摘要; 概要",,,cet4-all source:ecdict cet4 cet6 family:summaries,4917
summer,'sʌmә,n.,"n. 夏季, 全盛时期\nvi. 避暑, 过夏天\n[计] 加法器",,,cet4-all source:ecdict family:summers family:summering family:summered,619
sun,sʌn,n.,"n. 太阳, 日, 日光, 阳光\nvt. 晒\nvi. 晒太阳",,,cet4-all source:ecdict family:suns family:sunning family:sunned,1233
sunday,'sʌndi,n.,"n. 星期日\na. 星期日的, 业余的\nvi. 度星期日",,,cet4-all source:ecdict family:sundays,
sunlight,'sʌnlait,n.,"n. 日光\n[医] 日光, 太阳光",,,cet4-all source:ecdict cet4 cet6,3895
sunny,'sʌni,adj.,"a. 阳光充足的, 乐观的, 快乐的, 像太阳的",,,cet4-all source:ecdict family:sunnier family:sunniest family:sunnies,4866
sunrise,'sʌnraiz,n.,"n. 日出, 黎明, 拂晓",,,cet4-all source:ecdict cet4 cet6 family:sunrises,7313
sunset,'sʌnset,n.,"n. 日落, 晚年",,,cet4-all source:ecdict cet4 cet6 family:sunsets,5739
sunshine,'sʌnʃain,n.,"n. 阳光, 光明, 晴天",,,cet4-all source:ecdict cet4 cet6,7752
super,'sju:pә,n.,"n. 跑龙套角色, 冗员, 特级品, 特大号, 管理人\na. 上等的, 特大的, 超级的, 极好的, 十分的, 过分的\nadv. 非常",,,cet4-all source:ecdict cet4 cet6 family:supers,2651
superficial,.sju:pә'fiʃәl,n.,"n. 表面, 外表\na. 表面的, 肤浅的, 面积的",,,cet4-all source:ecdict cet4 cet6 cet6-core,8281
superior,sju:'piәriә,n.,"n. 长者, 占优势的人, 上级\na. 上级的, 出众的, 高傲的",,,cet4-all source:ecdict cet4 cet6 cet6-core family:superiors,3410
supermarket,'sju:pәmɑ:kit,n.,"n. 超级市场\n[经] 超级市场, 自助售货商店",,,cet4-all source:ecdict family:supermarkets,4682
supper,'sʌpә,n.,n. 晚餐,,,cet4-all source:ecdict family:suppers,5514
supplement,'sʌplimәnt,n.,"n. 补充物, 增刊, 补充, 补遗, 补编, 附录, 补角\nvt. 补充, 增补",,,cet4-all source:ecdict cet4 cet6 cet6-core family:supplements family:supplemented family:supplementing,5192
supply,sә'plai,n.,"n. 补给, 供给, 供应品\nvt. 补给, 供给, 提供, 补充\nvi. 替代",,,cet4-all source:ecdict cet4 cet6 family:supplied family:supplies family:supplying,1494
support,sә'pɒ:t,n.,"n. 支持, 支撑, 援助, 供养, 支撑物\nvt. 支援, 支撑, 帮助, 支持, 忍受, 供养, 证实\n[计] 后援; 支持",,,cet4-all source:ecdict cet4 cet6 family:supported family:supporting family:supports,524
suppose,sә'pәuz,vt.,"vt. 推想, 假设, 以为, 想像, 假定\nvi. 料想",,,cet4-all source:ecdict cet4 cet6 family:supposed family:supposing family:supposes,2161
supreme,sju'pri:m,n.,"n. 至高, 霸权\na. 至高的, 终极的, 极端的, 最大的",,,cet4-all source:ecdict cet4 cet6 cet6-core,1618
sure,ʃuә,adj.,"a. 确信, 必然的, 必定的\nadv. 当然, 确实地, 无疑地",,,cet4-all source:ecdict family:surest family:surer,347
surely,'ʃuәli,adv.,"adv. 的确地, 安全地\n[经] 保证, 保证人, 保证金",,,cet4-all source:ecdict cet4 cet6,2410
surface,'sә:fis,n.,"n. 面, 表面, 水面, 外表, 平面\na. 表面的, 外观的, 肤浅的, 水面上的\nvt. 使成平面, 使浮出水面\nvi. 浮出水面, 呈现, 在地面上工作",,,cet4-all source:ecdict family:surfaces family:surfaced family:surfacing,1015
surgeon,'sә:dʒәn,n.,"n. 外科医生, 军医, 船医\n[医] 外科医师",,,cet4-all source:ecdict cet4 cet6 cet6-core family:surgeons,3413
surgery,'sә:dʒәri,n.,"n. 外科, 手术, 手术室, 换球术",,,cet4-all source:ecdict cet4 cet6 cet6-core family:surgeries,1793
surname,'sә:neim,n.,"n. 姓, 别号, 绰号\nvt. 呼以姓氏, 起绰号",,,cet4-all source:ecdict cet4 cet6 family:surnames family:surnamed,15663
surprise,sә'praiz,n.,"n. 惊奇, 奇袭, 诧异\nvt. 使惊奇, 撞见, 奇袭",,,cet4-all source:ecdict family:surprised family:surprises family:surprising,1624
surprising,sә'praiziŋ,adj.,a. 令人惊讶的,,,cet4-all source:ecdict cet4 cet6 family:surprise family:i family:surprising,2785
surprisingly,,adv.,"adv. 使人惊奇, 出人意外, 惊人, 令人惊讶",,,cet4-all source:ecdict cet4 cet6,3368
surrender,sә'rendә,vt.,"vt. 交出, 放弃, 使投降, 让与\nvi. 投降, 自首\nn. 交出, 放弃, 投降",,,cet4-all source:ecdict cet4 cet6 family:surrendered family:surrendering family:surrenders,5024
surround,sә'raund,vt.,"vt. 包围, 环绕, 围绕\nn. 围绕物",,,cet4-all source:ecdict cet4 cet6 family:surrounded family:surrounding family:surrounds,1599
surroundings,sә'rajndiŋz,n.,"n. 环境, 周围的事物\n[化] 环境",,,cet4-all source:ecdict cet4 cet6 family:surroundings family:s,6249
survey,sә'vei,n.,"n. 纵览, 视察, 测量, 俯瞰, 调查\nvt. 审视, 视察, 俯瞰, 通盘考虑\nvi. 测量土地",,,cet4-all source:ecdict cet4 cet6 family:surveys family:surveying family:surveyed,1241
survive,sә'vaiv,vt.,"vt. 比...活得长, 生存, 生还, 幸免于\nvi. 活下来, 幸存",,,cet4-all source:ecdict cet4 cet6 cet6-core family:survived family:survives family:surviving,1342
suspect,sә'spekt,n.,"n. 被怀疑者, 嫌疑犯\na. 令人怀疑的, 不可信的, 可疑的\nv. 怀疑, 猜想",,,cet4-all source:ecdict cet4 cet6 family:suspected family:suspects family:suspecting,2100
suspend,sә'spend,vt.,"vt. 悬, 吊, 使悬浮, 暂停, 中止, 推迟\nvi. 暂停, 中止, 悬浮, 停止偿付债务\n[计] 暂停",,,cet4-all source:ecdict cet4 cet6 family:suspended family:suspending family:suspends,3775
suspicion,sә'spiʃәn,n.,"n. 怀疑, 觉察, 嫌疑\n[法] 怀疑, 疑心, 嫌疑",,,cet4-all source:ecdict cet4 cet6 cet6-core family:suspicions,3762
sustain,sә'stein,vt.,"vt. 承受, 支持, 供养, 继续, 忍受, 蒙受, 证实, 准许\n[电] 持续",,,cet4-all source:ecdict cet4 cet6 cet6-core family:sustained family:sustaining family:sustains,2986
swallow,'swɒlәu,n.,"n. 燕子, 吞咽, 喉\nvt. 咽, 淹没, 吞没, 耗尽, 轻信, 忍受, 抑制\nvi. 吞下, 咽下",,,cet4-all source:ecdict cet4 cet6 family:swallowed family:swallowing family:swallows,3535
swamp,swɒmp,n.,"n. 沼泽, 进退两难的困境\nvt. 淹没, 击溃, 清除, 使陷于沼泽\nvi. 陷于沼泽, 淹没",,,cet4-all source:ecdict cet4 cet6 cet6-core family:swamped family:swamps family:swamping,6335
swan,swɒn,n.,"n. 天鹅, 天鹅星座, 有才华的诗人\nvi. 闲荡, 蜿蜒而行",,,cet4-all source:ecdict cet4 cet6 family:swans family:swanning family:swanned,11579
swarm,swɒ:m,n.,"n. 群, 大群, 蜂群, 分蜂群\nvi. 分群, 群集, 聚集一块, 云集, 攀\nvt. 挤满, 爬, 攀",,,cet4-all source:ecdict cet4 cet6 family:swarmed family:swarming family:swarms,8983
sway,swei,n.,"n. 摇摆, 影响力, 支配\nvt. 摇动, 支配, 弄歪, 使倾斜, 使动摇, 影响\nvi. 摇动, 摇摆, 倾斜, 动摇, 统治, 转向",,,cet4-all source:ecdict cet4 cet6 family:swaying family:swayed family:sways,5924
swear,swєә,vt.,"vt. 发誓, 咒骂, 使宣誓\nvi. 发誓, 诅咒\nn. 诅咒, 誓言",,,cet4-all source:ecdict cet4 cet6 family:sworn family:swore family:swearing family:swears,3330
sweat,swet,n.,"n. 汗, 汗水, 水珠, 焦急\nvi. 出汗, 渗出, 冒出水气, 结水珠, 烦恼, 懊恼\nvt. 使出汗, 流出, 榨出, 使汗流浃背",,,cet4-all source:ecdict cet4 cet6 family:sweating family:sweated family:sweats,3696
sweater,'swetә,n.,"n. 毛衣, 毛线衫, 运动衫, 出汗者\n[化] 发汗器",,,cet4-all source:ecdict cet4 cet6 family:sweaters,4789
sweep,swi:p,n.,"n. 扫除, 打扫, 肃清, 视野, 范围, 全胜\nvt. 扫除, 掸去, 猛拉, 扫荡, 肃清, 冲走, 刮起, 环视, 掠过, 扫射\nvi. 扫, 打扫, 袭击, 席卷, 扫视, 掠过",,,cet4-all source:ecdict cet4 cet6 family:swept family:sweeping family:sweeps,2639
sweet,swi:t,n.,"n. 甜蜜, 糖果, 情人\na. 甜的, 芳香的, 悦耳的, 漂亮的, 和蔼的, 不咸的, 灵活的, 轻快的",,,cet4-all source:ecdict family:sweets family:sweeter family:sweetest,1567
swell,swel,n.,"n. 增大, 隆起的部分, 巨浪, 肿胀\na. 优秀的, 一流的\nvi. 增大, 膨胀, 肿胀, 增强, 骄傲\nvt. 使膨胀, 使增大, 使上涨, 使骄傲",,,cet4-all source:ecdict cet4 cet6 family:swollen family:swelling family:swelled family:swells,4867
swift,swift,n.,"n. 褐雨燕, 快速爬行的小蜥蜴, 蝙蝠蛾, 大滚筒\na. 迅速的, 快的, 敏捷的, 立刻的\nadv. 迅速地, 敏捷地",,,cet4-all source:ecdict cet4 cet6 family:swifts family:swifter family:swiftest,6627
swim,swim,n.,"n. 游泳, 漂浮, 潮流, 眩晕\nvi. 游泳, 游, 漂浮, 浸, 覆盖, 充溢, 大量拥有, 旋转, 眩晕\nvt. 游过, 使浮起",,,cet4-all source:ecdict family:swimming family:swam family:swims family:swum,2848
swing,swiŋ,n.,"n. 摇摆, 振幅, 音律, 节奏, 涨落, 秋千, 旋转, 行动自由\nvi. 摇摆, 悬挂, 旋转, 大摇大摆地走, 转向\nvt. 挥舞, 使旋转, 使转向, 悬挂, 吊运\na. 旋转的, 悬挂的, 强节奏爵士音乐的",,,cet4-all source:ecdict cet4 cet6 family:swung family:swinging family:swings,2453
swiss,swis,n.,"n. 瑞士人, 瑞士腔调\na. 瑞士的, 瑞士风格的",,,cet4-all source:ecdict cet4 cet6,5727
switch,switʃ,n.,"n. 开关, 电闸, 转换, 软枝, 鞭子, 道岔\nvt. 转变, 切换, 摆动, 转换, 使转轨\nvi. 转换, 变换, 摆动\n[计] 开关; 翻转; 转移",,,cet4-all source:ecdict cet4 cet6 family:switched family:switching family:switches,2604
sword,sɒ:d,n.,"n. 刀, 剑, 战争, 武力, 剑状物",,,cet4-all source:ecdict cet4 cet6 family:swords,4105
symbol,'simbl,n.,"n. 符号, 象征, 代号, 信条\n[计] 符号; 码元",,,cet4-all source:ecdict cet4 cet6 cet6-core family:symbols,2340
sympathetic,.simpә'θetik,adj.,"a. 有同情心的, 合意的, 赞成的\nn. 交感神经, 容易感受的人",,,cet4-all source:ecdict cet4 cet6 cet6-core,5209
sympathize,'simpәθaiz,vi.,"vi. 同情, 怜悯, 同意, 体谅",,,cet4-all source:ecdict cet4 cet6 family:sympathized family:sympathizes family:sympathizing,11121
sympathy,'simpәθi,n.,"n. 同情, 赞同, 怜悯, 慰问, 吊唁\n[医] 交感[作用], 同感[作用], 感应, 同情",,,cet4-all source:ecdict cet4 cet6 cet6-core family:sympathies,4270
synthetic,sin'θetik,n.,"n. 合成物质\na. 综合(性)的, 人造的, 合成的",,,cet4-all source:ecdict cet4 cet6 family:synthetics,6824
system,'sistәm,n.,"n. 系统, 体系, 制度, 方式, 秩序, 分类原则\n[计] 系统; 体制; 体系",,,cet4-all source:ecdict cet4 cet6 family:systems,191
systematic,.sisti'mætik,adj.,"a. 有系统的, 分类上的, 体系的\n[医] 系统的, 系的, 分类的",,,cet4-all source:ecdict cet4 cet6 family:systematics,5408
table,'teibl,n.,"n. 桌子, 餐桌, 工作台, 铭文, 表格, 表, 高原, 平地层\nvt. 搁置, 嵌合, 制表, 把...列入议事日程\n[计] 表格, 模拟运算表",,,cet4-all source:ecdict family:tables family:tabled family:tabling,539
tablet,'tæblit,n.,"n. 平板, 门牌, 笔记簿, 碑, 匾, 药片\n[化] 片剂",,,cet4-all source:ecdict cet4 cet6 family:tablets,7864
tag,tæg,n.,"n. 标签, 附属物, 碎片, 结束语, 口头禅, 附加语, 浑名, 标记, 标记符\nvt. 附以签条, 尾随, 添饰, 起浑名, 连接\nvi. 紧紧跟随\n[计] 标记",,,cet4-all source:ecdict cet4 cet6 family:tags family:tagged family:tagging,4442
tail,teil,n.,"n. 尾部, 后部, 辫子, 随员, 特务, 燕尾服, 踪迹, 限定继承(权)\na. 在后面的, 从后面而来的, 限定继承的, 尾部的, 后部的\nvt. 为...装尾, 附于其后, 尾随, 使搭牢, 跟踪, 监视\nvi. 跟踪, 船尾搁浅",,,cet4-all source:ecdict cet4 cet6 family:tails family:tailed family:tailing,2985
tailor,'teilә,n.,"n. 裁缝, 成衣匠\nvt. 缝制, 制作, 使适应\nvi. 做裁缝",,,cet4-all source:ecdict cet4 cet6 family:tailored family:tailors family:tailoring,7806
take,teik,vt.,"vt. 拿, 取, 抓, 带领, 获得, 就座, 接受, 吃, 吸引, 采取, 乘, 需要, 花费\nvi. 吃掉对方棋子, 抓住, 起作用, 依法获得财产\nn. 拿, 取, 收成, 奏效",,,cet4-all source:ecdict family:took family:taken family:taking family:takes,63
tale,teil,n.,"n. 故事, 谎言, 谣言, 陈述, 叙述\n[法] 虚语, 诽语, 谣言",,,cet4-all source:ecdict cet4 cet6 family:tales,2239
talent,'tælәnt,n.,"n. 天才, 才能, 有才干的人, 天资",,,cet4-all source:ecdict cet4 cet6 family:talents,2030
talk,tɒ:k,n.,"n. 谈话, 交谈, 会谈, 讲话, 演讲, 空谈, 谣言, 方言, 语言\nvi. 讲话, 演讲, 说话, 谈话, 交流, 闲聊, 说闲话\nvt. 讲, 说, 讨论, 谈论\n[计] 对话类, 聊天",,,cet4-all source:ecdict family:talking family:talks family:talked,168
tall,tɒ:l,adj.,"a. 高的, 长的, 夸大的\nadv. 夸大地",,,cet4-all source:ecdict family:taller family:tallest,1524
tame,teim,adj.,"a. 驯服的, 柔顺的, 被开垦的, 顺从的, 乏味的, 平淡的\nvt. 驯养, 驯服, 制服, 失去锋芒\nvi. 变得驯服",,,cet4-all source:ecdict cet4 cet6 cet6-core family:tamed family:taming family:tamer family:tames,10816
tan,tæn,n.,"n. 黄褐色, 鞣料, 马戏团\na. 黄褐色的, 鞣皮的\nvi. 晒成棕褐色\nvt. 把...晒黑, 鞣(革), 狠狠鞭打",,,cet4-all source:ecdict cet4 cet6 cet6-core family:tans family:tanned family:tanning,9634
tank,tæŋk,n.,"n. 槽, 箱, 柜, 罐, 池塘, 储水池, 坦克\nvt. 储于箱中",,,cet4-all source:ecdict cet4 cet6 family:tanks family:tanking family:tanked,1874
tap,'tæp,n.,"n. 轻打, 水龙头\nvt. 轻打, 轻敲, 敲打出, 选择, 装上嘴子, 使流出, 开发, 分接, 向...乞讨\nvi. 轻叩, 轻拍, 啪塔啪塔地走\n[计] 接头",,,cet4-all source:ecdict cet4 cet6 family:tapped family:tapping family:taps,2843
tape,teip,n.,"n. 带子, 录音带, 磁带, 窄带, 卷尺\nvt. 以带子绑起, 测量, 录音\n[计] 带",,,cet4-all source:ecdict cet4 cet6 family:tapes family:taping family:taped,1490
target,'tɑ:git,n.,"n. 目标, 靶子, 指标\nvt. 对准, 订指标",,,cet4-all source:ecdict cet4 cet6 cet6-core family:targets family:targeted family:targeting,1281
task,tɑ:sk,n.,"n. 工作, 任务, 作业, 困难的工作\nvt. 派给...工作, 使辛劳\n[计] 任务",,,cet4-all source:ecdict cet4 cet6 family:tasks family:tasked family:tasking,1047
taste,teist,n.,"n. 味道, 品味, 味觉, 感受, 体验, 爱好, 审美, 少量\nvt. 尝, 察觉...的味道, 体会\nvi. 品尝, 察觉味道, 有某种味道",,,cet4-all source:ecdict cet4 cet6 family:tastes family:tasted family:tasting,2031
tax,tæks,n.,"n. 税, 税款, 重负, 会费\nvt. 课以税, 使负重荷, 斥责",,,cet4-all source:ecdict cet4 cet6 family:taxes family:taxed family:taxing,509
taxi,'tæksi,n.,n. 出租车\nvi. 乘出租车\nvt. 用出租车送,,,cet4-all source:ecdict family:taxis family:taxiing family:taxied family:taxies,5161
tea,ti:,n.,"n. 茶, 茶叶\n[医] 茶, 茶剂, 浸剂",,,cet4-all source:ecdict family:teas,2164
teach,ti:tʃ,vt.,"vt. 教, 讲授, 教导, 教育\nvi. 教书, 教学, 可以教",,,cet4-all source:ecdict family:taught family:teaching family:teaches,545
teacher,'ti:tʃә,n.,"n. 教师, 老师, 导师",,,cet4-all source:ecdict family:teachers,371
teaching,'ti:tʃiŋ,n.,"n. 教学, 学说, 教导",,,cet4-all source:ecdict cet4 cet6 family:teach family:i family:teaching family:teachings,1638
team,ti:m,n.,"n. 队, 组\nvt. 把马(牛)套在同一辆车上, 把...编成一组\nvi. 驾驶卡车, 协作",,,cet4-all source:ecdict cet4 cet6 family:teams family:teamed family:teaming,307
tear,tiә. tєә,n.,"n. 泪滴, 眼泪, 撕, 扯, 裂缝, 激怒, 飞奔\nvi. 流泪, 撕破, 赶快, 飞奔, 被撕破\nvt. 撕裂, 戳破, 拉掉, 撕掉, 使分裂, 使精神不安, 折磨",,,cet4-all source:ecdict cet4 cet6 family:tears family:torn family:tore family:tearing,1905
technical,'teknikl,adj.,"a. 技术上的, 专门的, 工业的, 严格根据法律的\n[化] 技巧",,,cet4-all source:ecdict cet4 cet6,2064
technician,tek'niʃәn,n.,n. 技师\n[化] 技师,,,cet4-all source:ecdict cet4 cet6 family:technicians,4831
technique,tek'ni:k,n.,"n. 技巧, 技术, 方法\n[化] 工艺方法; 技巧",,,cet4-all source:ecdict cet4 cet6 family:techniques,1335
technology,tek'nɒlәdʒi,n.,"n. 技术, 工业技术, 术语\n[医] 技术学, 工艺学",,,cet4-all source:ecdict cet4 cet6 family:technologies,585
tedious,'ti:diәs,adj.,"a. 沉闷的, 冗长乏味的",,,cet4-all source:ecdict cet4 cet6 cet6-core,10501
teenager,'ti:nidʒә,n.,n. 十三岁到十九岁的少年,,,cet4-all source:ecdict cet4 cet6 family:teenagers,2440
telegram,'teli^ræm,n.,"n. 电报, 一封电报\n[计] 电报",,,cet4-all source:ecdict cet4 cet6 family:telegrams,12224
telegraph,'teligrɑ:f,n.,"n. 电报, 电报机\nvi. 打电报\nvt. 打电报给, 电汇, 流露, 显示出要...的样子",,,cet4-all source:ecdict cet4 cet6 family:telegraphs family:telegraphed family:telegraphing,26182
telephone,'telifәun,n.,"n. 电话, 电话机\nv. 打电话",,,cet4-all source:ecdict family:telephoned family:telephones family:telephoning,1865
telescope,'teliskәup,n.,"n. 望远镜\nvi. 叠缩, 嵌进, 缩短\nvt. 使叠缩, 使缩短",,,cet4-all source:ecdict cet4 cet6 family:telescopes family:telescoped family:telescoping,2759
television,'teli.viʒәn,n.,n. 电视\n[电] 电视,,,cet4-all source:ecdict family:televisions,794
tell,tel,vt.,"vt. 告诉, 说, 吩咐, 断定, 知道\nvi. 讲述, 泄密, 告发, 表明",,,cet4-all source:ecdict family:told family:telling family:tells,103
temper,'tempә,n.,"n. (钢等的)硬度, 脾气, 心情, 中和剂, 倾向, 回火\nvt. 使回火, 锻炼, 调和, 使缓和\nvi. 回火",,,cet4-all source:ecdict cet4 cet6 cet6-core family:tempered family:tempers family:tempering,6436
temperature,'temprәtʃә,n.,"n. 温度, 发烧, 热度\n[化] 温度",,,cet4-all source:ecdict cet4 cet6 family:temperatures,1622
temple,templ,n.,"n. 圣堂, 庙宇, 教堂, 礼拜堂, 太阳穴, 鬓角\n[医] 颞颥, 颞部",,,cet4-all source:ecdict cet4 cet6 family:temples,3616
temporary,'tempәrәri,adj.,"a. 暂时的, 临时的\nn. 临时工, 临时雇员\n[计] 临时",,,cet4-all source:ecdict cet4 cet6 family:temporaries,3150
tempt,tempt,vt.,"vt. 诱惑, 引诱, 引起...的兴趣, 吸引, 冒...风险",,,cet4-all source:ecdict cet4 cet6 cet6-core family:tempted family:tempts family:tempting,5592
temptation,temp'teiʃәn,n.,"n. 诱惑, 诱惑物\n[法] 诱惑, 诱惑物",,,cet4-all source:ecdict cet4 cet6 family:temptations,5906
ten,ten,num.,"num. 十, 十个",,,cet4-all source:ecdict,838
tenant,'tenәnt,n.,"n. 承租人, 房客, 居住者\nvt. 租借\n[计] 占据者",,,cet4-all source:ecdict cet4 cet6 cet6-core family:tenants family:tenanted family:tenanting,5543
tend,tend,vi.,"vi. 走向, 有某种的倾向, 易于, 照顾, 注意\nvt. 照料, 护理",,,cet4-all source:ecdict cet4 cet6 family:tends family:tended family:tending,1039
tendency,'tendәnsi,n.,"n. 趋向, 倾向\n[医] 趋向, 趋势",,,cet4-all source:ecdict cet4 cet6 cet6-core family:tendencies,3040
tender,'tendә,adj.,"a. 嫩的, 柔软的, 脆弱的, 温柔的, 亲切的, 未成熟的, 微妙的, 棘手的, 审慎的\nvt. 使变嫩, 提供, 偿还\nvi. 变柔软, 投标\nn. 照料, 看管人, 供应船, 小船, 提出, 偿付, 投标",,,cet4-all source:ecdict cet4 cet6 family:tenders family:tendered family:tendering,4225
tennis,'tenis,n.,n. 网球,,,cet4-all source:ecdict,3082
tense,tens,adj.,"a. 紧张的, 拉紧的\nv. (使)紧张, (使)拉紧\nn. 时态",,,cet4-all source:ecdict cet4 cet6 family:tensed family:tensing family:tenses,6263
tent,tent,n.,"n. 帐篷, 帷幕, 住处, 塞条, 塞子\nvi. 住帐蓬, 宿营, 暂时居住\nvt. 用帐篷遮盖, 使住帐篷, 用塞条嵌入",,,cet4-all source:ecdict cet4 cet6 family:tents family:tented family:tenting,3071
tenth,tenθ,num.,"num. 第十, 十分之一",,,cet4-all source:ecdict,7565
term,tә:m,n.,"n. 术语, 专有名词, 期限, 学期, 任期, 条件, 价钱, 关系, 地位, 项, 界石\nvt. 称, 呼\n[计] 检索词; 项",,,cet4-all source:ecdict cet4 cet6 family:terms family:termed family:terming,626
terminal,'tә:minәl,n.,"n. 终端机, 终点, 末端, 极限, 终点站\na. 终点的, 定期的, 致死的, 结尾的, 末端的, 晚期的\n[计] 终端; 终端设备",,,cet4-all source:ecdict cet4 cet6 family:terminals,5777
terrible,'terәbl,adj.,"a. 可怕的, 令人恐惧的, 极坏的",,,cet4-all source:ecdict cet4 cet6,1944
terrific,tә'rifik,adj.,"a. 非常好的, 极端的, 可怕的",,,cet4-all source:ecdict cet4 cet6 cet6-core,4237
territory,'teritәri,n.,"n. 领土, 领地, 版图, 地区, 活动范围\n[经] (推销员等的)推销区域",,,cet4-all source:ecdict cet4 cet6 cet6-core family:territories,2179
terror,'terә,n.,"n. 恐怖, 可怕的人\n[医] 惊吓, 惊悸",,,cet4-all source:ecdict cet4 cet6 family:terrors,2732
test,test,n.,"n. 测试, 试验, 化验, 检验, 考验, 甲壳\nvt. 测试, 试验, 化验\nvi. 接受测验, 进行测试",,,cet4-all source:ecdict cet4 cet6 family:tests family:tested family:testing,575
text,tekst,n.,"n. 文本, 正文, 课文, 主题, 圣经文句, 乐谱\n[计] 电文; 文本; 正文",,,cet4-all source:ecdict family:texts,1289
textbook,'tekstbuk,n.,n. 教科书,,,cet4-all source:ecdict cet4 cet6 family:textbooks,4473
textile,'tekstail,n.,"n. 纺织品, 纺织业\na. 织的, 纺织的",,,cet4-all source:ecdict cet4 cet6 family:textiles,5621
than,ðæn,conj.,"conj. 比, 除...外\nprep. 比",,,cet4-all source:ecdict,73
thank,θæŋk,n.,"n. 谢意, 感谢\nvt. 谢谢, 感谢",,,cet4-all source:ecdict family:thanked family:thanking family:thanks,498
that,ðæt,adj.,"a. 那, 那个\nconj. 以致, 因为\npron. 那\nadv. 那么, 那样",,,cet4-all source:ecdict,12
the,ðә,art.,art. 那,,,cet4-all source:ecdict,1
theatre,,n.,"n. 戏院, 电影院, 剧场, 全体观众, 戏剧, 戏剧效果, 阶梯式讲堂, 场所",,,cet4-all source:ecdict cet4 cet6 family:theatres,
their,ðєә,pron.,pron. 他们的,,,cet4-all source:ecdict,36
theirs,ðєәz,pron.,pron. 他们的,,,cet4-all source:ecdict,5421
them,ðem,pron.,"pron. 他们, 她们, 它们",,,cet4-all source:ecdict family:thems,59
themselves,ðәm'selvz,pron.,"pron. 他们自己, 她们自己, 它们自己",,,cet4-all source:ecdict,449
then,ðen,adv.,"adv. 然后, 当时\nconj. 然后, 当时\nn. 那时",,,cet4-all source:ecdict,77
theoretical,θiә'retikәl,adj.,"a. 理论的, 理论上的, 假设的, 推理的\n[计] 理论的",,,cet4-all source:ecdict cet4 cet6,3781
theory,'θiәri,n.,"n. 理论, 学说, 原理, 意见, 推测\n[化] 理论",,,cet4-all source:ecdict cet4 cet6 family:theories,918
there,ðєә,adv.,adv. 在那里,,,cet4-all source:ecdict,53
thereby,'ðєәbai,adv.,adv. 因此,,,cet4-all source:ecdict cet4 cet6,3891
therefore,'ðєәfɒ:,adv.,"adv. 因此, 所以",,,cet4-all source:ecdict cet4 cet6 cet6-core,1161
thermometer,θә'mɒmitә,n.,"n. 温度计, 体温计\n[化] 温度计",,,cet4-all source:ecdict cet4 cet6 family:thermometers,9651
these,ði:z,pron.,pron. 这些,,,cet4-all source:ecdict,82
they,ðei,pron.,"pron. 他们, 它们",,,cet4-all source:ecdict,21
thick,θik,adj.,"a. 厚的, 粗壮的, 浓的, 迟钝的, 浑浊的, 多雾的, 过分的, 口齿不清的\nadv. 厚地, 密地, 浓浓地\nn. 最浓处, 最厚处, 最密集处\n[计] 暗, 粗线",,,cet4-all source:ecdict cet4 cet6 family:thicker family:thickest,1721
thickness,'θiknis,n.,"n. 厚度, 密度, 愚钝, 含混不清\n[医] 厚度",,,cet4-all source:ecdict cet4 cet6 family:thicknesses family:thicknessing,8553
thief,θi:f,n.,"n. 小偷, 贼\n[化] 取样",,,cet4-all source:ecdict cet4 cet6 family:thieves,5007
thin,θin,adj.,"a. 薄的, 细的, 瘦的, 稀疏的, 稀薄的, 淡的, 弱的, 空洞的\nvt. 使变薄, 使变细, 使稀少, 使淡\nvi. 变薄, 变细, 变少, 变淡\nadv. 薄地, 稀疏地, 微弱地\nn. 细小部分",,,cet4-all source:ecdict family:thinner family:thinning family:thinnest family:thinned family:thins,1621
thing,θiŋ,n.,"n. 事物, 东西, 物, 用品, 事, 事件, 情况, 行为, 特征",,,cet4-all source:ecdict family:things,97
think,θiŋk,vt.,"vt. 想, 考虑, 想起, 想像, 打算, 认为\nvi. 思考, 料想\nn. 想法\na. 思想的",,,cet4-all source:ecdict family:thought family:thinking family:thinks,56
third,θә:d,num.,"num. 第三, 三分之一\n[机] 第三; 第三的",,,cet4-all source:ecdict,584
thirdly,'θә:dli,adv.,adv. 第三,,,cet4-all source:ecdict cet4 cet6,19412
thirst,θә:st,n.,"n. 口渴, 渴望\nvi. 口渴, 渴望",,,cet4-all source:ecdict cet4 cet6 family:thirsting family:thirsts family:thirsted,10813
thirsty,'θә:sti,adj.,"a. 口渴的, 渴望的, 干燥的",,,cet4-all source:ecdict family:thirstier family:thirstiest,10308
thirteen,'θә:'ti:n,num.,"num. 十三, 十三个",,,cet4-all source:ecdict,5649
thirty,'θә:ti,num.,"num. 三十, 三十个",,,cet4-all source:ecdict,2833
this,θis,pron.,"pron. 这, 本\na. 这, 本\nadv. 这么",,,cet4-all source:ecdict,20
thorn,θɒ:n,n.,"n. 刺, 棘, 荆棘",,,cet4-all source:ecdict cet4 cet6 cet6-core family:thorns family:thorning family:thorned,11159
thorough,'θʌrә,adj.,"a. 十分的, 彻底的",,,cet4-all source:ecdict cet4 cet6,5852
those,ðәuz,pron.,pron. 那些,,,cet4-all source:ecdict,102
though,ðәu,adv.,"adv. 然而, 可是\nconj. 虽然, 纵然",,,cet4-all source:ecdict,245
thought,θɒ:t,n.,"n. 想法, 思想, 思维, 关心, 挂念\nthink的过去式和过去分词",,,cet4-all source:ecdict cet4 cet6 family:think family:pd family:thoughts,760
thoughtful,'θɒ:tful,adj.,"a. 深思的, 体贴的",,,cet4-all source:ecdict cet4 cet6,5674
thousand,'θauznd,num.,"num. 千\na. 成千的, 许多的\nn. 许许多多",,,cet4-all source:ecdict,651
thread,θred,n.,"n. 线, 丝, 纤维, 线索\nvt. 穿线于, 穿过, 通过, 用线穿成\nvi. 穿过\n[计] 线索, 线程",,,cet4-all source:ecdict cet4 cet6 family:threads family:threaded family:threading,4714
threat,θret,n.,"n. 恐吓, 恶兆, 威胁\n[经] 威胁",,,cet4-all source:ecdict cet4 cet6 family:threats,1066
threaten,'θretn,vt.,"vt. 恐吓, 威胁, 预示...的凶兆\nvi. 威胁, 恫吓, 可能来临",,,cet4-all source:ecdict cet4 cet6 cet6-core family:threatened family:threatening family:threatens,1395
three,θri:,num.,"num. 三, 三个",,,cet4-all source:ecdict,135
thrill,θril,n.,"n. 震颤, 激动, 刺激性, 一阵激动\nvi. 震颤, 颤抖, 激动\nvt. 使激动, 使颤动",,,cet4-all source:ecdict cet4 cet6 cet6-core family:thrills family:thrilling family:thrilled,5858
thrive,θraiv,vi.,"vi. 繁荣, 兴旺, 茁壮成长\n[经] 兴旺, 繁荣, 旺盛",,,cet4-all source:ecdict cet4 cet6 cet6-core family:thrives family:thrived family:thriving,4628
throat,θrәut,n.,"n. 咽喉, 喉咙, 嗓音\nvt. 用喉音说, 开沟于",,,cet4-all source:ecdict cet4 cet6 family:throats,2454
throne,'θrәun,n.,"n. 王座, 君主",,,cet4-all source:ecdict cet4 cet6 cet6-core family:thrones family:throning family:throned,7253
throng,θrɒ:ŋ,n.,"n. 群, 人群, 群集, 众多\na. 拥挤的\nvi. 群集, 蜂拥\nvt. 在...群集, 使拥塞",,,cet4-all source:ecdict cet4 cet6 family:thronged family:thronging family:throngs,11014
through,θru:,adv.,"adv. 穿越, 从头至尾, 到底, 因为\nprep. 经过, 穿过\na. 对穿的, 直达的, 完结的",,,cet4-all source:ecdict,112
throughout,θru:'aut,adv.,"adv. 到处, 贯穿全部地, 自始至终\nprep. 遍及, 在各处\n[计] 吞吐量",,,cet4-all source:ecdict cet4 cet6,983
throw,θrәu,vt.,"vt. 投, 掷, 抛, 发射, 摔下, 匆匆穿上(或脱下), 抛弃, 摆脱\nvi. 丢, 掷, 抛\nn. 投掷, 掷骰子, 冒险",,,cet4-all source:ecdict family:thrown family:threw family:throwing family:throws,677
thrust,θrʌst,n.,"n. 插, 戳, 刺, 猛推, 口头攻击, 推力\nvt. 插入, 猛推, 刺, 戳, 强加, 延伸\nvi. 插, 刺, 戳, 延伸, (用力)推",,,cet4-all source:ecdict cet4 cet6 family:thrust family:pd family:thrusting family:thrusts,5904
thumb,θʌm,n.,"n. 拇指\nvt. 以拇指拨弄, 笨拙地摆弄, 用拇指翻旧, 迅速翻阅, 作搭车手势",,,cet4-all source:ecdict cet4 cet6 family:thumbs family:thumbed family:thumbing,3748
thunder,'θʌndә,n.,"n. 雷, 雷声\nvi. 打雷, 轰隆地响, 怒喝\nvt. 大声喊出, 轰隆地发出",,,cet4-all source:ecdict cet4 cet6 family:thundered family:thundering family:thunders,8090
thursday,'θә:zdi,n.,n. 星期四,,,cet4-all source:ecdict family:thursdays,
thus,ðʌs,adv.,"adv. 如此, 因此, 到如此程度\n[医] 乳香",,,cet4-all source:ecdict cet4 cet6,744
tick,tik,n.,"n. 滴答声, 一瞬间, 壁虱, 褥套, 信用, 赊欠\nvi. 滴答响, 活动\nvt. 滴答地记录, 标记号于",,,cet4-all source:ecdict cet4 cet6 cet6-core family:ticking family:ticks family:ticked,7358
ticket,'tikit,n.,"n. 票, 券, 车票, 标签, 入场券, 证明书\nvt. 加标签于, 为...购票",,,cet4-all source:ecdict family:tickets family:ticketing family:ticketed,1576
tide,taid,n.,"n. 潮, 潮汐, 趋势, 潮流, 涨潮, 高潮\nvt. 使随潮漂流\nvi. 顺潮行驶",,,cet4-all source:ecdict cet4 cet6 family:tides family:tiding family:tided,4010
tidy,'taidi,n.,"n. 椅子的背罩, 装杂物的容器\na. 整齐的, 有条理的\nvt. 弄整齐, 收拾, 整理\nvi. 整理, 收拾",,,cet4-all source:ecdict cet4 cet6 family:tidying family:tidied family:tidier family:tidies family:tidiest,9867
tie,tai,n.,"n. 带子, 线, 鞋带, 领带, 领结, 关系, 束缚, 平局, 不分胜负\nvt. 系, 打结, 扎, 约束, 与...成平局\nvi. 结合, 打结, 不分胜负",,,cet4-all source:ecdict cet4 cet6 family:tied family:ties family:tying,1501
tiger,'taigә,n.,"n. 老虎, 虎, 凶暴的人",,,cet4-all source:ecdict cet4 cet6 family:tigers,5908
tight,tait,adj.,"a. 紧的, 密封的, 吝啬的, 严厉的\nadv. 紧紧地",,,cet4-all source:ecdict cet4 cet6 family:tighter family:tights family:tightest,2741
till,til,prep.,"prep. 直到, 在...以前, 迄\nconj. 直到...为止\nvt. 耕种\nn. 放钱的抽屉, 备用现金, 冰碛",,,cet4-all source:ecdict family:tills family:tilling family:tilled,4897
timber,'timbә,n.,"n. 木材, 木料\nvt. 用木材建造",,,cet4-all source:ecdict cet4 cet6 family:timbers family:timbered,4896
time,taim,n.,"n. 时间, 时侯, 时机, 时期, 期限, 次数, 节拍, 暂停, 规定时间\nvt. 测定...的时间, 记录...的时间, 计时, 定时\na. 时间的, 记时的, 定时的, 定期的, 分期的\n[计] DOS内部命令:用于显示或设定系统的时间",,,cet4-all source:ecdict family:times family:timed family:timing,52
timetable,'taimteibl,n.,n. 时间表,,,cet4-all source:ecdict cet4 cet6 family:timetables family:timetabling family:timetabled,8819
timid,'timid,adj.,"a. 胆小的, 羞怯的",,,cet4-all source:ecdict cet4 cet6 cet6-core,11301
tin,tin,n.,"n. 锡, 马口铁, 罐头\nvt. 在...镀锡于\na. 锡制的\n[计] tin阅读程序",,,cet4-all source:ecdict cet4 cet6 family:tins family:tinning family:tinned,5424
tiny,'taini,adj.,"a. 很少的, 微小的",,,cet4-all source:ecdict cet4 cet6 family:tiniest family:tinier family:tinies,1313
tip,tip,n.,"n. 顶, 尖端, 梢, 末端, 倾斜, 垃圾场, 小费, 轻击, 指点, 秘密消息\nvt. 装顶端, 使倾斜, 使翻倒, 泄露, 告诫, 暗示, 给...小费, 轻击\nvi. 倾斜, 翻倒, 倾覆, 踮脚走, 给小费\n[计] 终端接口处理器, 提示, 技巧",,,cet4-all source:ecdict cet4 cet6 family:tips family:tipped family:tipping,1928
tire,taiә,n.,"n. 轮胎, 头饰\nvt. 使疲倦, 使厌烦, 打扮\nvi. 疲劳, 厌倦",,,cet4-all source:ecdict cet4 cet6 family:tired family:tires family:tiring,2850
tired,taiәd,adj.,"a. 疲累的, 疲乏的, 厌倦的",,,cet4-all source:ecdict family:tired family:dp,1959
tissue,'tiʃu:,n.,"n. 薄的织物, 薄纱, 棉纸, 组织, 一套\n[化] 组织",,,cet4-all source:ecdict cet4 cet6 cet6-core family:tissues family:tissuing family:tissued,2688
title,'taitl,n.,"n. 头衔, 名称, 标题, 书名, 扉页, 权利, 资格, 冠军, 字幕\nvt. 授予头衔, 加标题于\n[计] 标题",,,cet4-all source:ecdict cet4 cet6 family:titles family:titled family:titling,1323
to,tu:,prep.,"prep. 到, 向, 趋于\nadv. 向前",,,cet4-all source:ecdict,7
toast,tәust,n.,"n. 吐司, 烤面包, 干杯\nvt. 敬酒, 烤, 使暖和\nvi. 烤, 烘",,,cet4-all source:ecdict cet4 cet6 family:toasting family:toasts family:toasted,6163
tobacco,tә'bækәu,n.,"n. 烟草, 香烟\n[医] 烟草",,,cet4-all source:ecdict cet4 cet6 family:tobaccos,3010
today,tә'dei,n.,"n. 今天, 当今, 现在\nadv. 今天, 当今",,,cet4-all source:ecdict family:todays,214
toe,tәu,n.,"n. 足趾, 趾部, 脚趾\nvt. 以趾踏触, 用脚尖走\nvi. 动脚尖",,,cet4-all source:ecdict cet4 cet6 family:toes family:toed family:toeing,3360
together,tә'geðә,adv.,"adv. 一起, 共同, 彼此",,,cet4-all source:ecdict,324
toilet,'tɒilit,n.,"n. 厕所, 梳妆\nvi. 梳妆, 打扮, 上厕所\nvt. 给...梳妆打扮",,,cet4-all source:ecdict cet4 cet6 family:toilets,3983
tolerance,'tɒlәrәns,n.,"n. 宽容, 忍受, 容忍, 容许量, 公差\n[计] 允许误差",,,cet4-all source:ecdict cet4 cet6 family:tolerances,4670
tolerate,'tɒlәreit,vt.,"vt. 宽容, 容许, 有耐力",,,cet4-all source:ecdict cet4 cet6 family:tolerated family:tolerating family:tolerates,4319
tomato,tә'mɑ:tәu,n.,"n. 番茄, 西红柿",,,cet4-all source:ecdict cet4 cet6 family:tomatoes,2400
tomb,tu:m,n.,"n. 坟墓, 死亡\nvt. 埋葬",,,cet4-all source:ecdict cet4 cet6 family:tombs,6183
tomorrow,tә'mɒ:rәu,n.,"n. 明天, 未来\nadv. 明天, 未来地",,,cet4-all source:ecdict family:tomorrows,1334
ton,tʌn,n.,n. 吨\n[经] 吨,,,cet4-all source:ecdict cet4 cet6 family:tons family:toning family:tonner,
tone,tәun,n.,"n. 音调, 音质, 语调, 语气, 色调, 气氛, 状况, 思想状态\nvt. 给...定色调, 增强, 使...的声调和谐, 定音调\nvi. 颜色调和\n[计] 双音频",,,cet4-all source:ecdict cet4 cet6 family:tones family:toned family:toning,1995
tongue,tʌŋ,n.,"n. 舌, 语言能力, 讲话方式, 语言\nvt. 舔, 斥责, 发...的音\nvi. 使用舌头, 吹管乐器",,,cet4-all source:ecdict cet4 cet6 family:tongues family:tonguing family:tongued,2871
tonight,tә'nait,n.,"n. 今晚, 今夜\nadv. 今晚, 今夜",,,cet4-all source:ecdict,910
too,tu:,adv.,"adv. 也, 非常, 太",,,cet4-all source:ecdict,133
tool,tu:l,n.,"n. 工具, 机床, 傀儡\nvt. 用工具加工\nvi. 使用工具",,,cet4-all source:ecdict cet4 cet6 family:tools family:tooling family:tooled,1291
tooth,tu:θ,n.,"n. 牙齿, 齿状物, 爱好\nvt. 装以齿, 将...切成齿状\nvi. 啮合",,,cet4-all source:ecdict family:teeth,1854
top,tɒp,n.,"n. 顶部, 顶端, 极点, 上面, 上部, 顶篷, 最高地位, 首位, 陀螺\na. 最高的, 顶上的, 头等的\nvt. 盖, 加以顶, 高达, 超越\nvi. 结束, 达到顶点, 高出\n[计] TOP协议",,,cet4-all source:ecdict cet4 cet6 family:tops family:topped family:topping,678
topic,'tɒpik,n.,"n. 主题, 论题, 话题",,,cet4-all source:ecdict cet4 cet6 family:topics,1860
torch,tɒ:tʃ,n.,"n. 火把, 启发之物\n[化] 火炬",,,cet4-all source:ecdict cet4 cet6 family:torches family:torched family:torching,7182
torrent,'tɒ:rәnt,n.,"n. 奔流, 倾盆大雨, 倾注, 迸发",,,cet4-all source:ecdict cet4 cet6 family:torrents,11727
tortoise,'tɒ:tәs,n.,"n. 龟, 行动迟缓的人",,,cet4-all source:ecdict cet4 cet6 family:tortoises family:tortoising family:tortoised,13299
torture,'tɒ:tʃә,n.,"n. 拷问, 苦闷\nvt. 拷问, 曲解, 折磨, 使弯曲",,,cet4-all source:ecdict cet4 cet6 family:tortured family:torturing family:tortures,5272
toss,tɒs,n.,"n. 投掷, 抛, 摇摆, 震荡, 掷钱币决定\nvt. 投掷, 猛抬, 摇荡, 使不安, 掷钱币决定\nvi. 被到处扔, 摇摆, 颠簸, 辗转, 掷钱币决定某事",,,cet4-all source:ecdict cet4 cet6 cet6-core family:tossed family:tossing family:tosses,2396
total,'tәutl,adj.,"a. 全体的, 总的, 全然的\nvt. 计算...的总和, 共计为\nvi. 合计\nn. 总数, 全体, 合计\nadv. 统统",,,cet4-all source:ecdict cet4 cet6 family:totalling family:totalled family:totals,1038
touch,tʌtʃ,n.,"n. 触觉, 碰, 触, 机灵, 轻触, 格调, 少许, 缺点, 弹力\nvt. 接触, 触摸, 触及, 使接触, 达到, 涉及, 影响到, 使轻度受害, 感动\nvi. 触摸, 接近, 涉及, 提到",,,cet4-all source:ecdict cet4 cet6 family:touched family:touching family:touches,1166
tough,tʌf,n.,"n. 恶棍\na. 强硬的, 艰苦的, 坚固的, 坚韧的, 粗暴的, 咬不动的",,,cet4-all source:ecdict cet4 cet6 family:tougher family:toughest family:toughs,1012
tour,tuә,n.,"n. 旅游, 观光旅行, 任期\nvi. 旅行, 周游, 巡回\nvt. 周游, 观光, 游历, 使巡回演出",,,cet4-all source:ecdict cet4 cet6 family:tours family:touring family:toured,1474
tourist,'tuәrist,n.,"n. 观光客, 旅行者\na. 旅游的",,,cet4-all source:ecdict family:tourists,2394
toward,tә'wɒ:d,prep.,"prep. 向, 对于, 为了\na. 即将来临的, 进行中的",,,cet4-all source:ecdict cet4,384
towel,'tauәl,n.,"n. 手巾, 毛巾\nv. 擦干身子",,,cet4-all source:ecdict cet4 cet6 family:towels family:towelled family:towelling,3682
tower,'tauә,n.,"n. 塔, 高楼, 堡垒\nvi. 高耸, 翱翔",,,cet4-all source:ecdict cet4 cet6 family:towers family:towered family:towering,2412
town,taun,n.,"n. 城镇, 市, 镇\n[法] 城镇, 城市, 闹市",,,cet4-all source:ecdict family:towns,488
toy,tɒi,n.,"n. 玩具, 小玩艺儿, 小型的东西, 消遣\na. 供玩耍的, 作为玩具的\nvi. 玩弄, 戏弄, 调情",,,cet4-all source:ecdict cet4 cet6 family:toys family:toyed family:toying,2418
trace,treis,n.,"n. 痕迹, 踪迹, 微量, 迹线, 缰绳\nvt. 追踪, 回溯, 描绘\nvi. 追溯, 沿路走",,,cet4-all source:ecdict cet4 cet6 family:traced family:traces family:tracing,3020
track,træk,n.,"n. 轨迹, 足迹, 径迹, 小道, 轨道, 磁轨, 途径\nvt. 循路而行, 追踪, 通过, 用纤拉\nvi. 追踪, 留下足迹, 沿轨道运行\n[计] 跟踪",,,cet4-all source:ecdict cet4 cet6 family:tracks family:tracked family:tracking,1143
tractor,'træktә,n.,"n. 牵引器, 拖拉机, 拉纸器\n[计] 进纸器",,,cet4-all source:ecdict cet4 cet6 family:tractors,6548
trade,treid,n.,"n. 贸易, 商业, 交易, 生意, 职业, 顾客, 信风\nvi. 进行交易, 做买卖, 经商, 对换, 购物\nvt. 用...进行交换",,,cet4-all source:ecdict cet4 cet6 family:trades family:trading family:traded,800
tradition,trә'diʃәn,n.,"n. 传说, 传统, 交付\n[法] 传统, 惯例, 移交",,,cet4-all source:ecdict cet4 cet6 family:traditions,1243
traditional,trә'diʃәnl,adj.,"a. 传统的, 惯例的\n[经] 传统的, 惯例的",,,cet4-all source:ecdict cet4 cet6,925
traffic,'træfik,n.,"n. 交通, 通行, 运输, 交通量, 贸易, 交易, 交往, 通信量\nvi. 交易, 做买卖\nvt. 用...作交换\n[计] 通信量, 传输量",,,cet4-all source:ecdict cet4 cet6 family:trafficking family:trafficked family:traffics,1712
tragedy,'trædʒidi,n.,"n. 悲剧, 惨案, 悲剧作品\n[法] 惨事, 灾难, 不辛",,,cet4-all source:ecdict cet4 cet6 family:tragedies,2883
trail,treil,n.,"n. 踪迹, 痕迹, 一串, 尾部, 小径, 持枪姿势\nvt. 拖, 尾随, 追踪, 落后于, 开出路\nvi. 拖曳, 垂下, 落后, 飘出, 蔓生",,,cet4-all source:ecdict cet4 cet6 family:trailed family:trailing family:trails,1646
train,trein,n.,"n. 火车, 列车, 行列, 长队, 一连串的后果, 顺序\nvt. 训练, 教育, 对准\nvi. 受训练, 锻炼",,,cet4-all source:ecdict family:trained family:trains family:training,1516
training,'treiniŋ,n.,"n. 训练, 培养\n[医] 训练",,,cet4-all source:ecdict cet4 cet6 family:training family:i,796
traitor,'treitә,n.,"n. 叛逆者, 叛国者\n[法] 叛徒, 叛逆, 背信者",,,cet4-all source:ecdict cet4 cet6 family:traitors,9963
tram,træm,n.,"n. 电车轨道, 煤车, 纬纱, 纬丝\nvt. 用煤车运载\nvi. 乘电车",,,cet4-all source:ecdict cet4 cet6 family:trams family:tramming family:trammed,14885
tramp,træmp,n.,"n. 坚实(或沉重)的脚步声, 流浪者\nvi. 践踏, 重步行走, 步行, 流浪\nvt. 走过, 踩",,,cet4-all source:ecdict cet4 cet6 family:tramps family:tramping family:tramped,16137
transfer,træns'fә:,n.,"n. 迁移, 移动, 传递, 转让, 转移, 过户, 汇兑, 换车\nvt. 使转移, 调转, 调任, 改变, 传递, 转让\nvi. 转移, 转学, 转职, 换车\n[计] 传送",,,cet4-all source:ecdict cet4 cet6 cet6-core family:transferred family:transfers family:transferring,2315
transform,træns'fɒ:m,vt.,"vt. 使转换, 改变, 改造, 使...变形\nvi. 改变, 转化, 变换\n[计] 变换",,,cet4-all source:ecdict cet4 cet6 cet6-core family:transformed family:transforming family:transforms,2185
transformation,.trænsfә'meiʃәn,n.,"n. 变形, 变质, 变化, 改革, 变换\n[化] 转化; 变换",,,cet4-all source:ecdict cet4 cet6 family:transformations,3290
transformer,træns'fɒ:mә,n.,"n. 变压器, 促使变化的人\n[化] 变压器",,,cet4-all source:ecdict cet4 cet6 family:transformers,17547
transistor,træn'zistә,n.,n. 晶体管\n[化] 晶体管,,,cet4-all source:ecdict cet4 cet6 cet6-core family:transistors,13031
translate,træns'leit,vt.,"vt. 翻译, 解释, 转化, 转变为, 调动\nvi. 翻译, 被译\n[计] 转换",,,cet4-all source:ecdict cet4 cet6 family:translated family:translating family:translates,2729
translation,træns'leiʃәn,n.,"n. 翻译, 译文, 转化, 调任, 平移, 转译\n[计] 转换",,,cet4-all source:ecdict cet4 cet6 family:translations,4290
transmission,træns'miʃәn,n.,"n. 传输, 传送, 变速器\n[计] 传输",,,cet4-all source:ecdict cet4 cet6 cet6-core family:transmissions,3665
transmit,træns'mit,vt.,"vt. 传输, 传染, 传达, 遗传, 发射, 传播\nvi. 发射信号, 留传下来\n[计] 传送",,,cet4-all source:ecdict cet4 cet6 cet6-core family:transmitted family:transmitting family:transmits,4836
transparent,træns'pærәnt,adj.,"a. 透明的, 显然的, 清晰的\n[计] 透明",,,cet4-all source:ecdict cet4 cet6 family:transparents,5884
transport,træns'pɒ:t,n.,"n. 运输, 运输工具, 激动, 狂喜, 流放犯\nvt. 传送, 运输, 流放\n[计] 传送",,,cet4-all source:ecdict cet4 cet6 cet6-core family:transported family:transporting family:transports,4640
transportation,.trænspә'teiʃәn,n.,"n. 运输, 输送, 交通车辆\n[经] 运转, 运输, 运输费",,,cet4-all source:ecdict cet4 cet6 family:transportations,2374
trap,træp,n.,"n. 圈套, 陷阱, 诡计, 存水弯\nvi. 设圈套, 设陷阱\nvt. 诱捕, 诱骗, 抓住, 使受限制\n[计] 俘获; 陷井",,,cet4-all source:ecdict cet4 cet6 family:trapped family:traps family:trapping,3538
travel,'trævl,n.,"n. 旅行, 游历, 行进\nvi. 旅行, 行进, 移动, 被传播\nvt. 旅行, 通过, 使移动",,,cet4-all source:ecdict family:travelling family:travelled family:travels,1081
tray,trei,n.,"n. 托盘, 公文盘, 满盘, 发射箱\n[化] 淋盘",,,cet4-all source:ecdict cet4 cet6 family:trays,4469
treason,'tri:zn,n.,"n. 叛逆, 不忠, 叛国罪\n[法] 叛逆, 通敌, 叛国罪",,,cet4-all source:ecdict cet4 cet6 family:treasons,12926
treasure,'treʒә,n.,"n. 宝物, 财富\nvt. 珍爱, 重视, 秘藏",,,cet4-all source:ecdict cet4 cet6 family:treasures family:treasured family:treasuring,4074
treat,tri:t,n.,"n. 宴请, 款待\nvt. 视为, 对待, 论述, 治疗, 款待\nvi. 讨论, 谈判, 作东",,,cet4-all source:ecdict cet4 cet6 family:treated family:treating family:treats,960
treatment,'tri:tmәnt,n.,"n. 治疗, 待遇, 处理\n[医] 疗法, 治疗; 处理",,,cet4-all source:ecdict cet4 cet6 family:treatments,745
treaty,'tri:ti,n.,"n. 条约, 谈判\n[经] 协议, 协定, 协商",,,cet4-all source:ecdict cet4 cet6 cet6-core family:treaties,2836
tree,tri:,n.,"n. 树, 木料, 树状物\nvt. 把...赶上树\n[计] 树; DOS外部命令:显示指定磁盘驱动器的目录结构",,,cet4-all source:ecdict family:trees family:treeing family:treed,596
tremble,'trembl,n.,"n. 战栗, 颤抖\nvi. 战栗, 忧虑, 摇晃",,,cet4-all source:ecdict cet4 cet6 family:trembling family:trembled family:trembles,5233
tremendous,tri'mendәs,adj.,"a. 巨大的, 非常的, 可怕的",,,cet4-all source:ecdict cet4 cet6 cet6-core,2768
trend,trend,n.,"n. 趋势, 倾向, 走向\nvi. 倾向, 转向\n[计] 趋势",,,cet4-all source:ecdict cet4 cet6 cet6-core family:trends family:trending family:trended,1697
trial,'traiәl,n.,"n. 审判, 试验, 艰苦, 麻烦事, 考验\na. 审讯的, 试验性的",,,cet4-all source:ecdict cet4 cet6 cet6-core family:trials family:trialled,898
triangle,'traiæŋgl,n.,"n. 三角形, 三个一组, 三角关系\n[医] 三角, 三角形",,,cet4-all source:ecdict cet4 cet6 family:triangles,5605
tribe,traib,n.,"n. 宗族, 部落, 一群人\n[医] 族(生物分类)",,,cet4-all source:ecdict cet4 cet6 cet6-core family:tribes,2948
trick,trik,n.,"n. 诡计, 欺诈, 谋略, 恶作剧, 习惯, 决窍\nvt. 愚弄, 欺骗, 装饰\nvi. 哄骗, 戏弄\na. 有决窍的, 特技的, 欺诈的, 漂亮的, 靠不住的",,,cet4-all source:ecdict cet4 cet6 family:tricks family:tricked family:tricking,3068
trifle,'traifl,n.,"n. 琐事, 少量\nvt. 浪费\nvi. 开玩笑, 翻弄, 虚度光阴",,,cet4-all source:ecdict cet4 cet6 cet6-core family:trifles family:trifled family:trifling,16426
trim,trim,n.,"n. 整齐, 情形, 修剪\na. 整齐的\nvt. 使整齐, 整理, 修剪\nvi. 调整, 见风使舵\n[计] 库存管理检查规则程序",,,cet4-all source:ecdict cet4 cet6 family:trimmed family:trimming family:trims family:trimmer,4920
trip,trip,n.,"n. 旅行, 绊倒, 摔倒, 失足, 差错, 旅程\nvt. 使跌倒, 使犯错, 使失败\nvi. 轻快地走, 绊倒, 失误, 犯错, 结巴, 旅行, 远足",,,cet4-all source:ecdict family:trips family:tripping family:tripped,962
triumph,'traiәmf,n.,"n. 凯旋, 胜利, 欢欣\nvi. 得胜, 成功",,,cet4-all source:ecdict cet4 cet6 cet6-core family:triumphs family:triumphed family:triumphing,4638
troop,tru:p,n.,"n. 军队, 一群, 一队\nvi. 群集, 结队, 成群而行",,,cet4-all source:ecdict cet4 cet6 family:troops family:trooped family:trooping,1137
tropical,'trɒpikl,adj.,"a. 热带的, 热情的\n[医] 热带的",,,cet4-all source:ecdict cet4 cet6 family:tropicals,4182
trouble,'trʌbl,n.,"n. 烦恼, 麻烦, 困难, 动乱, 故障\nvt. 困扰, 麻烦, 使烦恼, 折磨\nvi. 烦恼, 费心",,,cet4-all source:ecdict family:troubles family:troubled family:troubling,981
troublesome,'trʌblsәm,adj.,"a. 麻烦的, 令人讨厌的",,,cet4-all source:ecdict cet4 cet6,9839
trousers,'trauzәz,n.,"pl. 裤子, 长裤",,,cet4-all source:ecdict cet4 cet6 family:trousers family:s,7124
truck,trʌk,n.,"n. 卡车, 货车, 对...进行交易, 来往, 实物工资, (供应市场的)蔬菜, 废物, 废话\nvt. 对...进行交易, 交往, 以卡车运输\nvi. 驾驶卡车, 以物易物",,,cet4-all source:ecdict cet4 cet6 family:trucks family:trucking family:trucked,1237
true,tru:,adj.,"a. 真实的, 正确的, 忠诚的, 可靠的, 纯粹的, 正式的\nn. 真实, 准确\nadv. 真实地, 准确地",,,cet4-all source:ecdict family:truer family:truest family:truing family:trued family:trues,492
truly,'tru:li,adv.,"adv. 真实地, 不假",,,cet4-all source:ecdict cet4 cet6,1719
trumpet,'trʌmpit,n.,"n. 喇叭, 小号, 喇叭声\nvi. 吹喇叭\nvt. 用喇叭吹出, 吹嘘",,,cet4-all source:ecdict cet4 cet6 family:trumpets family:trumpeting family:trumpeted,8936
trunk,trʌŋk,n.,"n. 树干, 干线, 躯干, 主干, 象鼻, 箱子\nvt. 把...放入旅行箱内\na. 树干的, 躯干的, 干线的, 箱形的\n[计] 中继线; 母线",,,cet4-all source:ecdict cet4 cet6 family:trunks family:trunking,3533
trust,trʌst,n.,"n. 信任, 信赖, 相信, 受托, 职责, 信心, 托拉斯\na. 信托的, 托拉斯的\nvt. 信赖, 信任, 相信, 盼望, 赊卖给\nvi. 相信, 信赖, 依靠\n[计] 委托, 信任",,,cet4-all source:ecdict cet4 cet6 family:trusts family:trusted family:trusting,1841
truth,tru:θ,n.,"n. 事实, 实情\n[法] 真实, 真相, 事实",,,cet4-all source:ecdict cet4 cet6 family:truths,850
try,trai,n.,"n. 尝试, 试验, 审理, 审判\nvt. 试, 尝试, 试验, 考验, 审问, 提炼\nvi. 尝试, 试图",,,cet4-all source:ecdict family:trying family:tried family:tries,127
tub,tʌb,n.,"n. 桶, 浴盆\nvt. 装入桶, 洗澡\nvi. 洗盆浴, 被放在桶里洗",,,cet4-all source:ecdict cet4 cet6 cet6-core family:tubs family:tubbing family:tubbed,5418
tube,tju:b,n.,"n. 管, 软管, 隧道\nvt. 把...装管, 使通过管子\n[计] 管子",,,cet4-all source:ecdict cet4 cet6 family:tubes family:tubed family:tubing,2520
tuck,tʌk,n.,"n. 缝褶, 活力, 鼓声, 船尾突出部, 食品\nvt. 打褶, 卷起, 挤进, 塞, 收藏\nvi. 缝褶裥, 缩拢",,,cet4-all source:ecdict cet4 cet6 cet6-core family:tucked family:tucking family:tucks,4115
tuesday,'tju:zdi,n.,n. 星期二,,,cet4-all source:ecdict family:tuesdays,
tuition,tju:'iʃәn,n.,"n. 学费, 讲授",,,cet4-all source:ecdict cet4 cet6 cet6-core family:tuitioning,5817
tumble,tʌmbl,n.,"n. 跌倒, 摔跤, 翻斤斗\nvi. 翻倒, 摔倒, 倒塌, 滚动, 翻斤斗, 仓促地行动\nvt. 使摔倒, 使滚翻, 弄乱",,,cet4-all source:ecdict cet4 cet6 cet6-core family:tumbled family:tumbling family:tumbles,5472
tune,tju:n,n.,"n. 歌曲, 主旋律, 心情, 声调, 和谐, 一致, 语调, 程度\nvt. 为...调音, 调整, 调谐, 使一致\nvi. 协调, 调谐",,,cet4-all source:ecdict cet4 cet6 family:tunes family:tuned family:tuning,3646
tunnel,'tʌnl,n.,"n. 隧道, 地下道\nvi. 挖隧道\nvt. 掘隧道于",,,cet4-all source:ecdict cet4 cet6 cet6-core family:tunnels family:tunnelled family:tunnelling,3355
turbine,'tә:bain,n.,n. 涡轮机\n[化] 涡轮机,,,cet4-all source:ecdict cet4 cet6 family:turbines,7278
turbulent,'tә:bjulәnt,adj.,"a. 狂暴的, 骚乱的, 紊乱的",,,cet4-all source:ecdict cet4 cet6 cet6-core,9806
turkey,'tә:ki,n.,"n. 火鸡, 无用的家伙, 土耳其",,,cet4-all source:ecdict cet4 cet6 family:turkeys,3292
turn,tә:n,n.,"n. 转弯, 转动, 旋转, 翻转, 一圈, 顺次, 改动, 变化, 性格, 特色, 形状, 转折\nvt. 使旋转, 转弯, 转动, 使转向, 驱赶, 阻挡, 兑换, 改写, 使作对, 绕过, 使流通\nvi. 转动, 转弯, 转向, 翻转, 回转, 改变, 转身, 变成, 变质, 晕眩, 易脱手",,,cet4-all source:ecdict family:turned family:turning family:turns,170
turning,'tә:niŋ,n.,"n. 旋转, 转弯处, 车削工作\n[化] 车削",,,cet4-all source:ecdict cet4 cet6 family:turn family:i family:turning family:turnings,6215
turnip,'tә:nip,n.,"n. 芜菁, 芜菁甘蓝\n[医] 芜菁, 萝卜",,,cet4-all source:ecdict cet4 cet6 family:turnips,15232
tutor,'tju:tә,n.,"n. 家庭教师, 导师, 助教, 监护人\nvt. 当...的教师, 教, 指导, 约束, 克制\nvi. 当家庭教师, 受家庭教师的指导",,,cet4-all source:ecdict cet4 cet6 cet6-core family:tutors family:tutoring family:tutored,9093
twelfth,twelfθ,num.,"num. 第十二, 十二分之一",,,cet4-all source:ecdict,12592
twelve,twelv,num.,"num. 十二, 十二个",,,cet4-all source:ecdict,3218
twentieth,'twentiiθ,num.,"num. 第二十, 二十分之一",,,cet4-all source:ecdict,4889
twenty,'twenti,num.,"num. 二十, 二十个",,,cet4-all source:ecdict,2086
twice,twais,adv.,"adv. 两次, 两倍",,,cet4-all source:ecdict,1410
twin,twin,n.,"n. 双胞胎中一人, 一对非常相像的人(或物)中的一个\na. 双胞胎的, 成对的, 孪生的\nvi. 生双胞胎, 成对\nvt. 怀(双胞胎), 使成对",,,cet4-all source:ecdict cet4 cet6 family:twins family:twinned family:twinning,2376
twinkle,'twiŋkl,n.,"n. 闪烁, 闪耀, 瞬息\nvi. 闪烁\nvt. 使闪耀",,,cet4-all source:ecdict cet4 cet6 family:twinkled family:twinkling family:twinkles,12769
twist,twist,n.,"n. 一扭, 扭曲, 曲折, 歪曲, 螺旋状, 新手法\nvt. 拧, 扭, 捻, 编织, 使扭转, 缠绕, 盘绕, 歪曲, 使转动, 使苦恼, 使混乱, 使旋转\nvi. 转向, 弯曲, 缠绕, 扭动, 呈螺旋形",,,cet4-all source:ecdict cet4 cet6 cet6-core family:twisted family:twisting family:twists,3759
two,tu:,num.,"num. 二, 二个",,,cet4-all source:ecdict,80
type,taip,n.,"n. 类型, 样式, 典型, 榜样, 标志, 符号, 型, 式\nvi. 打字\nvt. 作为代表, 测定类型, 用打字机打\n[计] 类型; 键入; DOS内部命令:在屏幕上显示指定文件的内容",,,cet4-all source:ecdict cet4 cet6 family:types family:typed family:typing,590
typewriter,'taip.raitә,n.,n. 打字机,,,cet4-all source:ecdict cet4 cet6 family:typewriters,9870
typhoon,tai'fu:n,n.,n. 台风,,,cet4-all source:ecdict cet4 cet6 family:typhoons,21835
typical,'tipikl,adj.,"a. 典型的, 象征性的\n[医] 典型的",,,cet4-all source:ecdict cet4 cet6,1835
typist,'taipist,n.,n. 打字员,,,cet4-all source:ecdict cet4 cet6 family:typists,22849
tyre,'taiә,n.,n. 轮胎\nvt. 装轮胎于,,,cet4-all source:ecdict cet4 cet6 family:tyres,
ugly,'ʌgli,adj.,"a. 丑陋的, 邪恶的, 险恶的, 不祥的\nn. 丑陋的人(或物)",,,cet4-all source:ecdict cet4 cet6 family:ugliest family:uglier family:uglies,3262
ultimate,'ʌltimit,n.,"n. 终极, 根本, 顶点, 基本原则\na. 终极的, 根本的, 极限的, 最远的, 最后的, 最大的",,,cet4-all source:ecdict cet4 cet6 cet6-core family:ultimates,2601
ultimately,'ʌltimәtli,adv.,"adv. 最后, 最终\n[法] 最后, 终究, 总之",,,cet4-all source:ecdict cet4 cet6,1774
umbrella,ʌm'brelә,n.,"n. 伞, 雨伞, 保护伞\na. 伞的, 包罗万象的\nvt. 用伞遮掩",,,cet4-all source:ecdict family:umbrellas,5664
unable,ʌn'eibl,adj.,"a. 不能的, 不会的\n[法] 无能力的, 无资格的, 没有办法的",,,cet4-all source:ecdict cet4 cet6,2136
unbearable,.ʌn'bєәrәbl,adj.,"a. 无法忍受的, 承受不住的",,,cet4-all source:ecdict cet4 cet6,10284
uncertain,.ʌn'sә:tn,adj.,"a. 不确定的, 无常的, 不确信的, 不可预测的\n[法] 不确定的, 未定的, 不确信的",,,cet4-all source:ecdict cet4 cet6,4291
uncle,ʌŋkl,n.,"n. 叔父, 伯父, 姨丈",,,cet4-all source:ecdict family:uncles,3345
uncomfortable,.ʌn'kʌmfәtәbl,adj.,"a. 不舒服的, 不自在的, 不安的",,,cet4-all source:ecdict cet4 cet6,3640
unconscious,.ʌn'kɒnʃәs,adj.,"a. 未意识到的, 无意识的, 无知觉的\n[医] 人事不省的, 神志丧失的; 无意识的",,,cet4-all source:ecdict cet4 cet6,5668
uncover,.ʌn'kʌvә,vt.,"vt. 揭露, 揭开, 暴露, 脱帽致敬\nvi. 脱帽致敬, 揭去盖子",,,cet4-all source:ecdict cet4 cet6 family:uncovered family:uncovering family:uncovers,4432
under,'ʌndә,prep.,"prep. 在...之下, 低于\na. 下面的, 从属的\nadv. 在下面",,,cet4-all source:ecdict,225
undergo,.ʌndә'gәu,vt.,"vt. 遭受, 经历, 忍受\n[法] 经受, 经历, 忍受",,,cet4-all source:ecdict cet4 cet6 cet6-core family:undergoing family:undergone family:underwent family:undergoes,3141
undergraduate,.ʌndә'grædjuit,n.,"n. 大学本科生, 大学肄业生\na. 大学生的",,,cet4-all source:ecdict cet4 cet6 family:undergraduates,4751
underground,'ʌndәgraund,n.,"n. 地下, 地铁, 地道, 秘密活动\na. 地下的, 秘密的\nadv. 在地下, 秘密地",,,cet4-all source:ecdict family:undergrounding,5341
underline,'ʌndәlain,vt.,"vt. 在...下面划线, 作...的衬里, 强调\nn. 下划线, 图下说明文字\n[计] 加下划线; 下划线",,,cet4-all source:ecdict cet4 cet6 family:underlined family:underlines family:underlining,9691
underneath,.ʌndә'ni:θ,adv.,adv. 在下面\nprep. 在...的下面,,,cet4-all source:ecdict cet4 cet6,5730
understand,.ʌndә'stænd,vt.,"vt. 理解, 了解, 领会, 听说, 懂\nvi. 懂得, 认为",,,cet4-all source:ecdict family:understood family:understanding family:understands,320
understanding,.ʌndә'stændiŋ,n.,"n. 理解, 谅解\n[法] 协商, 协议, 谅解",,,cet4-all source:ecdict cet4 cet6 family:understand family:i family:understanding family:understandings,1298
undertake,.ʌndә'teik,vt.,"vt. 试图, 从事, 保证, 承担, 同意, 接受\n[化] 承包; 承担",,,cet4-all source:ecdict cet4 cet6 family:undertaken family:undertook family:undertaking family:undertakes,4035
undertaking,.ʌndә'teikiŋ,n.,"n. 事业, 企业, 保证\n[经] 企业, 事业, 承担",,,cet4-all source:ecdict cet4 cet6 family:undertake family:i family:undertakings family:undertaking,9442
undo,.ʌn'du:,vt.,"vt. 解开, 取消, 破坏, 毁灭, 扰乱\nvi. 松开\n[计] 撤消",,,cet4-all source:ecdict cet4 cet6 family:undone family:undid family:undoing family:undoes,6632
undoubtedly,ʌn'dajtidli,adv.,"adv. 无疑, 必定, 确实地",,,cet4-all source:ecdict cet4 cet6,5545
uneasy,.ʌn'i:zi,adj.,"a. 心神不安的, 不自在的, 不稳定的, 不舒服的",,,cet4-all source:ecdict cet4 cet6,6528
unexpected,.ʌnik'spektid,adj.,"a. 料想不到的, 突然的, 意外的\n[法] 不能预料的, 意外的",,,cet4-all source:ecdict cet4 cet6 family:unexpect family:d,3567
unfair,.ʌn'fєә,adj.,"a. 不公平的, 不正直的, 不正当的\n[法] 不正直的, 不公平的, 偏颇的",,,cet4-all source:ecdict cet4 cet6 family:unfairest,4493
unfortunate,.ʌn'fɒ:tʃәnit,adj.,"a. 不幸的, 不合适的, 不吉利的",,,cet4-all source:ecdict cet4 cet6 family:unfortunates,4970
unfortunately,ʌn'fɔ:tjjnәtli,adv.,"adv. 恐怕, 不幸的是",,,cet4-all source:ecdict cet4 cet6,2016
unhappy,.ʌn'hæpi,adj.,"a. 不快乐的, 不幸的, 不适当的",,,cet4-all source:ecdict cet4 cet6 family:unhappiest family:unhappier,4717
uniform,'ju:nifɒ:m,n.,"n. 制服\na. 统一的, 一律的, 始终如一的",,,cet4-all source:ecdict cet4 cet6 family:uniforms family:uniforming family:uniformed,3043
union,'ju:njәn,n.,"n. 联盟, 联合, 结合, 工会\n[化] 联合; 联管节; 活接头",,,cet4-all source:ecdict cet4 cet6 family:unions,1658
unique,ju:'ni:k,adj.,"a. 独一无二的, 独特的, 稀罕的",,,cet4-all source:ecdict cet4 cet6 cet6-core,1726
unit,'ju:nit,n.,"n. 单位, 分队, 部队, 单元, 部件, 装置\na. 单位的, 单元的\n[计] 单元常数; 部件",,,cet4-all source:ecdict cet4 cet6 family:units,966
unite,ju:'nait,vi.,"vi. 联合, 接合, 混合\nvt. 使联合, 统一, 使粘合, 使结合",,,cet4-all source:ecdict cet4 cet6 family:united family:unites family:uniting,4146
unity,'ju:niti,n.,"n. 一致, 联合, 单一(性), 个体\n[经] 统一",,,cet4-all source:ecdict cet4 cet6 cet6-core family:unities,3749
universal,.ju:ni'vә:sl,adj.,"a. 全世界的, 普遍的, 宇宙的, 通用的\nn. 一般概念",,,cet4-all source:ecdict cet4 cet6 family:universals,2642
universe,'ju:nivә:s,n.,"n. 宇宙, 星系, (思想等)范围",,,cet4-all source:ecdict cet4 cet6 cet6-core family:universes,2120
university,.ju:ni'vә:siti,n.,n. 大学,,,cet4-all source:ecdict cet4 cet6 family:universities,1106
unjust,.ʌn'dʒʌst,adj.,"a. 不公平的\n[法] 不公正的人; 不公正的, 不公平的, 不合理的",,,cet4-all source:ecdict cet4 cet6,10866
unkind,.ʌn'kaind,adj.,"a. 不仁慈的, 不亲切的",,,cet4-all source:ecdict cet4 cet6 family:unkindest,17651
unknown,.ʌn'nәun,adj.,"a. 不知道的, 未知的, 陌生的\nn. 未知物, 未知数",,,cet4-all source:ecdict cet4 cet6 family:unknowns,2825
unless,.ʌn'les,conj.,conj. 除非\nprep. 除...之外,,,cet4-all source:ecdict cet4 cet6,1332
unlike,.ʌn'laik,adj.,"a. 不像的, 不同的\nprep. 不像, 和...不同",,,cet4-all source:ecdict cet4 cet6,2468
unlikely,.ʌn'laikli,adj.,a. 不太可能的,,,cet4-all source:ecdict cet4 cet6 family:unlikeliest,2687
unload,.ʌn'lәud,vi.,"vi. 卸货\nvt. 从...卸下, 摆脱...之负担, 倾销, 卸(货)\n[计] 卸载",,,cet4-all source:ecdict cet4 cet6 family:unloaded family:unloading family:unloads,7160
unlucky,.ʌn'lʌki,adj.,"a. 不吉利的, 不祥的, 不幸的",,,cet4-all source:ecdict cet4 cet6 family:unluckiest family:unluckier,13668
unnecessary,.ʌn'nesәsәri,adj.,a. 不必要的,,,cet4-all source:ecdict cet4 cet6,5396
unpleasant,.ʌn'pleznt,adj.,"a. 使人不愉快的, 使人厌恶的, 煞风景的",,,cet4-all source:ecdict cet4 cet6,6472
unsatisfactory,'ʌn.sætis'fæktәri,adj.,a. 不令人满意的,,,cet4-all source:ecdict cet4 cet6,14865
unstable,.ʌn'steibl,adj.,a. 不稳定的,,,cet4-all source:ecdict cet4 cet6,7097
unsuitable,.ʌn'sju:tәbl,adj.,"a. 不适合的\n[法] 不适合的, 不适当的",,,cet4-all source:ecdict cet4 cet6,16738
until,әn'til,prep.,"prep. 直到, 在...以前\nconj. 直到...时, 在...以前",,,cet4-all source:ecdict,270
unusual,.ʌn'ju:ʒu:l,adj.,"a. 不寻常的, 罕见的, 与众不同的",,,cet4-all source:ecdict cet4 cet6,2037
unusually,ʌn'ju:ʒәli,adv.,"adv. 不寻常地, 异乎寻常地, (非正式)非常",,,cet4-all source:ecdict cet4 cet6,6275
unwilling,.ʌn'wiliŋ,adj.,"a. 不愿意的, 勉强的\n[法] 不愿意的, 勉强的, 不服从的",,,cet4-all source:ecdict cet4 cet6,6237
up,ʌp,adj.,"a. 向上的, 起床的, 涨的\nadv. 向上, 上涨\nprep. 在...上面, 向...的较高处",,,cet4-all source:ecdict family:upped family:up family:upping family:ups,50
upon,ә'pɒn,prep.,"prep. 在...之上, 迫近, 紧接着",,,cet4-all source:ecdict cet4 cet6,693
upper,'ʌpә,adj.,"a. 上面的, 较高的, 上级的, 上院的, 穿在外面的, 北部的, 地表的, 后期的\nn. 鞋帮, 上齿",,,cet4-all source:ecdict cet4 cet6 family:uppers,1955
upright,'ʌprait,adj.,"a. 正直的, 诚实的, 公正的, 垂直的, 竖式的\n[化] 立杆",,,cet4-all source:ecdict cet4 cet6 cet6-core family:uprights family:uprighted,7488
upset,ʌp'set,adj.,"a. 弄翻的, 混乱的, 心烦的\nvt. 弄翻, 颠覆, 推翻, 打乱, 使不适, 使心烦\nvi. 翻倒",,,cet4-all source:ecdict cet4 cet6 family:upset family:dp family:upsetting family:upsets,3388
upside-down,'ʌpsaid'daun,adj.,"a. 颠倒的, 乱七八糟的",,,cet4-all source:ecdict cet4 cet6,
upstairs,'ʌp'stєәz,adj.,"a. 楼上的\nadv. 在楼上, 向楼上, 处于更高地位\nn. 楼层",,,cet4-all source:ecdict cet4 cet6,4381
up-to-date,'ʌptә'deit,adj.,"a. 直到现在的, 最近的, 现代化的\n[化] 最新的",,,cet4-all source:ecdict cet4 cet6,
upward,'ʌpwәd,adj.,a. 向上的\nadv. 以上,,,cet4-all source:ecdict cet4 cet6,6144
upwards,'ʌpwәdz,adv.,"adv. 以上, 向上",,,cet4-all source:ecdict cet4 cet6,10989
urge,ә:dʒ,n.,"n. 冲动, 推动力, 迫切的要求\nvt. 驱策, 力劝, 竭力主张, 推动\nvi. 强烈要求",,,cet4-all source:ecdict cet4 cet6 cet6-core family:urged family:urging family:urges,2261
urgent,'ә:dʒәnt,adj.,"a. 紧急的, 急迫的, 催逼的\n[经] 紧急的, 急迫的",,,cet4-all source:ecdict cet4 cet6,5330
us,ʌs,pron.,pron. 我们\n[经] 美国,,,cet4-all source:ecdict,113
usage,'ju:sidʒ,n.,"n. 用法, 使用, 习惯, 惯用法, 习惯法\n[经] 使用情况, 使用用途, 惯例",,,cet4-all source:ecdict cet4 cet6 family:usages,6347
use,ju:s,n.,"n. 使用, 习惯, 使用价值, 用法, 使用权\nvt. 使用, 利用, 运用, 耗费\nvi. 惯常",,,cet4-all source:ecdict family:used family:using family:uses,92
used,'ju:st,adj.,"a. 使用过的, 二手的, 习惯的",,,cet4-all source:ecdict cet4 cet6 family:use family:dp family:used,1828
useful,'ju:sful,adj.,"a. 有用的, 有益的\n[机] 有用的, 有效的",,,cet4-all source:ecdict cet4 cet6,2026
useless,'ju:slis,adj.,"a. 无用的, 无效的, 无益的\n[机] 无用, 无价值, 无效",,,cet4-all source:ecdict cet4 cet6,5657
user,'ju:zә,n.,n. 使用者\n[计] 用户,,,cet4-all source:ecdict cet4 cet6 family:users,1813
usual,'ju:ʒuәl,adj.,"a. 平常的, 通常的",,,cet4-all source:ecdict cet4 cet6,2360
usually,'ju:ʒuәli,adv.,"adv. 通常, 大抵",,,cet4-all source:ecdict,724
utility,ju:'tiliti,n.,"n. 功用, 有用之物, 实用, 公用事业, 实用程序\na. 实用的, 有多种用途的\n[计] 实用程序, 工具",,,cet4-all source:ecdict cet4 cet6 family:utilities,2578
utilize,'ju:tilaiz,vt.,vt. 利用,,,cet4-all source:ecdict cet4 cet6 cet6-core family:utilized family:utilizing family:utilizes,4264
utmost,'ʌtmәust,n.,"n. 极限, 最大限度, 极度\na. 极度的, 最远的",,,cet4-all source:ecdict cet4 cet6 cet6-core,11755
utter,'ʌtә,adj.,"a. 全然的, 绝对的, 完全的\nvt. 发出声音, 做声, 发表, 发射, 流通",,,cet4-all source:ecdict cet4 cet6 family:uttered family:uttering family:utters,6873
vacant,'veikәnt,adj.,"a. 空的, 空白的, 空虚的, 空闲的, 茫然的, 空缺的\n[法] 空的, 空虚的, 闲暇的",,,cet4-all source:ecdict cet4 cet6 cet6-core,6751
vacation,vei'keiʃәn,n.,"n. 假期, 休假\n[法] 假期, 停审期, 休庭期",,,cet4-all source:ecdict cet4 cet6 family:vacations family:vacationing family:vacationed,2622
vacuum,''vækjuәm,n.,"n. 真空, 空间, 真空吸尘器\na. 真空的, 产生真空的, 利用真空的\nvt. 用吸尘器打扫",,,cet4-all source:ecdict cet4 cet6 family:vacuums family:vacuuming family:vacuumed,4930
vague,veig,adj.,"a. 含糊的, 不清楚的, 茫然的",,,cet4-all source:ecdict cet4 cet6,4885
vain,vein,adj.,"a. 无价值的, 徒然的, 空虚的, 自负的, 愚蠢的",,,cet4-all source:ecdict cet4 cet6 cet6-core family:vainest family:vainer,10144
valid,'vælid,adj.,"a. 有确实根据的, 有法律效力的, 正当的, 正确的\n[经] 有效的",,,cet4-all source:ecdict cet4 cet6 cet6-core,4703
valley,'væli,n.,"n. 山谷, 溪谷, 流域, 凹地\n[医] 谷",,,cet4-all source:ecdict cet4 cet6 family:valleys,2793
valuable,'væljuәbl,adj.,"a. 有价值的, 贵重的, 宝贵的, 可估价的\n[经] 有价值的, 可估价的, 贵重的",,,cet4-all source:ecdict cet4 cet6,2605
value,'vælju:,n.,"n. 价值, 价格, 购买力, 评价, 估价, 计算结果\nvt. 评价, 估价, 重视\n[计] 计算结果",,,cet4-all source:ecdict cet4 cet6 family:values family:valued family:valuing,499
van,væn,n.,"n. 货车, 篷车, 先锋, 前驱, 前卫\nvt. 用货车搬运\n[计] 增值网",,,cet4-all source:ecdict cet4 cet6 cet6-core family:vans,3115
vanish,'væniʃ,vi.,"vi. 消失, 不见, 成为零",,,cet4-all source:ecdict cet4 cet6 family:vanished family:vanishes family:vanishing,3949
vanity,'væniti,n.,"n. 虚荣心, 虚无, 自负, 空虚, 时髦的小摆饰",,,cet4-all source:ecdict cet4 cet6 family:vanities,9493
vapour,'veipә,n.,"n. 汽, 蒸气\nvi. 蒸发, 吹牛\nvt. 使蒸发, 使汽化",,,cet4-all source:ecdict cet4 cet6 family:vapours family:vapouring,
variable,'vєәriәbl,n.,"n. 易变的事物, 变数, 可变物, 变量\na. 可变的, 不定的, 易变的, 变量的\n[计] 变量",,,cet4-all source:ecdict cet4 cet6 family:variables,1862
variation,.vєәri'eiʃәn,n.,"n. 变更, 变化, 变种, 变奏\n[医] 变异, 变易; 变度",,,cet4-all source:ecdict cet4 cet6 cet6-core family:variations,2927
variety,vә'raiәti,n.,"n. 多样, 种类, 变种, 杂耍\n[化] 变种",,,cet4-all source:ecdict cet4 cet6 family:varieties,1171
various,'vєәriәs,adj.,"a. 不同的, 各种的, 多方面的, 许多的, 个别的, 杂色的\n[法] 不同的, 种种的, 各式各样的",,,cet4-all source:ecdict cet4 cet6 cet6-core,859
vary,'vєәri,vt.,"vt. 改变, 使多样化\nvi. 变化, 有不同, 违反",,,cet4-all source:ecdict cet4 cet6 cet6-core family:varies family:varied family:varying,2371
vase,veis,n.,"n. 花瓶, 瓶",,,cet4-all source:ecdict cet4 cet6 family:vases,7044
vast,vɑ:st,adj.,"a. 巨大的, 广大的, 非常的, 大量的",,,cet4-all source:ecdict cet4 cet6 cet6-core family:vaster,1965
vegetable,'vedʒәtәbl,n.,"n. 蔬菜, 植物, 无精打采之人\na. 蔬菜的, 植物的",,,cet4-all source:ecdict family:vegetables,1934
vehicle,'vi:ikl,n.,"n. 交通工具, 车辆, 传播媒介\n[化] 载体; 运载体; 漆料",,,cet4-all source:ecdict cet4 cet6 cet6-core family:vehicles,1293
veil,veil,n.,"n. 面纱, 面罩, 借口, 幕, 帐, 遮蔽物\nvt. 戴面纱, 隐藏, 遮蔽, 掩饰\nvi. 蒙上面纱",,,cet4-all source:ecdict cet4 cet6 cet6-core family:veils family:veiled family:veiling,7300
velocity,vi'lɒsәti,n.,"n. 速度, 迅速\n[化] 速度",,,cet4-all source:ecdict cet4 cet6 cet6-core family:velocities,6557
velvet,'velvit,n.,n. 天鹅绒\na. 天鹅绒的,,,cet4-all source:ecdict cet4 cet6 cet6-core family:velvets,6154
venture,'ventʃә,n.,"n. 冒险, 风险\nvt. 敢于, 冒...的危险\nvi. 冒险",,,cet4-all source:ecdict cet4 cet6 cet6-core family:ventures family:ventured family:venturing,3294
verb,vә:b,n.,n. 动词\n[计] 动词,,,cet4-all source:ecdict cet4 cet6 family:verbs,8951
verify,'verifai,vt.,"vt. 证明, 查证, 证实, 检验, 校验\n[计] 校验, 检验; DOS内部命令:设定写入磁盘时是否验证写入的正确性",,,cet4-all source:ecdict cet4 cet6 cet6-core family:verified family:verifying family:verifies,5634
version,'vә:ʒәn,n.,"n. 一种描述, 版本, 译文\n[计] 版本",,,cet4-all source:ecdict cet4 cet6 cet6-core family:versions,1130
vertical,'vә:tikl,adj.,"a. 垂直的, 直立的\n[医] 垂直的, 顶的, 头顶的",,,cet4-all source:ecdict cet4 cet6 cet6-core family:verticals,4448
very,'veri,adj.,"a. 真正的, 恰好的, 十足的, 特有的\nadv. 非常, 完全",,,cet4-all source:ecdict,105
vessel,'vesl,n.,"n. 船, 容器, 脉管\n[医] 管, 脉管, (容)器",,,cet4-all source:ecdict cet4 cet6 family:vessels,2940
vest,vest,n.,"n. 背心, 汗背心\nvt. 使穿衣服, 授予\nvi. 穿衣服, 归属",,,cet4-all source:ecdict cet4 cet6 family:vested family:vests family:vesting,6686
veteran,'vetәrәn,n.,"n. 老手, 退伍军人, 老兵, 老树\na. 老兵的, 老练的, 经验丰富的",,,cet4-all source:ecdict cet4 cet6 family:veterans,2389
vex,veks,vt.,"vt. 使烦恼, 使苦恼\nvi. 烦恼",,,cet4-all source:ecdict cet4 cet6 family:vexed family:vexing family:vexes,17663
via,vaiә,prep.,"prep. 经由, 经过, 通过\n[医] 病毒灭活剂",,,cet4-all source:ecdict cet4 cet6,2576
vibrate,'vaibreit,vi.,"vi. 振动, 颤动, 激动, 摇摆, 踌躇\nvt. 使颤动, 使振动, 使摆动",,,cet4-all source:ecdict cet4 cet6 family:vibrating family:vibrated family:vibrates,9666
vibration,vai'breiʃәn,n.,"n. 振动, 颤动\n[化] 振动",,,cet4-all source:ecdict cet4 cet6 family:vibrations,7418
vice,vais,n.,"n. 恶习, 恶行, 罪恶, 堕落, 缺陷, 恶癖, 老虎钳\nvt. 钳住\nprep. 代替",,,cet4-all source:ecdict cet4 cet6 cet6-core family:vices,9910
victim,'viktim,n.,"n. 受害人, 牺牲者, 牺牲品\n[法] 受害人, 被害人, 遭难者",,,cet4-all source:ecdict cet4 cet6 cet6-core family:victims,1063
victorious,vik'tɔ:riәs,adj.,"a. 胜利的, 得胜的, 战胜的",,,cet4-all source:ecdict cet4 cet6,11574
victory,'viktәri,n.,"n. 胜利, 战胜, 克服",,,cet4-all source:ecdict cet4 cet6 family:victories,1463
video,'vidiәu,n.,"n. 影像, 电视\na. 图像的, 电视的",,,cet4-all source:ecdict cet4 cet6 family:videos family:videoing,1109
view,vju:,n.,"n. 视野, 风景, 见解, 视力, 观看, 视图, 指望, 意图, 印象\nvt. 看, 考虑, 视察, 查看, 估量\n[计] 视图",,,cet4-all source:ecdict cet4 cet6 family:views family:viewed family:viewing,485
viewpoint,'vju:pɒint,n.,n. 观点,,,cet4-all source:ecdict cet4 cet6 family:viewpoints,6069
vigorous,'vigәrәs,adj.,"a. 精力充沛的, 元气旺盛的, 茁壮的, 有力的",,,cet4-all source:ecdict cet4 cet6 cet6-core,6236
village,'vilidʒ,n.,"n. 村庄\na. 乡村的, 村庄的",,,cet4-all source:ecdict family:villages,1245
vine,vain,n.,"n. 藤本植物, 葡萄, 藤, 蔓\nvi. 形成藤蔓",,,cet4-all source:ecdict cet4 cet6 family:vines family:vining,5675
vinegar,'vinigә,n.,"n. 醋, 尖酸刻薄\nvt. 加醋于",,,cet4-all source:ecdict cet4 cet6 family:vinegars,5106
violence,'vaiәlәns,n.,"n. 猛烈, 暴力, 暴虐, 暴行\n[法] 暴行, 暴力, 暴乱",,,cet4-all source:ecdict cet4 cet6,1037
violent,'vaiәlәnt,adj.,"a. 暴力的, 猛烈的, 激烈的, 极端的, 凶暴的",,,cet4-all source:ecdict cet4 cet6 cet6-core,2158
violet,'vaiәlit,n.,"n. 堇菜, 紫罗兰\na. 堇菜科的, 紫罗兰色的",,,cet4-all source:ecdict cet4 cet6 family:violets,14924
violin,.vaiә'lin,n.,n. 小提琴,,,cet4-all source:ecdict cet4 cet6 family:violins,6665
virtually,'vә:tʃuәli,adv.,adv. 事实上,,,cet4-all source:ecdict cet4 cet6,2046
virtue,'vә:tju:,n.,"n. 德行, 美德, 优点, 功效, 效力\n[法] 美德, 贞操, 优点",,,cet4-all source:ecdict cet4 cet6 cet6-core family:virtues,3362
visible,'vizәbl,adj.,"a. 看得见的, 明显的, 显然的\nn. 可见物",,,cet4-all source:ecdict cet4 cet6,2304
vision,'viʒәn,n.,"n. 视觉, 眼光, 视力, 幻想\nvt. 梦见, 想象, 显示",,,cet4-all source:ecdict cet4 cet6 cet6-core family:visions,1216
visit,'vizit,n.,"n. 拜访, 访问, 游览, 视察\nvt. 拜访, 访问, 参观, 视察, 降临\nvi. 访问, 参观, 闲谈",,,cet4-all source:ecdict family:visited family:visits family:visiting,905
visitor,'vizitә,n.,"n. 参观者, 游客, 访客\n[法] 视察人, 检视人, 检查员",,,cet4-all source:ecdict cet4 cet6 family:visitors,1698
visual,'viʒuәl,adj.,"a. 视觉的\n[医] 视觉的, 视力的, 视觉性记忆优势者",,,cet4-all source:ecdict cet4 cet6 family:visuals,2156
vital,'vaitl,adj.,"a. 生命的, 重要的, 充满活力的, 生死攸关的, 致命的\n[医] 生命的, 生活的, 生活上必需的, 紧要的",,,cet4-all source:ecdict cet4 cet6 cet6-core family:vitals,2916
vitamin,'vaitәmin,n.,n. 维生素\n[化] 维生素,,,cet4-all source:ecdict cet4 cet6 family:vitamins,3715
vivid,'vivid,adj.,"a. 生动的, 鲜明的, 鲜艳的, 活泼的, 逼真的, 清晰的",,,cet4-all source:ecdict cet4 cet6 cet6-core,5539
vocabulary,vә'kæbjulәri,n.,"n. 词汇(量), 词汇表\n[计] 词表",,,cet4-all source:ecdict cet4 cet6 family:vocabularies,5564
voice,vɒis,n.,"n. 声音, 嗓音, 嗓子, 愿望, 发言权, 表达, 喉舌, 语态\nvt. 表达, 吐露, 调音",,,cet4-all source:ecdict cet4 cet6 family:voices family:voiced family:voicing,465
volcano,vɒl'keinәu,n.,n. 火山,,,cet4-all source:ecdict cet4 cet6 family:volcanos,6321
volleyball,'vɒlibɒ:l,n.,n. 排球,,,cet4-all source:ecdict cet4 cet6,7896
volt,vәult,n.,n. 伏特\n[化] 伏特,,,cet4-all source:ecdict cet4 cet6 family:volts,
voltage,'vәultidʒ,n.,"n. 电压, 伏特数\n[化] 电压",,,cet4-all source:ecdict cet4 cet6 family:voltages,9759
volume,'vɒljum,n.,"n. 册, 卷, 体积, 容量, 大量, 许多, 份量, 音量\nvi. 成团卷起\nvt. 把...收集成卷\na. 大量的\n[计] 卷",,,cet4-all source:ecdict cet4 cet6 cet6-core family:volumes,1917
voluntary,'vɒlәntәri,adj.,"a. 自动的, 自愿的, 故意的, 志愿的, 自发的\nn. 自愿行动, 志愿者, 自由调",,,cet4-all source:ecdict cet4 cet6 cet6-core family:voluntaries,4701
vote,vәut,n.,"n. 投票, 选举, 选票, 表决, 选举权, 得票数\nvi. 投票, 选举\nvt. 投票选举, 投票决定, 公认, 使投票",,,cet4-all source:ecdict cet4 cet6 family:votes family:voted family:voting,1078
voyage,'vɒiidʒ,n.,"n. 航行, 航海, 航程, 旅行, 航空\nvi. 航海, 航行\nvt. 航行越过, 飞过",,,cet4-all source:ecdict cet4 cet6 family:voyages family:voyaging family:voyaged,6619
wage,weidʒ,n.,"n. 工资, 报应, 报偿\nvt. 开展, 进行\nvi. 进行",,,cet4-all source:ecdict cet4 cet6 family:wages family:waged family:waging,2586
waggon,,n.,"n. 运货车, 四轮运货马车, (英)铁路货车, 流动服务车, 小型客车, 囚车, 童车",,,cet4-all source:ecdict cet4 cet6 family:waggons family:waggoning family:waggoned,
waist,weist,n.,"n. 腰部, 腰\n[医] 腰",,,cet4-all source:ecdict cet4 cet6 family:waists family:waisted,4304
wait,weit,n.,"n. 等待, 等候\nvt. 等候, 期待, 延缓, 伺候, 推迟\nvi. 等, 等候, 耽搁, 伺候用餐\n[计] 等待",,,cet4-all source:ecdict family:waiting family:waited family:waits,400
waiter,'weitә,n.,n. 侍者,,,cet4-all source:ecdict cet4 cet6 family:waiters,5460
wake,weik,vt.,"vt. 叫醒, 激发\nvi. 醒来, 醒着, 觉醒, 活跃起来\nn. 守侯, 守夜, 尾迹, 痕迹",,,cet4-all source:ecdict family:woke family:woken family:waking family:wakes,1764
waken,'weikn,vt.,"vt. 唤醒, 使觉醒, 激发\nvi. 觉醒, 醒来",,,cet4-all source:ecdict cet4 cet6 family:wakened family:wakening family:wakens,21433
walk,wɒ:k,n.,"n. 走, 散步, 步行, 行走的路程, 竞走, 散步场所\nvi. 走路, 步行, 处世\nvt. 走过, 遛, 使走, 护送...走",,,cet4-all source:ecdict family:walked family:walking family:walks,358
wall,wɒ:l,n.,"n. 墙, 墙壁, 垣, 内壁, 分界物, 屏障\na. 墙的\nvt. 给...建墙, 禁闭, 用墙围住\n[计] 背景墙",,,cet4-all source:ecdict family:walls family:walled family:walling,571
wallet,'wɒlit,n.,"n. 皮夹\n[法] 皮包, 皮夹, 钱袋",,,cet4-all source:ecdict cet4 cet6 cet6-core family:wallets,5587
wander,'wɒndә,vi.,"vi. 游荡, 漫步, 徘徊, 迷路, 离题, 蜿蜒\nvt. 在...漫游",,,cet4-all source:ecdict cet4 cet6 family:wandering family:wandered family:wanders,3183
want,wɒnt,n.,"n. 需要的东西, 缺乏, 贫困, 需要\nvt. 要, 希望, 应该, 缺少\nvi. 生活困苦, 需要, 缺少",,,cet4-all source:ecdict family:wanted family:wants family:wanting,83
war,wɒ:,n.,"n. 战争, 战争状态, 战术, 军事, 冲突, 斗争, 竞争\nvi. 进行战争, 作战, 打仗, 战斗\na. 战争的, 战时用的",,,cet4-all source:ecdict cet4 cet6 family:wars family:warring family:warred,349
warm,wɒ:m,adj.,"a. 暖和的, 暖的, 温暖的, 热烈的, 兴奋的, 激烈的, 多情的, 色情的\nvt. 使温暖, 弄热, 使兴奋, 使充满仇恨\nvi. 变暖和, 变温暖, 取暖, 激动, 同情, 爱好\nn. 暖, 保暖物",,,cet4-all source:ecdict family:warmer family:warming family:warmed family:warmest family:warms,1356
warmth,wɒ:mθ,n.,"n. 温暖, 温情, 暖和, 激动, 生气",,,cet4-all source:ecdict cet4 cet6,4749
warn,wɒ:n,vt.,"vt. 警告, 提醒, 通知\nvi. 发出警告",,,cet4-all source:ecdict cet4 cet6 family:warned family:warns family:warning,1773
wash,wɒʃ,n.,"n. 洗, 洗涤, 冲洗, 洗的衣服, 冲积物, 洼地\nvt. 洗, 洗涤, 洗清, 用水冲洗, 流过, 弄湿, 粉刷, 镀金属薄层于\nvi. 洗涤, 洗澡, 被冲蚀, 漂浮",,,cet4-all source:ecdict family:washed family:washing family:washes,2143
waste,weist,n.,"n. 浪费, 废物, 损耗, 消耗, 荒地, 垃圾, 地面风化物\na. 废弃的, 荒芜的, 多余的\nvt. 浪费, 消耗, 使荒芜\nvi. 浪费, 消耗, 变消瘦",,,cet4-all source:ecdict cet4 cet6 family:wasting family:wasted family:wastes,1986
watch,wɒtʃ,n.,"n. 观察, 手表, 看守, 守护, 监视, 值班人\nvt. 看, 注视, 照顾, 看守, 守护, 监视\nvi. 观看, 注视, 守侯",,,cet4-all source:ecdict family:watching family:watched family:watches,323
water,'wɒ:tә,n.,"n. 水, 雨水, 海水, 水位, 水面, 流水\nvt. 给...浇水, 供以水, 注入水, 使湿\nvi. 流泪, 流口水, 加水\na. 水的, 水上的, 水生的, 含水的",,,cet4-all source:ecdict family:waters family:watered family:watering,226
waterfall,'wɒtәfɒ:l,n.,n. 瀑布,,,cet4-all source:ecdict cet4 cet6 family:waterfalls,8091
waterproof,'wɒtәpru:f,n.,"n. 防水材料\na. 不透水的, 防水的\nvt. 使防水",,,cet4-all source:ecdict cet4 cet6 family:waterproofs family:waterproofed family:waterproofing,12010
wave,weiv,n.,"n. 波, 波浪, 波动, 起伏, 高潮, 潮涌, 挥手致意, (气压)突变\nvi. 波动, 飘动, 挥手示意, 起伏\nvt. 使波动, 使飘扬, 挥舞, 使成波浪形",,,cet4-all source:ecdict cet4 cet6 family:waves family:waved family:waving,1398
wavelength,'weivleŋθ,n.,n. 波长\n[化] 波长,,,cet4-all source:ecdict cet4 cet6 family:wavelengths,8023
wax,wæks,n.,"n. 蜡, 蜡状物, 一阵发怒, 增加, (月亮)渐盈\nvi. 变大, 增大, 月亮渐满\nvt. 上蜡于",,,cet4-all source:ecdict cet4 cet6 cet6-core family:waxing family:waxed family:waxes,7228
way,wei,n.,"n. 路, 路线, 路途, 方法, 道路, 情形, 规模, 习惯, 行业, 方面\nadv. 远远地, 非常",,,cet4-all source:ecdict family:ways,84
we,wi:,pron.,pron. 我们,,,cet4-all source:ecdict,24
weak,wi:k,adj.,"a. 不牢固的, 弱的, 虚弱的, 软弱的, 无力的, 无权力的, (论据等)不充分的\n[经] 疲软的",,,cet4-all source:ecdict cet4 cet6 family:weaker family:weakest,2070
weaken,'wi:kәn,vt.,"vt. 削弱, 减弱, 使虚弱\nvi. 变弱, 变软弱",,,cet4-all source:ecdict cet4 cet6 family:weakened family:weakening family:weakens,4486
weakness,'wi:knis,n.,"n. 虚弱, 薄弱, 弱点\n[经] 欲振乏力",,,cet4-all source:ecdict cet4 cet6 family:weaknesses,3487
wealth,welθ,n.,"n. 财富, 资源, 财产, 丰富, 富裕, 大量\n[经] 财富",,,cet4-all source:ecdict cet4 cet6 cet6-core,2559
wealthy,'welθi,adj.,"a. 富有的, 丰裕的, 充分的",,,cet4-all source:ecdict cet4 cet6 cet6-core family:wealthier family:wealthiest,3015
weapon,'wepәn,n.,"n. 武器, 兵器\nvt. 武装",,,cet4-all source:ecdict cet4 cet6 cet6-core family:weapons,929
wear,wєә,n.,"n. 穿着, 戴, 使用, 耗损, 服装, 耐久性\nvt. 穿着, 戴, 留(须、发等), 呈现, 磨损, 磨成, 耗损, 使疲乏, 消磨\nvi. 磨损, 变旧, 耐久, 渐变, 渐渐消失",,,cet4-all source:ecdict family:wearing family:wore family:worn family:wears,518
weary,'wiәri,adj.,"a. 疲倦的, 萎靡的, 厌倦的, 厌烦的\nvt. 使疲倦, 使厌烦\nvi. 疲乏, 生厌, 不耐烦",,,cet4-all source:ecdict cet4 cet6 cet6-core family:wearied family:wearying family:wearier family:wearies family:weariest,6761
weather,'weðә,n.,"n. 天气, 气象, 处境\na. 迎风的\nvt. 使受风吹雨打, 侵蚀, 使风化, 经受住\nvi. 风化, 受侵蚀, 经受风雨",,,cet4-all source:ecdict family:weathered family:weathers family:weathering,1614
weave,wi:v,n.,"n. 编法, 织法, 编织式样\nvt. 编织, 组合, 编排, 使迂回前进\nvi. 纺织, 迂回行进",,,cet4-all source:ecdict cet4 cet6 family:woven family:weaving family:wove family:weaves,4893
wedding,'wediŋ,n.,"n. 婚礼, 结婚, 结婚周年纪念日, 结合\n[法] 结婚, 婚礼, 结婚纪念日",,,cet4-all source:ecdict cet4 cet6 family:weddings family:wedding family:i,2176
wednesday,'wenzdi,n.,n. 星期三,,,cet4-all source:ecdict family:wednesdays,
weed,wi:d,n.,"n. 杂草, 野草\nvi. 除草\nvt. 除...的草, 剔除",,,cet4-all source:ecdict cet4 cet6 family:wee family:dp family:weeds family:weeding family:weeded,4545
week,wi:k,n.,"n. 星期, 周",,,cet4-all source:ecdict family:weeks,188
weekday,'wi:kdei,n.,"n. 周日, 平日\n[计] 工作日",,,cet4-all source:ecdict cet4 cet6 family:weekdays,8312
weekend,'wi:kend,n.,"n. 周末, 周末休假",,,cet4-all source:ecdict family:weekends family:weekending family:weekended,1193
weekly,'wi:kli,n.,"n. 周刊, 周报\na. 每周的, 一周一次的, 周刊的\nadv. 每周, 一周一次",,,cet4-all source:ecdict cet4 cet6 family:weeklies,3220
weep,wi:p,n.,"n. 哭, 哭泣\nvi. 哭泣, 流泪, 哀悼, 滴落\nvt. 哭着使..., 悲叹, 滴下",,,cet4-all source:ecdict cet4 cet6 family:wept family:weeping family:weeps,5709
weigh,wei,vt.,"vt. 称...重量, 衡量, 把...压弯, 考虑, 权衡, 起锚\nvi. 称分量, 有意义, 重压, 起锚\nn. 过秤, 称分量",,,cet4-all source:ecdict cet4 cet6 family:weighing family:weighed family:weighs,2504
weight,weit,n.,"n. 重, 重量, 体重, 砝码, 重大, 影响, 力量\nvt. 加重量于, 压迫, 使加权, 称重量\n[计] 粗细",,,cet4-all source:ecdict family:weights family:weighted family:weighting,954
welcome,'welkәm,n.,"n. 欢迎, 欢迎词\na. 受欢迎的, 可随意的, 可喜的\nvt. 欢迎, 接待\ninterj. 欢迎",,,cet4-all source:ecdict family:welcomed family:welcomes family:welcoming,1545
weld,weld,n.,"n. 焊接处, 焊接\nvt. 焊接, 使密接, 使结合, 使成整体\nvi. 焊牢",,,cet4-all source:ecdict cet4 cet6 family:welded family:welding family:welds,15095
welfare,'welfєә,n.,"n. 福利, 安宁, 幸福, 福利事业\na. 福利的",,,cet4-all source:ecdict cet4 cet6,1933
well,wel,n.,"n. 井, 泉水, 源泉, 好\nv. 涌出\na. 健康的, 良好的, 适宜的, 恰当的\nadv. 很好地, 适当地, 好意地, 很, 完全\ninterj. 好啦",,,cet4-all source:ecdict family:wells family:welling family:welled,100
well-known,,adj.,"a. 众所周知的, 有名的",,,cet4-all source:ecdict cet4 cet6,
west,west,n.,"n. 西方, 西部\na. 西方的, 向西的\nadv. 向西, 自西方, 在西方",,,cet4-all source:ecdict,665
western,'westәn,n.,"n. 西方人, 西部片, 西部小说\na. 向西方的, 来自西方的, 西方的, 西洋的, 西部的",,,cet4-all source:ecdict family:westerns,1079
westward,'westwәd,n.,n. 朝西的方向\na. 向西的\nadv. 向西的,,,cet4-all source:ecdict cet4 cet6,12556
wet,wet,n.,"n. 湿气, 潮湿, 水分, 雨天\na. 湿的, 潮的, 搞错的, 下雨的, 反对禁酒的\nvi. 变湿\nvt. 使...湿",,,cet4-all source:ecdict family:wet family:dp family:wetter family:wetting family:wettest family:wets,2471
what,hwɒt,pron.,"pron. 什么\ninterj. 怎么, 多么\na. 什么的\nadv. 到什么程度",,,cet4-all source:ecdict,34
whatever,hwɒt'evә,pron.,pron. 无论什么,,,cet4-all source:ecdict cet4 cet6,776
wheat,hwi:t,n.,n. 小麦,,,cet4-all source:ecdict cet4 cet6 family:wheats,4479
wheel,hwi:l,n.,"n. 轮子, 车轮, 轮, 方向盘, 旋转, 机构, 重要人物\nvt. 使旋转, 转动, 使转向\nvi. 旋转, 转弯, 盘旋",,,cet4-all source:ecdict cet4 cet6 family:wheels family:wheeled family:wheeling,1999
when,hwen,conj.,"conj. 当...的时候\nadv. 何时, 什么时候\npron. 什么时侯\nn. 时间",,,cet4-all source:ecdict,57
whenever,hwen'evә,conj.,"conj. 每当\nadv. 不论何时, 每逢",,,cet4-all source:ecdict cet4 cet6,2314
where,hwєә,adv.,adv. 在哪里\npron. 哪里\nn. 地点,,,cet4-all source:ecdict,169
wherever,hwєәr'evә,adv.,adv. 无论哪里,,,cet4-all source:ecdict cet4 cet6,3710
whether,'hweðә,conj.,"conj. 是否, 不论\npron. 两个中的哪一个",,,cet4-all source:ecdict,321
which,hwitʃ,pron.,"pron. 哪一个, 那一个",,,cet4-all source:ecdict,58
whichever,hwitʃ'evә,pron.,"pron. 无论那一个, 任何一个",,,cet4-all source:ecdict cet4 cet6,10672
while,hwail,n.,"n. 一会儿, (一段)时间\nconj. 当...的时候, 虽然\nvt. 消磨",,,cet4-all source:ecdict,153
whilst,wailst,conj.,"conj. 当...的时候, 和...同时, 虽然, 只要, 然而, 而, 尽管",,,cet4-all source:ecdict cet4 cet6,18717
whip,hwip,n.,"n. 鞭子, 抽打, 车夫, 搅拌器\nvt. 鞭打, 搅拌, 煽动, 召集, 仓促制成\nvi. 拍击, 急走, 抽打",,,cet4-all source:ecdict cet4 cet6 family:whips family:whipped family:whipping,4254
whirl,hwә:l,n.,"n. 回旋, 旋转, 急走, 眩晕\nvt. 使旋转, 使回旋, 卷走\nvi. 回旋, 旋转, 急走, 发晕",,,cet4-all source:ecdict cet4 cet6 cet6-core family:whirled family:whirling family:whirls,8035
whisky,'hwiski,n.,"n. 威士忌酒, 轻便马车\n[化] 威士忌酒",,,cet4-all source:ecdict cet4 cet6 family:whiskies,17204
whisper,'hwispә,n.,"n. 耳语, 密谈, 谣传, 沙沙声\nvi. 耳语, 密谈, 沙沙地响\nvt. 低声说",,,cet4-all source:ecdict cet4 cet6 family:whispered family:whispering family:whispers,2446
whistle,'hwisl,n.,"n. 口哨, 汽笛, 啸啸声, 口哨声\nvi. 吹口哨, 鸣汽笛, 发嘘嘘声\nvt. 用口哨或吹哨传意, 用口哨演奏",,,cet4-all source:ecdict cet4 cet6 family:whistled family:whistling family:whistles,6463
white,hwait,n.,"n. 白色, 洁白, 眼白, 白种人, 蛋白\na. 白色的, 纯洁的, 白种的, 苍白的, 空白的, 幸运的",,,cet4-all source:ecdict family:whites family:whiter family:whiting family:whited,301
whitewash,'hwaitwɒʃ,n.,"n. 白色涂料, 粉饰, 得零分的惨败",,,cet4-all source:ecdict cet4 cet6 family:whitewashed family:whitewashing family:whitewashes,20142
who,hu:,pron.,pron. 谁,,,cet4-all source:ecdict,38
whoever,hu'evә,pron.,"pron. 任何人, 无论谁",,,cet4-all source:ecdict cet4 cet6,4240
whole,hәul,n.,"n. 全部, 全体, 整体, 完全之体系\na. 所有的, 完整的, 完全的, 纯粹的",,,cet4-all source:ecdict cet4 cet6 family:wholes,467
wholly,'hәuli,adv.,"adv. 完全地, 整个, 统统, 全部\n[法] 完全地, 统统地",,,cet4-all source:ecdict cet4 cet6,6835
whom,hu:m,pron.,pron. 谁,,,cet4-all source:ecdict,1018
whose,hu:z,pron.,pron. 谁的,,,cet4-all source:ecdict,527
why,hwai,adv.,"adv. 为什么\nn. 原因, 理由",,,cet4-all source:ecdict,158
wicked,'wikid,adj.,"a. 坏的, 邪恶的, 缺德的, 刻毒的, 恶劣的, 淘气的",,,cet4-all source:ecdict cet4 cet6,7732
wide,waid,adj.,"a. 宽的, 广阔的, 普遍的, 宽阔的, 广泛的, 一般的\nadv. 广阔地, 遍及各处地, 广泛地\nn. 大千世界",,,cet4-all source:ecdict family:wider family:widest,940
widely,'waidli,adv.,adv. 广泛地,,,cet4-all source:ecdict cet4 cet6,2175
widen,'waidn,vt.,"vt. 弄宽, 加宽, 扩大\nvi. 变宽, 扩大",,,cet4-all source:ecdict cet4 cet6 family:widened family:widening family:widens,5456
widespread,'waidspred,adj.,"a. 充分伸展的, 广布的, 普及的, 流传广的",,,cet4-all source:ecdict cet4 cet6,3282
widow,'widәu,n.,"n. 寡妇, 孀妇\nvt. 使成寡妇",,,cet4-all source:ecdict cet4 cet6 family:widows family:widowed family:widowing,4691
width,widθ,n.,"n. 宽度, 宽广, 广博\n[医] 宽度",,,cet4-all source:ecdict cet4 cet6 family:widths,6752
wife,waif,n.,"n. 妻子, 太太, 夫人\n[法] 妻子, 已婚妇女",,,cet4-all source:ecdict family:wives,466
wild,waild,n.,"n. 荒野, 荒地\na. 野性的, 野蛮的, 野生的, 失控的, 任性的, 杂乱的, 轻率的, 狂热的, 疯狂的\nadv. 狂暴地, 失控地",,,cet4-all source:ecdict cet4 cet6 family:wilder family:wildest family:wilds,1292
will,wil,n.,"n. 意志, 决心, 意愿, 意向, 干劲, 遗嘱\nvt. 用意志的力量驱使, 决意, 愿意, 立遗嘱\nvi. 下决心, 愿意\naux. 将, 愿意, 必须",,,cet4-all source:ecdict family:willing family:willed family:wills,48
willing,'wiliŋ,adj.,"a. 乐意的, 自愿的, 甘愿的",,,cet4-all source:ecdict cet4 cet6 family:willing family:i,1274
win,win,vt.,"vt. 赢得, 打胜, 成功\nvi. 获胜, 达到, 影响\nn. 胜利, 赢, 收益",,,cet4-all source:ecdict cet4 cet6 family:won family:winning family:wins,361
wind,wind,n.,"n. 风, 气息, 气味, 呼吸, 风声, 趋势, 空谈, 卷绕, 弯曲\nvt. 使通风, 嗅出, 使喘气, 吹号角, 上发条, 缠绕, 包, 绞起, 吊起, 使弯曲, 使迂回\nvi. 嗅出猎物, 吹响号角, 卷曲, 蜿蜒, 迂回, 缠绕",,,cet4-all source:ecdict family:winds family:winding family:wound,1092
window,'windәu,n.,"n. 窗户, 窗子, 窗口\nvt. 给...开窗\n[计] 窗口",,,cet4-all source:ecdict family:windows,607
wine,wain,n.,"n. 葡萄酒, 果酒, 暗红色\nv. (请)喝酒",,,cet4-all source:ecdict cet4 cet6 family:wines family:wined family:wining,1449
wing,wiŋ,n.,"n. 翅膀, 翼, 机翼, 派别\nvt. 给...装上翼, 飞过, 使飞, 空运, 增加...速度\nvi. 飞行",,,cet4-all source:ecdict cet4 cet6 family:wings family:winging family:winged,1889
winner,'winә,n.,"n. 胜利者, 优胜者\n[法] 取胜者",,,cet4-all source:ecdict cet4 cet6 family:winners,1916
winter,'wintә,n.,"n. 冬季, 萧条期, 衰退期\na. 冬天的\nvt. 使度过冬天\nvi. 过冬",,,cet4-all source:ecdict family:winters family:wintering family:wintered,1244
wipe,waip,n.,"n. 擦拭, 用力打, 凸轮\nvt. 擦, 揩, 消灭, 涂上, 拭去\nvi. 擦, 打",,,cet4-all source:ecdict cet4 cet6 family:wiped family:wiping family:wipes,2711
wire,'waiә,n.,"n. 电线, 电报, 电信, 铁丝网, 金属丝\nvt. 用金属丝捆扎, 拍电报\nvi. 打电报",,,cet4-all source:ecdict cet4 cet6 family:wires family:wired family:wiring,2370
wireless,'waiәlis,n.,"n. 无线电\na. 无线的, 无线电的",,,cet4-all source:ecdict cet4 cet6 family:wirelesses family:wirelessed,5363
wisdom,'wizdәm,n.,"n. 智慧, 明智行为, 学识, 名言, 贤人",,,cet4-all source:ecdict cet4 cet6 family:wisdoms,2954
wise,waiz,adj.,"a. 明智的, 慎虑的, 聪明的, 博学的, 狡猾的, 机灵的\nvi. 知道\nvt. 教导, 告诉, 劝导\nn. 方法, 方式\n[计] 教育信息系统",,,cet4-all source:ecdict cet4 cet6 family:wiser family:wisest family:wised,3234
wish,wiʃ,n.,"n. 希望, 愿望, 祝愿, 命令, 请求\nvt. 愿, 想要, 希望, 祝愿\nvi. 希望",,,cet4-all source:ecdict family:wished family:wishing family:wishes,1055
wit,wit,n.,"n. 机智, 智力, 头脑, 理智, 妙语, 机智的人",,,cet4-all source:ecdict cet4 cet6 family:wits,5755
with,wið,prep.,"prep. 和...在一起, 以, 由于",,,cet4-all source:ecdict,16
withdraw,wið'drɒ:,vt.,"vt. 撤回, 取回, 撤消, 使撤退, 拉开, 移开\nvi. 撤退, 离开",,,cet4-all source:ecdict cet4 cet6 cet6-core family:withdrawn family:withdrew family:withdrawing family:withdraws,2786
within,wi'ðin,n.,"n. 内部, 里头\nadv. 在内部, 在内心里\nprep. 在...之内",,,cet4-all source:ecdict cet4 cet6,352
without,wi'ðaut,prep.,"prep. 没有, 不, 在...之外\nadv. 在外面, 户外\nn. 外面, 外部",,,cet4-all source:ecdict,218
withstand,wið'stænd,vt.,"vt. 抵住, 顶住, 经得起",,,cet4-all source:ecdict cet4 cet6 family:withstood family:withstanding family:withstands,6972
witness,'witnis,n.,"n. 证人, 目击者, 证据, 证词\nvt. 目击, 作证, 证明, 表明\nvi. 作证人, 作为证据",,,cet4-all source:ecdict cet4 cet6 cet6-core family:witnesses family:witnessed family:witnessing,1970
wolf,wulf,n.,"n. 狼, 残忍贪婪之人, 极度穷困\nvt. 狼吞虎咽, 大吃",,,cet4-all source:ecdict cet4 cet6 family:wolves family:wolfed family:wolfing family:wolfs,4150
woman,'wumәn,n.,"n. 女人, 妇女, 女仆\na. 女用的, 女性的, 妇女的\nvt. 贬称...为女人, 使成女人腔",,,cet4-all source:ecdict family:women,111
wonder,'wʌndә,n.,"n. 奇迹, 惊奇, 惊愕\nvt. 惊奇, 想知道\nvi. 惊讶, 怀疑",,,cet4-all source:ecdict cet4 cet6 family:wondered family:wondering family:wonders,790
wonderful,'wʌndәful,adj.,"a. 令人惊奇的, 奇妙的, 极好的",,,cet4-all source:ecdict cet4 cet6,1405
wood,wud,n.,"n. 木材, 木制品\nvt. 植林于, 给...添加木柴\nvi. 收集木材",,,cet4-all source:ecdict cet4 cet6 family:woods,1236
wooden,'wudn,adj.,"a. 木制的, 呆笨的, 木然的",,,cet4-all source:ecdict cet4 cet6,2512
wool,wul,n.,"n. 羊毛, 毛织物, 毛线, 绒线\n[医] 羊毛, 绒毛, 棉[花]",,,cet4-all source:ecdict cet4 cet6 family:wools,5569
woollen,'wulin,n.,n. 毛织品\na. 羊毛制的,,,cet4-all source:ecdict cet4 cet6 family:woollens,41582
word,wә:d,n.,"n. 话, 消息, 词, 诺言, 命令\nvt. 用言辞表达\n[计] 字",,,cet4-all source:ecdict family:words family:worded family:wording,244
work,wә:k,n.,"n. 工作, 劳动, 职业, 行为, 功, 作品, 成果, 产品, 工程\nvi. 工作, 劳动, 做, 运转, 起作用, 被加工\nvt. 使工作, 使转动, 开动, 使用, 经营, 使逐渐变得, 造成",,,cet4-all source:ecdict family:working family:works family:worked,117
worker,'wә:kә,n.,"n. 工人, 劳动者\n[经] 工人, 劳工, 劳动者",,,cet4-all source:ecdict family:workers,573
workman,'wә:kmәn,n.,"n. 工人, 工匠, 男工",,,cet4-all source:ecdict cet4 cet6 family:workmen,12739
workshop,'wә:kʃɒp,n.,"n. 工场, 车间, 研讨会\n[计] 讨论会; 专题研究组",,,cet4-all source:ecdict cet4 cet6 family:workshops,3130
world,wә:ld,n.,"n. 世界, 地球, 宇宙, 万物, 世人, 人间, 领域, 世事, 世故, 社会生活, 大量\n[法] 世界, 地球, 世人",,,cet4-all source:ecdict family:worlds,123
world-wide,,adj.,a. 遍及全世界的,,,cet4-all source:ecdict cet4 cet6,
worm,wә:m,n.,"n. 虫, 蠕虫, 小人物, 螺纹, 蜗杆\nvi. 蠕行, 慢慢前进\nvt. 使蠕行, 慢慢地走, 除虫\n[计] 蠕虫病毒",,,cet4-all source:ecdict cet4 cet6 family:worms family:wormed family:worming,4993
worry,'wʌri,n.,"n. 担心, 烦恼, 忧虑, 苦恼, 撕咬\nvt. 使烦恼, 使焦虑, 使苦恼, 困扰, 折磨, 撕咬\nvi. 烦恼, 担心, 撕咬",,,cet4-all source:ecdict family:worries family:worried family:worrying,970
worse,wә:s,n.,"n. 更坏的事, 更恶劣的事, 败局\na. 更坏的, 更恶劣的\nadv. 更坏地, 更恶劣地",,,cet4-all source:ecdict cet4 cet6 family:bad family:r,25899
worship,'wә:ʃip,n.,"n. 崇拜, 礼拜, 尊敬\nvi. 参加礼拜\nvt. 崇拜, 尊敬",,,cet4-all source:ecdict cet4 cet6 family:worshipped family:worships family:worshipping,5808
worst,wә:st,n.,"n. 最坏, 最坏的时候\na. 最坏的, 最恶劣的, 最不利的\nadv. 最坏, 最糟",,,cet4-all source:ecdict cet4 cet6 family:bad family:t family:worsted family:worsts family:worst,33505
worth,wә:θ,n.,"n. 价值, 财产\na. 值...的, 值得的",,,cet4-all source:ecdict,1353
worthless,'wә:θlis,adj.,"a. 无价值的, 无益的, 无足轻重的\n[法] 无价值的, 无用的",,,cet4-all source:ecdict cet4 cet6,8848
worthwhile,'wә:θ'hwail,adj.,"a. 值得花时间的, 值得做的, 有真实价值的",,,cet4-all source:ecdict cet4 cet6 cet6-core,6958
worthy,'wә:ði,n.,"n. 杰出人物\na. 有价值的, 可敬的, 值得的",,,cet4-all source:ecdict cet4 cet6 cet6-core family:worthies family:worthier family:worthiest,5102
would,wud,aux.,"aux. 将, 愿意",,,cet4-all source:ecdict,41
wound,wu:nd,n.,"n. 创伤, 伤口, 伤疤, 伤害, 痛苦\nvt. 伤害, 损害, 使受伤\nvi. 打伤, 伤害\nwind的过去式和过去分词",,,cet4-all source:ecdict cet4 cet6 family:wind family:pd family:wounds family:wounded family:wounding,3202
wrap,ræp,n.,"n. 外套, 围巾, 包裹物, 限制, 约束, 秘密, 换行\nvt. 包装, 卷, 缠绕, 包, 裹, 覆盖, 遮蔽, 隐藏, 掩护\nvi. 缠绕, 穿外衣, 包起来\n[计] 换行",,,cet4-all source:ecdict cet4 cet6 family:wrapped family:wrapping family:wraps,2090
wreath,ri:θ,n.,"n. 花圈, 花环, 圈状物\n[医] 花冠, 花冠体(细胞核分裂的一时期)",,,cet4-all source:ecdict cet4 cet6 family:wreaths,9842
wreck,rek,n.,"n. 失事, 残骸, 破坏\nvt. 使失事, 拆毁, 破坏\nvi. (船)失事, 营救失事船只",,,cet4-all source:ecdict cet4 cet6 cet6-core family:wrecked family:wrecks family:wrecking,7201
wrist,rist,n.,"n. 手腕, 腕关节\n[医] 腕",,,cet4-all source:ecdict cet4 cet6 family:wrists,3624
write,rait,vt.,"vt. 书写, 著述, 写, 写满, 写信给\nvi. 写, 写字, 写信, 写作, 作曲\n[计] 书写器",,,cet4-all source:ecdict family:wrote family:written family:writing family:writes,228
writer,'raitә,n.,"n. 作家, 撰稿者, 抄写员\n[化] 记录器",,,cet4-all source:ecdict cet4 cet6 family:writers,980
writing,'raitiŋ,n.,"n. 书写, 著作, 笔迹, 作品\n[医] 书写",,,cet4-all source:ecdict cet4 cet6 family:write family:i family:writing family:writings,1528
wrong,rɒŋ,adj.,"a. 错误的, 不正当的, 失常的\nadv. 错误地",,,cet4-all source:ecdict family:wrongs family:wronging family:wronged,655
x-ray,'eks'rei,adj.,"a. X射线的\nvt. 用X光检查, 照X光\nvi. 使用X光",,,cet4-all source:ecdict cet4 family:x-rays family:x-raying family:x-rayed,
yard,jɑ:d,n.,"n. 码, 庭院, 工场\n[化] 堆置场",,,cet4-all source:ecdict cet4 cet6 family:yards,1035
yawn,jɒ:n,n.,"n. 哈欠\nvi. 打哈欠, 裂开\nvt. 打着哈欠说",,,cet4-all source:ecdict cet4 cet6 family:yawned family:yawning family:yawns,10649
year,jiә,n.,"n. 年, 年度, 年龄\n[经] 年度",,,cet4-all source:ecdict family:years,54
yearly,'jiәli,adj.,"a. 每年的, 一年一度的\nadv. 一年一次, 每年",,,cet4-all source:ecdict cet4 cet6,8913
yell,jel,vi.,"vi. 叫喊, 大叫, (齐声)呐喊欢呼\nvt. 喊叫着说\nn. 叫声, 喊声, 呐喊",,,cet4-all source:ecdict cet4 cet6 cet6-core family:yelled family:yelling family:yells,2628
yellow,'jelәu,n.,n. 黄色\na. 黄色的,,,cet4-all source:ecdict family:yellows family:yellower family:yellowing family:yellowed,1665
yes,jes,adv.,"adv. 是\nn. 是, 同意\nv. 同意",,,cet4-all source:ecdict,258
yesterday,'jestәdi,n.,n. 昨天\nadv. 昨天,,,cet4-all source:ecdict,1505
yet,jet,adv.,"adv. 还, 尚, 仍然, 已经, 然而\nconj. 然而",,,cet4-all source:ecdict,275
yield,ji:ld,n.,"n. 生产量, 投资收益\nvt. 出产, 给予, 让出, 放弃, 使屈服\nvi. 出产, 屈服, 投降, 倒塌",,,cet4-all source:ecdict cet4 cet6 cet6-core family:yields family:yielded family:yielding,2652
you,ju:,pron.,"pron. 你, 你们",,,cet4-all source:ecdict,14
young,jʌŋ,adj.,"a. 年轻的, 无经验的, 朝气蓬勃的\nn. 青年们, 幼小动物, 崽",,,cet4-all source:ecdict family:younger family:youngest,234
your,juә,pron.,"pron. 你的, 你们的",,,cet4-all source:ecdict,69
yours,juәz,pron.,"pron. 你的(东西), 你们的(东西)",,,cet4-all source:ecdict,3156
yourself,juә'self,pron.,pron. 你自己,,,cet4-all source:ecdict,915
youth,ju:θ,n.,"n. 年轻, 青年时代, 青年们, 青春\n[法] 青年, 青年时期, 青春时期",,,cet4-all source:ecdict cet4 cet6 family:youths,1397
youthful,'ju:θful,adj.,"a. 年轻的, 青年的\n[法] 青年的, 年轻的",,,cet4-all source:ecdict cet4 cet6,7434
zeal,zi:l,n.,"n. 热心, 热衷, 热诚",,,cet4-all source:ecdict cet4 cet6,10184
zealous,'zelәs,adj.,"a. 热衷的, 热诚的, 热心的, 热情的",,,cet4-all source:ecdict cet4 cet6,15938
zebra,'zi:brә,n.,n. 斑马,,,cet4-all source:ecdict cet4 cet6 family:zebras,13912
zero,'ziәrәu,n.,"n. 零, 零点, 零度, 无, 乌有, 最低点\na. 零的, 没有的\nvt. 调零, 对(炮火等)作协调校正\n[计] 零",,,cet4-all source:ecdict family:zeros family:zeroing family:zeroed family:zeroes,4886
zone,zәun,n.,"n. 地带, 带, 地区\nvt. 环绕, 使分成地带\nvi. 分成区\n[计] 卡片顶部的三行区; 区; 区域",,,cet4-all source:ecdict cet4 cet6 family:zones family:zoning family:zoned,1763
zoo,zu:,n.,n. 动物园,,,cet4-all source:ecdict family:zoos,6286
