"spelling","example_en","example_cn","source_tag"
"abbreviation","The company created a new abbreviation for the project name.","公司为项目名称创建了一个新缩写","source:ai-generated"
"abide","She decided to abide by the rules of the game.","她决定遵守游戏的规则","source:ai-generated"
"ability","His ability to solve complex problems is impressive.","他解决复杂问题的能力令人印象深刻","source:ai-generated"
"able","The student is able to complete the assignment on time.","这位学生能够按时完成作业","source:ai-generated"
"aboard","She was aboard the train when she saw the accident.","她看到事故时已经在火车上了。","source:ai-generated"
"about","The meeting is about to start.","会议即将开始","source:ai-generated"
"above","The bird flew above the trees.","鸟儿飞在树冠之上","source:ai-generated"
"abroad","She traveled abroad for a month.","她出国旅行了一个月","source:ai-generated"
"abrupt","The sudden change in weather was an abrupt shift from warm to cold temperatures.","天气突然从温暖转为寒冷，这种变化很突兀。","source:ai-generated"
"absent","She was absent from the meeting because she had a prior commitment.","她因有先前的承诺而缺席了会议。","source:ai-generated"
"absolute","The absolute authority of the king was unquestioned in the ancient kingdom.","在古代王国中，国王的绝对权威无人质疑。","source:ai-generated"
"absolutely","He spoke absolutely, without any hesitation or doubt.","他说话非常肯定，毫无犹豫或怀疑。","source:ai-generated"
"absorption","The student's deep absorption in the textbook made him forget the time.","学生对课本的全神贯注让他忘记了时间。","source:ai-generated"
"academy","The local academy of sciences hosted a lecture series for young researchers.","当地科学学院为年轻研究人员举办了一系列讲座。","source:ai-generated"
"acceleration","The car's acceleration was impressive after the engine was upgraded.","引擎升级后，汽车的加速性能令人印象深刻。","source:ai-generated"
"accent","She emphasized the importance of the project by accenting key points in the report.","她通过在报告中突出关键点来强调项目的重点。","source:ai-generated"
"accept","I accept your proposal.","我接受你的提议。","source:ai-generated"
"acceptable","This solution is acceptable.","这个方案是可接受的。","source:ai-generated"
"acceptance","The acceptance of the agreement was formalized.","该协议的接受已被正式确认。","source:ai-generated"
"accessary","The accessary device is essential for the project.","该项目的附属设备是必不可少的。","source:ai-generated"
"accessible","The website is accessible.","该网站是可访问的。","source:ai-generated"
"accessory","The accessory part of the car is the engine.","汽车的附件部分是发动机。","source:ai-generated"
"accidental","The accidental injury happened during the game.","这起意外伤害发生在比赛中。","source:ai-generated"
"accompany","She accompanies her children to school every day.","她每天陪孩子去学校。","source:ai-generated"
"accomplishment","Her academic accomplishment was recognized by the university.","她的学术成就被大学认可。","source:ai-generated"
"accordance","The harmony in the team's work is a result of good accordance.","团队工作的和谐是良好一致的结果。","source:ai-generated"
"accordingly","The results were accordingly analyzed to identify patterns.","结果相应地被分析以识别模式。","source:ai-generated"
"accumulate","Over time, the company accumulated significant resources.","随着时间的推移，公司积累了大量资源。","source:ai-generated"
"accuracy","The accuracy of the measurement is critical for scientific experiments.","该测量的精确度对科学实验至关重要。","source:ai-generated"
"accustom","To accustom children to new environments, parents should be patient.","为了使孩子适应新环境，父母应该耐心。","source:ai-generated"
"ache","He has a persistent ache in his lower back.","他下背有持续的疼痛。","source:ai-generated"
"achieve","She achieved her goal through hard work and dedication.","她通过努力和奉献实现了目标。","source:ai-generated"
"acquaint","She acquainted him with the new policy.","她向他介绍了新政策。","source:ai-generated"
"acquisition","The company made an acquisition of the rival firm.","该公司收购了竞争对手公司。","source:ai-generated"
"acquisitive","He is acquisitive and always wants more money.","他贪心，总是想要更多钱。","source:ai-generated"
"acre","The field is one acre in size.","这片土地面积为一英亩。","source:ai-generated"
"across","The river flows across the valley.","河流流经山谷。","source:ai-generated"
"act","She acted as the leader of the team.","她担任了团队的领导者。","source:ai-generated"
"action","The action of the movie was very impressive.","这部电影的表演非常精彩。","source:ai-generated"
"activate","The system activates when the temperature rises.","当温度升高时，系统会启动。","source:ai-generated"
"active","The active ingredient in this medicine is effective for pain relief.","这种药物中的活性成分对缓解疼痛有效。","source:ai-generated"
"activity","The activity level of the children increased after the new exercise program.","在新运动计划后，孩子们的活动量增加了。","source:ai-generated"
"actor","The actor played a role that required intense emotional expression.","这位演员扮演了一个需要强烈情感表达的角色。","source:ai-generated"
"actress","The actress received an award for her outstanding performance in the film.","这位女演员因电影中出色的表现获得了奖项。","source:ai-generated"
"actual","The actual cost of the project is higher than expected.","该项目的实际成本高于预期。","source:ai-generated"
"actually","She actually finished the project before the deadline.","她实际上在截止日期前完成了项目。","source:ai-generated"
"ad","The ad for the new product is running on social media.","新产品的广告正在社交媒体上投放。","source:ai-generated"
"add","Add the ingredients to the bowl and mix them thoroughly.","将配料倒入碗中并充分搅拌。","source:ai-generated"
"address","I need to write my address on the envelope.","我需要在信封上写我的住址。","source:ai-generated"
"adhere","The company adheres to strict quality control standards.","公司严格遵守质量控制标准。","source:ai-generated"
"adjective","This is an adjective describing the color.","这是一个描述颜色的形容词。","source:ai-generated"
"adjoin","The building adjoins the park on the east side.","这栋建筑东侧毗邻公园。","source:ai-generated"
"adjustable","The temperature control system has adjustable settings.","温度控制系统具有可调节的设置。","source:ai-generated"
"administration","The local administration handles public services efficiently.","当地政府高效处理公共服务。","source:ai-generated"
"admiration","She has great admiration for her teacher's teaching style.","她非常钦佩老师的教学风格。","source:ai-generated"
"admire","I admire the way he solves complex problems.","我钦佩他解决复杂问题的方式。","source:ai-generated"
"admission","The university requires a formal admission letter for enrollment.","大学要求提供正式的录取信以注册。","source:ai-generated"
"adolescent","She is an adolescent who loves to explore new hobbies.","她是一个喜欢探索新兴趣爱好的青少年。","source:ai-generated"
"adoption","The adoption of new technology has improved productivity.","采用新技术提高了生产效率。","source:ai-generated"
"adult","He is an adult who works full-time.","他是一名全职工作的成年人。","source:ai-generated"
"advance","The company advanced its project by three months.","公司使项目提前了三个月完成。","source:ai-generated"
"advanced","The advanced features of this software make it user-friendly.","这款软件的高级功能使其易于使用。","source:ai-generated"
"advantageous","The location has advantageous conditions for business growth.","该地点对业务增长具有有利条件。","source:ai-generated"
"adventure","She embarked on an adventure to find the lost city.","她踏上寻找失落之城的冒险之旅。","source:ai-generated"
"adverb","She speaks the truth with a calm and steady adverb.","她用平静而坚定的副词说出真相。","source:ai-generated"
"adverse","The weather is adverse to outdoor activities this week.","本周天气不利于户外活动。","source:ai-generated"
"advertise","The company will advertise the new product next month.","公司将于下月为新产品做广告。","source:ai-generated"
"advertisement","The advertisement on the website attracted many clicks.","网站上的广告吸引了许多点击。","source:ai-generated"
"advice","He gave me good advice about career choices.","他给了我关于职业选择的建议。","source:ai-generated"
"advisable","It is advisable to take a break after working for hours.","工作几小时后休息是明智的。","source:ai-generated"
"advise","She advised him to reconsider his decision.","她建议他重新考虑自己的决定。","source:ai-generated"
"aerial","The aerial view shows the city from above.","从空中俯瞰，城市景象一览无余。","source:ai-generated"
"aeroplane","The aeroplane flew over the city at high speed.","飞机以高速飞越了城市。","source:ai-generated"
"aerospace","Aerospace engineering is a branch of engineering that deals with aircraft and spacecraft.","航空航天工程是涉及飞机和航天器的工程分支。","source:ai-generated"
"aesthetic","She has a strong aesthetic sense for art.","她对艺术有很强的审美感。","source:ai-generated"
"affair","The business meeting was a major affair this week.","本周的商务会议是重大事件。","source:ai-generated"
"affect","The rain affected the weather forecast.","雨影响了天气预报。","source:ai-generated"
"affective","His emotional state is affective.","他情绪状态是情感的。","source:ai-generated"
"affiliate","The company affiliated with a new partner to expand its market.","公司与新合作伙伴建立紧密联系以扩大市场。","source:ai-generated"
"afflict","The harsh weather afflicted him with severe cold.","恶劣天气使他受冻。","source:ai-generated"
"affluence","The country's economic affluence is evident from its high standard of living.","该国高生活水平显示出其经济富裕。","source:ai-generated"
"afford","I can't afford to buy a new car because my salary is too low.","我的工资太低，买不起新车。","source:ai-generated"
"afraid","She is afraid of heights and avoids climbing tall buildings.","她害怕高处，避免攀登高楼大厦。","source:ai-generated"
"africa","Africa is the second largest continent in the world.","非洲是世界上第二大的洲。","source:ai-generated"
"african","He is an African who has lived in the United States for many years.","他是一位在美生活多年非洲人。","source:ai-generated"
"after","After the meeting, we will discuss the next steps.","会议结束后，我们将讨论下一步。","source:ai-generated"
"afternoon","The afternoon sun warmed the children's faces.","午后的阳光温暖了孩子们的脸庞。","source:ai-generated"
"afterward","She will finish her work afterward and then go home.","她会先完成工作，然后回家。","source:ai-generated"
"again","I will try again after I finish this task.","我完成这项任务后，我会再试一次。","source:ai-generated"
"against","We must act against the problem to solve it.","我们必须针对问题采取行动来解决它。","source:ai-generated"
"age","Her age is 30 years old.","她的年龄是30岁。","source:ai-generated"
"agency","The company has a sales agency in Beijing.","公司在北京设有销售代理机构。","source:ai-generated"
"agent","The agent helped me find a new job.","代理帮助我找到了一份新工作。","source:ai-generated"
"aggravate","The situation has aggravated due to the conflict.","由于冲突，局势已恶化。","source:ai-generated"
"aggregate","The aggregate of all numbers is 100.","所有数字的总和是100。","source:ai-generated"
"aggression","The aggression from the enemy caused damage.","敌人的侵略行为造成了损害。","source:ai-generated"
"agitation","The patient's agitation made the doctor worry about their mental health.","患者的情绪激动让医生担心其心理健康。","source:ai-generated"
"ago","I have been feeling anxious for weeks, so I went back to the office two days ago.","我焦虑了数周，因此两天前就回了办公室。","source:ai-generated"
"agony","The surgery caused him great agony.","手术给他带来了巨大的痛苦。","source:ai-generated"
"agree","We agreed to meet at the park after dinner.","我们约定晚餐后在公园见面。","source:ai-generated"
"agreement","The company signed a new agreement with the supplier.","公司与供应商签订了一份新协议。","source:ai-generated"
"agriculture","Agriculture is a vital part of the economy in rural areas.","农业是农村经济中至关重要的部分。","source:ai-generated"
"ahead","We need to move ahead with the project to meet the deadline.","我们需要加快项目进度以确保按时完成。","source:ai-generated"
"aim","Her aim is to become a successful entrepreneur.","她的目标是成为一名成功的企业家。","source:ai-generated"
"air","The air in the room is fresh after the ventilation.","房间里的空气在通风后很清新。","source:ai-generated"
"air-condition","I use air-condition to cool the room.","我用空调调节房间温度。","source:ai-generated"
"aircraft","The aircraft flew over the city at high speed.","飞机以高速飞越了城市。","source:ai-generated"
"airline","The airline company operates flights to multiple destinations.","航空公司运营多个目的地的航班。","source:ai-generated"
"airplane","The airplane landed safely at the airport.","飞机安全地降落在机场。","source:ai-generated"
"airport","The airport has a large terminal building for passengers.","机场有大型的旅客候机楼。","source:ai-generated"
"alas","Alas, I have failed the exam.","唉，我考试失败了。","source:ai-generated"
"algebra","Algebra is a branch of mathematics.","代数学是数学的一个分支。","source:ai-generated"
"alienate","He tried to alienate his friends by making them feel unimportant.","他通过让朋友感到不重要来疏远他们。","source:ai-generated"
"alignment","The team's alignment with the new strategy was crucial for success.","团队与新战略的契合对成功至关重要。","source:ai-generated"
"alike","The two brothers are alike in their interests and hobbies.","这两个兄弟在兴趣和爱好上很相似。","source:ai-generated"
"alive","The baby is alive and kicking.","这个婴儿活泼地活着。","source:ai-generated"
"all","All the students passed the exam.","所有学生都通过了考试。","source:ai-generated"
"allegation","The lawyer made an allegation of fraud against the company.","律师向公司提出了欺诈指控。","source:ai-generated"
"allege","She alleged that the manager had stolen the funds.","她声称经理偷了资金。","source:ai-generated"
"allegiance","His loyalty to his country is a strong allegiance.","他对祖国的忠诚是一种坚定的效忠。","source:ai-generated"
"alliance","The international alliance between the two countries strengthened their economic cooperation.","两国之间的国际联盟加强了他们的经济合作。","source:ai-generated"
"allied","The allied forces fought together against the enemy.","盟军共同对抗敌人。","source:ai-generated"
"allocate","The manager allocated the budget to different departments.","经理将预算分配给不同的部门。","source:ai-generated"
"allow","The teacher allowed the students to use the internet during class.","老师允许学生在课堂上使用互联网。","source:ai-generated"
"allowance","She received a monthly allowance from her parents.","她每月从父母那里得到零用钱。","source:ai-generated"
"alloy","The metal alloy was made by mixing copper and zinc.","这种金属合金是通过混合铜和锌制成的。","source:ai-generated"
"ally","He found a loyal ally in his new colleague.","他在新同事中找到了一个忠诚的盟友。","source:ai-generated"
"almost","The project is almost complete.","这个项目几乎完成了。","source:ai-generated"
"alone","She felt lonely and alone.","她感到孤独和独自一人。","source:ai-generated"
"along","We walked along the river.","我们沿着河流走。","source:ai-generated"
"alongside","The car was parked alongside the building.","车停在建筑旁边。","source:ai-generated"
"aloud","He spoke aloud to the class.","他大声对全班同学说话。","source:ai-generated"
"alphabet","The alphabet has 26 letters.","字母表有26个字母。","source:ai-generated"
"already","I have already finished the work.","我已经完成了工作。","source:ai-generated"
"also","She also helped the children.","她也帮助了孩子们。","source:ai-generated"
"alter","He altered the plan to meet the deadline.","他修改了计划以满足截止日期。","source:ai-generated"
"alteration","The doctor made an alteration to the patient's treatment plan.","医生对患者的治疗方案进行了更改。","source:ai-generated"
"although","Although the weather was bad, we decided to go hiking.","虽然天气不好，但我们决定去徒步。","source:ai-generated"
"altitude","The altitude of Mount Everest is 8,848 meters.","珠穆朗玛峰的海拔高度是8848米。","source:ai-generated"
"altogether","He spoke altogether in a single sentence.","他用一句话完整地表达。","source:ai-generated"
"aluminium","The metal alloy contains aluminium, which is lightweight.","这种金属合金含有铝，它很轻。","source:ai-generated"
"always","She always arrives at the office before 9 a.m.","她总是早上9点前到达办公室。","source:ai-generated"
"amateur","He is an amateur photographer who enjoys capturing nature.","他是一名业余摄影师，喜欢拍摄自然风光。","source:ai-generated"
"amaze","The sudden noise amazed the children.","突然的声响让孩子们感到惊讶。","source:ai-generated"
"ambassador","The ambassador arrived at the conference in a timely manner.","大使及时抵达了会议现场。","source:ai-generated"
"ambient","The ambient noise from the street was too loud for the meeting.","街道的背景噪音太大，不适合会议。","source:ai-generated"
"ambiguity","The ambiguity in the contract caused confusion among the parties.","合同中的模糊之处导致各方产生困惑。","source:ai-generated"
"ambulance","The ambulance arrived quickly to help the injured person.","救护车迅速赶到，帮助伤者。","source:ai-generated"
"amend","The government decided to amend the law to improve public services.","政府决定修改法律以改善公共服务。","source:ai-generated"
"amends","He made amends with his friend after realizing his mistake.","他意识到错误后，向朋友道歉并弥补了过失。","source:ai-generated"
"america","America is a country in North America.","美国是北美洲的一个国家。","source:ai-generated"
"american","She is an American citizen who speaks English fluently.","她是一位英语流利的美国人。","source:ai-generated"
"amid","The storm was raging amid the dense fog.","浓雾中暴风雨正肆虐。","source:ai-generated"
"ammunition","The soldier carried ammunition for the upcoming battle.","士兵为即将到来的战斗携带弹药。","source:ai-generated"
"among","She walked among the trees in the forest.","她在森林中穿过树木。","source:ai-generated"
"amongst","He stood amongst the crowd at the festival.","他在节日人群中站在一起。","source:ai-generated"
"amount","The total amount of money spent was $500.","花费的总金额为500美元。","source:ai-generated"
"ampere","The current is measured in amperes.","电流以安培为单位进行测量。","source:ai-generated"
"ample","She has ample time to finish the project.","她有充足的时间完成这个项目。","source:ai-generated"
"amplify","The teacher amplified the sound of the lecture.","老师放大了讲座的声音。","source:ai-generated"
"amplitude","The amplitude of the sound wave determines how loud it is.","声波的振幅决定了声音的响度。","source:ai-generated"
"amuse","She tried to amuse the children with a funny story.","她用一个有趣的故事来逗孩子们开心。","source:ai-generated"
"amusement","The amusement park offers various activities for all ages.","游乐园为各个年龄段的人提供多种活动。","source:ai-generated"
"analogous","The two theories are analogous in their approach to problem-solving.","这两个理论在解决问题的方法上是相似的。","source:ai-generated"
"analogue","The analogue clock shows time using a circular face with hands.","模拟钟表通过圆形表盘和指针显示时间。","source:ai-generated"
"analogy","This analogy helps explain the complex concept of electricity.","这个类比有助于解释电学的复杂概念。","source:ai-generated"
"analyse","The scientist analysed the data to find patterns.","科学家分析数据以找出规律。","source:ai-generated"
"analyst","The analyst works with clients to provide financial advice.","分析师与客户合作提供财务建议。","source:ai-generated"
"analytic","The study uses analytic methods to break down complex problems.","该研究使用分析方法来分解复杂问题。","source:ai-generated"
"analytical","She has an analytical mind that helps her solve puzzles quickly.","她有分析思维，能快速解决谜题。","source:ai-generated"
"ancestor","Many families can trace their history to a common ancestor.","许多家庭都能追溯到一位共同的祖先。","source:ai-generated"
"anchor","The ship's anchor kept it from drifting away.","船的锚防止了船只漂走。","source:ai-generated"
"and","We need to add and subtract numbers to solve the equation.","我们需要加减数字来解方程。","source:ai-generated"
"angel","The angel appeared to guide the lost child.","天使出现，引导迷路的孩子。","source:ai-generated"
"anger","His anger made him shout at the team.","他的愤怒使他对着球队大喊。","source:ai-generated"
"angle","He tried to angle his approach to win the customer's trust.","他试图从角度入手赢得顾客的信任。","source:ai-generated"
"angry","She felt angry after the argument with her brother.","她和哥哥吵架后感到生气。","source:ai-generated"
"animal","The animal escaped from the forest.","动物从森林中逃跑了。","source:ai-generated"
"ankle","He injured his ankle while playing soccer.","他在踢足球时扭伤了脚踝。","source:ai-generated"
"anniversary","Her birthday anniversary is next week.","她的生日下周就是周年纪念日。","source:ai-generated"
"announce","The company announced a new product launch next month.","公司宣布下个月将推出新产品。","source:ai-generated"
"announcer","The radio announcer introduced the guest.","广播员介绍了这位嘉宾。","source:ai-generated"
"annually","The company reports its annual financial results annually.","公司每年都会公布年度财务报告。","source:ai-generated"
"anode","In an electrochemical cell, the anode is the positive electrode.","在电解池中，阳极是正极。","source:ai-generated"
"another","I need another chance to prove myself.","我需要再试一次来证明自己。","source:ai-generated"
"answer","She gave a clear answer to the question.","她对这个问题给出了一个明确的回答。","source:ai-generated"
"ant","The ant is carrying food back to its nest.","蚂蚁正把食物带回巢穴。","source:ai-generated"
"antarctic","The Antarctic region is covered with ice.","南极地区被冰覆盖。","source:ai-generated"
"antenna","The radio antenna is very sensitive.","无线电天线非常灵敏。","source:ai-generated"
"antique","This antique chair is very valuable.","这件古董椅子非常有价值。","source:ai-generated"
"antisocial","He has an antisocial personality disorder.","他有反社会人格障碍。","source:ai-generated"
"anxious","She feels anxious about the upcoming exam.","她对即将到来的考试感到焦虑。","source:ai-generated"
"any","I need to find any solution to this problem.","我需要找到这个问题的任何解决方案。","source:ai-generated"
"anybody","Can you tell me who anybody is?","你能告诉我谁是任何人吗？","source:ai-generated"
"anyhow","We must act anyhow to save the situation.","我们必须无论如何来拯救局势。","source:ai-generated"
"anyone","She asked if anyone could help her.","她问是否有人能帮她。","source:ai-generated"
"anything","He has no idea what anything is.","他完全不知道任何事是什么。","source:ai-generated"
"anyway","We have to try anyway to succeed.","我们必须无论如何才能成功。","source:ai-generated"
"anywhere","He moved away from the house anywhere.","他从家里搬到了任何地方。","source:ai-generated"
"apart","The two parts are completely apart.","这两部分完全分离。","source:ai-generated"
"apologize","I apologize for my mistake.","我为我的错误道歉。","source:ai-generated"
"apparatus","The laboratory apparatus includes microscopes and centrifuges.","实验室的装置包括显微镜和离心机。","source:ai-generated"
"apparent","The sun is apparent in the morning sky.","太阳在早晨的天空中清晰可见。","source:ai-generated"
"appealing","The story has an appealing narrative.","这个故事有动人的叙事。","source:ai-generated"
"appear","The bird appeared in the garden this morning.","这只鸟今天早上出现在花园里。","source:ai-generated"
"appease","To appease the angry crowd, the mayor made concessions.","为了平息愤怒的群众，市长做出了让步。","source:ai-generated"
"appendix","The appendix is a small organ attached to the large intestine.","阑尾是连接大肠的一个小器官。","source:ai-generated"
"appetite","She has a strong appetite for reading.","她对阅读有很强的胃口。","source:ai-generated"
"applause","The audience gave a loud round of applause after the performance.","表演结束后，观众们发出一阵热烈的掌声。","source:ai-generated"
"apple","I picked a red apple from the tree.","我从树上摘了一个红苹果。","source:ai-generated"
"applicable","The policy is applicable to all citizens.","这项政策适用于所有公民。","source:ai-generated"
"appoint","The boss appointed him as the new manager.","老板任命他为新经理。","source:ai-generated"
"appointment","She has an important appointment with her doctor tomorrow.","她明天要和医生约一次重要的会面。","source:ai-generated"
"appraisal","The real estate agent gave an appraisal of the house.","房地产经纪人对房子进行了估价。","source:ai-generated"
"appraise","The expert appraised the antique vase.","专家对这尊古董花瓶进行了鉴定。","source:ai-generated"
"appreciable","The change in temperature is appreciable.","温度的变化是明显的。","source:ai-generated"
"appreciate","I appreciate your help with the project.","我欣赏你对这个项目的帮助。","source:ai-generated"
"appreciation","The appreciation of his work is well deserved.","他对这项工作的赞赏是当之无愧的。","source:ai-generated"
"approval","The approval of the committee was necessary for the project to proceed.","委员会的批准是项目继续进行的必要条件。","source:ai-generated"
"approximate","The approximate value of the number is 3.14.","这个数的近似值是3.14。","source:ai-generated"
"approximately","We can approximately calculate the area of the circle.","我们可以大致计算圆的面积。","source:ai-generated"
"april","April is the fourth month of the year.","四月是一年中的第四个月。","source:ai-generated"
"arabian","The Arabian Nights is a famous story collection.","《一千零一夜》是一部著名的故事集。","source:ai-generated"
"arc","The arc of the rainbow is a beautiful sight.","彩虹的弧线是一道美丽的景象。","source:ai-generated"
"arch","An arch is a common structural design in ancient buildings.","拱门是古代建筑中常见的结构设计。","source:ai-generated"
"architect","An architect is a professional who designs buildings.","建筑师是负责设计建筑物的专业人员。","source:ai-generated"
"architecture","Architecture is the branch of knowledge that studies building design and construction.","建筑学是研究建筑物设计和构造的学科。","source:ai-generated"
"arctic","The Arctic Circle is a circular region at 66.5 degrees latitude on Earth.","北极圈是地球表面纬度为66.5度的环形区域。","source:ai-generated"
"area","This open area is the largest available space in the park.","这片空地是公园里最大的开放区域。","source:ai-generated"
"argument","His argument lacks sufficient evidence to support it.","他的论点缺乏足够的论据支持。","source:ai-generated"
"arise","The problem arose and was resolved.","问题逐渐出现并解决。","source:ai-generated"
"arithmetic","Arithmetic is the basic knowledge of calculation in mathematics.","数学中的算术是基础的计算知识。","source:ai-generated"
"arm","He stretched his arm to reach the high shelf.","他伸出手臂去够高架子上的东西。","source:ai-generated"
"armor","The soldier wore heavy armor for protection.","士兵穿着厚重的盔甲以作保护。","source:ai-generated"
"army","The army marched through the forest.","军队穿过森林行军。","source:ai-generated"
"around","The children played around the park.","孩子们在公园周围玩耍。","source:ai-generated"
"arrival","The ship made a safe arrival at the port.","船只安全抵达港口。","source:ai-generated"
"arrive","She arrived at the station by 5 PM.","她下午5点到达车站。","source:ai-generated"
"arrow","The arrow shot from the bow.","箭从弓中射出。","source:ai-generated"
"art","Art is a broad field that includes painting and sculpture.","艺术是一个涵盖绘画和雕塑的广泛领域。","source:ai-generated"
"artery","The artery carries blood to the body's tissues.","动脉是身体中输送血液的血管。","source:ai-generated"
"article","He wrote an article on artificial intelligence.","他写了一篇关于人工智能的文章。","source:ai-generated"
"artillery","The army uses artillery for defense.","军队使用火炮进行防御。","source:ai-generated"
"artist","She is a famous artist.","她是一位著名的画家。","source:ai-generated"
"artistic","This painting is highly artistic.","这幅画具有极高的艺术性。","source:ai-generated"
"as","He completed the task as usual.","他以同样的方式完成任务。","source:ai-generated"
"ascend","The peak of the mountain requires ascending to reach.","山峰的顶峰需要攀登才能到达。","source:ai-generated"
"ascertain","The doctor needs to ascertain the patient's condition.","医生需要确定病人的病情。","source:ai-generated"
"ascribe","We ascribe the mistake to lack of experience.","将错误归因于缺乏经验","source:ai-generated"
"ash","The ash left after the fire.","燃烧后的灰烬","source:ai-generated"
"ashamed","She feels ashamed after her mistake.","感到羞愧","source:ai-generated"
"ashore","The boat is ashore after docking.","船停靠在岸边","source:ai-generated"
"asia","Asia is one of the largest continents in the world.","亚洲是世界上最大的大陆之一。","source:ai-generated"
"asian","He is an Asian from Japan.","他是一位亚洲人，来自日本。","source:ai-generated"
"aside","He whispered aside to his friend.","在角落里低语","source:ai-generated"
"ask","Ask the question clearly.","请回答问题","source:ai-generated"
"asleep","The baby is asleep, lying quietly.","宝宝已经睡着了，安静地躺着。","source:ai-generated"
"ass","The farmer led his ass along the narrow path.","农夫牵着驴沿着狭窄的小路前行。","source:ai-generated"
"assassinate","He decided to assassinate the traitor to protect the country.","他决定暗杀那个叛徒，以保护国家。","source:ai-generated"
"assassination","This assassination led to strong condemnation from the international community.","这次暗杀行动导致了国际社会的强烈谴责。","source:ai-generated"
"assault","The police assaulted the suspect with violence.","警察对嫌疑人进行了暴力袭击。","source:ai-generated"
"assembly","The company held an emergency assembly to discuss the new project.","公司召开了一次紧急会议，讨论新项目。","source:ai-generated"
"assert","He asserts that this theory is correct.","他坚持认为这个理论是正确的。","source:ai-generated"
"assertive","He speaks in an assertive manner.","他说话时显得过于自信。","source:ai-generated"
"assessment","The company conducted a financial assessment to evaluate the project's potential risks.","公司进行财务评估以评估项目潜在的风险。","source:ai-generated"
"assign","The teacher assigned each student a specific task for the upcoming project.","老师为每个学生分配了即将到来的项目中的具体任务。","source:ai-generated"
"assimilate","After months of study, the new species was assimilated into the scientific database.","经过数月的研究，这种新物种被纳入了科学数据库。","source:ai-generated"
"assimilation","The process of assimilation involves the gradual integration of different cultures.","同化过程涉及不同文化逐渐融合。","source:ai-generated"
"assist","She assisted her friend with the math homework after school.","放学后，她帮助朋友完成了数学作业。","source:ai-generated"
"assistant","The project manager is an assistant to the chief executive officer.","项目经理是首席执行官的助手。","source:ai-generated"
"assurance","The insurance policy provides financial assurance in case of unexpected events.","该保险政策在突发事件时提供财务保障。","source:ai-generated"
"astonish","The sudden news astonished everyone present at the meeting.","突如其来的消息让在会议中的人们感到惊讶。","source:ai-generated"
"astonishment","He was overwhelmed with astonishment when he heard the news.","他听到这个消息时感到极大的惊异。","source:ai-generated"
"astronaut","Astronauts undergo rigorous training before conducting space missions.","宇航员在太空中执行任务时需要严格训练。","source:ai-generated"
"astronomy","Astronomy is the science that studies celestial phenomena.","天文学是研究宇宙现象的科学。","source:ai-generated"
"at","The keys are at the front desk.","钥匙放在前台。","source:ai-generated"
"athletic","This athlete has excellent athletic abilities.","这位运动员拥有出色的运动能力。","source:ai-generated"
"atlantic","The Atlantic Ocean connects Europe and America.","大西洋是连接欧洲和美洲的重要海域。","source:ai-generated"
"atlas","This atlas contains detailed maps of all countries worldwide.","这本地图集包含了全球所有国家的详细地图。","source:ai-generated"
"atmospheric","Changes in atmospheric pressure affect the accuracy of weather forecasts.","大气压的变化会影响天气预报的准确性。","source:ai-generated"
"atom","An atom is the basic unit of matter.","原子是构成物质的基本单位。","source:ai-generated"
"atomic","Nuclear energy is the energy released in atomic reactions.","原子能是核反应中释放的能量。","source:ai-generated"
"attachment","The attachment of this software is a PDF file.","这个软件的附件是PDF文件。","source:ai-generated"
"attend","He attends school activities every day.","他每天参加学校的活动。","source:ai-generated"
"attendance","The attendance today is 30 people.","今天的出勤人数是30人。","source:ai-generated"
"attent","The guard remained attent to every movement in the hall.","警卫留意着大厅里的每一个动静。","source:ai-generated"
"attention","Please pay attention to complete this task.","请集中注意力完成这项任务。","source:ai-generated"
"attentive","She is very attentive to details and always pays close attention.","她对细节非常有耐心，总是很细心。","source:ai-generated"
"attorney","He hired an attorney to handle the divorce case.","他请了一位律师来处理离婚案件。","source:ai-generated"
"attraction","The city's beautiful attractions are the most appealing places for tourists.","这个城市的美丽景点是游客最吸引人的地方。","source:ai-generated"
"augment","To increase sales, the company decided to augment its advertising budget.","为了提高销售额，公司决定增加广告预算。","source:ai-generated"
"august","August is the rainy season in Australia.","八月是澳大利亚的雨季。","source:ai-generated"
"aunt","My aunt came to visit us today.","我的姑妈今天来探望我们了。","source:ai-generated"
"aural","He perceives sound through his aural senses.","他通过听觉来感知声音。","source:ai-generated"
"australia","Australia is the largest continent in the Southern Hemisphere.","澳大利亚是南半球最大的大陆。","source:ai-generated"
"australian","Australian people enjoy sunbathing on the beach.","澳大利亚人喜欢在海滩上晒太阳。","source:ai-generated"
"authoritative","The government's policies are authoritative, so they are widely accepted.","这个政府的政策具有权威性，因此被广泛接受。","source:ai-generated"
"authorize","The company needs to authorize the manager to approve the budget for new projects.","公司需要授权经理批准新项目的预算。","source:ai-generated"
"auto","He drove an auto to work.","他开了一辆汽车去上班。","source:ai-generated"
"automate","The factory automates production to improve efficiency.","工厂通过自动化技术提高了生产效率。","source:ai-generated"
"automatic","The automatic door opens when someone approaches.","自动门在有人靠近时会打开。","source:ai-generated"
"automation","Automation systems can reduce manual operations.","自动化系统可以减少人工操作。","source:ai-generated"
"automobile","He bought an automobile as his daily mode of transportation.","他买了一辆汽车作为日常交通工具。","source:ai-generated"
"autonomous","The island's ecosystem is autonomous.","这个岛屿的生态系统是自给自足的。","source:ai-generated"
"autonomy","This country has high autonomy.","这个国家拥有高度的自治权。","source:ai-generated"
"autumn","Autumn is the season of harvest.","秋天是收获的季节。","source:ai-generated"
"auxiliary","This tool is an auxiliary device.","这个工具是辅助设备。","source:ai-generated"
"availability","The availability of this service is high.","这个服务的可用性很高。","source:ai-generated"
"avenue","This avenue is very wide.","这条林荫路很宽敞。","source:ai-generated"
"average","The average temperature is 20 degrees Celsius.","平均气温是20摄氏度。","source:ai-generated"
"avert","He averted the danger.","他避免了危险。","source:ai-generated"
"await","We are awaiting the results.","我们正在等待结果。","source:ai-generated"
"awake","He was awake when he woke up.","他醒来时已经很困了。","source:ai-generated"
"away","She hurried away from home.","她匆忙地离开了家。","source:ai-generated"
"awful","The movie is awful.","这个电影太可怕了。","source:ai-generated"
"awfully","The weather is awfully bad.","这个天气太糟糕了。","source:ai-generated"
"ax","He used an ax to cut down the tree.","他用斧头砍掉了树。","source:ai-generated"
"axial","The axial structure is complex.","这个轴向的结构很复杂。","source:ai-generated"
"axle","The axle is a critical component of a car.","汽车的车轴是关键部件。","source:ai-generated"
"baby","Baby needs a lot of sleep.","婴儿需要大量的睡眠。","source:ai-generated"
"bachelor","He is a bachelor looking for a partner.","他是一名单身汉，正在寻找自己的另一半。","source:ai-generated"
"back","He pushed the chair back to make space for the guests.","他把椅子往后推，让出空间给客人。","source:ai-generated"
"backbone","The core team is the backbone of the company.","公司的核心团队是公司的脊梁。","source:ai-generated"
"backward","He walked backward to avoid a conflict.","他沿着相反的方向走，避免与人发生冲突。","source:ai-generated"
"bacon","He likes to eat bacon with scrambled eggs for breakfast.","早餐时，他喜欢用熏猪肉搭配煎蛋。","source:ai-generated"
"bacterium","This bacterium can cause severe skin infections.","这种细菌会导致严重的皮肤感染。","source:ai-generated"
"bad","The weather is bad, so we decided to cancel the outdoor activities.","天气很糟糕，我们决定取消户外活动。","source:ai-generated"
"badge","He wears a red badge as an identity proof.","他佩戴着一枚红色徽章作为身份证明。","source:ai-generated"
"badly","He spoke very badly.","他说话声音很糟糕，但表达得很糟糕。","source:ai-generated"
"badminton","Badminton is a popular ball game.","羽毛球是一项流行的球类运动。","source:ai-generated"
"baffle","This problem baffles me completely.","这个问题太难了，我完全被难住了。","source:ai-generated"
"bag","I put all the fruits in the bag.","我用袋子装满了水果。","source:ai-generated"
"baggage","When traveling, don't bring unnecessary baggage.","旅行时，不要带上不必要的行李。","source:ai-generated"
"bait","He uses bait to attract fish.","他用鱼饵来吸引鱼。","source:ai-generated"
"bake","She bakes the bread golden.","她把面包烤得金黄。","source:ai-generated"
"balance","We need to keep our balance.","我们需要保持身体的平衡。","source:ai-generated"
"balcony","The balcony is a common outdoor space in a house.","阳台是家庭中常见的户外空间。","source:ai-generated"
"bald","He became bald due to hair loss.","他因为脱发而变得秃头。","source:ai-generated"
"ball","He plays ping pong with a ball.","他用球拍打乒乓球。","source:ai-generated"
"balloon","Children release balloons at a birthday party.","孩子们在生日派对上放气球。","source:ai-generated"
"ballot","He filled out the ballot when voting.","投票时，他填写了选票。","source:ai-generated"
"ban","The government banned this behavior.","政府禁止了这种行为。","source:ai-generated"
"banana","I bought a banana.","我买了一根香蕉。","source:ai-generated"
"bandit","He is a bandit who operates in the mountains.","他是一名在山区活动的强盗。","source:ai-generated"
"bang","He gave a loud bang by hitting the table hard.","他用力一敲，发出砰的一声巨响。","source:ai-generated"
"bank","The bank of the river was washed away by the heavy rain.","河岸的堤坝在暴雨中被冲垮了。","source:ai-generated"
"banker","A banker handles large amounts of customer funds every day.","银行家每天要处理大量客户资金。","source:ai-generated"
"bankrupt","The company went bankrupt due to excessive debt.","公司因债务过多而破产了。","source:ai-generated"
"bankruptcy","Bankruptcy is the legal status where a company cannot repay its debts.","破产是公司无法偿还债务的法律状态。","source:ai-generated"
"banner","The red banner fluttered in the street.","红色的横幅在街头飘扬。","source:ai-generated"
"banquet","They held a grand banquet to welcome their guests.","他们举办了一场盛大的晚宴招待客人。","source:ai-generated"
"bar","The bar at the entrance was blocked by a high barrier.","酒吧的门被一堵高大的障碍物挡住。","source:ai-generated"
"barber","He went to the barber shop to get his hair cut.","他去理发店剪了头发。","source:ai-generated"
"bare","He stood bare in the middle of the room.","他赤裸着身体站在那里。","source:ai-generated"
"barge","He barged goods across the river by boat.","他用船运输货物。","source:ai-generated"
"bark","The dog barked loudly at the stranger.","狗在吠叫。","source:ai-generated"
"barley","Barley is the main ingredient in beer production.","大麦是制作啤酒的主要原料。","source:ai-generated"
"barn","The barn was filled with dry hay.","谷仓里堆满了干草。","source:ai-generated"
"barometer","The barometer shows that it will rain today.","气压计显示今天会下雨。","source:ai-generated"
"baron","He is a baron.","他是一位男爵。","source:ai-generated"
"barrel","He filled a barrel with water.","他用桶装了水。","source:ai-generated"
"barren","This land is barren.","这片土地非常贫瘠。","source:ai-generated"
"barricade","They barricaded the road with wooden barriers.","他们用木头搭建了路障。","source:ai-generated"
"base","The base of this building is concrete.","这座建筑的底部是混凝土。","source:ai-generated"
"baseball","He likes to play baseball.","他喜欢打棒球。","source:ai-generated"
"basement","The basement is cold.","地下室里很冷。","source:ai-generated"
"basic","This is a basic mathematical principle.","这是基本的数学原理。","source:ai-generated"
"basically","Basically, this plan is feasible.","基本上，这个计划可行。","source:ai-generated"
"basin","This basin is used for washing dishes.","这个水槽是洗碗用的盆","source:ai-generated"
"basket","I put fruits into the basket.","我用篮子装了水果","source:ai-generated"
"basketball","He likes playing basketball.","他喜欢打篮球","source:ai-generated"
"bat","Bats fly at night.","蝙蝠在晚上飞","source:ai-generated"
"bath","He takes a bath every day.","他每天洗澡","source:ai-generated"
"bathe","She bathes in the bathtub every day.","她每天在浴缸里洗澡","source:ai-generated"
"bathroom","We went to the bathroom.","我们去洗手间了","source:ai-generated"
"battery","The phone needs a battery to power.","手机需要电池供电","source:ai-generated"
"battle","In the battle, both armies engaged in fierce combat.","这场战役中，双方军队展开了激烈的战斗。","source:ai-generated"
"bay","The dog barked a low sound in the bay.","狗在海湾里发出低沉的吠叫声。","source:ai-generated"
"bazaar","The bazaar was bustling with people and goods.","集市上人声鼎沸，商品琳琅满目。","source:ai-generated"
"be","He is now the leader of the team.","他现在是这个团队的领导者。","source:ai-generated"
"beach","Under the sunset, footprints were left on the beach.","夕阳下，金色的沙滩上留下了一串脚印。","source:ai-generated"
"bead","She strung beads to make a necklace.","她用珠子串成了一串项链。","source:ai-generated"
"bean","Beans are common vegetables.","豆子是常见的蔬菜之一。","source:ai-generated"
"bear","This bear is strolling leisurely in the forest.","这只熊在森林里悠闲地散步。","source:ai-generated"
"beard","He has a thick beard.","他脸上长着浓密的胡须。","source:ai-generated"
"bearing","His bearing is elegant.","他的举止很优雅。","source:ai-generated"
"beast","This beast is extremely fierce.","这只野兽凶猛无比。","source:ai-generated"
"beat","He feels his heart beating.","他感到心跳加速。","source:ai-generated"
"beautiful","This flower is beautiful.","这朵花非常美丽。","source:ai-generated"
"beauty","She is a beauty.","她是一位美丽的女子。","source:ai-generated"
"because","He was late because of traffic congestion.","他迟到是因为交通堵塞。","source:ai-generated"
"become","He gradually became confident.","他逐渐变得自信。","source:ai-generated"
"bed","A bed is a place to sleep.","床是睡觉的地方。","source:ai-generated"
"bee","Bees are busy collecting nectar in the flower fields.","蜜蜂在花丛中忙碌地采蜜。","source:ai-generated"
"beef","Beef is a common source of protein in daily diets.","牛肉是日常饮食中常见的蛋白质来源","source:ai-generated"
"beer","He likes to drink cold beer.","他喜欢喝冰镇啤酒。","source:ai-generated"
"beetle","A beetle quickly crawls across the grass.","甲虫在草地上快速爬行。","source:ai-generated"
"before","Before starting work, I need to prepare materials.","在开始工作之前，我需要准备材料。","source:ai-generated"
"beg","He begged for food from his neighbor.","他向邻居乞求食物。","source:ai-generated"
"beggar","He is a beggar with ragged clothes.","他是个衣衫褴褛的乞丐。","source:ai-generated"
"begin","I decide to begin learning new skills today.","我决定从今天开始学习新技能。","source:ai-generated"
"beginner","He is a beginner in programming.","他是一名编程新手，属于初学者。","source:ai-generated"
"beginning","This book is about the beginning of mathematics.","这本书是关于数学入门的。","source:ai-generated"
"behalf","The company acts on behalf of its customers.","公司代表客户利益行事。","source:ai-generated"
"behind","He stands behind me.","他站在我的后面。","source:ai-generated"
"being","Being is the essence of life.","生命是存在的本质。","source:ai-generated"
"belief","She has a strong belief in the future.","她对未来的信念非常坚定。","source:ai-generated"
"believe","I believe tomorrow will be better.","我相信明天会更好。","source:ai-generated"
"bell","The bell rang.","铃声响起","source:ai-generated"
"belong","This belongs to him.","这属于他","source:ai-generated"
"beloved","She is my beloved.","她是我最心爱的人","source:ai-generated"
"below","The house is built below the riverbed.","房子建在河床下方。","source:ai-generated"
"belt","He tied the belt around his waist.","他系上腰带。","source:ai-generated"
"bench","There is a bench in the park for people to rest.","公园里有长椅供人休息。","source:ai-generated"
"bend","The wire was bent into a U-shape.","铁丝被弯成一个U形。","source:ai-generated"
"beneath","The tree roots extend beneath the soil.","树根在土壤下方延伸。","source:ai-generated"
"beneficiary","He is the beneficiary of this charity project.","他是这个慈善项目的受益人。","source:ai-generated"
"benign","The doctor said this tumor is benign.","医生说这种肿瘤是良性的。","source:ai-generated"
"berry","Strawberries are a common type of berry.","草莓是一种常见的浆果。","source:ai-generated"
"beside","The book is beside the table.","书放在桌子旁边。","source:ai-generated"
"besides","Besides the book, there is also something else.","除了书，还有其他东西。","source:ai-generated"
"best","He is my best friend.","他是我最好的朋友。","source:ai-generated"
"bestow","The teacher bestowed an award on the student.","老师授予了学生一个奖项。","source:ai-generated"
"bet","He bet 100 yuan.","他下注了100元。","source:ai-generated"
"better","This plan is better than the previous one.","这个方案比之前的更优。","source:ai-generated"
"between","He stands between his two friends.","他站在两个朋友之间。","source:ai-generated"
"beware","Beware of being tricked by the trap.","小心，别被陷阱骗了。","source:ai-generated"
"bewilder","The problem bewildered him with its complexity.","这个问题太复杂，让他感到困惑。","source:ai-generated"
"bias","His viewpoint has a clear bias.","他的观点存在明显的偏见。","source:ai-generated"
"biased","She is biased about this topic.","她对这个话题有偏见。","source:ai-generated"
"bible","Christians usually read the Bible.","基督徒通常会阅读圣经。","source:ai-generated"
"bicycle","He rides his bicycle to school.","他骑着自行车去学校。","source:ai-generated"
"bid","The bid was the highest among all the competitors.","在所有竞争对手中，这个出价是最高的。","source:ai-generated"
"big","The big house was sold last week.","那座大房子上周被卖掉了。","source:ai-generated"
"bike","I borrowed my bike from the garage.","我从车库借了自行车。","source:ai-generated"
"bill","The bill was paid with cash.","账单用现金付了。","source:ai-generated"
"billion","The company's annual revenue reached 10 billion dollars.","该公司的年收入达到10十亿美元。","source:ai-generated"
"bind","The doctor bound the wound with a clean cloth.","医生用干净的布条包扎了伤口。","source:ai-generated"
"biography","The biography of the famous scientist was published last week.","这位著名科学家的传记上周出版了。","source:ai-generated"
"biology","The biology student studied hard.","生物学学生学习很努力。","source:ai-generated"
"biotech","The biotech company developed a new vaccine for cancer.","这家生物技术公司开发了一种癌症新疫苗。","source:ai-generated"
"bird","Birds fly in the sky.","鸟儿在天空中飞翔。","source:ai-generated"
"birth","The birth of the baby was a joyful event.","婴儿的出生是一个欢乐的事件。","source:ai-generated"
"birthday","She celebrates her birthday with family and friends.","她和家人朋友一起庆祝生日。","source:ai-generated"
"biscuit","He ate a biscuit for breakfast.","他早餐时吃了一块饼干。","source:ai-generated"
"bishop","The bishop moves diagonally on the chessboard.","主教在棋盘上沿对角线移动。","source:ai-generated"
"bit","The bit of information is crucial for the system.","这条信息对系统至关重要。","source:ai-generated"
"bite","The dog bit the man's hand.","狗咬了男人的手。","source:ai-generated"
"bitter","The coffee tastes bitter.","咖啡味道苦。","source:ai-generated"
"bitterly","She complained bitterly about the unfair treatment.","她对不公平的待遇抱怨得非常痛苦。","source:ai-generated"
"bitterness","His bitterness over the loss was evident.","他对失去的怨恨很明显。","source:ai-generated"
"black","The sky is black after a storm.","暴风雨过后天空是黑色的。","source:ai-generated"
"blackboard","The teacher used the blackboard to write the lesson.","老师用黑板写课。","source:ai-generated"
"blacksmith","The blacksmith forged a new sword.","铁匠打造了一把新剑。","source:ai-generated"
"blade","The sharp blade cut through the paper.","锋利的刀片切开了纸。","source:ai-generated"
"blame","He blamed the failure on poor planning.","他把失败归咎于计划不当。","source:ai-generated"
"blanket","She wrapped herself in a warm blanket.","她裹着一条暖和的毛毯。","source:ai-generated"
"blast","The explosion caused a blast wave.","爆炸引发了冲击波。","source:ai-generated"
"bleach","He used bleach to clean the white clothes.","他用漂白剂清洗白色衣物。","source:ai-generated"
"bleak","The weather was bleak and cold.","天气阴冷而萧瑟。","source:ai-generated"
"blend","Mixing the ingredients creates a smooth blend.","将原料混合后可得到顺滑的混合物。","source:ai-generated"
"bless","The priest blessed the children with holy water.","神父用圣水祝福了孩子们。","source:ai-generated"
"blind","He was blind to the dangers around him.","他忽视了周围潜在的危险。","source:ai-generated"
"block","The road was blocked by a fallen tree.","道路被倒下的树挡住了。","source:ai-generated"
"blond","She has a blond hair that shines in the sunlight.","她的金发在阳光下闪闪发光。","source:ai-generated"
"blood","The blood from the wound started to flow slowly.","伤口流出的血慢慢流着。","source:ai-generated"
"bloom","The roses bloomed beautifully in the garden.","花园里的玫瑰开得非常美丽。","source:ai-generated"
"blouse","She wore a red blouse to the party.","她去派对时穿了一件红色的上衣。","source:ai-generated"
"blow","The wind blew the leaves off the tree.","风把树叶吹落了。","source:ai-generated"
"blue","The sky is a deep blue color.","天空是深蓝色的。","source:ai-generated"
"blunder","He made a big blunder during the presentation.","他在演讲中犯了一个大错误。","source:ai-generated"
"bluntly","He spoke bluntly about the problem.","他直截了当地谈到了这个问题。","source:ai-generated"
"blur","The rain blurred the windows.","雨让窗户变得模糊了。","source:ai-generated"
"blush","She blushed when she saw him.","她看到他时脸红了。","source:ai-generated"
"board","He boarded the ship at the port.","他在港口登船了。","source:ai-generated"
"boast","He boasts about his achievements.","他夸耀自己的成就。","source:ai-generated"
"boat","We took a boat to the island.","我们乘船去小岛。","source:ai-generated"
"body","The body of the car is made of metal.","汽车的车身是金属做的。","source:ai-generated"
"boil","The water boiled quickly.","水很快沸腾了。","source:ai-generated"
"boiler","The boiler in the kitchen is old.","厨房里的锅炉很旧了。","source:ai-generated"
"bold","Please print the title in bold so it stands out.","请把标题用粗体打印出来，让它更醒目。","source:ai-generated"
"bolt","He quickly bolted the door shut with a loud click.","他迅速把门闩上，发出一声响亮的咔嗒声。","source:ai-generated"
"bomb","The military dropped a bomb on the enemy's base.","军队在敌方基地投下炸弹。","source:ai-generated"
"bond","The bond between friends is unbreakable.","朋友之间的纽带坚不可摧。","source:ai-generated"
"bone","The child carefully removed the bone from the meat.","孩子仔细地从肉里取出骨头。","source:ai-generated"
"bonus","The employee received a bonus for his exceptional performance.","由于表现卓越，这位员工获得了奖金。","source:ai-generated"
"book","She booked a ticket for the concert online.","她在网上预订了音乐会的门票。","source:ai-generated"
"boost","The new policy will boost economic growth significantly.","新政策将显著促进经济增长。","source:ai-generated"
"boot","He wore a leather boot for the hike.","他徒步时穿了双皮靴。","source:ai-generated"
"bore","The hole was too small for the drill to bore through.","钻头无法钻通这个孔。","source:ai-generated"
"born","She was born in a small village.","她出生在一个小村庄。","source:ai-generated"
"borrow","Can you borrow me a pen for the meeting?","会议时你能借我一支笔吗？","source:ai-generated"
"bosom","The bosom of the mountain is where the water flows.","山的腹地是水流的地方。","source:ai-generated"
"boss","My boss gave me a new project to work on.","我的老板给我了一个新项目让我做。","source:ai-generated"
"both","I need both the keys and the wallet.","我需要钥匙和钱包。","source:ai-generated"
"bother","Don't bother me with your problems.","别烦我你的问题。","source:ai-generated"
"bottle","She filled the bottle with water.","她把水装进瓶子。","source:ai-generated"
"bottom","The bottom of the boat is damaged.","船底受损了。","source:ai-generated"
"bough","The bough broke under the weight of the snow.","树枝在积雪的重压下断裂了。","source:ai-generated"
"boundary","The boundary between the two countries is clearly marked.","两国之间的边界清晰标示。","source:ai-generated"
"bourgeois","The bourgeois lifestyle is often criticized for its materialism.","中产阶级的生活方式常因其物质主义而受到批评。","source:ai-generated"
"bow","He bowed his head in respect.","他低头以示尊敬。","source:ai-generated"
"bowel","The bowel infection caused severe abdominal pain.","肠道感染导致剧烈的腹痛。","source:ai-generated"
"bowl","She used a bowl to serve the soup.","她用碗盛汤。","source:ai-generated"
"box","She placed the toys in the box.","她把玩具放进盒子里。","source:ai-generated"
"boy","The boy ran quickly to catch the ball.","男孩快速跑过去接球。","source:ai-generated"
"boycott","The company decided to boycott the product due to safety concerns.","由于安全问题，公司决定抵制该产品。","source:ai-generated"
"brace","The brace supports the broken arm.","这个夹板支撑着断臂。","source:ai-generated"
"bracket","The function uses a bracket to define the range of values.","该函数使用括号来定义值的范围。","source:ai-generated"
"brain","The brain processes information from the senses.","大脑处理来自感官的信息。","source:ai-generated"
"brake","The car's brake system stops the vehicle safely.","汽车的刹车系统能安全地使车辆停下。","source:ai-generated"
"branch","The river has many branches flowing into the main river.","河流有许多支流汇入主河道。","source:ai-generated"
"brandy","He drank a glass of brandy after dinner.","晚餐后，他喝了一杯白兰地。","source:ai-generated"
"brass","The brass instruments in the orchestra make a bright sound.","管弦乐队中的黄铜乐器发出清脆的声音。","source:ai-generated"
"brave","She is a brave person who faces challenges without fear.","她是一个勇敢的人，面对挑战时从不畏惧。","source:ai-generated"
"breach","The agreement was breached when the company failed to deliver on time.","当公司未能按时交货时，协议就被违反了。","source:ai-generated"
"bread","He ate bread with butter for breakfast.","他早餐时吃了涂了黄油的面包。","source:ai-generated"
"breadth","The width of the river is 500 meters in breadth.","这条河的宽度为500米。","source:ai-generated"
"break","The glass broke when it fell from the table.","当玻璃从桌子上掉下来时，它就碎了。","source:ai-generated"
"breakfast","I usually have breakfast at 7 o'clock in the morning.","我通常早上7点吃早餐。","source:ai-generated"
"breakthrough","The team achieved a major breakthrough in the research project.","团队在研究项目中取得了重大突破。","source:ai-generated"
"breast","She felt comfortable wearing the dress that covered her breast.","她穿着覆盖胸部的连衣裙感到很舒适。","source:ai-generated"
"breath","He took a deep breath before speaking.","他说话前深吸了一口气。","source:ai-generated"
"breathe","The baby learned to breathe on its own after birth.","婴儿出生后学会了自主呼吸。","source:ai-generated"
"breed","The farmer breeds chickens to produce eggs.","农民饲养鸡来产蛋。","source:ai-generated"
"breeze","The breeze carried the scent of flowers from the garden.","微风带来了花园里的花香。","source:ai-generated"
"brew","The chef is brewing a special coffee for the guests.","厨师正在为客人泡一杯特制的咖啡。","source:ai-generated"
"brick","He used bricks to build a small wall in the backyard.","他用砖块在后院砌了一堵小墙。","source:ai-generated"
"bridegroom","The bridegroom wore a formal suit to the wedding ceremony.","新郎穿着正式西装参加婚礼仪式。","source:ai-generated"
"bridge","The bridge spans the river connecting two towns.","这座桥横跨河流，连接两个城镇。","source:ai-generated"
"bridle","The horse was controlled by the bridle.","马被马勒控制。","source:ai-generated"
"bright","The sun was bright this morning.","今天早上太阳很明亮。","source:ai-generated"
"brighten","The smile brightened her mood.","笑容使她的心情变得愉快。","source:ai-generated"
"brightness","The brightness of the moonlight was gentle.","月光的亮度很柔和。","source:ai-generated"
"brim","The brim of the hat was wide and protective.","帽子的边缘很宽，起到保护作用。","source:ai-generated"
"bring","She brought the book to the library.","她把书带到了图书馆。","source:ai-generated"
"bristle","The cat's fur bristles when it's scared.","猫被吓到时毛发竖起。","source:ai-generated"
"britain","London is the capital of Britain.","伦敦是英国的首都。","source:ai-generated"
"british","She speaks with a British accent.","她说话带有英国口音。","source:ai-generated"
"brittle","The glass is brittle and breaks easily.","这种玻璃很脆，很容易碎。","source:ai-generated"
"broad","The river has a broad riverbed.","这条河的河床很宽。","source:ai-generated"
"broadcast","The radio station broadcasts news every hour.","广播电台每小时播报新闻。","source:ai-generated"
"broaden","He broadened his knowledge by reading books.","他通过读书来拓宽知识。","source:ai-generated"
"broken","The phone is broken and doesn't work.","手机坏了，无法使用。","source:ai-generated"
"brood","The hen brooded over her eggs until they hatched.","母鸡一直孵着蛋直到它们孵化。","source:ai-generated"
"brook","The stream flows through a brook that's fed by melting snow.","一条小溪流经由融雪滋养的小溪。","source:ai-generated"
"broom","She used a broom to sweep the floor after dinner.","晚饭后，她用扫帚扫了地板。","source:ai-generated"
"brother","My brother is studying engineering at university.","我哥哥正在大学学习工程。","source:ai-generated"
"brow","He frowned because his brow was furrowed with worry.","他因为眉头紧锁而显得忧心忡忡。","source:ai-generated"
"brown","The earthy color of the soil is brown.","土壤呈现出褐色。","source:ai-generated"
"browse","The cat browsed through the leaves in the garden.","猫在花园里浏览着树叶。","source:ai-generated"
"bruise","After falling off the bike, he got a bruise on his knee.","他从自行车上摔下来后，膝盖上出现了一处淤青。","source:ai-generated"
"brush","She used a brush to paint the picture.","她用刷子画画。","source:ai-generated"
"brute","He is a brute who always lies.","他是个总是说谎的畜生。","source:ai-generated"
"bubble","The water began to bubble when heated.","水被加热后开始冒泡。","source:ai-generated"
"bucket","He filled a bucket with water from the well.","他从井里装了一桶水。","source:ai-generated"
"buddhism","Buddhism is a major religion in Southeast Asia.","佛教是东南亚的主要宗教。","source:ai-generated"
"buffalo","The buffalo is a large animal found in grasslands.","水牛是草原上常见的大型动物。","source:ai-generated"
"bugle","The bugle sounded the alarm at dawn.","凌晨的号角响了警报。","source:ai-generated"
"build","They built a house on the hillside.","他们在山坡上建了一座房子。","source:ai-generated"
"building","The new building has a modern design.","这座新建筑采用了现代设计。","source:ai-generated"
"bulb","The light bulb is a common household item.","电灯泡是家庭中常见的物品。","source:ai-generated"
"bulk","The bulk of the population lives in cities.","大多数人口居住在城市中。","source:ai-generated"
"bullet","He fired a bullet at the target.","他向目标开了一枪。","source:ai-generated"
"bulletin","The bulletin board displays the latest news.","公告栏显示最新消息。","source:ai-generated"
"bump","She bumped into a friend while walking.","她走路时撞到了朋友。","source:ai-generated"
"bunch","He picked a bunch of grapes from the vine.","他从藤上摘了一串葡萄。","source:ai-generated"
"bundle","She bundled her clothes into a bundle.","她把衣服捆成一束。","source:ai-generated"
"bureau","The government bureau handles all official paperwork.","政府局处理所有官方文件。","source:ai-generated"
"burglar","The burglar broke into the house at night.","小偷在夜间撬开了房子。","source:ai-generated"
"burial","The burial ceremony was held in the cemetery.","葬礼在墓地举行。","source:ai-generated"
"burn","The fire burned the house down.","火灾烧毁了房子。","source:ai-generated"
"burner","The gas burner is used for cooking.","燃气炉用于烹饪。","source:ai-generated"
"burst","The water burst through the dam.","水从大坝中冲出。","source:ai-generated"
"bury","She buried the treasure under the garden.","她把宝藏埋在花园下面。","source:ai-generated"
"bus","The bus stops at the main street.","公交车在主干道停靠。","source:ai-generated"
"bush","The bush was covered with tall grass.","灌木丛长满了高草。","source:ai-generated"
"bushel","A bushel of wheat weighs about 12.5 kilograms.","一蒲式耳小麦约重12.5公斤。","source:ai-generated"
"business","She started a new business last week.","她上周开了新公司。","source:ai-generated"
"bust","The bust of Shakespeare is in the museum.","莎士比亚的半身像在博物馆里。","source:ai-generated"
"busy","He is busy preparing for the exam.","他正忙着准备考试。","source:ai-generated"
"but","I want to go, but I have to stay home.","我想去，但得待在家里。","source:ai-generated"
"butcher","The butcher sold fresh meat at the market.","肉贩子在市场卖新鲜肉。","source:ai-generated"
"butt","He hit me on the butt with a stick.","他用棍子打我的屁股。","source:ai-generated"
"butter","She spread butter on her toast.","她把黄油涂在吐司上。","source:ai-generated"
"butterfly","The butterfly fluttered gently in the sun.","蝴蝶在阳光下轻轻飞舞。","source:ai-generated"
"button","He buttoned his shirt carefully.","他仔细地扣上衬衫的纽扣。","source:ai-generated"
"buy","I bought a new book yesterday.","我昨天买了一本新书。","source:ai-generated"
"by","The cat ran by the garden.","猫从花园旁跑过。","source:ai-generated"
"by-product","The factory produces a by-product of plastic.","这家工厂生产塑料作为副产品。","source:ai-generated"
"bypass","We need to bypass the traffic jam.","我们需要绕过交通堵塞。","source:ai-generated"
"cabbage","She added cabbage to her salad.","她在沙拉中加入了卷心菜。","source:ai-generated"
"cable","The underwater cable connects the two cities.","这条海底电缆连接了两个城市。","source:ai-generated"
"cafe","I often go to the cafe for a quick coffee.","我经常去咖啡馆快速喝一杯咖啡。","source:ai-generated"
"cage","The bird is kept in a small cage.","这只鸟被关在一个小笼子里。","source:ai-generated"
"cake","She made a chocolate cake for her birthday.","她为自己的生日做了一块巧克力蛋糕。","source:ai-generated"
"calcium","Calcium is essential for strong bones.","钙对强健的骨骼至关重要。","source:ai-generated"
"calculate","We need to calculate the total cost of the project.","我们需要计算这个项目的总成本。","source:ai-generated"
"calculation","The calculation of the numbers took a long time.","这些数字的计算花了很长时间。","source:ai-generated"
"calculator","He uses a calculator to do his math homework.","他用计算器做数学作业。","source:ai-generated"
"calculus","She studied calculus to understand the complex physics equations.","她学习微积分以理解复杂的物理方程。","source:ai-generated"
"calendar","He checked the calendar to find his birthday.","他查看日历以找到自己的生日。","source:ai-generated"
"calibration","The engineer performed calibration on the sensor to ensure accuracy.","工程师对传感器进行校准以确保准确性。","source:ai-generated"
"call","Please call me when you arrive at the station.","请在到达车站时给我打电话。","source:ai-generated"
"calm","The storm calmed down quickly after the rain stopped.","雨停后，风暴很快平静下来。","source:ai-generated"
"camel","The camel carried the heavy load across the desert.","骆驼在沙漠中驮着重物前行。","source:ai-generated"
"camera","She used the camera to take pictures of the sunset.","她用相机拍摄日落的照片。","source:ai-generated"
"camp","They set up camp near the river for the night.","他们在河边扎营过夜。","source:ai-generated"
"campaign","The military campaign lasted for three weeks.","这场军事战役持续了三周。","source:ai-generated"
"campus","Students often gather on the campus during lunchtime.","午餐时间，学生们经常在校园里聚集。","source:ai-generated"
"can","We can store food in cans to keep it fresh.","我们可以把食物装在罐子里以保持新鲜。","source:ai-generated"
"canada","Canada is a country in North America.","加拿大是北美洲的一个国家。","source:ai-generated"
"canadian","She is a Canadian citizen.","她是加拿大公民。","source:ai-generated"
"canal","The Suez Canal connects the Mediterranean Sea to the Red Sea.","苏伊士运河连接地中海和红海。","source:ai-generated"
"candle","He used a candle to light the room.","他用蜡烛来照明房间。","source:ai-generated"
"candy","She likes to eat candy after dinner.","她喜欢晚饭后吃糖果。","source:ai-generated"
"canoe","She paddled the canoe through the calm lake.","她划着平静的湖面独木舟","source:ai-generated"
"canon","The church canon requires members to attend weekly services.","教会法规要求成员每周参加服务","source:ai-generated"
"canteen","The soldiers used the canteen to drink water during the march.","士兵们在行军中用军用饮水壶喝水","source:ai-generated"
"canvas","The artist painted a landscape on the canvas.","艺术家在画布上画了一幅风景画","source:ai-generated"
"cap","He put on his cap to show respect.","他戴上帽子以示尊重","source:ai-generated"
"capability","The new technology has improved the system's capability.","新技术提高了系统的性能","source:ai-generated"
"capacitance","The capacitor's capacitance affects the circuit's performance.","电容器的电容影响电路的性能","source:ai-generated"
"capacitor","The circuit uses a capacitor to store electrical energy.","该电路使用电容器来存储电能","source:ai-generated"
"cape","The rocky cape juts out into the ocean.","岩石岬角伸入海洋","source:ai-generated"
"capital","Paris is the capital of France.","巴黎是法国的首都","source:ai-generated"
"captain","The captain led the team to victory.","船长带领球队赢得胜利","source:ai-generated"
"caption","The caption above the image explains the scene.","图片上方的标题解释了场景","source:ai-generated"
"capture","The police captured the suspect at dawn.","警察在黎明时分抓获了嫌疑人","source:ai-generated"
"car","She drives a red car every day.","她每天开一辆红色的汽车","source:ai-generated"
"carbon","Carbon dioxide is a greenhouse gas.","二氧化碳是一种温室气体","source:ai-generated"
"card","He placed the business card on the table.","他把名片放在桌上","source:ai-generated"
"cardinal","The cardinal wore a bright red robe during the ceremony.","红衣主教在仪式上穿着鲜红色的长袍。","source:ai-generated"
"care","She showed care for her elderly mother by helping her with daily tasks.","她通过帮助母亲完成日常事务来照顾年迈的母亲。","source:ai-generated"
"career","After years of hard work, she built a successful career in education.","经过多年的努力，她在教育领域建立了一段成功的事业。","source:ai-generated"
"careful","He is careful when handling delicate instruments.","他处理精密仪器时非常小心。","source:ai-generated"
"careless","She was careless and left her keys on the table.","她粗心大意，把钥匙留在了桌子上。","source:ai-generated"
"cargo","The cargo ship carried a large amount of goods to the port.","货轮装载大量货物运往港口。","source:ai-generated"
"carpenter","The carpenter carefully crafted a wooden chair for the client.","木匠为客户提供精心制作的木椅。","source:ai-generated"
"carpet","They laid a new carpet in the living room to make it more comfortable.","他们在客厅铺上了一块新的地毯，使房间更加舒适。","source:ai-generated"
"carriage","The old carriage was pulled by two horses.","那辆老马车由两匹马拉着。","source:ai-generated"
"carrier","The carrier delivered the package to the customer.","快递员将包裹送到客户手中。","source:ai-generated"
"carrot","I eat a carrot every day for its vitamin content.","我每天吃一根胡萝卜以获取其维生素。","source:ai-generated"
"carry","She carried the heavy box to the top of the stairs.","她把沉重的箱子搬上楼梯顶。","source:ai-generated"
"cart","He pushed his cart through the market.","他推着小车穿过市场。","source:ai-generated"
"cartoon","The cartoon character is popular among children.","这个卡通角色深受儿童喜爱。","source:ai-generated"
"cartridge","The printer uses a cartridge to print documents.","打印机使用墨盒来打印文件。","source:ai-generated"
"carve","He carved a wooden bird from the tree.","他从树上雕刻出一只木鸟。","source:ai-generated"
"case","The case of the broken phone is now in the repair shop.","手机损坏的外壳现在在维修店。","source:ai-generated"
"cash","She needs to withdraw cash from the ATM.","她需要从ATM机取现金。","source:ai-generated"
"cassette","The cassette tape plays the music from the old record.","盒式磁带播放着老唱片的音乐。","source:ai-generated"
"castle","The king placed his army in the castle.","国王将他的军队安置在城堡中。","source:ai-generated"
"casual","He wore casual clothes for the weekend.","他周末穿了便装。","source:ai-generated"
"casualty","The casualty report shows three injured people.","伤亡报告显示有三人受伤。","source:ai-generated"
"cat","The cat vomited after eating too much.","猫吃太多后呕吐了。","source:ai-generated"
"catalog","The catalog lists all the products available online.","目录列出了所有在线可用的产品。","source:ai-generated"
"catalogue","The bookstore has a large catalogue of books for sale.","这家书店有大量可供销售的书籍目录。","source:ai-generated"
"catalyst","The enzyme acts as a catalyst in the chemical reaction.","这种酶在化学反应中充当催化剂。","source:ai-generated"
"catastrophe","The catastrophe caused widespread destruction in the city.","这场灾难导致城市大面积破坏。","source:ai-generated"
"catch","She caught the bus just in time.","她刚好赶上公交车。","source:ai-generated"
"category","This product belongs to the electronics category.","这款产品属于电子产品类别。","source:ai-generated"
"cater","The restaurant catered to the guests' dietary needs.","这家餐厅满足了客人的饮食需求。","source:ai-generated"
"cattle","The farmer herded his cattle to the market.","农民将他的牛群带到市场。","source:ai-generated"
"causal","The causal relationship between the two events is clear.","这两个事件之间的因果关系很明确。","source:ai-generated"
"cause","The rain caused the road to become slippery.","雨水导致道路变得湿滑。","source:ai-generated"
"cave","The cave was formed by the erosion of water over thousands of years.","这个洞穴是经过数千年水流侵蚀形成的。","source:ai-generated"
"cavity","The cavity in the tooth was filled with a dental filling.","牙齿的空洞被填充了牙科填充物。","source:ai-generated"
"cease","The storm ceased after the rain stopped.","雨停后，风暴就停止了。","source:ai-generated"
"ceiling","The ceiling of the room is painted white.","房间的天花板是白色的。","source:ai-generated"
"celebrate","We will celebrate the birthday with a party next week.","我们下周将举行派对庆祝生日。","source:ai-generated"
"cell","The cell phone rings when you receive a call.","当收到电话时，手机会响。","source:ai-generated"
"cement","The cement was used to fix the broken tiles.","水泥被用来固定破损的瓷砖。","source:ai-generated"
"censor","The government censor must review all incoming messages.","政府审查员必须审查所有传入的信息。","source:ai-generated"
"cent","The price of the candy is one cent.","糖果的价格是一美分。","source:ai-generated"
"centigrade","The temperature is 25 centigrade.","温度是25摄氏度。","source:ai-generated"
"centimetre","The width of the book is 15 centimetre.","书的宽度是15厘米。","source:ai-generated"
"central","The central park is the most popular place in the city.","中央公园是城市中最受欢迎的地方。","source:ai-generated"
"centralize","The government aims to centralize all decision-making processes.","政府旨在将所有决策流程集中起来。","source:ai-generated"
"centre","The sports centre has a swimming pool and a gym.","运动中心有游泳池和健身房。","source:ai-generated"
"century","The year 2023 is the 202nd century.","2023年是第202个世纪。","source:ai-generated"
"ceramic","She used ceramic tiles for the kitchen floor.","她用陶瓷地砖铺了厨房地板。","source:ai-generated"
"cereal","He eats cereal for breakfast every morning.","他每天早上吃谷物早餐。","source:ai-generated"
"ceremony","The wedding ceremony was held in the church.","婚礼仪式在教堂举行。","source:ai-generated"
"certain","The certain answer to the question is 42.","这个问题的确定答案是42。","source:ai-generated"
"certainly","Yes, I certainly understand your point.","是的，我当然理解你的观点。","source:ai-generated"
"certificate","She received a certificate of completion after the course.","课程结束后，她获得了结业证书。","source:ai-generated"
"certify","The company certified the product as safe.","公司证明该产品安全。","source:ai-generated"
"chain","He broke the chain of his old watch.","他拆下了旧手表的链子。","source:ai-generated"
"chair","She sat on the red chair.","她坐在红色的椅子上。","source:ai-generated"
"chairman","The chairman of the company is very busy.","公司的主席非常忙。","source:ai-generated"
"chalk","He used chalk to write on the blackboard.","他用粉笔在黑板上写字。","source:ai-generated"
"chamber","The chamber of the gun is where the bullets are stored.","枪的弹膛是储存子弹的地方。","source:ai-generated"
"chance","There is a chance that it will rain tomorrow.","明天可能会下雨。","source:ai-generated"
"change","She changed her mind about the plan.","她改变了对计划的想法。","source:ai-generated"
"channel","The river channel is used for shipping.","这条河流的航道用于航运。","source:ai-generated"
"chant","The children chant songs in the playground.","孩子们在操场上唱歌。","source:ai-generated"
"chaos","The city was in chaos after the riot.","暴动后城市陷入混乱。","source:ai-generated"
"chapter","The new textbook has three chapters.","新教科书有三章。","source:ai-generated"
"characterize","This painting characterizes the artist's unique style.","这幅画体现了艺术家独特的风格。","source:ai-generated"
"charcoal","He used charcoal to draw the portrait.","他用炭笔画了这幅肖像。","source:ai-generated"
"charity","The charity event raised money for the homeless.","慈善活动为无家可归者筹集了资金。","source:ai-generated"
"charm","Her smile is a real charm.","她的笑容极具魅力。","source:ai-generated"
"charming","The old house is charming with its unique architecture.","这座老房子因其独特的建筑风格而充满魅力。","source:ai-generated"
"chart","The teacher made a chart to explain the data.","老师制作了一个图表来解释数据。","source:ai-generated"
"charter","The company received a charter from the government to operate internationally.","公司获得政府颁发的国际经营特许状。","source:ai-generated"
"chasm","The deep chasm between the two groups caused significant misunderstandings.","两个群体之间巨大的鸿沟导致了严重的误解。","source:ai-generated"
"chatter","She was constantly chatter about the latest gossip at the party.","她在派对上不停地聊着最新八卦。","source:ai-generated"
"cheap","The new smartphone is very cheap and has a long battery life.","这款新智能手机价格便宜且电池续航时间长。","source:ai-generated"
"cheat","He cheated on the exam by copying answers from his friend.","他通过抄袭朋友的答案在考试中作弊。","source:ai-generated"
"check","Please check your email before sending the important message.","发送重要信息前请检查您的电子邮件。","source:ai-generated"
"cheek","He touched his cheek after realizing he had forgotten his glasses.","他意识到自己忘记眼镜后，摸了摸脸颊。","source:ai-generated"
"cheer","The crowd cheered loudly when the team won the championship.","当球队赢得冠军时，观众们欢呼雀跃。","source:ai-generated"
"cheerful","She felt cheerful after a good day's work.","工作一天后，她感到非常开心。","source:ai-generated"
"cheese","I love to eat cheese with bread.","我喜欢用面包配奶酪吃。","source:ai-generated"
"chemical","The chemical reaction produced a bright light.","这个化学反应产生了明亮的光。","source:ai-generated"
"chemist","The chemist helped me find the right medicine.","这位化学家帮我找到了合适的药物。","source:ai-generated"
"chemistry","She studied chemistry at university.","她在大学学习化学。","source:ai-generated"
"cheque","Please write a cheque for the payment.","请开具一张付款支票。","source:ai-generated"
"cherry","The cherry tree bloomed in spring.","樱桃树在春天开花。","source:ai-generated"
"chess","He plays chess every weekend.","他每个周末都下国际象棋。","source:ai-generated"
"chest","He felt a sharp pain in his chest.","他感到胸口一阵锐痛。","source:ai-generated"
"chestnut","She ate a chestnut from the tree.","她从树上吃了一颗栗子。","source:ai-generated"
"chew","He chewed the food slowly to avoid choking.","他慢慢咀嚼食物以避免呛到。","source:ai-generated"
"chicken","The chicken was delicious.","鸡肉很美味。","source:ai-generated"
"child","The child ran into the garden.","孩子跑进花园。","source:ai-generated"
"childhood","Her childhood was filled with laughter.","她的童年充满欢笑。","source:ai-generated"
"childish","He has a childish attitude towards his parents.","他对父母有孩子气的态度。","source:ai-generated"
"chill","The weather turned cold, so he felt a chill.","天气变冷了，所以他感到一阵寒意。","source:ai-generated"
"chimney","The smoke from the chimney rose into the sky.","烟囱冒出的烟升上天空。","source:ai-generated"
"chin","He touched his chin with his finger.","他用手指轻触下巴。","source:ai-generated"
"china","She bought a beautiful china vase.","她买了一个漂亮的瓷器花瓶。","source:ai-generated"
"chinese","The Chinese language is spoken in many countries.","中文在许多国家被使用。","source:ai-generated"
"chocolate","She ate a piece of chocolate for dessert.","她吃了一块巧克力作为甜点。","source:ai-generated"
"choice","He made a choice between two options.","他在两个选项中做出选择。","source:ai-generated"
"choke","A fallen branch choked the narrow stream.","一根倒下的树枝堵住了狭窄的溪流。","source:ai-generated"
"choose","You should choose the right path.","你应该选择正确的道路。","source:ai-generated"
"chop","He chopped the vegetables into small pieces.","他把蔬菜切成了小块。","source:ai-generated"
"chorus","The choir sang a chorus of songs.","合唱团唱了一首合唱曲。","source:ai-generated"
"christ","The Christian faith centers on the concept of Christ.","基督教信仰的核心是基督的概念。","source:ai-generated"
"christian","She is a Christian who believes in God.","她是一位相信上帝的基督徒。","source:ai-generated"
"christmas","We celebrate Christmas with family and friends.","我们和家人朋友一起庆祝圣诞节。","source:ai-generated"
"chronic","He has a chronic illness that requires regular treatment.","他有慢性病，需要定期治疗。","source:ai-generated"
"chronicle","The historian wrote a chronicle of the ancient civilization.","历史学家写了一本关于古代文明的编年史。","source:ai-generated"
"church","She attends church every Sunday.","她每周日去教堂。","source:ai-generated"
"cigar","He lit the cigar and took a deep breath.","他点燃了雪茄并深深吸了一口气。","source:ai-generated"
"cigaret","She lit a cigaret.","她点燃了一支烟。","source:ai-generated"
"cigarette","He lit a cigarette.","他点燃了一支香烟。","source:ai-generated"
"cinema","I went to the cinema last night.","昨晚我去了电影院。","source:ai-generated"
"circle","She drew a perfect circle with her finger.","她用手指画了一个完美的圆。","source:ai-generated"
"circuit","The circuit board is a key component in modern electronics.","电路板是现代电子设备中的关键组件。","source:ai-generated"
"circular","The circular plan was approved by the committee.","委员会批准了这个圆周计划。","source:ai-generated"
"circulate","The news about the new policy circulates quickly among the community.","关于新政策的消息在社区中迅速传播。","source:ai-generated"
"circumference","The circumference of the circle is 3.14 times the radius.","圆的周长是半径的3.14倍。","source:ai-generated"
"citizen","The citizen reported the incident to the police.","公民向警方报告了该事件。","source:ai-generated"
"city","The city has a population of over 10 million.","这座城市人口超过1000万。","source:ai-generated"
"civil","The civil war ended in 1994.","1994年，内战结束。","source:ai-generated"
"civilian","The civilian was injured in the accident.","这名平民在事故中受伤了。","source:ai-generated"
"civilization","The civilization of ancient Greece has greatly influenced modern society.","古希腊文明对现代社会产生了深远影响。","source:ai-generated"
"civilize","The teacher tried to civilize the children by teaching them good manners.","老师通过教导孩子们良好的礼仪来文明他们。","source:ai-generated"
"clamp","The clamp on the pipe was too tight.","管道上的夹子太紧了。","source:ai-generated"
"clap","The clap of the drum echoed across the street.","鼓声的掌声在街道上回荡。","source:ai-generated"
"clarify","The problem can be clarified by the team.","这个问题可以由团队澄清。","source:ai-generated"
"clarity","The clarity of the explanation helped everyone understand the problem.","解释的清晰度帮助每个人理解了这个问题。","source:ai-generated"
"class","The class started at 9 AM.","课程在上午9点开始。","source:ai-generated"
"classification","The classification of the new policy was widely discussed.","新政策的分类讨论广泛进行。","source:ai-generated"
"classify","I classify the data into different categories.","我将数据分类到不同的类别中。","source:ai-generated"
"classmate","My classmate helped me with my homework.","我的同学帮我做了作业。","source:ai-generated"
"classroom","The classroom was filled with students.","教室里坐满了学生。","source:ai-generated"
"clatter","The clatter of the dishes in the kitchen was loud.","厨房里餐具的碰撞声很大。","source:ai-generated"
"claw","The cat's claw scratched the wooden door.","猫的爪子划破了木门。","source:ai-generated"
"clay","The clay was used to make pottery.","黏土被用来制作陶器。","source:ai-generated"
"clean","The clean water from the river was refreshing.","河水带来的干净水很解渴。","source:ai-generated"
"cleanliness","The cleanliness of the school was impressive.","学校的清洁程度令人印象深刻。","source:ai-generated"
"clear","The clear sky was visible from the hilltop.","山顶上能看见一片晴朗的天空。","source:ai-generated"
"clearance","The clearance of the store was a big deal.","这家商店的清仓处理引起了不少关注。","source:ai-generated"
"clearing","The clearing was a small patch of open land in the forest.","这片林地中的空地是一个小片开阔的区域。","source:ai-generated"
"clearly","She answered clearly.","她回答得很清楚。","source:ai-generated"
"clever","The clever child solved the problem easily.","这个聪明的孩子很容易地解决了问题。","source:ai-generated"
"climb","She decided to climb the mountain peak at dawn.","她决定黎明时分攀上山顶。","source:ai-generated"
"cling","The fish clung to the rocks.","鱼贴着岩石附着。","source:ai-generated"
"clinic","She went to the clinic for a check-up.","她去诊所做体检。","source:ai-generated"
"clinical","The clinical trial results were very promising.","临床试验结果非常有希望。","source:ai-generated"
"clip","The clip of the video was very short.","这段视频的片段非常短。","source:ai-generated"
"cloak","She wore a red cloak.","她穿了一件红色的斗篷。","source:ai-generated"
"clock","The clock on the wall ticked loudly.","墙上的钟表响声很大。","source:ai-generated"
"clockwise","The clockwise rotation of the Earth causes day and night cycles.","地球的顺时针旋转导致了昼夜交替。","source:ai-generated"
"clone","The clone of the famous scientist was discovered in the lab.","这位著名科学家的克隆体在实验室中被发现。","source:ai-generated"
"close","The close of the store was a surprise to everyone.","商店的关门时间让所有人都感到惊讶。","source:ai-generated"
"closely","The students listened closely as the guide explained the map.","导游讲解地图时，学生们认真聆听。","source:ai-generated"
"cloth","She washed the cloth with warm water.","她用温水洗了布","source:ai-generated"
"clothe","She clothed the baby in a soft blanket.","她用柔软的毯子给婴儿穿上。","source:ai-generated"
"clothes","The clothes were neatly hung on the closet.","衣服整齐地挂在衣柜里。","source:ai-generated"
"clothing","The clothing was neatly hung on the closet rack.","衣服整齐地挂在衣柜架上。","source:ai-generated"
"cloud","The cloud was bright and white.","云朵明亮而洁白。","source:ai-generated"
"cloudy","The cloudy sky made the children feel uneasy.","阴沉的天空让孩子们感到不安。","source:ai-generated"
"clown","The clown was the most popular at the children's party.","这个小丑在孩子们的派对上最受欢迎。","source:ai-generated"
"club","The club is a place where people meet to socialize.","俱乐部是人们聚会社交的地方。","source:ai-generated"
"clumsy","The clumsy child dropped the toy.","这个笨拙的孩子掉了玩具。","source:ai-generated"
"cluster","The cluster of stars in the sky was breathtaking.","天空中那簇星星令人叹为观止。","source:ai-generated"
"clutch","The clutch of the car was broken.","汽车的离合器坏了。","source:ai-generated"
"coach","The coach helped the team practice for the game.","教练帮助球队为比赛进行训练。","source:ai-generated"
"coal","The coal in the fire was very hot.","火中的煤非常热。","source:ai-generated"
"coalition","The coalition of the new policy was widely discussed.","新政策联盟被广泛讨论。","source:ai-generated"
"coast","The coast is beautiful.","海岸很美丽。","source:ai-generated"
"coastal","The coastal area is beautiful.","海岸区域很美丽。","source:ai-generated"
"coat","She wore a red coat to the party.","她去派对时穿了一件红色外套。","source:ai-generated"
"cocaine","The cocaine was found in the suspect's possession.","嫌疑人的身上被发现有可卡因","source:ai-generated"
"cock","The cock crowed early in the morning.","公鸡在早晨很早就啼叫了。","source:ai-generated"
"code","The code was a mystery to the team.","这个代码让团队感到困惑。","source:ai-generated"
"coefficient","The coefficient of friction is a key factor in physics.","摩擦系数是物理学中的一个关键因素。","source:ai-generated"
"coffee","I drank a cup of coffee.","我喝了一杯咖啡。","source:ai-generated"
"coffin","The coffin was placed in the churchyard.","棺材被放在教堂院子里。","source:ai-generated"
"cognitive","The cognitive load of the task was too high for her.","这项任务的认知负荷对她来说太高了。","source:ai-generated"
"coil","The coil of wire was used to make the electromagnet.","这根电线圈被用来制作电磁铁。","source:ai-generated"
"coin","The coin fell into the pocket.","硬币掉进了口袋。","source:ai-generated"
"cold","The cold weather made me shiver.","寒冷的天气让我发抖。","source:ai-generated"
"collaborate","We collaborate with international teams to solve complex problems.","我们与国际团队合作解决复杂问题。","source:ai-generated"
"collaboration","The collaboration between the two companies led to a successful product launch.","两家公司之间的合作导致了产品成功上市。","source:ai-generated"
"collar","She adjusted the collar of her shirt to make it look more stylish.","她调整了衬衫的领子，使其看起来更时尚。","source:ai-generated"
"collect","He collects rare coins from around the world.","他收集世界各地的稀有硬币。","source:ai-generated"
"collection","The museum has a large collection of ancient artifacts.","博物馆有一大批古代文物收藏。","source:ai-generated"
"collective","The collective decision was made after careful discussion.","经过仔细讨论后，做出了集体决定。","source:ai-generated"
"college","She is studying at a prestigious college in New York.","她在纽约一所著名的大学学习。","source:ai-generated"
"collide","The cars collided at the intersection due to poor visibility.","由于能见度差，两辆车在十字路口相撞。","source:ai-generated"
"collision","The car had a collision with a tree.","汽车与树发生碰撞。","source:ai-generated"
"colonel","He is the colonel of the military unit.","他是这个军事单位的上校。","source:ai-generated"
"colonial","The colonial period in Africa was marked by many conflicts.","非洲的殖民时期充满了许多冲突。","source:ai-generated"
"colonist","She is a colonist who migrated to America.","她是一位移民到美国的殖民地居民。","source:ai-generated"
"colony","The colony of ants is a well-organized community.","蚂蚁群落是一个组织良好的社区。","source:ai-generated"
"color","She painted the wall with color.","她用颜色涂了墙。","source:ai-generated"
"column","The news column covers current events.","新闻专栏报道时事。","source:ai-generated"
"comb","He combed his hair with a comb.","他用梳子梳了头发。","source:ai-generated"
"combustion","The combustion of fossil fuels releases carbon dioxide.","化石燃料的燃烧会释放二氧化碳。","source:ai-generated"
"come","Come here and tell me what you see.","过来告诉我你看到什么。","source:ai-generated"
"comedy","She watched a comedy at the theater last night.","昨晚她在剧院看了一场喜剧。","source:ai-generated"
"comfort","The doctor gave her comfort after the surgery.","医生在手术后给了她安慰。","source:ai-generated"
"comfortable","This chair is comfortable for long sitting.","这个椅子适合长时间坐着。","source:ai-generated"
"commander","The commander ordered the troops to advance.","指挥官命令部队前进。","source:ai-generated"
"commemorate","We will commemorate the event on November 11th.","我们将于11月11日纪念这一事件。","source:ai-generated"
"commence","The university will commence its new academic year next week.","大学将于下周开始新学年。","source:ai-generated"
"commend","The company decided to commend the employee for exceptional performance.","公司决定嘉奖表现卓越的员工。","source:ai-generated"
"comment","The teacher asked the student to comment on the essay.","老师要求学生对这篇作文进行评论。","source:ai-generated"
"commentary","The book includes detailed commentary on the historical events.","这本书对历史事件有详细的注释。","source:ai-generated"
"commerce","The business deals with commerce through international trade.","该企业通过国际贸易进行商业活动。","source:ai-generated"
"commitment","She made a commitment to improve her health habits.","她承诺改善自己的健康习惯。","source:ai-generated"
"commodity","The market is full of various commodities.","市场上有各种各样的商品。","source:ai-generated"
"common","This is a common problem in modern society.","这是现代社会中一个常见问题。","source:ai-generated"
"commonly","People usually use this method commonly.","人们通常会用这种方法。","source:ai-generated"
"commonsense","This commonsense approach helps solve everyday problems.","这种常识性方法有助于解决日常问题。","source:ai-generated"
"commonwealth","The Commonwealth is a federal system of nations.","联邦是国家联盟的联邦制体系。","source:ai-generated"
"communism","Communism is a political ideology that aims for a classless society.","共产主义是一种旨在建立无阶级社会的政治意识形态。","source:ai-generated"
"communist","He is a dedicated communist who fights for social justice.","他是一名致力于争取社会正义的共产主义者。","source:ai-generated"
"company","The company organized a team to handle the project.","公司组织了一个团队来处理这个项目。","source:ai-generated"
"comparable","The new policy is comparable to the old one in terms of cost.","新政策在成本方面与旧政策相当。","source:ai-generated"
"comparative","The comparative advantage of this product is its quality.","该产品的比较优势在于其质量。","source:ai-generated"
"compass","The compass helped the explorers find their way.","指南针帮助探险家们找到方向。","source:ai-generated"
"compatibility","The software compatibility between the two systems ensures smooth operation.","两个系统的软件兼容性确保了顺畅运行。","source:ai-generated"
"compatible","The new materials are compatible with the existing infrastructure.","新材料与现有基础设施相容。","source:ai-generated"
"compatriot","He is a compatriot of many other refugees.","他是许多其他难民的同胞。","source:ai-generated"
"compel","The teacher compelled the students to finish their homework.","老师迫使学生完成作业。","source:ai-generated"
"compensation","The company offers compensation for the lost profits.","公司为损失的利润提供赔偿。","source:ai-generated"
"compete","The companies compete for the same market share.","公司们争夺相同市场份额。","source:ai-generated"
"competence","Her competence in mathematics is impressive.","她在数学方面的能力令人印象深刻。","source:ai-generated"
"competent","The manager is competent to handle the project.","经理有能力处理这个项目。","source:ai-generated"
"competition","The company's main goal is to win the competition in the global market.","公司的主要目标是在全球市场中赢得竞争。","source:ai-generated"
"competitor","He is a fierce competitor in the business world.","他是商业世界中一个激烈的竞争者。","source:ai-generated"
"compile","The software developer compiled the code from scratch.","软件开发者从头开始编译了代码。","source:ai-generated"
"complete","She completed her thesis with excellent results.","她以优异的成绩完成了她的论文。","source:ai-generated"
"completely","He works completely independently without any help.","他完全独立地工作，无需任何帮助。","source:ai-generated"
"completion","The project completion date is set for next week.","项目的完成日期定在下周。","source:ai-generated"
"complexion","Her complexion is very fair and healthy.","她的肤色非常白皙健康。","source:ai-generated"
"complexity","The project's complexity requires careful planning.","项目的复杂性需要仔细规划。","source:ai-generated"
"complicate","The problem became too complicated to solve.","这个问题变得太复杂了，无法解决。","source:ai-generated"
"complication","The medical complication required immediate attention.","这种医学并发症需要立即处理。","source:ai-generated"
"compose","She composed a beautiful song for her friend.","她为朋友创作了一首优美的歌曲。","source:ai-generated"
"composer","The composer created a new symphony.","这位作曲家创作了一部新的交响乐。","source:ai-generated"
"composite","The composite material is strong and lightweight.","这种复合材料既坚固又轻便。","source:ai-generated"
"composition","The composition of the essay was well structured.","这篇作文结构安排得很好。","source:ai-generated"
"comprehend","I comprehend the concept of quantum physics.","我理解量子物理的概念。","source:ai-generated"
"comprehensive","The comprehensive report covers all aspects of the project.","这份全面的报告涵盖了项目的各个方面。","source:ai-generated"
"compress","The software compresses large files into smaller sizes.","软件将大型文件压缩成更小的尺寸。","source:ai-generated"
"compression","The compression algorithm reduces data size efficiently.","压缩算法能高效地减小数据量。","source:ai-generated"
"comprise","The country comprises several provinces.","该国由几个省组成。","source:ai-generated"
"computer","I use a computer for work and entertainment.","我用电脑工作和娱乐。","source:ai-generated"
"comrade","My friend is my close comrade in life.","我的朋友是我生活中的亲密伙伴。","source:ai-generated"
"conceal","She concealed her identity to avoid detection.","她隐藏了自己的身份以避免被发现。","source:ai-generated"
"concede","He conceded the point after careful consideration.","在仔细考虑后，他承认了这一点。","source:ai-generated"
"conceit","His grandiose conceit led to his downfall.","他的狂妄自大导致了他的失败。","source:ai-generated"
"concentrated","The scientist studied the concentrated solution to understand its properties.","科学家研究了浓缩溶液以了解其性质。","source:ai-generated"
"conception","The new theory is based on a scientific conception of the universe.","这一新理论基于对宇宙的科学概念。","source:ai-generated"
"concerning","The report discusses the matter concerning the recent economic crisis.","报告讨论了近期经济危机相关的问题。","source:ai-generated"
"concert","The orchestra performed a concert that featured a unique blend of classical and modern music.","乐团表演了一场融合古典与现代音乐的独特音乐会。","source:ai-generated"
"concession","The government made a concession to the protesters by allowing them to speak.","政府通过允许抗议者发言作出让步。","source:ai-generated"
"conclusion","After careful analysis, the team reached a conclusion about the project's feasibility.","经过仔细分析，团队得出了项目可行性的结论。","source:ai-generated"
"concrete","The concrete structure of the building is designed to withstand heavy loads.","该建筑的混凝土结构设计用于承受重载。","source:ai-generated"
"condense","He condensed the information into a concise report for the meeting.","他将信息浓缩成一份简短的会议报告。","source:ai-generated"
"condition","The weather condition is currently very hot.","天气状况现在非常热。","source:ai-generated"
"conductor","The conductor at the train station is helping passengers.","火车站的工作人员正在帮助乘客。","source:ai-generated"
"confer","The company conferred a new title on the employee.","公司授予了员工一个新的头衔。","source:ai-generated"
"confess","He confessed his mistake to his teacher.","他向老师坦白了自己的错误。","source:ai-generated"
"configuration","The software configuration is set to automatic updates.","软件配置设置为自动更新。","source:ai-generated"
"confine","The police confined the suspect to his house.","警方将嫌疑人限制在家中。","source:ai-generated"
"confirmation","The confirmation of the new policy was widely discussed.","新政策的确认被广泛讨论。","source:ai-generated"
"conformity","The team's conformity to the rules was impressive.","团队对规则的遵守令人印象深刻。","source:ai-generated"
"confrontation","The two teams had a heated confrontation during the championship match.","在冠军赛中，两支队伍发生了激烈的对峙。","source:ai-generated"
"confuse","She tried to confuse the suspect by asking tricky questions.","她通过问刁钻的问题试图让嫌疑人困惑。","source:ai-generated"
"congest","The heavy rain congested the city's roads.","暴雨使城市道路拥塞了。","source:ai-generated"
"congratulate","They congratulated the winner with a loud cheer.","他们用响亮的欢呼祝贺获胜者。","source:ai-generated"
"congratulation","The birthday party was filled with congratulations from friends.","生日派对上充满了朋友的祝贺。","source:ai-generated"
"conjunction","The conjunction 'and' connects two independent clauses.","连词‘和’连接两个独立分句。","source:ai-generated"
"connect","The app connects users to each other through social media.","该应用通过社交媒体将用户连接起来。","source:ai-generated"
"connection","The connection between the two cities is a vital part of the transportation network.","这两座城市之间的联系是交通网络中至关重要的部分。","source:ai-generated"
"conquer","She managed to conquer her fear of heights by practicing daily.","她通过每天练习克服了对高处的恐惧。","source:ai-generated"
"conqueror","The ancient conqueror of Rome was Julius Caesar.","罗马的古代征服者是尤利乌斯·凯撒。","source:ai-generated"
"conquest","The conquest of the city was a significant event in history.","这座城市被征服是历史上的一件重大事件。","source:ai-generated"
"conscience","His conscience guided him to make the right decision.","他的良心引导他做出正确的决定。","source:ai-generated"
"conscientious","She is a conscientious employee who always completes tasks on time.","她是一个有责任心的员工，总是按时完成任务。","source:ai-generated"
"consciousness","He regained consciousness after the surgery.","手术后他恢复了意识。","source:ai-generated"
"consensus","The team reached a consensus on the project plan after discussion.","讨论后，团队就项目计划达成一致。","source:ai-generated"
"consequent","The consequent result of the experiment was unexpected.","实验的后续结果出人意料。","source:ai-generated"
"consequently","Consequently, the project was delayed due to unexpected technical issues.","因此，该项目因意外技术问题而延期。","source:ai-generated"
"conserve","To conserve energy, we should use LED lights in our homes.","为了节约能源，我们应该在家中使用LED灯。","source:ai-generated"
"consider","She considered the possibility of moving to a new city.","她考虑了搬到新城市的可能性。","source:ai-generated"
"consideration","His thoughtful consideration of the problem helped him find a solution.","他对问题的周密思考帮助他找到了解决方案。","source:ai-generated"
"consistently","He consistently follows the rules to ensure his success.","他始终遵循规则以确保成功。","source:ai-generated"
"consolidate","The company consolidated its operations to improve efficiency.","公司通过整合业务以提高效率。","source:ai-generated"
"constituent","The constituent members of the committee must attend the meeting.","委员会的成员必须出席会议。","source:ai-generated"
"constrain","The government constrained the population's movement during the crisis.","政府在危机期间限制了人口的流动。","source:ai-generated"
"constraint","The company's new policy imposes strict constraints on employee behavior.","公司新政策对员工行为施加了严格约束。","source:ai-generated"
"construction","The construction of the new bridge required careful planning and engineering.","新桥的建设需要周密的规划和工程设计。","source:ai-generated"
"consul","The consul in New York handles diplomatic matters for the country.","纽约的领事负责处理该国的外交事务。","source:ai-generated"
"consultancy","She sought professional consultancy for her business expansion plan.","她为业务扩张计划寻求专业咨询服务。","source:ai-generated"
"consultant","The marketing consultant helped the team develop a new strategy.","营销顾问帮助团队制定新策略。","source:ai-generated"
"contain","The report contains detailed information about the project's progress.","报告包含关于项目进展的详细信息。","source:ai-generated"
"container","The shipping container is used to transport goods across the ocean.","集装箱用于跨洋运输货物。","source:ai-generated"
"contaminate","The polluted river water was contaminated by industrial waste.","被工业废料污染的河水","source:ai-generated"
"contamination","The contamination of the river water was detected by the environmental agency.","环保部门检测到了河水的污染。","source:ai-generated"
"contemplate","She contemplated the problem for hours.","她花了几个小时沉思这个问题。","source:ai-generated"
"contemporary","They are contemporary artists who create modern works.","他们是当代艺术家，创作现代作品。","source:ai-generated"
"contemptuous","His contemptuous attitude made everyone feel uncomfortable.","他轻蔑的态度让每个人感到不舒服。","source:ai-generated"
"contend","The team contends that they will win the championship.","这支队伍声称他们将赢得冠军。","source:ai-generated"
"content","The content of the letter was very clear.","信的内容非常清晰。","source:ai-generated"
"contention","The main contention in the debate was about the budget.","辩论中主要争议点在于预算。","source:ai-generated"
"context","The context of the story is important for understanding.","故事的背景对理解很重要。","source:ai-generated"
"continent","The continent of Africa is the second largest in the world.","非洲是世界上第二大的大陆。","source:ai-generated"
"continental","The continental climate is characterized by hot summers and cold winters.","大陆性气候的特点是夏季炎热、冬季寒冷。","source:ai-generated"
"continual","The continual rain has made the streets very wet.","持续不断的雨让街道变得非常湿。","source:ai-generated"
"continue","She decided to continue her studies after the exam.","考试后，她决定继续学习。","source:ai-generated"
"continuity","The continuity of the project was essential for its success.","该项目的连续性对其成功至关重要。","source:ai-generated"
"continuous","The continuous motion of the pendulum creates a regular rhythm.","钟摆的连续运动会产生规律的节奏。","source:ai-generated"
"contradictory","His statements were contradictory to the facts he had previously stated.","他的说法与之前陈述的事实相矛盾。","source:ai-generated"
"contrary","The opposite of 'yes' is 'no', which is contrary to the positive response.","‘是’的反义词是‘否’，这与肯定回应相反。","source:ai-generated"
"contribution","The charity received a significant contribution from the community.","慈善机构收到了社区的大量捐助。","source:ai-generated"
"contrive","He tried to contrive a solution to the problem.","他试图想出一个问题的解决方案。","source:ai-generated"
"contrived","The actor's performance was overly contrived.","演员的表演过于做作。","source:ai-generated"
"control","The teacher needs to control the classroom environment.","老师需要控制课堂环境。","source:ai-generated"
"controversy","There was a major controversy over the new policy.","关于新政策存在重大争论。","source:ai-generated"
"convene","The committee will convene next week to discuss the proposal.","委员会将于下周召开会议以讨论该提案。","source:ai-generated"
"convenient","The location is convenient for both the office and the park.","该地点对办公室和公园都很方便。","source:ai-generated"
"convention","The international convention will be held in Beijing next month.","国际大会将于下月在北京举行。","source:ai-generated"
"converge","The two rivers converge at the base of the mountain.","两条河流在山脚汇合。","source:ai-generated"
"conversation","We had a long conversation about our future plans.","我们详细讨论了未来计划。","source:ai-generated"
"converse","She loves to converse with her friends over coffee.","她喜欢在咖啡馆和朋友聊天。","source:ai-generated"
"conversely","Conversely, the more you study, the better your grades become.","相反，你学习越多，成绩就越好。","source:ai-generated"
"convict","The police convicted him of theft after the evidence was found.","警方在证据被发现后将他定罪为盗窃。","source:ai-generated"
"conviction","His conviction in the truth made him a strong leader.","他对真理的坚定信念使他成为一位强有力的领导者。","source:ai-generated"
"convincing","Her argument was very convincing because it was well-researched.","她的论点非常有说服力，因为经过了充分的研究。","source:ai-generated"
"cook","The chef cooks delicious meals every day.","厨师每天都会做出美味的餐点。","source:ai-generated"
"cool","The cool air from the mountain made me feel refreshed.","山间凉爽的空气让我感到神清气爽。","source:ai-generated"
"cooperate","She cooperated with her team to complete the project on time.","她与团队合作按时完成了项目。","source:ai-generated"
"coordinate","The coordinates of the two points are (3, 4) and (5, 6).","两点的坐标是(3, 4)和(5, 6)。","source:ai-generated"
"copper","The copper wire is used in electrical circuits.","铜线用于电路中。","source:ai-generated"
"copy","The copy of the document was sent to the client.","这份文件的副本被发送给客户。","source:ai-generated"
"cordial","He drank a cordial to boost his energy.","他喝了一杯兴奋剂来提升精力。","source:ai-generated"
"core","The core of the problem is the lack of communication.","问题的核心在于沟通不足。","source:ai-generated"
"cork","The cork was used to seal the bottle.","软木塞被用来封瓶。","source:ai-generated"
"corn","He planted corn in his garden.","他在花园里种玉米。","source:ai-generated"
"corner","The corner of the room is too dark.","房间的角落太暗了。","source:ai-generated"
"corporation","The corporation is a legal entity.","公司是一个法律实体。","source:ai-generated"
"corps","The military corps is well-trained.","军队训练有素。","source:ai-generated"
"correct","She corrected her essay.","她修改了她的作文。","source:ai-generated"
"correction","The correction was made to the report.","这份修正被应用于报告中。","source:ai-generated"
"correctly","He spoke correctly.","他说话很正确。","source:ai-generated"
"correlate","The data correlates with the results.","数据与结果相关。","source:ai-generated"
"correlation","The correlation between temperature and humidity is significant in weather forecasting.","温度与湿度之间的相关性在天气预报中具有重要意义。","source:ai-generated"
"correspond","The email corresponds to the information provided in the report.","这封电子邮件与报告中提供的信息相符。","source:ai-generated"
"correspondence","The correspondence between the two departments is handled through regular meetings.","两个部门之间的通信通过定期会议来处理。","source:ai-generated"
"correspondent","The correspondent is a journalist who reports on events from the field.","通讯记者是负责从现场报道事件的记者。","source:ai-generated"
"corresponding","The corresponding department will contact you within 24 hours.","对应的部门将在24小时内联系您。","source:ai-generated"
"corridor","The corridor in the school is a narrow passage connecting classrooms.","学校里的走廊是连接教室的狭窄通道。","source:ai-generated"
"corrode","Rainwater can corrode metal surfaces over time.","雨水会随着时间的推移腐蚀金属表面。","source:ai-generated"
"corrosion","The corrosion of iron in humid environments leads to rust formation.","在潮湿环境中，铁的腐蚀会导致生锈。","source:ai-generated"
"cosmic","The cosmic rays from space can be detected by advanced telescopes.","来自太空的宇宙射线可以被先进望远镜探测到。","source:ai-generated"
"cosmos","The cosmos is a complex system of stars, planets, and galaxies.","宇宙是一个由恒星、行星和星系组成的复杂系统。","source:ai-generated"
"cost","The cost of living in this city is very high.","在这个城市，生活成本非常高。","source:ai-generated"
"costly","The costly project required a large budget.","这个昂贵的项目需要大量预算。","source:ai-generated"
"cottage","She lives in a small cottage near the river.","她住在河边的一座小屋里。","source:ai-generated"
"cotton","Cotton is a natural fiber used in clothing.","棉花是一种用于服装的天然纤维。","source:ai-generated"
"couch","He lay on the couch and watched the movie.","他躺在沙发上观看电影。","source:ai-generated"
"cough","He coughed twice before the doctor examined him.","在医生检查他之前，他咳嗽了两次。","source:ai-generated"
"could","Could you help me with this problem?","你能帮我解决这个问题吗？","source:ai-generated"
"counsel","The lawyer gave legal counsel to the client.","律师向客户提供了法律建议。","source:ai-generated"
"counseling","She received professional counseling for her mental health.","她为心理健康接受了专业咨询。","source:ai-generated"
"count","I counted the number of people in the room.","我数了房间里的人数。","source:ai-generated"
"counteract","The new drug counteracts the side effects of the treatment.","这种新药能抵消治疗的副作用。","source:ai-generated"
"counterpart","The Chinese counterpart of the American company is a subsidiary.","美国公司的中国对应公司是一家子公司。","source:ai-generated"
"country","She lives in a small country town.","她住在一个小城镇。","source:ai-generated"
"countryside","The countryside is beautiful with green fields and clear rivers.","乡村景色美丽，有绿油油的田野和清澈的河流。","source:ai-generated"
"county","The county government is responsible for local infrastructure.","县政府负责本地基础设施。","source:ai-generated"
"couple","They got married after a couple of years of dating.","他们恋爱两年后结婚了。","source:ai-generated"
"courage","He showed great courage when facing the challenge.","他面对挑战时表现出极大的勇气。","source:ai-generated"
"courageous","She is a courageous person who never gives up.","她是一个从不放弃的勇敢的人。","source:ai-generated"
"course","The course of the river is influenced by the weather.","河流的流向受天气影响。","source:ai-generated"
"courteous","He was courteous to everyone he met.","他遇到每个人时都彬彬有礼。","source:ai-generated"
"courtesy","Her courtesy made her friends welcome her.","她的礼貌使朋友欢迎她。","source:ai-generated"
"cousin","We have cousins who live in different cities.","我们有住在不同城市的堂兄弟姐妹。","source:ai-generated"
"cover","The cover of the book is made of leather.","这本书的封面是皮革做的。","source:ai-generated"
"coverage","The coverage of the new policy includes all areas of the country.","新政策的覆盖范围包括全国所有地区。","source:ai-generated"
"cow","The cow is grazing in the field.","牛在田野里吃草。","source:ai-generated"
"crab","The crab is walking along the shore.","螃蟹沿着海岸线爬行。","source:ai-generated"
"crack","The crack in the wall is very narrow.","墙上的裂缝非常窄。","source:ai-generated"
"craft","The craft of the pottery is very skilled.","陶器的工艺非常精湛。","source:ai-generated"
"crane","The crane is flying high in the sky.","鹤在天空中高飞。","source:ai-generated"
"crank","The crank of the engine is turning slowly.","发动机的曲柄在缓慢转动。","source:ai-generated"
"crawl","The baby crawled across the room.","婴儿爬过房间。","source:ai-generated"
"crazy","She was crazy about the idea.","她对这个想法着迷。","source:ai-generated"
"cream","She added cream to her coffee.","她在咖啡中加了奶油。","source:ai-generated"
"create","The scientist created a new theory.","科学家创造了一个新理论。","source:ai-generated"
"creative","The artist is creative and innovative.","这位艺术家富有创造力且富有创新精神。","source:ai-generated"
"creature","The creature was small and delicate.","这个生物小巧而纤细。","source:ai-generated"
"credential","The passport is a credential for international travel.","护照是国际旅行的证明文件。","source:ai-generated"
"creep","The virus creeps into the body slowly.","病毒会缓慢地侵入人体。","source:ai-generated"
"cricket","The cricket chirps loudly in the grass.","蟋蟀在草地上发出响亮的叫声。","source:ai-generated"
"cripple","The cripple was unable to walk due to his injury.","由于受伤，这个跛子无法行走。","source:ai-generated"
"crippling","The crippling pain made it hard for him to move.","剧烈的疼痛使他难以移动。","source:ai-generated"
"crisp","The crisp apple slices were perfect for a healthy snack.","脆的苹果片是健康零食的完美选择。","source:ai-generated"
"criteria","The criteria for the competition are clear and specific.","比赛的标准非常明确且具体。","source:ai-generated"
"crooked","The crooked path led to a hidden garden.","这条弯曲的小路通向一个隐秘的花园。","source:ai-generated"
"crop","The farmer cropped the wheat in the field.","农民在田里收割小麦。","source:ai-generated"
"cross","Crossing the bridge was the most difficult part of the journey.","横跨这座桥是旅程中最困难的部分。","source:ai-generated"
"crow","The crow cawed loudly at the early morning.","乌鸦在清晨大声啼叫。","source:ai-generated"
"crown","The king was crowned with a golden crown.","国王戴上了一顶金冠。","source:ai-generated"
"crude","The crude oil was spilled into the river.","原油流入了河流。","source:ai-generated"
"cruel","The cruel dictator was known for his harsh rule.","这位暴虐的独裁者以严苛的统治而闻名。","source:ai-generated"
"cruelty","The cruelty of the situation was evident to all.","这种处境的残酷性对所有人都显而易见。","source:ai-generated"
"cruise","The cruise ship sailed through the Caribbean Sea.","游轮在加勒比海航行。","source:ai-generated"
"crust","The crust of the bread was hard and crispy.","面包皮坚硬而酥脆。","source:ai-generated"
"cry","She cried out in pain when the injury happened.","当受伤发生时，她痛得大叫。","source:ai-generated"
"crystal","She wore a crystal necklace that glittered under the sunlight.","她戴着一条在阳光下闪闪发光的水晶项链。","source:ai-generated"
"cube","The cube is a three-dimensional shape with six equal faces.","立方体是一种有六个相等面的三维形状。","source:ai-generated"
"cubic","The volume of a cubic meter is the space occupied by a cube with sides of one meter.","一立方米的体积是边长为一米的立方体所占据的空间。","source:ai-generated"
"cuckoo","The cuckoo bird sings a distinctive call at dawn.","杜鹃鸟在黎明时分发出独特的叫声。","source:ai-generated"
"cue","The teacher gave a cue to the students about the next step in the experiment.","老师给学生们关于实验下一步的提示。","source:ai-generated"
"culminate","The event culminated in a grand celebration after months of preparation.","经过数月的筹备，活动最终在一场盛大的庆祝中达到高潮。","source:ai-generated"
"cultivate","She cultivates her garden by planting seeds and watering them regularly.","她通过定期播种和浇水来培育她的花园。","source:ai-generated"
"cumulative","The cumulative effect of small daily habits leads to significant long-term benefits.","小日常习惯的累积效应会带来显著的长期益处。","source:ai-generated"
"cunning","She used her cunning to outsmart the enemy.","她用狡猾的手段击败敌人。","source:ai-generated"
"cup","He poured the tea into a cup.","他把茶倒进杯子里。","source:ai-generated"
"cupboard","The kitchen has a cupboard for storing dishes.","厨房里有一个碗柜用来存放餐具。","source:ai-generated"
"curative","The curative properties of this plant can help with infections.","这种植物的治疗特性可以帮助治疗感染。","source:ai-generated"
"curb","He tried to curb his anger by taking deep breaths.","他通过深呼吸来抑制自己的愤怒。","source:ai-generated"
"cure","The doctor cured the patient of his illness.","医生治愈了病人的疾病。","source:ai-generated"
"curiosity","Her curiosity about the new technology made her ask many questions.","她对新技术的好奇心使她提出了许多问题。","source:ai-generated"
"curious","The child was curious about the strange sounds outside.","孩子对外面奇怪的声音感到好奇。","source:ai-generated"
"curl","He curled his hair into a tight spiral.","他把头发卷成一个紧密的螺旋。","source:ai-generated"
"curly","The hair is curly and wavy.","头发是卷曲的和波浪状的。","source:ai-generated"
"currency","The currency of this country is the dollar.","这个国家的货币是美元。","source:ai-generated"
"currently","The company is currently expanding its operations.","公司目前正在扩大其业务。","source:ai-generated"
"curriculum","The curriculum includes both theory and practical lessons.","课程包括理论和实践课程。","source:ai-generated"
"curt","The speech was curt and to the point.","演讲简短而直截了当。","source:ai-generated"
"curtain","She hung the curtain over the window.","她把窗帘挂在窗户上。","source:ai-generated"
"curve","The curve of the road is very sharp.","这条路的弯曲非常陡峭。","source:ai-generated"
"cushion","She placed a soft cushion under the chair for comfort.","她把软垫放在椅子下面以增加舒适度。","source:ai-generated"
"custom","The customer requested a custom design for their new home.","这位顾客要求为他们的新家定制设计。","source:ai-generated"
"customer","The customer was satisfied with the product quality.","顾客对产品质量感到满意。","source:ai-generated"
"cut","He cut the cake into equal pieces with a sharp knife.","他用一把锋利的刀将蛋糕切成等份。","source:ai-generated"
"cutter","The cutter is used to cut paper efficiently.","剪刀用于高效地切割纸张。","source:ai-generated"
"daily","She reads the daily news online every morning.","她每天早晨在网上阅读新闻。","source:ai-generated"
"dairy","The dairy farm produces fresh milk for local consumption.","乳牛场为当地消费生产新鲜牛奶。","source:ai-generated"
"dam","The dam was built to control the river flow during heavy rains.","水坝在暴雨期间用于控制河流流量。","source:ai-generated"
"damage","The damage to the car was severe after the accident.","事故后汽车受到的损害很严重。","source:ai-generated"
"damn","Damn, I forgot my keys!","该死，我忘了钥匙！","source:ai-generated"
"damp","The damp weather made the roads slippery.","潮湿的天气让道路变得湿滑。","source:ai-generated"
"dance","She loves to dance at the party.","她喜欢在派对上跳舞。","source:ai-generated"
"danger","The danger of the situation is high.","当前形势的危险性很高。","source:ai-generated"
"dangerous","He is a dangerous person who always lies.","他是个总是说谎的危险人物。","source:ai-generated"
"dare","Dare to try the new recipe!","敢试试这个新食谱吧！","source:ai-generated"
"daring","She has a daring personality.","她性格大胆。","source:ai-generated"
"dark","The dark room was filled with shadows.","黑暗的房间充满了影子。","source:ai-generated"
"darling","My darling is my best friend.","我亲爱的是我的最好朋友。","source:ai-generated"
"dart","He threw a dart at the target.","他向靶子投出一支飞镖。","source:ai-generated"
"dash","The car dashed across the street.","车猛冲过街道。","source:ai-generated"
"data","The data from the survey was analyzed.","调查数据被分析了。","source:ai-generated"
"date","We dated for two weeks before we broke up.","我们约会两周后就分手了。","source:ai-generated"
"datum","The doctor used the datum to diagnose the patient.","医生用这个已知数来诊断病人。","source:ai-generated"
"daughter","She has a daughter who loves to dance.","她有一个喜欢跳舞的女儿。","source:ai-generated"
"dawn","The sun rose at dawn, painting the sky in hues of pink and orange.","太阳在破晓时分升起，将天空染成粉红色和橙色。","source:ai-generated"
"day","We had a long day of work before the evening.","我们在傍晚之前工作了一整天。","source:ai-generated"
"daylight","The garden was bathed in daylight after the morning rain.","雨后的花园沐浴在日光中。","source:ai-generated"
"dazzle","The bright lights dazzled my eyes when I walked into the store.","当我走进商店时，明亮的灯光让我眼花。","source:ai-generated"
"dead","The dead leaves on the ground were covered with a thin layer of frost.","地上的枯叶上覆盖着一层薄霜。","source:ai-generated"
"deaf","She is deaf and cannot hear the sound of the alarm.","她耳聋，无法听到闹钟的声音。","source:ai-generated"
"deafen","The loud noise deafened him after he stepped into the construction site.","他走进工地后，巨大的噪音使他耳聋。","source:ai-generated"
"deal","He made a deal with the neighbor to share the garden space.","他与邻居达成协议，共享花园空间。","source:ai-generated"
"dealer","The dealer at the market sells fruits and vegetables.","市场上的经销商销售水果和蔬菜。","source:ai-generated"
"dear","Dear, can you help me with this problem?","亲爱的，你能帮我解决这个问题吗？","source:ai-generated"
"death","The death of the king was a tragic event.","国王的去世是一个悲剧事件。","source:ai-generated"
"debt","He has a large debt that he needs to pay off.","他有一笔需要还清的大额债务。","source:ai-generated"
"deceit","The deceit in the business deal was discovered by the police.","这笔商业交易中的欺诈行为被警方发现了。","source:ai-generated"
"december","December is the twelfth month of the year.","十二月是年的第十二个月。","source:ai-generated"
"deceptive","The advertisement was deceptive and misled many people.","这则广告具有迷惑性，误导了许多人。","source:ai-generated"
"decide","She decided to move to a new city after the meeting.","会议后，她决定搬到一个新的城市。","source:ai-generated"
"decidedly","The decision was decidedly final.","这个决定是最终的。","source:ai-generated"
"decimal","The decimal system uses base 10.","十进制系统使用基数10。","source:ai-generated"
"decision","He made a decision after careful thought.","他经过深思熟虑后做出了决定。","source:ai-generated"
"deck","The deck of cards has 52 cards.","一副扑克牌有52张牌。","source:ai-generated"
"declaration","The declaration of independence was a bold move.","独立宣言是一个大胆的举动。","source:ai-generated"
"declare","She declared her intention to quit.","她宣布要辞职。","source:ai-generated"
"decline","The temperature declined steadily over the week.","本周温度持续下降。","source:ai-generated"
"decompose","The organic matter decomposed quickly in the warm environment.","在温暖的环境中，有机物很快分解了。","source:ai-generated"
"decorative","The decorative elements on the wall add a touch of elegance to the room.","墙上的装饰元素为房间增添了一抹优雅。","source:ai-generated"
"dedicate","She dedicated her life to helping others.","她将一生奉献于帮助他人。","source:ai-generated"
"deduce","From the clues, I deduced that the suspect was lying.","从线索中，我推断出嫌疑人正在说谎。","source:ai-generated"
"deduct","The company deducted $500 from his salary for the late payment.","公司因他迟付账款从工资中扣除了500美元。","source:ai-generated"
"deed","He signed the deed to transfer the property to his sister.","他签署了一份契约，将房产转让给妹妹。","source:ai-generated"
"deem","I deem it important to study hard for the exam.","我认为努力学习对考试很重要。","source:ai-generated"
"deep","The deep ocean has many undiscovered species.","深海中有很多尚未被发现的物种。","source:ai-generated"
"deepen","The teacher deepened the students' understanding of the topic.","老师加深了学生对这一主题的理解。","source:ai-generated"
"deer","The deer ran quickly through the forest.","鹿快速穿过森林。","source:ai-generated"
"defence","The defence of the city was strong.","城市的防御很坚固。","source:ai-generated"
"defend","He defended his country against the enemy.","他为国家抵御敌人。","source:ai-generated"
"deferential","She has a deferential attitude towards her boss.","她对老板态度恭敬。","source:ai-generated"
"deficiency","The deficiency in his diet caused health problems.","他的饮食中缺乏导致健康问题。","source:ai-generated"
"deficient","The deficient child needs extra help.","这个有缺陷的孩子需要额外帮助。","source:ai-generated"
"deficit","The government has a deficit in its budget.","政府的预算出现赤字。","source:ai-generated"
"definite","The definite answer to the question is yes.","这个问题的明确答案是‘是’。","source:ai-generated"
"definitive","The definitive answer to the question is clear and unambiguous.","这个问题的确定答案是明确且无歧义的。","source:ai-generated"
"deflect","The light beam was deflected by the prism.","光线被棱镜偏转。","source:ai-generated"
"deflection","The deflection of the beam indicates a slight misalignment.","光线的偏转表明存在轻微的错位。","source:ai-generated"
"deform","The metal rod was deformed under heavy pressure.","金属杆在重压下发生了变形。","source:ai-generated"
"deformation","The deformation of the metal caused structural instability.","金属的变形导致了结构不稳定。","source:ai-generated"
"degenerate","The economic system has degenerated into a state of chaos.","经济体系已经退化为混乱状态。","source:ai-generated"
"degradation","The quality of the product has undergone degradation due to poor storage.","由于储存不当，产品质量发生了退化。","source:ai-generated"
"degrade","The employee was degraded from his position after repeated misconduct.","因多次不当行为，该员工被降级。","source:ai-generated"
"degree","The temperature is a measure of degree.","温度是程度的度量。","source:ai-generated"
"delay","The project was delayed due to unexpected problems.","由于意外问题，该项目被耽搁了。","source:ai-generated"
"delegate","She delegated the task to her assistant.","她将任务委派给她的助手。","source:ai-generated"
"delegation","The delegation arrived at the conference venue.","代表团抵达了会议场地。","source:ai-generated"
"delete","The software automatically deletes unnecessary files.","该软件会自动删除不必要的文件。","source:ai-generated"
"deliberately","He deliberately broke the window.","他故意打破了窗户。","source:ai-generated"
"delicacy","The delicacy of the dish is exquisite.","这道菜的精致程度令人赞叹。","source:ai-generated"
"delicious","The food is delicious.","这道菜很美味。","source:ai-generated"
"delight","She felt a great delight when she saw her favorite painting.","当她看到最喜爱的画作时，她感到极大的高兴。","source:ai-generated"
"deliver","The teacher delivered a clear explanation of the complex concept.","老师对这个复杂概念进行了清晰的阐述。","source:ai-generated"
"delivery","The delivery of the package was delayed due to bad weather.","由于天气恶劣，包裹的递送被延迟了。","source:ai-generated"
"delusion","His delusion about his abilities led him to make unrealistic promises.","他对自身能力的错觉使他做出了不切实际的承诺。","source:ai-generated"
"democracy","The country's democracy is based on the rule of law.","该国的民主制度建立在法治的基础上。","source:ai-generated"
"democratic","The democratic government ensures equal rights for all citizens.","民主政府确保所有公民享有平等的权利。","source:ai-generated"
"demography","The demography of the city shows a growing population.","该城市的统计数据显示人口正在增长。","source:ai-generated"
"denote","The arrow denotes the direction of the river.","箭头表示河流的方向。","source:ai-generated"
"denounce","He denounced the corruption in the government.","他谴责政府的腐败。","source:ai-generated"
"dense","The forest is dense with trees.","森林树木密集。","source:ai-generated"
"density","The density of the metal is high.","金属的密度很高。","source:ai-generated"
"depart","She departed for the city in the morning.","她早晨出发去城市。","source:ai-generated"
"department","The marketing department handles customer complaints.","市场部负责处理客户投诉。","source:ai-generated"
"departure","The departure of the train is at 9 a.m.","火车9点发车。","source:ai-generated"
"depend","The success of the project depends on teamwork.","项目的成功取决于团队合作。","source:ai-generated"
"dependant","His dependant is his elderly mother.","他的家眷是年迈的母亲。","source:ai-generated"
"dependent","She is a dependent who relies on her parents for financial support.","她是一个依赖父母经济支持的人。","source:ai-generated"
"deploy","The military deployed new equipment to strengthen their defense.","军队部署了新装备以加强防御。","source:ai-generated"
"deport","The police deported him to a different country after he committed a serious crime.","由于他犯了严重罪行，警方将他驱逐出境。","source:ai-generated"
"deportation","The deportation process can take several months.","驱逐出境程序可能需要几个月时间。","source:ai-generated"
"deposit","Please deposit the money into your bank account.","请将钱存入您的银行账户。","source:ai-generated"
"deposition","The geologist studied the deposition of sediment in the riverbed.","地质学家研究了河流床中沉积物的沉积过程。","source:ai-generated"
"depress","The heavy rain depressed the local economy by reducing business activity.","持续的暴雨使当地经济陷入萧条，因为商业活动减少。","source:ai-generated"
"depth","The depth of the ocean is about 10,000 meters.","海洋的深度约为10,000米。","source:ai-generated"
"deputy","The deputy manager handles the day-to-day operations of the company.","公司副经理负责日常运营。","source:ai-generated"
"derivation","The derivation of the equation is straightforward.","该方程的推导过程很简单。","source:ai-generated"
"descend","The sun descended below the horizon.","太阳落山了。","source:ai-generated"
"descendant","His descendant inherited the family business.","他的后裔继承了家族企业。","source:ai-generated"
"descent","The descent of the planet Mars is a natural phenomenon.","火星的降落是一个自然现象。","source:ai-generated"
"description","The description of the product includes its features and specifications.","该产品的描述包含其功能和规格。","source:ai-generated"
"desert","He deserted his post to avoid the conflict.","他因避免冲突而弃职。","source:ai-generated"
"designate","The committee designated the new leader for the project.","委员会指定了新项目负责人。","source:ai-generated"
"desk","She placed her laptop on the desk.","她把笔记本电脑放在书桌上。","source:ai-generated"
"desolate","The desolate landscape left him feeling alone.","荒凉的景色让他感到孤独。","source:ai-generated"
"despair","After years of effort, he finally felt despair.","经过多年的努力，他最终感到绝望。","source:ai-generated"
"despatch","The manager despatched the package to the client.","经理将包裹派送给客户。","source:ai-generated"
"desperate","He was desperate to finish the project before the deadline.","他迫切希望在截止日期前完成项目。","source:ai-generated"
"desperately","She desperately needed help from her friends.","她迫切需要朋友的帮助。","source:ai-generated"
"dessert","He enjoyed a slice of dessert after dinner.","他晚餐后享用了一块甜点。","source:ai-generated"
"destine","The stars destined him for a great future.","星星注定他拥有光明的未来。","source:ai-generated"
"destroy","The fire destroyed the ancient temple.","火灾摧毁了古老的寺庙。","source:ai-generated"
"detach","The mechanic detached the engine from the car.","机械师将发动机从汽车上拆下。","source:ai-generated"
"detain","The police detained the suspect for questioning.","警察扣留嫌疑人进行审问。","source:ai-generated"
"detection","The detection of the virus in the early stage was critical for public health.","早期病毒的检测对公共卫生至关重要。","source:ai-generated"
"detector","The radio detector picks up signals from space.","无线电探测器接收来自太空的信号。","source:ai-generated"
"determination","Her determination helped her overcome the challenges.","她的决心帮助她克服了挑战。","source:ai-generated"
"determine","We need to determine the cause of the problem.","我们需要确定问题的原因。","source:ai-generated"
"develop","The plant developed new leaves after the rain.","雨后植物长出了新的叶子。","source:ai-generated"
"development","The economic development of the region has been significant.","该地区的经济发展十分显著。","source:ai-generated"
"deviate","The car deviated from the planned route due to heavy rain.","由于暴雨，汽车偏离了原定路线。","source:ai-generated"
"deviation","The small deviation in the experiment caused the results to be inaccurate.","实验中的微小偏差导致结果不准确。","source:ai-generated"
"devil","The devil is a creature of evil.","魔鬼是一种邪恶的生物。","source:ai-generated"
"devise","He devised a new method to solve the problem.","他设计了一种新方法来解决问题。","source:ai-generated"
"devotion","Her deep devotion to her family is evident in her actions.","她对家人的深厚热爱体现在她的行动中。","source:ai-generated"
"devour","He devoured the entire book in one sitting.","他一坐下来就将整本书读完了。","source:ai-generated"
"dew","The morning dew glistened under the sun.","清晨的露珠在阳光下闪闪发光。","source:ai-generated"
"diagnose","The doctor diagnosed the patient with a rare disease.","医生诊断出患者患有罕见疾病。","source:ai-generated"
"diagnostic","This diagnostic tool helps identify the problem quickly.","这种诊断工具能快速识别问题。","source:ai-generated"
"diagram","The teacher created a simple diagram to explain the concept.","老师创建了一个简单的图表来解释这个概念。","source:ai-generated"
"dial","The dial on the clock shows the time clearly.","钟表上的刻度盘清晰显示时间。","source:ai-generated"
"dialect","They speak in a local dialect that is different from standard language.","他们使用与标准语言不同的方言进行交流。","source:ai-generated"
"dialog","The conversation between the two friends was a natural dialog.","这两个朋友之间的对话很自然。","source:ai-generated"
"diameter","The diameter of the circle is 10 centimeters.","圆的直径是10厘米。","source:ai-generated"
"diamond","She found a diamond in the jewelry store.","她在珠宝店发现了一颗钻石。","source:ai-generated"
"diary","She kept a diary to record her daily thoughts.","她记录日常想法的日记本。","source:ai-generated"
"dictation","The teacher gave dictation exercises to improve students' listening skills.","老师布置听写练习以提高学生的听力技能。","source:ai-generated"
"dictator","The dictator ruled the country with strict control.","独裁者以严格控制统治国家。","source:ai-generated"
"dictionary","The dictionary is a book that lists words and their meanings.","词典是一本列出单词及其含义的书。","source:ai-generated"
"die","He died in a car accident last week.","他上周在车祸中去世。","source:ai-generated"
"diesel","The diesel engine is used in heavy machinery.","柴油机用于重型机械。","source:ai-generated"
"diet","She followed a strict diet to lose weight.","她遵循严格的饮食计划以减肥。","source:ai-generated"
"differ","The two products differ in price and quality.","这两种产品在价格和质量上有所不同。","source:ai-generated"
"difference","The difference between the two versions is very small.","两个版本之间的差异很小。","source:ai-generated"
"different","This plan is different from the previous one.","这个方案与之前的方案有明显不同","source:ai-generated"
"differentiate","He needs to differentiate between two different opinions.","他需要区分两种不同的观点","source:ai-generated"
"difficult","This problem is difficult to solve.","这个问题很难解决","source:ai-generated"
"difficulty","Learning a new language can cause many difficulties.","学习一门新语言会带来很多困难","source:ai-generated"
"diffuse","Sunlight diffuses through the leaves to create patches of light on the ground.","阳光透过树叶在地面上形成斑驳的光影","source:ai-generated"
"dig","He is digging a small trench.","他正在挖一条小沟渠","source:ai-generated"
"digital","This device uses digital display.","这个设备使用数字显示","source:ai-generated"
"diligence","She showed great diligence in her work.","她在工作中表现出极大的勤奋。","source:ai-generated"
"dilute","He diluted the juice with water.","他用水稀释了果汁。","source:ai-generated"
"dimension","The dimension of the room is 5 meters by 4 meters.","房间的尺寸是5米乘4米。","source:ai-generated"
"diminish","The population will diminish over time.","人口将随时间减少。","source:ai-generated"
"dinner","We had dinner at a restaurant last night.","昨晚我们在一家餐厅吃晚饭。","source:ai-generated"
"dioxide","Carbon dioxide is a common greenhouse gas.","二氧化碳是一种常见的温室气体。","source:ai-generated"
"dip","She dipped her spoon in the soup.","她把勺子伸进汤里。","source:ai-generated"
"diplomatic","He has diplomatic skills that help him negotiate.","他有外交技巧，有助于他进行谈判。","source:ai-generated"
"direct","The direct approach to problem-solving is efficient.","解决问题的直接方法很高效。","source:ai-generated"
"direction","The wind direction affects the weather patterns.","风向影响天气模式。","source:ai-generated"
"directly","She walked directly to the store without stopping.","她直接走到商店，没有停下来。","source:ai-generated"
"director","The film director made a great decision for the movie.","电影导演为电影做出了一个很好的决定。","source:ai-generated"
"dirt","The child played in the dirt after the rain.","雨后，孩子在泥地里玩耍。","source:ai-generated"
"dirty","The clothes were dirty after washing.","洗完后衣服变得脏了。","source:ai-generated"
"disadvantage","The main disadvantage of this plan is cost.","这个计划的主要缺点是成本。","source:ai-generated"
"disagree","They disagree on the outcome of the project.","他们对项目的结局意见不一致。","source:ai-generated"
"disagreement","The team had a major disagreement about the project plan.","团队对项目计划存在重大分歧。","source:ai-generated"
"disappear","The bird disappeared into the forest.","鸟儿消失在森林中。","source:ai-generated"
"disappearance","The disappearance of the missing child shocked the community.","失踪儿童的消失令社区震惊。","source:ai-generated"
"disappoint","Her late arrival disappointed the teacher.","她迟到让老师感到失望。","source:ai-generated"
"disapproval","The report received widespread disapproval from the committee.","该报告遭到委员会的广泛反对。","source:ai-generated"
"discern","He could discern the faint sound of the approaching train.","他能听到接近的火车的微弱声响。","source:ai-generated"
"disclose","The detective disclosed the truth about the theft.","侦探揭露了盗窃案的真相。","source:ai-generated"
"discontented","The workers were discontented with the new management.","工人对新管理层感到不满。","source:ai-generated"
"discourage","The teacher tried to discourage the student from cheating.","老师试图劝阻学生作弊。","source:ai-generated"
"discourse","She gave a lively discourse on the history of science.","她就科学史进行了生动的演讲。","source:ai-generated"
"discover","They discovered a new species of animal in the jungle.","他们在丛林中发现了一个新物种的动物。","source:ai-generated"
"discovery","The discovery of penicillin revolutionized medicine.","青霉素的发现革新了医学。","source:ai-generated"
"discrepancy","There is a discrepancy between the data and the theory.","数据与理论之间存在差异。","source:ai-generated"
"discrete","The discrete data points were plotted on the graph.","离散的数据点被绘制在图表上。","source:ai-generated"
"discrimination","Racial discrimination is a serious problem in many societies.","种族歧视是许多社会中一个严重的问题。","source:ai-generated"
"discuss","We need to discuss the project plan with the team.","我们需要与团队讨论项目计划。","source:ai-generated"
"discussion","We had a long discussion about the project plan.","我们对项目计划进行了长时间的讨论。","source:ai-generated"
"disgrace","His actions caused a great disgrace to the family.","他的行为给家庭带来了极大的耻辱。","source:ai-generated"
"dish","She placed the food on the dish.","她把食物放在盘子上。","source:ai-generated"
"dishonor","The betrayal led to his dishonor.","背叛导致了他名誉的丧失。","source:ai-generated"
"dishonour","The scandal brought dishonour to the company.","丑闻使公司蒙受了耻辱。","source:ai-generated"
"disillusion","The news disillusioned the team about their chances.","消息让团队对他们的机会产生了幻灭。","source:ai-generated"
"disillusioned","After the failure, he became disillusioned with the system.","失败后，他对这个系统感到幻灭。","source:ai-generated"
"disk","The computer uses a hard disk for storage.","计算机使用硬盘进行存储。","source:ai-generated"
"dislike","I dislike the way he speaks to me.","他说话的方式让我很讨厌。","source:ai-generated"
"disobedience","Her disobedience caused the teacher to be angry.","她的不听话让老师很生气。","source:ai-generated"
"disorient","The sudden noise disoriented him.","突然的噪音让他感到迷失方向。","source:ai-generated"
"dispatch","The company dispatched the package to the client.","公司把包裹寄给了客户。","source:ai-generated"
"dispense","The doctor dispensed the medicine after checking the patient.","医生在检查病人后开出了药。","source:ai-generated"
"disperse","The crowd dispersed quickly after the event ended.","活动结束后，人群迅速散去。","source:ai-generated"
"displace","The earthquake displaced many people from their homes.","地震使许多人失去了家园。","source:ai-generated"
"displacement","The displacement of the land caused by the earthquake was significant.","地震造成的土地位移相当严重。","source:ai-generated"
"displease","The bad news made him displease.","坏消息让他不高兴。","source:ai-generated"
"dispose","She disposed the letters neatly.","她整齐地处理了信件。","source:ai-generated"
"disposition","His disposition was very friendly.","他的性格非常友好。","source:ai-generated"
"disproportionate","The amount of money is disproportionate to the cost.","这笔钱的数额与成本不成比例。","source:ai-generated"
"dispute","They had a dispute over the contract terms.","他们就合同条款产生了争执。","source:ai-generated"
"disruptive","The noise was disruptive to the meeting.","噪音干扰了会议。","source:ai-generated"
"dissatisfaction","The customer expressed dissatisfaction with the service.","客户对服务表示不满。","source:ai-generated"
"dissatisfy","The poor quality dissatisfies the customers.","产品质量差让客户不满意。","source:ai-generated"
"disservice","The government's disservice to the public has been widely criticized.","政府对公众的损害行为受到广泛批评。","source:ai-generated"
"dissipate","The heat from the sun dissipates into the atmosphere.","太阳的热量散发到大气中。","source:ai-generated"
"dissolve","The sugar dissolves in hot water.","糖在热水中溶解。","source:ai-generated"
"distance","The distance between the two cities is 500 kilometers.","两个城市之间的距离是500公里。","source:ai-generated"
"distant","The moon is a distant object in the night sky.","月亮是夜空中一个遥远的物体。","source:ai-generated"
"distil","The process of distil alcohol requires careful temperature control.","蒸馏酒精的过程需要精确的温度控制。","source:ai-generated"
"distill","Distill the essential oil from the plant using steam.","用蒸汽从植物中蒸馏出精油。","source:ai-generated"
"distinction","The distinction between right and wrong is crucial in moral decisions.","对正确与错误的区分在道德决策中至关重要。","source:ai-generated"
"distinctive","Her distinctive style makes her stand out in the crowd.","她的独特风格让她在人群中脱颖而出。","source:ai-generated"
"distinctly","He spoke distinctly to ensure everyone could hear him.","他清晰地说话以确保每个人都能听到。","source:ai-generated"
"distort","The news report distorted the truth by omitting key details.","新闻报道通过省略关键细节歪曲了事实。","source:ai-generated"
"distortion","The image distortion caused by the faulty camera lens was noticeable.","由于镜头故障导致的图像失真非常明显。","source:ai-generated"
"distress","The child's distress was evident when he cried for help.","当孩子哭喊求救时，他的痛苦显而易见。","source:ai-generated"
"distribute","The teacher distributed the worksheets to the students.","老师将练习纸分发给学生们。","source:ai-generated"
"district","The city is divided into several districts for better management.","城市被划分为几个区域以便更好地管理。","source:ai-generated"
"disturb","The loud noise disturbed the peace of the quiet room.","嘈杂的声音打扰了安静房间的宁静。","source:ai-generated"
"disturbance","The constant noise caused a disturbance in the quiet neighborhood.","持续的噪音让安静的社区产生了不安。","source:ai-generated"
"ditch","He dug a ditch to channel the rainwater away from the house.","他挖了一条沟渠，将雨水引开到房子外面。","source:ai-generated"
"dive","The diver performed a perfect dive into the pool.","跳水运动员在泳池中完成了一个完美的跳水动作。","source:ai-generated"
"diverge","The two roads diverge after the bridge.","桥后两条路分道而行。","source:ai-generated"
"diversify","To diversify his income, he started a side business.","为了增加收入来源，他开始了一项副业。","source:ai-generated"
"diversion","The children's game was a temporary diversion from their homework.","孩子们的游戏是他们完成作业的短暂休息。","source:ai-generated"
"divert","The teacher diverted the class's attention to a fun activity.","老师将全班同学的注意力转移到一个有趣活动中。","source:ai-generated"
"divide","The river divides the town into two parts.","这条河将小镇分成两部分。","source:ai-generated"
"division","The company's division of the business was restructured to improve efficiency.","公司业务的部门被重新调整以提高效率。","source:ai-generated"
"do","She decided to do the project by herself.","她决定自己完成这个项目。","source:ai-generated"
"doctor","The doctor diagnosed the patient's condition after the examination.","医生在检查后诊断了患者的病情。","source:ai-generated"
"doctrine","The religious doctrine emphasizes the importance of faith.","该宗教教义强调信仰的重要性。","source:ai-generated"
"document","The document was signed by the president and sent to the committee.","这份文件由总统签署后提交给委员会。","source:ai-generated"
"documentary","The documentary shows the impact of climate change on coastal communities.","这部纪录片展示了气候变化对沿海社区的影响。","source:ai-generated"
"dog","The dog followed the cat to the garden.","狗跟着猫来到花园。","source:ai-generated"
"dollar","The dollar is the official currency of the United States.","美元是美国的官方货币。","source:ai-generated"
"dominant","The dominant trait in the genetic cross was the red color.","在遗传杂交中占优势的性状是红色。","source:ai-generated"
"dominate","The boss dominated the meeting with his authoritative presence.","老板凭借其权威气场主导了会议。","source:ai-generated"
"donkey","The donkey was the only animal that could carry the heavy load.","驴是唯一能承载重物的动物。","source:ai-generated"
"doom","The storm brought doom to the small village.","这场风暴给小村庄带来了厄运。","source:ai-generated"
"door","She opened the door to let the cat in.","她打开门让猫进去。","source:ai-generated"
"dorm","Students often study in the dorm after classes.","课后，学生们经常在宿舍学习。","source:ai-generated"
"dormant","The plant's dormant stage lasts for several months.","植物的休眠期持续了几个月。","source:ai-generated"
"dormitory","The dormitory has a common kitchen for all students.","宿舍为所有学生提供了一个公共厨房。","source:ai-generated"
"dose","The doctor prescribed a specific dose of the medication.","医生开了一种特定剂量的药物。","source:ai-generated"
"dot","She placed a dot on the paper to mark the location.","她在纸上点了一个点来标记位置。","source:ai-generated"
"double","The recipe requires double the amount of sugar.","食谱要求糖的用量加倍。","source:ai-generated"
"doubt","I have a doubt about the accuracy of the results.","我对结果的准确性有疑虑。","source:ai-generated"
"doubtful","He is doubtful about the new plan's success.","他对新计划的成功持怀疑态度。","source:ai-generated"
"doubtless","The evidence is doubtless proof of the theory.","这些证据无疑是该理论的证明。","source:ai-generated"
"dove","The dove flew slowly across the sky.","鸽子缓缓地飞过天空。","source:ai-generated"
"down","She pushed the button down to lower the window.","她向下按按钮以降低窗户。","source:ai-generated"
"downstairs","She went downstairs to get the keys.","她去楼下拿钥匙。","source:ai-generated"
"downturn","The economy experienced a downturn after the recession.","经济衰退后，经济出现了下滑趋势。","source:ai-generated"
"downward","The price of the house decreased downward.","房子的价格呈下降趋势。","source:ai-generated"
"dozen","He bought a dozen eggs at the market.","他在市场买了十二个鸡蛋。","source:ai-generated"
"dragon","The dragon was the most powerful creature in the myth.","在神话中，龙是最强大的生物。","source:ai-generated"
"drain","The leaky faucet drained water slowly.","漏水的水龙头缓慢地排水。","source:ai-generated"
"drainage","The drainage system helps prevent flooding.","排水系统有助于防止洪水。","source:ai-generated"
"drama","She loves watching drama on television.","她喜欢在电视上看戏剧。","source:ai-generated"
"dramatic","The dramatic scene in the play left the audience speechless.","这场戏剧性的情节让观众无言以对。","source:ai-generated"
"draw","She drew a picture of the sunset on the paper.","她在纸上画了一幅日落的画。","source:ai-generated"
"drawer","The drawer was open, revealing a stack of old letters.","抽屉是开着的，露出一叠旧信件。","source:ai-generated"
"drawing","The drawing shows a beautiful landscape with mountains and rivers.","这幅画展示了一幅美丽的山水景色。","source:ai-generated"
"dream","He dreams of traveling the world one day.","他梦想有一天能环游世界。","source:ai-generated"
"dress","She dressed in a red dress for the wedding.","她为婚礼穿了一件红色的连衣裙。","source:ai-generated"
"drift","The boat drifted slowly downstream.","船缓缓地顺流漂浮。","source:ai-generated"
"drink","Let's drink some water to stay hydrated.","让我们喝点水以保持水分。","source:ai-generated"
"drip","The raindrops formed a steady drip on the window.","雨水在窗户上形成稳定的水滴。","source:ai-generated"
"drive","She drove her car to the store quickly.","她快速开汽车去商店。","source:ai-generated"
"driver","The driver of the red car was very careful.","红色汽车的司机非常小心。","source:ai-generated"
"drop","He dropped the book on the floor.","他把书掉在了地板上。","source:ai-generated"
"drown","If you don't swim carefully, you might drown.","如果你不仔细游泳，可能会淹死。","source:ai-generated"
"drug","He took a drug to relieve his pain.","他服用一种药物来缓解疼痛。","source:ai-generated"
"drum","The children played drums at the party.","孩子们在派对上敲鼓。","source:ai-generated"
"drunk","He was drunk after drinking too much alcohol.","他喝太多酒后醉了。","source:ai-generated"
"dry","The soil was dry after the long drought.","干旱后，土壤变得干涸。","source:ai-generated"
"dub","The producer dubbed the character with a unique name.","制片方为角色赋予了一个独特的名字。","source:ai-generated"
"duck","He ducked under the falling branch.","他躲开掉落的树枝。","source:ai-generated"
"due","The payment is due on the 15th of this month.","本月15日应支付款项。","source:ai-generated"
"duke","The duke attended the royal ceremony.","公爵出席了皇家仪式。","source:ai-generated"
"dull","The weather was dull and gray.","天气阴沉灰暗。","source:ai-generated"
"dully","He responded dully to the question.","他对这个问题回答得很迟钝。","source:ai-generated"
"dumb","The baby was dumb and silent.","婴儿不说话，很安静。","source:ai-generated"
"dump","He dumped the trash in the garbage dump.","他把垃圾倒在垃圾场。","source:ai-generated"
"duplicate","The software can create a duplicate of the file.","该软件可以创建文件的副本。","source:ai-generated"
"durable","This material is durable and can withstand heavy use.","这种材料耐用，能承受大量使用。","source:ai-generated"
"duration","The duration of the meeting is 30 minutes.","会议的持续时间为30分钟。","source:ai-generated"
"during","We were discussing the project during the meeting.","我们在会议期间讨论了项目。","source:ai-generated"
"dusk","The sky turned dark as the dusk approached.","天空随着黄昏的到来逐渐变暗。","source:ai-generated"
"dust","She dusted the furniture to keep it clean.","她擦拭家具以保持其清洁。","source:ai-generated"
"duty","He has a duty to report the incident to the authorities.","他有责任向当局报告该事件。","source:ai-generated"
"dwell","She decided to dwell in the countryside to escape city life.","她决定住在乡下以逃离城市生活。","source:ai-generated"
"dwelling","The old dwelling was built by the river in the 18th century.","这座老房子建于18世纪的河边。","source:ai-generated"
"dye","The artist used dye to create vibrant colors in her paintings.","这位艺术家用染料在画作中创造出鲜艳的颜色。","source:ai-generated"
"dying","The patient is in a dying state due to the severe illness.","由于严重疾病，病人已处于垂死状态。","source:ai-generated"
"dynamic","The company's dynamic approach to innovation has attracted many investors.","公司积极创新的策略吸引了许多投资者。","source:ai-generated"
"dynamical","The dynamical model helps predict weather changes accurately.","动力学模型能准确预测天气变化。","source:ai-generated"
"dynamo","The dynamo in the car generates electricity for the engine.","汽车中的发电机为引擎提供电力。","source:ai-generated"
"each","Each student must submit their assignment by Friday.","每个学生必须在周五前提交作业。","source:ai-generated"
"eager","She was eager to help her friends with their homework.","她急切地想帮朋友完成作业。","source:ai-generated"
"ear","The child listened carefully to the teacher's explanation through his ear.","孩子通过耳朵仔细听老师讲解。","source:ai-generated"
"early","He woke up early in the morning to catch the bus.","他清晨醒来赶公交车。","source:ai-generated"
"earn","She earned a lot of money by working hard.","她通过努力工作赚了很多钱。","source:ai-generated"
"earnest","He gave an earnest answer to the question.","他认真地回答了这个问题。","source:ai-generated"
"earnings","His monthly earnings are enough to cover his living expenses.","他的月收入足以覆盖生活开支。","source:ai-generated"
"earth","The earth was covered with a thick layer of soil.","大地被一层厚厚的土壤覆盖。","source:ai-generated"
"earthenware","The pottery is made from earthenware.","这种陶器是用陶土制成的。","source:ai-generated"
"earthquake","The earthquake caused a lot of damage in the city.","地震导致城市遭受了大量破坏。","source:ai-generated"
"ease","She eased her anxiety by taking deep breaths.","她通过深呼吸缓解了焦虑。","source:ai-generated"
"easily","He can solve problems easily.","他能轻松地解决问题。","source:ai-generated"
"east","The sun rises in the east.","太阳从东方升起。","source:ai-generated"
"eastern","Eastern countries have different cultural traditions.","东方国家有不同的文化传统。","source:ai-generated"
"eastward","We traveled eastward to reach the mountains.","我们向东行进以到达山脉。","source:ai-generated"
"easy","This task is easy for beginners.","这对初学者来说很简单。","source:ai-generated"
"eat","I eat breakfast every morning.","我每天早上吃早餐。","source:ai-generated"
"echo","The sound of the echo made me jump.","回声让我跳了起来。","source:ai-generated"
"economically","She spends money economically to save costs.","她经济地花钱以节省成本。","source:ai-generated"
"economics","Economics is the study of how societies allocate resources.","经济学是研究社会如何分配资源的学科。","source:ai-generated"
"ecosystem","The forest ecosystem supports a variety of wildlife.","森林生态系统支持多种野生动物。","source:ai-generated"
"edge","The sharp edge of the knife cut the paper.","刀刃的锋利边缘切开了纸。","source:ai-generated"
"edit","The editor will edit the manuscript carefully.","编辑将仔细校对手稿。","source:ai-generated"
"edition","This is the latest edition of the book.","这是这本书的最新版本。","source:ai-generated"
"editor","The editor reviewed the article for accuracy.","编辑检查了文章的准确性。","source:ai-generated"
"editorial","The editorial in the newspaper criticized the government's recent policies.","报纸上的社论批评了政府最近的政策。","source:ai-generated"
"educate","Teachers educate students by providing them with knowledge and skills.","老师通过传授知识和技能来教育学生。","source:ai-generated"
"education","Education is essential for personal development and societal progress.","教育对个人发展和社会进步至关重要。","source:ai-generated"
"effect","The new policy had a positive effect on the economy.","新政策对经济产生了积极影响。","source:ai-generated"
"effort","She made great effort to complete the project on time.","她努力按时完成了这个项目。","source:ai-generated"
"egg","The chicken laid a white egg.","母鸡下了一个白鸡蛋。","source:ai-generated"
"egyptian","The Egyptian ambassador arrived in Beijing yesterday.","埃及大使昨天抵达北京。","source:ai-generated"
"eight","There are eight planets in our solar system.","太阳系有八个行星。","source:ai-generated"
"eighteen","She has eighteen years of experience.","她有十八年工作经验。","source:ai-generated"
"eighth","This is the eighth day of the month.","这是这个月的第八天。","source:ai-generated"
"eighty","He bought eighty dollars worth of books.","他买了价值八十美元的书。","source:ai-generated"
"either","Either of the two options is acceptable.","两个选项中的任何一个都是可以接受的。","source:ai-generated"
"eject","The fire alarm ejected smoke from the building.","火灾警报从建筑物中喷出烟雾。","source:ai-generated"
"elapse","Time elapses quickly when you're busy.","当你忙于工作时，时间过得很快。","source:ai-generated"
"elastic","The elastic band holds the clothes together.","橡皮筋把衣服固定在一起。","source:ai-generated"
"elbow","He used his elbow to push the door open.","他用手肘把门推开。","source:ai-generated"
"elder","The elder brother helped me with my homework.","哥哥帮我完成了作业。","source:ai-generated"
"elect","She elected to run for office.","她决定竞选公职。","source:ai-generated"
"election","The election results were announced yesterday.","选举结果昨天就公布了。","source:ai-generated"
"electrode","The battery uses two electrodes to store energy.","电池使用两个电极来储存能量。","source:ai-generated"
"electron","Electrons flow from the negative to the positive terminal.","电子从负极流向正极。","source:ai-generated"
"electronics","He studied electronics in college.","他在大学里学习电子学。","source:ai-generated"
"elemental","Elemental particles make up all matter.","基本粒子构成了所有物质。","source:ai-generated"
"elephant","The elephant is the largest land animal.","大象是最大的陆地动物。","source:ai-generated"
"elevate","She elevated her spirits by reading a motivational book.","她通过阅读励志书籍提升精神状态。","source:ai-generated"
"elevation","The mountain's elevation is 2,000 meters above sea level.","这座山的海拔高度是2000米。","source:ai-generated"
"elevator","The elevator in the building stopped at the 10th floor.","大楼里的电梯停在了10层。","source:ai-generated"
"eleven","There are eleven students in the classroom.","教室里有11个学生。","source:ai-generated"
"eleventh","The eleventh student was chosen to represent the class.","第11个学生被选为班级代表。","source:ai-generated"
"elicit","The teacher asked questions to elicit more information from the students.","老师提问以获取学生更多的信息。","source:ai-generated"
"elimination","The elimination round of the competition was held last week.","比赛的淘汰赛在上周举行。","source:ai-generated"
"elite","The elite team consists of the most skilled athletes in the country.","精英队由国家最优秀的运动员组成。","source:ai-generated"
"elliptical","The orbit of the planet is elliptical.","行星的轨道是椭圆形的。","source:ai-generated"
"eloquence","She has remarkable eloquence in public speaking.","她在公开演讲中口才出众。","source:ai-generated"
"else","What did you do else today?","你今天除了做什么？","source:ai-generated"
"elsewhere","The meeting will be held elsewhere next week.","会议下周将在别处举行。","source:ai-generated"
"embark","We embarked on a new project last week.","我们上周开始了一个新项目。","source:ai-generated"
"embassy","The French embassy in Beijing is located in the diplomatic zone.","北京的法国大使馆位于外交区内。","source:ai-generated"
"embed","The teacher embedded the concept in the students' minds.","老师将这一概念深深嵌入学生们的脑海中。","source:ai-generated"
"embody","The statue embodies the spirit of freedom.","这座雕像体现了自由的精神。","source:ai-generated"
"embrace","She embraced her child with love.","她用爱拥抱了孩子。","source:ai-generated"
"embroidery","The dress features intricate embroidery.","这件裙子装饰着精美的刺绣。","source:ai-generated"
"emerge","The sun began to emerge over the horizon.","太阳开始从地平线上升起。","source:ai-generated"
"emigrate","Many people emigrate to seek better opportunities.","许多人移民以寻求更好的机会。","source:ai-generated"
"emission","The emission of carbon dioxide contributes to global warming.","二氧化碳的排放导致全球变暖。","source:ai-generated"
"emit","The light bulb emits light when it's on.","灯泡通电时会发光。","source:ai-generated"
"emotional","She is an emotional person who cries easily.","她情绪化，容易哭泣。","source:ai-generated"
"emperor","The emperor ruled over a vast empire.","皇帝统治着一个庞大的帝国。","source:ai-generated"
"empire","The ancient Roman empire was one of the largest in history.","古代罗马帝国是历史上最大的帝国之一。","source:ai-generated"
"employ","The company employs 500 people in its headquarters.","该公司在总部雇佣了500名员工。","source:ai-generated"
"employee","She is an employee who works in the marketing department.","她是市场部的一名员工。","source:ai-generated"
"employer","My father is the employer of the small business.","我父亲是这家小企业的雇主。","source:ai-generated"
"empty","The bottle is completely empty after drinking all the water.","喝完水后，瓶子是空的。","source:ai-generated"
"enable","This software enables users to create their own applications.","这款软件使用户能够创建自己的应用程序。","source:ai-generated"
"enchant","The magician's spell enchanted the audience with his performance.","魔术师的表演让观众着迷。","source:ai-generated"
"enclose","Please enclose your letter in a protective envelope.","请将信件放入保护信封中。","source:ai-generated"
"enclosure","The garden has a wooden enclosure around it.","花园周围有木制围栏。","source:ai-generated"
"end","The end of the story is a happy resolution.","故事的结局是一个幸福的收场。","source:ai-generated"
"endanger","The new policy endangers public safety.","新政策危及公共安全。","source:ai-generated"
"endeavour","She made great endeavours to finish the project on time.","她努力在截止日期前完成这个项目。","source:ai-generated"
"ending","The movie's ending was quite surprising.","这部电影的结局相当出人意料。","source:ai-generated"
"endless","The ocean is endless in its beauty.","海洋的美丽是无穷无尽的。","source:ai-generated"
"endow","The charity endows children with educational resources.","慈善机构向儿童提供教育资源。","source:ai-generated"
"endurance","Her endurance during the marathon was impressive.","她在马拉松比赛中的耐力令人印象深刻。","source:ai-generated"
"enemy","He has a strong enemy in the business world.","他在商界有一个强劲的对手。","source:ai-generated"
"energize","The new exercise routine energizes me every morning.","新的锻炼计划每天早上都能让我充满活力。","source:ai-generated"
"energy","Solar energy is a clean and renewable resource.","太阳能是一种清洁且可再生的资源。","source:ai-generated"
"enforce","The law requires that we enforce strict safety regulations.","法律要求我们必须严格执行安全规定。","source:ai-generated"
"engineer","She is an engineer who designs bridges.","她是一名设计桥梁的工程师。","source:ai-generated"
"engineering","Engineering is a field that applies science to practical problems.","工程学是将科学应用于实际问题的领域。","source:ai-generated"
"england","England is a country in the United Kingdom.","英格兰是英国的一个国家。","source:ai-generated"
"english","English is the official language of the United Kingdom.","英语是英国的官方语言。","source:ai-generated"
"englishman","He is an Englishman who speaks fluent English.","他是一位说流利英语的英国人。","source:ai-generated"
"enhance","Regular exercise can enhance your physical health.","定期锻炼可以增强你的身体健康。","source:ai-generated"
"enjoy","She enjoys reading books in her free time.","她在空闲时间喜欢读书。","source:ai-generated"
"enlarge","The company decided to enlarge its operations to new markets.","公司决定扩大业务到新市场。","source:ai-generated"
"enlighten","The teacher's lesson enlightened the students about the importance of teamwork.","老师的课程让同学们明白了团队合作的重要性。","source:ai-generated"
"enough","We have enough time to finish the project.","我们有足够的时间完成这个项目。","source:ai-generated"
"ensue","The accident will ensue if we don't take precautions.","如果我们不采取预防措施，事故将会发生。","source:ai-generated"
"ensure","It is important to ensure that all safety measures are in place.","确保所有安全措施到位是很重要的。","source:ai-generated"
"entail","The project entails significant financial risks.","该项目涉及重大财务风险。","source:ai-generated"
"enter","She entered the room quietly.","她悄悄地走进了房间。","source:ai-generated"
"enterprise","The company's enterprise spirit drives innovation.","公司的进取精神推动创新。","source:ai-generated"
"entertain","He entertains his friends with jokes.","他用笑话逗朋友开心。","source:ai-generated"
"entire","The entire team participated in the event.","整个团队都参加了这次活动。","source:ai-generated"
"entitle","The law entitles citizens to vote.","法律赋予公民投票的权利。","source:ai-generated"
"entity","In digital systems, an entity is a distinct unit.","在数字系统中，实体是一个独立的单元。","source:ai-generated"
"entrance","The entrance to the building is on the left.","建筑的入口在左边。","source:ai-generated"
"entreat","She entreated the king for mercy.","她恳求国王宽恕。","source:ai-generated"
"entry","The entry to the museum is free.","博物馆的入口是免费的。","source:ai-generated"
"envelope","He placed the letter in the envelope.","他把信放进信封里。","source:ai-generated"
"envious","She felt envious of her friend's success.","她对朋友的成功感到嫉妒。","source:ai-generated"
"environmental","The environmental policy aims to protect nature.","环保政策旨在保护自然。","source:ai-generated"
"envisage","We need to envisage the future challenges.","我们需要展望未来挑战。","source:ai-generated"
"envy","He envied his brother's wealth.","他羡慕哥哥的财富。","source:ai-generated"
"epidemic","The city is facing an epidemic of influenza.","这座城市正面临流感大流行。","source:ai-generated"
"episode","She watched the latest episode of her favorite TV show.","她观看了她最喜欢的电视节目最新一集。","source:ai-generated"
"epoch","The Industrial Revolution marked a new epoch in human history.","工业革命标志着人类历史上的一个新时代。","source:ai-generated"
"equal","He is equal in strength to his opponent.","他的力量与对手相等。","source:ai-generated"
"equate","The scientist equated the two theories to understand their relationship.","科学家将这两个理论等同起来以理解它们之间的关系。","source:ai-generated"
"equation","The equation x + 2 = 5 solves for x = 3.","方程 x + 2 = 5 的解为 x = 3。","source:ai-generated"
"equilibrium","The system reached a state of equilibrium after the chemical reaction.","化学反应后，系统达到了平衡状态。","source:ai-generated"
"equip","The team will equip the new members with necessary tools.","团队将为新成员配备必要的工具。","source:ai-generated"
"equipe","The football equipe includes both players and their coaches.","足球队包括球员和教练。","source:ai-generated"
"equipment","The team needs new equipment for the upcoming competition.","团队需要为即将到来的比赛准备新设备。","source:ai-generated"
"era","The Industrial Revolution marked the beginning of a new era.","工业革命标志着一个新时代的开始。","source:ai-generated"
"eradicate","The government aims to eradicate poverty by 2030.","政府计划到2030年根除贫困。","source:ai-generated"
"erect","He erected a tall statue in the park to honor his grandfather.","他在公园里竖起一座高大的雕像以纪念他的祖父。","source:ai-generated"
"erosion","The coastal erosion has caused significant damage to the shoreline.","海岸侵蚀已对海岸线造成了严重损害。","source:ai-generated"
"errand","She ran an errand to pick up groceries for her neighbor.","她替邻居跑了一趟腿，去买些食品杂货。","source:ai-generated"
"erroneous","The report contained several erroneous calculations.","该报告包含了几处错误的计算。","source:ai-generated"
"error","The software has a critical error that needs immediate fixing.","该软件存在一个需要立即修复的关键错误。","source:ai-generated"
"erupt","The volcano erupted violently during the night.","火山在夜间剧烈爆发。","source:ai-generated"
"eruption","The eruption of the volcano caused widespread damage.","火山爆发导致了广泛破坏。","source:ai-generated"
"escape","She escaped from the burning building quickly.","她迅速从燃烧的建筑物中逃出。","source:ai-generated"
"escort","The police escorted the suspect to the station.","警察将嫌疑人护送至警局。","source:ai-generated"
"especially","This policy is especially beneficial for children.","这项政策对儿童格外有利。","source:ai-generated"
"essay","He wrote a short essay about his childhood experiences.","他写了一篇关于童年经历的短文。","source:ai-generated"
"establishment","The new establishment opened its doors last week.","这家新企业上周正式开业。","source:ai-generated"
"estate","The estate includes a large house and a garden.","该房产包括一座大房子和一个花园。","source:ai-generated"
"esthetic","The esthetic appeal of the painting is remarkable.","这幅画的审美吸引力令人印象深刻。","source:ai-generated"
"ethical","She has an ethical responsibility to protect the environment.","她有道德责任保护环境。","source:ai-generated"
"ethics","Ethics is the branch of philosophy that deals with moral principles.","伦理学是研究道德原则的哲学分支。","source:ai-generated"
"europe","Europe is a continent with diverse cultures and histories.","欧洲是一个文化与历史多样的大陆。","source:ai-generated"
"european","He is a European who specializes in ancient history.","他是一位专攻古代历史的欧洲人。","source:ai-generated"
"evacuate","The firefighters evacuated the building after the fire started.","火灾发生后，消防员疏散了大楼。","source:ai-generated"
"evaluate","The teacher evaluated the students' projects with care.","老师仔细评估了学生的项目。","source:ai-generated"
"evaluation","The evaluation of the project was completed by the team.","该项目的评估由团队完成。","source:ai-generated"
"evaporate","The water evaporated quickly in the hot sun.","在烈日下，水很快蒸发了。","source:ai-generated"
"evaporation","The evaporation process requires heat energy.","蒸发过程需要热能。","source:ai-generated"
"eve","The eve of the wedding was a special day.","婚礼的前夜是一个特别的日子。","source:ai-generated"
"even","The even distribution of weight ensures stability.","重量的均匀分布确保了稳定性。","source:ai-generated"
"evening","We had a long conversation in the evening.","我们在晚上进行了长时间的交谈。","source:ai-generated"
"evenly","She walked evenly across the field.","她匀速地在田野上行走。","source:ai-generated"
"event","The event was a success despite the challenges.","尽管面临挑战，这次活动取得了成功。","source:ai-generated"
"eventually","Eventually, the problem was solved.","最终，这个问题得到了解决。","source:ai-generated"
"ever","Have you ever tried cooking a cake?","你曾经尝试过做蛋糕吗？","source:ai-generated"
"everlasting","The love between them is everlasting.","他们的爱情是永恒的。","source:ai-generated"
"every","Every day, I read a book.","每天，我都会读一本书。","source:ai-generated"
"everybody","Everybody in the class knows the answer.","全班都知道答案。","source:ai-generated"
"everyday","She has an everyday routine.","她有日常的作息规律。","source:ai-generated"
"everyone","Everyone should help the environment.","每个人都应该帮助环境。","source:ai-generated"
"everything","Everything is ready for the party.","派对的一切都准备好了。","source:ai-generated"
"everywhere","The cat is everywhere in the house.","猫在房子里到处都是。","source:ai-generated"
"evoke","The artist evoked memories of childhood through his paintings.","艺术家通过他的画作唤起了儿时的记忆。","source:ai-generated"
"evolutionary","The evolutionary theory explains how species adapt over time.","进化论解释了物种如何随时间适应。","source:ai-generated"
"evolve","The company has evolved from a small startup to a global leader.","该公司从一家小型初创企业发展成为全球领导者。","source:ai-generated"
"exact","The scientist made an exact calculation of the gravitational force.","科学家精确计算了引力。","source:ai-generated"
"exactly","She arrived exactly at 5:00 PM.","她正好在下午5点到达。","source:ai-generated"
"exam","The student prepared for the final exam by reviewing all the notes.","学生通过复习所有笔记来准备期末考试。","source:ai-generated"
"examination","The doctor conducted a thorough examination of the patient's symptoms.","医生对患者的症状进行了详细检查。","source:ai-generated"
"examine","The teacher asked the students to examine their work before submitting it.","老师要求学生在提交作业前检查自己的工作。","source:ai-generated"
"example","This is an example of how to use the word.","这是使用这个词的方法示例。","source:ai-generated"
"exceedingly","She works exceedingly hard to achieve her goals.","她非常努力地工作以实现目标。","source:ai-generated"
"excel","He excels in mathematics and science.","他在数学和科学方面表现出色。","source:ai-generated"
"excellent","The team has excellent performance in the competition.","团队在比赛中表现出色。","source:ai-generated"
"except","We will go to the park except for John.","除了约翰，我们都会去公园。","source:ai-generated"
"exceptional","She has exceptional talent for music.","她音乐天赋异禀。","source:ai-generated"
"excessively","He exercises excessively, which is unhealthy.","他过度锻炼，这对健康不利。","source:ai-generated"
"excite","The news excited the whole class.","这个消息让全班同学都兴奋了。","source:ai-generated"
"exciting","The thrilling race was so exciting that everyone cheered loudly.","这场激动人心的比赛让每个人都欢呼雀跃。","source:ai-generated"
"exclaim","She exclaimed, 'I can't believe it!' when she saw the result.","当她看到结果时，她大喊道：‘我无法相信！’","source:ai-generated"
"exclamation","The exclamation 'Wow!' was a perfect example of surprise.","‘哇！’这个感叹词是惊喜的完美例子。","source:ai-generated"
"exclude","The doctor excluded the possibility of a heart attack.","医生排除了心肌梗死的可能性。","source:ai-generated"
"exclusive","The club offers exclusive access to its members only.","该俱乐部仅向会员提供专属权限。","source:ai-generated"
"exclusively","He uses only his own methods exclusively.","他仅使用自己的方法。","source:ai-generated"
"excrete","The body excretes waste through the kidneys.","人体通过肾脏排泄废物。","source:ai-generated"
"excuse","Please excuse me for the interruption.","请原谅我这次打断。","source:ai-generated"
"exemplify","She exemplifies the importance of perseverance through her consistent achievements.","她通过持续的成就体现了坚持的重要性。","source:ai-generated"
"exercise","Regular exercise helps improve cardiovascular health.","定期锻炼有助于改善心血管健康。","source:ai-generated"
"exert","He exerted great effort to complete the project on time.","他尽了很大努力按时完成了项目。","source:ai-generated"
"exhibition","The art exhibition featured works by emerging artists.","这次艺术展展示了新兴艺术家的作品。","source:ai-generated"
"exile","The historical exile of the king was a result of political unrest.","国王被放逐是政治动荡的结果。","source:ai-generated"
"exist","Life exists in all living organisms.","生命存在于所有生物体中。","source:ai-generated"
"exit","Press the exit key to close the program.","按退出键关闭程序。","source:ai-generated"
"exotic","The exotic flowers in the garden attract many visitors.","花园里异域的花朵吸引了许多游客。","source:ai-generated"
"expect","I expect to receive the package by tomorrow.","我预计明天收到包裹。","source:ai-generated"
"expectation","Her expectation for a promotion was high.","她对晋升的期望很高。","source:ai-generated"
"expel","The school expelled the student for cheating.","学校因作弊将学生开除。","source:ai-generated"
"expenditure","The company's monthly expenditure is $5000.","公司的月支出为5000美元。","source:ai-generated"
"expensive","This car is expensive to maintain.","这辆车维护费用昂贵。","source:ai-generated"
"experience","She gained valuable experience through travel.","她通过旅行获得了宝贵的经验。","source:ai-generated"
"experiment","The scientist conducted an experiment to test the hypothesis.","科学家进行实验来验证假设。","source:ai-generated"
"experimental","The experimental results showed significant improvements.","实验结果显示有显著改进。","source:ai-generated"
"experimentally","The scientist conducted the study experimentally to ensure accuracy.","科学家通过实验方法进行研究以确保准确性。","source:ai-generated"
"experimentation","The research involved extensive experimentation to test new theories.","这项研究涉及大量实验以测试新理论。","source:ai-generated"
"expertise","Her expertise in software development helped her solve complex problems.","她在软件开发方面的专长帮助她解决了复杂问题。","source:ai-generated"
"expire","The license expires after one year of use.","许可证使用一年后到期。","source:ai-generated"
"explain","Can you explain how this works?","你能解释一下这是如何工作的吗？","source:ai-generated"
"explanation","The explanation for the error was provided in the manual.","错误的解释在手册中提供了。","source:ai-generated"
"explicit","The instructions are explicit and easy to follow.","这些说明非常明确且易于遵循。","source:ai-generated"
"explode","The balloon will explode if you blow too hard.","如果你用力吹得太猛，气球就会爆炸。","source:ai-generated"
"exploitation","The company's exploitation of natural resources has caused significant environmental damage.","公司对自然资源的开发导致了严重的环境破坏。","source:ai-generated"
"exploration","The team conducted extensive exploration of the deep sea to find new species.","团队对深海进行了广泛探测，以寻找新物种。","source:ai-generated"
"explosion","The explosion at the factory resulted in multiple injuries and property damage.","工厂的爆炸导致多人受伤和财产损失。","source:ai-generated"
"explosive","The explosive device was hidden under the table and triggered by a remote control.","炸弹装置被藏在桌子下面，通过遥控器引爆。","source:ai-generated"
"export","The country's export of agricultural products has increased significantly in recent years.","该国近年来农产品出口显著增加。","source:ai-generated"
"exposure","The prolonged exposure to sunlight can cause skin cancer.","长时间暴露在阳光下可能导致皮肤癌。","source:ai-generated"
"express","She expressed her happiness by sending a quick text message to her friend.","她通过给朋友发一条简短的信息来表达自己的喜悦。","source:ai-generated"
"extend","The company plans to extend its services to cover more regions.","公司计划将服务范围扩展到更多地区。","source:ai-generated"
"extension","The software update requires a disk extension to function properly.","该软件更新需要磁盘扩展才能正常运行。","source:ai-generated"
"exterior","The exterior of the building is painted in bright colors.","建筑物的外部被涂成鲜艳的颜色。","source:ai-generated"
"extinction","The extinction of the dinosaurs occurred about 65 million years ago.","恐龙的灭绝发生在约6500万年前。","source:ai-generated"
"extra","The extra charge for the late-night delivery is $10.","夜间配送的额外费用是10美元。","source:ai-generated"
"extract","She extracted the juice from the oranges with a juicer.","她用榨汁机从橙子中榨出汁水。","source:ai-generated"
"extraction","The extraction process takes several hours to complete.","提取过程需要几个小时才能完成。","source:ai-generated"
"extracurricular","He participates in extracurricular activities such as sports and music.","他参加课外活动，如体育和音乐。","source:ai-generated"
"extraordinarily","The event was so extraordinary that it was described as extraordinarily beautiful.","这次活动如此非凡，以至于被描述为极其美丽。","source:ai-generated"
"extremely","She spoke extremely clearly, making her point easy to understand.","她说话非常清晰，使得她的观点容易理解。","source:ai-generated"
"eye","The doctor examined his eye carefully to check for any damage.","医生仔细检查了他的眼睛，以查看是否有损伤。","source:ai-generated"
"eyesight","After surgery, his eyesight improved significantly.","手术后，他的视力显著改善。","source:ai-generated"
"fable","The fable of the tortoise and the hare teaches us about perseverance.","龟兔赛跑的寓言教导我们关于坚持的重要性。","source:ai-generated"
"fabricate","He fabricated a story to cover up his mistake.","他编造了一个故事来掩盖自己的错误。","source:ai-generated"
"fabrication","The fabrication of false evidence led to the wrongful conviction.","伪造证据导致了错误的定罪。","source:ai-generated"
"face","She faced the challenge with courage and determination.","她勇敢坚定地面对了挑战。","source:ai-generated"
"facet","The facet of the cube is a flat surface that can be seen from one angle.","立方体的一个面是一个可以从一个角度看到的平面。","source:ai-generated"
"facilitate","The new policy facilitates the process of applying for a loan.","新政策简化了申请贷款的流程。","source:ai-generated"
"facility","The facility includes modern equipment for scientific research.","该设施配备了用于科学研究的现代化设备。","source:ai-generated"
"fact","The fact that he was late is not a valid reason.","他迟到的事实不是一个有效的理由。","source:ai-generated"
"faction","The political faction demanded immediate action from the government.","该政治小派系要求政府立即采取行动。","source:ai-generated"
"factory","The factory produces cars for the local market.","工厂为当地市场生产汽车。","source:ai-generated"
"fade","The colors in the painting fade over time.","画中的颜色会随着时间逐渐褪色。","source:ai-generated"
"fahrenheit","The temperature is 20 degrees Fahrenheit.","温度是20华氏度。","source:ai-generated"
"fail","He failed the exam because he didn't study enough.","他因为没学够而考试不及格。","source:ai-generated"
"failure","The project's failure cost the company millions of dollars.","该项目的失败使公司损失了数百万美元。","source:ai-generated"
"faint","After the surgery, he felt faint and needed to sit down.","手术后，他感到头晕，需要坐下。","source:ai-generated"
"fair","The weather is fair today, perfect for a picnic.","今天天气晴朗，非常适合野餐。","source:ai-generated"
"fairly","She speaks fairly well in English.","她英语说得相当流利。","source:ai-generated"
"faithful","He is a faithful friend who always supports me.","他是我始终支持我的忠实朋友。","source:ai-generated"
"fall","The leaves fall from the trees in autumn.","秋天树叶会从树上落下。","source:ai-generated"
"false","The statement was false and led to confusion.","该声明是假的，导致了混乱。","source:ai-generated"
"fame","Her fame as a singer grew rapidly after her first hit.","她因首支单曲而迅速声名鹊起。","source:ai-generated"
"familiar","She has a familiar friend who always knows the way.","她有一个熟识的朋友，总是知道路。","source:ai-generated"
"family","The family gathered for a special dinner.","家人聚在一起吃一顿特别的晚餐。","source:ai-generated"
"famine","The country faced a severe famine due to drought.","由于干旱，这个国家遭受了严重的饥荒。","source:ai-generated"
"famous","The famous actor won an award for his role.","这位著名演员因角色获奖。","source:ai-generated"
"fan","He is a big fan of the new movie.","他是新电影的狂热粉丝。","source:ai-generated"
"fancy","She has a fancy new dress for the party.","她为派对准备了一件新奇的连衣裙。","source:ai-generated"
"far","The mountain is far from the city.","山离城市很远。","source:ai-generated"
"fare","The fare for the bus ride is $2.","公交车的票价是2美元。","source:ai-generated"
"farewell","She said her farewell to her friend before leaving.","她离开前向朋友道别。","source:ai-generated"
"farm","The farmer works on his farm every morning.","农民每天早晨在自己的农场工作。","source:ai-generated"
"farmer","He is a farmer who grows vegetables.","他是种蔬菜的农民。","source:ai-generated"
"farther","We need to go farther to reach the destination.","我们需要走更远才能到达目的地。","source:ai-generated"
"fascinating","The story was fascinating to read.","这个故事很吸引人。","source:ai-generated"
"fashion","The new fashion trend is popular among young people.","新的时尚潮流在年轻人中很流行。","source:ai-generated"
"fashionable","She wears fashionable clothes to match her style.","她穿时尚的衣服来匹配自己的风格。","source:ai-generated"
"fast","He runs fast to catch the bus.","他跑得很快以赶上公交车。","source:ai-generated"
"fasten","She fastened the belt securely before leaving.","她离开前把腰带系紧了。","source:ai-generated"
"fastener","The fastener holds the two parts of the machine together.","这个紧固件将机器的两个部分固定在一起。","source:ai-generated"
"fate","Life's fate is unpredictable.","人生的命运难以预测。","source:ai-generated"
"father","He is the father of the family.","他是家里的父亲。","source:ai-generated"
"father-in-law","My father-in-law is a retired teacher.","我岳父是一位退休教师。","source:ai-generated"
"fault","The software has a critical fault that needs fixing.","这个软件有一个需要修复的关键故障。","source:ai-generated"
"faultless","The new policy is faultless and effective.","这项新政策完美无缺且有效。","source:ai-generated"
"faulty","The old car has a faulty engine that won't start.","这辆旧车的发动机有故障，无法启动。","source:ai-generated"
"favour","She has a strong favour for the new policy.","她对新政策有强烈的好感","source:ai-generated"
"favourable","The weather is favourable for outdoor activities.","天气适合户外活动","source:ai-generated"
"favourite","He chose his favourite book from the shelf.","他从书架上选出了他最喜欢的书","source:ai-generated"
"fear","The child felt fear when he saw the dark shadow.","孩子看到黑影时感到害怕","source:ai-generated"
"fearful","She is fearful of heights.","她害怕高处","source:ai-generated"
"fearless","He is fearless in the face of danger.","面对危险时他无所畏惧","source:ai-generated"
"feast","We had a feast at the garden party.","我们在花园派对上举行了一顿盛宴","source:ai-generated"
"feather","The bird's feather was used to make a decoration.","鸟的羽毛被用来做装饰","source:ai-generated"
"february","The weather in February is usually cold.","二月的天气通常很冷。","source:ai-generated"
"federation","The country formed a federation with neighboring states.","该国与邻国组成联邦。","source:ai-generated"
"fee","He paid a fee for the service.","他为这项服务支付了费用。","source:ai-generated"
"feeble","The child's voice was feeble and weak.","孩子的声音很微弱。","source:ai-generated"
"feed","The farmer feeds the cows every morning.","农民每天早晨喂牛。","source:ai-generated"
"feedback","The teacher provided feedback on the students' homework.","老师对学生的作业提供了反馈。","source:ai-generated"
"feel","I feel happy when I see my friends.","当我看到朋友时，我感到开心。","source:ai-generated"
"feeling","She has a feeling that something is wrong.","她有一种感觉，事情可能出错了。","source:ai-generated"
"fell","The tree fell over when the wind blew.","风一吹，树就倒下了。","source:ai-generated"
"fellow","He is a fellow who always helps others.","他是个总是帮助他人的朋友。","source:ai-generated"
"female","The female dog barked at the stranger.","那只母狗对陌生人吠叫。","source:ai-generated"
"feminine","She has a feminine touch in her art.","她的艺术中有一种女性的细腻。","source:ai-generated"
"fence","The children built a fence around their garden.","孩子们在花园周围建起了一道篱笆。","source:ai-generated"
"ferrous","The iron fence is ferrous metal.","铁围栏是铁质的。","source:ai-generated"
"fertile","The soil is fertile and can grow many crops.","这片土壤肥沃，可以种植许多作物。","source:ai-generated"
"festival","We celebrate the festival with family and friends.","我们和家人朋友一起庆祝节日。","source:ai-generated"
"fetch","I need to fetch the keys from the car.","我需要从车里取钥匙。","source:ai-generated"
"fever","She has a fever after the cold weather.","她感冒后发烧了。","source:ai-generated"
"few","There are few students in the classroom.","教室里学生很少。","source:ai-generated"
"fiber","This clothing is made of natural fiber.","这件衣服是天然纤维制成的。","source:ai-generated"
"fibre","The food contains a lot of dietary fibre.","这种食物含有大量膳食纤维。","source:ai-generated"
"field","The field is where the athletes compete.","这个场地是运动员比赛的地方。","source:ai-generated"
"fierce","The fierce wind howled through the empty streets.","狂风呼啸着穿过空荡的街道。","source:ai-generated"
"fifteen","We have fifteen minutes left.","我们还有十五分钟。","source:ai-generated"
"fifth","This is the fifth day of the week.","这是周的第五天。","source:ai-generated"
"fifty","She has fifty dollars in her wallet.","她钱包里有五十美元。","source:ai-generated"
"fight","They had a fierce fight over the project.","他们因项目发生了激烈的争吵。","source:ai-generated"
"fighter","The soldier is a brave fighter in the war.","这名士兵是战争中的勇敢战士。","source:ai-generated"
"filament","The light bulb contains a thin filament that produces light.","灯泡内含有一根产生光的细丝。","source:ai-generated"
"file","He filed his tax returns last week.","他上周提交了税务申报表。","source:ai-generated"
"fill","The glass is filled with water.","玻璃杯里装满了水。","source:ai-generated"
"film","She filmed the movie at the studio.","她在工作室拍摄了电影。","source:ai-generated"
"filter","The water passed through a sand filter to remove impurities.","水通过沙滤器去除杂质。","source:ai-generated"
"filth","The filth in the alley caused health problems.","巷子里的污秽导致了健康问题。","source:ai-generated"
"final","She prepared for the final exam with great effort.","她为期末考试付出了巨大努力。","source:ai-generated"
"finally","After hours of waiting, he finally arrived at the station.","等待了数小时后，他终于到达了车站。","source:ai-generated"
"find","I found a mistake in the report.","我在报告中发现了一个错误。","source:ai-generated"
"finding","The finding of the study shows improved patient outcomes.","该研究的发现表明患者预后改善。","source:ai-generated"
"fine","The weather is fine today, perfect for a picnic.","今天天气晴朗，非常适合野餐。","source:ai-generated"
"finely","He works finely to ensure the project meets all standards.","他细致地工作以确保项目符合所有标准。","source:ai-generated"
"finger","She used her finger to gently touch the screen.","她用手指轻轻触摸屏幕。","source:ai-generated"
"finish","He finished his homework before dinner.","他在晚餐前完成了作业。","source:ai-generated"
"finite","The finite set contains only a limited number of elements.","有限集合只包含有限个元素。","source:ai-generated"
"fire","The fire alarm went off.","火警铃响了。","source:ai-generated"
"fireman","The fireman quickly extinguished the fire.","消防员迅速扑灭了火灾。","source:ai-generated"
"fireplace","We placed the fireplace in the living room for warmth.","我们在客厅放置了壁炉以取暖。","source:ai-generated"
"firework","The children watched the firework display with excitement.","孩子们兴奋地观看烟花表演。","source:ai-generated"
"firm","The company has a firm policy on customer service.","公司有明确的客户服务政策。","source:ai-generated"
"firmness","The firmness of the material makes it suitable for heavy machinery.","这种材料的坚固性使其适合重型机械使用。","source:ai-generated"
"first","She was the first to arrive at the meeting.","她是第一个到达会议的。","source:ai-generated"
"first-rate","The service is first-rate, providing excellent customer support.","服务一流，提供卓越的客户支持。","source:ai-generated"
"fish","He went fishing in the lake with his son.","他和儿子一起去湖里钓鱼。","source:ai-generated"
"fisherman","The fisherman caught a big fish during the morning tide.","渔民在涨潮时捕获了一条大鱼。","source:ai-generated"
"fission","Nuclear fission releases a large amount of energy.","核裂变释放出大量能量。","source:ai-generated"
"fist","He clenched his fist tightly to show determination.","他紧握拳头以显示决心。","source:ai-generated"
"fit","The new shoes fit perfectly on his feet.","这双新鞋正好合脚。","source:ai-generated"
"fitness","Her physical fitness improved after she started running daily.","她每天跑步后体能提升。","source:ai-generated"
"five","There are five people in the room.","房间里有五个人。","source:ai-generated"
"fix","He fixed the broken chair with careful attention.","他仔细地修理了那把破椅子。","source:ai-generated"
"fixture","The old fixture in the kitchen is still functional.","厨房里的旧设备仍然能正常使用。","source:ai-generated"
"flag","The flag waved proudly in the wind.","旗帜在风中骄傲地飘扬。","source:ai-generated"
"flake","The flake of paint fell off the wall.","墙上的油漆片剥落了。","source:ai-generated"
"flame","The flame from the candle burned brightly.","蜡烛的火焰明亮地燃烧着。","source:ai-generated"
"flank","The soldier moved to flank the enemy.","士兵移动到敌人侧翼。","source:ai-generated"
"flannel","She wore a soft flannel shirt for the winter.","她冬天穿了一件柔软的法兰绒衬衫。","source:ai-generated"
"flap","The bird's wings flapped rapidly as it flew.","鸟儿在飞时翅膀快速拍打。","source:ai-generated"
"flare","The fire flared brightly in the night sky.","夜空中火焰闪烁明亮。","source:ai-generated"
"flash","The lightning flashed across the sky.","闪电划过天空。","source:ai-generated"
"flatten","He flattened the paper with his hand.","他用手把纸弄平。","source:ai-generated"
"flavour","The soup has a rich flavour from the herbs.","这汤从香料中带有浓郁的风味。","source:ai-generated"
"flee","The rabbit fled quickly when the dog approached.","当狗靠近时，兔子迅速逃跑了。","source:ai-generated"
"fleet","The fleet of ships sailed across the ocean.","这支舰队横跨海洋航行。","source:ai-generated"
"flesh","The animal's flesh was used for food.","动物的肉被用来做食物。","source:ai-generated"
"flexible","The rubber band is flexible.","橡胶带很灵活。","source:ai-generated"
"flight","The bird's flight path is straight.","鸟的飞行路径是笔直的。","source:ai-generated"
"fling","The fling of the ball was unexpected.","球的抛掷动作出乎意料。","source:ai-generated"
"flock","The flock of birds flew over the river.","一群鸟飞过河流。","source:ai-generated"
"flood","The flood destroyed the town.","洪水摧毁了小镇。","source:ai-generated"
"floor","The floor was covered with tiles.","地板铺满了瓷砖。","source:ai-generated"
"flour","He added flour to the dough.","他把面粉加到面团里。","source:ai-generated"
"flourish","The garden flourishes with vibrant colors.","花园里色彩鲜艳，生机勃勃。","source:ai-generated"
"flow","The river flows steadily into the ocean.","河流平稳地流入大海。","source:ai-generated"
"flower","The roses are in full flower this week.","本周玫瑰正盛开。","source:ai-generated"
"flu","She got the flu after visiting the crowded market.","她去拥挤的市场后感染了流感。","source:ai-generated"
"fluctuate","The stock market fluctuates daily due to global events.","由于全球事件，股市每日波动。","source:ai-generated"
"fluctuation","The price fluctuation caused by the new policy is significant.","新政策引发的价格波动相当显著。","source:ai-generated"
"fluent","He speaks fluent French with no accent.","他说法语流利，没有口音。","source:ai-generated"
"fluid","The fluid in the blood carries oxygen to the cells.","血液中的液体将氧气输送到细胞中。","source:ai-generated"
"fluorescent","The fluorescent paint glows brightly under UV light.","荧光漆在紫外线下会发出明亮的光。","source:ai-generated"
"flutter","The butterfly's wings fluttered gently in the breeze.","蝴蝶的翅膀在微风中轻轻摆动。","source:ai-generated"
"flux","The metal flux helps to melt the solder during welding.","焊锡焊接时，金属助焊剂有助于熔化焊料。","source:ai-generated"
"fly","The bird flies high in the sky.","鸟儿在天空中高飞。","source:ai-generated"
"foam","The soap bubbles form a soft foam on the surface of the water.","肥皂泡在水面上形成一层柔软的泡沫。","source:ai-generated"
"fog","The morning fog made it difficult to see the mountains.","清晨的雾使人们难以看到远处的山峰。","source:ai-generated"
"foil","The thin metal foil is used to wrap gifts.","薄金属箔常用来包裹礼物。","source:ai-generated"
"folk","The folk song has been passed down through generations.","民歌已经流传了数代人。","source:ai-generated"
"follow","She followed the instructions carefully.","她仔细地遵循了指示。","source:ai-generated"
"follower","The loyal follower always supports the leader.","忠诚的追随者总是支持领导者。","source:ai-generated"
"following","The following team members arrived late.","接下来的团队成员迟到了。","source:ai-generated"
"fond","He has a fond memory of his childhood.","他对童年有着美好的回忆。","source:ai-generated"
"food","We need to eat healthy food.","我们需要吃健康的食物。","source:ai-generated"
"fool","He tried to fool the children with a trick.","他用一个诡计来愚弄孩子们。","source:ai-generated"
"foolish","The foolish boy didn't listen to his parents.","这个愚蠢的男孩没听父母的话。","source:ai-generated"
"foot","She took a step with her left foot.","她用左脚迈出一步。","source:ai-generated"
"football","He played football with his friends every weekend.","他每个周末都和朋友踢足球。","source:ai-generated"
"footpath","The footpath is a safe route for pedestrians to walk.","人行道是行人安全行走的路线。","source:ai-generated"
"footstep","The footstep on the stone path was worn by many people.","石板路上的脚印被许多人踩过。","source:ai-generated"
"for","For the project to succeed, we need more resources.","为了项目成功，我们需要更多资源。","source:ai-generated"
"forbid","The teacher forbade students from using phones during class.","老师禁止学生在课堂上使用手机。","source:ai-generated"
"fore","The ship moved forward with the wind in the fore.","船在风的作用下向前移动。","source:ai-generated"
"forecast","The weather forecast predicts rain tomorrow.","天气预报预测明天会下雨。","source:ai-generated"
"forehead","She touched her forehead to check for a fever.","她摸了摸前额检查是否有发烧。","source:ai-generated"
"foreign","The company has a foreign office in Tokyo.","公司东京设有外国办事处。","source:ai-generated"
"foreigner","She is a foreigner who speaks three languages.","她会说三种语言，是外国人。","source:ai-generated"
"foremost","He is the foremost expert in this field.","他是该领域最权威的专家。","source:ai-generated"
"forest","We planted trees in the forest last week.","我们上周在森林里种了树。","source:ai-generated"
"forever","I will love you forever.","我将永远爱你。","source:ai-generated"
"forge","The blacksmith forged a new sword.","铁匠锻造了一把新剑。","source:ai-generated"
"forget","Don't forget to bring your passport.","别忘了带护照。","source:ai-generated"
"forgive","Please forgive my mistake.","请原谅我的错误。","source:ai-generated"
"fork","She used a fork to eat the salad.","她用叉子吃沙拉。","source:ai-generated"
"form","The new form for the application is ready.","申请表已准备就绪。","source:ai-generated"
"format","The computer needs to be formatted to use it.","电脑需要格式化才能使用。","source:ai-generated"
"formation","The military formation was a tight circle.","军队的队形是一个紧密的圆圈。","source:ai-generated"
"former","The former president is now a teacher.","前总统现在是一名教师。","source:ai-generated"
"formerly","He was a student formerly.","他以前是一名学生。","source:ai-generated"
"formidable","The problem is formidable to solve.","这个问题很难解决。","source:ai-generated"
"formulate","She formulated a plan for the meeting.","她为会议制定了一个计划。","source:ai-generated"
"formulation","The scientific formulation of the theory was completed after months of research.","该理论的科学表述在数月的研究后完成。","source:ai-generated"
"forsake","She decided to forsake her old life for a better future.","她决定抛弃过去的生活，追求更好的未来。","source:ai-generated"
"fort","The fort was built to protect the village from invaders.","这座堡垒是为保护村庄免受入侵者而建造的。","source:ai-generated"
"forth","He moved forth quickly to reach the destination.","他迅速向前移动以到达目的地。","source:ai-generated"
"forthcoming","The new policy is forthcoming to address the economic challenges.","新政策将出台以应对经济挑战。","source:ai-generated"
"fortnight","We have a meeting every fortnight to discuss project progress.","我们每隔两周召开一次会议，讨论项目进展。","source:ai-generated"
"fortress","The ancient fortress stood as a symbol of strength and defense.","这座古老的堡垒象征着力量与防御。","source:ai-generated"
"fortunate","She felt fortunate to have received such a kind offer.","她感到幸运，因为收到了如此善意的提议。","source:ai-generated"
"fortunately","Fortunately, the rain stopped before the picnic.","幸运的是，野餐前雨停了。","source:ai-generated"
"fortune","She won the lottery and gained a huge fortune.","她中了彩票，获得了巨额财富。","source:ai-generated"
"forty","There are forty students in the class.","班上有四十名学生。","source:ai-generated"
"forum","The online forum is a place where people discuss ideas.","在线论坛是人们讨论想法的地方。","source:ai-generated"
"forward","He moved forward quickly to reach the finish line.","他快速向前冲去，以到达终点。","source:ai-generated"
"found","The company was founded by a group of entrepreneurs.","这家公司由一群企业家创立。","source:ai-generated"
"foundation","The foundation provides aid to children in need.","基金会为需要帮助的儿童提供援助。","source:ai-generated"
"fountain","The fountain in the park is a popular spot for children.","公园里的喷泉是孩子们喜爱的场所。","source:ai-generated"
"four","She has four apples in her basket.","她篮子里有四个苹果。","source:ai-generated"
"fourteen","There are fourteen students in the class.","班上有十四名学生。","source:ai-generated"
"fourth","This is the fourth time I've seen him.","这是我第四次见到他。","source:ai-generated"
"fowl","The farmer caught a fowl in the field.","农民在田里抓到一只家禽。","source:ai-generated"
"fox","The fox ran quickly through the forest.","狐狸快速地穿过森林。","source:ai-generated"
"fraction","The fraction of the cake that he ate was small.","他吃掉的蛋糕部分很小。","source:ai-generated"
"fracture","He suffered a fracture in his leg.","他腿部骨折了。","source:ai-generated"
"fragment","The text was divided into fragments for easier reading.","这段文字被分成片段以便更易阅读。","source:ai-generated"
"fragrant","The flowers emit a fragrant aroma that fills the garden.","这些花散发出浓郁的香气，充满整个花园。","source:ai-generated"
"frail","The old man's frail body could not withstand the harsh weather.","老人虚弱的身体无法承受恶劣的天气。","source:ai-generated"
"frame","She carefully framed the photograph to protect it from damage.","她仔细地将照片装裱起来，以防止损坏。","source:ai-generated"
"framework","The project's framework provides a clear structure for decision-making.","该项目的框架为决策提供了清晰的结构。","source:ai-generated"
"france","France is known for its rich cultural heritage and beautiful landscapes.","法国以其丰富的文化遗产和美丽的风景而闻名。","source:ai-generated"
"frank","He sent a frank letter to his friend without any hesitation.","他毫不犹豫地给朋友寄了一封直白的信。","source:ai-generated"
"frantic","The patient was frantic after hearing the bad news.","听到坏消息后，病人变得非常慌张。","source:ai-generated"
"free","The free market economy allows individuals to make their own choices.","自由市场经济允许个人做出自己的选择。","source:ai-generated"
"freedom","She feels a deep sense of freedom when she can express her true thoughts without fear.","当她可以无惧地表达真实想法时，她会感到一种深刻的自由。","source:ai-generated"
"freely","He speaks freely without worrying about the consequences of his words.","他说话毫无顾虑，随心所欲地表达。","source:ai-generated"
"freeze","The sudden cold weather caused the lake to freeze overnight.","突如其来的寒冷天气让湖面在一夜之间结冰。","source:ai-generated"
"freight","The freight cost for shipping the goods to Paris was $500.","将货物运到巴黎的运费是500美元。","source:ai-generated"
"french","She learned French to communicate with her French friends.","她学法语以便与她的法语朋友交流。","source:ai-generated"
"frequently","He checks his emails frequently throughout the day.","他一整天都会频繁地检查电子邮件。","source:ai-generated"
"fresh","The fresh air after the rain made him feel energized.","雨后的清新空气让他感到精神饱满。","source:ai-generated"
"freshen","Adding lemon to the water freshens it up and makes it taste better.","在水中加柠檬可以使其更加清新，味道也会更好。","source:ai-generated"
"fret","She felt fret about the upcoming exam.","她对即将到来的考试感到焦虑。","source:ai-generated"
"friction","The friction between the two teams caused a delay.","两队之间的摩擦导致了延误。","source:ai-generated"
"friday","I have a meeting on Friday.","我星期五有会议。","source:ai-generated"
"fridge","Please put the milk in the fridge.","请把牛奶放进冰箱。","source:ai-generated"
"friend","He is my best friend.","他是我的好朋友。","source:ai-generated"
"friendly","The dog is friendly and playful.","这只狗友好且活泼。","source:ai-generated"
"friendship","True friendship is rare and precious.","真正的友谊是稀少而珍贵的。","source:ai-generated"
"fright","The sudden noise gave him a fright.","突然的声响让他吓了一跳。","source:ai-generated"
"frighten","The sudden noise frightened the cat.","突然的声响吓到了猫","source:ai-generated"
"frightful","The frightful image made me shiver.","那可怕的景象让我发抖","source:ai-generated"
"fringe","She tied a fringe of hair to her bracelet.","她把一缕头发系在手镯上","source:ai-generated"
"fro","He looked fro the window to see the sunset.","他向后望了望，想看看日落","source:ai-generated"
"frock","She wore a frock for the formal event.","她在正式场合穿了一件连衣裙","source:ai-generated"
"frog","The frog jumped into the pond.","青蛙跳进了池塘","source:ai-generated"
"from","The book is from the library.","这本书来自图书馆","source:ai-generated"
"front","The front of the house faces the garden.","房子的前面朝向花园","source:ai-generated"
"frontier","The border between two countries is called the frontier.","两国之间的边界称为边境。","source:ai-generated"
"frost","The morning frost covered the grass with a thin layer of ice.","清晨的霜在草上结了一层薄冰。","source:ai-generated"
"frown","She frowned when she heard the bad news.","听到坏消息时，她皱起了眉头。","source:ai-generated"
"fruit","Apples are a common fruit in the garden.","苹果是花园里常见的水果。","source:ai-generated"
"fruitful","The study was very fruitful in terms of new discoveries.","这项研究在新发现方面非常富有成效。","source:ai-generated"
"frustrate","His efforts to solve the problem were ultimately frustrated by time.","他因时间问题最终未能解决这个问题。","source:ai-generated"
"fry","We fry the fish in hot oil for a few minutes.","我们用热油煎鱼几分钟。","source:ai-generated"
"fulfil","The contract was fulfilled after the last payment.","在最后一次付款后，合同被履行。","source:ai-generated"
"full","The bag is full of toys.","袋子装满了玩具。","source:ai-generated"
"fun","We had a lot of fun at the party.","我们在派对上玩得很开心。","source:ai-generated"
"funding","The company received funding for the new project.","公司获得了新项目的资金。","source:ai-generated"
"funeral","She attended her mother's funeral yesterday.","她昨天参加了母亲的葬礼。","source:ai-generated"
"funny","He told a funny joke that made everyone laugh.","他讲了一个有趣的故事，让大家笑出声。","source:ai-generated"
"fur","The cat's fur was soft and fluffy.","猫的毛很柔软蓬松。","source:ai-generated"
"furnace","The old furnace was broken and needed repair.","那台老式炉子坏了，需要修理。","source:ai-generated"
"furnish","Please furnish the room with new furniture.","请为房间添置新的家具。","source:ai-generated"
"further","She worked further to improve her skills.","她进一步提升技能。","source:ai-generated"
"fuss","He made a lot of fuss about nothing.","他为无事大惊小怪。","source:ai-generated"
"future","We are planning for the future.","我们正在规划未来。","source:ai-generated"
"gain","The company gained a significant profit.","公司获得了可观的利润。","source:ai-generated"
"gallery","The art gallery has many famous paintings.","美术馆有许多著名画作。","source:ai-generated"
"gallon","The car's fuel tank holds 12 gallons.","汽车的油箱容量为12加仑。","source:ai-generated"
"game","They played a game of chess.","他们下了一盘国际象棋。","source:ai-generated"
"gang","The gang of thieves stole money from the bank.","这群小偷从银行偷了钱。","source:ai-generated"
"gangster","He is a notorious gangster who runs a drug trafficking operation.","他是个臭名昭著的毒枭，负责经营毒品走私活动。","source:ai-generated"
"gaol","The suspect was imprisoned in the local gaol after the investigation.","调查后，嫌疑人被关进当地监狱。","source:ai-generated"
"gap","There is a small gap between the two books on the shelf.","书架上两本书之间有一个小缝隙。","source:ai-generated"
"garage","After the car repair, the mechanic parked the vehicle in the garage.","汽车修理完成后，技师将车辆停在车库。","source:ai-generated"
"garden","She tends to her garden every morning with her family.","她每天早晨和家人一起照料花园。","source:ai-generated"
"gardener","The gardener watered the flowers in the garden.","园丁给花园里的花浇水。","source:ai-generated"
"garlic","She added fresh garlic to the soup to enhance its flavor.","她往汤里加入新鲜大蒜以提升味道。","source:ai-generated"
"gas","The car engine runs on gasoline, which is a type of gas.","汽车发动机使用汽油，这是一种气体。","source:ai-generated"
"gaseous","The gaseous state of matter is less dense than solids.","物质的气态比固体密度小。","source:ai-generated"
"gasoline","He filled the car with gasoline this morning.","他今早给汽车加了汽油。","source:ai-generated"
"gasp","She gasped when she saw the surprise.","当她看到惊喜时，她突然吸了一口气。","source:ai-generated"
"gate","The gate opened slowly to let the children pass.","门缓缓打开，让孩子们通过。","source:ai-generated"
"gather","The children gathered around the tree.","孩子们围在树旁。","source:ai-generated"
"gathering","The gathering was held in the park last weekend.","上周六的聚会是在公园举行的。","source:ai-generated"
"gay","She wore a gay dress for the party.","她为派对穿了一条鲜艳的裙子。","source:ai-generated"
"general","The general gave a speech at the meeting.","将军在会议上发表演讲。","source:ai-generated"
"generalization","The theory of generalization explains how concepts are abstracted from specific examples.","概括理论解释了如何从具体例子中抽象出概念。","source:ai-generated"
"generally","The data is generally consistent with the expected results.","数据通常与预期结果一致。","source:ai-generated"
"generation","Each generation has its own unique cultural characteristics.","每一代都有其独特的文化特征。","source:ai-generated"
"generator","The generator provides electricity to the remote village.","发电机为偏远村庄提供电力。","source:ai-generated"
"generosity","Her generosity helped many people in need.","她的慷慨帮助了许多需要帮助的人。","source:ai-generated"
"genetics","Genetics studies the inheritance of traits in living organisms.","遗传学研究生物体性状的遗传。","source:ai-generated"
"genius","She is a true genius with her exceptional problem-solving skills.","她拥有非凡的问题解决能力，是真正的天才。","source:ai-generated"
"gentle","The gentle touch of the baby's hand reassured the mother.","婴儿的手轻柔的触碰让母亲感到安心。","source:ai-generated"
"gentleman","He is a true gentleman who always treats others with respect.","他是一位真正有教养的人，总是尊重他人。","source:ai-generated"
"gently","She brushed her hair gently to avoid hurting it.","她轻柔地梳理头发，以免伤到。","source:ai-generated"
"geographical","The geographical location of the city is near the sea.","这座城市的地理位置靠近海边。","source:ai-generated"
"geography","Geography is the study of the Earth's physical features.","地理学是研究地球物理特征的学科。","source:ai-generated"
"geology","Geology helps us understand the Earth's history through rock formations.","地质学通过岩石构造帮助我们了解地球的历史。","source:ai-generated"
"geometrical","The geometrical shape of the object is a perfect circle.","该物体的几何形状是一个完美的圆形。","source:ai-generated"
"geometry","Geometry is a branch of mathematics dealing with shapes and spaces.","几何学是数学中研究形状和空间的分支。","source:ai-generated"
"germ","The germ can cause serious illness if not cleaned properly.","如果未被正确清洁，细菌会导致严重疾病。","source:ai-generated"
"german","He is a German who speaks fluent German.","他是一位说法语流利的德国人。","source:ai-generated"
"germany","Germany is a country in Central Europe.","德国是欧洲中部的一个国家。","source:ai-generated"
"gesture","She made a gesture of agreement with her hand.","她用手做了一个表示同意的手势。","source:ai-generated"
"get","She got a new job after the interview.","面试后，她得到了一份新工作。","source:ai-generated"
"ghost","The ghost appeared in the old house.","鬼魂出现在老房子里。","source:ai-generated"
"giant","The giant was the strongest creature in the forest.","巨人是森林中最强壮的生物。","source:ai-generated"
"gift","He gave her a gift for her birthday.","他为她的生日送了一份礼物。","source:ai-generated"
"gigantic","The mountain is gigantic in size.","这座山的规模非常巨大。","source:ai-generated"
"giggle","She giggle softly when she saw the funny picture.","她看到有趣的照片时轻轻咯咯笑。","source:ai-generated"
"ginger","He added a pinch of ginger to the soup for flavor.","他往汤里加了一点姜来调味。","source:ai-generated"
"girl","The girl is playing with her toys in the garden.","女孩在花园里玩玩具。","source:ai-generated"
"give","He gave me a book as a gift.","他送给我一本书作为礼物。","source:ai-generated"
"glad","I am glad to hear that you are doing well.","听到你过得很好，我很高兴。","source:ai-generated"
"glamour","Her presence has a magical glamour that attracts everyone.","她的存在有一种迷人的魔力，能吸引所有人。","source:ai-generated"
"gland","The salivary gland produces saliva.","唾液腺产生唾液。","source:ai-generated"
"glare","The sun's glare made it hard to see.","阳光刺眼，使得很难看清。","source:ai-generated"
"glass","She broke the glass on the table.","她打破了桌子上的玻璃。","source:ai-generated"
"glide","The kite glides smoothly through the air.","风筝在空中平稳滑翔。","source:ai-generated"
"glider","The glider flew smoothly through the sky.","滑翔机平稳地飞过天空。","source:ai-generated"
"glimpse","He caught a glimpse of his friend through the window.","他透过窗户瞥见了朋友。","source:ai-generated"
"global","The global economy is affected by recent changes.","全球经济近期受到变化的影响。","source:ai-generated"
"globe","The globe shows the Earth's surface.","地球仪显示地球表面。","source:ai-generated"
"gloom","The room was filled with gloom after the storm.","暴风雨过后，房间充满了阴暗。","source:ai-generated"
"glorify","They glorify the achievements of their team.","他们赞美自己团队的成就。","source:ai-generated"
"glorious","The sun was glorious after the storm.","暴风雨过后，太阳显得格外辉煌。","source:ai-generated"
"glory","She felt a deep sense of glory after winning the championship.","她在赢得冠军后感到一种深刻的荣耀感。","source:ai-generated"
"glossary","The teacher provided a glossary for the students to understand the technical terms.","老师为学生提供了一个术语表，以便理解专业词汇。","source:ai-generated"
"glove","He wore a thick glove to protect his hands from the cold.","他戴上厚手套来保护双手免受寒冷。","source:ai-generated"
"glow","The fire gave off a warm glow in the dark room.","黑暗的房间里，火苗散发出温暖的光芒。","source:ai-generated"
"glue","She used glue to stick the pieces of paper together.","她用胶水把纸片粘合在一起。","source:ai-generated"
"gnaw","The rat gnawed on the rope to make it thinner.","老鼠啃食绳子，使其变细。","source:ai-generated"
"go","Let's go for a walk in the park.","我们去公园散步吧。","source:ai-generated"
"goal","The team scored a goal in the final minute.","球队在最后时刻进球了。","source:ai-generated"
"goat","She was the goat in the team project.","她在团队项目中成了替罪羊。","source:ai-generated"
"god","The ancient Greeks believed in many gods.","古希腊人相信有许多神。","source:ai-generated"
"goddess","Athena is the goddess of wisdom.","雅典娜是智慧女神。","source:ai-generated"
"gold","The gold medal was awarded to the winner.","金牌被授予获胜者。","source:ai-generated"
"golden","The golden rule is a fundamental principle.","黄金法则是一个基本原则。","source:ai-generated"
"golf","He plays golf every weekend.","他每个周末都打高尔夫球。","source:ai-generated"
"good","It's a good idea to study early.","早睡早起是个好主意。","source:ai-generated"
"goodbye","Goodbye, Sarah!","再见，莎拉！","source:ai-generated"
"goodness","She is a goodness of a person.","她是个善良的人。","source:ai-generated"
"goods","The goods are ready for shipment.","货物已准备发货。","source:ai-generated"
"goose","The goose quacked loudly.","那只鹅发出响亮的叫声。","source:ai-generated"
"gorilla","Gorillas live in groups in the jungle.","大猩猩在丛林中群居生活。","source:ai-generated"
"govern","The president governs the country.","总统管理国家。","source:ai-generated"
"government","The government is responsible for public services.","政府负责公共服务。","source:ai-generated"
"governor","The governor signed the new law.","州长签署了新法律。","source:ai-generated"
"grab","She grabbed the bag from the shelf.","她从架子上抓起袋子。","source:ai-generated"
"grace","Her grace made her stand out among the crowd.","她的优雅使她在人群中脱颖而出。","source:ai-generated"
"graceful","The dancer performed a graceful move.","这位舞者完成了一个优美的动作。","source:ai-generated"
"grade","The student received a high grade on the test.","学生在考试中获得了高分。","source:ai-generated"
"gradient","The slope has a steep gradient.","这条坡道的坡度很陡。","source:ai-generated"
"gradual","The gradual increase in temperature caused the ice to melt.","温度的逐渐上升导致冰融化了。","source:ai-generated"
"gradually","The process will complete gradually.","这个过程将逐渐完成。","source:ai-generated"
"grammar","He studied grammar to improve his writing.","他学习语法以提高写作能力。","source:ai-generated"
"grammatical","The sentence is grammatical because it follows the rules of English.","这个句子是语法正确的，因为它遵循了英语的规则。","source:ai-generated"
"gramme","The gramme is a unit of mass in the metric system.","克是公制系统中质量的单位。","source:ai-generated"
"gramophone","He played his favorite songs on the gramophone.","他用留声机播放了他最喜欢的歌曲。","source:ai-generated"
"grand","The grand hall was filled with people for the wedding.","婚礼大厅里挤满了人。","source:ai-generated"
"granddaughter","She has a granddaughter who loves to dance.","她有一个喜欢跳舞的孙女。","source:ai-generated"
"grandfather","My grandfather taught me how to play the piano.","我的祖父教我如何弹钢琴。","source:ai-generated"
"grandmother","Grandmother always makes the best apple pie.","祖母总是做最好的苹果派。","source:ai-generated"
"grandson","The grandson brought his new toy to the party.","孙子把新玩具带到了派对上。","source:ai-generated"
"granite","The building was constructed from granite.","这座建筑是用花岗岩建造的。","source:ai-generated"
"grants","The government provides financial grants to students.","政府向学生提供财政补助金。","source:ai-generated"
"grape","She picked a ripe grape from the vine.","她从葡萄藤上摘了一颗成熟的葡萄。","source:ai-generated"
"graph","The graph shows a clear trend in the data.","图表显示数据中存在明显的趋势。","source:ai-generated"
"graphite","Pencils are made from graphite.","铅笔是用石墨制成的。","source:ai-generated"
"grasp","He grasped the concept quickly.","他很快理解了这个概念。","source:ai-generated"
"grass","The field is covered with grass.","这片草地被草覆盖着。","source:ai-generated"
"grasshopper","The grasshopper jumped over the fence.","蚱蜢跳过了围栏。","source:ai-generated"
"grassy","The grassy field was perfect for a picnic.","草地上非常适合野餐。","source:ai-generated"
"grateful","She felt grateful after receiving the gift.","收到礼物后，她感到非常感激。","source:ai-generated"
"gratitude","Expressing gratitude is important in relationships.","在关系中表达感激是重要的。","source:ai-generated"
"gravel","The gravel path was covered with rainwater.","石子路被雨水覆盖了。","source:ai-generated"
"gravity","The gravity of the situation made everyone nervous.","局势的严重性让每个人都很紧张。","source:ai-generated"
"gray","His face turned gray after the illness.","生病后，他的脸色变得灰白。","source:ai-generated"
"graze","The sheep grazed in the meadow.","羊群在草地上吃草。","source:ai-generated"
"great","The great success of the project surprised everyone.","这个项目的巨大成功让所有人感到惊讶。","source:ai-generated"
"greatly","She improved her skills greatly after training.","训练后，她技能提升了很多。","source:ai-generated"
"greed","His greed led to his downfall.","他的贪婪导致了他最终的失败。","source:ai-generated"
"greedy","The child was greedy for attention.","这个孩子非常渴望得到关注。","source:ai-generated"
"greek","The Greek language is ancient and rich in history.","希腊语是古老且历史丰富的语言。","source:ai-generated"
"green","The garden was full of green plants.","花园里到处都是绿色的植物。","source:ai-generated"
"greenhouse","The greenhouse is where we grow vegetables.","温室是我们种植蔬菜的地方。","source:ai-generated"
"greet","He greeted his friends with a smile.","他微笑着向朋友打招呼。","source:ai-generated"
"greeting","The greeting card arrived today.","今天的贺卡已经到了。","source:ai-generated"
"grey","The sky was a deep grey color.","天空是深灰色的。","source:ai-generated"
"grieve","She grieved over her lost love.","她为失去的爱情而悲伤。","source:ai-generated"
"grind","The machine grinds the coffee beans.","这台机器研磨咖啡豆。","source:ai-generated"
"groan","The child groaned in pain.","孩子因疼痛而呻吟。","source:ai-generated"
"grocer","The grocer sold fresh bread.","杂货商卖新鲜面包。","source:ai-generated"
"grocery","We went to the grocery store for supplies.","我们去杂货店采购物资。","source:ai-generated"
"groove","The river has a deep groove in the rock.","河流在岩石中形成了一道深沟。","source:ai-generated"
"grope","He groped for his keys in the dark.","他在黑暗中摸索着找钥匙。","source:ai-generated"
"ground","The soldiers stood on the battlefield ground.","士兵们站在战场地面","source:ai-generated"
"group","She formed a new group for her project.","她为她的项目组建了一个新团队","source:ai-generated"
"grove","The forest has a small grove of trees.","森林里有一片小树林","source:ai-generated"
"grow","The plant grows quickly in warm weather.","植物在温暖的天气中生长很快","source:ai-generated"
"growl","The dog growled loudly at the stranger.","狗对陌生人发出低沉的咆哮声","source:ai-generated"
"growth","The company's growth has been impressive this year.","公司今年的扩张表现非常出色","source:ai-generated"
"grumble","He grumbled about the long wait.","他抱怨等待时间太长","source:ai-generated"
"grunt","The man grunted as he lifted the heavy box.","他抬起沉重的箱子时发出一声低沉的哼声","source:ai-generated"
"guard","The guard at the gate watched for intruders.","门卫警惕地监视着入侵者。","source:ai-generated"
"guess","I have no idea what he guessed about my plans.","我不知道他对我计划猜了什么。","source:ai-generated"
"guest","The guest arrived late for the party.","客人迟到了聚会。","source:ai-generated"
"guidance","The teacher provided guidance on how to solve the problem.","老师指导如何解决这个问题。","source:ai-generated"
"guide","The guide showed us the historical sites.","导游带我们参观历史景点。","source:ai-generated"
"guilt","She felt a deep guilt after she lied to her friend.","她对朋友撒谎后感到深深的内疚。","source:ai-generated"
"guilty","He admitted he was guilty of the theft.","他承认自己偷了东西。","source:ai-generated"
"guitar","She plays the guitar in her free time.","她在空闲时间弹吉他。","source:ai-generated"
"gulf","The gulf between the two countries is a major political issue.","两国之间的差距是重大政治问题。","source:ai-generated"
"gum","She used gum to stick the paper together.","她用胶水把纸粘在一起。","source:ai-generated"
"gun","He picked up the gun and aimed at the target.","他拿起枪瞄准目标。","source:ai-generated"
"gunpowder","The gunpowder was carefully stored in a safe place.","火药被小心地存放在安全的地方。","source:ai-generated"
"gust","A strong gust of wind blew the leaves off the tree.","一阵强风把树叶吹落了。","source:ai-generated"
"gutter","The gutter under the roof collects rainwater.","屋顶下的排水沟收集雨水。","source:ai-generated"
"gymnasium","Students often go to the gymnasium after school.","学生课后常去体育馆。","source:ai-generated"
"habit","She has a habit of checking her phone before bed.","她睡前有检查手机的习惯。","source:ai-generated"
"habitual","She has a habitual tendency to check her phone before bed.","她睡前习惯性地检查手机。","source:ai-generated"
"hail","The storm brought hail that damaged the cars.","这场暴风雨带来了冰雹，损坏了汽车。","source:ai-generated"
"hair","He brushed his hair with a comb.","他用梳子梳理头发。","source:ai-generated"
"haircut","He got a haircut at the salon this morning.","他今天早上在沙龙剪了头发。","source:ai-generated"
"half","We need to take half of the cake.","我们需要分一半蛋糕。","source:ai-generated"
"hall","The large hall was filled with people for the event.","活动的会场里挤满了人。","source:ai-generated"
"halt","The soldiers halted their march when they saw the flag.","士兵们看到旗帜后停下脚步。","source:ai-generated"
"halve","She halved the recipe to make it for two people.","她把食谱减半，以便为两个人做。","source:ai-generated"
"ham","The actor played a role with ham, but his performance was too exaggerated.","这位演员演了一个笨拙的角色，但他的表演过于夸张。","source:ai-generated"
"hamburger","I bought a hamburger from the fast food restaurant.","我在快餐店买了一个汉堡包。","source:ai-generated"
"hammer","He used a hammer to fix the broken window.","他用锤子修理了破碎的窗户。","source:ai-generated"
"hamper","The heavy backpack hampered his running.","沉重的背包阻碍了他的跑步。","source:ai-generated"
"hand","She gave me a hand with the heavy boxes.","她帮我搬动了沉重的箱子。","source:ai-generated"
"handbook","The company provided a handbook for new employees.","公司为新员工提供了一份手册。","source:ai-generated"
"handful","He has a handful of questions to answer.","他有一堆问题需要回答。","source:ai-generated"
"handkerchief","She used a handkerchief to wipe her face.","她用手帕擦了擦脸。","source:ai-generated"
"handle","I need to handle the delicate glass carefully.","我需要小心地处理这易碎的玻璃。","source:ai-generated"
"handout","The teacher distributed a handout about the history of the internet.","老师分发了关于互联网历史的资料。","source:ai-generated"
"handsome","She bought a handsome wooden box for her birthday.","她为生日买了一个美观的木盒。","source:ai-generated"
"handwriting","His handwriting is very neat and legible.","他的字迹非常工整易读。","source:ai-generated"
"handy","This tool is handy for fixing small repairs.","这个工具很适合修理小问题。","source:ai-generated"
"hang","Please hang your coat by the door.","请把外套挂在门边。","source:ai-generated"
"happen","It happened that the meeting was postponed to next week.","会议恰好被推迟到下周。","source:ai-generated"
"happiness","She felt a deep happiness after achieving her goal.","她实现目标后感到一种深深的幸福。","source:ai-generated"
"happy","She felt happy after receiving good news.","收到好消息后，她感到开心。","source:ai-generated"
"harbor","The ship found a safe harbor to rest.","船找到了一个安全的港湾停泊。","source:ai-generated"
"harbour","The harbour is a safe place for ships to dock.","港口是船只靠岸的安全场所。","source:ai-generated"
"hard","The stone is hard to break.","这块石头很难打破。","source:ai-generated"
"harden","The metal hardens when heated.","金属在加热时会变硬。","source:ai-generated"
"hardly","Hardly had he arrived when the phone rang.","他刚一到达，电话就响了。","source:ai-generated"
"hardship","The war caused great hardship for many people.","战争给许多人带来了巨大的苦难。","source:ai-generated"
"hardware","The computer uses hardware to process data.","计算机使用硬件来处理数据。","source:ai-generated"
"hardy","Despite the harsh weather, she remained hardy and resilient.","尽管天气恶劣，她依然坚韧不拔。","source:ai-generated"
"hare","The hare darted across the field to escape the predator.","野兔飞快地冲过田野以躲避捕食者。","source:ai-generated"
"harm","The careless action caused harm to the environment.","粗心的举动对环境造成了伤害。","source:ai-generated"
"harmful","The toxic substance is harmful to human health.","这种有毒物质对人体健康有害。","source:ai-generated"
"harmonious","The harmonious relationship between friends brings joy.","朋友之间和谐的关系带来快乐。","source:ai-generated"
"harness","The farmer used harness to pull the heavy plow.","农民用挽具拉起沉重的犁。","source:ai-generated"
"harp","She played the harp with gentle melodies.","她用轻柔的旋律弹奏竖琴。","source:ai-generated"
"harsh","The harsh criticism made him feel discouraged.","严厉的批评让他感到沮丧。","source:ai-generated"
"harvest","The farmer harvested the wheat in the morning.","农民清晨收获了小麦。","source:ai-generated"
"hassle","We had a hassle with the new software.","我们与新软件产生了麻烦。","source:ai-generated"
"haste","She rushed to the meeting with haste.","她匆忙赶往会议。","source:ai-generated"
"hasten","The teacher asked the students to hasten their homework.","老师要求学生们加快完成作业。","source:ai-generated"
"hat","He put on his hat before going out.","他出门前戴上帽子。","source:ai-generated"
"hatch","The chicken hatched from the egg.","鸡从蛋里孵出来了。","source:ai-generated"
"hate","She hates the noise from the neighbors.","她讨厌邻居的噪音。","source:ai-generated"
"hateful","The situation is hateful to everyone.","这种状况对每个人来说都令人厌恶。","source:ai-generated"
"hatred","She felt deep hatred toward her brother for his betrayal.","她对兄弟的背叛感到深深的憎恨。","source:ai-generated"
"haughty","His haughty attitude made everyone feel unwelcome.","他傲慢的态度让每个人都感到不受欢迎。","source:ai-generated"
"haul","The truck hauled heavy loads across the desert.","卡车在沙漠中拖运着沉重的货物。","source:ai-generated"
"haunt","The ghost haunted the old house every night.","鬼魂每晚都出没在那座老房子里。","source:ai-generated"
"have","We have to finish the project by Friday.","我们必须在周五前完成这个项目。","source:ai-generated"
"hay","The farmer collected hay for the horses.","农民收集干草喂马。","source:ai-generated"
"hazard","Taking risks can lead to a great hazard.","冒险可能导致严重的危险。","source:ai-generated"
"hazardous","The area is hazardous due to unstable ground.","由于地面不稳定，该区域很危险。","source:ai-generated"
"he","He is a boy.","他是个男孩。","source:ai-generated"
"head","The head of the company is very important.","公司的头领非常重要。","source:ai-generated"
"headache","His headache is getting worse.","他的头痛越来越严重","source:ai-generated"
"heading","The heading of the report is clear.","报告的标题很清晰。","source:ai-generated"
"headline","The headline of the news is 'Weather forecast'.","新闻的标题是‘天气预报’。","source:ai-generated"
"headlong","He ran headlong into the wall.","他头朝前猛冲撞到了墙上。","source:ai-generated"
"headmaster","The headmaster is responsible for the school.","校长负责学校。","source:ai-generated"
"headquarters","The headquarters is located in Beijing.","总部位于北京。","source:ai-generated"
"heal","The wound healed quickly after the doctor applied the antibiotic.","医生在伤口上涂抹抗生素后，伤口很快愈合了。","source:ai-generated"
"health","She prioritizes her health by exercising regularly.","她通过定期锻炼来重视自己的健康。","source:ai-generated"
"healthy","Eating vegetables makes you feel healthy and energetic.","吃蔬菜会让你感觉健康且充满活力。","source:ai-generated"
"heap","He piled all the books into a big heap on the table.","他把所有的书堆在桌子上的一个大堆里。","source:ai-generated"
"hear","Can you hear the sound of the rain?","你能听到雨声吗？","source:ai-generated"
"heart","Her heart was filled with joy when she saw her child.","当她看到孩子时，她的心充满了喜悦。","source:ai-generated"
"hearth","The hearth was the warm center of the old farmhouse.","壁炉是那座老农舍的温暖中心。","source:ai-generated"
"hearty","He has a hearty laugh that makes everyone smile.","他爽朗的笑声让每个人都会笑。","source:ai-generated"
"heat","The sun's heat made the desert sand extremely hot.","太阳的热让沙漠的沙子变得极其炎热。","source:ai-generated"
"heater","The electric heater warms the room during cold winter nights.","电加热器在寒冷的冬夜为房间供暖。","source:ai-generated"
"heating","Central heating keeps the house warm in winter.","中央供暖系统在冬天保持房屋温暖。","source:ai-generated"
"heave","The ship heaved as it moved through the rough sea.","船在波涛汹涌的海水中起伏。","source:ai-generated"
"heaven","She dreams of reaching heaven after a long life of suffering.","她在历经苦难后，梦想着能到达天堂。","source:ai-generated"
"heavily","He fell heavily after the accident.","事故后他重重地摔倒了。","source:ai-generated"
"heavy","The heavy backpack made it difficult for him to walk.","沉重的背包使他走路变得困难。","source:ai-generated"
"hedge","To hedge against financial risks, she invested in multiple assets.","为了对冲财务风险，她投资于多种资产。","source:ai-generated"
"heel","She stepped on her heel to avoid the stone.","她用脚后跟避开石头。","source:ai-generated"
"height","The mountain's height is 3,000 meters.","这座山的海拔是3000米。","source:ai-generated"
"heighten","The music heightens the emotional intensity.","音乐增强了情感的强度。","source:ai-generated"
"heir","The new heir will inherit the family business.","新的继承人将继承家族企业。","source:ai-generated"
"helicopter","He flew to the city in a helicopter.","他乘直升机飞到城市。","source:ai-generated"
"hell","It was a hell of a day.","这一天真是糟糕透了。","source:ai-generated"
"hello","Hello, how are you?","你好，你怎么样？","source:ai-generated"
"helmet","He put on his helmet before riding the bike.","他骑自行车前戴上头盔。","source:ai-generated"
"help","She needs help to finish her project.","她需要帮助完成她的项目。","source:ai-generated"
"helpful","He is very helpful to his friends.","他对朋友非常有帮助。","source:ai-generated"
"helpless","The child was helpless when the storm hit.","风暴来袭时，孩子无助。","source:ai-generated"
"hen","The hen laid a beautiful egg.","母鸡下了一个漂亮的蛋。","source:ai-generated"
"hence","Hence, we must act quickly.","因此，我们必须迅速行动。","source:ai-generated"
"henceforth","Henceforth, she will focus on her studies.","从此以后，她将专注于学习。","source:ai-generated"
"her","Her smile made everyone happy.","她的笑容让每个人都很开心。","source:ai-generated"
"herald","The herald announced the king's arrival.","传令官宣布国王的到来。","source:ai-generated"
"herd","The cattle herd moved slowly across the field.","牛群缓缓地跨过田野。","source:ai-generated"
"here","The dog is here.","狗在这里。","source:ai-generated"
"hero","She is a true hero who saves strangers.","她是一个真正救人的英雄。","source:ai-generated"
"heroic","His heroic act inspired many people.","他的英勇行为激励了很多人。","source:ai-generated"
"heroine","The heroine in the movie is very brave.","电影中的女主角非常勇敢。","source:ai-generated"
"hers","She chose the blue dress because it was hers.","她选择蓝色连衣裙，因为那是她的。","source:ai-generated"
"herself","She helped herself to the food.","她自己拿了一些食物。","source:ai-generated"
"hi","Hi, how are you?","你好，你怎么样？","source:ai-generated"
"hide","The cat hid under the table to avoid the dog.","猫躲到桌子底下避开狗。","source:ai-generated"
"hierarchy","The company has a clear hierarchy with managers at the top.","公司有明确的等级制度，管理层位于顶端。","source:ai-generated"
"high","The mountain peak is high above the clouds.","山顶高高耸立在云层之上。","source:ai-generated"
"highlight","The teacher highlighted the key points in the textbook.","老师在教科书中突出了重点内容。","source:ai-generated"
"highly","She highly values her family's support.","她非常重视家人的支持。","source:ai-generated"
"highway","We took the highway to reach the city quickly.","我们选择高速公路快速到达城市。","source:ai-generated"
"hill","The hill was covered with wildflowers in the morning.","早晨，小山丘上开满了野花。","source:ai-generated"
"hillside","The children played on the hillside near the river.","孩子们在河畔的小山坡上玩耍。","source:ai-generated"
"him","He gave the book to him.","他把书给了他","source:ai-generated"
"himself","He fixed the problem by himself.","他独自解决了这个问题","source:ai-generated"
"hindrance","The noise was a big hindrance to his work.","噪音严重妨碍了他的工作","source:ai-generated"
"hinge","The door hinges are worn out.","门的铰链已经磨损了","source:ai-generated"
"hint","She gave a hint about the meeting time.","她透露了会议时间的提示","source:ai-generated"
"hip","He has a hip injury.","他有髋部受伤","source:ai-generated"
"hire","She hired a new assistant.","她雇用了一名新助手","source:ai-generated"
"his","His car is red.","他的车是红色的","source:ai-generated"
"hiss","The snake hissed loudly when it saw the intruder.","蛇看到入侵者时发出响亮的嘶声。","source:ai-generated"
"historian","The historian studied ancient manuscripts to understand past civilizations.","历史学家研究古代手稿以了解过去的文明。","source:ai-generated"
"historic","The event was historic because it changed the course of modern history.","这一事件具有历史意义，因为它改变了现代历史的进程。","source:ai-generated"
"historical","The historical documents provide insight into the past society.","历史文献为我们提供了过去社会的见解。","source:ai-generated"
"history","History teaches us about the lessons from past events.","历史教会我们从过去事件中汲取教训。","source:ai-generated"
"hit","The ball hit the wall and bounced back.","球击中了墙并弹了回来。","source:ai-generated"
"hoarse","After shouting for hours, his voice became hoarse.","喊了几个小时后，他的声音变得沙哑。","source:ai-generated"
"hobby","She has a hobby of painting landscapes in her free time.","她在空闲时间喜欢绘画风景作为爱好。","source:ai-generated"
"hoe","She used a hoe to dig the garden soil.","她用锄头挖园土。","source:ai-generated"
"hoist","The crane hoisted the heavy box.","起重机吊起重物。","source:ai-generated"
"hold","He held the door open for me.","他为我把门开着。","source:ai-generated"
"hole","The rabbit ran into a hole to hide.","兔子钻进洞里躲藏。","source:ai-generated"
"holiday","We will have a holiday next week.","我们下周有假期。","source:ai-generated"
"hollow","The hollow in the wall was filled with mud.","墙里的洞被泥填满了。","source:ai-generated"
"holy","The church was a holy place for the villagers.","教堂是村民的神圣场所。","source:ai-generated"
"home","I am going home after work.","工作结束后我回家。","source:ai-generated"
"homely","She wore a homely dress that matched her simple lifestyle.","她穿了一件朴素的连衣裙，与她简单的生活方式相配。","source:ai-generated"
"homogeneous","The mixture is homogeneous, meaning it has a uniform composition throughout.","这种混合物是均质的，意味着它在整个范围内具有均匀的组成。","source:ai-generated"
"honest","He is an honest person who always tells the truth.","他是个诚实的人，总是说真话。","source:ai-generated"
"honesty","Honesty is the most important quality in building trust.","诚实是建立信任最重要的品质。","source:ai-generated"
"honey","She gave him a sweet honey to make his day better.","她给他一勺甜蜂蜜，让他的一天变得更美好。","source:ai-generated"
"honeymoon","After the wedding, they went on their honeymoon in Paris.","婚礼后，他们去巴黎度蜜月。","source:ai-generated"
"honour","He received a great honour for his contributions to science.","他因对科学的贡献而获得极大的荣誉。","source:ai-generated"
"honourable","The soldier's honourable actions during the war earned him respect.","他在战争中的英勇行为使他赢得了尊重。","source:ai-generated"
"hook","He used a hook to catch the fish.","他用钩子来钓鱼。","source:ai-generated"
"hope","She has a strong hope for her future.","她对未来有强烈的希望。","source:ai-generated"
"hopeful","He is a hopeful candidate for the job.","他是这个职位有希望的候选人。","source:ai-generated"
"hopeless","The situation is hopeless after the failure.","失败后形势变得绝望。","source:ai-generated"
"horizon","The horizon was visible from the hilltop.","从山顶可以看到地平线。","source:ai-generated"
"horizontal","The line is horizontal on the paper.","这条线在纸上是水平的。","source:ai-generated"
"horn","The cow's horn is sharp and long.","牛的角又尖又长。","source:ai-generated"
"horrible","The movie was horrible and frightening.","这部电影非常可怕和令人毛骨悚然。","source:ai-generated"
"horror","The horror of the situation was overwhelming.","那种情形的恐怖令人窒息。","source:ai-generated"
"horse","He rode the horse across the field.","他骑马穿过田野。","source:ai-generated"
"horsepower","The car has a powerful horsepower.","这辆车马力强劲。","source:ai-generated"
"hose","She used the hose to water the garden.","她用水管浇灌花园。","source:ai-generated"
"hospital","The hospital is open 24 hours a day.","医院全天候营业。","source:ai-generated"
"host","He is the host of the popular TV show.","他是热门电视节目的主持人。","source:ai-generated"
"hostess","The hostess welcomed the guests with a smile.","女主人微笑着迎接客人。","source:ai-generated"
"hot","The weather is hot today.","今天天气很热。","source:ai-generated"
"hotel","We stayed at a hotel near the beach.","我们住在海滩附近的旅馆。","source:ai-generated"
"hour","She works for eight hours a day.","她每天工作八个小时。","source:ai-generated"
"house","The house is on the corner of the street.","房子位于街角。","source:ai-generated"
"housewife","My mother is a housewife.","我妈妈是家庭主妇。","source:ai-generated"
"hover","The drone hovered above the garden.","无人机在花园上方盘旋。","source:ai-generated"
"how","How do you spell 'hello'?","‘你好’怎么拼写？","source:ai-generated"
"however","It was cold, however, we went out.","天气很冷，不过我们还是出去了。","source:ai-generated"
"howl","The wolf howled at the moon.","狼在月光下狂吠。","source:ai-generated"
"huddle","The children huddled together for warmth in the cold night.","寒冷的夜晚，孩子们挤在一起取暖。","source:ai-generated"
"huge","The city has a huge population.","这座城市人口众多。","source:ai-generated"
"hull","The hull of the boat is made of strong wood.","船体由坚固的木材制成。","source:ai-generated"
"human","She is a human being with a kind heart.","她是一个心地善良的人。","source:ai-generated"
"humanitarian","The humanitarian aid reached the disaster victims quickly.","人道主义援助迅速抵达受灾群众。","source:ai-generated"
"humid","The weather is humid and sticky this morning.","今天早上天气潮湿黏腻。","source:ai-generated"
"humidity","The high humidity made the air feel heavy.","高湿度使空气变得沉重。","source:ai-generated"
"humiliation","His public humiliation was a result of his dishonest actions.","他的公开羞辱源于他的不诚实行为。","source:ai-generated"
"humorous","She told a humorous story that made everyone laugh.","她讲了一个让人发笑的幽默故事。","source:ai-generated"
"humour","His sense of humour is what makes him so entertaining.","他幽默的感性使他变得非常有趣。","source:ai-generated"
"hundred","He counted a hundred people.","他数了一百人。","source:ai-generated"
"hunger","The hunger in the region was so severe that people had to leave their homes.","该地区的饥荒严重到人们不得不离开家园。","source:ai-generated"
"hungry","He felt hungry after skipping breakfast.","他早餐没吃，感到很饿。","source:ai-generated"
"hunt","The team decided to hunt for clues in the forest.","团队决定在森林中搜寻线索。","source:ai-generated"
"hurl","He hurled the ball across the field.","他将球掷向场地上方。","source:ai-generated"
"hurrah","The crowd shouted 'Hurrah!' in celebration.","人群在庆祝时高喊‘万岁！’","source:ai-generated"
"hurry","She hurried to the meeting to avoid being late.","她匆忙赶去开会以免迟到。","source:ai-generated"
"hurt","The child hurt his knee while playing.","孩子在玩耍时弄伤了膝盖。","source:ai-generated"
"husband","He is the husband of the woman who lives next door.","他住在隔壁的那位女士的丈夫。","source:ai-generated"
"hush","Hush, the baby is sleeping.","嘘，宝宝在睡觉。","source:ai-generated"
"hut","The soldiers built a small hut for shelter.","士兵们搭建了一座小屋作为庇护所。","source:ai-generated"
"hydraulic","The hydraulic system powers the heavy machinery.","液压系统驱动重型机械。","source:ai-generated"
"hydrocarbon","Petroleum is a natural hydrocarbon.","石油是一种天然的碳氢化合物。","source:ai-generated"
"hydrogen","Hydrogen is the lightest element in the periodic table.","氢是元素周期表中最轻的元素。","source:ai-generated"
"hymn","The church choir sang a traditional hymn at the service.","教堂合唱团在礼拜中唱了一首传统赞美诗。","source:ai-generated"
"hypotheses","The scientist proposed several hypotheses to explain the experiment results.","科学家提出了几个假设来解释实验结果。","source:ai-generated"
"hysteria","After the traumatic event, she developed symptoms of hysteria.","在那次创伤性事件后，她出现了歇斯底里的症状。","source:ai-generated"
"hysterical","He was hysterical after hearing the bad news.","听到坏消息后，他变得歇斯底里。","source:ai-generated"
"i.e.","The solution is correct, i.e., it works for all cases.","这个解法是正确的，也就是说，它适用于所有情况。","source:ai-generated"
"ice","The river froze into a thick layer of ice during the winter.","在冬天，河流结冰形成了一层厚厚的冰。","source:ai-generated"
"ice-cream","She bought a single scoop of vanilla ice-cream for her dessert.","她买了一小份香草冰淇淋作为甜点。","source:ai-generated"
"icy","The lake was icy cold when she went swimming.","她去游泳时，湖水冰冷刺骨。","source:ai-generated"
"idea","She had a new idea for improving the company's efficiency.","她想出一个提高公司效率的新点子。","source:ai-generated"
"idealism","His philosophy is rooted in idealism.","他的哲学思想根植于理想主义。","source:ai-generated"
"ideally","The project should be completed ideally by next week.","该项目应理想地在下周内完成。","source:ai-generated"
"idle","He spent the afternoon idle on the couch.","他下午在沙发上无所事事。","source:ai-generated"
"idleness","Her idleness led to a lack of progress.","她的懒散导致了进展的停滞。","source:ai-generated"
"if","If you need help, please let me know.","如果你需要帮助，请告诉我。","source:ai-generated"
"ignite","The spark ignited the fire.","火花点燃了火。","source:ai-generated"
"ignorance","His ignorance about the rules caused the mistake.","他对规则的无知导致了错误。","source:ai-generated"
"ignorant","He is an ignorant person who doesn't know basic facts.","他是个不知道基本事实的无知的人。","source:ai-generated"
"ill","The patient is ill and needs rest.","病人病了，需要休息。","source:ai-generated"
"illiterate","She is illiterate and cannot read the newspaper.","她文盲，无法阅读报纸。","source:ai-generated"
"illness","The illness made him miss work for a week.","这次病让他一周没上班。","source:ai-generated"
"illuminate","The teacher illuminated the complex concept with a simple example.","老师用一个简单的例子阐明了这个复杂概念。","source:ai-generated"
"illustration","The book includes a detailed illustration of the historical event.","这本书包含了一个详细的历史事件插图。","source:ai-generated"
"image","The image on the screen shows a clear picture of the moon.","屏幕上显示的图像清晰地呈现了月亮。","source:ai-generated"
"imagination","Her imagination is so vivid that she can create stories from nothing.","她的想象力非常丰富，能够从无到有创造故事。","source:ai-generated"
"imagine","She imagined a world where everyone could live in peace.","她想象了一个每个人都能和平生活的世界。","source:ai-generated"
"immediate","The immediate cause of the accident was a sudden brake failure.","事故的直接原因是突然的刹车故障。","source:ai-generated"
"immediately","He immediately called his friend after hearing the news.","他听到消息后立刻打电话给朋友。","source:ai-generated"
"immense","The immense ocean covers more than 70% of the Earth's surface.","浩瀚的海洋覆盖了地球表面的70%以上。","source:ai-generated"
"immerse","To fully immerse yourself in the book, you need to read it slowly.","要完全沉浸在书中，你需要慢慢阅读。","source:ai-generated"
"immigrant","Many immigrants come to the city to seek better opportunities.","许多移民来到这座城市寻求更好的机会。","source:ai-generated"
"immigrate","They decided to immigrate to Canada for a better life.","他们决定移民到加拿大过更好的生活。","source:ai-generated"
"immigration","The immigration officer checked her passport at the airport.","机场的移民官检查了她的护照。","source:ai-generated"
"immortal","The mythological figure is an immortal being.","神话人物是一个不朽的存在。","source:ai-generated"
"immunity","The vaccine provides immunity against the virus.","疫苗能提供对病毒的免疫。","source:ai-generated"
"impair","The heavy rain impaired the road conditions.","暴雨损害了道路状况。","source:ai-generated"
"impart","She imparted the secret to her friend.","她向朋友透露了秘密。","source:ai-generated"
"impartial","The judge was impartial in his decision.","法官在判决中保持了公正。","source:ai-generated"
"impetus","The initial impetus for the project came from the team leader.","该项目的初始动力来自团队负责人。","source:ai-generated"
"implicit","The message was implicit in his tone.","他语气中隐含着这个信息。","source:ai-generated"
"implore","He implored for help from the storm.","他恳求风暴给予帮助。","source:ai-generated"
"import","The country's economy depends on the import of raw materials.","该国经济依赖于原材料的进口。","source:ai-generated"
"importance","The importance of education cannot be underestimated.","教育的重要性不容忽视。","source:ai-generated"
"important","It is important to prepare for the exam.","考试前做好准备很重要。","source:ai-generated"
"impose","The government imposed new taxes on imported goods.","政府对进口商品征收了新税。","source:ai-generated"
"impossible","It is impossible to finish the project in one day.","一天内完成这个项目是不可能的。","source:ai-generated"
"impoverish","The war impoverished many families.","战争使许多家庭陷入贫困。","source:ai-generated"
"impress","The speaker's confident tone impressed the audience.","演讲者的自信语气给听众留下了深刻印象。","source:ai-generated"
"impression","The impression of the meeting was positive.","会议的印象是积极的。","source:ai-generated"
"impressive","Her speech was so impressive that everyone was amazed.","她的演讲给人印象深刻，所有人都感到惊讶。","source:ai-generated"
"imprison","The police decided to imprison the suspect for the next 24 hours.","警察决定将嫌疑人关押24小时。","source:ai-generated"
"improper","The behavior was considered improper in a formal setting.","在正式场合中，这种行为被认为是不合适的。","source:ai-generated"
"improve","She improved her English skills by practicing daily.","她通过每天练习提高了英语水平。","source:ai-generated"
"improvement","The company's recent improvement in customer service has been noticed.","公司最近在客户服务方面取得的进步已经引起注意。","source:ai-generated"
"impurity","The water sample contained impurities that needed to be filtered.","水样中含有需要过滤的杂质。","source:ai-generated"
"in","He is in the room with his friends.","他和朋友们在房间里。","source:ai-generated"
"inaccessible","The mountain peak is inaccessible due to heavy snowfall.","由于大雪，这座山峰难以到达。","source:ai-generated"
"inaccurate","The measurements were inaccurate due to the faulty equipment.","由于设备故障，测量结果不准确。","source:ai-generated"
"inadequate","The resources provided were inadequate for the project's needs.","提供的资源不足以满足项目的需要。","source:ai-generated"
"inasmuch","Inasmuch as the budget is limited, we must prioritize essential expenses.","鉴于预算有限，我们必须优先考虑基本开支。","source:ai-generated"
"inaugurate","The president will inaugurate the new government program next week.","总统将于下周启动新政府计划。","source:ai-generated"
"incandescent","The incandescent light bulb emits a warm, bright light.","白炽灯发出温暖而明亮的光。","source:ai-generated"
"incapable","She is incapable of handling the complex tasks alone.","她无法独自处理复杂的任务。","source:ai-generated"
"incense","The smell of incense filled the temple during the ritual.","在仪式中，香的气味充满了寺庙。","source:ai-generated"
"incentive","The bonus is an incentive for employees to improve their performance.","奖金是激励员工提升绩效的手段。","source:ai-generated"
"inch","The height of the building is 100 inches.","这座建筑的高度是100英寸。","source:ai-generated"
"incidence","The incidence of the disease is increasing.","该疾病的发病率正在上升。","source:ai-generated"
"inclination","She has a natural inclination to art.","她天生对艺术有倾向。","source:ai-generated"
"incline","The hill inclines gently towards the river.","这座山丘缓缓地朝向河流倾斜。","source:ai-generated"
"include","Please include the report in your email.","请将报告包含在你的电子邮件中。","source:ai-generated"
"inclusive","The meeting is inclusive of all team members.","这次会议包括所有团队成员。","source:ai-generated"
"income","His monthly income is $3,000.","他的月收入是3000美元。","source:ai-generated"
"incompatible","These two materials are incompatible.","这两种材料不相容。","source:ai-generated"
"incomplete","The report is incomplete and needs more details.","报告不完整，需要更多细节。","source:ai-generated"
"incorporate","The company decided to incorporate new technology into its operations.","公司决定将新技术整合到其运营中。","source:ai-generated"
"incorrect","The answer is incorrect; it should be 10.","答案不正确；应该是10。","source:ai-generated"
"increase","The population increased significantly over the past decade.","过去十年人口显著增长。","source:ai-generated"
"increasingly","The city is increasingly becoming a hub for innovation.","该城市日益成为创新的中心。","source:ai-generated"
"incur","He incurred a large debt by making impulsive purchases.","他因冲动购物而欠下巨额债务。","source:ai-generated"
"indeed","Yes, the project is indeed on schedule.","是的，该项目确实按计划进行。","source:ai-generated"
"indefinite","The deadline is indefinite, so we need to plan for the future.","截止日期是不确定的，因此我们需要为未来做计划。","source:ai-generated"
"indefinitely","She will stay in the city indefinitely.","她将在城市中无限期地待下去。","source:ai-generated"
"independent","He is an independent thinker.","他是个独立思考者。","source:ai-generated"
"index","The index of the book lists all the topics.","书的目录列出了所有主题。","source:ai-generated"
"india","India is a country in South Asia.","印度是南亚的一个国家。","source:ai-generated"
"indian","She is an Indian citizen.","她是印度公民。","source:ai-generated"
"indicate","The arrow indicates the way to the exit.","箭头指示了通往出口的路线。","source:ai-generated"
"indication","The symptom is a clear indication of illness.","这种症状是疾病的一个明确迹象。","source:ai-generated"
"indicative","A rising unemployment rate is indicative of a slowing economy.","失业率上升表明经济正在放缓。","source:ai-generated"
"indignant","She felt indignant when her friend criticized her work.","当朋友批评她的工作时，她感到愤慨。","source:ai-generated"
"indignation","His actions caused widespread indignation among the community.","他的行为在社区中引发了广泛的愤慨。","source:ai-generated"
"indirect","The indirect approach to communication can sometimes lead to misunderstandings.","沟通的间接方式有时会导致误解。","source:ai-generated"
"indiscriminately","He acted indiscriminately without considering the consequences.","他不分青红皂白地行动，不考虑后果。","source:ai-generated"
"indoor","The children played indoors after the rain stopped.","雨停后，孩子们在室内玩耍。","source:ai-generated"
"indoors","We decided to stay indoors for the afternoon.","我们决定下午待在室内。","source:ai-generated"
"induce","The teacher induced the students to think critically about the problem.","老师引导学生对这个问题进行批判性思考。","source:ai-generated"
"induction","The induction process for new employees involves several steps.","新员工的入职流程包括几个步骤。","source:ai-generated"
"indulge","She indulged in her childhood hobby of painting.","她沉溺于儿时的绘画爱好。","source:ai-generated"
"industrialize","The government aims to industrialize the rural areas by 2030.","政府计划到2030年实现农村地区工业化。","source:ai-generated"
"industrious","He is an industrious student who always completes his homework on time.","他是个勤奋的学生，总是按时完成作业。","source:ai-generated"
"industry","The company's industry focuses on sustainable manufacturing solutions.","该公司的产业专注于可持续制造解决方案。","source:ai-generated"
"inefficient","The outdated machinery in the factory is inefficient and causes delays.","工厂中过时的设备效率低下，导致延误。","source:ai-generated"
"inertia","The lack of motivation created a state of inertia in the project.","缺乏动力使项目陷入惰性状态。","source:ai-generated"
"inevitably","The project will inevitably face challenges during its implementation.","项目在实施过程中不可避免地会遇到挑战。","source:ai-generated"
"inexpensive","The inexpensive shirt was a great deal for the price.","这件便宜的衬衫价格非常划算。","source:ai-generated"
"infancy","The baby is in infancy and needs special care.","婴儿处于幼儿期，需要特别照顾。","source:ai-generated"
"infect","The virus can infect people who have weak immune systems.","这种病毒会感染免疫系统较弱的人。","source:ai-generated"
"infer","Based on the evidence, we can infer that the suspect is guilty.","根据证据，我们可以推断嫌疑人有罪。","source:ai-generated"
"inference","The detective made an inference about the thief's identity.","侦探对小偷的身份做出了推论。","source:ai-generated"
"inferiority","The child felt a sense of inferiority after losing the game.","孩子在输掉比赛后感到自卑。","source:ai-generated"
"infinitely","The problem is infinitely complex to solve.","这个问题无限复杂，难以解决。","source:ai-generated"
"infinity","In mathematics, infinity represents a number without bound.","在数学中，无穷大表示一个没有界限的数。","source:ai-generated"
"inflate","He inflated the balloon with air.","他用空气把气球吹起来。","source:ai-generated"
"inflation","The country's inflation rate has been rising steadily.","该国的通胀率持续上升。","source:ai-generated"
"inflict","The storm inflicted severe damage on the coastal areas.","风暴对沿海地区造成了严重破坏。","source:ai-generated"
"influence","Her influence in the business community is significant.","她在商业圈的影响很大。","source:ai-generated"
"influential","He is an influential figure in the political sphere.","他在政治领域是一位有影响力的人物。","source:ai-generated"
"inform","Please inform me as soon as you receive the package.","请收到包裹后尽快通知我。","source:ai-generated"
"information","The report contains detailed information about the project.","该报告包含关于该项目的详细信息。","source:ai-generated"
"infrastructure","The new infrastructure projects will improve transportation.","新的基础设施项目将改善交通。","source:ai-generated"
"infusion","The medical infusion helped the patient recover quickly.","这种医疗输液帮助病人迅速康复。","source:ai-generated"
"ingenuity","Her ingenuity in solving the puzzle was remarkable.","她解决谜题的巧妙构思令人叹为观止。","source:ai-generated"
"inhabit","Birds inhabit the trees during the summer months.","鸟类在夏季栖息于树上。","source:ai-generated"
"inhabitant","The city's inhabitants are diverse in culture and background.","这座城市居民的文化背景各不相同。","source:ai-generated"
"inhibit","Stress can inhibit your ability to concentrate.","压力会抑制你集中注意力的能力。","source:ai-generated"
"initially","Initially, the project was delayed due to funding issues.","最初，由于资金问题，该项目被推迟。","source:ai-generated"
"initiate","He initiated a new program to improve community engagement.","他启动了一个新项目以提升社区参与度。","source:ai-generated"
"inject","The doctor injected the patient with the medication.","医生给病人注射了药物。","source:ai-generated"
"injection","The injection site should be cleaned before administering the vaccine.","在接种疫苗前，应先清洁注射部位。","source:ai-generated"
"injure","The heavy rain injured the old bridge.","暴雨损坏了那座老桥。","source:ai-generated"
"injury","He suffered a serious injury in the accident.","他在事故中受了重伤。","source:ai-generated"
"ink","She used ink to sign the document.","她用墨水签署文件。","source:ai-generated"
"inlet","The ship entered through the narrow inlet.","船通过狭窄的海湾入口驶入。","source:ai-generated"
"inn","We stayed at a small inn near the river.","我们在河畔的一家小旅馆住了下来。","source:ai-generated"
"innate","Her innate curiosity made her explore the world.","她与生俱来的求知欲让她探索世界。","source:ai-generated"
"inner","The inner part of the earth is very hot.","地球内部非常热。","source:ai-generated"
"innocent","The child was innocent and played happily.","这个孩子天真烂漫，玩得开心。","source:ai-generated"
"innovation","The company's latest innovation in renewable energy technology has attracted global attention.","该公司在可再生能源技术方面的最新创新已引起全球关注。","source:ai-generated"
"inorganic","The experiment used inorganic compounds to study their chemical reactions.","该实验使用无机化合物来研究它们的化学反应。","source:ai-generated"
"inquire","She inquired about the project timeline with the client.","她向客户询问了项目时间表。","source:ai-generated"
"inquiry","The inquiry process requires thorough documentation and verification.","调查程序需要详尽的文件和验证。","source:ai-generated"
"insanity","The doctor diagnosed the patient with insanity after a series of tests.","医生在一系列测试后诊断患者患有精神错乱。","source:ai-generated"
"inside","The key is inside the box.","钥匙在盒子里。","source:ai-generated"
"insidious","The insidious effects of the virus became apparent after weeks of exposure.","病毒的潜移默化的影响在数周暴露后逐渐显现。","source:ai-generated"
"insight","His deep insight into human behavior helped him resolve the conflict.","他对人类行为的深刻洞察帮助他解决了冲突。","source:ai-generated"
"insignificant","This tiny detail is insignificant to the overall project.","这个微小的细节对整个项目来说无关紧要。","source:ai-generated"
"insistent","She is insistent about finishing the report by tomorrow.","她坚持要在明天前完成报告。","source:ai-generated"
"inspect","The teacher inspected the students' homework carefully.","老师仔细检查了学生的作业。","source:ai-generated"
"inspection","The company conducted a safety inspection of the factory.","公司对工厂进行了安全检查。","source:ai-generated"
"inspector","The police inspector checked the evidence thoroughly.","警察检查员仔细检查了证据。","source:ai-generated"
"inspire","Reading classic literature inspires creativity.","阅读经典文学能激发创造力。","source:ai-generated"
"instability","The economic instability caused widespread concern.","经济不稳定引发了广泛担忧。","source:ai-generated"
"installation","The installation of the new software took two days.","安装新软件花了两天时间。","source:ai-generated"
"installment","She made a monthly installment payment for her car loan.","她为汽车贷款每月做分期付款。","source:ai-generated"
"instance","This is a classic instance of how to solve a complex problem.","这是一个解决复杂问题的经典例子。","source:ai-generated"
"instant","The instant the alarm went off, he ran out of the room.","警报一响，他就冲出了房间。","source:ai-generated"
"instantaneous","The reaction is instantaneous, meaning it happens without any delay.","这个反应是瞬时的，意味着它不会有任何延迟。","source:ai-generated"
"instantly","He ran instantly when he saw the danger.","他一看到危险就立刻跑开。","source:ai-generated"
"instead","I'll go to the park instead of staying home.","我宁愿去公园，而不是待在家里。","source:ai-generated"
"instinctively","The cat jumped instinctively to avoid the falling branch.","猫本能地跳开，以避开掉落的树枝。","source:ai-generated"
"institution","The institution of education has been a cornerstone of society for centuries.","教育制度是社会数百年来的重要基石。","source:ai-generated"
"instruct","The teacher instructed the students on how to solve the math problem.","老师指导学生如何解数学题。","source:ai-generated"
"instruction","The software provides clear instructions for beginners.","该软件为初学者提供清晰的指导。","source:ai-generated"
"instructor","She is a certified instructor who teaches programming courses.","她是一名持证讲师，教授编程课程。","source:ai-generated"
"insufficient","The amount of sleep he got was insufficient for his health.","他获得的睡眠量对健康来说不足。","source:ai-generated"
"insulate","To insulate the house, we added thick insulation material.","为了隔热，我们在房屋中添加了厚绝缘材料。","source:ai-generated"
"insulator","The electrical insulator prevents the flow of electricity.","电气绝缘体阻止电流流动。","source:ai-generated"
"insult","He was insulted by his friend's rude comment.","他被朋友的粗鲁评论冒犯了。","source:ai-generated"
"insure","We insured our car against accidents.","我们为汽车投保以防止事故。","source:ai-generated"
"intake","The patient's daily intake of fluids must be monitored.","患者每日的液体摄入量必须被监测。","source:ai-generated"
"integral","The integral of the function is a key concept in calculus.","函数的积分是微积分中的一个关键概念。","source:ai-generated"
"integrate","She integrated her new experiences into her daily routine.","她将新的经历融入日常生活中。","source:ai-generated"
"intellect","His intellect was remarkable for its depth and clarity.","他的智力以深度和清晰度著称。","source:ai-generated"
"intellectually","He thought intellectually about the problem.","他从理智上思考这个问题。","source:ai-generated"
"intelligence","The intelligence agency collected data on potential threats.","情报机构收集了潜在威胁的数据。","source:ai-generated"
"intelligible","The explanation was intelligible to all participants.","这个解释对所有参与者来说都是清晰易懂的。","source:ai-generated"
"intend","She intends to finish the project by next week.","她计划在下周前完成这个项目。","source:ai-generated"
"intensify","She intensified her efforts to complete the project on time.","她加强了努力以按时完成项目。","source:ai-generated"
"intensity","The intensity of the storm was overwhelming.","风暴的强度令人难以承受。","source:ai-generated"
"intensive","He has an intensive course in business management.","他有商业管理的强化课程。","source:ai-generated"
"intention","Her intention was to help her friends.","她的目的是帮助朋友。","source:ai-generated"
"intentional","The teacher made the task intentional to encourage critical thinking.","老师将任务设计为有目的的，以鼓励批判性思维。","source:ai-generated"
"interaction","Social interaction is crucial for healthy development.","社交互动对健康发育至关重要。","source:ai-generated"
"interconnect","The new software interconnects all devices in the network.","新软件将网络中所有设备相互连接。","source:ai-generated"
"intercourse","They had a healthy intercourse after the long break.","在长时间的分离后，他们进行了健康的交流。","source:ai-generated"
"interest","She has a strong interest in science.","她对科学有浓厚的兴趣。","source:ai-generated"
"interesting","This book is very interesting.","这本书很有趣。","source:ai-generated"
"interface","The software interface is user-friendly.","该软件界面友好。","source:ai-generated"
"interference","The noise caused interference with the signal.","噪音干扰了信号。","source:ai-generated"
"interim","During the interim period, the company was under temporary management.","在临时期间，公司由临时管理。","source:ai-generated"
"interior","The interior of the house is very spacious.","房子内部非常宽敞。","source:ai-generated"
"intermediate","He works as an intermediate in the project team.","他在项目团队中担任协调员。","source:ai-generated"
"intermittent","The rain is intermittent, falling in short bursts.","雨是间歇性的，断断续续地落下。","source:ai-generated"
"international","The international community must address climate change.","国际社会必须应对气候变化。","source:ai-generated"
"interpretation","The interpretation of the new policy requires careful analysis.","新政策的解释需要仔细分析。","source:ai-generated"
"interpreter","She works as a professional interpreter for international conferences.","她为国际会议担任专业翻译。","source:ai-generated"
"interruption","The interruption during the lecture caused confusion among students.","讲座中的一次打断导致学生困惑。","source:ai-generated"
"interval","The interval between two songs is five seconds.","两首歌曲之间的间隔是五秒。","source:ai-generated"
"intervention","The government intervention helped stabilize the economy.","政府的干预帮助稳定了经济。","source:ai-generated"
"interview","He passed the job interview with flying colors.","他以优异的成绩通过了面试。","source:ai-generated"
"into","She ran into the room quickly.","她迅速冲进房间。","source:ai-generated"
"intonation","She adjusted her intonation to match the audience's expectations.","她调整了语调以符合观众的期望。","source:ai-generated"
"intricacy","The intricate design of the spiderweb shows its natural intricacy.","蛛网的复杂设计展现了其自然的纷乱。","source:ai-generated"
"intriguing","The book's intriguing plot kept me engaged throughout the night.","这本书引人入胜的情节让我整夜都沉浸其中。","source:ai-generated"
"intrinsic","The intrinsic value of the diamond lies in its rarity and beauty.","钻石的内在价值在于其稀有和美丽。","source:ai-generated"
"introduce","He introduced a new method to improve the team's efficiency.","他介绍了一种新方法来提高团队效率。","source:ai-generated"
"introduction","The introduction section explains the project's background and objectives.","引言部分解释了项目的背景和目标。","source:ai-generated"
"invade","The army invaded the enemy's territory without warning.","军队在毫无预警的情况下入侵了敌方领土。","source:ai-generated"
"invariably","The system invariably produces accurate results under normal conditions.","该系统在正常条件下始终能产生准确的结果。","source:ai-generated"
"invasion","The military invasion of the small island caused significant damage.","军队对小岛的入侵造成了严重破坏。","source:ai-generated"
"invent","She invented a new method to solve the complex problem.","她发明了一种解决复杂问题的新方法。","source:ai-generated"
"invention","The invention of the internet has transformed how we communicate.","互联网的发明改变了我们交流的方式。","source:ai-generated"
"inventor","Thomas Edison was a famous inventor who created many electrical devices.","托马斯·爱迪生是一位著名的发明家，他发明了许多电气设备。","source:ai-generated"
"inventory","The store conducted an inventory to check the stock levels.","商店进行了一次盘点以检查库存水平。","source:ai-generated"
"inversely","The relationship between the two variables is inversely proportional.","两个变量之间的关系是反比例的。","source:ai-generated"
"invert","The teacher asked the students to invert the fractions to simplify the calculation.","老师要求学生将分数倒置以简化计算。","source:ai-generated"
"investigation","The police conducted a thorough investigation into the theft case.","警方对盗窃案进行了详细调查。","source:ai-generated"
"investment","She made a risky investment in the stock market.","她对股票市场进行了高风险投资。","source:ai-generated"
"invitation","He received an invitation to the wedding party.","他收到了婚礼派对的邀请。","source:ai-generated"
"invite","She invited her friends to the birthday party.","她邀请了朋友们参加生日派对。","source:ai-generated"
"invoice","The company sent an invoice for the services rendered.","公司发送了服务费用的发票。","source:ai-generated"
"inward","The inward feeling of the child was calm.","孩子的内心感受很平静。","source:ai-generated"
"ion","Sodium ion is essential for nerve function.","钠离子对神经功能至关重要。","source:ai-generated"
"iron","She used an iron to press the clothes.","她用熨斗压平了衣服。","source:ai-generated"
"ironically","He spoke ironically about the situation.","他对这种情况讽刺地说。","source:ai-generated"
"irony","She used irony to highlight the absurdity of the situation.","她用反语来强调局势的荒谬性。","source:ai-generated"
"irregular","The irregular pattern of the tiles makes the floor look uneven.","瓷砖的不规则图案使地板看起来不平整。","source:ai-generated"
"irregularity","The irregularity in the data caused the analysis to be inaccurate.","数据中的不规则性导致分析不准确。","source:ai-generated"
"irrigation","The irrigation system helps maintain the garden's health.","灌溉系统有助于维持花园的健康。","source:ai-generated"
"irritate","The loud noise irritated him and made him angry.","刺耳的噪音让他感到烦躁并生气。","source:ai-generated"
"islam","Islam is the religion practiced by over a billion people worldwide.","伊斯兰教是全球超过十亿人所信仰的宗教。","source:ai-generated"
"island","The island is a safe haven for endangered species.","这个岛屿是濒危物种的安全庇护所。","source:ai-generated"
"isolate","The scientists isolated the virus from the patient's blood.","科学家们从患者血液中分离出病毒。","source:ai-generated"
"it","It is a common practice to use it for data transmission.","它常用于数据传输","source:ai-generated"
"italian","The Italian language is spoken in many countries.","意大利语在许多国家被使用","source:ai-generated"
"its","Its color is blue.","它的颜色是蓝色","source:ai-generated"
"itself","The cat climbed the tree itself.","猫自己爬上了树","source:ai-generated"
"jack","He used a jack to lift the car.","他用千斤顶抬起汽车","source:ai-generated"
"jacket","She wore a jacket to keep warm.","她穿上夹克以保持温暖","source:ai-generated"
"jail","The suspect was jailed for the crime.","嫌疑人因犯罪被关进监狱","source:ai-generated"
"jam","The traffic jam made the trip take longer.","交通堵塞使行程时间变长","source:ai-generated"
"january","January is the first month of the year.","一月是年的第一个月。","source:ai-generated"
"japan","Japan is an island nation in East Asia.","日本是东亚的一个岛国。","source:ai-generated"
"japanese","She speaks Japanese fluently.","她流利地讲日语。","source:ai-generated"
"jar","The jar was full of colorful marbles.","这个罐子装满了彩色的玻璃弹珠。","source:ai-generated"
"jaw","He had a broken jaw after the accident.","他在事故中导致下颌骨折。","source:ai-generated"
"jazz","They played jazz music at the party.","他们在派对上播放了爵士乐。","source:ai-generated"
"jealous","She felt jealous when her friend got the promotion.","当朋友得到晋升时，她感到嫉妒。","source:ai-generated"
"jealousy","His jealousy made him act strangely.","他的嫉妒使他行为异常。","source:ai-generated"
"jean","He wore a pair of blue jean pants for the outdoor event.","他为户外活动穿了一条蓝色牛仔裤。","source:ai-generated"
"jelly","The children enjoyed eating the fruit jelly as a dessert.","孩子们把水果果冻当甜点吃。","source:ai-generated"
"jesus","The Bible mentions Jesus as the central figure of Christianity.","《圣经》中将耶稣描述为基督教的核心人物。","source:ai-generated"
"jet","The jet engine produces a high-speed airflow.","喷气发动机产生高速气流。","source:ai-generated"
"jewel","She wore a diamond jewel on her wedding ring.","她在婚戒上戴了一颗钻石珠宝。","source:ai-generated"
"jewellery","The necklace is made of precious jewellery.","这条项链由珍贵的珠宝制成。","source:ai-generated"
"jewish","The Jewish community celebrates Passover with special rituals.","犹太社区会通过特殊仪式庆祝逾越节。","source:ai-generated"
"jingle","The bell jingles when the door is opened.","当门被打开时，铃铛发出叮当声。","source:ai-generated"
"job","She found a new job after graduation.","毕业之后她找到了一份新工作。","source:ai-generated"
"join","He joined the team for the competition.","他参加了比赛团队。","source:ai-generated"
"joint","The joint between the two bones is flexible.","两根骨头之间的接合处很灵活。","source:ai-generated"
"joke","He told a joke to make everyone laugh.","他讲了一个笑话让大家笑。","source:ai-generated"
"jolly","She has a jolly disposition and loves to play jokes.","她性格开朗，喜欢开玩笑。","source:ai-generated"
"journal","The newspaper published a special journal on environmental issues.","这家报纸发表了一期关于环境问题的特刊。","source:ai-generated"
"journalist","The journalist reported the news event live.","这位记者现场报道了这一新闻事件。","source:ai-generated"
"journey","We are on a journey to discover new places.","我们正在踏上探索新地方的旅程。","source:ai-generated"
"joy","She felt great joy when she received the good news.","当她收到好消息时，她感到非常高兴。","source:ai-generated"
"joyful","He is a joyful person who always brings happiness to others.","他是个总是给别人带来快乐的人。","source:ai-generated"
"judge","The judge ruled that the defendant was not guilty.","法官裁定被告无罪。","source:ai-generated"
"judgement","The court's judgement was based on the evidence presented.","法院的判决基于提交的证据。","source:ai-generated"
"jug","She filled the jug with water from the well.","她用井水把水壶装满。","source:ai-generated"
"juice","He squeezed the oranges to make juice for his breakfast.","他挤了橙子做早餐的果汁。","source:ai-generated"
"july","July is the seventh month of the year.","七月是年中的第七个月。","source:ai-generated"
"jump","The cat jumped over the fence to escape.","猫跳过围栏逃跑了。","source:ai-generated"
"june","June is the sixth month of the year.","六月是年中的第六个月。","source:ai-generated"
"jungle","The animals live in the dense jungle.","动物们生活在茂密的丛林中。","source:ai-generated"
"junior","She is a junior in college.","她是大学三年级学生。","source:ai-generated"
"jupiter","Jupiter is the fifth planet from the Sun.","木星是太阳系中距离太阳第五颗行星。","source:ai-generated"
"just","He just finished his homework.","他刚刚完成了作业。","source:ai-generated"
"justice","Justice is important for a fair society.","公平正义对一个公正的社会至关重要。","source:ai-generated"
"justification","The law provides justification for the decision.","法律为这一决定提供了正当理由。","source:ai-generated"
"justify","We must justify our actions to the team.","我们必须向团队解释我们的行为。","source:ai-generated"
"keep","She keeps her promises to her friends.","她向朋友保证会履行承诺。","source:ai-generated"
"keeper","The keeper of the zoo ensures the animals are safe.","动物园的管理员确保动物安全。","source:ai-generated"
"kernel","The kernel of an apple is the central part.","苹果的核心是中心部分。","source:ai-generated"
"kettle","She boiled water in the kettle.","她用茶壶烧水。","source:ai-generated"
"key","The key to success is hard work.","成功的关键是努力。","source:ai-generated"
"keyboard","He typed a letter on the keyboard.","他在键盘上打字。","source:ai-generated"
"kick","The ball kicked by the child was soft.","孩子踢的球很软。","source:ai-generated"
"kid","The kid played with his toy car.","小孩玩他的玩具车。","source:ai-generated"
"kidnap","The police kidnapped the child from the house.","警察从家中绑架了孩子。","source:ai-generated"
"kidney","The doctor removed the kidney during surgery.","医生在手术中切除了肾脏。","source:ai-generated"
"kill","He killed the enemy in the battle.","他在战斗中杀死了敌人。","source:ai-generated"
"kilogram","The package weighs one kilogram.","这个包裹重一公斤。","source:ai-generated"
"kilometer","The distance between the two cities is five kilometers.","两个城市之间的距离是五公里。","source:ai-generated"
"kilowatt","The electric heater uses 1.5 kilowatts of power.","这个电加热器消耗1.5千瓦的电力。","source:ai-generated"
"kin","The family has a close kin relationship with the neighboring tribe.","这个家庭与邻近部落有密切的血缘关系。","source:ai-generated"
"kind","She is a kind person who always helps others.","她是一个总是帮助他人的善良的人。","source:ai-generated"
"kindle","She kindled a small fire to keep warm during the cold night.","她在寒冷的夜晚点燃了一小堆火来取暖。","source:ai-generated"
"kindness","His kindness made a big difference in her life.","他的仁慈对她的生活产生了巨大影响。","source:ai-generated"
"kinetic","The kinetic energy of the moving car is significant.","运动的汽车动能是显著的。","source:ai-generated"
"king","The king ruled over a vast kingdom with wisdom.","国王用智慧统治着一个广阔的王国。","source:ai-generated"
"kingdom","The ancient kingdom was destroyed by invaders.","古老的王国被入侵者摧毁了。","source:ai-generated"
"kiss","He gave her a gentle kiss on the cheek.","他亲了亲她的脸颊。","source:ai-generated"
"kitchen","The kitchen was filled with the smell of fresh bread.","厨房里飘着新鲜面包的香味。","source:ai-generated"
"kite","The kite flew high in the sky after the wind blew.","风一吹，风筝就高高飞向天空。","source:ai-generated"
"knee","He hurt his knee while playing soccer.","他在踢足球时伤到了膝盖。","source:ai-generated"
"kneel","She knelt down to pray.","她跪下祈祷。","source:ai-generated"
"knife","He used a knife to cut the bread.","他用小刀切面包。","source:ai-generated"
"knight","The knight protected the castle.","骑士保护了城堡。","source:ai-generated"
"knock","Knock on the door to let the cat in.","敲门让猫进屋。","source:ai-generated"
"knot","The rope was tied in a tight knot.","绳子打成了一个死结。","source:ai-generated"
"know","I know the answer to the question.","我知道这个问题的答案。","source:ai-generated"
"knowledge","She gained new knowledge from the book.","她从书中获得了新知识。","source:ai-generated"
"lab","The science lab is where students conduct experiments.","科学实验室是学生进行实验的地方。","source:ai-generated"
"laboratory","The chemistry laboratory has advanced equipment for precise measurements.","化学实验室配备了精密的测量设备。","source:ai-generated"
"labour","The workers' labour is essential for building the new bridge.","工人们的劳动对于建造新桥至关重要。","source:ai-generated"
"lack","The team lacks sufficient resources to complete the project.","团队缺乏足够的资源来完成项目。","source:ai-generated"
"ladder","She climbed the ladder to reach the top of the tree.","她爬梯子到达树的顶端。","source:ai-generated"
"lady","The lady smiled warmly at the children.","这位女士对孩子们微笑着。","source:ai-generated"
"lag","The car lagged behind the truck in the traffic jam.","在交通堵塞中，这辆车落后于卡车。","source:ai-generated"
"lake","The lake reflects the blue sky beautifully.","湖水美丽地映照着蓝天。","source:ai-generated"
"lamb","The farmer raised a healthy lamb for the market.","农民在市场上养了一只健康的羊羔。","source:ai-generated"
"lamentation","Her sorrowful lamentation echoed through the empty room.","她悲伤的哀悼声在空荡的房间里回荡。","source:ai-generated"
"lamp","The lamp provided enough light to read by.","灯提供了足够的光线来阅读。","source:ai-generated"
"land","The ship landed safely on the beach.","船安全地在海滩上靠岸。","source:ai-generated"
"landing","The aircraft made a smooth landing at the airport.","飞机在机场平稳降落。","source:ai-generated"
"landlady","The landlady welcomed the new tenant with a warm smile.","女房东用温暖的笑容欢迎新租客。","source:ai-generated"
"landlord","The landlord agreed to rent the house for a monthly fee.","房东同意以月租的方式租下这间房子。","source:ai-generated"
"landscape","The beautiful landscape of the mountains inspired the artist.","山景的美丽激发了艺术家的创作灵感。","source:ai-generated"
"language","She spoke in a clear language that everyone could understand.","她用每个人都能理解的清晰语言说话。","source:ai-generated"
"lantern","The lantern provided light for the children to see their way home.","灯笼为孩子们照亮回家的路。","source:ai-generated"
"lap","He placed his hand on his lap to stop the shaking.","他把手放在膝盖上以停止颤抖。","source:ai-generated"
"large","The room was large enough to hold the entire family.","这个房间足够大，可以容纳整个家庭。","source:ai-generated"
"largely","The project was largely completed by the team.","该项目主要由团队完成。","source:ai-generated"
"laser","The laser cut through the metal with precision.","激光以精准的方式切割金属。","source:ai-generated"
"lash","He lashed the horse with a long whip.","他用长鞭子抽打马。","source:ai-generated"
"last","She is the last person to arrive at the party.","她是派对上最后一个到的人。","source:ai-generated"
"late","The train arrives late.","火车晚点","source:ai-generated"
"lately","I have been feeling better lately.","最近我感觉好多了","source:ai-generated"
"latent","The latent virus can cause serious illness.","潜伏的病毒可能导致严重疾病","source:ai-generated"
"later","We will meet later.","我们稍后见面","source:ai-generated"
"lathe","The lathe is used for shaping metal.","车床用于加工金属","source:ai-generated"
"latin","She speaks Latin fluently.","她流利地讲拉丁语","source:ai-generated"
"latitude","The latitude of the city is 37 degrees north.","该城市的纬度是北纬37度","source:ai-generated"
"latter","He is the latter of the two brothers.","他是两个兄弟中较后的一个","source:ai-generated"
"lattice","The metal lattice structure provides strong support for the bridge.","金属格子结构为桥梁提供稳固支撑。","source:ai-generated"
"laugh","She laughed loudly when she saw the funny joke.","她看到滑稽的笑话时大笑出声。","source:ai-generated"
"laughter","The children's laughter filled the room with joy.","孩子们的笑声为房间带来了欢乐。","source:ai-generated"
"launch","The rocket launched successfully into space.","火箭成功发射进入太空。","source:ai-generated"
"laundry","We need to do the laundry before the weekend.","我们需要在周末前洗衣服。","source:ai-generated"
"lavatory","The school has a clean lavatory for students to use.","学校为学生提供了一个干净的洗手间。","source:ai-generated"
"law","The new law requires citizens to pay taxes.","新法律要求公民缴纳税款。","source:ai-generated"
"lawn","The green lawn is perfect for playing soccer.","这片绿色的草坪非常适合踢足球。","source:ai-generated"
"lawsuit","She filed a lawsuit against the company for unfair practices.","她因不正当行为向公司提起诉讼。","source:ai-generated"
"lawyer","The lawyer helped the client understand their legal rights.","律师帮助客户理解他们的法律权利。","source:ai-generated"
"lay","The farmer laid the eggs in the basket.","农民把鸡蛋放在篮子里。","source:ai-generated"
"layman","The layman had no expertise in medical procedures.","门外汉对医疗程序没有专业知识。","source:ai-generated"
"layoff","The company announced a layoff of 50 employees.","公司宣布解雇50名员工。","source:ai-generated"
"layout","The website layout was designed to be user-friendly.","网站布局被设计成用户友好。","source:ai-generated"
"lazy","He is a lazy boy who never finishes his homework.","他是个懒惰的男孩，从不完成作业。","source:ai-generated"
"lead","The teacher led the class through the science experiment.","老师带领全班同学进行科学实验。","source:ai-generated"
"leader","She is the leader of the team.","她是团队的领导者。","source:ai-generated"
"leadership","Effective leadership is crucial for success.","有效的领导力对成功至关重要。","source:ai-generated"
"leading","The leading role in the project was assigned to him.","该项目的主导角色被分配给他。","source:ai-generated"
"leaf","The leaf fell from the tree.","树叶从树上落下了。","source:ai-generated"
"leaflet","He distributed a leaflet about the event.","他分发了关于活动的传单。","source:ai-generated"
"league","The sports league has a championship match next week.","体育联盟下周将举行冠军赛。","source:ai-generated"
"leak","There is a leak in the roof.","屋顶有漏水。","source:ai-generated"
"leakage","The leakage of the pipe caused a small flood.","管道的漏水导致了小范围的洪水。","source:ai-generated"
"lean","The building leans slightly to the left due to the earthquake.","由于地震，这栋建筑略微向左倾斜。","source:ai-generated"
"leap","The rabbit leaps over the fence with ease.","兔子轻松地跃过围栏。","source:ai-generated"
"learn","She learned to play the piano at the age of five.","她五岁就学会了弹钢琴。","source:ai-generated"
"learned","He learned the lesson from his mistakes.","他从错误中吸取了教训。","source:ai-generated"
"learning","Continuous learning is essential for professional growth.","持续学习对职业发展至关重要。","source:ai-generated"
"least","This is the least expensive option available.","这是目前最便宜的选项。","source:ai-generated"
"leave","She left the office early to attend her sister's wedding.","她提前离开办公室去参加妹妹的婚礼。","source:ai-generated"
"lecture","The professor gave a lecture on quantum physics.","教授进行了一场关于量子物理的讲座。","source:ai-generated"
"left","The left side of the room is painted blue.","房间的左边被涂成蓝色。","source:ai-generated"
"leg","She walked quickly with her left leg.","她用左腿快速行走。","source:ai-generated"
"legacy","His legacy includes his books and his family's history.","他的遗产包括他的书籍和家族历史。","source:ai-generated"
"legitimate","The child was raised by a legitimate parent.","这个孩子由合法的父母抚养长大。","source:ai-generated"
"lemon","The lemon tree produces many small yellow fruits.","柠檬树结出许多小黄色果实。","source:ai-generated"
"lend","Can you lend me some money for the emergency?","你能借我一些钱应急吗？","source:ai-generated"
"length","The length of the rope is three meters.","绳子的长度是三米。","source:ai-generated"
"lengthen","He lengthened the rope to reach the other side.","他拉长绳子以到达另一边。","source:ai-generated"
"leopard","The leopard is the largest cat in the jungle.","丛林中最大的猫是豹子。","source:ai-generated"
"less","She has less money than her brother.","她比哥哥的钱少。","source:ai-generated"
"lessen","The rain lessened the humidity in the city.","雨减少了城市中的湿度。","source:ai-generated"
"lesson","The teacher gave a new lesson about history.","老师给学生上了一堂历史课。","source:ai-generated"
"lest","He left the door open lest he should be locked out.","他把门开着，以免被锁在外面。","source:ai-generated"
"let","She let the cat out of the box.","她把猫从盒子里放出来。","source:ai-generated"
"letter","He sent a letter to his friend.","他给朋友寄了一封信。","source:ai-generated"
"level","The road is level and straight.","这条路是平直的。","source:ai-generated"
"lever","He used a lever to lift the heavy box.","他用杠杆抬起重箱子。","source:ai-generated"
"levy","The government levies taxes on income.","政府对收入征税。","source:ai-generated"
"liability","The company's liability includes legal responsibilities.","公司的责任包括法律义务。","source:ai-generated"
"liar","She is a liar who always tells lies.","她是个说谎者，总是说谎。","source:ai-generated"
"liberate","The soldiers liberated the city from enemy control.","士兵们从敌方控制中解放了这座城市。","source:ai-generated"
"liberation","The liberation of the oppressed people brought hope.","被压迫人民的解放带来了希望。","source:ai-generated"
"liberty","He values his liberty to make his own decisions.","他重视自己做决定的自由。","source:ai-generated"
"librarian","The librarian helped me find the book I needed.","图书馆员帮我找到了我需要的书。","source:ai-generated"
"library","She visited the library to borrow a book.","她去图书馆借书。","source:ai-generated"
"license","He needs a license to drive a car.","他需要驾照才能开车。","source:ai-generated"
"lick","The cat licked its paws.","猫舔了它的爪子。","source:ai-generated"
"lid","The lid of the jar was broken.","罐子的盖子碎了。","source:ai-generated"
"lie","The dog lies on the grass.","狗躺在草地上。","source:ai-generated"
"lieutenant","The lieutenant helped the soldiers.","中尉帮助士兵们。","source:ai-generated"
"life","Life is short, so we should enjoy it.","人生短暂，我们应该享受它。","source:ai-generated"
"lifetime","He has a lifetime of experience.","他有丰富的一生经验。","source:ai-generated"
"lift","She used the lift to go up to the 10th floor.","她用电梯上到10楼。","source:ai-generated"
"light","The sun provides light during the day.","太阳在白天提供光线。","source:ai-generated"
"lighten","The heavy rain lightened the mood.","大雨让心情轻松了。","source:ai-generated"
"lighter","He used a lighter to start the fire.","他用打火机点火。","source:ai-generated"
"lightly","He walked lightly across the room.","他轻快地穿过房间。","source:ai-generated"
"lightning","The lightning struck the tree.","闪电击中了树。","source:ai-generated"
"like","I like to read books in the evening.","我喜欢晚上读书。","source:ai-generated"
"likely","It is likely to rain tomorrow.","明天很可能下雨。","source:ai-generated"
"likeness","The resemblance between the two paintings is a striking likeness.","这两幅画之间的相似之处非常显著。","source:ai-generated"
"likewise","She finished her work, and likewise, he completed his tasks.","她完成了工作，他也同样完成了任务。","source:ai-generated"
"lily","The lily is a beautiful flower that grows in ponds.","百合是一种在池塘中生长的美丽花朵。","source:ai-generated"
"limb","The bird's limb is strong and flexible.","鸟的肢体既强壮又灵活。","source:ai-generated"
"lime","They used lime to make the walls smooth and durable.","他们用石灰使墙壁光滑且耐用。","source:ai-generated"
"limestone","The building used limestone for its structural strength.","这座建筑使用石灰岩来增强其结构强度。","source:ai-generated"
"limit","The speed limit on this road is 50 kilometers per hour.","这条道路上的限速为每小时50公里。","source:ai-generated"
"limitation","The project has a strict limitation on the number of participants.","该项目对参与人数有严格限制。","source:ai-generated"
"limited","The company's financial resources are limited.","公司的财务资源有限。","source:ai-generated"
"limp","He walked with a limp after the accident.","事故后他走路时跛了。","source:ai-generated"
"line","She drew a straight line on the paper.","她在纸上画了一条直线。","source:ai-generated"
"liner","The liner ship travels across the ocean.","客轮横跨海洋航行。","source:ai-generated"
"linguistic","The linguistic study of language is complex.","语言学研究语言非常复杂。","source:ai-generated"
"lining","The lining of the jacket is made of wool.","这件夹克的内衬是羊毛制成的。","source:ai-generated"
"link","The link between the two computers is broken.","两台计算机之间的连接断了。","source:ai-generated"
"lion","Lions are the king of the jungle.","狮子是丛林之王。","source:ai-generated"
"lip","She licked her lips to taste the sweetness.","她舔了舔嘴唇尝甜味。","source:ai-generated"
"lipstick","He applied lipstick before the interview.","面试前他涂了口红。","source:ai-generated"
"liquid","Water is a liquid at room temperature.","水在室温下是液体。","source:ai-generated"
"liquor","He drank a glass of liquor at the party.","他在聚会上喝了一杯酒。","source:ai-generated"
"list","The list of attendees was printed on the paper.","参会人员名单打印在纸上。","source:ai-generated"
"listen","Please listen to the instructions carefully.","请仔细听清楚指示。","source:ai-generated"
"listener","The listener nodded in agreement.","听众点头表示同意。","source:ai-generated"
"liter","One liter of water weighs about 1 kilogram.","一升水大约重1公斤。","source:ai-generated"
"literacy","She improved her literacy by reading more books.","她通过多读书提高了阅读能力。","source:ai-generated"
"literally","He spoke literally about the situation without exaggeration.","他没有夸张地直白地描述了情况。","source:ai-generated"
"little","He has little time before the meeting starts.","会议开始前他时间不多。","source:ai-generated"
"live","The animals live in the forest.","动物们生活在森林里。","source:ai-generated"
"lively","The children played with a lively energy.","孩子们充满活力地玩耍。","source:ai-generated"
"liver","The liver is the organ that produces bile.","肝脏是产生胆汁的器官。","source:ai-generated"
"living","The living room is where we relax.","客厅是我们放松的地方。","source:ai-generated"
"living-room","We usually watch TV in the living-room.","我们通常在客厅看电视。","source:ai-generated"
"load","The heavy machinery has a high load capacity.","重型机械的载荷能力很高。","source:ai-generated"
"loaf","He spent the afternoon loafing in the park.","他下午在公园里闲逛。","source:ai-generated"
"loan","She took a loan from the bank to buy a car.","她向银行贷款买车。","source:ai-generated"
"lobby","The politician spent hours lobbying for the new law.","这位政治家花了几个小时游说新法律。","source:ai-generated"
"local","The local government provides services for the community.","地方政府为社区提供服务。","source:ai-generated"
"locality","The city's main locality is the central business district.","城市的主要区域是市中心商业区。","source:ai-generated"
"locate","We need to locate the missing child quickly.","我们需要尽快找到失踪的孩子。","source:ai-generated"
"location","The app shows the user's current location on the map.","该应用在地图上显示用户当前位置。","source:ai-generated"
"lock","The car door is locked with a key.","车门用钥匙锁上了","source:ai-generated"
"locomotive","The locomotive pulled the train through the tunnel.","机车将火车穿过隧道","source:ai-generated"
"locust","The locusts swarmed over the fields.","蝗虫群覆盖了田野","source:ai-generated"
"lodge","She lodged with her friend for the night.","她当晚寄宿在朋友家","source:ai-generated"
"lodging","We need a place to stay for the night, so we booked a lodging.","我们需要一个过夜的地方，所以我们预订了住宿","source:ai-generated"
"log","The log cabin was built from a single tree.","这间木屋由一棵树建成","source:ai-generated"
"logic","Logic helps us solve problems step by step.","逻辑帮助我们一步步解决问题","source:ai-generated"
"logistics","The logistics team managed the supply chain efficiently.","后勤团队高效地管理了供应链","source:ai-generated"
"lonely","She felt lonely after losing her best friend.","她失去最好的朋友后感到孤独。","source:ai-generated"
"long","The long journey took us three days.","这段漫长的旅程用了三天时间。","source:ai-generated"
"longevity","His longevity is a result of his healthy lifestyle.","他的长寿是健康生活方式的结果。","source:ai-generated"
"longing","She has a deep longing for her childhood home.","她对童年家有着深切的渴望。","source:ai-generated"
"longitude","The longitude of the island is 120 degrees east.","该岛的经度是东经120度。","source:ai-generated"
"look","He looked at her with concern.","他关切地望着她。","source:ai-generated"
"loom","The loom is used to weave fabric.","织布机用于织布。","source:ai-generated"
"loop","The loop in the code repeats the process.","代码中的循环会重复该过程。","source:ai-generated"
"loose","The rope is loose, so I need to tighten it.","绳子松了，我需要把它系紧。","source:ai-generated"
"loosely","He walked loosely through the forest.","他松松地穿过森林。","source:ai-generated"
"loosen","She loosened the tie to make it more comfortable.","她松开领带以使其更舒适。","source:ai-generated"
"lord","The king was the lord of the land.","国王是这片土地的统治者。","source:ai-generated"
"lorry","The lorry delivered the goods to the warehouse.","卡车将货物运送到仓库。","source:ai-generated"
"lose","If you lose your keys, you will be unable to open the door.","如果你丢了钥匙，就无法打开门。","source:ai-generated"
"loss","The company suffered a significant loss due to the market crash.","由于股市崩盘，公司遭受了重大损失。","source:ai-generated"
"lot","The lottery has a small lot of tickets.","彩票有少量的票。","source:ai-generated"
"loud","The loud noise from the construction site made me cover my ears.","施工场地的嘈杂声让我用手捂住了耳朵。","source:ai-generated"
"loudspeaker","The loudspeaker played the announcement clearly.","扩音器清晰地播放了广播通知。","source:ai-generated"
"lounge","After work, I went to the lounge to relax.","下班后，我去了休闲室放松。","source:ai-generated"
"love","She loves to read books in her free time.","她有空的时候喜欢读书。","source:ai-generated"
"lovely","The weather is lovely today.","今天天气真好。","source:ai-generated"
"lover","He is a devoted lover of music.","他是音乐的忠实爱好者。","source:ai-generated"
"low","The temperature is low this morning.","今天早上温度很低。","source:ai-generated"
"lower","She lowered the volume of the music.","她把音乐音量调低了。","source:ai-generated"
"loyalty","She showed unwavering loyalty to her family.","她对家庭始终忠诚","source:ai-generated"
"lubricate","The mechanic lubricated the engine to prevent friction.","机械师给引擎加润滑油以防止摩擦","source:ai-generated"
"luck","She felt lucky because she got the job through good luck.","她因为靠好运得到这份工作而感到幸运。","source:ai-generated"
"lucky","The child is lucky to have such a kind teacher.","这个孩子很幸运有这样一位善良的老师","source:ai-generated"
"lumber","The lumber yard was full of wood pieces.","木料场堆满了木块","source:ai-generated"
"luminous","The moonlight was luminous and gentle.","月光明亮而柔和","source:ai-generated"
"lump","She made a lump of clay to form a statue.","她把黏土捏成一团来制作雕像","source:ai-generated"
"lunch","We had lunch at the park today.","我们今天在公园吃午餐","source:ai-generated"
"luncheon","We had a business luncheon at the hotel.","我们在酒店举行了一次商务午餐会。","source:ai-generated"
"lung","The doctor examined my lung for a cough.","医生检查了我的肺部以确定咳嗽的原因。","source:ai-generated"
"luxurious","The hotel offers luxurious accommodations.","这家酒店提供奢华的住宿。","source:ai-generated"
"machine","The machine produces coffee beans quickly.","这台机器能快速生产咖啡豆。","source:ai-generated"
"mad","He was so mad that he threw the cup.","他气得把杯子扔了。","source:ai-generated"
"madam","Madam, could you please help me?","女士，请您帮我一下好吗？","source:ai-generated"
"magazine","She bought a new magazine for her collection.","她买了一本新杂志加入她的收藏。","source:ai-generated"
"magic","The magician performed a magic trick with the coins.","魔术师用硬币表演了一个魔术。","source:ai-generated"
"magician","The magician performed a trick with a disappearing coin.","魔术师用一枚消失的硬币表演了一个魔术。","source:ai-generated"
"magistrate","The magistrate ruled the case in the court.","法官在法庭上裁决了此案。","source:ai-generated"
"magnetism","Magnetism is the force that attracts iron.","磁性是吸引铁的力。","source:ai-generated"
"magnify","The camera can magnify the small details.","相机可以放大细节。","source:ai-generated"
"maid","The maid cleaned the kitchen after work.","女仆下班后打扫了厨房。","source:ai-generated"
"maiden","The maiden danced with the knight at the festival.","少女在节日里与骑士共舞。","source:ai-generated"
"mail","Please send me the mail by tomorrow.","请明天前把邮件发给我。","source:ai-generated"
"main","The main character in the story is the hero.","故事中的主角是英雄。","source:ai-generated"
"mainland","The country's mainland is surrounded by the sea.","该国的本土被海环绕。","source:ai-generated"
"mainly","The project is mainly focused on improving infrastructure.","该项目主要集中在改善基础设施上。","source:ai-generated"
"maintenance","Regular maintenance ensures the car runs smoothly.","定期维护可确保汽车顺畅运行。","source:ai-generated"
"majesty","The majesty of the ancient palace left a deep impression on the visitors.","古宫殿的威严给游客留下了深刻印象。","source:ai-generated"
"major","She is a major in the army.","她是陆军少校。","source:ai-generated"
"make","He made a decision after careful consideration.","他在仔细考虑后做出了决定。","source:ai-generated"
"makeup","Her makeup is very professional.","她的妆容非常专业。","source:ai-generated"
"male","The animal is male.","这只动物是雄性。","source:ai-generated"
"malice","She felt deep malice towards the person who betrayed her trust.","她对背叛她信任的人怀有深深的恶意。","source:ai-generated"
"malicious","The malicious intent behind his actions was evident to everyone.","他行为背后的恶意意图显而易见。","source:ai-generated"
"malpractice","The hospital avoided malpractice by implementing strict patient monitoring protocols.","医院通过实施严格的患者监测协议来避免不当治疗。","source:ai-generated"
"mammal","Bats are mammals that have wings but are not birds.","蝙蝠是哺乳动物，它们有翅膀但不是鸟类。","source:ai-generated"
"man","He managed to man the ship despite the stormy weather.","尽管天气恶劣，他仍成功地操纵了船只。","source:ai-generated"
"manage","She managed to finish her project before the deadline.","她在截止日期前成功完成了项目。","source:ai-generated"
"manager","The project manager coordinated the team's efforts to meet the deadline.","项目经理协调团队的努力以确保按时完成。","source:ai-generated"
"managerial","The company's new managerial system improved employee productivity.","公司新的管理机制提高了员工的生产力。","source:ai-generated"
"mankind","Mankind has made significant progress in science and technology.","人类在科学和技术方面取得了重大进展。","source:ai-generated"
"manly","He has a very manly appearance and strong character.","他有着非常阳刚的外表和坚强的性格。","source:ai-generated"
"manner","She spoke in a polite manner to avoid conflict.","她以礼貌的方式说话以避免冲突。","source:ai-generated"
"manoeuvre","The military forces executed a complex manoeuvre to capture the enemy's position.","军队执行了一次复杂的战术行动以占领敌方阵地。","source:ai-generated"
"manufacturer","The company is a leading manufacturer of electronic devices.","该公司是电子产品的主要制造商。","source:ai-generated"
"many","There are many students in the classroom.","教室里有很多学生。","source:ai-generated"
"map","The map shows the route to the nearest hospital.","地图显示了最近的医院路线。","source:ai-generated"
"maple","Maple trees are common in the fall when leaves turn red.","秋天枫树的叶子会变成红色，很常见。","source:ai-generated"
"marathon","She completed the marathon in under three hours.","她在三小时内完成了马拉松比赛。","source:ai-generated"
"march","The army marched through the forest to reach the enemy's position.","军队穿过森林前进，以到达敌人的位置。","source:ai-generated"
"margin","The report has a narrow margin of error.","报告的误差范围很窄。","source:ai-generated"
"marine","The marine biologist studies ocean life.","海洋生物学家研究海洋生物。","source:ai-generated"
"maritime","The maritime law governs activities in the sea.","海事法规范海洋活动。","source:ai-generated"
"mark","He made a mark on the paper with a pencil.","他用铅笔在纸上做了一个标记。","source:ai-generated"
"market","The market for electric cars is growing rapidly.","电动汽车市场正在快速增长。","source:ai-generated"
"marriage","They celebrated their marriage with a grand ceremony.","他们举行了一场盛大的婚礼来庆祝他们的婚姻。","source:ai-generated"
"married","She is married to a doctor.","她丈夫是一名医生。","source:ai-generated"
"marry","He decided to marry her.","他决定娶她。","source:ai-generated"
"mars","Mars is the fourth planet from the Sun.","火星是太阳系中距离太阳第四近的行星。","source:ai-generated"
"marshal","The general marshaled his troops.","将军指挥他的部队。","source:ai-generated"
"martyr","He became a martyr for his beliefs.","他因信仰成为烈士。","source:ai-generated"
"marvel","The children were amazed by the marvel of the sky.","孩子们对天空的奇观感到惊叹。","source:ai-generated"
"marvellous","The view was marvellous.","景色非常壮观。","source:ai-generated"
"marvelous","This is a marvelous discovery.","这是一个了不起的发现。","source:ai-generated"
"marxism","Marxism is a social theory that explains class struggle and historical development.","马克思主义是一种解释阶级斗争和历史发展的社会理论。","source:ai-generated"
"marxist","She is a Marxist who believes in the collective ownership of the means of production.","她是一位相信生产资料公有制的马克思主义者。","source:ai-generated"
"masculinity","Masculinity often involves traits like confidence and assertiveness in social interactions.","男子气概通常体现在社交互动中的自信和果断等特质中。","source:ai-generated"
"mast","The mast is the tall pole that supports the sails on a ship.","桅杆是船上支撑船帆的高杆。","source:ai-generated"
"master","He became a master of his craft after years of dedicated practice.","经过多年的专注练习，他成为了一位技艺高超的专家。","source:ai-generated"
"mastery","She achieved mastery in playing the piano through consistent daily practice.","她通过每天坚持练习，掌握了钢琴演奏的技巧。","source:ai-generated"
"mat","The mat on the floor is made of soft, natural fibers.","地板上的垫子由柔软的天然纤维制成。","source:ai-generated"
"match","The match between the two teams was intense and decided the championship title.","两队之间的比赛激烈，最终决定了冠军头衔。","source:ai-generated"
"mate","She found a new mate in the competitive business world.","她在竞争激烈的商业世界中找到了新的合作伙伴。","source:ai-generated"
"material","The material for the project was carefully selected.","该项目的材料经过了仔细选择。","source:ai-generated"
"materialism","Materialism is a philosophy that emphasizes the importance of material possessions.","唯物主义是一种强调物质财富重要性的哲学。","source:ai-generated"
"maternity","Maternity care is essential for the health of both mother and baby.","产前护理对母亲和婴儿的健康都至关重要。","source:ai-generated"
"mathematical","The mathematical model explains the complex relationships in the data.","数学模型解释了数据中的复杂关系。","source:ai-generated"
"mathematics","Mathematics is the science of patterns and logic.","数学是研究模式和逻辑的科学。","source:ai-generated"
"maths","Maths is my favorite subject at school.","数学是我最喜欢的科目。","source:ai-generated"
"matter","This small mistake could matter a lot in the project.","这个小错误在项目中可能影响很大。","source:ai-generated"
"maturation","The maturation of the fruit occurs after the seeds are fully developed.","果实成熟发生在种子完全发育之后。","source:ai-generated"
"maturity","She reached maturity at the age of 18.","她在18岁时达到成熟期。","source:ai-generated"
"may","May is the month when flowers bloom in spring.","五月是春天花朵盛开的月份。","source:ai-generated"
"maybe","Maybe we can go out for a walk after dinner.","晚饭后也许我们可以出去散步。","source:ai-generated"
"mayor","The mayor of New York City is responsible for public services.","纽约市市长负责公共服务。","source:ai-generated"
"me","I saw you, so I am me.","我看见了你，所以我是我。","source:ai-generated"
"meal","We had a big meal at the restaurant last night.","昨晚我们在餐厅吃了一顿大餐。","source:ai-generated"
"mean","The mean of the numbers is 5.","这些数字的平均数是5。","source:ai-generated"
"meaning","The meaning of this word is clear.","这个词的意思很明确。","source:ai-generated"
"meaningful","Their conversation was meaningful, not just polite small talk.","他们的交谈很有意义，并非只是客套寒暄。","source:ai-generated"
"means","He used means to solve the problem.","他用方法解决了这个问题。","source:ai-generated"
"meantime","Meantime, the team worked on the project.","与此同时，团队正在处理项目。","source:ai-generated"
"meanwhile","Meanwhile, the weather improved.","与此同时，天气变好了。","source:ai-generated"
"measurable","The results are measurable.","这些结果是可以量化的。","source:ai-generated"
"measure","Measure the length of the rope.","测量绳子的长度。","source:ai-generated"
"measurement","The measurement of the room is 5 meters.","房间的尺寸是5米。","source:ai-generated"
"meat","She ate a piece of meat for dinner.","她晚餐吃了一块肉。","source:ai-generated"
"mechanic","He is a mechanic who repairs cars.","他是修理汽车的机械工。","source:ai-generated"
"mechanically","The car moves mechanically without any noise.","这辆车机械地运行，没有噪音。","source:ai-generated"
"mechanics","The study of mechanics is important in physics.","力学在物理学中很重要。","source:ai-generated"
"mechanism","The mechanism of the clock is complex.","钟表的机制很复杂。","source:ai-generated"
"medal","She won a gold medal in the competition.","她在比赛中获得了一枚金牌。","source:ai-generated"
"media","The media reported the news quickly.","媒体迅速报道了新闻。","source:ai-generated"
"mediate","He mediate the conflict between the two parties.","他调解了双方的冲突。","source:ai-generated"
"medical","The doctor performed a medical examination on the patient.","医生对病人进行了体格检查。","source:ai-generated"
"medicine","She took her medicine after the doctor prescribed it.","医生开药后，她服用了药物。","source:ai-generated"
"medieval","The medieval period saw significant changes in European society.","中世纪见证了欧洲社会的重大变化。","source:ai-generated"
"meditate","He meditated on the philosophical questions for hours.","他花了数小时沉思哲学问题。","source:ai-generated"
"mediterranean","The Mediterranean Sea is a large body of water.","地中海是一个巨大的水域。","source:ai-generated"
"meet","We met at the park to discuss the project.","我们在公园会面讨论项目。","source:ai-generated"
"meeting","The company held a meeting to review the quarterly results.","公司召开会议审查季度业绩。","source:ai-generated"
"melancholy","She felt deep melancholy after losing her job.","她失业后感到深深的忧郁。","source:ai-generated"
"melon","She picked a ripe melon from the garden.","她从花园里摘了一个成熟的瓜。","source:ai-generated"
"member","He is a member of the local sports club.","他是当地体育俱乐部的会员。","source:ai-generated"
"membership","The company offers free membership to its employees.","公司为员工提供免费会员资格。","source:ai-generated"
"memorial","The memorial statue honors the fallen soldiers.","这座纪念雕像纪念了阵亡的士兵。","source:ai-generated"
"memory","The computer has enough memory to run the program smoothly.","这台电脑有足够的内存来流畅运行程序。","source:ai-generated"
"menace","The constant noise from the construction site is a menace to the neighborhood.","建筑工地的持续噪音对社区构成了威胁。","source:ai-generated"
"mend","She mended her torn dress with needle and thread.","她用针线缝补了撕破的裙子。","source:ai-generated"
"mention","Please mention your full name when you register.","注册时请注明您的全名。","source:ai-generated"
"menu","The restaurant offers a diverse menu with fresh ingredients.","这家餐厅提供新鲜食材的多样化菜单。","source:ai-generated"
"merchandise","The store sells a wide variety of merchandise.","这家商店销售各种商品。","source:ai-generated"
"merchant","She is a merchant who specializes in handmade crafts.","她是一位专门经营手工艺品的商人。","source:ai-generated"
"merciful","The teacher was merciful to the student who had made a mistake.","老师对犯错的学生很仁慈。","source:ai-generated"
"mercy","The king showed mercy to the prisoners by releasing them.","国王对囚犯表示宽恕，将他们释放。","source:ai-generated"
"merry","The children played merry games in the park.","孩子们在公园里玩得开心。","source:ai-generated"
"mesh","The spider created a fine mesh to catch insects.","蜘蛛织了一张细密的网来捕捉昆虫。","source:ai-generated"
"mess","After the party, the room was a big mess.","派对结束后，房间变得一团糟。","source:ai-generated"
"message","She received a text message from her friend.","她从朋友那里收到一条短信。","source:ai-generated"
"messenger","The messenger delivered the letter to the king.","信使将信件送到了国王那里。","source:ai-generated"
"metabolic","Metabolic processes are essential for life.","新陈代谢过程对生命至关重要。","source:ai-generated"
"metal","The metal door was strong and durable.","金属门很坚固耐用。","source:ai-generated"
"metallic","The metallic sound of the bell was loud and clear.","钟声的金属质感很响亮且清晰。","source:ai-generated"
"metallurgy","Metallurgy is the study of metals and their properties.","冶金学是研究金属及其性质的学科。","source:ai-generated"
"meteorite","A meteorite landed in the forest last night.","一颗陨石昨晚落在了森林里。","source:ai-generated"
"meter","The meter measures the distance accurately.","这个计量器能准确测量距离。","source:ai-generated"
"method","The scientific method is a systematic approach to solving problems.","科学方法是一种系统性地解决问题的方法。","source:ai-generated"
"metre","The standard metre is defined as the distance light travels in a vacuum in 1/299,792,458 seconds.","标准公尺被定义为光在真空中每秒传播1/299,792,458秒的距离。","source:ai-generated"
"metric","The metric system uses units like meters and kilograms for measurements.","公制系统使用米和千克等单位进行测量。","source:ai-generated"
"metropolitan","Metropolitan areas are densely populated urban regions with significant economic activity.","大都市区域是人口密集、经济活动显著的城市区域。","source:ai-generated"
"microcomputer","A microcomputer is a small computer with a microprocessor chip.","微电脑是一种带有微处理器芯片的小型计算机。","source:ai-generated"
"microphone","The microphone picks up sound waves and converts them into electrical signals.","麦克风接收声波并将它们转换为电信号。","source:ai-generated"
"microprocessor","The microprocessor is the brain of the computer that executes instructions.","微处理器是计算机的“大脑”，负责执行指令。","source:ai-generated"
"microscope","The microscope allows scientists to see tiny objects that are invisible to the naked eye.","显微镜使科学家能够看到肉眼无法看见的微小物体。","source:ai-generated"
"microscopic","The microscopic details of the insect's wings were visible under the microscope.","昆虫翅膀的微观细节在显微镜下可见。","source:ai-generated"
"microwave","She uses a microwave to heat up her lunch quickly.","她用微波炉快速加热午餐。","source:ai-generated"
"midday","The sun was at its highest point during midday.","正午时太阳达到最高点。","source:ai-generated"
"middle","The middle of the road is where the traffic is heaviest.","道路中间是车流量最密集的地方。","source:ai-generated"
"midnight","The police arrived at midnight to investigate the theft.","警方在午夜到达现场调查盗窃案。","source:ai-generated"
"might","He might have forgotten to lock the door.","他可能忘记锁门了。","source:ai-generated"
"mighty","The mighty oak tree stood tall in the forest.","巨大的橡树在森林中高耸入云。","source:ai-generated"
"migrant","Many migrant workers travel to cities for better job opportunities.","许多移民工人前往城市寻找更好的工作机会。","source:ai-generated"
"mile","The distance between New York and Los Angeles is about 2,800 miles.","纽约和洛杉矶之间的距离大约是2800英里。","source:ai-generated"
"militant","She is a militant advocate for environmental protection.","她是一位环保事业的激进倡导者。","source:ai-generated"
"milk","The cow gave a lot of milk this morning.","这只母牛今天早上产了很多奶。","source:ai-generated"
"milky","The milk has a milky appearance.","牛奶呈现出乳白色的外观。","source:ai-generated"
"mill","The mill was used to grind grain into flour.","磨坊用来将谷物磨成面粉。","source:ai-generated"
"millimetre","The thickness of the paper is 0.1 millimetre.","纸的厚度是0.1毫米。","source:ai-generated"
"million","The population of the city is over one million.","该城市人口超过一百万。","source:ai-generated"
"mind","He has a mind of his own.","他有自己的想法。","source:ai-generated"
"mine","The company plans to mine gold from the underground deposits.","公司计划从地下矿藏中开采黄金。","source:ai-generated"
"miner","The miner worked in the deep underground tunnels.","矿工在深井隧道中工作。","source:ai-generated"
"mineral","Water contains various minerals that are essential for health.","水含有多种对健康必不可少的矿物质。","source:ai-generated"
"mingle","She decided to mingle with the crowd at the party.","她决定在派对上与人群混在一起。","source:ai-generated"
"miniature","The miniature painting was displayed in the museum.","这幅小画在博物馆中展出。","source:ai-generated"
"minimal","The minimal requirements for the project are already set.","该项目的最低要求已经确定。","source:ai-generated"
"minimize","To minimize the risk, we should reduce the number of participants.","为了降低风险，我们应该减少参与人数。","source:ai-generated"
"minister","The minister led the religious ceremony for the community.","这位牧师主持了社区的宗教仪式。","source:ai-generated"
"ministry","The government ministry handles all public services.","政府部负责所有公共服务。","source:ai-generated"
"minor","She is a minor and needs a guardian.","她未成年，需要监护人。","source:ai-generated"
"mint","The mint produces coins for the country.","造币厂为国家生产硬币。","source:ai-generated"
"minus","The temperature is minus five degrees Celsius.","温度是零下五摄氏度。","source:ai-generated"
"minute","He has a minute to finish the task.","他有片刻时间完成任务。","source:ai-generated"
"miracle","The doctor performed a miracle with the surgery.","医生通过手术完成了奇迹。","source:ai-generated"
"mirror","The mirror reflects the image of the room.","镜子反射了房间的影像。","source:ai-generated"
"mischief","The children played mischief in the garden.","孩子们在花园里捣蛋。","source:ai-generated"
"miser","He is a miser who hoards money.","他是个守财奴，囤积钱财。","source:ai-generated"
"miserable","The weather was miserable today.","今天的天气很糟糕。","source:ai-generated"
"mislead","She tried to mislead him with false information.","她用虚假信息试图误导他。","source:ai-generated"
"miss","I missed the bus because I was late.","因为我迟到了，所以错过了公交车。","source:ai-generated"
"missile","The missile hit the target successfully.","导弹成功击中目标。","source:ai-generated"
"missing","The missing person was found after days of searching.","在搜索数日后，失踪的人被找到了。","source:ai-generated"
"mist","The mist covered the mountains in the morning.","早晨，雾笼罩着群山。","source:ai-generated"
"mistake","He made a mistake in his calculations.","他在计算中犯了错误。","source:ai-generated"
"mister","The child addressed the shopkeeper as mister.","孩子称呼店主为先生。","source:ai-generated"
"mistress","As the new mistress, she always knows how to take care of people.","她作为新任的女主人，总是很会照顾人。","source:ai-generated"
"misunderstand","He misunderstood the friend's text message, thinking it was a joke.","他误解了朋友的短信，以为对方在开玩笑。","source:ai-generated"
"mitten","She wore a mitten on her hand.","连指手套","source:ai-generated"
"mix","After mixing flour and water, the dough becomes soft.","将面粉和水混合后，面团就变得柔软。","source:ai-generated"
"mixer","The kitchen mixer can quickly blend various ingredients.","厨房里的搅拌机可以快速混合各种食材。","source:ai-generated"
"mixture","This mixture showed unique chemical properties in the experiment.","这种混合物在实验中表现出独特的化学性质。","source:ai-generated"
"moan","The patient moaned lowly due to pain.","病人因疼痛而发出低沉的呻吟声。","source:ai-generated"
"mobility","This device has high mobility, allowing it to quickly adapt to different environments.","这种设备的移动性很高，可以快速适应不同环境。","source:ai-generated"
"mobilize","To respond to emergencies, we need to mobilize all available resources.","为了应对紧急情况，我们需要动员所有可用的资源。","source:ai-generated"
"mode","This piece of music uses a unique mode that sounds very harmonious.","这首曲子采用了一种独特的调式，听起来非常和谐。","source:ai-generated"
"model","This model is the company's latest product, designed very meticulously.","这个模型是公司最新的产品，设计非常精致。","source:ai-generated"
"moderate","He maintains his health through moderate diet and exercise.","他通过适度的饮食和运动来保持健康。","source:ai-generated"
"moderately","She handled this complex issue moderately.","她以适度的方式处理了这个复杂的问题。","source:ai-generated"
"modern","This new design is modern and aligns perfectly with current aesthetic trends.","这个新设计是现代风格的，非常符合当前的审美趋势。","source:ai-generated"
"modesty","He exhibits modesty, which earns him respect within the team.","他表现出谦逊的品质，这使他在团队中备受尊重。","source:ai-generated"
"modification","The software update requires modifications to the existing code.","软件更新需要对现有代码进行修改。","source:ai-generated"
"modulate","The musician modulates the volume of the sound.","调整音高","source:ai-generated"
"module","This software module handles user login functionality.","这个软件模块负责处理用户登录功能。","source:ai-generated"
"moist","The air is moist, so my clothes are always damp.","空气很潮湿，所以我的衣服总是湿漉漉的。","source:ai-generated"
"moisture","After the rain, the moisture left in the soil is crucial for plant growth.","雨后，土壤中残留的水分是植物生长的关键。","source:ai-generated"
"molecular","The molecular structure determines the physical and chemical properties of substances.","分子结构决定了物质的物理和化学性质。","source:ai-generated"
"moment","He seized the opportunity, but the moment was too short, only a fleeting instant.","他抓住了这个机会，但时间太短，只有一瞬间。","source:ai-generated"
"momentary","He felt a momentary dizziness and then recovered.","他感到一阵短暂的眩晕，随后就恢复了。","source:ai-generated"
"momentum","After gaining initial momentum, the team quickly advanced with the subsequent work.","项目获得初期的动量后，团队迅速推进了后续工作。","source:ai-generated"
"monarch","The monarch in the UK serves as a symbolic leader of the nation.","英国的君主是国家的象征性领导。","source:ai-generated"
"monday","Monday is usually the start of the workweek, and I prefer to rest on this day.","星期一通常是工作日的开始，我习惯在这一天休息。","source:ai-generated"
"monetary","The country's monetary policy affects the market value of its currency.","这个国家的货币政策影响了其货币的市场价值。","source:ai-generated"
"money","He needs money to pay for medical expenses.","他需要一笔钱来支付医疗费用。","source:ai-generated"
"monk","This monk quietly practices meditation in the temple.","这位修道士在寺庙里安静地修行。","source:ai-generated"
"monkey","The monkey jumps from branch to branch in the tree.","那只猴子在树上跳来跳去。","source:ai-generated"
"monstrous","A monstrous wave swept across the shore during the storm.","暴风雨中，一个巨浪席卷了海岸。","source:ai-generated"
"month","Every month, we plan the budget for next month.","每个月，我们都会计划下个月的预算。","source:ai-generated"
"monthly","This magazine is a monthly publication, issued once a month.","这家杂志是月刊，每月发行一次。","source:ai-generated"
"monument","The Eiffel Tower in Paris is a famous monument.","巴黎的埃菲尔铁塔是一座著名的纪念碑。","source:ai-generated"
"mood","A short walk lifted his mood after work.","下班后短暂散步让他的心情好了起来。","source:ai-generated"
"moon","The moon tonight is round like a silver lantern.","今晚的月亮很圆，像一盏银色的灯笼。","source:ai-generated"
"moor","The hikers crossed the moor before sunset.","徒步者们在日落前穿过了那片荒原。","source:ai-generated"
"mop","He grabbed a mop to clean up the spill.","他拿起拖把清理洒出来的东西。","source:ai-generated"
"more","Do you need more water?","你还需要更多水吗？","source:ai-generated"
"morning","The morning sunlight shone on the windowsill, and a new day began.","清晨的阳光照在窗台上，新的一天开始了。","source:ai-generated"
"mortgage","They took out a mortgage to buy their first home.","他们申请了住房抵押贷款，买下了第一套房子。","source:ai-generated"
"moslem","A Moslem traveler paused to pray in the mosque.","一位穆斯林旅客在清真寺停下来祈祷。","source:ai-generated"
"mosque","The mosque is where Muslims gather for prayers.","清真寺是穆斯林进行宗教活动的主要场所。","source:ai-generated"
"mosquito","Mosquitoes are the main carriers of malaria.","蚊子是传播疟疾的常见媒介。","source:ai-generated"
"moss","Moss covers the rock surface, creating a soft green carpet.","苔藓覆盖在岩石表面，形成一层柔软的绿色地毯。","source:ai-generated"
"most","Most students took the exam today.","大多数学生都参加了今天的考试。","source:ai-generated"
"mostly","Mostly, he focuses on work.","大部分时间，他都专注于工作。","source:ai-generated"
"mother","When a child is sick, the mother will take him to the doctor immediately.","母亲在孩子生病时会立即带他去看医生。","source:ai-generated"
"motion","He made a motion to signal me to stop.","他做出一个手势，示意我停止前进。","source:ai-generated"
"motivate","The teacher motivates students to learn by encouragement and rewards.","老师通过鼓励和奖励来激励学生学习。","source:ai-generated"
"motor","The car's engine is a high-performance motor.","这辆汽车的发动机是高性能的电机。","source:ai-generated"
"motorway","This motorway connects the city with other areas.","这条高速公路是连接城市的重要通道。","source:ai-generated"
"mould","He used a mould to create a beautiful clay model.","他用模具制作了一个精美的陶土模型。","source:ai-generated"
"mount","This horse is the rider's favorite mount.","这匹马是骑手最喜爱的乘骑用马。","source:ai-generated"
"mountain","This mountain peak is the highest in the area.","这座山峰是当地最高的山。","source:ai-generated"
"mountainous","This region is mountainous with rugged terrain.","这片区域多山，地形崎岖。","source:ai-generated"
"mourn","She mourns for her deceased relatives.","她为去世的亲人感到悲伤。","source:ai-generated"
"mouse","He clicked the button on the screen with his mouse.","他用鼠标点击了屏幕上的按钮。","source:ai-generated"
"mouth","His mouth is dry and needs water.","他的嘴很干，需要喝水。","source:ai-generated"
"mouthful","I took a mouthful of rice.","我吃了一大口饭。","source:ai-generated"
"move","He moved to a new house.","他搬到了新家。","source:ai-generated"
"movement","Sports movement requires a lot of practice.","体育运动需要大量练习。","source:ai-generated"
"movie","I watched a movie last night.","我昨晚看了部电影。","source:ai-generated"
"much","You have too much.","你有太多东西了。","source:ai-generated"
"mud","Mud stained my clothes.","泥巴弄脏了我的衣服。","source:ai-generated"
"mug","He used a mug to drink coffee.","他用咖啡杯喝咖啡。","source:ai-generated"
"multiplication","Multiplication is one of the basic operations in mathematics.","乘法是数学中基本的运算之一","source:ai-generated"
"multiply","This bacterium multiplies rapidly to increase its population.","这个细菌通过快速繁殖来增加数量","source:ai-generated"
"municipal","The municipal government is responsible for managing the city's public affairs.","市政部门负责管理城市的公共事务","source:ai-generated"
"murder","He was arrested for the murder of the victim.","他因谋杀罪被逮捕","source:ai-generated"
"murderer","The murderer left fingerprints at the crime scene.","凶手在案发现场留下了指纹","source:ai-generated"
"muscle","Muscle is the tissue in the body responsible for movement.","肌肉是身体中负责运动的组织","source:ai-generated"
"muse","She likes to muse in the park.","她喜欢在公园里沉思","source:ai-generated"
"museum","The museum houses a large collection of historical artifacts.","博物馆收藏了大量历史文物","source:ai-generated"
"mushroom","This mushroom is common in the forest.","这朵蘑菇在森林里很常见。","source:ai-generated"
"music","He likes to listen to classical music.","他喜欢听古典音乐。","source:ai-generated"
"musical","Her musical performance was impressive.","她的音乐表演很精彩。","source:ai-generated"
"musician","He is a professional musician.","他是一名专业的音乐家。","source:ai-generated"
"must","You must finish this homework.","你必须完成这个作业。","source:ai-generated"
"mustard","Mustard is a common condiment.","芥末是常见的调味品。","source:ai-generated"
"mutter","He muttered about the weather.","他低声抱怨着天气。","source:ai-generated"
"mutton","Mutton is the main ingredient in this dish.","羊肉是这道菜的主要成分。","source:ai-generated"
"my","My book is on the table.","我的书在桌子上。","source:ai-generated"
"myself","I am responsible for this project myself.","我自己负责这个项目。","source:ai-generated"
"mysterious","This puzzle is very mysterious.","这个谜题非常神秘。","source:ai-generated"
"mystery","Solving this mystery is key.","解开这个谜题是关键。","source:ai-generated"
"nail","He nailed the wooden board securely.","他用钉子把木板钉牢。","source:ai-generated"
"naked","He stood naked in the garden.","他赤裸着身体站在那里。","source:ai-generated"
"name","Please give me a name.","请给我起个名字。","source:ai-generated"
"namely","Namely, these are the ones.","具体来说，就是这些。","source:ai-generated"
"nap","He took a short nap during the afternoon.","他午睡时打了个小盹。","source:ai-generated"
"narration","The narration of this story is very vivid.","这个故事的叙述非常生动。","source:ai-generated"
"narrative","This is a historical narrative novel.","这是一本关于历史的叙述性小说。","source:ai-generated"
"narrow","This narrow path can only accommodate one person at a time.","这条小路很窄，只能容一个人通过。","source:ai-generated"
"nation","The nation's policy on ethnic affairs sparked widespread discussion.","这个国家的民族政策引发了广泛讨论。","source:ai-generated"
"national","The national park is a protected area.","国家公园是一个受保护的区域。","source:ai-generated"
"nationality","His nationality is American.","他的国籍是美国。","source:ai-generated"
"native","There are many natives here who are very familiar with local culture.","这里有很多本地人，他们对当地文化很熟悉。","source:ai-generated"
"natural","This material is natural, with no artificial additives.","这种材料是天然的，没有人工添加的成分。","source:ai-generated"
"naturally","He naturally completed this task without additional help.","他自然地完成了这个任务，不需要额外帮助。","source:ai-generated"
"nature","The beauty of nature makes people feel refreshed.","大自然的美景让人心旷神怡。","source:ai-generated"
"naughty","This child is too naughty and often doesn't listen.","这个孩子太顽皮了，经常不听话。","source:ai-generated"
"naval","Naval training requires strict discipline and teamwork.","海军的训练需要严格的纪律和团队合作。","source:ai-generated"
"nave","The nave is the widest part of the church building.","教堂的中殿是整个建筑最宽敞的部分。","source:ai-generated"
"navy","The navy is an important part of a nation's defense forces.","海军是国家防御力量的重要组成部分。","source:ai-generated"
"near","He is very near, almost able to hear my voice.","他离我非常近，几乎能听到我的声音。","source:ai-generated"
"nearby","I saw a small cat nearby.","我看到一只小猫在附近。","source:ai-generated"
"nearly","He nearly finished the task.","他几乎完成了这个任务。","source:ai-generated"
"neat","His room is neat.","他的房间很整洁。","source:ai-generated"
"necessarily","This rule must be followed necessarily.","这个规则必须严格遵守。","source:ai-generated"
"necessary","We need necessary supplies.","我们需要必需的物资。","source:ai-generated"
"necessitate","This new policy necessitates a change in work methods.","这个新政策迫使我们改变工作方式。","source:ai-generated"
"necessity","Health is a basic necessity of life.","健康是生活的基本需要。","source:ai-generated"
"neck","He gently hugged my neck.","他轻轻抱住我的脖子。","source:ai-generated"
"necklace","She is wearing a delicate necklace.","她戴着一条精致的项链。","source:ai-generated"
"need","We need more resources.","我们需要更多的资源。","source:ai-generated"
"needle","He used a needle to sew the hole.","他用针缝补了破洞。","source:ai-generated"
"needless","This step is needless.","这个步骤是不必要的。","source:ai-generated"
"negligible","This error is negligible.","这个错误可以忽略不计。","source:ai-generated"
"negotiate","They are negotiating to resolve the dispute.","他们正在谈判解决争端。","source:ai-generated"
"negotiation","This meeting is about negotiation.","这次会议是关于谈判的。","source:ai-generated"
"negro","He is a negro.","他是一位黑人。","source:ai-generated"
"neighbour","My neighbour often delivers packages to me in the evening.","我的邻居经常在晚上给我送快递。","source:ai-generated"
"neighbourhood","The neighbours in this neighbourhood often participate in community events together.","这个小区的邻居们经常一起参加社区活动。","source:ai-generated"
"neighbouring","The streets on both sides are neighbouring residential areas, which are adjacent communities.","这条街的两侧是相邻的住宅区，它们是邻近的社区。","source:ai-generated"
"neither","Neither he nor she likes this new game.","他和她两个人都不喜欢这个新游戏。","source:ai-generated"
"nephew","I have a nephew who likes playing basketball.","我有一个侄子，他喜欢打篮球。","source:ai-generated"
"nerve","He needs nerve to face this challenge.","他需要勇气来面对这个挑战。","source:ai-generated"
"nervous","She feels very nervous because the exam is approaching.","她因为考试临近而感到非常紧张。","source:ai-generated"
"nest","The bird built a warm nest in the tree.","小鸟在树上筑了一个温暖的巢。","source:ai-generated"
"net","This net can be used for fishing.","这个网可以用来捕鱼。","source:ai-generated"
"network","The Internet is a global network.","互联网是一个全球性的网络。","source:ai-generated"
"neuron","A neuron is the basic unit of the nervous system.","神经元是神经系统的基本单位。","source:ai-generated"
"neutron","A neutron is a subatomic particle.","中子是一种亚原子粒子。","source:ai-generated"
"never","He never is late.","他从不迟到。","source:ai-generated"
"nevertheless","Nevertheless, he remains optimistic despite his poverty.","尽管他很穷，但他仍然很乐观。","source:ai-generated"
"new","This is a new contract.","这是一份新的合同。","source:ai-generated"
"newly","She answered newly.","她最近重新开始学习英语。","source:ai-generated"
"news","The news surprised everyone.","这条新闻让所有人都感到惊讶。","source:ai-generated"
"newspaper","The newspaper published the latest news.","这份报纸上刊登了最新的新闻。","source:ai-generated"
"next","The next customer needs to be handled immediately.","下一个顾客需要立即处理。","source:ai-generated"
"nice","Our neighbors were nice enough to bring us dinner.","邻居们很热心，特意给我们送来了晚饭。","source:ai-generated"
"nickel","He paid with a nickel for a five-cent coin.","他用镍币支付了五分钱的硬币。","source:ai-generated"
"niece","Her niece visited her today.","她的侄女今天来探望了她。","source:ai-generated"
"night","As the night fell, the city lights began to glow one by one.","夜幕降临，城市灯火渐次亮起。","source:ai-generated"
"nightmare","The nightmare kept him awake all night.","那个噩梦让他整夜无法入睡。","source:ai-generated"
"nine","I have nine apples.","九个苹果","source:ai-generated"
"nineteen","She has nineteen apples.","十九个苹果","source:ai-generated"
"ninety","There are ninety people in the room.","九十个人","source:ai-generated"
"ninth","This is the ninth attempt.","这是第九次尝试。","source:ai-generated"
"nitrogen","Nitrogen is the most common gas in the air.","氮气是空气中最常见的气体。","source:ai-generated"
"no","He cast a no vote.","他投下了一张反对票。","source:ai-generated"
"noble","The noble gave an elegant speech at the dinner party.","这位贵族在晚宴上优雅地致辞。","source:ai-generated"
"nobody","The nobody was ignored by everyone in the meeting.","这个小人物在会议上被大家忽视了。","source:ai-generated"
"nod","He nodded to show agreement.","他点点头表示同意。","source:ai-generated"
"noise","Noise came from the room.","房间里传来嘈杂的噪音。","source:ai-generated"
"noisy","This area is noisy.","这个区域很吵闹。","source:ai-generated"
"nominal","This is a nominal company with no actual operations.","这个名义上是公司，实际上没有实际业务。","source:ai-generated"
"nominate","He nominated three candidates for the competition.","他提名了三位候选人参加比赛。","source:ai-generated"
"none","None of the participants attended the event.","没有人参加这个活动。","source:ai-generated"
"nonsense","His words were nonsense.","他说的话毫无意义。","source:ai-generated"
"noon","At noon, the sun is strongest.","中午时分，太阳最强烈。","source:ai-generated"
"nor","I don't like this plan, he nor does he like it.","我也不喜欢这个方案，他也不喜欢。","source:ai-generated"
"normal","The weather this weekend is normal.","这个周末的天气是正常的。","source:ai-generated"
"normalization","The normalization of the new policy was widely discussed.","这项政策的规范化处理受到了广泛讨论。","source:ai-generated"
"normally","He answered normally.","他通常以正常的方式回答问题。","source:ai-generated"
"north","The north wind brought the smell of winter.","北方的风带来了冬天的气息。","source:ai-generated"
"northeast","The northeast region often snows in winter.","东北地区在冬季经常下雪。","source:ai-generated"
"northern","Northern people usually like to eat hot soup in winter.","北方人通常喜欢在冬天吃热汤。","source:ai-generated"
"northward","The wind blew northward.","风向北吹。","source:ai-generated"
"northwards","We traveled northwards through the forest.","向北的方向","source:ai-generated"
"northwest","The wind comes from the northwest.","西北方向","source:ai-generated"
"nose","His nose smelled a hint of floral scent in the air.","他的鼻子在空气中嗅到了一丝花香。","source:ai-generated"
"not","He did not answer the question.","他没有回答这个问题。","source:ai-generated"
"notation","The mathematical notation is complex.","符号表示法","source:ai-generated"
"note","He placed the note with important information on the desk.","他把写有重要信息的便条放在桌上。","source:ai-generated"
"notebook","The notebook was filled with today's meeting points.","笔记本上写满了今天的会议要点。","source:ai-generated"
"noted","The noted scientist proposed a notable theory.","这个著名的科学家提出了一个著名的理论。","source:ai-generated"
"nothing","I have nothing to worry about.","我无需担心。","source:ai-generated"
"notice","I noticed a bird flying in the sky.","我注意到天空中有一只鸟在飞。","source:ai-generated"
"noticeable","This change is noticeable to everyone.","这个变化对每个人来说都显而易见。","source:ai-generated"
"notification","The company sent a notification about the meeting.","公司发出了关于会议的通知。","source:ai-generated"
"notion","He has a new notion about the project.","他对这个项目有一个新的想法。","source:ai-generated"
"notwithstanding","Notwithstanding the rain, we went out.","尽管下雨，我们还是出去了。","source:ai-generated"
"nought","There is nought but silence in the room.","房间里只有寂静。","source:ai-generated"
"noun","The word 'apple' is a noun.","‘苹果’是一个名词。","source:ai-generated"
"nourishment","The patient requires adequate nourishment to maintain healthy growth.","病人需要足够的营养来维持健康生长。","source:ai-generated"
"novel","She read a novel last night to escape the daily stress.","她昨晚读了一本小说来逃避日常压力。","source:ai-generated"
"november","November is the month when autumn leaves change color.","十一月是秋叶变色的月份。","source:ai-generated"
"now","I am here now, so please wait a moment.","我现在在这里，请稍等片刻。","source:ai-generated"
"nowadays","Nowadays, people use smartphones more than ever before.","如今，人们比以往任何时候都更频繁地使用智能手机。","source:ai-generated"
"nowhere","He has no place to go, so he is nowhere.","他无处可去，所以他无处可寻。","source:ai-generated"
"nuclear","The nuclear power plant produces energy from uranium.","核电站从铀中产生能量。","source:ai-generated"
"nucleus","The nucleus of the atom contains protons and neutrons.","原子的核心包含质子和中子。","source:ai-generated"
"nuisance","This old car is a real nuisance because it keeps breaking down.","这辆旧车真是个麻烦，因为它经常出故障。","source:ai-generated"
"number","The number of students in the class is 30.","这个班级有30名学生。","source:ai-generated"
"numerical","The numerical data in the report is complex.","报告中的数值数据很复杂。","source:ai-generated"
"nun","She is a nun in a small convent.","她在一座小修道院里当修女。","source:ai-generated"
"nurse","The nurse checked the patient's temperature.","护士检查了病人的体温。","source:ai-generated"
"nursery","The nursery school provides early childhood education.","托儿所提供早期儿童教育。","source:ai-generated"
"nurture","Parents should nurture their children's creativity.","父母应该培养孩子的创造力。","source:ai-generated"
"nut","The nut in the shell is very hard.","壳里的坚果非常坚硬。","source:ai-generated"
"nutrient","The nutrient in the food provides essential vitamins and minerals.","食物中的营养物质提供必需的维生素和矿物质。","source:ai-generated"
"nylon","Nylon is a strong synthetic fiber used in clothing.","尼龙是一种用于服装的强韧合成纤维。","source:ai-generated"
"oar","She used an oar to propel the boat through the river.","她用桨将船划过河流。","source:ai-generated"
"obedience","The dog's obedience is crucial for training success.","狗的服从对训练成功至关重要。","source:ai-generated"
"obese","He has become obese due to his sedentary lifestyle.","由于他久坐的生活方式，他变得肥胖。","source:ai-generated"
"obey","You must obey the rules to ensure safety.","你必须遵守规则以确保安全。","source:ai-generated"
"oblige","The teacher obliged the student to complete the homework.","老师让这名学生完成作业。","source:ai-generated"
"observation","The scientist made careful observations of the experiment.","科学家仔细观察了实验。","source:ai-generated"
"observe","I observed the bird flying across the sky.","我看见鸟儿飞过天空。","source:ai-generated"
"observer","The observer carefully noted the details of the experiment.","观察者仔细记录了实验的细节。","source:ai-generated"
"obsession","Her obsession with numbers made her lose sleep.","她对数字的痴迷让她睡不着觉。","source:ai-generated"
"obstinate","He is obstinate and refuses to change his mind.","他固执己见，拒绝改变主意。","source:ai-generated"
"obvious","The obvious mistake was corrected by the teacher.","老师纠正了明显的错误。","source:ai-generated"
"obviously","She answered obviously.","她显然回答了。","source:ai-generated"
"occasion","The meeting was an occasion for discussion.","这次会议是讨论的机会。","source:ai-generated"
"occasionally","She occasionally visits her grandmother.","她偶尔会去奶奶家。","source:ai-generated"
"occurrence","The occurrence of the disease is rare.","疾病的发生很罕见。","source:ai-generated"
"ocean","The ocean is vast and deep.","海洋广阔而深邃。","source:ai-generated"
"oceania","Oceania is a continent in the Pacific Ocean.","大洋洲是太平洋的一个洲。","source:ai-generated"
"october","October is the tenth month of the year.","十月是年的第十个月。","source:ai-generated"
"odd","The number of odd numbers between 1 and 10 is five.","1到10之间奇数的个数是五个。","source:ai-generated"
"odour","The strong odour of the flowers filled the room.","花的浓烈香气充满了房间。","source:ai-generated"
"of","The of the book is important.","书的很重要。","source:ai-generated"
"off","He turned off the light and left the room.","他关掉了灯，离开了房间。","source:ai-generated"
"offence","His actions constitute a serious offence against the law.","他的行为构成对法律的严重违法行为。","source:ai-generated"
"offend","She was offended by his rude comment.","他粗鲁的评论让她感到冒犯。","source:ai-generated"
"offer","The company made a generous offer to help the community.","公司向社区提出慷慨的援助提议。","source:ai-generated"
"office","The new office is located in the heart of the city.","新办公室位于城市中心。","source:ai-generated"
"officer","The officer led the team with authority.","这位军官以权威领导团队。","source:ai-generated"
"official","She works as an official in the government.","她在政府中担任公务员。","source:ai-generated"
"offset","The project requires an offset to balance the costs.","该项目需要抵消以平衡成本。","source:ai-generated"
"often","He often visits his grandparents on weekends.","他经常在周末拜访祖父母。","source:ai-generated"
"oh","Oh, I'm so surprised!","哇，我太惊讶了！","source:ai-generated"
"ohm","The resistance of this wire is 10 ohms.","这条导线的电阻是10欧姆。","source:ai-generated"
"oil","She applied oil to her hair.","她给头发涂了油。","source:ai-generated"
"okay","It's okay to be late for the meeting.","会议迟到是可以的。","source:ai-generated"
"old","He is an old man with a long history.","他是一位经历漫长历史的老人。","source:ai-generated"
"omit","The teacher omitted the difficult part of the lesson.","老师省略了课程中困难的部分。","source:ai-generated"
"on","The light is on.","灯是开着的。","source:ai-generated"
"once","I have been here once.","我来过这里一次。","source:ai-generated"
"one","I have one apple.","我有一个苹果。","source:ai-generated"
"oneself","I need to take care of oneself properly.","我需要好好照顾自己。","source:ai-generated"
"onion","He likes to eat onion.","他喜欢吃洋葱。","source:ai-generated"
"only","This is the only way to solve the problem.","这是解决这个问题的唯一方法。","source:ai-generated"
"onto","I placed the book onto the table.","我把书放在桌子上。","source:ai-generated"
"onward","We will move forward onward.","我们将向前推进。","source:ai-generated"
"onwards","We will go forward onwards.","我们将继续前进。","source:ai-generated"
"opaque","The glass is opaque.","这个玻璃是不透明的。","source:ai-generated"
"open","I opened the door to let the sunlight in.","我打开门让阳光进来。","source:ai-generated"
"opening","The opening of the new restaurant was a huge success.","新餐厅的开业活动取得了巨大成功。","source:ai-generated"
"opera","The opera was performed at the theater last night.","昨晚在剧院上演了歌剧。","source:ai-generated"
"operate","The doctor will operate on the patient tomorrow.","医生明天将为病人进行手术。","source:ai-generated"
"operation","The surgical operation took two hours.","手术持续了两个小时。","source:ai-generated"
"operational","The system is operational after the update.","更新后系统已正常运行。","source:ai-generated"
"operator","The technician is an expert operator.","这位技术员是专家级的操作员。","source:ai-generated"
"opinion","She has a strong opinion on the matter.","她对这个问题有强烈的意见。","source:ai-generated"
"opium","He smoked opium to relieve his pain.","他吸食鸦片来缓解疼痛。","source:ai-generated"
"opportunity","She saw a rare opportunity to start a new business.","她发现了一个开始新业务的机会。","source:ai-generated"
"opposite","The opposite side of the street is quiet.","街道的对面很安静。","source:ai-generated"
"oppress","The government oppressed the people with harsh laws.","政府用严厉的法律压迫人民。","source:ai-generated"
"optical","The optical device helps see distant objects clearly.","光学设备有助于清晰地看到远处的物体。","source:ai-generated"
"optimal","The optimal temperature for the reaction is 25 degrees.","该反应的最佳温度是25度。","source:ai-generated"
"optimum","The optimum conditions for growth are found in the soil.","生长的最佳条件在土壤中被找到。","source:ai-generated"
"optional","He chose the optional course to improve his skills.","他选择了可选课程来提升技能。","source:ai-generated"
"or","I can choose either the red or the blue pen.","我可以选择红色的笔或者蓝色的笔。","source:ai-generated"
"oral","The doctor gave an oral exam to the patient.","医生给病人进行了口试。","source:ai-generated"
"orange","The fruit is orange.","这种水果是橙色的。","source:ai-generated"
"orchard","We have an orchard with many apple trees.","我们有一片有很多苹果树的果园。","source:ai-generated"
"order","The teacher ordered the students to clean the classroom.","老师命令学生打扫教室。","source:ai-generated"
"orderly","The orderly soldiers followed the commands.","有秩序的士兵们执行了命令。","source:ai-generated"
"ordinarily","She answered ordinarily.","她通常回答。","source:ai-generated"
"ordinary","This is an ordinary day for me.","对我来说，这是一天平凡的日子。","source:ai-generated"
"ore","The ore was processed to extract valuable minerals.","矿石被加工以提取有价值的矿物。","source:ai-generated"
"organ","The organ in the piano produces sound through strings.","钢琴中的风琴通过琴弦产生声音。","source:ai-generated"
"organic","The organic compounds in the soil support plant growth.","土壤中的有机化合物支持植物生长。","source:ai-generated"
"organism","The organism is a living entity with cellular structure.","有机体是具有细胞结构的活体实体。","source:ai-generated"
"organization","The organization of the company includes multiple departments.","公司的组织结构包括多个部门。","source:ai-generated"
"organize","She organized the event by coordinating volunteers and resources.","她通过协调志愿者和资源来组织活动。","source:ai-generated"
"orient","The compass helps orient the ship to the north.","指南针帮助将船只朝北定位。","source:ai-generated"
"originate","The river originates from a mountain range.","河流发源于山脉。","source:ai-generated"
"ornament","She hung a small ornament on the Christmas tree.","她把一个小装饰品挂在圣诞树上。","source:ai-generated"
"ornamental","The garden has many ornamental plants.","花园里有许多观赏植物。","source:ai-generated"
"orphan","The child became an orphan after the accident.","事故后，这个孩子成了孤儿。","source:ai-generated"
"orthodox","He follows the orthodox method of teaching.","他遵循传统的教学方法。","source:ai-generated"
"other","This is the other way to solve the problem.","这是解决这个问题的另一种方法。","source:ai-generated"
"otherwise","If you don't do it, it will be otherwise.","如果你不做，情况就会不同。","source:ai-generated"
"ought","You ought to study harder.","你应该更努力学习。","source:ai-generated"
"ounce","One ounce of gold is worth more than a pound.","一盎司黄金的价值超过一磅。","source:ai-generated"
"our","Our team won the championship.","我们的队伍赢得了冠军。","source:ai-generated"
"ours","Our house is ours.","我们的房子是我们的。","source:ai-generated"
"ourselves","We helped ourselves to the food.","我们自己拿了食物。","source:ai-generated"
"out","The sun sets in the out.","太阳在外部落下。","source:ai-generated"
"outcome","The final result of the meeting was an outcome.","会议的最终结果是某个结果。","source:ai-generated"
"outcry","The crowd's outcry was heard across the city.","人群的喊声在整个城市都能听到。","source:ai-generated"
"outdoor","We need an outdoor space for the event.","我们需要一个户外空间用于活动。","source:ai-generated"
"outdoors","They went outdoors to enjoy the nature.","他们去户外享受大自然。","source:ai-generated"
"outer","The outer wall of the building is painted in blue.","建筑物的外墙被涂成蓝色。","source:ai-generated"
"outermost","This is the outermost point of the galaxy.","这是银河系最外层的点。","source:ai-generated"
"outlaw","He was declared an outlaw after committing a serious crime.","他在犯下严重罪行后被宣布为罪犯。","source:ai-generated"
"outlet","The factory has a new outlet for selling products.","工厂有新的销售渠道来销售产品。","source:ai-generated"
"outlook","The outlook for the economy is positive.","经济前景乐观。","source:ai-generated"
"output","The computer output the results quickly.","计算机快速输出结果。","source:ai-generated"
"outrage","The outrage against the government's actions was widespread.","对政府行为的愤怒在人群中广泛蔓延。","source:ai-generated"
"outset","The outset of the project was the initial meeting.","项目的开始是第一次会议。","source:ai-generated"
"outside","The weather is cold outside.","外面天气很冷。","source:ai-generated"
"outskirt","The outskirt of the city was covered in trash.","城市的边缘被垃圾覆盖了。","source:ai-generated"
"outstanding","The project is outstanding.","这个项目很出色。","source:ai-generated"
"outward","The outward appearance of the building was impressive.","这座建筑的外表十分引人注目。","source:ai-generated"
"outwards","The wind blows outwards.","风向外部吹。","source:ai-generated"
"oval","The shape of the egg is oval.","鸡蛋的形状是椭圆形的。","source:ai-generated"
"oven","The oven is in the kitchen.","烤箱在厨房里。","source:ai-generated"
"over","He finished the work over.","他完成了工作。","source:ai-generated"
"overall","Overall, this project requires considering all factors.","整体而言，这个项目需要全面考虑所有因素。","source:ai-generated"
"overcoat","He wore a deep blue overcoat.","他穿了一件深蓝色的外套。","source:ai-generated"
"overestimate","He overestimated the project's completion time.","他高估了项目的完成时间。","source:ai-generated"
"overflow","The rain caused the river to overflow.","雨水使河流泛滥成灾。","source:ai-generated"
"overhang","The roof tiles overhang slightly beyond the eaves.","屋顶的瓦片突出在屋檐外。","source:ai-generated"
"overhear","She overheard her colleagues discussing work.","她无意中听到同事在讨论工作。","source:ai-generated"
"overload","The road's traffic flow has overloaded the capacity.","这条道路的交通流量超过了承载能力。","source:ai-generated"
"overnight","He decided to leave here overnight.","他决定在前一夜就离开这里。","source:ai-generated"
"overpass","This city has a tall overpass connecting two major roads.","这座城市有一座高耸的天桥连接着两条主要道路。","source:ai-generated"
"overseas","He needs to find a safe refuge overseas.","他需要在海外找到一个安全的避难所。","source:ai-generated"
"overt","His behavior is overt and cannot be ignored.","他的行为非常公然，让人无法忽视。","source:ai-generated"
"overtake","She quickly overtook her competitor and won the race.","她很快超过了竞争对手，赢得了比赛。","source:ai-generated"
"overthrow","The failure of the revolution led to the overthrow of the entire country.","革命的失败导致了整个国家的推翻。","source:ai-generated"
"overtime","He worked overtime, causing him to be exhausted the next day.","他工作到超时，导致第二天疲惫不堪。","source:ai-generated"
"overturn","This storm completely overturned the city's order.","这场风暴彻底推翻了整个城市的秩序。","source:ai-generated"
"overwhelming","The scale of this plan is so overwhelming that it is impossible to resist.","这个计划的规模如此庞大，让人感到无法抵抗。","source:ai-generated"
"own","His own house was washed away by the rain.","他自己的房子被雨水冲垮了。","source:ai-generated"
"owner","The owner trimmed the lawn in the garden.","这位房子的主人在花园里修剪草坪。","source:ai-generated"
"ownership","The ownership of this property belongs to him.","这项房产的产权属于他。","source:ai-generated"
"ox","The ox plowed the field.","牛在田里耕地。","source:ai-generated"
"oxide","This metal oxide is common in industry.","这种金属氧化物在工业中很常见。","source:ai-generated"
"oxidize","Iron products can be oxidized in humid environments.","铁制品在潮湿环境中容易被氧化。","source:ai-generated"
"oyster","Oysters are very popular seafood.","牡蛎是海鲜中非常受欢迎的一种。","source:ai-generated"
"pace","His pace was light and moderate.","他走路的步调很轻快，速度适中。","source:ai-generated"
"pacific","The Pacific Ocean's water is very calm.","太平洋的海水非常平静。","source:ai-generated"
"pack","He packed his luggage and left.","他把行李打包好后就离开了。","source:ai-generated"
"packet","She opened a packet of seeds and planted them in the garden.","她打开一包种子，把它们种进了花园。","source:ai-generated"
"pad","He used a soft pad to prevent the book from slipping.","他用软垫子垫着书本防止滑落。","source:ai-generated"
"page","The 100th page of this novel is the key turning point of the story.","这本小说的第100页是故事的关键转折点。","source:ai-generated"
"pail","He used a large pail to carry water.","他用一个大桶装水。","source:ai-generated"
"pain","The pain made him unable to work.","这种疼痛让他无法继续工作。","source:ai-generated"
"painful","The painful surgery left him in severe pain.","这种手术的疼痛感非常疼痛。","source:ai-generated"
"paint","I painted the wooden door blue.","我用油漆给木门涂上蓝色。","source:ai-generated"
"painter","He is a painter who excels at painting.","他是一位擅长绘画的画家。","source:ai-generated"
"painting","This painting is his latest work of art.","这幅画是他的最新绘画作品。","source:ai-generated"
"pair","I need a pair of new shoes.","我需要一双新鞋。","source:ai-generated"
"pal","My old pal helped me move into the new apartment.","我的老朋友帮我搬进了新公寓。","source:ai-generated"
"palace","The palace is where the emperor lives.","皇宫是皇帝居住的地方。","source:ai-generated"
"pale","His face paled.","他的脸变得苍白。","source:ai-generated"
"palm","I gently patted his shoulder with my palm.","我用掌心轻轻拍了拍他的肩膀。","source:ai-generated"
"pan","He cooked eggs in a flat pan.","他用平锅煎了鸡蛋。","source:ai-generated"
"panda","The panda was eating bamboo in the zoo.","大熊猫在动物园里悠闲地吃着竹子。","source:ai-generated"
"pane","A crack appeared in the window pane during the storm.","暴风雨中，窗玻璃上出现了一道裂痕。","source:ai-generated"
"panel","The panel played a key role in the presentation.","会议的面板在展示中起到了关键作用。","source:ai-generated"
"pant","He felt extremely tired after panting heavily from intense exercise.","他因为剧烈运动后喘息不止而感到非常疲惫。","source:ai-generated"
"panther","The panther was silently moving through the forest.","这只美洲豹在森林里悄悄地潜行。","source:ai-generated"
"pantry","The pantry was filled with various food items.","厨房的储物间里堆满了各种食品。","source:ai-generated"
"pants","He wore a blue short pants.","他穿了一条蓝色的短裤。","source:ai-generated"
"paper","This paper is made from recycled materials.","这张纸是用回收材料制成的。","source:ai-generated"
"paperback","This paperback is affordable and perfect for students to read.","这本平装本价格实惠，很适合学生阅读。","source:ai-generated"
"parachute","He used a parachute during the skydiving.","他跳伞时使用了降落伞。","source:ai-generated"
"parade","The parade marched in formation on the city square.","游行队伍在市中心的广场上整齐列队。","source:ai-generated"
"paradoxically","He answered paradoxically, but his logic was very clear.","他回答得有些反论，但逻辑却很清晰。","source:ai-generated"
"paralyse","He felt cold, which paralysed him with numbness and weakness.","他感到寒冷，这使他感到麻木和无力。","source:ai-generated"
"paralysis","His leg paralysis prevented him from walking normally.","他的腿部麻痹导致他无法正常行走。","source:ai-generated"
"paralyze","The doctor paralyzed his nervous system with medication.","医生通过药物使他的神经系统瘫痪。","source:ai-generated"
"parameter","This parameter affects the overall system performance.","这个参数设置影响了整个系统的运行效率。","source:ai-generated"
"parcel","The parcel was delivered to the door when he found a note inside.","包裹被送到门口时，他发现里面有一张纸条。","source:ai-generated"
"pardon","The king pardoned him for the crime.","他因犯罪被国王赦免了。","source:ai-generated"
"parent","Parents are the most important foundation for a child's growth.","父母是孩子成长的最重要基础。","source:ai-generated"
"park","Children are playing in the park.","公园里有孩子们在玩耍。","source:ai-generated"
"parliament","The parliament of the new plan was completed yesterday.","新计划的国会昨天完成了。","source:ai-generated"
"part","The part needs special attention during assembly.","这个零件的部件在组装时需要特别注意。","source:ai-generated"
"partially","She partially completed the work.","她部分地完成了工作。","source:ai-generated"
"participant","The participants include experts from various fields.","会议的参与者包括了来自不同领域的专家。","source:ai-generated"
"participate","He decided to participate in an international conference.","他决定参加一个国际会议。","source:ai-generated"
"particle","Water molecules consist of hydrogen and oxygen atoms, which are tiny particles.","水分子由氢原子和氧原子构成，是极小的粒子。","source:ai-generated"
"particular","This report contains a particular detail explanation.","这份报告包含了一个特别的细节说明。","source:ai-generated"
"particularly","He particularly emphasized the importance of this project.","他特别强调了这个项目的重要性。","source:ai-generated"
"partition","The room is partitioned into two sections by a wall.","房间被一道隔墙分成了两个区域。","source:ai-generated"
"partly","He partly completed this task.","他部分完成了这项工作。","source:ai-generated"
"partner","She found a suitable business partner to collaborate with.","她找到了一个合适的商业伙伴来合作。","source:ai-generated"
"party","We plan to have a family party at the weekend.","我们计划在周末举办一个家庭聚会。","source:ai-generated"
"pass","This mountain pass is the only route to the summit.","这条山路是通往山顶的唯一通道。","source:ai-generated"
"passage","This narrow alley is the only passage to the old district.","这条小巷是通往老城区的唯一通道。","source:ai-generated"
"passenger","The passenger waits at the train station.","乘客在火车站等车。","source:ai-generated"
"passport","He needs a passport to enter this country.","他需要护照才能进入这个国家。","source:ai-generated"
"past","The past is beyond recovery.","过去的事情已经无法挽回了。","source:ai-generated"
"paste","He made a small dumpling with the paste.","他用面团做了一个小面食。","source:ai-generated"
"pat","He gently patted my shoulder.","他轻轻拍了拍我的肩。","source:ai-generated"
"patch","This small patch is used to repair broken glass.","这个小碎片被用来修补破损的玻璃。","source:ai-generated"
"patent","He applied for a patent to protect his invention.","他申请了专利来保护他的发明。","source:ai-generated"
"path","He walked along the path to the mountain peak.","他沿着小路走到了山顶。","source:ai-generated"
"pathetic","His speech was so bad that it was pathetic.","他的演讲太差了，让人感到心酸。","source:ai-generated"
"patience","She needs patience to complete this complex task.","她需要耐心来完成这个复杂的任务。","source:ai-generated"
"patient","The patient requires the doctor's patience in treatment.","病人需要医生的耐心治疗。","source:ai-generated"
"patrol","Police patrol the streets every night.","警察每天晚上都会进行巡逻。","source:ai-generated"
"patron","His patron provided financial support.","他的赞助人提供了资金支持。","source:ai-generated"
"pause","Pause for a moment before continuing.","暂停一下，再继续。","source:ai-generated"
"pave","Pave the road with asphalt.","为道路铺设沥青路面。","source:ai-generated"
"pavement","Pavement is the part of a road where pedestrians walk.","人行道是城市中供行人行走的路面。","source:ai-generated"
"paw","The cat uses its paw to grab the mouse.","猫用爪子抓着老鼠。","source:ai-generated"
"pay","He paid his salary.","他支付了工资。","source:ai-generated"
"payment","Salary is the payment employees receive.","工资是员工获得的报酬。","source:ai-generated"
"payoff","The payoff from this project was the team's biggest reward.","这次项目带来的利润是团队最大的回报。","source:ai-generated"
"pea","Pea is a common type of vegetable in the legume family.","豌豆是一种常见的豆类蔬菜。","source:ai-generated"
"peace","The two countries signed a treaty that brought peace to the region.","两国签署了一项给该地区带来和平的条约。","source:ai-generated"
"peaceful","The peaceful atmosphere of this weekend made the children feel very relaxed.","这个周末的和平氛围让孩子们感到非常放松。","source:ai-generated"
"peach","This peach is really sweet.","这颗桃子真甜。","source:ai-generated"
"peacock","The peacock proudly displayed its tail feathers in the garden.","那只孔雀在花园里骄傲地展开它的尾羽。","source:ai-generated"
"pear","This pear is very sweet.","这个梨子很甜。","source:ai-generated"
"peasant","The peasant was working in the fields.","这个农民在田里干活。","source:ai-generated"
"pebble","The pebble by his foot was washed away by the current.","他脚边的小鹅卵石被水流冲走了。","source:ai-generated"
"peck","The sparrow gave the bread a quick peck.","麻雀迅速啄了一下面包。","source:ai-generated"
"peculiarity","This peculiarity is quite striking.","这个独特的特征让人印象深刻。","source:ai-generated"
"pedal","The pedal is the part you step on to move the bicycle.","自行车的踏板是踩动的部件。","source:ai-generated"
"pedlar","He is a pedlar who sells goods on the street.","他是个沿街叫卖的小贩。","source:ai-generated"
"peep","She peeped at the window for a moment.","她偷偷地瞥了一眼窗外。","source:ai-generated"
"peer","He stands out compared to his peers.","他与同龄人相比显得格外突出。","source:ai-generated"
"pen","He used a pen to write down the idea.","他用钢笔写下了这个想法。","source:ai-generated"
"pencil","He quickly sketched a diagram with a pencil.","他用铅笔草草画了一张图。","source:ai-generated"
"pendulum","The pendulum is a key component of a clock.","钟摆的摆动是钟表的组成部分。","source:ai-generated"
"penetrate","He gently penetrated the fibers of the paper.","他用针尖轻轻渗透了纸张的纤维。","source:ai-generated"
"penetration","The penetration effect of this policy has attracted widespread attention in the community.","这项政策的渗透效应在社区中引起了广泛关注。","source:ai-generated"
"penny","The penny rang in his pocket.","这枚便士在口袋里叮当作响。","source:ai-generated"
"pension","The pension issue under the new policy was widely discussed.","这项新政策的养老金问题引发了广泛讨论。","source:ai-generated"
"people","People walked in the park.","人们在公园里散步。","source:ai-generated"
"pepper","He accidentally spilled pepper on his clothes.","他不小心把辣椒撒在了衣服上。","source:ai-generated"
"per","We complete this project per hour.","我们按照每小时的进度来完成这个项目。","source:ai-generated"
"perceive","I perceive his emotional state in a subtle way.","我感觉到他正在用一种微妙的方式感知我的情绪。","source:ai-generated"
"percent","The percentage of students who passed the exam is 85 percent.","百分比是表示部分与整体之间比例关系的数值","source:ai-generated"
"percentage","The percentage of the population that is under 18 years old is 22 percent.","百分比是表示比率的数值","source:ai-generated"
"perch","The perch fish lives in the river.","河鲈是一种生活在水中的鱼类","source:ai-generated"
"perfect","The design is perfect for the project.","完美的设计是没有任何缺陷的","source:ai-generated"
"perfectly","She completed the task perfectly.","完全地、无瑕疵地完成任务","source:ai-generated"
"perform","He performs a magic trick every night.","表演需要投入时间和精力","source:ai-generated"
"perhaps","Perhaps he will come tomorrow.","也许他会在明天来","source:ai-generated"
"peril","The storm poses a great peril to the ships.","危险是可能导致严重后果的事件","source:ai-generated"
"perimeter","The perimeter of a circle is the length around its edge.","周长是物体外边缘的长度","source:ai-generated"
"period","This period refers to the economic recession phase of the last decade.","这个时期是过去十年的经济衰退阶段","source:ai-generated"
"periodical","Scientific American is a well-known science periodical.","《科学美国人》是一本著名的科学期刊","source:ai-generated"
"peripheral","The peripheral areas of the hospital require regular inspections.","医院的外周区域需要定期检查","source:ai-generated"
"permanently","This policy will permanently change the social structure.","这个政策将永久性地改变社会结构","source:ai-generated"
"permeate","Water vapor permeates into the soil.","水汽会渗透到土壤中","source:ai-generated"
"permissible","This behavior is permissible under the law.","这种行为在法律上是被允许的","source:ai-generated"
"permission","He needs permission to enter this area.","他需要获得许可才能进入这个区域","source:ai-generated"
"permit","He needs a work permit to legally work.","他需要一份工作许可证来合法地工作。","source:ai-generated"
"perpendicular","The vertical line on this road is drawn with a perpendicular rule.","这条道路的垂直线是用垂规画出来的。","source:ai-generated"
"perplex","This problem perplexes him very much.","这个问题让他感到非常困惑。","source:ai-generated"
"persecute","The police are persecuting the accused suspects.","警方正在迫害那些被指控的嫌疑人。","source:ai-generated"
"persevere","He perseveres to complete this project despite facing many difficulties.","他坚持要完成这个项目，即使面临很多困难。","source:ai-generated"
"persist","He persists that this plan is correct.","他坚持认为这个方案是正确的。","source:ai-generated"
"persistence","His persistence eventually led to the success of the project.","他的坚持最终导致了项目的成功。","source:ai-generated"
"person","This legal document requires a person's signature.","这个法律文件需要一个人的签名。","source:ai-generated"
"personal","This personal privacy issue needs us to take it seriously.","这个个人隐私问题需要我们认真对待。","source:ai-generated"
"personality","His personality made him stand out in the team.","他的性格使他在团队中脱颖而出。","source:ai-generated"
"personnel","The personnel department handles employee records.","人事部门负责员工档案。","source:ai-generated"
"perspiration","The perspiration from the new policy was widely discussed.","新政策带来的大量汗液蒸发是公众关注的焦点。","source:ai-generated"
"persuade","He tried to persuade his friend to believe that his new invention could solve the problem.","他试图说服朋友相信他新发明的机器可以解决这个问题。","source:ai-generated"
"pertinent","The pertinent result to our goals was highly relevant.","这个研究结果与我们的目标密切相关，因此是相关的。","source:ai-generated"
"pest","These pests are the biggest pests.","这些害虫是最大的害虫。","source:ai-generated"
"pet","This cat is her most cherished pet.","这只猫是她最珍爱的宠物。","source:ai-generated"
"petition","A petition is a formal document expressing collective demands.","请愿书是表达集体诉求的正式文件。","source:ai-generated"
"petrol","Cars require petrol to operate normally.","汽车需要汽油才能正常运行。","source:ai-generated"
"petroleum","Petroleum is a naturally occurring fossil fuel found beneath the earth.","石油是地下天然形成的化石燃料。","source:ai-generated"
"petty","He got impatient with petty details.","他因为琐碎的细节而感到不耐烦。","source:ai-generated"
"philanthropic","Philanthropic efforts require selfless dedication.","慈善事业需要无私的奉献精神。","source:ai-generated"
"philanthropy","Philanthropy provides educational support for children in poverty.","慈善机构为贫困儿童提供教育支持。","source:ai-generated"
"philosopher","He is a thoughtful philosopher.","他是一位深思熟虑的哲学家。","source:ai-generated"
"philosophy","Philosophy is the study of fundamental principles of reality and human knowledge.","哲学是研究世界本质和人类认知的学科。","source:ai-generated"
"phone","He called his friend on the phone.","他用手机打电话给朋友。","source:ai-generated"
"photoelectric","The photoelectric sensor has high sensitivity.","这个光电传感器的灵敏度很高。","source:ai-generated"
"photograph","The photograph showed his happy childhood moments.","这张照片展示了他童年时的快乐时光。","source:ai-generated"
"photographic","She has a photographic memory for faces.","她对人脸过目不忘。","source:ai-generated"
"photography","Photography is an indispensable art form in modern life.","摄影是现代生活中不可或缺的艺术形式。","source:ai-generated"
"phrase","This phrase is often used in music to express complex emotions.","这个短语在音乐中经常被用来表达复杂的情感。","source:ai-generated"
"physical","The doctor performed a physical examination on the patient.","体格检查","source:ai-generated"
"physically","He feels physically better after rest.","身体上地","source:ai-generated"
"physician","The physician provides medical services to patients in the hospital.","这位医师在医院里为病人提供医疗服务。","source:ai-generated"
"physicist","He is a physicist who studies the fundamental laws of nature.","物理学家","source:ai-generated"
"physics","The physics experiment revealed a new physical phenomenon.","物理学的实验揭示了新的物理现象。","source:ai-generated"
"physiological","The physiological process of digestion involves complex mechanisms.","生理学的","source:ai-generated"
"piano","The piano is a common instrument in the home.","钢琴是家庭中常见的乐器。","source:ai-generated"
"pick","He used a small stick as a pick to carefully select the highest quality ore.","他用一根小木棍当牙签，仔细地挑出最优质的矿石。","source:ai-generated"
"pickle","The pickle is too sour, I don't want to eat it anymore.","这个腌菜太酸了，我都不想再吃它了。","source:ai-generated"
"picnic","We plan to have a picnic on the weekend.","我们计划在周末去野餐。","source:ai-generated"
"picture","This picture shows my happy childhood moments.","这张照片展示了我童年时的快乐时光。","source:ai-generated"
"pie","He used a pie chart to clearly show the distribution of data.","他通过图表清晰地展示了数据的分布情况。","source:ai-generated"
"piece","This small piece needs careful repair.","这个小零件需要仔细修理。","source:ai-generated"
"pier","A pier is a place where ships dock.","码头是船只停靠的场所。","source:ai-generated"
"pierce","He pierced the paper with a needle.","他用针尖刺穿了纸张。","source:ai-generated"
"pig","This pig is very greedy and eats constantly.","这只猪很贪吃，总是不停地吃东西。","source:ai-generated"
"pigeon","She is as easy to deceive as a pigeon.","她像一只鸽子一样容易被欺骗。","source:ai-generated"
"pile","These files are piled so high that they are about to collapse.","这些文件堆得太高，几乎要倒塌了。","source:ai-generated"
"pilgrim","The pilgrim prayed devoutly in the temple with incense smoke.","这位朝圣者在香火缭绕的寺庙中虔诚地祈祷。","source:ai-generated"
"pill","After taking a pill, he felt much better.","他吃了一颗药丸后感觉好多了。","source:ai-generated"
"pillar","The pillar supports the entire building structure.","这栋老房子的柱子支撑着整个建筑结构。","source:ai-generated"
"pillow","He leaned his head on the soft pillow.","他把头靠在柔软的枕头上面。","source:ai-generated"
"pilot","The pilot checked all the equipment before takeoff.","飞行员在起飞前检查了所有设备。","source:ai-generated"
"pin","He used a pin to fasten the small hole on the paper.","他用大头针把纸上的小洞别住了。","source:ai-generated"
"pinch","The pinch of this small problem made the team feel a bit tense.","这个小问题带来的压力让团队感到一丝紧张。","source:ai-generated"
"pine","The pine stood tall in the forest during autumn.","松树在秋天的森林里高耸入云。","source:ai-generated"
"pineapple","Pineapple is a common fruit.","菠萝是常见的水果之一。","source:ai-generated"
"pink","Pink is one of the colors women like.","粉红色是女性喜欢的颜色之一。","source:ai-generated"
"pint","A pint is a unit of liquid measurement.","品脱是液体的计量单位。","source:ai-generated"
"pioneer","He, as a pioneer, led the team to complete the task.","他作为先锋带领团队完成任务。","source:ai-generated"
"pious","She is very pious in religion.","她对宗教非常虔诚。","source:ai-generated"
"pipe","He uses a pipe to smoke tobacco.","他用烟斗吸食烟草。","source:ai-generated"
"pipeline","Data is transmitted through a pipeline.","数据通过管道传输。","source:ai-generated"
"piston","The piston in the syringe pushes the medicine.","注射器中的活塞推动药液。","source:ai-generated"
"pit","The pit contains a large amount of ore.","这个深坑里有大量矿石。","source:ai-generated"
"pity","He feels pity because his friend has suffered misfortune.","他感到非常同情，因为他的朋友遭遇了不幸。","source:ai-generated"
"place","Please place the book on the table.","请把书放在桌子上。","source:ai-generated"
"plain","The vast plain stretches out, offering a sense of openness and tranquility.","这片平原的景色十分开阔，让人感到心旷神怡。","source:ai-generated"
"plan","We plan to start a new project next week.","我们计划下周开始新项目。","source:ai-generated"
"plane","The plane flies steadily in the sky.","飞机在天空中平稳地飞行。","source:ai-generated"
"plant","Farmers plant rice in the fields.","农民在田里种植水稻。","source:ai-generated"
"plantation","This plantation has large cotton fields.","这个种植园有大片的棉花田。","source:ai-generated"
"plaster","He plastered the injured leg.","他用石膏固定了受伤的腿。","source:ai-generated"
"plastic","This plastic toy can be molded into various shapes.","这个塑料玩具可以被塑造成各种形状。","source:ai-generated"
"plate","She placed the silver plate on the table.","她把银盘子放在桌上。","source:ai-generated"
"plateau","This mountain peak is located on a plateau.","这座山峰位于高原上。","source:ai-generated"
"platform","We can find a discussion platform online.","我们可以在网上找到一个讨论平台。","source:ai-generated"
"plausible","His explanation sounds plausible.","他的说法听起来很合乎逻辑。","source:ai-generated"
"play","The children are playing hide and seek.","孩子们在玩捉迷藏游戏。","source:ai-generated"
"player","He is a football player.","他是一名足球比赛的运动员。","source:ai-generated"
"playground","The playground is where children play.","运动场是孩子们玩耍的地方。","source:ai-generated"
"plea","He made a plea for forgiveness to the judge.","他向法官恳求宽恕。","source:ai-generated"
"plead","He pleaded for his innocence in court.","他在法庭上为自己辩护。","source:ai-generated"
"pleasant","The weather today is pleasant.","今天的天气很愉快。","source:ai-generated"
"please","Please help me complete this task.","请帮我完成这个任务。","source:ai-generated"
"pleasure","His smile brought him great pleasure.","他的微笑让他感到非常高兴。","source:ai-generated"
"plentiful","This region has plentiful resources.","这个地区资源非常丰富。","source:ai-generated"
"plenty","He has plenty of resources.","他有足够多的资源。","source:ai-generated"
"plot","This plot of land is used for growing vegetables.","这块小土地被用来种植蔬菜。","source:ai-generated"
"plough","He ploughed the entire field.","他用犁耕种了整片田地。","source:ai-generated"
"pluck","She plucked a small thorn with courage.","她勇敢地拔出一根细小的刺。","source:ai-generated"
"plug","He plugged the pipe with a stopper.","他把塞子塞进水管里。","source:ai-generated"
"plump","He plumped down heavily from the height.","他突然从高处跳下，重重地摔在地上。","source:ai-generated"
"plunder","He plundered all the people's belongings.","他抢走了所有人的财物。","source:ai-generated"
"plunge","He plunged into the swimming pool.","他跳进游泳池里。","source:ai-generated"
"plural","The plural form of these items is their multiple versions.","这些物品的复数形式是它们的多个版本。","source:ai-generated"
"plus","Two plus three equals five.","二加三等于五。","source:ai-generated"
"plutocrat","The plutocrat funded a new public library.","这位财阀为新建的公共图书馆提供了资金。","source:ai-generated"
"pneumatic","The mechanic used a pneumatic wrench to loosen the bolts.","机械师用气动扳手拧松了螺栓。","source:ai-generated"
"pocket","I put my phone in my pocket so I can access it anytime.","我将手机放进口袋里，这样就能随时取用。","source:ai-generated"
"poem","This poem expresses a deep love for nature.","这首诗表达了对自然的深深热爱。","source:ai-generated"
"poet","He is a renowned poet whose works are widely loved by readers.","他是一位著名的诗人，作品广受读者喜爱。","source:ai-generated"
"point","This key point must be clearly pointed out during the discussion.","这个关键点需要在讨论中明确指出。","source:ai-generated"
"poison","He accidentally ingested poisonous mushrooms, resulting in poisoning.","他不小心误食了有毒的蘑菇，导致中毒。","source:ai-generated"
"polarity","The polarity of this drug affects how quickly it is absorbed in the body.","这种药物的极性会影响其在体内的吸收速度。","source:ai-generated"
"police","Police patrol the streets to maintain public order.","警察在街头巡逻以维持治安。","source:ai-generated"
"policeman","He is a policeman responsible for community security.","他是一名负责社区安全的警察。","source:ai-generated"
"policy","The government has implemented a new environmental policy to reduce pollution.","政府实施了新的环保政策以减少污染。","source:ai-generated"
"polite","She is always very polite to strangers.","她对陌生人总是非常有礼貌。","source:ai-generated"
"political","This political event involves multiple political parties.","这个政治活动涉及多个政党。","source:ai-generated"
"politician","He is a politician active in Congress.","他是一位在国会中活跃的政客。","source:ai-generated"
"politics","Politics is the core area of state governance.","政治是国家治理的核心领域。","source:ai-generated"
"poll","The poll showed that most voters support the policy.","这次民意测验显示，大多数选民支持该政策。","source:ai-generated"
"pollute","The factory's wastewater severely pollutes the nearby river.","工厂排放的废水严重污染了附近的河流。","source:ai-generated"
"pollution","Air pollution is one of the most common environmental issues in cities.","空气污染是城市中最常见的环境问题之一。","source:ai-generated"
"polymer","Plastics are made from polymers.","塑料是由聚合物制成的。","source:ai-generated"
"pond","There are several frogs swimming in the pond.","池塘里有几只青蛙在游泳。","source:ai-generated"
"ponder","He is pondering the solution to this problem.","他正在思考这个问题的解决方案。","source:ai-generated"
"pool","The village's water pool is a public pool.","这个水塘是村里的公共池","source:ai-generated"
"poor","This poor child is very pitiable.","这个穷孩子很可怜。","source:ai-generated"
"pop","The gunshot popped loudly.","枪声砰地响起","source:ai-generated"
"popular","Popular music is widely enjoyed.","流行音乐很受欢迎","source:ai-generated"
"popularity","The popularity of pop music is high.","流行音乐的受欢迎程度","source:ai-generated"
"population","The city's population is 1 million.","城市人口数量","source:ai-generated"
"porcelain","These porcelain are made from kaolin.","这些瓷器是用高岭土烧制而成的。","source:ai-generated"
"pore","The pores on the skin are the smallest openings that help regulate body temperature and eliminate waste.","皮肤上的毛孔是人体最微小的开口，它们负责调节体温和排出废物。","source:ai-generated"
"pork","Pork is a common source of protein.","猪肉是常见的蛋白质来源。","source:ai-generated"
"porridge","Porridge is a common breakfast food for Chinese people.","粥是中国人早餐常见的食物","source:ai-generated"
"port","The port is the main channel for goods to enter and exit.","港口是货物进出的主要通道。","source:ai-generated"
"portable","This portable device can be easily carried.","这个便携式设备可以轻松携带。","source:ai-generated"
"porter","The porter is responsible for managing people entering and exiting.","门房负责管理进出的人员。","source:ai-generated"
"portion","He got a small portion of food.","他分到了一小份食物。","source:ai-generated"
"portrait","This portrait depicts the external features of a person.","这幅肖像画展示了人物的外貌特征。","source:ai-generated"
"portray","The painter portrayed the portrait of the person with a brush.","画家用画笔描绘了人物的肖像。","source:ai-generated"
"portuguese","Portuguese is the official language of Portugal.","葡萄牙语是葡萄牙的官方语言。","source:ai-generated"
"position","His position is the head of the company department.","他的职位是公司部门的负责人。","source:ai-generated"
"positively","He positively supports this decision.","他明确地表示了对这个决定的支持。","source:ai-generated"
"possession","The land he possesses is his only possession.","他拥有的那块土地是他的唯一财产。","source:ai-generated"
"possibility","Success is a possibility in this situation.","这种情况下，成功是可能的。","source:ai-generated"
"possible","This plan is possible technically.","这个方案在技术上是可行的。","source:ai-generated"
"possibly","He may arrive tomorrow possibly.","他可能在明天到达。","source:ai-generated"
"post","He posts the letters to the post office.","他把信件投递到邮局。","source:ai-generated"
"postage","This letter requires postage.","这封信需要支付邮资。","source:ai-generated"
"postal","This service is postal.","这个服务是邮政的。","source:ai-generated"
"poster","The poster displays the latest movie promotion information.","海报上印着最新的电影宣传信息","source:ai-generated"
"postman","The postman delivers mail every morning.","邮递员每天早上送信","source:ai-generated"
"postpone","We decided to postpone the meeting until next week.","我们决定把会议推迟到下周","source:ai-generated"
"postulate","This theory postulates a fundamental assumption.","这个理论提出了一个基本假设","source:ai-generated"
"posture","He adopted a confident posture.","他摆出一个自信的姿势","source:ai-generated"
"pot","She boiled the potatoes in a large pot.","她在一个大锅里煮土豆。","source:ai-generated"
"potato","Potato is one of the common vegetables.","土豆是常见的蔬菜之一","source:ai-generated"
"poultry","The farm has chickens and ducks as poultry.","农场里有鸡和鸭等家禽","source:ai-generated"
"pound","He punched the opponent's chest with a heavy pound.","他用拳头重击了对手的胸口。","source:ai-generated"
"pour","The heavy rain poured down, washing the streets.","暴雨倾泻而下，冲刷着街道。","source:ai-generated"
"powder","She wrote the formula on the blackboard with chalk powder.","她用粉笔在黑板上写下了公式。","source:ai-generated"
"power","This new device requires powerful electrical power.","这个新设备需要强大的电力支持。","source:ai-generated"
"powerful","His speech was powerful, deeply moving the audience.","他的演讲充满力量，让听众深受感动。","source:ai-generated"
"practicable","This plan is technically practicable.","这个方案在技术上是可行的。","source:ai-generated"
"practical","He chose a practical solution.","他选择了一种实用的解决方案。","source:ai-generated"
"practically","Practically, this method has been very effective.","实际上，这个方法已经很有效了。","source:ai-generated"
"practice","I practice English speaking every day.","我每天坚持练习英语口语。","source:ai-generated"
"practise","He practises his profession in a hospital.","他选择在医院实习作为职业实践。","source:ai-generated"
"prairie","This prairie is the natural habitat for cattle.","这片大草原是牛群的天然栖息地。","source:ai-generated"
"praise","The teacher praised the student's excellent performance.","老师对学生的优秀表现给予了高度赞扬。","source:ai-generated"
"pray","She prays every night with devotion.","她每天晚上都会虔诚地祈祷。","source:ai-generated"
"prayer","Morning prayer is a mandatory practice for Christians.","晨间祷告是基督徒每日的必修功课。","source:ai-generated"
"precaution","To ensure safety, we took precautions.","为了安全起见，我们采取了预防措施。","source:ai-generated"
"precede","Before the meeting starts, the host precedes with an opening speech.","会议开始前，主持人会先进行开场白。","source:ai-generated"
"preceding","Please read the preceding chapter before class.","请在上课前阅读前一章。","source:ai-generated"
"precipitate","Adding the reagent caused the dissolved mineral to precipitate out of the solution.","加入试剂后，溶解的矿物从溶液中析出。","source:ai-generated"
"precision","The technician measured the gap with great precision.","技术人员非常精确地测量了这道缝隙。","source:ai-generated"
"preclude","A damaged permit could preclude the team from entering the site.","许可证受损可能会使团队无法进入现场。","source:ai-generated"
"predestine","Some myths say that fate predestined the hero for a difficult journey.","有些神话说，命运注定英雄要经历一段艰难的旅程。","source:ai-generated"
"prediction","Her prediction about the storm proved accurate.","她对风暴的预测被证明是准确的。","source:ai-generated"
"predominant","Blue is the predominant color in the painting.","蓝色是这幅画中的主色调。","source:ai-generated"
"predominantly","The audience was predominantly made up of local families.","观众主要由当地家庭组成。","source:ai-generated"
"predominate","Small businesses predominate in this part of the city.","这座城市的这个区域以小企业为主。","source:ai-generated"
"preface","The author explains the book's purpose in the preface.","作者在序言中解释了这本书的写作目的。","source:ai-generated"
"prefer","I prefer blue over red.","我更喜欢用蓝色而不是红色。","source:ai-generated"
"preference","He has a preference for coffee over tea.","他有偏好选择，比如更喜欢咖啡而不是茶。","source:ai-generated"
"pregnancy","During pregnancy, women need to pay special attention to their nutrition intake.","怀孕期间，女性需要特别注意营养摄入。","source:ai-generated"
"pregnant","She is pregnant with her first child.","她怀着第一个孩子。","source:ai-generated"
"preliminary","The team held a preliminary meeting before starting the project.","项目开始前，团队召开了一次初步会议。","source:ai-generated"
"premium","The policy requires a monthly premium.","这份保险要求每月缴纳保费。","source:ai-generated"
"preparation","I need to make thorough preparation.","我需要提前做好充分的准备。","source:ai-generated"
"prepare","She is preparing for tomorrow's speech.","她正在为明天的演讲做准备。","source:ai-generated"
"preposition","In English, prepositions are crucial for connecting sentence components.","在英语中，介词是连接句子成分的重要部分。","source:ai-generated"
"prerequisite","All prerequisites must be met before starting the project.","完成这个项目前，必须满足所有先决条件。","source:ai-generated"
"prescribe","The doctor prescribed a medicine.","医生开了一张处方药。","source:ai-generated"
"presence","His presence makes the meeting more lively.","他的出席让会议更加生动。","source:ai-generated"
"present","He is presenting a new project.","他正在为新项目做介绍。","source:ai-generated"
"presently","Presently, we are discussing this issue.","目前，我们正在讨论这个问题。","source:ai-generated"
"preservation","The museum uses scientific methods to preserve artifacts for long-term preservation.","博物馆通过科学方法保存文物以确保其长期保存。","source:ai-generated"
"preset","The smartphone's preset mode allows for pre-configured common functions.","手机的预设模式可以提前设置好常用功能。","source:ai-generated"
"preside","The chairperson presides over the meeting to ensure smooth discussions.","会议主席负责主持会议并确保讨论顺利进行。","source:ai-generated"
"presidency","The president's executive authority is determined by the scope of the presidency.","美国总统的行政权力由总统职位的职责范围决定。","source:ai-generated"
"president","The company president is responsible for decision-making and leading the team within the board.","公司董事长在董事会中负责决策和领导团队。","source:ai-generated"
"press","The media press builds public opinion and influences perspectives through pressure.","新闻媒体通过压力建立舆论并影响公众观点。","source:ai-generated"
"presumably","Based on the available evidence, this incident presumably stems from internal personnel.","根据现有证据，这起事件很可能由内部人员引起。","source:ai-generated"
"presume","He presumed his colleague would help, but in reality, he received no support.","他擅自认为同事会帮忙，但实际并未得到支持。","source:ai-generated"
"pretend","He pretended to be a rich man to cheat people.","他假装自己是富人来骗取钱财。","source:ai-generated"
"pretty","The girl is pretty.","这个女孩长得非常漂亮。","source:ai-generated"
"prevailing","The prevailing music style nowadays is electronic music.","目前最流行的音乐风格是电子音乐。","source:ai-generated"
"prevalence","This disease has a high prevalence in the population.","这种疾病在人口中普遍存在。","source:ai-generated"
"prevent","We can prevent diseases by exercising.","我们可以通过锻炼来预防疾病。","source:ai-generated"
"prevention","A healthy lifestyle helps in disease prevention.","健康的生活方式有助于疾病预防。","source:ai-generated"
"preview","We had a preview of the movie before its release.","电影上映前，我们先进行了一次预览。","source:ai-generated"
"previously","Previously, he was very busy.","之前，他一直很忙。","source:ai-generated"
"price","The price of this product is 50 yuan.","这个商品的价格是50元。","source:ai-generated"
"prick","He was pricked by a needle and felt a sharp pain.","他被针尖刺了一下，感到一阵刺痛。","source:ai-generated"
"pride","His pride made him overly confident in the competition.","他的骄傲让他在比赛中表现得过于自信。","source:ai-generated"
"primate","Primates include monkeys and humans.","灵长类动物包括猴子和人类。","source:ai-generated"
"prince","This prince is the youngest heir to the kingdom.","这位王子是王国中最年轻的继承人。","source:ai-generated"
"princess","The princess lived happily in the castle.","公主在城堡里过着幸福的生活。","source:ai-generated"
"principally","The collection consists principally of books donated by local families.","这批藏品主要由当地家庭捐赠的书籍组成。","source:ai-generated"
"print","The printer is printing a report.","打印机正在打印一份报告。","source:ai-generated"
"printer","The printer in the office made a buzzing sound.","打印机在办公室里发出嗡嗡的声响。","source:ai-generated"
"prior","The prior was our top priority.","这位小隐修院院长是我们的优先考虑对象。","source:ai-generated"
"prism","The prism splits sunlight into seven colors.","这个棱镜将阳光分解成七种颜色。","source:ai-generated"
"prison","This prison holds hundreds of prisoners.","这座监狱关押了数百名囚犯。","source:ai-generated"
"prisoner","The prisoner was closely guarded by the guards in the prison.","这位囚犯在监狱里被警卫严密看守。","source:ai-generated"
"private","This private cottage is nestled deep in the forest.","这个私人的小屋坐落在森林深处。","source:ai-generated"
"prize","The prize made the children excited.","这个奖品让孩子们兴奋不已。","source:ai-generated"
"probable","Rain is probable this afternoon, so take an umbrella.","今天下午可能会下雨，所以带把伞吧。","source:ai-generated"
"probably","He is probably nearby.","他可能在附近。","source:ai-generated"
"problem","This math problem is a tough challenge.","这个数学题是个难题。","source:ai-generated"
"proceed","We proceed forward.","我们继续前进。","source:ai-generated"
"proceeding","The conference is proceeding.","会议正在进行中。","source:ai-generated"
"proceedings","The conference proceedings have been compiled.","会议记录已整理完毕。","source:ai-generated"
"procession","The procession moves slowly.","游行队伍缓缓前行。","source:ai-generated"
"proclaim","He proclaimed the new policy.","他宣布了新政策。","source:ai-generated"
"produce","The factory produces a large amount of products daily.","工厂每天生产大量产品。","source:ai-generated"
"producer","This company is the main producer.","这个公司是主要的生产者。","source:ai-generated"
"product","This smartphone is the latest product.","这款手机是最新款的产品。","source:ai-generated"
"production","The production process in the factory requires strict quality control.","工厂的生产过程需要严格的质量控制。","source:ai-generated"
"productivity","Improving productivity is key to business development.","提高生产力是企业发展的关键。","source:ai-generated"
"profess","He professes that he is an expert in this field.","他声称自己是这个领域的专家。","source:ai-generated"
"professor","Professor Li is the president of this university.","李教授是这所大学的校长。","source:ai-generated"
"proficiency","His English proficiency is very high.","他的英语熟练程度很高。","source:ai-generated"
"proficient","She is a proficient programmer.","她是一位精通编程的专家。","source:ai-generated"
"profile","She updated her professional profile before applying for the job.","申请工作前，她更新了自己的职业简介。","source:ai-generated"
"profit","The shop made a small profit during its first year.","这家商店第一年略有盈利。","source:ai-generated"
"program","The school started a reading program for young children.","学校为年幼的孩子开设了一项阅读计划。","source:ai-generated"
"progress","The project made steady progress throughout the summer.","整个夏天，这个项目都在稳步推进。","source:ai-generated"
"prohibition","The prohibition on smoking keeps the station entrance clear.","禁止吸烟的规定让车站入口保持通畅。","source:ai-generated"
"projecting","A projecting branch blocked part of the narrow path.","一根凸出的树枝挡住了狭窄小路的一部分。","source:ai-generated"
"projector","The teacher used a projector to display the map.","老师用投影仪展示了地图。","source:ai-generated"
"prolong","Regular maintenance can prolong the life of a car.","定期保养可以延长汽车的使用寿命。","source:ai-generated"
"prominence","The prominence of this mountain peak is clearly visible on the map.","这个山峰的突出部分在地图上清晰可见。","source:ai-generated"
"promise","He promised to complete this project next week.","他承诺会在下周完成这个项目。","source:ai-generated"
"promotion","The company recently conducted a round of promotions and incentive activities.","公司最近进行了新一轮的晋升和激励活动。","source:ai-generated"
"prompt","The system prompt sound immediately rings when the user operates.","系统提示音在用户操作时立即响起。","source:ai-generated"
"promptly","She completed the task promptly, showing very timely performance.","她迅速完成了任务，表现得非常及时。","source:ai-generated"
"pronoun","The teacher asked us to find the pronoun in the sentence.","老师让我们找出句子中的代词。","source:ai-generated"
"pronounce","The teacher requires students to pronounce each word correctly.","老师要求学生正确发音每个单词。","source:ai-generated"
"pronunciation","Correct pronunciation is a key part of language learning.","正确的发音是语言学习的关键部分。","source:ai-generated"
"propagate","This bacteria propagates disease rapidly.","这种细菌通过快速繁殖来传播疾病。","source:ai-generated"
"propagation","This plant's propagation occurs through asexual reproduction.","这种植物的繁殖方式是通过无性繁殖进行的。","source:ai-generated"
"propel","The rocket engine propels the spacecraft into space.","火箭引擎通过推进剂将飞船推向太空。","source:ai-generated"
"propeller","The propeller on the ship helps move the vessel through water.","船上的螺旋桨帮助船只在水中前进。","source:ai-generated"
"proper","He wore a proper suit to attend the formal meeting.","他穿着得体的西装参加正式会议。","source:ai-generated"
"properly","She properly completed the task.","她正确地完成了这项任务。","source:ai-generated"
"prophecy","The prophet's prophecy was widely celebrated in ancient times.","先知的预言在古代被广泛传颂。","source:ai-generated"
"prophet","Moses was a prophet in Judaism.","摩西是犹太教中的一位先知。","source:ai-generated"
"proportion","The proportion is 1:2.","这个比例是1:2","source:ai-generated"
"proportional","This proportion is proportional.","这个比例是相称的","source:ai-generated"
"proposal","He submitted a new proposal.","他提交了一个新提案","source:ai-generated"
"propose","She proposed that we travel tomorrow.","她提议我们明天去旅行","source:ai-generated"
"propulsion","The propulsion of the rocket comes from fuel combustion.","火箭的推进力来自燃料燃烧","source:ai-generated"
"prosecute","The police are prosecuting the suspect.","警方正在起诉嫌疑人","source:ai-generated"
"prospect","This area has a good prospect.","这片区域有良好的前景","source:ai-generated"
"prospective","This candidate is prospective.","这位候选人是未来的希望","source:ai-generated"
"prosperity","Economic prosperity is a key factor in national development.","经济繁荣是国家发展的关键因素","source:ai-generated"
"protect","Police need to protect the safety of citizens.","警察需要保护市民的安全","source:ai-generated"
"protection","The company has implemented new data protection measures.","公司实施了新的数据保护措施","source:ai-generated"
"protective","This material has a protective coating.","这种材料具有保护性涂层","source:ai-generated"
"protein","Protein is an essential nutrient for the human body.","蛋白质是人体必需的营养素","source:ai-generated"
"protend","He protended his arm to grab an object far away.","他伸出手臂试图抓住远处的物体","source:ai-generated"
"proton","A proton is a fundamental particle in the nucleus of an atom.","质子是原子核中的基本粒子","source:ai-generated"
"prototype","Engineers created a prototype machine to test the product.","工程师制作了产品的原型机进行测试","source:ai-generated"
"proud","He felt very proud of his achievements.","他因为自己的成就而感到非常骄傲。","source:ai-generated"
"prove","This experiment proves the correctness of the new theory.","这个实验可以证明新理论的正确性。","source:ai-generated"
"proverb","‘Early birds catch worms’ is a common proverb.","‘早起的鸟儿有虫吃’是一句常见的谚语。","source:ai-generated"
"provide","The government provided the disaster-stricken areas with urgently needed supplies.","政府为灾区提供了急需的物资。","source:ai-generated"
"province","Provence, a province in France, is a famous tourist destination.","法国的普罗旺斯省是著名的旅游胜地。","source:ai-generated"
"provision","The army requires sufficient food and equipment as provisions.","军队需要充足的粮食和装备作为后勤保障。","source:ai-generated"
"provocative","His words were highly provocative and could easily lead to conflicts.","他的言辞极具挑拨性，容易引发冲突。","source:ai-generated"
"provost","The provost is responsible for overseeing teaching and student affairs.","学校校长负责监督教学和学生事务。","source:ai-generated"
"prudent","He is very prudent, always thinking carefully before acting.","他做事非常审慎，总是三思而后行。","source:ai-generated"
"psychology","Psychology is the scientific study of human behavior and mental processes.","心理学是研究人类心理活动的科学。","source:ai-generated"
"public","This event is open to the public, and anyone can participate.","这个活动面向公众开放，任何人都可以参加。","source:ai-generated"
"publication","The publication of the new book sold out quickly after it was listed in the bookstore.","新书的出版物在书店上架后很快售罄。","source:ai-generated"
"publicity","The company uses media publicity to increase brand awareness.","公司通过媒体宣传来提高品牌知名度。","source:ai-generated"
"publish","The publishing house officially publishes and distributes the new book.","出版社将新书正式出版并发行。","source:ai-generated"
"puff","He took a deep breath and puffed out a cloud of smoke.","他用力一吸，喷出一阵烟雾。","source:ai-generated"
"pull","He pulled on the rope to drag the heavy object to the shore.","他用力拉住绳子，把重物拖到岸边。","source:ai-generated"
"pulley","A pulley is a simple machine used to change the direction of force.","滑轮是起重机中用来改变力的方向的装置","source:ai-generated"
"pulse","His pulse quickened after intense exercise.","他的脉搏在剧烈运动后变得很快","source:ai-generated"
"pump","The water pump requires regular maintenance to function properly.","水井的抽水机需要定期维护以确保正常工作","source:ai-generated"
"punch","He punched the opponent's ribs with his fist.","他用拳头猛击对手的肋骨","source:ai-generated"
"punctual","She is always punctual to the meeting location.","她总是准时到达会议地点","source:ai-generated"
"punish","The teacher punished the student severely for cheating.","老师因为学生作弊而严厉惩罚了他","source:ai-generated"
"punishment","The school's punishment for cheating students is to write a self-criticism letter.","学校对作弊学生的处罚是写检讨书","source:ai-generated"
"pupil","The elementary school pupil listens carefully in class.","小学生在课堂上认真听讲","source:ai-generated"
"puppet","This puppet is controlled by someone else.","这个木偶是被别人操纵的傀儡。","source:ai-generated"
"puppy","This puppy is a young dog.","那只小狗是刚出生的小狗。","source:ai-generated"
"pure","The water is pure, with no impurities.","水是纯净的，没有杂质。","source:ai-generated"
"purely","He purely believes in this theory.","他纯粹地相信这个理论。","source:ai-generated"
"purify","The doctor purifies water to treat patients.","医生用净化水来治疗病人。","source:ai-generated"
"purity","Purity is the highest standard of morality.","纯净是道德的最高标准。","source:ai-generated"
"purple","Purple is the color symbolizing royalty.","紫色是帝王的象征颜色。","source:ai-generated"
"purpose","The main purpose of this project is to improve efficiency.","这个项目的主要目的是提高效率。","source:ai-generated"
"purse","He placed his purse on the table.","他把钱包放在桌子上。","source:ai-generated"
"push","He pushed open the door.","他用力推开了门。","source:ai-generated"
"put","She put the book on the table.","她把书放在桌子上。","source:ai-generated"
"puzzle","This problem is difficult to solve, making me puzzled.","这个问题很难解决，让我很困惑。","source:ai-generated"
"pyjamas","He put on his pyjamas to go to sleep.","他穿上睡衣裤准备睡觉。","source:ai-generated"
"qualification","He needs to pass the qualification exam to get a job.","他需要通过资格考试才能获得工作。","source:ai-generated"
"qualify","She qualified for the teaching position after passing the exam.","她通过了资格考试，现在有资格当老师。","source:ai-generated"
"qualitative","This study provides qualitative results.","这个研究提供了定性分析的结果。","source:ai-generated"
"quality","The quality of this material is very excellent.","这种材料的品质非常优良。","source:ai-generated"
"quantify","We need to quantify this phenomenon with data.","我们需要用数据来量化这个现象。","source:ai-generated"
"quantitative","This research involves a large amount of quantitative analysis.","这个研究涉及大量定量分析。","source:ai-generated"
"quantity","He needs to purchase a sufficient quantity of goods.","他需要购买足够的数量的商品。","source:ai-generated"
"quarrel","They had a quarrel over work issues.","他们因为工作问题发生了争吵。","source:ai-generated"
"quarter","This quarter's sales are higher than last quarter's.","这个季度的销售额比上季度高。","source:ai-generated"
"quarterly","The company releases a financial report quarterly.","公司每季度发布一次财务报告。","source:ai-generated"
"quartz","Quartz is a common mineral in the Earth's crust.","石英是地壳中常见的矿物。","source:ai-generated"
"queen","The queen elegantly held the silver plate at the dinner party.","王后在晚宴上优雅地端着银盘。","source:ai-generated"
"question","He asked a simple question about the weather.","他提出了一个关于天气的简单问题。","source:ai-generated"
"questionable","The credibility of this evidence is questionable.","这个证据的可信度值得怀疑。","source:ai-generated"
"questionnaire","The company distributed a new employee questionnaire.","公司发放了新的员工问卷调查表。","source:ai-generated"
"queue","While queuing, people patiently waited in line.","排队时，人们耐心地等待着。","source:ai-generated"
"quick","He is quick and can solve problems rapidly.","他反应很快，能迅速解决问题。","source:ai-generated"
"quicken","Exercise quickens blood circulation and makes the body more active.","运动能加快血液循环，使身体更活跃。","source:ai-generated"
"quickly","She quickly finished the task.","她迅速完成了任务。","source:ai-generated"
"quiet","He is now quite quiet, sitting by the window reading.","他现在很安静，坐在窗边看书。","source:ai-generated"
"quilt","Mom covered my small bed with the new quilt.","妈妈用新买的棉被盖住了我的小床。","source:ai-generated"
"quit","He decided to quit and pursue his own dreams.","他决定辞职，去追求自己的梦想。","source:ai-generated"
"quite","This question is quite simple and doesn't require much thought.","这个问题相当简单，不需要太多思考。","source:ai-generated"
"quiver","A gentle breeze caused the leaves to quiver.","微风吹过，树叶轻轻颤抖。","source:ai-generated"
"quiz","The teacher conducted a short quiz in class.","老师在课堂上进行了一次小测验。","source:ai-generated"
"quota","The company set sales quotas for each department.","公司为每个部门设定了销售配额。","source:ai-generated"
"quotation","The quotation listed the prices of all products.","报价单上列出了所有产品的价格。","source:ai-generated"
"quote","He quoted a sentence from the Analects to support his argument.","他引用了《论语》中的一句话来支持自己的观点。","source:ai-generated"
"rabbit","Rabbits are among the most commonly hunted animals.","兔子是猎人最常追逐的动物之一。","source:ai-generated"
"race","They participated in the school's short race competition.","他们参加了学校组织的短跑比赛。","source:ai-generated"
"rack","This rack is used to hold luggage during travel.","这个行李架可以用来放置旅行时的物品。","source:ai-generated"
"radar","The radar system can detect aircraft at a distance.","雷达系统能够探测到远处的飞机。","source:ai-generated"
"radial","The sunlight radiates outward in radial directions from the sun's center.","太阳的光线以径向的方式从中心辐射出去。","source:ai-generated"
"radiant","She looked radiant in the morning sunlight.","她在晨光中显得容光焕发。","source:ai-generated"
"radiate","The sun's heat radiates to the Earth's surface.","太阳的热量通过辐射的方式散发到地球表面。","source:ai-generated"
"radiation","Solar radiation is the primary energy source that Earth receives.","太阳辐射是地球接收的主要能量来源。","source:ai-generated"
"radiator","The car radiator cools the engine to prevent overheating.","汽车散热器通过冷却发动机来防止过热。","source:ai-generated"
"radio","He listened to the latest news broadcast using a radio.","他用收音机听到了最新的新闻广播。","source:ai-generated"
"radioactive","This material is radioactive and requires special handling.","这种材料具有放射性，需要特殊处理。","source:ai-generated"
"radioactivity","Nuclear reactors emit harmful radiation due to radioactivity.","核反应堆的放射性会释放有害辐射。","source:ai-generated"
"radish","Mom bought a radish, but the child prefers small radishes.","妈妈买了红萝卜，但孩子更喜欢小萝卜。","source:ai-generated"
"radium","Radium is a radioactive element that was once used to treat cancer.","镭是一种放射性元素，曾用于治疗癌症。","source:ai-generated"
"rag","He wiped the stains off the table with a rag.","他用破布擦掉了桌子上的污渍。","source:ai-generated"
"rage","His rage suddenly erupted, causing chaos throughout the room.","他的愤怒情绪突然爆发，让整个房间都陷入了混乱。","source:ai-generated"
"raid","The police raided the criminal gang's hideout.","警察突袭了犯罪团伙的藏身地。","source:ai-generated"
"rail","He used a rail to enclose a piece of land.","他用横杆围起了一片空地。","source:ai-generated"
"railroad","The train runs on the railroad tracks.","火车沿着铁路轨道行驶。","source:ai-generated"
"railway","This railway is an important link connecting the cities.","这条铁路是连接城市的重要通道。","source:ai-generated"
"rain","Rain began to fall in the sky.","天空中飘起了细雨。","source:ai-generated"
"rainbow","A colorful rainbow appeared in the sky after the rain.","雨后天边出现了一道七彩的彩虹。","source:ai-generated"
"rainforest","The Amazon rainforest is the largest rainforest on Earth.","亚马逊雨林是地球上最大的雨林。","source:ai-generated"
"rainy","It's rainy today, with heavy rain all over.","今天天气很湿，到处都是雨水。","source:ai-generated"
"raise","He raised the child from the ground.","他用力把孩子从地上扶起来。","source:ai-generated"
"raisin","I bought a bag of raisins as a snack.","我买了袋葡萄干当零食。","source:ai-generated"
"rake","He raked the fallen leaves to one side.","他用耙子把落叶扫到一边。","source:ai-generated"
"rally","The fans gathered outside the stadium to rally for their team.","球迷们在球场外聚集，准备为球队加油。","source:ai-generated"
"ramble","He rambled while walking, chatting aimlessly.","他边走边漫无目的地闲逛，聊着天。","source:ai-generated"
"ranch","He runs a large ranch.","他经营着一片广阔的牧场。","source:ai-generated"
"range","The elevation range of these mountains varies from 1000 to 3000 meters.","这些山峰的海拔范围从1000米到3000米不等。","source:ai-generated"
"rape","The criminal was arrested for rape.","这名罪犯因强奸被捕。","source:ai-generated"
"rapid","The river has a rapid current.","这条河的水流湍急。","source:ai-generated"
"rapidity","The rapidity of the internet has transformed communication.","互联网的迅速发展改变了沟通方式。","source:ai-generated"
"rapidly","She ran rapidly across the field.","她快速地跑过田野。","source:ai-generated"
"rapture","The children's rapture at the birthday party was evident.","孩子们在生日派对上的狂喜显而易见。","source:ai-generated"
"rare","This rare bird is a protected species.","这种稀有鸟类是受保护的物种。","source:ai-generated"
"rascal","The rascal stole the wallet from the shop.","这个小混蛋从商店偷走了钱包。","source:ai-generated"
"rat","He is a rat who betrays his friends.","他是个背叛朋友的卑鄙小人。","source:ai-generated"
"rate","The interest rate on the loan is 5%.","贷款的利率是5%。","source:ai-generated"
"rather","I rather prefer tea than coffee.","我更喜欢喝茶而不是咖啡。","source:ai-generated"
"rating","The company's new product rating is 4 stars.","该公司新产品评分为4星","source:ai-generated"
"ratio","The ratio of boys to girls in the class is 3:2.","班级中男生与女生的比例是3:2","source:ai-generated"
"rattle","The rattle makes a loud noise when shaken.","摇晃拨浪鼓时会发出响亮的声音","source:ai-generated"
"raw","The raw meat needs to be cooked before eating.","生肉在食用前需要煮熟","source:ai-generated"
"ray","The sun's rays shine brightly on the grass.","阳光照耀在草地上","source:ai-generated"
"razor","He uses a razor to shave his face.","他用剃刀刮脸","source:ai-generated"
"reach","The cat reached for the bird on the tree.","猫伸爪子去够树上的鸟","source:ai-generated"
"react","The metal reacts with acid to produce hydrogen gas.","金属与酸反应会产生氢气","source:ai-generated"
"reactor","The nuclear reactor produces energy from nuclear fission.","核反应堆通过核裂变产生能量。","source:ai-generated"
"read","She read a book carefully to understand the complex ideas.","她仔细阅读一本书以理解其中复杂的概念。","source:ai-generated"
"reader","The newspaper reader is a device that scans text for accessibility.","报纸阅读器是一种扫描文本以实现无障碍的设备。","source:ai-generated"
"reading","Reading helps improve vocabulary and comprehension skills.","阅读有助于提高词汇量和理解能力。","source:ai-generated"
"ready","The team is ready to start the competition.","团队已准备好开始比赛。","source:ai-generated"
"real","The real problem is that the system is too complex.","真正的问题是系统过于复杂。","source:ai-generated"
"reality","The reality of the situation is that resources are limited.","实际情况是资源有限。","source:ai-generated"
"realization","His realization of the mistake led to immediate correction.","他意识到错误后立即进行了纠正。","source:ai-generated"
"realize","I realized the mistake after reviewing the report.","我仔细审阅报告后意识到错误。","source:ai-generated"
"really","She really loves her family.","她真的爱她的家人。","source:ai-generated"
"realm","The business realm is expanding rapidly.","商业领域正在快速扩张。","source:ai-generated"
"rear","The farmer rears cattle in the fields.","农民在田野里饲养牲畜。","source:ai-generated"
"reason","He gave a reasonable reason for his absence.","他给出了缺席的合理理由。","source:ai-generated"
"reasonable","The solution is reasonable and practical.","这个解决方案既合理又实用。","source:ai-generated"
"reassure","The teacher reassured the students about the exam.","老师向学生们保证考试不会有问题。","source:ai-generated"
"rebuke","He rebuked the child for being late.","他因为孩子迟到而责备了他。","source:ai-generated"
"receive","I receive a letter from my friend every week.","我每周都收到朋友的信。","source:ai-generated"
"receiver","The receiver of the message is the person who answers the phone.","消息的接收者是接听电话的人。","source:ai-generated"
"recent","The recent economic crisis has affected many countries.","最近的经济危机影响了许多国家。","source:ai-generated"
"recently","I recently moved to a new city.","我最近搬到了一个新的城市。","source:ai-generated"
"reciprocal","The reciprocal relationship between two countries is based on mutual trust.","两国之间的互惠关系建立在相互信任的基础上。","source:ai-generated"
"reclaim","They reclaimed the land from the river after the flood.","洪水后，他们重新夺回了河岸的土地。","source:ai-generated"
"recollect","She recollects the details of the event from her childhood.","她回忆起童年时事件的细节。","source:ai-generated"
"recommend","I recommend this book to my friends because it is very interesting.","我向朋友推荐这本书，因为它非常有趣。","source:ai-generated"
"recommendation","She received a formal recommendation from her supervisor for the new project.","她从上级那里收到一份新项目的正式推荐信。","source:ai-generated"
"reconciliation","After months of conflict, the two parties reached a reconciliation through mediation.","经过数月的争执，双方通过调解达成和解。","source:ai-generated"
"record","The athlete broke the world record in the 100-meter sprint.","这位运动员在100米短跑中打破了世界纪录。","source:ai-generated"
"recorder","The recorder captured the entire meeting in high definition.","录音机完整地以高清格式记录了整个会议。","source:ai-generated"
"recruitment","The military conducted a large-scale recruitment drive to expand its forces.","军队进行大规模征兵以扩充兵力。","source:ai-generated"
"rectangle","The rectangle on the table was the only shape that fit the puzzle piece.","桌面上的长方形是唯一能嵌入拼图块的形状。","source:ai-generated"
"rectangular","The room is rectangular and has a large window on one side.","房间是矩形的，一侧有大窗户。","source:ai-generated"
"rectify","The teacher asked the student to rectify his mistakes in the math test.","老师要求学生改正数学测验中的错误。","source:ai-generated"
"recur","The disease recurred after the treatment.","治疗后疾病复发了。","source:ai-generated"
"recurrence","The recurrence of the fever was a sign of infection.","发热的复发是感染的征兆。","source:ai-generated"
"red","The apple is red.","苹果是红色的。","source:ai-generated"
"reduce","We need to reduce the amount of sugar.","我们需要减少糖的量。","source:ai-generated"
"reduction","The reduction in price was significant.","价格的大幅下降很显著。","source:ai-generated"
"reed","He used a reed to make a flute.","他用芦苇制作了一支笛子。","source:ai-generated"
"reef","The ship ran aground on a reef.","船搁浅在暗礁上。","source:ai-generated"
"refer","Please refer to the manual for instructions.","请参考手册获取说明。","source:ai-generated"
"refine","She refined her speech to make it more eloquent.","她将演讲精炼得更加流畅","source:ai-generated"
"refinery","The refinery processes crude oil into gasoline.","炼油厂将原油加工成汽油","source:ai-generated"
"reflection","The reflection of the moon in the lake was beautiful.","湖中月亮的倒影非常美丽","source:ai-generated"
"reflexion","The reflexion of light off the mirror is clear.","镜子反射的光线非常清晰","source:ai-generated"
"refreshment","After a long meeting, she took a sip of water for refreshment.","长时间会议后，她喝了一口水来提神。","source:ai-generated"
"refrigerator","The refrigerator keeps the food cold.","冰箱将食物保持在低温状态","source:ai-generated"
"refugee","The refugee family sought shelter in the temporary camp.","难民家庭在临时营地寻求庇护","source:ai-generated"
"refuse","He refused to eat the food that was contaminated.","他拒绝食用被污染的食物","source:ai-generated"
"regard","I regard your advice as very valuable.","我将你的建议视为非常有价值。","source:ai-generated"
"regarding","The report is regarding the project's progress.","报告涉及项目的进展。","source:ai-generated"
"regardless","We will proceed regardless of the weather.","不管天气如何，我们都会继续前进。","source:ai-generated"
"regenerate","The plant regenerates its cells after injury.","植物在受伤后会再生细胞。","source:ai-generated"
"regenerative","The regenerative process helps the skin heal.","再生过程有助于皮肤愈合。","source:ai-generated"
"regiment","The regiment marched to the front line.","这个团向前线行进。","source:ai-generated"
"regret","I regret to inform you that the meeting is canceled.","我遗憾地通知您会议已取消。","source:ai-generated"
"regular","She has a regular habit of reading books.","她有定期阅读书籍的习惯。","source:ai-generated"
"regularity","The regularity of the train schedule ensures timely arrivals.","列车时刻表的规律性确保了准时到达。","source:ai-generated"
"regularly","She exercises regularly to maintain her health.","她定期锻炼以保持健康。","source:ai-generated"
"regulate","The government regulates the use of social media platforms.","政府监管社交媒体平台的使用。","source:ai-generated"
"reimburse","The company reimburses employees for travel expenses.","公司报销员工的差旅费用。","source:ai-generated"
"rein","The horse's reins were pulled tight to control its speed.","马的缰绳被拉紧以控制其速度。","source:ai-generated"
"reinforce","The new policy reinforces community trust in the government.","新政策加强了民众对政府的信任。","source:ai-generated"
"reject","The committee rejected the proposal due to insufficient evidence.","委员会因证据不足而否决了该提案。","source:ai-generated"
"rejection","The rejection letter explained the reasons for the application denial.","拒信详细说明了申请被拒的原因。","source:ai-generated"
"rejuvenate","The new treatment rejuvenates the patient's energy levels.","这种新疗法能恢复病人的精力水平。","source:ai-generated"
"relate","She relates her childhood experiences to the current events.","她将童年经历与当前事件联系起来。","source:ai-generated"
"relation","The business relation with the client is crucial for success.","与客户的关系对成功至关重要。","source:ai-generated"
"relationship","A healthy relationship requires trust and communication.","健康的关系需要信任和沟通。","source:ai-generated"
"relatively","The project is relatively simple to implement.","该项目相对容易实施。","source:ai-generated"
"relativity","Einstein's theory of relativity explains the behavior of space and time.","爱因斯坦的相对论解释了时空的行为。","source:ai-generated"
"relax","After a long day, he decided to relax by reading a book.","工作一天后，他决定通过读书来放松。","source:ai-generated"
"relay","The relay race involves four runners passing a baton.","接力赛需要四名选手传递接力棒。","source:ai-generated"
"relegate","The company decided to relegate the project to a later date.","公司决定将该项目推迟到以后。","source:ai-generated"
"reliability","The new system has high reliability for critical operations.","该新系统对关键操作具有高可靠性。","source:ai-generated"
"reliance","Her success depends on strong reliance on her team's expertise.","她的成功取决于对团队专业知识的充分信赖。","source:ai-generated"
"relish","She relishes the taste of fresh strawberries in summer.","她喜欢夏天新鲜草莓的滋味。","source:ai-generated"
"remainder","The remainder of the cake was shared equally among the children.","蛋糕的剩余部分被孩子们平均分食。","source:ai-generated"
"remains","The ancient remains of the civilization were discovered by archaeologists.","考古学家发现了这一文明的遗迹。","source:ai-generated"
"remark","He made a remarkable remark about the economic situation.","他对经济状况做出了一个引人注目的评论。","source:ai-generated"
"remarkable","The discovery of the new species is truly remarkable.","新物种的发现确实令人瞩目。","source:ai-generated"
"remember","I remember the day we first met.","我第一次见面的那天，我记起来了。","source:ai-generated"
"remind","Can you remind me to buy milk tomorrow?","你能提醒我明天买牛奶吗？","source:ai-generated"
"remnant","The remnant of the ancient civilization was found in the ruins.","考古学家在废墟中发现了古代文明的残余。","source:ai-generated"
"removal","The removal of the old building was completed last week.","旧建筑的拆除工作上周就完成了。","source:ai-generated"
"remove","She removed the book from the shelf and placed it on the table.","她把书从书架上取下来放在桌子上。","source:ai-generated"
"render","The company will render a report on the project's progress.","公司将提交一份关于项目进展的报告。","source:ai-generated"
"renew","We renewed our subscription to the streaming service.","我们重新续订了流媒体服务的订阅。","source:ai-generated"
"renovation","The renovation of the house took two months to complete.","房子的翻新工程用了两个月才完成。","source:ai-generated"
"rent","The monthly rent for the apartment is $1,200.","这套公寓的月租金是1200美元。","source:ai-generated"
"repair","I need to repair the broken laptop.","我需要修理损坏的笔记本电脑。","source:ai-generated"
"repeal","The government repealed the outdated law.","政府废除了过时的法律。","source:ai-generated"
"repeat","Please repeat the instruction clearly.","请清晰地重复这道指令。","source:ai-generated"
"repeatedly","She repeated the question repeatedly.","她反复地重复了这个问题。","source:ai-generated"
"repel","The strong wind repelled the intruders.","强劲的风将入侵者驱逐出去。","source:ai-generated"
"repent","He repented for his careless actions.","他为自己的粗心行为感到懊悔。","source:ai-generated"
"repetition","The repetition of the phrase helped him remember it.","这句话的重复帮助他记住了它。","source:ai-generated"
"replace","She replaced the broken toy with a new one.","她用一个新的玩具替换了破损的玩具。","source:ai-generated"
"replacement","The replacement part was installed successfully.","替换零件成功安装。","source:ai-generated"
"reply","He replied to the email with a simple 'Yes'.","他用简单的‘是’回复了这封邮件。","source:ai-generated"
"report","The teacher reported the student's homework to the principal.","老师向校长报告了学生的作业。","source:ai-generated"
"reporter","The reporter asked questions about the election.","记者就选举问题提问。","source:ai-generated"
"representation","The software uses a specific representation for data.","该软件使用特定的表示法来处理数据。","source:ai-generated"
"representative","The representative from the city council spoke at the meeting.","市议会的代表在会议上发言。","source:ai-generated"
"repression","The government used repression to maintain order.","政府通过镇压来维持秩序。","source:ai-generated"
"reproach","She reproached him for his careless mistake.","她责备他粗心的错误。","source:ai-generated"
"reproduce","The scientist successfully reproduced the experiment.","科学家成功地复制了这个实验。","source:ai-generated"
"reproduction","The reproduction of the animal is a complex process.","动物的繁殖是一个复杂的过程。","source:ai-generated"
"reptile","Snakes are common reptiles in the desert.","沙漠中常见的爬行动物是蛇。","source:ai-generated"
"republic","France is a republic with a president.","法国是一个有总统的共和国。","source:ai-generated"
"republican","He is a republican who supports democratic reforms.","他是支持民主改革的共和主义者。","source:ai-generated"
"request","Please request the manager for additional resources.","请向经理申请额外资源。","source:ai-generated"
"require","The project requires careful planning.","该项目需要仔细的规划。","source:ai-generated"
"requirement","The project has strict requirements for data security.","该项目对数据安全有严格要求。","source:ai-generated"
"requisite","A requisite for success is consistent effort.","成功的一个必要条件是持续的努力。","source:ai-generated"
"rescue","The firefighters rescued the trapped children from the burning building.","消防员从燃烧的建筑物中救出了被困的孩子。","source:ai-generated"
"research","She conducted extensive research on climate change.","她对气候变化进行了广泛的研究。","source:ai-generated"
"researcher","The researcher presented her findings at the conference.","这位研究人员在会议上展示了她的研究成果。","source:ai-generated"
"resemble","The new design resembles the old one in structure.","新设计在结构上与旧设计相似。","source:ai-generated"
"resentment","His resentment towards the unfair treatment grew over time.","他对不公平待遇的怨恨随着时间的推移而加剧。","source:ai-generated"
"reservoir","The reservoir provides water for the town's daily needs.","水库为镇上的日常用水需求提供保障。","source:ai-generated"
"reside","She resides in a small village near the mountains.","她住在山脚下的一个小村庄。","source:ai-generated"
"residence","The apartment serves as his primary residence.","这间公寓是他主要的住所。","source:ai-generated"
"resident","As a resident of this city, he has access to local services.","作为这座城市的居民，他可以使用当地的服务。","source:ai-generated"
"residual","After the storm, only residual water remained in the river.","风暴过后，河中只剩下少量残留的水。","source:ai-generated"
"resignation","He submitted his resignation letter to the manager.","他向经理提交了辞职信。","source:ai-generated"
"resist","The metal wire can resist high temperatures.","金属线可以抵抗高温。","source:ai-generated"
"resistance","The material shows high resistance to corrosion.","这种材料具有很强的抗腐蚀性。","source:ai-generated"
"resistant","The plastic is resistant to both heat and chemicals.","这种塑料既耐热又耐化学腐蚀。","source:ai-generated"
"resolute","She made a resolute decision to quit the job.","她下定决心辞去工作。","source:ai-generated"
"resolution","The company's resolution to improve customer service was clear.","公司改善客户服务的坚定决心十分明确。","source:ai-generated"
"resonance","The sound of the bell produced a strong resonance in the cathedral.","教堂里钟声产生了强烈的共鸣。","source:ai-generated"
"resource","We need to find a new resource for the project.","我们需要为项目找到新的资源。","source:ai-generated"
"respect","He showed respect for his elders by listening carefully.","他通过认真倾听来尊敬长辈。","source:ai-generated"
"respectable","The report was a respectable achievement for the team.","这份报告是团队值得尊敬的成就。","source:ai-generated"
"respectful","She is a respectful person who always treats others with kindness.","她是一个有礼貌的人，总是以善意对待他人。","source:ai-generated"
"respectively","The team leader, the manager, and the assistant each handled their responsibilities respectively.","团队负责人、经理和助理各自负责自己的职责。","source:ai-generated"
"responsibility","She took full responsibility for the project's success.","她对项目成功负全责。","source:ai-generated"
"rest","After a long day, he needed a rest.","工作一天后，他需要休息。","source:ai-generated"
"restaurant","We ate dinner at a cozy restaurant near the park.","我们在公园附近一家温馨的餐馆吃了晚餐。","source:ai-generated"
"restless","The child was restless and couldn't sleep.","孩子不安分，睡不着觉。","source:ai-generated"
"restore","The doctor will restore the patient's vision after surgery.","医生在手术后将恢复患者的视力。","source:ai-generated"
"restraint","The teacher used restraint to keep the students calm.","老师用克制来让同学们保持冷静。","source:ai-generated"
"restrict","The company restricts the use of social media during work hours.","公司规定工作时间不得使用社交媒体。","source:ai-generated"
"restriction","The law imposes strict restrictions on vehicle emissions.","该法律对车辆排放实施严格限制。","source:ai-generated"
"result","The final exam result was unexpected.","最终考试结果出人意料。","source:ai-generated"
"resultant","The resultant force is the vector sum of all forces.","合力是所有力的矢量和。","source:ai-generated"
"retail","She sells fruits at the local retail store.","她在当地的零售店出售水果。","source:ai-generated"
"retain","He retained his job despite the company's financial difficulties.","尽管公司财务困难，他仍保留了工作。","source:ai-generated"
"retard","The cold weather retarded the progress of the construction.","寒冷天气延缓了工程进度。","source:ai-generated"
"retell","The teacher asked the students to retell the story in their own words.","老师要求学生用自己的话复述这个故事。","source:ai-generated"
"retention","The high retention rate indicates strong customer loyalty.","高留存率表明客户忠诚度强。","source:ai-generated"
"retire","After 30 years of service, he retired from the military.","服役30年后，他从军队中退役。","source:ai-generated"
"retirement","The retirement of the new policy was announced last week.","新政策的退休方案上周已宣布。","source:ai-generated"
"retort","The retort was the first thing she thought of when she heard the news.","听到消息后，她首先想到的就是这个反驳。","source:ai-generated"
"retreat","The army retreated to the mountains after the battle.","战败后，军队退入山中。","source:ai-generated"
"retrieve","He retrieved the lost keys from under the couch.","他从沙发下找回了丢失的钥匙。","source:ai-generated"
"retrospect","The retrospect of the project helped us understand its flaws better.","该项目的回顾帮助我们更清楚地发现了其缺陷。","source:ai-generated"
"return","Please return the book to the library by tomorrow.","请明天前将书归还到图书馆。","source:ai-generated"
"revelation","The sudden revelation about the secret plan shocked everyone.","关于秘密计划的突然揭露让所有人震惊。","source:ai-generated"
"review","She reviewed her notes before the exam.","考试前她复习了笔记。","source:ai-generated"
"revise","The teacher asked the students to revise their essays before the presentation.","老师要求学生在演讲前修改他们的文章。","source:ai-generated"
"revision","The company submitted a detailed revision of the project plan to the client.","公司向客户提交了项目计划的详细修订版。","source:ai-generated"
"revolt","The workers revolted against the unfair working conditions.","工人对不公平的工作条件进行了反抗。","source:ai-generated"
"revolution","The French Revolution was a major political transformation in European history.","法国大革命是欧洲历史上的一次重大政治变革。","source:ai-generated"
"rib","He used his rib to make a joke about the situation.","他用一个笑话来调侃当前的情况。","source:ai-generated"
"ribbon","She tied a red ribbon around the gift box.","她用一条红色丝带系在礼物盒上。","source:ai-generated"
"rice","We eat rice for breakfast every day.","我们每天早餐都吃米饭。","source:ai-generated"
"rich","She is a rich woman with a large inheritance.","她是一位继承了大量财产的富有的人。","source:ai-generated"
"rid","The government decided to rid the country of corruption.","政府决定清除国家内的腐败","source:ai-generated"
"riddle","He solved the riddle by guessing the answer.","他通过猜测答案解开了谜题","source:ai-generated"
"ride","She took a ride in the car with her friends.","她和朋友们一起坐车出行","source:ai-generated"
"rider","The rider on the horse was very skilled.","骑马的骑手非常熟练","source:ai-generated"
"ridge","The mountain ridge runs along the river.","山脊沿着河流延伸","source:ai-generated"
"ridicule","He was ridiculed for his unusual behavior.","他因为行为怪异而被嘲笑","source:ai-generated"
"rifle","The detective used a rifle to shoot the suspect.","侦探用步枪射击嫌疑人","source:ai-generated"
"rig","The team rigged the game to ensure victory.","球队操纵比赛以确保胜利","source:ai-generated"
"right","He has the right to vote.","他有投票的权利。","source:ai-generated"
"rigid","The rules are rigid and strict.","规则非常严格和僵硬。","source:ai-generated"
"ring","The bell rings loudly.","钟声响得很响。","source:ai-generated"
"rinse","Rinse the vegetables with water.","用水冲洗蔬菜。","source:ai-generated"
"riot","The city was in riot after the protest.","抗议后城市陷入暴动。","source:ai-generated"
"rip","The paper was ripped by the wind.","纸被风吹得撕裂了。","source:ai-generated"
"ripe","The apples are ripe and ready to eat.","苹果已经成熟，可以吃了。","source:ai-generated"
"ripen","The fruit will ripen in a few days.","水果几天后就会成熟。","source:ai-generated"
"ripple","The water created small ripples on the pond's surface.","水面产生了小波纹。","source:ai-generated"
"rise","The sun rose above the horizon.","太阳升起在地平线上。","source:ai-generated"
"risk","Taking a risk can lead to great rewards.","冒险可能带来巨大的回报。","source:ai-generated"
"rivalry","The two companies are in fierce rivalry over market share.","这两家公司就市场份额展开了激烈的竞争。","source:ai-generated"
"river","The river flows through the city.","这条河流经这座城市。","source:ai-generated"
"road","We took a shortcut through the forest road.","我们穿过森林小路走捷径。","source:ai-generated"
"roam","The children roamed the park after school.","放学后，孩子们在公园里漫游。","source:ai-generated"
"roar","The lion roared loudly in the jungle.","狮子在丛林中发出震耳欲聋的吼声。","source:ai-generated"
"roast","She roasted the chicken in the oven.","她用烤箱烤鸡","source:ai-generated"
"rob","The thief robbed the bank at night.","小偷在夜间抢劫银行","source:ai-generated"
"robber","The police caught a robber in the park.","警察在公园里抓住了一个小偷","source:ai-generated"
"robbery","The robbery happened last week.","上周发生了抢劫案","source:ai-generated"
"robe","He wore a long robe to the ceremony.","他穿了一件长袍参加仪式","source:ai-generated"
"robot","The robot helped the workers in the factory.","机器人在工厂里帮助工人","source:ai-generated"
"rock","The boat rocked on the rough sea.","船在汹涌的海浪中摇晃","source:ai-generated"
"rocket","The rocket launched into space.","火箭升入太空","source:ai-generated"
"rod","He used a fishing rod to catch fish.","他用鱼竿钓鱼。","source:ai-generated"
"role","The actor played a supporting role in the movie.","演员在电影中饰演了配角。","source:ai-generated"
"roll","The ball rolled down the hill.","球滚下山坡。","source:ai-generated"
"roller","The roller used for road construction is heavy.","用于道路施工的滚筒很重。","source:ai-generated"
"roman","The roman was a brave soldier.","这位罗马人是一位勇敢的士兵。","source:ai-generated"
"romantic","She has a romantic view of life.","她对生活有着浪漫的看法。","source:ai-generated"
"roof","We need to repair the roof of the house.","我们需要修理房子的屋顶。","source:ai-generated"
"room","There is enough room in the classroom for all students.","教室里有足够的空间供所有学生使用。","source:ai-generated"
"rooster","The rooster crowed loudly at dawn.","公鸡在黎明时分大声啼叫。","source:ai-generated"
"root","The plant's root system anchors it firmly in the soil.","植物的根系将其牢固地固定在土壤中。","source:ai-generated"
"rope","She tied the rope around the tree to secure the flag.","她用绳子绕在树上固定旗帜。","source:ai-generated"
"rose","The sun rose over the mountains in the morning.","太阳在早晨从山巅升起。","source:ai-generated"
"rotary","The rotary phone system allows multiple calls to be handled simultaneously.","旋转电话系统可以同时处理多个通话。","source:ai-generated"
"rotate","The Earth rotates on its axis once every 24 hours.","地球每24小时绕其轴心自转一周。","source:ai-generated"
"rotation","The rotation of the Earth causes day and night cycles.","地球的自转导致了昼夜交替。","source:ai-generated"
"rotten","The fruit was so rotten that it couldn't be eaten.","这水果腐烂得无法食用。","source:ai-generated"
"rough","The rough texture of the stone makes it difficult to carve.","石头粗糙的质地使其难以雕刻。","source:ai-generated"
"roughly","She estimated the cost roughly.","她大致估算了一下费用。","source:ai-generated"
"round","The round table was perfect for family gatherings.","圆桌非常适合家庭聚会。","source:ai-generated"
"roundabout","The roundabout helps reduce traffic congestion.","环形交叉口有助于减少交通拥堵。","source:ai-generated"
"rouse","He roused the sleeping children with a gentle shake.","他轻轻摇晃着唤醒了睡着的孩子。","source:ai-generated"
"route","The best route to the city center is via the highway.","前往市中心的最佳路线是通过高速公路。","source:ai-generated"
"row","The row of houses along the river looks beautiful.","河岸上排排的房屋看起来很美。","source:ai-generated"
"royal","The royal family has a long history in this country.","王室在这个国家有着悠久的历史。","source:ai-generated"
"rub","He rubbed his hands together to warm them up.","他搓着手取暖。","source:ai-generated"
"rubber","She used rubber bands to tie the hair together.","她用橡皮筋把头发绑在一起。","source:ai-generated"
"rubbish","The trash in the bin is all rubbish.","垃圾桶里的垃圾全是废品。","source:ai-generated"
"ruby","The gemstone is a deep red ruby.","这颗宝石是一颗深红色的红宝石。","source:ai-generated"
"rude","He is a rude person who never listens.","他是个粗鲁的人，从不听别人说话。","source:ai-generated"
"rug","She laid a rug on the floor.","她把地毯铺在地板上。","source:ai-generated"
"rule","The teacher ruled that the exam must be taken.","老师规定考试必须参加。","source:ai-generated"
"ruler","He uses a ruler to draw straight lines.","他用尺子画直线。","source:ai-generated"
"rumour","The spread of the rumour caused panic in the town.","谣言在镇上引发了恐慌。","source:ai-generated"
"run","She runs every morning to stay fit.","她每天早晨跑步以保持健康。","source:ai-generated"
"runner","The marathon runner finished the race with a smile.","马拉松选手微笑着完成了比赛。","source:ai-generated"
"rupture","The sudden rupture of the dam led to a flood.","大坝突然破裂导致洪水。","source:ai-generated"
"rural","The rural area has a quiet atmosphere.","乡村地区氛围宁静。","source:ai-generated"
"rush","He rushed to the store to buy milk.","他急忙冲到商店买牛奶。","source:ai-generated"
"russian","The Russian language is spoken in many countries.","俄语在许多国家被使用。","source:ai-generated"
"rust","The iron door rusted after being left outside.","铁门被留在外面后生锈了。","source:ai-generated"
"rusty","The rusty chain hanging from the old fence was difficult to open.","挂在旧围栏上的生锈链条很难打开。","source:ai-generated"
"ruthless","She was ruthless in her approach to business deals.","她在商业谈判中表现得极其无情。","source:ai-generated"
"sack","The police officer quickly sacked the stolen goods into a bag.","警察迅速将偷来的物品装进麻布袋。","source:ai-generated"
"sad","He felt sad after losing his job.","他失业后感到忧愁。","source:ai-generated"
"saddle","The horse was saddled with a new saddle before the ride.","骑马前，马被套上新的马鞍。","source:ai-generated"
"sadly","She sadly waved goodbye to her friend.","她悲伤地向朋友挥手道别。","source:ai-generated"
"sadness","His sadness was evident from the tear-stained face.","他悲伤的表情从泪痕斑斑的脸上清晰可见。","source:ai-generated"
"safe","The bank vault is safe and secure for storing valuable items.","银行保险箱安全可靠，适合存放贵重物品。","source:ai-generated"
"safeguard","The government implemented new safeguards to protect citizens from cyber threats.","政府实施了新的保护措施，以防止公民遭受网络威胁。","source:ai-generated"
"safely","She walked to school safely without any accidents.","她安全地步行去学校，没有发生任何事故。","source:ai-generated"
"safety","The company prioritizes employee safety by providing protective gear.","公司通过提供防护装备来优先保障员工的安全。","source:ai-generated"
"sail","The sailors sailed the ship across the ocean.","水手们驾船横跨海洋。","source:ai-generated"
"sailor","A sailor on the deck was repairing the damaged sails.","甲板上的水手正在修理损坏的船帆。","source:ai-generated"
"saint","The saint's story inspired many people to live a virtuous life.","这位圣徒的故事激励许多人过着道德的生活。","source:ai-generated"
"salad","I made a fresh salad with mixed vegetables.","我用混合蔬菜做了一道新鲜沙拉。","source:ai-generated"
"salary","He received a salary increase after completing the project successfully.","他在成功完成项目后获得了加薪。","source:ai-generated"
"sale","The store had a big sale on electronics.","这家商店正在举办电子产品大促销活动。","source:ai-generated"
"salesman","The salesman helped me find the right product.","这位售货员帮我找到了合适的产品。","source:ai-generated"
"salmon","Salmon is a popular fish for grilling.","鲑鱼是烧烤时很受欢迎的鱼类。","source:ai-generated"
"salt","Add salt to the soup to make it taste better.","在汤里加盐以使其味道更佳。","source:ai-generated"
"salute","He gave a salute to his team members.","他向他的团队成员行礼。","source:ai-generated"
"same","We have the same interest in hiking.","我们对徒步旅行有相同的兴趣。","source:ai-generated"
"sand","The beach was covered with fine sand.","海滩上覆盖着细腻的沙子。","source:ai-generated"
"sandwich","I made a sandwich with bread and ham.","我用面包和火腿做了一个三明治。","source:ai-generated"
"sandy","The beach was sandy and warm for a summer day.","这天的海滩沙质松软且温暖。","source:ai-generated"
"sardine","We caught a big sardine while fishing.","我们钓鱼时捕到了一条大沙丁鱼。","source:ai-generated"
"satellite","The satellite orbits the Earth every 90 minutes.","这颗卫星每90分钟绕地球一圈。","source:ai-generated"
"satisfaction","She felt satisfaction after completing her project.","她完成项目后感到满意。","source:ai-generated"
"satisfactorily","He solved the problem satisfactorily.","他解决了这个问题，很令人满意。","source:ai-generated"
"satisfactory","The results were satisfactory for the team.","团队对结果感到满意。","source:ai-generated"
"satisfy","The teacher satisfied the students with a good explanation.","老师用一个很好的解释让同学们满意。","source:ai-generated"
"saturate","The soil was saturated with water after the heavy rain.","暴雨后，土壤被水完全浸透。","source:ai-generated"
"saturation","The water reached chemical saturation after prolonged exposure to the ocean.","水在长时间接触海洋后达到化学饱和状态。","source:ai-generated"
"saturday","We usually have a family gathering on Saturday.","我们通常在星期六举行家庭聚会。","source:ai-generated"
"saturn","Saturn is the sixth planet from the Sun.","土星是太阳系中距离太阳第六颗行星。","source:ai-generated"
"sauce","She added a splash of soy sauce to the stir-fried vegetables.","她往炒蔬菜中加入了一点酱油。","source:ai-generated"
"saucer","The saucer holds the tea leaves for the cup.","茶碟用来盛放茶杯中的茶叶。","source:ai-generated"
"sausage","He bought a fresh sausage for the barbecue.","他买了新鲜香肠用于烧烤。","source:ai-generated"
"savage","The savage behavior of the animals was observed in the forest.","在森林中观察到动物的野蛮行为。","source:ai-generated"
"save","Save the file before closing the application.","关闭应用程序前请保存文件。","source:ai-generated"
"saving","She opened her bank account for saving money.","她为存钱开了银行账户。","source:ai-generated"
"saw","He used a saw to cut the wood.","他用锯子锯木头。","source:ai-generated"
"say","I say that the sky is blue.","我说天空是蓝色的。","source:ai-generated"
"scan","The robot scans the documents quickly.","机器人快速扫描文件。","source:ai-generated"
"scarce","Water is scarce in this desert.","在这片沙漠中，水很稀缺。","source:ai-generated"
"scarcely","He scarcely ever goes to the movies.","他几乎从不看电影。","source:ai-generated"
"scarcity","The scarcity of water caused droughts.","水的短缺导致了干旱。","source:ai-generated"
"scare","The loud noise scared the cat.","巨大的声响吓到了猫。","source:ai-generated"
"scarf","She wore a red scarf around her neck.","她把红色围巾绕在脖子上。","source:ai-generated"
"scarlet","The flowers were a vibrant scarlet color.","这些花呈现出鲜艳的猩红色。","source:ai-generated"
"scene","The movie scene showed a bustling city street.","电影场景中展现了一条繁忙的城市街道。","source:ai-generated"
"scenery","The mountain scenery was breathtaking.","山景令人叹为观止。","source:ai-generated"
"sceptical","He was sceptical about the new plan's success.","他对新计划的成功持怀疑态度。","source:ai-generated"
"scholar","The scholar wrote a famous book on philosophy.","这位学者写了一本关于哲学的著名著作。","source:ai-generated"
"scholarship","She received a scholarship for her outstanding academic performance.","她因优异的学业表现获得了奖学金。","source:ai-generated"
"school","The fish school swam in a coordinated pattern.","这群鱼成群地游动，形成整齐的队形。","source:ai-generated"
"science","The study of the natural world is called science.","研究自然界的学问称为科学。","source:ai-generated"
"scientific","The scientific method helps us understand the universe.","科学方法帮助我们理解宇宙。","source:ai-generated"
"scientist","She is a scientist who studies the human brain.","她是一名研究人脑的科学家。","source:ai-generated"
"scissors","I use scissors to cut paper.","我用剪刀剪纸。","source:ai-generated"
"scoff","He scoffed at the idea of flying cars.","他对飞行汽车的想法嗤之以鼻。","source:ai-generated"
"scold","The teacher scolded the student for cheating.","老师因为作弊责骂了学生。","source:ai-generated"
"scorch","The sun scorched the grass on the field.","太阳把田地里的草晒焦了。","source:ai-generated"
"scorn","He showed scorn for his friend's success.","他对朋友的成功表现出轻蔑。","source:ai-generated"
"scout","The military scout checked the enemy's position.","军事侦察员检查了敌人的位置。","source:ai-generated"
"scramble","The team scrambled to finish the project before the deadline.","团队在截止日期前匆忙完成项目。","source:ai-generated"
"scream","The child screamed in pain when the bee stung him.","当蜜蜂蜇到他时，孩子尖叫着疼痛。","source:ai-generated"
"screen","The movie was screened at the cinema this evening.","这部电影今晚在电影院放映。","source:ai-generated"
"script","The writer finished the script for the new play.","作家完成了新话剧的剧本。","source:ai-generated"
"scripture","The Bible is the most important scripture for Christians.","《圣经》是基督徒最重要的经典。","source:ai-generated"
"scrub","She scrubbed the kitchen floor with a sponge.","她用海绵用力擦洗厨房地板。","source:ai-generated"
"scrutiny","The committee conducted a thorough scrutiny of the proposal.","委员会对这项提案进行了详细审查。","source:ai-generated"
"sculpture","The ancient sculpture was discovered in the museum.","这件古代雕塑在博物馆中被发现。","source:ai-generated"
"sea","The sea is vast and beautiful.","海浩瀚而美丽。","source:ai-generated"
"seal","He sealed the document with a red wax stamp.","他用红色印泥盖章封存了文件。","source:ai-generated"
"seam","The seam on the shirt is visible.","衬衫上的缝线是可见的。","source:ai-generated"
"seaman","The seaman was experienced in handling ships.","这位水手在驾驶船只方面经验丰富。","source:ai-generated"
"seaport","The seaport is a busy hub for international trade.","海港是国际贸易的繁忙枢纽。","source:ai-generated"
"search","The police searched the house for evidence.","警方搜查了房子以寻找证据。","source:ai-generated"
"seaside","We went to the seaside for a relaxing vacation.","我们去海边度过了一个放松的假期。","source:ai-generated"
"season","The autumn season brings cool temperatures and crisp air.","秋天带来凉爽的气温和清新的空气。","source:ai-generated"
"seat","Please seat the guest in the front row.","请将客人安排在前排座位。","source:ai-generated"
"second","He is the second in command.","他是第二指挥官。","source:ai-generated"
"second-hand","She bought a second-hand bicycle from the market.","她在市场买了一辆二手自行车。","source:ai-generated"
"secondary","The secondary school is for students aged 11 to 16.","中学是为11至16岁学生设立的。","source:ai-generated"
"secondly","First, we need to prepare the materials; secondly, we must check the results.","首先，我们需要准备材料；其次，我们必须检查结果。","source:ai-generated"
"secret","The secret to success is hard work and patience.","成功的秘诀是勤奋和耐心。","source:ai-generated"
"secretary","The new secretary will handle all the administrative tasks.","新秘书将负责所有行政工作。","source:ai-generated"
"section","The company divided the report into three sections for clarity.","公司为了清晰将报告分为三个部分。","source:ai-generated"
"sector","The business sector is growing rapidly due to technological advancements.","由于技术进步，商业部门正在快速扩张。","source:ai-generated"
"secure","She secured a job offer after months of job searching.","在几个月的求职后，她获得了工作录用通知。","source:ai-generated"
"sedentary","He has a sedentary lifestyle that causes health issues.","他久坐的生活方式导致健康问题。","source:ai-generated"
"see","I see the problem with your approach.","我看到你方法的问题。","source:ai-generated"
"seed","The farmer planted seeds in the soil to grow crops.","农民将种子种在土壤中以种植作物。","source:ai-generated"
"seek","They seek new opportunities to improve their skills.","他们寻求新的机会来提升技能。","source:ai-generated"
"seem","The weather seems to be improving today.","今天的天气似乎在好转。","source:ai-generated"
"seemingly","The house seems to be seemingly empty.","房子看起来似乎空无一人。","source:ai-generated"
"segment","The segment of the road was damaged by the storm.","道路的这一段被风暴损坏了。","source:ai-generated"
"segregate","The government decided to segregate the population into different groups.","政府决定将人口分为不同的群体。","source:ai-generated"
"seize","He seized the opportunity to start a new business.","他抓住机会开始一家新公司。","source:ai-generated"
"seldom","She seldom goes to the park on weekends.","她很少在周末去公园。","source:ai-generated"
"select","The teacher selected the best students for the competition.","老师选出了参加比赛的优秀学生。","source:ai-generated"
"selection","The book has a selection of short stories.","这本书包含一些短篇故事。","source:ai-generated"
"self","The self-replicating machine works without external help.","这种自我复制的机器无需外部帮助即可运行。","source:ai-generated"
"selfish","She is selfish and only cares about her own interests.","她自私，只关心自己的利益。","source:ai-generated"
"sell","He sold his old car for a good price.","他以高价卖掉了旧车。","source:ai-generated"
"seller","The seller at the market is very friendly.","市场上的卖家非常友好。","source:ai-generated"
"semiconductor","Semiconductors are used in electronic devices.","半导体用于电子设备中。","source:ai-generated"
"seminar","The company organized a seminar on new technology.","公司组织了一场关于新技术的研讨会。","source:ai-generated"
"seminate","The seeds seminate in the soil after the rain.","雨后，种子在土壤中发芽。","source:ai-generated"
"senate","The US Senate has 100 members.","美国参议院有100名成员。","source:ai-generated"
"send","Please send me an email as soon as possible.","请尽快发邮件给我。","source:ai-generated"
"senior","She is a senior student in the university.","她在大学里是高年级学生。","source:ai-generated"
"sense","He has a strong sense of direction.","他有很强的方向感。","source:ai-generated"
"senseless","The child was senseless after the accident.","事故后，孩子失去了知觉。","source:ai-generated"
"sensitivity","The device has high sensitivity to vibrations.","该设备对振动非常敏感。","source:ai-generated"
"sensor","The car uses a sensor to detect obstacles.","汽车使用传感器来检测障碍物。","source:ai-generated"
"sentence","The judge sentenced the thief to five years in prison.","法官判处小偷五年有期徒刑。","source:ai-generated"
"separate","They decided to separate the data into two groups.","他们决定将数据分成两组。","source:ai-generated"
"separately","He works separately from his team.","他与团队分开工作。","source:ai-generated"
"separation","The separation of the two countries after the war caused significant economic impact.","战争后两国的分离造成了重大经济影响。","source:ai-generated"
"september","September is the ninth month of the year.","九月是年的第九个月。","source:ai-generated"
"sequence","The sequence of events in the story follows a logical order.","故事中事件的顺序遵循逻辑顺序。","source:ai-generated"
"sergeant","The sergeant led the team through the challenging mission.","警官带领团队完成了艰巨的任务。","source:ai-generated"
"serious","The problem is serious and requires immediate attention.","这个问题很严重，需要立即处理。","source:ai-generated"
"seriously","He spoke seriously about the consequences of the decision.","他严肃地谈到了这项决定的后果。","source:ai-generated"
"sermon","The pastor delivered a long sermon on the importance of faith.","牧师就信仰的重要性做了长达一小时的布道。","source:ai-generated"
"serpent","The serpent in the garden was a symbol of temptation.","花园里的蛇是诱惑的象征。","source:ai-generated"
"servant","The servant helped the elderly woman with her daily tasks.","这位仆人帮这位老人处理日常事务。","source:ai-generated"
"serve","The chef serves the guests with a smile.","厨师带着微笑为客人上菜。","source:ai-generated"
"service","The customer service team resolves issues quickly.","客服团队能快速解决客户问题。","source:ai-generated"
"session","The class session lasted for two hours.","这堂课持续了两个小时。","source:ai-generated"
"set","She set the table for the dinner party.","她为晚宴布置了餐桌。","source:ai-generated"
"setback","The project faced a setback when the budget was cut.","当预算被削减时，该项目遭遇了挫折。","source:ai-generated"
"setting","The setting of the movie is in a small village.","这部电影的背景设定在一个小村庄。","source:ai-generated"
"settlement","After the negotiation, they reached a settlement.","谈判结束后，他们达成了一项和解协议。","source:ai-generated"
"seven","There are seven days in a week.","一周有七天。","source:ai-generated"
"seventeen","She has seventeen years old.","她有十七岁。","source:ai-generated"
"seventh","The seventh day of the week is Sunday.","一周的第七天是星期日。","source:ai-generated"
"seventy","He has seventy dollars in his wallet.","他钱包里有七十美元。","source:ai-generated"
"several","Several students attended the meeting.","几个学生参加了会议。","source:ai-generated"
"severely","The weather is severely cold this winter.","今年冬天天气非常寒冷。","source:ai-generated"
"sew","She sewed a button onto the shirt.","她把纽扣缝在衬衫上。","source:ai-generated"
"sex","Gender and sex are different concepts.","性别和性别的概念不同。","source:ai-generated"
"sexual","The sexual health of both partners is crucial for a long-term relationship.","伴侣双方的性健康对维持长期关系至关重要。","source:ai-generated"
"shade","The tree provides natural shade for the children playing under it.","树为在树下玩耍的孩子们提供天然阴凉。","source:ai-generated"
"shadow","The shadow of the building fell across the street during the afternoon.","建筑物的影子在下午投射在街道上。","source:ai-generated"
"shadowy","The room was shadowy due to the single window.","由于只有一个窗户，房间显得很朦胧。","source:ai-generated"
"shady","The shady corner of the park is perfect for reading.","公园里阴凉的角落是阅读的理想场所。","source:ai-generated"
"shaft","The shaft of light pierced through the clouds.","一道阳光穿透了云层。","source:ai-generated"
"shake","The shake in the car made me feel dizzy.","车里的摇晃让我感到头晕。","source:ai-generated"
"shaky","The bridge was shaky when the wind blew strongly.","当风强劲吹起时，桥显得摇晃不稳。","source:ai-generated"
"shall","You shall receive the gift.","你将收到礼物。","source:ai-generated"
"shallow","The river has a shallow section near the town.","河流在镇附近有一段水浅的地方。","source:ai-generated"
"sham","He used a sham identity to avoid detection.","他使用了一个假身份来避免被发现。","source:ai-generated"
"shame","She felt deep shame after the mistake.","他犯错后感到深深的羞耻。","source:ai-generated"
"shameful","His behavior was shameful.","他的行为很可耻。","source:ai-generated"
"shampoo","I use shampoo to clean my hair.","我用洗发水来洗头发。","source:ai-generated"
"shape","The shape of the cake is round.","蛋糕的形状是圆形的。","source:ai-generated"
"share","We share the same goals.","我们有相同的目标。","source:ai-generated"
"sharp","The knife has a sharp edge.","刀锋很锋利。","source:ai-generated"
"sharpen","He sharpened his pencil with a stone.","他用石头把铅笔削尖了。","source:ai-generated"
"sharply","She spoke sharply to her brother.","她对弟弟说话很严厉。","source:ai-generated"
"shatter","The glass shattered when it hit the floor.","玻璃掉在地上碎了。","source:ai-generated"
"shave","He shaved his face in the morning.","他早上刮了脸。","source:ai-generated"
"she","She is a teacher.","她是老师。","source:ai-generated"
"shear","The farmer sheared the sheep in the field.","农民在田野里剪羊毛。","source:ai-generated"
"sheep","The sheep are grazing in the meadow.","羊在草地上吃草。","source:ai-generated"
"sheet","She placed the clean sheet on the bed.","她把干净的床单放在床上。","source:ai-generated"
"shelf","The books are neatly arranged on the shelf.","书整齐地摆放在架子上。","source:ai-generated"
"shell","The snail has a hard shell.","蜗牛有坚硬的壳。","source:ai-generated"
"shelter","We found shelter under the bridge during the storm.","在暴风雨中，我们在桥下找到了庇护所。","source:ai-generated"
"sheriff","The sheriff arrived at the scene of the crime.","警长赶到犯罪现场。","source:ai-generated"
"shield","He used a shield to protect himself from the attack.","他用盾牌来保护自己免受攻击。","source:ai-generated"
"shift","The workers shifted the heavy boxes to the new location.","工人将重箱子移到了新地点。","source:ai-generated"
"shilling","The old man received two shillings for his work.","老人因工作收到了两先令。","source:ai-generated"
"shine","The sun shines brightly in the morning.","早晨太阳光芒四射。","source:ai-generated"
"ship","She will ship the package tomorrow.","她明天会把包裹寄出。","source:ai-generated"
"shipbuilding","The shipbuilding industry is growing rapidly.","造船业正在迅速发展。","source:ai-generated"
"shipwreck","The shipwreck caused many casualties.","海难导致许多人伤亡。","source:ai-generated"
"shirt","He wore a blue shirt to the party.","他去派对时穿了蓝色衬衫。","source:ai-generated"
"shiver","The cold air made him shiver.","冷空气使他发抖。","source:ai-generated"
"shock","The news shocked everyone.","这个消息让所有人都震惊了。","source:ai-generated"
"shoe","She put on her new shoe.","她穿上新鞋。","source:ai-generated"
"shoot","He shot a picture of the sunset.","他拍摄了日落的照片。","source:ai-generated"
"shop","She went to the shop to buy groceries.","她去商店买杂货。","source:ai-generated"
"shopkeeper","The shopkeeper greeted the customer with a smile.","店主微笑着迎接顾客。","source:ai-generated"
"shopping","They enjoy shopping at the mall on weekends.","他们周末喜欢在商场购物。","source:ai-generated"
"shore","The boat sailed close to the shore.","船靠近海岸航行。","source:ai-generated"
"short","The short story was very engaging.","这个短篇故事非常引人入胜。","source:ai-generated"
"shortage","There is a shortage of medicine in the hospital.","医院里药品短缺。","source:ai-generated"
"shortcoming","His main shortcoming is poor communication skills.","他的主要缺点是沟通能力差。","source:ai-generated"
"shortcut","The fastest way to get to the park is through the shortcut.","去公园最快的方法是走捷径。","source:ai-generated"
"shorten","She shortened the paper by cutting out unnecessary sections.","她通过删去不必要的部分来缩短纸张。","source:ai-generated"
"shortfall","The company's financial shortfall was due to unexpected expenses.","公司财务不足是由于意外支出。","source:ai-generated"
"shorthand","The stenographer used shorthand to quickly write down the meeting notes.","速记员用速记法快速记录会议内容。","source:ai-generated"
"shortly","He explained the problem briefly and shortly.","他简短而迅速地解释了问题。","source:ai-generated"
"shot","He took a quick shot at the target.","他迅速瞄准目标射击。","source:ai-generated"
"should","You should eat vegetables to stay healthy.","你应该吃蔬菜以保持健康。","source:ai-generated"
"shoulder","She carried the heavy bag on her shoulder.","她用肩膀扛着沉重的包。","source:ai-generated"
"shout","She shouted loudly to attract the child's attention.","她大声喊叫以引起孩子的注意。","source:ai-generated"
"shovel","He used a shovel to dig the garden soil.","他用铲子挖花园的土。","source:ai-generated"
"show","The museum shows ancient artifacts for public display.","博物馆向公众展示古代文物。","source:ai-generated"
"shower","The rain shower lasted for an hour.","这场雨下了一小时。","source:ai-generated"
"shrewd","She has a shrewd understanding of human nature.","她对人性有敏锐的洞察力。","source:ai-generated"
"shriek","The dog shrieked in pain when the nail pierced its skin.","当针尖刺入皮肤时，狗发出痛苦的尖叫。","source:ai-generated"
"shrill","The whistle made a shrill sound that was hard to ignore.","哨子发出尖锐的声响，很难忽视。","source:ai-generated"
"shrimp","We caught a small shrimp in the river.","我们在河里抓到一只小虾。","source:ai-generated"
"shrine","The ancient shrine was built to honor the local deity.","这座古老的神龛是供奉当地神灵的。","source:ai-generated"
"shrub","The garden has many shrubs that provide shade.","花园里有许多灌木，能提供阴凉。","source:ai-generated"
"shrug","He shrugged his shoulders when asked about the problem.","当被问及这个问题时，他耸了耸肩。","source:ai-generated"
"shut","She shut the door carefully to avoid making noise.","她小心地关上门，以免发出声响。","source:ai-generated"
"shutter","The camera shutter clicked as the photo was taken.","拍照时，相机快门发出咔嗒声。","source:ai-generated"
"shy","The child was shy and avoided speaking to strangers.","这个孩子胆怯，不愿与陌生人交谈。","source:ai-generated"
"sick","He felt sick after eating the spoiled food.","他吃下变质的食物后感到不适。","source:ai-generated"
"sickness","The doctor diagnosed the patient with a severe sickness.","医生诊断患者患有严重疾病。","source:ai-generated"
"side","The river flows along the side of the mountain.","河流沿着山的侧边流淌。","source:ai-generated"
"sideways","He walked sideways to avoid the crowd.","他侧身走以避开人群。","source:ai-generated"
"siege","The ancient city was under a long siege by the enemy.","这座古城长期被敌人围攻。","source:ai-generated"
"sieve","She used a sieve to separate the grains from the chaff.","她用筛子将谷粒与糠分开。","source:ai-generated"
"sift","The chef sifted the flour to make it light and fluffy.","厨师将面粉过筛以使其轻盈蓬松。","source:ai-generated"
"sigh","She sighed deeply as she thought about her past.","她深深叹了口气，回想起过去。","source:ai-generated"
"sight","The beautiful sight of the sunset made her smile.","日落的美景让她笑了。","source:ai-generated"
"sightseeing","We went sightseeing in the city to see the famous landmarks.","我们去城市观光，参观著名地标。","source:ai-generated"
"sign","The sign on the door says 'Open'.","门上的标志写着‘打开’。","source:ai-generated"
"signature","She left her signature on the document.","她在文件上签了名。","source:ai-generated"
"significance","The significance of the event cannot be ignored.","这次事件的重要性不容忽视。","source:ai-generated"
"silence","He made a sudden silence to avoid noise.","他突然保持沉默以避免噪音。","source:ai-generated"
"silent","The silent movie was a big hit in the 1920s.","无声电影在20世纪20年代大受欢迎。","source:ai-generated"
"silicon","Silicon is a key element in semiconductor technology.","硅是半导体技术中的关键元素。","source:ai-generated"
"silk","The silk dress is very soft and smooth.","这条丝绸裙子非常柔软光滑。","source:ai-generated"
"silly","He is a silly boy who always makes mistakes.","他是个总爱犯错的傻孩子。","source:ai-generated"
"silver","She bought a silver necklace for her birthday.","她生日时买了一条银项链。","source:ai-generated"
"similarity","The similarity between the two theories is their core principles.","这两个理论之间的相似之处在于它们的核心原则。","source:ai-generated"
"similarly","He explained the problem similarly to how he described it earlier.","他解释这个问题的方式与他之前描述的一样。","source:ai-generated"
"simple","The simple solution to the problem is to reduce the number of steps.","解决问题的简单方法是减少步骤数量。","source:ai-generated"
"simplicity","The simplicity of the design makes it easy to understand.","这种设计的简洁性使其易于理解。","source:ai-generated"
"simplify","We can simplify the process by removing unnecessary steps.","我们可以通过删除不必要的步骤来简化这个过程。","source:ai-generated"
"simply","She answered simply.","她简单地回答了。","source:ai-generated"
"simulate","The scientist simulated the experiment using computer models.","科学家使用计算机模型模拟了这个实验。","source:ai-generated"
"simultaneous","The simultaneous signals from the satellites reached the ground station at the same time.","卫星同时发出的信号在同一时间到达地面站。","source:ai-generated"
"simultaneously","She solved the problem simultaneously with her team.","她与团队同时解决了这个问题。","source:ai-generated"
"sin","He committed a sin by lying to his friend.","他通过向朋友撒谎犯了错。","source:ai-generated"
"since","Since it started raining, we decided to stay indoors.","自从开始下雨，我们决定待在室内。","source:ai-generated"
"sincere","She has a sincere smile that makes everyone feel welcome.","她真诚的微笑让每个人感到欢迎。","source:ai-generated"
"sincerity","His sincerity in the conversation showed his genuine interest.","他谈话中的真诚表明了他真正的兴趣。","source:ai-generated"
"sing","The birds sing beautifully in the morning.","鸟儿在早晨美妙地歌唱。","source:ai-generated"
"singer","The singer performed a song at the concert.","这位歌手在演唱会上演唱了一首歌曲。","source:ai-generated"
"single","She bought a single ticket for the concert.","她为音乐会买了一张单程票。","source:ai-generated"
"singular","The singular form of the word is 'cat'.","这个词的单数形式是‘猫’。","source:ai-generated"
"sink","The boat sank in the storm.","船在风暴中沉没了。","source:ai-generated"
"sir","Sir, could you please help me?","先生，请您帮我。","source:ai-generated"
"siren","The siren's loud wail warned the people of danger.","警报器的尖锐鸣叫警告人们有危险。","source:ai-generated"
"sister","My sister helped me with my homework.","我妹妹帮我完成了作业。","source:ai-generated"
"sit","Please sit down and wait for your turn.","请坐下来等你的轮次。","source:ai-generated"
"site","We chose the site for the new building.","我们为新建筑选好了地点。","source:ai-generated"
"sitting-room","The sitting-room was warm and inviting.","客厅温暖而温馨。","source:ai-generated"
"situation","The situation in the country has improved significantly.","国家形势已显著改善。","source:ai-generated"
"six","There are six people in the room.","房间里有六个人。","source:ai-generated"
"sixteen","She bought sixteen apples at the market.","她在市场买了十六个苹果。","source:ai-generated"
"sixth","This is the sixth time he has failed.","这是他第六次失败。","source:ai-generated"
"sixty","The company has sixty employees.","公司有六十名员工。","source:ai-generated"
"size","The size of the room is too small for the family.","房间的大小对这个家庭来说太小了。","source:ai-generated"
"skate","He skated on the frozen lake.","他在结冰的湖面上滑冰。","source:ai-generated"
"sketch","She sketched a quick drawing of the landscape.","她快速画了一幅风景素描。","source:ai-generated"
"ski","He went skiing in the mountains.","他在山里滑雪。","source:ai-generated"
"skill","He has a natural skill for painting.","他有天然的绘画技巧。","source:ai-generated"
"skilled","The mechanic is skilled in repairing cars.","这位机械师擅长修理汽车。","source:ai-generated"
"skillful","She is skillful at playing the piano.","她弹钢琴很熟练。","source:ai-generated"
"skim","She skimmed the first page of the book.","她快速浏览了书的第一页。","source:ai-generated"
"skin","The snake's skin is smooth and shiny.","蛇皮光滑而有光泽。","source:ai-generated"
"skirt","She wore a red skirt to the party.","她去派对时穿了一条红色裙子。","source:ai-generated"
"sky","The blue sky was so clear that I could see the stars.","天空湛蓝，清晰得能看见星星。","source:ai-generated"
"skyscraper","The new skyscraper has 100 floors and is the tallest building in the city.","这座新摩天大楼有100层，是城市中最高的建筑。","source:ai-generated"
"slack","The rope was too slack, so it swung loosely.","绳子太松了，摇晃得不稳。","source:ai-generated"
"slam","She slammed the door shut with a loud noise.","她砰地一声把门关上了。","source:ai-generated"
"slander","He was accused of slander after spreading false rumors about her.","他在散布关于她的假消息后被指控诽谤。","source:ai-generated"
"slang","Teenagers often use slang to communicate with each other.","青少年经常用俚语彼此交流。","source:ai-generated"
"slash","He slashed the paper with a sharp knife.","他用一把锋利的小刀猛砍纸张。","source:ai-generated"
"slave","The worker is a slave to the clock, working all day without rest.","这名工人被钟表奴役，整天工作不休息。","source:ai-generated"
"slavery","The abolition of slavery was a major historical event.","奴隶制的废除是一个重大的历史事件。","source:ai-generated"
"sleep","After a long day of work, she fell into a deep sleep.","工作了一整天后，她陷入了深度睡眠。","source:ai-generated"
"sleepy","He feels sleepy after watching too much TV.","他看太多电视后感到困倦。","source:ai-generated"
"sleeve","She rolled up her sleeve to check the temperature.","她卷起袖子来检查温度。","source:ai-generated"
"slender","The slender bamboo stalks are very delicate.","细长的竹子非常纤细。","source:ai-generated"
"slick","He gave a slick answer to the question.","他给这个问题提供了一个机智的回答。","source:ai-generated"
"slide","The children slid down the hill on sleds.","孩子们在雪山上滑下来。","source:ai-generated"
"slightly","The weather is slightly warmer today.","今天的天气略显温暖。","source:ai-generated"
"slim","She wore a slim dress that fit perfectly.","她穿了一条合身的修身连衣裙。","source:ai-generated"
"slipper","He put on his slipper before going to bed.","他上床睡觉前穿上了拖鞋。","source:ai-generated"
"slit","The knife made a thin slit in the paper.","刀在纸上切出了一道细缝。","source:ai-generated"
"slogan","The slogan on the poster was very catchy.","海报上的标语非常有吸引力。","source:ai-generated"
"slot","The vending machine has a slot for coins.","自动售货机有一个硬币投币口。","source:ai-generated"
"slow","The slow response from the server made us wait longer.","服务器的缓慢响应让我们等待了更久。","source:ai-generated"
"slowly","She walked slowly to the park.","她慢慢地走到公园。","source:ai-generated"
"slumber","After a long day, he fell into a deep slumber.","经过漫长的一天，他进入了深度睡眠。","source:ai-generated"
"sly","He used a sly smile to trick his friend.","他用狡猾的笑容来骗朋友。","source:ai-generated"
"small","The small dog ran quickly across the field.","那只小狗快速跑过田野。","source:ai-generated"
"smart","She is a smart student who solves problems easily.","她是个聪明的学生，很容易解决难题。","source:ai-generated"
"smell","The flower has a sweet smell.","这朵花有甜美的气味。","source:ai-generated"
"smile","She smiled at the baby when it cried.","当婴儿哭时，她微笑着。","source:ai-generated"
"smog","The city is covered in thick smog.","这座城市被浓重的烟雾笼罩。","source:ai-generated"
"smoke","He smoked a cigarette in the park.","他在公园里抽了一支烟。","source:ai-generated"
"smooth","The smooth surface of the stone made it easy to slide.","石头光滑的表面使其容易滑动。","source:ai-generated"
"smoothly","She spoke smoothly during the interview.","他在面试中说话流畅。","source:ai-generated"
"smuggle","The police caught the smugglers trying to smuggle drugs across the border.","警方抓获了试图走私毒品过境的走私者。","source:ai-generated"
"snail","He moves so slowly that he seems like a snail.","他行动如此缓慢，看起来像一只蜗牛。","source:ai-generated"
"snake","The river snakes through the valley.","河流蜿蜒穿过山谷。","source:ai-generated"
"snap","He snapped his fingers to make a sound.","他用手指发出啪的一声。","source:ai-generated"
"snatch","She quickly snatched the book from the shelf.","她迅速从书架上抢过那本书。","source:ai-generated"
"sneer","He sneered at his friend's mistake.","他对朋友的错误冷笑着。","source:ai-generated"
"sneeze","He sneezed loudly when he was cold.","他感冒时打了个响亮的喷嚏。","source:ai-generated"
"sniff","She sniffed the air to detect the smell of flowers.","她闻了闻空气，试图嗅到花香。","source:ai-generated"
"snob","He is a classic snob who only talks to people of his own social class.","他是个典型的势利者，只和自己社会阶层的人说话。","source:ai-generated"
"snobbish","Her snobbish attitude made her seem arrogant to everyone.","她那种自命不凡的态度让每个人觉得她很傲慢。","source:ai-generated"
"snore","The man was snoring loudly in his sleep.","他在睡觉时发出响亮的鼾声。","source:ai-generated"
"snow","The sky was covered with snow during the winter storm.","在冬季暴风雨中，天空被雪覆盖。","source:ai-generated"
"snowstorm","A sudden snowstorm hit the city, causing major traffic disruptions.","一场突如其来的暴雪袭击了城市，导致交通严重中断。","source:ai-generated"
"snowy","The snowy mountains were covered in thick white blankets.","雪覆盖的山峰被厚厚的白色毯子包裹着。","source:ai-generated"
"so","He is so tired that he can't even finish his homework.","他累得连作业都做不完。","source:ai-generated"
"so-called","This is a so-called 'independent' organization.","这是一个所谓的‘独立’组织。","source:ai-generated"
"soak","The clothes soaked in the rain.","衣服在雨中湿透了。","source:ai-generated"
"soap","She uses soap to clean her hands.","她用肥皂洗手。","source:ai-generated"
"sob","He sobbed loudly after the accident.","事故后，他大声啜泣。","source:ai-generated"
"soccer","He plays soccer every weekend.","他每个周末都踢足球。","source:ai-generated"
"social","Social activities are important for health.","社交活动对健康很重要。","source:ai-generated"
"socialism","Socialism is a political theory.","社会主义是一种政治理论。","source:ai-generated"
"socialist","He is a socialist who believes in equality.","他是一位相信平等的社会主义者。","source:ai-generated"
"society","The society of the city is very diverse.","城市社会非常多样化。","source:ai-generated"
"sock","He kicked the ball with a sock.","他用袜子踢了球。","source:ai-generated"
"soda","I drink soda after meals.","饭后我喝苏打水。","source:ai-generated"
"sodium","Sodium is an essential element in the human body.","钠是人体必需的元素。","source:ai-generated"
"sofa","She sits on the sofa every evening.","她每晚都坐在沙发上。","source:ai-generated"
"soft","The soft fabric is comfortable to touch.","这种柔软的布料触感舒适。","source:ai-generated"
"soften","The cold water softened the hard clay.","冷水使硬泥变软。","source:ai-generated"
"softly","She spoke softly to avoid disturbing him.","她轻声说话以避免打扰他。","source:ai-generated"
"softness","The softness of the velvet fabric makes it ideal for delicate skin.","天鹅绒面料的柔软触感使其非常适合娇嫩的皮肤。","source:ai-generated"
"software","The new software updates improve the system's security and efficiency.","新的软件更新提升了系统的安全性和效率。","source:ai-generated"
"soil","The soil was contaminated by industrial waste.","土壤被工业废料污染了。","source:ai-generated"
"solar","Solar panels convert sunlight into electricity.","太阳能板将阳光转化为电能。","source:ai-generated"
"soldier","The soldier carefully checked the weapon before deployment.","士兵在部署前仔细检查了武器。","source:ai-generated"
"sole","The sole of the shoe is worn out after months of use.","鞋底在数月使用后已经磨损。","source:ai-generated"
"solely","The decision was solely based on the data analysis.","该决定完全基于数据分析。","source:ai-generated"
"solemn","The solemn ceremony marked the end of the long conflict.","庄重的仪式标志着长期冲突的结束。","source:ai-generated"
"solicitor","The solicitor helped the client with legal matters.","律师帮助客户处理法律事务。","source:ai-generated"
"solid","The solid metal ball is heavy and durable.","实心的金属球很重且耐用。","source:ai-generated"
"solidify","The team's efforts solidified their relationship.","团队的努力使他们之间的关系更加牢固。","source:ai-generated"
"solvable","The problem is solvable with the right approach.","这个问题可以通过正确的方法解决。","source:ai-generated"
"solve","She solved the math problem quickly.","她迅速解决了数学题。","source:ai-generated"
"some","Some people prefer to work alone.","有些人喜欢独自工作。","source:ai-generated"
"somebody","Somebody called me at 3 PM.","有人在下午3点给我打电话。","source:ai-generated"
"somehow","He managed to find the lost item somehow.","他不知如何地找到了丢失的物品。","source:ai-generated"
"someone","I met someone at the park yesterday.","昨天我在公园遇到了一个人。","source:ai-generated"
"something","She bought something new for her birthday.","她为自己的生日买了一样新东西。","source:ai-generated"
"sometime","We will meet sometime next week.","我们下周某个时间会见面。","source:ai-generated"
"sometimes","I sometimes go to the gym after work.","我有时下班后去健身房。","source:ai-generated"
"somewhat","He is somewhat tired after a long day.","他一天工作之后有点累。","source:ai-generated"
"somewhere","Let's go somewhere new this weekend.","这个周末我们去个新地方吧。","source:ai-generated"
"son","The boy is my son.","这个男孩是我的儿子。","source:ai-generated"
"song","She sings a song every night.","她每晚都唱一首歌。","source:ai-generated"
"soon","I will arrive soon.","我很快就会到。","source:ai-generated"
"sophisticate","He tried to sophisticate the report with complex language.","他试图用复杂的语言来世故化这份报告。","source:ai-generated"
"sore","The sore on his leg needed immediate attention.","他腿上的伤口需要立即处理。","source:ai-generated"
"sorrow","She felt deep sorrow after losing her job.","她失业后感到深深的悲伤。","source:ai-generated"
"sorrowful","He was sorrowful when he heard the news.","当他听到这个消息时，他很悲伤。","source:ai-generated"
"sorry","I'm sorry for the mistake.","我为这个错误道歉。","source:ai-generated"
"sort","Can you sort the letters by color?","你能按颜色把信件分类吗？","source:ai-generated"
"soul","The soul of the story is its emotional depth.","故事的灵魂在于其情感深度。","source:ai-generated"
"sound","The loud sound of the alarm woke me up.","警报的响亮声音把我吵醒了。","source:ai-generated"
"soup","She made a delicious soup for her family.","她为家人做了一道美味的汤。","source:ai-generated"
"source","The source of the river is in the mountains.","河流的源头在山里。","source:ai-generated"
"south","The sun rises in the east and sets in the south.","太阳从东边升起，在西边落下。","source:ai-generated"
"southeast","We are heading southeast to reach the destination.","我们向东南方向前进以到达目的地。","source:ai-generated"
"southern","The southern part of the country is known for its warm climate.","国家的南部以温暖的气候而闻名。","source:ai-generated"
"southwards","The wind blows southwards all day.","风整天向南吹。","source:ai-generated"
"southwest","The southwest region is the most fertile area in the country.","西南地区是国家最肥沃的区域。","source:ai-generated"
"souvenir","I bought a souvenir from the market.","我在市场买了一个纪念品。","source:ai-generated"
"soviet","The soviet was a key meeting place for the communist movement.","苏维埃是共产主义运动的关键会议场所。","source:ai-generated"
"sow","She sow seeds in the garden every spring.","她每年春天在花园里播种。","source:ai-generated"
"soy","Soy sauce is a common ingredient in Chinese cuisine.","酱油是中国菜中常见的调味品。","source:ai-generated"
"space","There is enough space in the room for the new furniture.","房间里有足够的空间来放新家具。","source:ai-generated"
"spacecraft","The spacecraft landed safely on the moon.","航天飞船安全地降落在月球上。","source:ai-generated"
"spaceship","The spaceship traveled through the stars.","飞船穿越了星星。","source:ai-generated"
"spade","He used a spade to dig a hole for the tree.","他用铲子挖了一个树坑。","source:ai-generated"
"spanish","She spoke Spanish fluently.","她流利地讲西班牙语。","source:ai-generated"
"spare","He has spare time to relax.","他有空闲时间放松。","source:ai-generated"
"spark","The spark of creativity ignited in her.","她内心迸发出了一股创造力。","source:ai-generated"
"sparrow","A sparrow flew past the window.","一只麻雀飞过窗户。","source:ai-generated"
"spatial","The spatial design of the house is modern.","这座房子的空间设计很现代。","source:ai-generated"
"speak","She speaks three languages fluently.","她流利地讲三种语言。","source:ai-generated"
"speaker","The speaker at the conference was very knowledgeable.","会议上的演讲者知识渊博。","source:ai-generated"
"spear","He used a spear to hunt animals.","他用矛来猎取动物。","source:ai-generated"
"special","She ordered a special delivery for her birthday.","她为生日订购了特别的快递服务。","source:ai-generated"
"speciality","His speciality in mathematics is solving complex equations.","他在数学方面的专长是解决复杂的方程。","source:ai-generated"
"specialize","The student decided to specialize in computer science.","这位学生决定专攻计算机科学。","source:ai-generated"
"specially","He traveled specially to attend the conference.","他特意前往参加会议。","source:ai-generated"
"specifically","The instructions are specifically for beginners.","这些说明是专门针对初学者的。","source:ai-generated"
"specification","The product specification includes detailed technical requirements.","该产品规格包含详细的技术要求。","source:ai-generated"
"specify","Please specify the exact color you want.","请说明您想要的确切颜色。","source:ai-generated"
"specimen","The scientist studied a specimen under the microscope.","科学家在显微镜下观察了一个标本。","source:ai-generated"
"spectacular","The fireworks display was spectacular, lighting up the night sky with brilliant colors.","烟花表演壮观，照亮了夜空，色彩绚丽。","source:ai-generated"
"spectator","As a spectator at the marathon, I watched the runners cross the finish line.","作为马拉松的观众，我看到选手们冲过终点线。","source:ai-generated"
"spectrum","The rainbow shows a spectrum of colors from red to violet.","彩虹展示了从红色到紫色的光谱颜色。","source:ai-generated"
"speculate","Scientists speculate that the planet might have life.","科学家推测这颗行星可能有生命。","source:ai-generated"
"speech","She gave a powerful speech at the conference about climate change.","她在会议上就气候变化发表了一次强有力的演讲。","source:ai-generated"
"speed","The car was traveling at a high speed when it crashed.","当汽车高速行驶时发生事故。","source:ai-generated"
"spell","The spell of the storm lasted for three hours, bringing heavy rain.","暴风雨的持续时间长达三小时，带来了大雨。","source:ai-generated"
"spelling","The spelling checker helps to correct common misspellings in documents.","拼写检查器有助于纠正文档中的常见拼写错误。","source:ai-generated"
"spend","I spend three hours every day on my homework.","我每天花三小时做作业。","source:ai-generated"
"sphere","The Earth's orbit is a sphere in space.","地球的轨道在太空中是一个球体。","source:ai-generated"
"spherical","The ball is spherical in shape.","这个球的形状是球状的。","source:ai-generated"
"spider","The spider weaved a web to catch insects.","蜘蛛织网捕虫。","source:ai-generated"
"spill","He spilled coffee on his shirt.","他把咖啡洒在了衬衫上。","source:ai-generated"
"spin","The spinning wheel creates beautiful patterns.","旋转的轮子创造出美丽的图案。","source:ai-generated"
"spinal","The spinal cord connects the brain to the body.","脊髓将大脑与身体连接起来。","source:ai-generated"
"spirit","She has a strong spirit to overcome difficulties.","她有很强的意志力去克服困难。","source:ai-generated"
"spiritual","She felt a deep spiritual connection with her grandmother.","她与祖母之间有一种深刻的精神联系。","source:ai-generated"
"spit","The spit from the dog was cold and wet.","狗吐出的唾液冰冷而湿润。","source:ai-generated"
"splash","The water splashed against the rocks as the child jumped into the pool.","孩子跳进泳池时，水溅到了岩石上。","source:ai-generated"
"splendid","The sunset was a splendid sight that left everyone in awe.","日落景象壮丽无比，令所有人惊叹。","source:ai-generated"
"split","The tree split in two when the storm hit.","风暴来袭时，树被劈成两半。","source:ai-generated"
"spokesman","The company's spokesman said the product was safe for use.","公司发言人表示该产品安全可用。","source:ai-generated"
"sponsor","The school sponsor the science fair to encourage student innovation.","学校赞助科学竞赛以鼓励学生创新。","source:ai-generated"
"spontaneous","The child's spontaneous laughter echoed through the garden.","孩子的自然笑声在花园中回荡。","source:ai-generated"
"spoon","She used a spoon to eat the soup.","她用勺子吃汤。","source:ai-generated"
"sport","He enjoys playing sports in the park.","他在公园里喜欢玩运动。","source:ai-generated"
"sportsman","The sportsman won the gold medal in the competition.","这位运动员在比赛中赢得了金牌。","source:ai-generated"
"spot","I spotted a bird in the garden.","我在花园里看到一只鸟。","source:ai-generated"
"spray","The sprinkler sprayed water on the garden.","喷水器向花园喷水。","source:ai-generated"
"spread","The news spread quickly through the town.","消息在镇上迅速传播。","source:ai-generated"
"spring","The spring is full of energy after the winter.","冬天过后，春天充满活力。","source:ai-generated"
"springtime","Springtime is a time for flowers to bloom.","春天是花朵盛开的时节。","source:ai-generated"
"spur","The coach used a spur to encourage the team to work harder.","教练用马刺激励团队更加努力。","source:ai-generated"
"squad","The military squad completed their mission successfully.","这支军事小队成功完成了任务。","source:ai-generated"
"square","The square in the city center is a popular place for people to gather.","市中心的广场是人们聚集的热门场所。","source:ai-generated"
"squash","The gardener squashed the vegetables to make them flat.","园丁把蔬菜压扁了。","source:ai-generated"
"squat","She decided to squat on the grass to rest.","她决定蹲在草地上休息。","source:ai-generated"
"squeeze","He squeezed the juice from the lemon.","他挤出柠檬汁。","source:ai-generated"
"squirrel","The squirrel stored nuts for winter.","松鼠为冬天储存坚果。","source:ai-generated"
"stability","The project requires high stability to ensure success.","该项目需要高度的稳定性以确保成功。","source:ai-generated"
"stabilize","The government needs to stabilize the economy to prevent further inflation.","政府需要稳定经济以防止进一步通货膨胀。","source:ai-generated"
"stadium","The local stadium hosted a major football match last weekend.","当地体育场上周六举办了一场大型足球比赛。","source:ai-generated"
"staff","The staff at the office includes both managers and junior employees.","办公室的工作人员包括经理和初级员工。","source:ai-generated"
"stage","The play will be staged at the theater next week.","这场戏下周将在剧院上演。","source:ai-generated"
"stagger","He staggered slightly after drinking too much alcohol.","他喝太多酒后走路不稳。","source:ai-generated"
"stain","The coffee stain on the white shirt is difficult to remove.","白色衬衫上的咖啡渍很难去除。","source:ai-generated"
"stainless","The stainless steel spoon is very durable and easy to clean.","不锈钢勺子非常耐用且易于清洗。","source:ai-generated"
"stair","We have to climb the stair to reach the second floor.","我们必须爬楼梯才能到达二楼。","source:ai-generated"
"staircase","She walked up the staircase to the second floor.","她走上二楼的楼梯。","source:ai-generated"
"stairway","The stairway leads directly to the garden.","这条楼梯直接通向花园。","source:ai-generated"
"stake","He placed a stake on the game to win money.","他下注赢得钱。","source:ai-generated"
"stale","The bread was stale and needed to be thrown away.","面包发霉了，需要扔掉。","source:ai-generated"
"stammer","He stammered when he tried to speak in public.","他在公众场合说话时结结巴巴。","source:ai-generated"
"stamp","She stamped her foot in frustration.","她因沮丧而跺脚。","source:ai-generated"
"stand","The tree stands in the middle of the park.","树站在公园的中央。","source:ai-generated"
"standard","The standard for quality control is strict.","质量控制的标准很严格。","source:ai-generated"
"standardize","The company standardized its production process to improve efficiency.","公司将其生产流程标准化以提高效率。","source:ai-generated"
"standpoint","From his standpoint, the policy is beneficial for the community.","从他的立场来看，这项政策对社区是有益的。","source:ai-generated"
"star","She became a star after winning the national competition.","她在赢得全国比赛后成为了一名明星。","source:ai-generated"
"stare","He stared at the sunset for a long time.","他凝视着落日良久。","source:ai-generated"
"start","The meeting starts at 9 AM.","会议9点开始。","source:ai-generated"
"starve","The children were starving due to the lack of food.","由于食物短缺，孩子们正在挨饿。","source:ai-generated"
"state","The state of the economy is improving.","经济状况正在改善。","source:ai-generated"
"static","The static electricity caused the hair to stand up.","静电导致头发竖立起来。","source:ai-generated"
"station","I need to go to the train station to catch my bus.","我需要去火车站赶公交车。","source:ai-generated"
"stationary","The car is stationary after the collision.","碰撞后汽车处于静止状态。","source:ai-generated"
"stationery","Please buy some stationery for the school project.","请为学校项目买一些文具。","source:ai-generated"
"statistical","The statistical analysis showed a significant trend.","统计分析显示了一个显著的趋势。","source:ai-generated"
"statistics","The statistics from the survey are very interesting.","这次调查的统计数据非常有趣。","source:ai-generated"
"statue","The statue of the president is located in the central park.","总统的雕像位于市中心公园。","source:ai-generated"
"stay","The cat stayed on the windowsill for a while.","猫在窗台停留了一会儿。","source:ai-generated"
"steadily","The economy is growing steadily.","经济正在稳步增长。","source:ai-generated"
"steady","The boat remained steady on the calm sea.","小船在平静的海面上保持平稳。","source:ai-generated"
"steak","I ordered a beef steak for dinner.","我点了一份牛排作为晚餐。","source:ai-generated"
"steal","She stole the keys from the locked cabinet.","她从锁着的柜子里偷走了钥匙。","source:ai-generated"
"steam","The engine produced a lot of steam.","发动机产生大量蒸汽。","source:ai-generated"
"steamer","The steamer boat traveled slowly across the river.","蒸汽船缓缓地横跨河流。","source:ai-generated"
"steel","He used steel to build the bridge.","他用钢来建造这座桥。","source:ai-generated"
"steep","The mountain path was steep and challenging.","山间小路陡峭且充满挑战。","source:ai-generated"
"steer","The captain ordered the ship to steer north.","船长命令船只向北航行。","source:ai-generated"
"stem","The plant's stem is strong and flexible.","植物的茎强壮而有弹性","source:ai-generated"
"step","Take a step forward to reach the door.","向前迈出一步以到达门","source:ai-generated"
"stew","She stewed her worries in the kitchen.","她在厨房里为烦恼炖煮","source:ai-generated"
"steward","The steward helped the guests with their luggage.","管家帮助客人处理行李","source:ai-generated"
"stewardess","The stewardess served the passengers' meals.","空中小姐为乘客提供餐食","source:ai-generated"
"stick","He stuck his finger into the hot soup.","他把手指伸进热汤里","source:ai-generated"
"sticky","The candy is sticky after it's been chewed.","咀嚼后糖果会变粘","source:ai-generated"
"stiff","The stiff neck pain made him feel uncomfortable.","僵硬的颈部疼痛让他感到不适","source:ai-generated"
"stiffen","The metal rod stiffened when it was heated.","金属杆受热后变硬了。","source:ai-generated"
"stiffness","The stiffness in his neck made it hard to move.","他的颈部僵硬感使他难以活动。","source:ai-generated"
"still","The water was still after the rain.","雨后水面平静。","source:ai-generated"
"stillness","The stillness of the night was profound.","夜晚的寂静深邃而强烈。","source:ai-generated"
"stimulate","Exercise stimulates the body to produce more energy.","运动能促进身体产生更多能量。","source:ai-generated"
"stimulus","The new policy is a stimulus for economic growth.","这项新政策是促进经济增长的刺激因素。","source:ai-generated"
"sting","The bee's sting caused immediate pain.","蜜蜂的刺痛感立即引发了疼痛。","source:ai-generated"
"stir","The news stirred up a lot of discussion.","这条新闻引发了大量讨论。","source:ai-generated"
"stitch","She carefully stitched the torn fabric with a needle.","她用针仔细缝合了撕裂的布料。","source:ai-generated"
"stockholder","The stockholder received a dividend from the company.","股东从公司收到了股息。","source:ai-generated"
"stocking","He wore thick stockings to keep his feet warm.","他穿厚袜子来保持脚部温暖。","source:ai-generated"
"stomach","He had a stomach ache after eating too much.","他吃太多后胃疼。","source:ai-generated"
"stone","The child threw a small stone at the bird.","孩子把小石头扔向鸟。","source:ai-generated"
"stony","The relationship between them was stony.","他们之间的关系很冷淡。","source:ai-generated"
"stool","The cat sat on the stool to reach the high shelf.","猫坐在凳子上以够到高架子。","source:ai-generated"
"stoop","He stooped to help his elderly mother.","他弯腰帮助年迈的母亲。","source:ai-generated"
"stop","The car stopped at the red light.","汽车在红灯处停下。","source:ai-generated"
"storage","The computer uses storage to save files.","电脑使用存储来保存文件。","source:ai-generated"
"store","She went to the store to buy milk.","她去商店买牛奶。","source:ai-generated"
"storey","This building has five storeys.","这栋建筑有五层楼。","source:ai-generated"
"storm","A strong storm hit the city last night.","昨晚城市遭遇了猛烈的暴风雨。","source:ai-generated"
"stormy","The weather is stormy today.","今天天气很暴风雨。","source:ai-generated"
"story","He told a story about his childhood.","他讲了关于他童年的一个故事。","source:ai-generated"
"stout","He is a stout man with a strong build.","他身材结实，体格健壮。","source:ai-generated"
"stove","She turned on the stove to cook dinner.","她打开炉子煮晚餐。","source:ai-generated"
"straight","The road is straight and leads directly to the city center.","这条路笔直，直接通向市中心。","source:ai-generated"
"straighten","He straightened his tie before the interview.","面试前，他整理了领带。","source:ai-generated"
"strait","The strait between the two islands is narrow and dangerous.","两个岛屿之间的海峡狭窄且危险。","source:ai-generated"
"strand","The boat was stranded on the rocky shore.","船搁浅在岩石海岸上。","source:ai-generated"
"strange","The strange smell made him feel uneasy.","那股奇怪的气味让他感到不安。","source:ai-generated"
"stranger","He met a stranger at the bus stop.","他在公交站遇到了一个陌生人。","source:ai-generated"
"strangler","The strangler tightened his grip to suffocate the victim.","扼杀者收紧了手，以窒息受害者。","source:ai-generated"
"strap","She tied the strap around her waist.","她把皮带系在腰上。","source:ai-generated"
"strategic","The company developed a strategic plan for market expansion.","公司制定了市场扩张的战略计划。","source:ai-generated"
"straw","He used a straw to drink the juice.","他用吸管喝果汁。","source:ai-generated"
"strawberry","She picked a red strawberry from the garden.","她在花园里摘了一颗红草莓。","source:ai-generated"
"streak","The car had a black streak across its side.","这辆车侧面有一道黑色条纹。","source:ai-generated"
"streamline","The new design streamlines the production process.","新设计简化了生产流程。","source:ai-generated"
"street","They walked down the busy street.","他们沿着繁忙的街道走着。","source:ai-generated"
"strength","Her physical strength helped her climb the mountain.","她的体力帮助她爬上了山。","source:ai-generated"
"strengthen","The new policy will strengthen the economy by increasing investment.","新政策将通过增加投资来加强经济。","source:ai-generated"
"stress","She stressed the importance of regular exercise in her speech.","她在演讲中强调了定期锻炼的重要性。","source:ai-generated"
"stretch","The rubber band can stretch to twice its original length.","橡皮筋可以伸长到原长的两倍。","source:ai-generated"
"strict","The teacher has strict rules for classroom behavior.","老师对课堂行为有严格的规定。","source:ai-generated"
"strictly","He studies strictly to achieve high academic results.","他严格学习以取得高学术成绩。","source:ai-generated"
"strife","The country has been facing internal strife for years.","这个国家多年来一直面临内部冲突。","source:ai-generated"
"strike","The workers struck for better wages and working conditions.","工人为了更好的工资和工作条件举行了罢工。","source:ai-generated"
"striking","The striking price of the diamond was unusually high.","这颗钻石的标价异常高昂。","source:ai-generated"
"strip","She stripped down to her underwear.","她脱到内衣","source:ai-generated"
"stripe","The cat has a black stripe on its back.","猫的背上有一条黑色条纹","source:ai-generated"
"strong","He is a strong swimmer.","他是位强壮的游泳者","source:ai-generated"
"strongly","She strongly disagrees with his opinion.","她强烈反对他的观点","source:ai-generated"
"structural","The structural design of the bridge is complex.","这座桥的结构设计很复杂","source:ai-generated"
"structure","The company structure is hierarchical.","公司的组织结构是层级制的","source:ai-generated"
"struggle","The child struggled to finish the homework.","孩子努力完成作业","source:ai-generated"
"student","The student is studying for the exam.","学生正在为考试学习","source:ai-generated"
"studio","She works in a small studio to create her paintings.","她在一个小画室里创作她的画作。","source:ai-generated"
"study","He is studying for his final exams this week.","他这周正在为期末考试复习。","source:ai-generated"
"stuff","The chef used fresh ingredients to stuff the dumplings.","厨师用新鲜食材包住饺子。","source:ai-generated"
"stuffy","The room felt stuffy after the windows were closed.","窗户关上后，房间变得闷热。","source:ai-generated"
"stumble","He stumbled on the wet pavement and fell.","他在湿滑的路面上绊倒了，摔倒了。","source:ai-generated"
"stump","The old tree stump became a garden bench.","老树桩变成了一个花园长椅。","source:ai-generated"
"stun","The loud noise stunned him and made him dizzy.","巨大的噪音让他一时失神，头晕目眩。","source:ai-generated"
"stupid","She is very stupid and doesn't understand the problem.","她非常愚蠢，不理解这个问题。","source:ai-generated"
"style","She has a unique style that combines vintage and modern elements.","她将复古与现代元素完美融合的独特风格","source:ai-generated"
"subdivide","The teacher subdivided the class into smaller groups for better understanding.","老师将班级分成更小的小组以促进更好地理解","source:ai-generated"
"subdue","The storm's power was so strong that it subdued the entire town.","风暴的威力如此强大，以至于整个城镇都屈服了","source:ai-generated"
"subject","Math is my favorite subject in school.","数学是我最喜欢的科目","source:ai-generated"
"submerge","The divers submerged under the ocean to explore the deep sea.","潜水员潜入海洋深处探索深海","source:ai-generated"
"subordinate","The junior staff are subordinates to the senior team members.","初级员工是高级团队成员的下属","source:ai-generated"
"subscript","In chemical formulas, the subscript indicates the number of atoms.","在化学式中，下标表示原子的数量","source:ai-generated"
"subscription","She paid a monthly subscription to the online news service.","她每月支付了一笔在线新闻服务的订阅费","source:ai-generated"
"subsequent","The subsequent events were more dramatic than expected.","随后发生的事情比预期的更加戏剧性。","source:ai-generated"
"subsequently","She subsequently moved to a new city.","她随后搬到了一个新城市。","source:ai-generated"
"subsidiary","The subsidiary company handles the logistics for the main business.","附属公司负责主要业务的物流。","source:ai-generated"
"substantial","The substantial evidence supports the claim.","大量证据支持这一主张。","source:ai-generated"
"substantially","The project was substantially completed by the end of the month.","该项目在月底前基本完成。","source:ai-generated"
"subway","I usually take the subway to work.","我通常乘地铁上班。","source:ai-generated"
"succeed","He succeeded in his goal after years of hard work.","经过多年的努力，他最终实现了目标。","source:ai-generated"
"success","The success of the new policy has been widely praised.","新政策的成功得到了广泛赞誉。","source:ai-generated"
"successful","She achieved a successful career after years of hard work.","经过多年的努力，她取得了成功的职业生涯。","source:ai-generated"
"successfully","He completed the project successfully.","他成功地完成了这个项目。","source:ai-generated"
"succession","The succession of leaders in the company has been well managed.","公司领导层的更替一直管理得当。","source:ai-generated"
"successor","He is the successor to the throne.","他是王位的继承人。","source:ai-generated"
"such","Such a beautiful day makes me happy.","这样的美好一天让我感到开心。","source:ai-generated"
"suck","The child sucked the milk from the bottle.","孩子吸吮了瓶中的牛奶。","source:ai-generated"
"sudden","The sudden rain stopped the outdoor event.","突如其来的雨让户外活动被迫取消。","source:ai-generated"
"suddenly","She suddenly realized the mistake.","她突然意识到自己犯了错误。","source:ai-generated"
"suffer","She has suffered a lot from the illness.","她因疾病承受了很大痛苦。","source:ai-generated"
"sufficiently","He speaks sufficiently to understand the problem.","他表达得足够清楚，能够理解问题。","source:ai-generated"
"sugar","She added sugar to her tea.","她在茶里加了糖。","source:ai-generated"
"suggest","He suggested we go for a walk.","他建议我们去散步。","source:ai-generated"
"suggestion","The suggestion was accepted by the committee.","这个建议被委员会接受了。","source:ai-generated"
"suicide","He committed suicide after the failure.","他因失败而自杀。","source:ai-generated"
"suit","The suit fits her perfectly.","这套西装非常适合她。","source:ai-generated"
"suitable","This dress is suitable for the occasion.","这件裙子适合这个场合。","source:ai-generated"
"suitcase","She packed her suitcase with all the necessary clothes.","她把所有必要的衣物都塞进手提箱里。","source:ai-generated"
"suite","The hotel room has a spacious suite with a king-sized bed.","这家酒店的房间有一间宽敞的套房，配有大号床。","source:ai-generated"
"sullen","He looked sullen after he was scolded by his teacher.","老师批评他后，他显得闷闷不乐。","source:ai-generated"
"sulphur","The mineral sulphur is used in the production of fertilizers.","硫磺矿石用于生产肥料。","source:ai-generated"
"sum","The sum of the numbers 1 through 10 is 55.","1到10这些数字的总和是55。","source:ai-generated"
"summarize","Please summarize the key points from the report.","请总结报告中的关键点。","source:ai-generated"
"summary","The summary of the meeting notes is available online.","会议纪要的摘要已在线上提供。","source:ai-generated"
"summer","We spent the summer vacation hiking in the mountains.","我们度过了夏天在山里徒步旅行。","source:ai-generated"
"sun","The sun rises in the east.","太阳从东方升起。","source:ai-generated"
"sunday","We usually have a family gathering on Sunday.","我们通常在星期天举行家庭聚会。","source:ai-generated"
"sunlight","Sunlight helps plants grow.","阳光有助于植物生长。","source:ai-generated"
"sunny","It's a sunny day with clear skies.","今天天气晴朗，天空湛蓝。","source:ai-generated"
"sunrise","The sunrise was beautiful this morning.","今天早晨的日出非常美丽。","source:ai-generated"
"sunset","We watched the sunset over the ocean.","我们在海洋上观看了日落。","source:ai-generated"
"sunshine","She feels like sunshine after a long day.","经过漫长的一天后，她感觉像阳光一样温暖。","source:ai-generated"
"super","This is a super important meeting.","这是一次极其重要的会议。","source:ai-generated"
"superb","The performance was superb, leaving the audience in awe.","表演极其出色，让观众惊叹不已。","source:ai-generated"
"superficially","She analyzed the problem superficially, missing the deeper issues.","她对问题的分析流于表面，忽略了深层次的问题。","source:ai-generated"
"superintendent","The school superintendent oversees all administrative tasks.","校长负责监督所有行政事务。","source:ai-generated"
"superiority","His sense of superiority made him dismiss others' opinions.","他那种优越感使他忽视了他人的意见。","source:ai-generated"
"supermarket","We went to the supermarket to buy groceries.","我们去超市买日用品。","source:ai-generated"
"supersonic","The supersonic jet travels faster than the speed of sound.","超音速飞机的速度超过音速。","source:ai-generated"
"superstition","They believe in superstition, avoiding the number 13.","他们相信迷信，避免数字13。","source:ai-generated"
"supervise","The teacher supervises the students during the lab experiment.","老师在实验中监督学生。","source:ai-generated"
"supervision","The manager's supervision ensures that all tasks are completed on time.","经理的监督确保所有任务按时完成。","source:ai-generated"
"supper","After work, I usually have a light supper at home.","工作后，我通常在家吃一顿简单的晚餐。","source:ai-generated"
"supplement","The company provides a supplement to the main report with additional data.","公司为主要报告附上一份包含额外数据的补充材料。","source:ai-generated"
"supplementary","The supplementary materials are essential for understanding the complex concepts.","补充材料对于理解复杂概念至关重要。","source:ai-generated"
"supply","The store supplies fresh vegetables to the local market every day.","商店每天向当地市场供应新鲜蔬菜。","source:ai-generated"
"support","The team's support helped us overcome the challenges during the competition.","团队的支持帮助我们在比赛中克服了挑战。","source:ai-generated"
"suppose","I suppose you will be able to finish the project by next week.","我猜你下周前能完成这个项目。","source:ai-generated"
"sure","I am sure that the meeting will be held at 3 PM.","我确信会议将在下午3点举行。","source:ai-generated"
"surely","Surely, the rain will stop soon.","雨肯定很快就会停了。","source:ai-generated"
"surface","The surface of the lake is calm.","湖面很平静。","source:ai-generated"
"surge","The river surged with the floodwaters.","河流在洪水的冲击下汹涌上涨。","source:ai-generated"
"surname","Her surname is Smith.","她的姓是史密斯。","source:ai-generated"
"surprise","He surprised me with a gift.","他用一份礼物让我感到惊喜。","source:ai-generated"
"surprising","The discovery was surprising.","这个发现令人惊讶。","source:ai-generated"
"surprisingly","She surprisingly solved the problem.","她出人意料地解决了这个问题。","source:ai-generated"
"surrender","The team surrendered after the final match.","比赛结束后，这支队伍投降了。","source:ai-generated"
"surround","The soldiers surrounded the building.","士兵们包围了那座建筑。","source:ai-generated"
"surroundings","The surroundings of the park are very peaceful.","公园的周围环境非常宁静。","source:ai-generated"
"survey","The survey showed that most people prefer online shopping.","调查显示大多数人更喜欢网上购物。","source:ai-generated"
"suspect","He is a suspect in the case.","他是此案的嫌疑人。","source:ai-generated"
"suspend","The teacher suspended the student for cheating.","老师因作弊将学生停课。","source:ai-generated"
"suspension","The suspension of the project was delayed due to funding issues.","由于资金问题，该项目的暂停被推迟了。","source:ai-generated"
"swallow","She swallowed her pride and admitted her mistake.","她忍下了自尊，承认了自己的错误。","source:ai-generated"
"swan","The swan flew gracefully across the lake.","天鹅优雅地飞越了湖泊。","source:ai-generated"
"swap","She swapped her old phone for a new one.","她把旧手机换成了新手机。","source:ai-generated"
"swarm","The bees formed a swarm in the tree.","蜜蜂在树上聚成了一群。","source:ai-generated"
"sway","The wind swayed the leaves in the garden.","风在花园里摇动着树叶。","source:ai-generated"
"swear","He swore to protect his family.","他发誓要保护家人。","source:ai-generated"
"sweat","The man sweated heavily during the race.","比赛中，这位男子大汗淋漓。","source:ai-generated"
"sweater","She wore a red sweater to school.","她上学时穿了一件红色毛衣。","source:ai-generated"
"sweep","He swept the floor with a broom.","他用扫帚扫地。","source:ai-generated"
"sweet","The cake is sweet and delicious.","这个蛋糕又甜又好吃。","source:ai-generated"
"sweeten","She added honey to sweeten the tea.","她往茶里加蜂蜜使茶更甜。","source:ai-generated"
"sweetness","The sweetness of the fruit makes it delicious.","水果的甜味让它变得美味。","source:ai-generated"
"swell","The river swelled after the heavy rain.","暴雨后河流水位上涨。","source:ai-generated"
"swift","The swift bird flies very fast.","这种鸟飞得非常快。","source:ai-generated"
"swim","The children are swimming in the pool.","孩子们在游泳池里游泳。","source:ai-generated"
"swing","The pendulum swings back and forth.","钟摆来回摆动。","source:ai-generated"
"swiss","The Swiss are known for their precision.","瑞士人以精确著称。","source:ai-generated"
"switch","He switched the light on and off.","他开关了灯。","source:ai-generated"
"sword","He drew his sword to defend himself.","他抽出剑来保护自己。","source:ai-generated"
"symmetrical","The building has symmetrical design.","这座建筑采用了对称的设计。","source:ai-generated"
"symmetry","The pattern shows perfect symmetry.","这个图案呈现出完美的对称性。","source:ai-generated"
"sympathetic","She is a sympathetic person who helps others.","她是一个富有同情心的人，乐于帮助他人。","source:ai-generated"
"sympathize","I sympathize with your situation.","我理解你目前的处境。","source:ai-generated"
"symposium","The symposium will discuss climate change solutions.","研讨会将讨论气候变化的解决方案。","source:ai-generated"
"symptom","Headache is a common symptom of stress.","头痛是压力的常见症状。","source:ai-generated"
"syndrome","The patient has a rare syndrome called Down syndrome.","这位患者患有名为唐氏综合征的罕见病症。","source:ai-generated"
"synthesis","The chemical synthesis of complex molecules is a key process in modern laboratories.","现代实验室中复杂分子的化学合成是一个关键过程。","source:ai-generated"
"synthesize","Scientists synthesize new materials to improve the efficiency of solar panels.","科学家们合成新材料以提高太阳能板的效率。","source:ai-generated"
"synthetic","The synthetic fibers used in clothing are more durable than natural ones.","服装中使用的合成纤维比天然纤维更耐用。","source:ai-generated"
"system","The computer system requires regular updates to function properly.","计算机系统需要定期更新才能正常运行。","source:ai-generated"
"systematic","She conducted a systematic review of the literature to identify relevant studies.","她对文献进行了系统性回顾以确定相关研究。","source:ai-generated"
"systematically","He approached the problem systematically to ensure all aspects were covered.","他有条理地处理这个问题以确保所有方面都被涵盖。","source:ai-generated"
"table","The teacher tabled the proposal for further discussion after the class.","老师在课后将该提案提交讨论。","source:ai-generated"
"tablet","The medicine tablet contains a specific dosage of the active ingredient.","这种药片含有特定剂量的活性成分。","source:ai-generated"
"tabulate","She tabulated the survey results into a clear table.","她将调查结果整理成一个清晰的表格。","source:ai-generated"
"tack","He used a tack to fix the paper to the board.","他用一枚大头钉将纸钉在木板上。","source:ai-generated"
"tact","She has great tact when dealing with difficult people.","她与难相处的人打交道时非常机智。","source:ai-generated"
"tactics","The military team developed new tactics for the upcoming battle.","军事团队为即将到来的战斗制定了新的战术。","source:ai-generated"
"tag","The cat followed the mouse with a tag.","猫紧跟着老鼠，尾随其后。","source:ai-generated"
"tail","The dog's tail wagged happily as it saw its owner.","狗看到主人时尾巴高兴地摇晃着。","source:ai-generated"
"tailor","The tailor made a custom suit for the client.","裁缝为顾客量身定制了一套西装。","source:ai-generated"
"take","She took a deep breath before starting the presentation.","她在开始演讲前深吸了一口气。","source:ai-generated"
"tale","She told a captivating tale about the lost city.","她讲述了一个关于失落之城的精彩故事。","source:ai-generated"
"talent","He has a natural talent for painting.","他有绘画的天赋。","source:ai-generated"
"talk","They had a long talk about their future plans.","他们详细讨论了未来计划。","source:ai-generated"
"tall","The tall building stands out in the city skyline.","这座高耸的建筑在城市天际线上格外醒目。","source:ai-generated"
"tame","The lion was tamed after years of training.","经过多年的训练，狮子被驯服了。","source:ai-generated"
"tangle","The wires became tangled and made it hard to fix.","电线缠结在一起，使得修理变得困难。","source:ai-generated"
"tank","The water tank was filled with fresh water.","水箱被装满了新鲜水。","source:ai-generated"
"tap","She tapped the water tap to get some water.","她轻敲水龙头以获取一些水。","source:ai-generated"
"tape","She used adhesive tape to fix the broken pieces of the picture.","她用胶带固定破损的图片碎片。","source:ai-generated"
"taper","The engineer adjusted the taper of the metal rod to ensure a smooth fit.","工程师调整金属杆的锥度以确保光滑配合。","source:ai-generated"
"tar","The road was covered with tar after the asphalt was poured.","铺设沥青后，道路被覆盖上柏油。","source:ai-generated"
"tariff","The new tariff on imported goods increased the cost for consumers.","对进口商品的新关税增加了消费者成本。","source:ai-generated"
"task","Completing this task will help improve your project efficiency.","完成这项任务将有助于提高项目效率。","source:ai-generated"
"taste","She tasted the soup to check if it was salty enough.","她尝了汤以确认是否够咸。","source:ai-generated"
"tax","The government imposed a tax on all luxury items to fund public services.","政府对所有奢侈品征收税款以资助公共服务。","source:ai-generated"
"taxi","He called a taxi to go to the airport quickly.","他叫了一辆出租车快速去机场。","source:ai-generated"
"tea","I drink hot tea every morning.","我每天早上都喝热茶。","source:ai-generated"
"teach","She teaches English at the university.","她在大学教英语。","source:ai-generated"
"teacher","My teacher is very kind.","我的老师很和蔼。","source:ai-generated"
"teaching","Teaching is an important part of education.","教学是教育的重要组成部分。","source:ai-generated"
"team","The team worked together to finish the project.","团队共同努力完成了这个项目。","source:ai-generated"
"tear","He cried tears of joy.","他因喜悦而流泪。","source:ai-generated"
"tease","He teased his friend about his new haircut.","他开玩笑说朋友的新发型。","source:ai-generated"
"technical","The technical manual is very detailed.","技术手册非常详细。","source:ai-generated"
"technician","The technician fixed the broken computer.","这位技师修好了损坏的电脑。","source:ai-generated"
"technique","She used a new technique to solve the problem.","她用一种新方法解决了这个问题。","source:ai-generated"
"technology","This technology improves communication efficiency.","这项技术提高了通信效率。","source:ai-generated"
"tedious","The tedious process took too long.","这个冗长乏味的过程耗时太长。","source:ai-generated"
"teenager","The teenager was excited about the new school project.","这位十三到十九岁的少年对新学校项目感到兴奋。","source:ai-generated"
"telecommunication","Telecommunication networks connect people worldwide.","电信网络将人们连接到世界各地。","source:ai-generated"
"telegram","He sent a telegram to his family.","他给家人发了一封电报。","source:ai-generated"
"telegraph","She telegraphed her friend that she would be late.","她给朋友电报说她会迟到。","source:ai-generated"
"telephone","I need to call my friend using a telephone.","我需要用电话给朋友打电话。","source:ai-generated"
"telescope","He used a telescope to observe the stars.","他用望远镜观察星星。","source:ai-generated"
"television","We watch television every evening.","我们每晚看电视。","source:ai-generated"
"telex","The company uses telex for quick communication.","公司使用电传进行快速通信。","source:ai-generated"
"tell","Please tell me the answer to the question.","请告诉我这个问题的答案。","source:ai-generated"
"temperament","Her temperament is very calm and patient.","她的性格非常平静且耐心。","source:ai-generated"
"temperature","The temperature in the room is 25 degrees Celsius.","房间的温度是25摄氏度。","source:ai-generated"
"temple","The temple is a place of worship for many people.","教堂是许多人进行礼拜的地方。","source:ai-generated"
"tempo","The tempo of the music is fast.","音乐的节奏很快。","source:ai-generated"
"temporary","She works as a temporary worker for the company.","她在公司做临时工。","source:ai-generated"
"temptation","The temptation of money was too strong.","金钱的诱惑太强了。","source:ai-generated"
"ten","There are ten students in the class.","班上有十个学生。","source:ai-generated"
"tenable","The argument is tenable.","这个论点站得住脚。","source:ai-generated"
"tenant","He is a tenant of the apartment.","他是这间公寓的房客。","source:ai-generated"
"tend","Tend to be careful when driving.","开车时要小心。","source:ai-generated"
"tender","He submitted a tender for the project.","他提交了该项目的投标书。","source:ai-generated"
"tennis","She played tennis every weekend.","她每个周末都打网球。","source:ai-generated"
"tense","The situation is tense.","局势紧张。","source:ai-generated"
"tensile","The metal has high tensile strength.","这种金属具有很高的拉伸强度。","source:ai-generated"
"tent","He set up a tent in the forest.","他在森林里搭起一个帐篷。","source:ai-generated"
"tentative","The proposal is tentative and needs more discussion.","这个提议尚属初步，还需要进一步讨论。","source:ai-generated"
"tenth","This is the tenth day of the month.","这是这个月的第十天。","source:ai-generated"
"term","The term of the contract is six months.","合同的期限是六个月。","source:ai-generated"
"terminal","The terminal building is large and modern.","机场航站楼很大且现代化。","source:ai-generated"
"terminate","The company decided to terminate the contract after negotiations failed.","公司因谈判失败决定终止合同。","source:ai-generated"
"terminology","In medical terminology, the term 'inflammation' refers to swelling.","在医学术语中，'炎症' 指的是肿胀。","source:ai-generated"
"terrace","The garden has a terrace with a view of the mountains.","花园有一座能俯瞰群山的露台。","source:ai-generated"
"terrible","The weather is terrible today; it's raining heavily.","今天天气糟糕，大雨倾盆。","source:ai-generated"
"terrify","The loud noise terrified the children.","巨大的声响让孩子们非常害怕。","source:ai-generated"
"terror","The fear of terrorism caused widespread terror among the population.","恐怖主义的恐惧在人群中引发了普遍的恐慌。","source:ai-generated"
"terrorist","The terrorist attacked the market in an attempt to cause chaos.","恐怖分子试图在市场发动袭击以制造混乱。","source:ai-generated"
"test","The teacher gave a test to assess students' understanding of the lesson.","老师通过测试来评估学生对课程内容的理解。","source:ai-generated"
"text","The text of the novel is short.","小说的正文很短。","source:ai-generated"
"textbook","She uses a textbook for her studies.","她用教科书来学习。","source:ai-generated"
"textile","The textile industry produces many fabrics.","纺织业生产各种布料。","source:ai-generated"
"than","This is better than that.","这比那更好。","source:ai-generated"
"thank","Thank you for your help.","谢谢你帮助我。","source:ai-generated"
"thanksgiving","Thanksgiving is a holiday in the United States.","感恩节是美国的一个节日。","source:ai-generated"
"that","That is the book I want.","那是我想要的书。","source:ai-generated"
"the","The cat is on the table.","猫在桌子上。","source:ai-generated"
"theatre","The audience watched the play at the theatre.","观众在剧院观看戏剧。","source:ai-generated"
"their","Their house is small but cozy.","他们的房子很小但很温馨。","source:ai-generated"
"theirs","This book is theirs.","这本书是他们的。","source:ai-generated"
"them","I will help them with their homework.","我会帮他们完成作业。","source:ai-generated"
"themselves","They cleaned the house themselves.","他们自己打扫了房子。","source:ai-generated"
"then","After the meeting, we went to the park then.","会议结束后，我们去了公园。","source:ai-generated"
"theorem","Euler's theorem is a fundamental principle in mathematics.","欧拉定理是数学中的基本原理。","source:ai-generated"
"theoretical","Theoretical physics explains the universe's behavior.","理论物理学解释了宇宙的行为。","source:ai-generated"
"theory","The theory of relativity explains how gravity works.","相对论解释了引力是如何运作的。","source:ai-generated"
"therapy","Physical therapy helps patients recover from injuries.","物理治疗帮助患者从伤害中恢复。","source:ai-generated"
"there","The book is there on the table.","书在桌子上。","source:ai-generated"
"thereby","By improving communication, we thereby reduce misunderstandings.","通过改善沟通，我们因此减少了误解。","source:ai-generated"
"therein","The key details are therein.","关键细节就在其中。","source:ai-generated"
"thereof","The consequences thereof are severe.","其后果很严重。","source:ai-generated"
"thermometer","She uses a thermometer to check her child's temperature.","她用体温计检查孩子的体温。","source:ai-generated"
"these","These books are on the shelf.","这些书在架子上。","source:ai-generated"
"they","They are going to the park.","他们要去公园。","source:ai-generated"
"thick","The soup is thick and creamy.","汤很浓稠。","source:ai-generated"
"thicken","He thicken the sauce with more tomato.","他用更多的番茄让酱汁变浓。","source:ai-generated"
"thickness","The thickness of the paper is 0.1 mm.","纸的厚度是0.1毫米。","source:ai-generated"
"thief","The thief stole the wallet from the shop.","小偷从商店偷走了钱包。","source:ai-generated"
"thigh","He injured his thigh during the game.","他在比赛中伤到了大腿。","source:ai-generated"
"thin","The thin sheet of metal is easy to bend.","这薄的金属片很容易弯曲。","source:ai-generated"
"thing","This is the thing that we need.","我们需要的东西。","source:ai-generated"
"think","I think the answer is correct.","我认为答案是正确的。","source:ai-generated"
"third","This is the third time I've seen her.","这是我第三次见到她了。","source:ai-generated"
"thirdly","Thirdly, we need to consider the budget.","第三，我们需要考虑预算。","source:ai-generated"
"thirst","He felt a great thirst after the hot day.","在炎热的天气后，他感到非常口渴。","source:ai-generated"
"thirsty","The man was thirsty after running in the desert.","在沙漠中跑完后，这个人感到口渴。","source:ai-generated"
"thirteen","There are thirteen students in the class.","班上有十三个学生。","source:ai-generated"
"thirty","She bought thirty apples at the market.","她在市场买了三十个苹果。","source:ai-generated"
"this","This book is my favorite.","这本书是我最喜欢的。","source:ai-generated"
"thorough","She did a thorough review of the project before presenting it to the team.","她在向团队展示项目前进行了彻底的审查。","source:ai-generated"
"thoroughly","He analyzed the data thoroughly to ensure accuracy.","他仔细分析数据以确保准确性。","source:ai-generated"
"those","Those students who completed the assignment were praised by the teacher.","那些完成作业的学生被老师表扬了。","source:ai-generated"
"though","It was raining, though the weather forecast predicted clear skies.","虽然天气预报预测是晴天，但正在下雨。","source:ai-generated"
"thought","She had a thought about the problem while walking home.","她回家走路时想到了这个问题。","source:ai-generated"
"thoughtful","He is a thoughtful person who always considers others' feelings.","他是个体贴入微的人，总是考虑他人的感受。","source:ai-generated"
"thoughtless","His thoughtless comment made her feel hurt.","他轻率的评论让她感到受伤。","source:ai-generated"
"thousand","There are thousands of stars in the night sky.","夜空中有成千上万的星星。","source:ai-generated"
"thrash","He thrashed the weeds with his bare hands.","他用光着手掌把杂草打散。","source:ai-generated"
"thread","She threaded the needle with careful precision.","她用精细的动作穿针。","source:ai-generated"
"threat","The enemy issued a threat of retaliation.","敌人威胁要报复。","source:ai-generated"
"three","There are three apples on the table.","桌上放着三个苹果。","source:ai-generated"
"thresh","The farmer threshed the grain to separate the husks.","农民将谷物打谷以分离外壳。","source:ai-generated"
"thrifty","She is thrifty and saves money for her future.","她节俭，为将来存钱。","source:ai-generated"
"thrill","The movie gave me a thrilling experience.","这部电影让我感到一阵激动。","source:ai-generated"
"throat","He cleared his throat before speaking.","他说话前清了嗓子。","source:ai-generated"
"throng","The crowd of tourists at the festival was a throng of people.","节日里游客的群体是一个人潮","source:ai-generated"
"through","The book was read through from beginning to end.","这本书从头到尾被读完","source:ai-generated"
"throughout","The rain fell throughout the entire week.","雨在整个星期都下着","source:ai-generated"
"throw","He threw the ball into the basket.","他把球扔进篮筐","source:ai-generated"
"thrust","She gave him a sharp thrust with her pen.","她用钢笔给他一个锐利的推","source:ai-generated"
"thumb","He used his thumb to turn the page.","他用拇指翻动书页","source:ai-generated"
"thunder","The thunder crashed loudly in the distance.","远处传来轰隆的雷声","source:ai-generated"
"thursday","We have a meeting on Thursday.","我们星期四有会议","source:ai-generated"
"thus","I will go to the store thus.","我将去商店这样。","source:ai-generated"
"ticket","Please buy a ticket for the concert.","请为音乐会买一张票。","source:ai-generated"
"tickle","The cat tickled my arm.","猫挠了我的手臂。","source:ai-generated"
"tide","The tide is rising.","潮水正在上涨。","source:ai-generated"
"tidy","She tidied her room.","她整理了房间。","source:ai-generated"
"tie","He tied his shoes.","他系好了鞋带。","source:ai-generated"
"tiger","The tiger is the largest cat.","老虎是最大的猫。","source:ai-generated"
"tight","The belt is tight.","腰带很紧。","source:ai-generated"
"tighten","He tightened the loose belt to make it fit better.","他把松开的腰带系紧，使其更合身。","source:ai-generated"
"tightly","She tied the knot tightly to ensure it wouldn't come undone.","她把结系得紧紧的，以确保不会松开。","source:ai-generated"
"tile","The bathroom floor is tiled with blue tiles.","浴室地板铺着蓝色瓷砖。","source:ai-generated"
"till","We will wait till the rain stops.","我们会等到雨停为止。","source:ai-generated"
"tilt","The camera tilted to capture the full view of the scene.","相机倾斜以捕捉整个场景的全景。","source:ai-generated"
"timber","The house was built using timber from the forest.","房子是用森林中的木材建造的。","source:ai-generated"
"time","I need to time my steps to match the rhythm of the music.","我需要调整我的步伐，以符合音乐的节奏。","source:ai-generated"
"timetable","Her timetable shows that she has a meeting at 3 PM.","她的日程表显示她在下午3点有一个会议。","source:ai-generated"
"tin","He used tin to make the metal container.","他用锡制作了金属容器。","source:ai-generated"
"tiny","The tiny insect is barely visible.","这只微小的昆虫几乎看不见。","source:ai-generated"
"tip","She gave him a tip for the restaurant.","她给餐厅的小费。","source:ai-generated"
"tire","The tire is flat and needs air.","轮胎是瘪的，需要充气。","source:ai-generated"
"tired","After running, he felt tired.","跑完后，他感到累。","source:ai-generated"
"tiresome","The long meeting was tiresome.","这个漫长的会议很烦人。","source:ai-generated"
"title","The book has a title page.","这本书有扉页。","source:ai-generated"
"to","She walked to the store.","她走到商店。","source:ai-generated"
"toad","The toad is a small amphibian that lives near water.","蟾蜍是一种生活在水边的小型两栖动物。","source:ai-generated"
"toast","He toasted the wine with a glass of champagne.","他用香槟杯干杯。","source:ai-generated"
"tobacco","She smoked a cigarette made from tobacco.","她抽着由烟草制成的香烟。","source:ai-generated"
"today","Today is a good day for hiking.","今天是徒步旅行的好日子。","source:ai-generated"
"toe","He stepped on the toe of his shoe.","他踩到了自己的鞋尖。","source:ai-generated"
"together","We walked together to the park.","我们一起去公园散步。","source:ai-generated"
"toilet","After the meeting, she went to the toilet to freshen up.","会议结束后，她去洗手间打扮一下。","source:ai-generated"
"tolerance","The machine has a tolerance of 0.1 millimeters.","机器的公差为0.1毫米。","source:ai-generated"
"tolerate","She can tolerate the noise from the construction site.","她能忍受施工噪音。","source:ai-generated"
"tomato","I bought a red tomato at the market.","我在市场买了一个红番茄。","source:ai-generated"
"tomb","The ancient tomb was discovered by archaeologists.","考古学家发现了这座古墓。","source:ai-generated"
"tomorrow","I will meet my friend tomorrow.","我明天会见到朋友。","source:ai-generated"
"ton","The weight of the car is 2 tons.","这辆车重2吨。","source:ai-generated"
"tone","He spoke in a calm tone.","他说话的语气很平静。","source:ai-generated"
"tongue","She lost her tongue after the accident.","事故后她失去了说话能力。","source:ai-generated"
"tonight","Let's have dinner tonight.","我们今晚一起吃饭吧。","source:ai-generated"
"too","I also like this color too.","我也喜欢这个颜色。","source:ai-generated"
"tool","He uses a hammer as a tool.","他用锤子作为工具。","source:ai-generated"
"tooth","The toothpaste cleanses the tooth.","牙膏清洁牙齿。","source:ai-generated"
"top","She reached the top of the mountain.","她爬到了山顶。","source:ai-generated"
"topic","The topic of the lecture is climate change.","讲座的主题是气候变化。","source:ai-generated"
"torch","The torch lit the way through the forest.","火把照亮了穿过森林的路。","source:ai-generated"
"torment","The pain from the injury caused torment.","伤痛带来了折磨。","source:ai-generated"
"torpedo","The submarine launched a torpedo at the enemy ship.","潜艇向敌舰发射了一枚鱼雷。","source:ai-generated"
"torque","The engine produces a high torque at low speeds.","发动机在低速时产生高扭力。","source:ai-generated"
"torrent","The torrent of rain washed away the mud from the field.","暴雨冲走了田地里的泥巴。","source:ai-generated"
"tortoise","The tortoise moves slowly across the garden.","乌龟缓慢地在花园里移动。","source:ai-generated"
"torture","The police tortured the suspect to get information.","警察拷问嫌疑人以获取信息。","source:ai-generated"
"total","The total cost of the items is $100.","这些物品的总费用是100美元。","source:ai-generated"
"touch","The touch of the cold water made me shiver.","冷水的触感让我发抖。","source:ai-generated"
"touchable","The child is touchable because he is young.","这个孩子是可触摸的，因为他很年轻。","source:ai-generated"
"tough","The leather is tough and durable.","皮革既坚韧又耐用。","source:ai-generated"
"tour","She went on a tour of the city's historical sites.","她参观了城市的历史景点。","source:ai-generated"
"tourist","The tourist bought a souvenir at the market.","游客在市场买了纪念品。","source:ai-generated"
"toward","The wind blows toward the east.","风向东方吹。","source:ai-generated"
"towards","The sun rises towards the horizon.","太阳升向地平线。","source:ai-generated"
"towel","After the shower, she dried herself with a towel.","淋浴后，她用毛巾擦干身体。","source:ai-generated"
"tower","The Eiffel Tower is one of the most famous landmarks in Paris.","埃菲尔铁塔是巴黎最著名的地标之一。","source:ai-generated"
"town","We visited a small town near the mountains.","我们参观了山附近的一个小城镇。","source:ai-generated"
"toxic","The water in the river was toxic due to pollution.","由于污染，河里的水有毒。","source:ai-generated"
"toy","She gave her son a new toy for his birthday.","她给儿子生日礼物时送了一个新玩具。","source:ai-generated"
"trace","The detective followed the suspect's trace to the crime scene.","侦探追踪嫌疑人留下的痕迹到达犯罪现场。","source:ai-generated"
"track","The hiker followed the animal's track through the forest.","徒步者沿着动物留下的足迹穿过森林。","source:ai-generated"
"tract","The farmer used a tract of land for growing crops.","农民用一片土地来种植作物。","source:ai-generated"
"tractor","The farmer used a tractor to plow the field.","农民用拖拉机翻耕田地。","source:ai-generated"
"trade","They traded goods for money at the market.","他们在市场用商品交换货币。","source:ai-generated"
"trademark","The company registered a new trademark for its products.","公司为其产品注册了新的商标。","source:ai-generated"
"trader","The trader sold goods to customers in the market.","商人向市场顾客出售商品。","source:ai-generated"
"tradesman","The tradesman fixed the broken window with skill.","这位工匠熟练地修好了破损的窗户。","source:ai-generated"
"tradition","This tradition has been passed down through generations.","这一传统已历经数代人的传承。","source:ai-generated"
"traditional","She prefers traditional clothing for special occasions.","她喜欢在特殊场合穿传统服装。","source:ai-generated"
"traffic","Heavy traffic caused a delay in the morning commute.","早晨通勤时的交通拥堵导致了延误。","source:ai-generated"
"tragedy","The tragic event was a great tragedy for the community.","这场悲剧对社区来说是一场巨大的灾难。","source:ai-generated"
"trail","The hiker followed the trail through the forest.","这位徒步者沿着小径穿过森林。","source:ai-generated"
"train","The train arrived at the station on time.","火车准时到达车站。","source:ai-generated"
"training","The athlete's training session included strength exercises.","这位运动员的训练课程包括力量训练。","source:ai-generated"
"trait","The unique trait of this animal is its ability to change color.","这种动物的独特特征是它能改变颜色。","source:ai-generated"
"traitor","He was a traitor who betrayed his country for personal gain.","他为了个人利益出卖了国家，是个叛徒。","source:ai-generated"
"tram","The tram tracks run along the city's main avenue.","电车轨道沿着城市的主要街道延伸。","source:ai-generated"
"tramp","The tramp walked through the park, looking for food.","流浪汉在公园里走着，寻找食物。","source:ai-generated"
"trample","The heavy rain trampled the small flowers in the garden.","大雨踩踏了花园里的小花。","source:ai-generated"
"tranquil","The lake was tranquil under the morning sun.","在晨光下，湖面平静如镜。","source:ai-generated"
"transaction","The bank transaction was completed successfully.","银行交易成功完成。","source:ai-generated"
"transcend","She managed to transcend her fears and achieve her dreams.","她克服了恐惧，实现了自己的梦想。","source:ai-generated"
"transformation","The transformation of the company's strategy was completed within a week.","公司战略的转变在一周内完成。","source:ai-generated"
"transformer","The transformer in the electrical system converts alternating current to direct current.","电力系统中的变压器将交流电转换为直流电。","source:ai-generated"
"transient","The transient signal appears briefly before disappearing.","瞬态信号出现后很快消失。","source:ai-generated"
"transit","The bus provides a transit service between the city center and the suburbs.","这辆公交车提供市中心与郊区之间的通勤服务。","source:ai-generated"
"translate","She translates technical documents from English to Chinese.","她将英文技术文档翻译成中文。","source:ai-generated"
"translation","The translation of the novel was published last month.","小说的译文上个月出版了。","source:ai-generated"
"transmit","The radio waves transmit information across the globe.","无线电波在全球范围内传输信息。","source:ai-generated"
"transparent","The glass is transparent, allowing clear visibility through it.","玻璃是透明的，能清晰地透过它看到外面。","source:ai-generated"
"transplant","She decided to transplant her kidney from the donor to her body.","她决定将捐赠者的肾脏移植到自己体内。","source:ai-generated"
"transportation","The transportation cost for the delivery is included in the package price.","送货的运输费用已包含在包裹价格中。","source:ai-generated"
"transverse","The transverse section of the bone shows a cross-shaped pattern.","骨头的横截面显示出十字形的图案。","source:ai-generated"
"trap","He set a clever trap to catch the thief.","他设下了一个巧妙的陷阱来抓小偷。","source:ai-generated"
"travel","They traveled to the mountains for a weekend getaway.","他们去山区度假了一周。","source:ai-generated"
"traverse","The river traverses the town from east to west.","这条河从东到西横贯整个小镇。","source:ai-generated"
"tray","She placed the tray on the table to serve the guests.","她把托盘放在桌上为客人上菜。","source:ai-generated"
"tread","The old man tread carefully on the slippery path.","老人小心翼翼地在湿滑的小路上行走。","source:ai-generated"
"treason","His betrayal of the country led to his arrest for treason.","他背叛国家的行为导致被以叛国罪逮捕。","source:ai-generated"
"treasure","She treasures her childhood memories.","她珍视儿时的记忆。","source:ai-generated"
"treasurer","The treasurer manages the company's financial records.","财务主管负责管理公司的财务记录。","source:ai-generated"
"treat","We will treat the guests to a dinner party.","我们将款待客人举办一场晚宴。","source:ai-generated"
"treatment","The doctor provided treatment for the patient's injury.","医生为患者受伤提供了治疗。","source:ai-generated"
"tree","The tree in the park is a beautiful oak.","公园里的那棵树是一棵美丽的橡树。","source:ai-generated"
"tremble","The child trembled with fear.","孩子因恐惧而颤抖。","source:ai-generated"
"tremendously","The project was completed tremendously quickly.","该项目被极其迅速地完成了。","source:ai-generated"
"trench","The soldiers dug a trench to protect themselves from enemy fire.","士兵们挖掘战壕以抵御敌方火力。","source:ai-generated"
"trend","The latest fashion trend is a minimalist style.","最新的时尚趋势是极简风格。","source:ai-generated"
"triangle","The triangle has three sides and three angles.","三角形有三条边和三个角。","source:ai-generated"
"triangular","The room has a triangular shape.","这个房间是三角形的。","source:ai-generated"
"tribute","She gave a tribute to her teacher on his birthday.","她在老师生日时送了一份礼物。","source:ai-generated"
"trick","He used a trick to solve the puzzle quickly.","他用一个技巧快速解决了谜题。","source:ai-generated"
"trim","She trimmed the garden with sharp scissors.","她用锋利的剪刀修剪花园。","source:ai-generated"
"trip","He tripped on the step and fell down.","他脚下一滑，摔倒了。","source:ai-generated"
"triumphant","The team celebrated with a triumphant cheer after winning the championship.","球队在赢得冠军后欢呼雀跃。","source:ai-generated"
"trolley","She pushed the trolley to the grocery store.","她推着购物车去杂货店。","source:ai-generated"
"troop","The soldiers formed a tight troop to march across the field.","士兵们排成一队，整齐地穿过田野。","source:ai-generated"
"tropic","The sun crosses the tropic at noon.","正午时分，太阳穿过回归线。","source:ai-generated"
"tropical","The tropical rainforest is home to many unique species.","热带雨林是许多独特物种的家园。","source:ai-generated"
"trot","The horse trotted quickly across the meadow.","马儿快速小跑着穿过草地。","source:ai-generated"
"trouble","He has been having trouble with his computer.","他电脑出了问题。","source:ai-generated"
"troublesome","The situation is quite troublesome for the team.","这种情况对团队来说相当麻烦。","source:ai-generated"
"trousers","He wore his new trousers to the party.","他穿着新裤子去参加派对。","source:ai-generated"
"truck","The truck delivered the goods to the warehouse.","卡车把货物运到仓库。","source:ai-generated"
"true","The statement is true and accurate.","这个声明是真实且准确的。","source:ai-generated"
"truly","She spoke truly about her experience.","她真实地讲述了她的经历。","source:ai-generated"
"trumpet","He played the trumpet loudly at the concert.","他在音乐会上大声吹小号。","source:ai-generated"
"trunk","The trunk of the tree is strong and sturdy.","树干很结实。","source:ai-generated"
"trust","We trust that the project will succeed.","我们相信这个项目会成功。","source:ai-generated"
"truth","The truth about the incident is not known yet.","关于这一事件的真相目前还不为人知。","source:ai-generated"
"try","I will try to finish the project by Friday.","我将在周五前完成这个项目。","source:ai-generated"
"tube","The water flows through the tube.","水通过管道流动。","source:ai-generated"
"tuberculosis","He has been diagnosed with tuberculosis.","他被诊断出患有肺结核。","source:ai-generated"
"tuesday","We have a meeting on Tuesday at 10 AM.","我们星期二上午10点有一个会议。","source:ai-generated"
"tug","She gave a tug on the rope to pull the boat.","她用力拉绳子把船拉起来。","source:ai-generated"
"tulip","The garden is full of colorful tulips.","花园里开满了五彩缤纷的郁金香。","source:ai-generated"
"tumble","The child tumbled down the stairs.","孩子从楼梯上摔了下来。","source:ai-generated"
"tuna","We bought some fresh tuna for dinner.","我们买了新鲜的金枪鱼做晚餐。","source:ai-generated"
"tune","She adjusted the guitar's tuning to match the melody.","她调整了吉他音调以匹配旋律。","source:ai-generated"
"turbine","The wind turbine generates electricity from the wind.","风力涡轮机从风中发电。","source:ai-generated"
"turkey","He called his friend a turkey for being too naive.","他因为朋友太天真而称他为无用的家伙。","source:ai-generated"
"turmoil","The political turmoil caused widespread fear among the citizens.","政治动荡使市民们普遍感到恐惧。","source:ai-generated"
"turn","The car turned left at the intersection.","汽车在十字路口左转。","source:ai-generated"
"turning","The turning point in the story was when the protagonist made the decision.","故事的转折点是主角做出决定的时候。","source:ai-generated"
"turnip","She added a turnip to the stew for extra flavor.","她往炖菜里加了芜菁以增添风味。","source:ai-generated"
"turtle","The turtle slowly moved across the pond.","乌龟缓缓地从池塘中移动。","source:ai-generated"
"twelfth","This is the twelfth day of the month.","这是本月的第十二天。","source:ai-generated"
"twelve","She has twelve apples.","她有十二个苹果。","source:ai-generated"
"twentieth","The twentieth anniversary of the event was celebrated last week.","该事件的第二十周年庆典上周举行。","source:ai-generated"
"twenty","I need twenty dollars to buy the book.","我需要二十美元才能买这本书。","source:ai-generated"
"twice","He visited the park twice this week.","他这周去了公园两次。","source:ai-generated"
"twilight","The twilight sky was painted with soft colors.","暮色中的天空被柔和的色彩涂抹。","source:ai-generated"
"twin","The twins are very similar in appearance.","这对双胞胎在外表上非常相似。","source:ai-generated"
"twinkle","The stars twinkle in the night sky.","夜空中星星闪烁。","source:ai-generated"
"two","I have two apples.","我有两个苹果。","source:ai-generated"
"type","This is a new type of software.","这是一种新型软件。","source:ai-generated"
"typewriter","She uses a typewriter to write letters.","她用打字机写信。","source:ai-generated"
"typhoon","The typhoon hit the coast last night.","台风昨晚袭击了海岸。","source:ai-generated"
"typical","This is a typical example of his work.","这是他作品的典型例子。","source:ai-generated"
"typist","The typist typed the report quickly.","打字员迅速打完了报告。","source:ai-generated"
"tyranny","The government's tyranny caused many problems.","政府的专制导致了许多问题。","source:ai-generated"
"tyrant","The tyrant ruled the country with fear.","暴君用恐惧统治着国家。","source:ai-generated"
"tyre","The car has a new tyre.","这辆车装了一个新轮胎。","source:ai-generated"
"ugly","She found the painting ugly.","她觉得这幅画很丑。","source:ai-generated"
"ultimately","Ultimately, the decision was made.","最终，这个决定被做出了。","source:ai-generated"
"ultrasonic","The device uses ultrasonic waves to clean objects.","该设备使用超声波来清洁物体。","source:ai-generated"
"umbrella","He opened the umbrella to stay dry.","他打开伞以保持干燥。","source:ai-generated"
"unable","She is unable to speak English.","她无法说英语。","source:ai-generated"
"unavoidable","The situation is unavoidable.","这种情况是无法避免的。","source:ai-generated"
"unbearable","The heat was unbearable.","热得让人无法忍受。","source:ai-generated"
"uncertain","The weather forecast is uncertain today.","今天天气预报不确定。","source:ai-generated"
"uncle","My uncle lives in the city.","我叔父住在城里。","source:ai-generated"
"uncomfortable","The chair is uncomfortable for long sitting.","这个椅子长时间坐着不舒服。","source:ai-generated"
"unconscious","After the accident, he became unconscious.","事故后，他失去了意识。","source:ai-generated"
"unconventional","She has unconventional ideas about art.","她对艺术有非常规的想法。","source:ai-generated"
"uncover","The detective uncovered the truth behind the crime.","侦探揭开了犯罪背后的真相。","source:ai-generated"
"under","The book is under the table.","书在桌子下面。","source:ai-generated"
"undergraduate","He is an undergraduate student at the university.","他是大学本科生。","source:ai-generated"
"underground","The city has a modern underground railway system.","这座城市有现代化的地铁系统。","source:ai-generated"
"underline","She underlined the key points in her report.","她在报告中强调了关键点。","source:ai-generated"
"undermine","His actions began to undermine the team's confidence.","他的行为开始削弱团队的信心。","source:ai-generated"
"underneath","The cat is hiding underneath the table.","猫躲在桌子下面。","source:ai-generated"
"understand","I need to understand the problem before solving it.","我需要在解决问题之前理解这个问题。","source:ai-generated"
"understanding","The understanding between the two parties was crucial for peace.","双方的理解对和平至关重要。","source:ai-generated"
"undertake","He decided to undertake a new project next month.","他决定下个月开始一项新项目。","source:ai-generated"
"undertaking","The company's undertaking includes providing quality services.","公司的承诺包括提供高质量的服务。","source:ai-generated"
"underwear","She wore her new underwear today.","她今天穿了新内衣。","source:ai-generated"
"undesirable","The behavior is considered undesirable in this context.","在这一语境中，这种行为被视为不受欢迎的。","source:ai-generated"
"undo","I need to undo the knot in the rope.","我需要解开绳子上的结。","source:ai-generated"
"undoubtedly","The evidence is undoubtedly conclusive.","证据无疑具有决定性。","source:ai-generated"
"uneasy","She felt uneasy about the meeting.","她对这次会议感到不安。","source:ai-generated"
"unexpected","The unexpected rain surprised everyone.","突如其来的雨让所有人都惊讶了。","source:ai-generated"
"unfair","The game was unfair because of the cheating.","由于作弊，这场比赛不公平。","source:ai-generated"
"unfit","He is unfit for the job due to his health condition.","由于健康状况，他不适合这份工作。","source:ai-generated"
"unfold","She unfolded the map to see the hidden route.","她展开地图以查看隐藏的路线。","source:ai-generated"
"unfortunate","His unfortunate accident left him with severe injuries.","他的不幸事故使他遭受了严重伤害。","source:ai-generated"
"unfortunately","Unfortunately, the meeting was postponed due to bad weather.","不幸的是，由于天气原因会议被推迟了。","source:ai-generated"
"unhappy","The child was unhappy after losing his toy.","孩子在弄丢玩具后感到不开心。","source:ai-generated"
"uniform","The soldiers wore their uniform uniforms during the parade.","士兵们在游行中穿着他们的制服。","source:ai-generated"
"uniformly","She walked uniformly across the field without stopping.","她匀速地穿过田野，没有停下。","source:ai-generated"
"unify","The government aims to unify the country through economic reforms.","政府希望通过经济改革来统一国家。","source:ai-generated"
"union","The labor union represents workers' rights and interests.","工会代表工人的权利和利益。","source:ai-generated"
"unit","The unit consists of five members.","这个单位由五名成员组成。","source:ai-generated"
"unite","They decided to unite their efforts.","他们决定联合他们的努力。","source:ai-generated"
"universal","The universal law of gravity applies to all objects.","万有引力定律适用于所有物体。","source:ai-generated"
"universally","She understands the problem universally.","她对这个问题有普遍的理解。","source:ai-generated"
"university","He enrolled in a university to study engineering.","他进入大学学习工程。","source:ai-generated"
"unjust","The government's decision was unjust.","政府的决定是不公平的。","source:ai-generated"
"unkind","He was unkind to his colleagues.","他对同事很不友善。","source:ai-generated"
"unknown","The unknown variable x needs to be solved.","未知数x需要求解。","source:ai-generated"
"unless","I will go to the park unless it rains.","除非下雨，否则我会去公园。","source:ai-generated"
"unlike","This book is unlike any other I have read.","这本书与其他我读过的书都不一样。","source:ai-generated"
"unlikely","It is unlikely that he will win the game.","他赢得比赛的可能性不大。","source:ai-generated"
"unlimited","The company offers unlimited vacation days.","公司提供无限制的假期天数。","source:ai-generated"
"unload","The truck unloaded its cargo at the warehouse.","卡车在仓库卸下货物。","source:ai-generated"
"unlock","She unlocked the door with her key.","她用钥匙打开了门。","source:ai-generated"
"unlucky","He is unlucky and always gets into trouble.","他运气不好，总是惹麻烦。","source:ai-generated"
"unnecessary","This extra step is unnecessary.","这额外的步骤是不必要的。","source:ai-generated"
"unorthodox","She adopted an unorthodox approach to solving the problem.","她采用了一种非正统的方法来解决问题。","source:ai-generated"
"unpaid","The workers were paid in cash, but the overtime was unpaid.","工人用现金获得工资，但加班费未支付。","source:ai-generated"
"unpleasant","The weather was unpleasant, so we decided to stay indoors.","天气令人不愉快，所以我们决定待在室内。","source:ai-generated"
"unprecedented","The government announced unprecedented economic reforms.","政府宣布了前所未有的经济改革。","source:ai-generated"
"unreasonable","His demands were unreasonable, so he was dismissed.","他的要求不合理，因此被解雇。","source:ai-generated"
"unreliable","The weather forecast is unreliable, so we should check the weather later.","天气预报不可靠，所以我们应该稍后再查看天气。","source:ai-generated"
"unsatisfactory","The results of the experiment were unsatisfactory.","实验结果令人不满意。","source:ai-generated"
"unstable","The economy is unstable due to the recent financial crisis.","由于最近的金融危机，经济不稳定。","source:ai-generated"
"unsuitable","The weather is unsuitable for outdoor activities.","天气不适合户外活动。","source:ai-generated"
"untie","Please untie the knot on the rope.","请解开绳子上的结。","source:ai-generated"
"until","I will wait until the rain stops.","我会等雨停为止。","source:ai-generated"
"unusual","She has an unusual talent for music.","她音乐方面有不寻常的天赋。","source:ai-generated"
"unusually","He acts unusually well in public.","他在公众场合表现得非常出色。","source:ai-generated"
"unwilling","He is unwilling to help with the chores.","他不愿意帮忙做家务。","source:ai-generated"
"up","The sun rises up in the east.","太阳从东方升起。","source:ai-generated"
"up-to-date","The company is up-to-date with the latest technology.","公司采用最新的技术。","source:ai-generated"
"uphold","She upheld her promise to help the community.","她承诺帮助社区，她坚持履行这一承诺。","source:ai-generated"
"upon","The book is placed upon the table.","这本书放在桌子上。","source:ai-generated"
"upper","The upper part of the building is designed for the elderly.","建筑物的上部区域专为老年人设计。","source:ai-generated"
"upright","He has an upright attitude towards his work.","他对工作态度正直。","source:ai-generated"
"uproar","The protest led to an uproar in the city.","抗议活动在城市中引发了骚动。","source:ai-generated"
"upset","The storm upset the carefully planned schedule.","风暴打乱了原本精心安排的日程。","source:ai-generated"
"upside-down","The bicycle was upside-down after the fall.","摔倒后，自行车被翻倒。","source:ai-generated"
"upstairs","We went upstairs to find the lost keys.","我们上楼去找丢失的钥匙。","source:ai-generated"
"upward","The sun rises in the upward direction.","太阳升起的方向是上方。","source:ai-generated"
"upwards","He moved his hand upwards to reach the high shelf.","他向上移动手以够到高架子。","source:ai-generated"
"uranium","The nuclear power plant uses uranium as fuel.","核电站使用铀作为燃料。","source:ai-generated"
"urgent","The doctor warned that the patient's condition is urgent.","医生警告病人的病情很紧急。","source:ai-generated"
"us","The guide showed us the way to the museum.","导游给我们指明了去博物馆的路。","source:ai-generated"
"usage","The company's usage of social media is increasing.","公司的社交媒体使用量正在增加。","source:ai-generated"
"use","She uses the software to complete her work efficiently.","她使用软件高效完成工作。","source:ai-generated"
"used","The used car is cheaper than the new one.","二手汽车比新车便宜。","source:ai-generated"
"useful","This tool is very useful for solving complex problems.","这个工具对于解决复杂问题非常有用。","source:ai-generated"
"useless","The broken phone is completely useless.","坏了的手机完全没用。","source:ai-generated"
"user","She is a new user of this software.","她是这款软件的新用户。","source:ai-generated"
"usual","He has a usual habit of reading before bed.","他睡前通常有阅读的习惯。","source:ai-generated"
"usually","I usually go to the park in the afternoon.","我通常下午去公园。","source:ai-generated"
"utensil","A knife is a common kitchen utensil.","刀是常见的厨房用具。","source:ai-generated"
"utility","The utility company provides electricity to homes.","公用事业公司向家庭提供电力。","source:ai-generated"
"utilization","The proper utilization of resources is essential for sustainability.","资源的合理利用对可持续性至关重要。","source:ai-generated"
"utilize","We need to utilize the available resources to improve efficiency.","我们需要利用现有资源来提高效率。","source:ai-generated"
"utter","She uttered a loud cry of pain when she fell.","她摔倒时发出一声痛苦的尖叫。","source:ai-generated"
"vacation","He took a vacation to relax after the long workweek.","他在漫长的工作周后休了一段假期来放松。","source:ai-generated"
"vaccinate","The doctor vaccinated the child against measles.","医生给这个孩子接种了麻疹疫苗。","source:ai-generated"
"vacuum","The vacuum cleaner quickly cleaned the floor.","吸尘器很快清理了地板。","source:ai-generated"
"vague","The instructions were too vague to follow.","这些说明太模糊，难以遵循。","source:ai-generated"
"validity","The validity of the contract depends on both parties' agreement.","合同的有效性取决于双方的同意。","source:ai-generated"
"valley","The valley is surrounded by tall mountains.","山谷被高耸的山峰环绕。","source:ai-generated"
"valuable","This antique book is very valuable.","这本古书非常珍贵。","source:ai-generated"
"value","The company's value to the market is high.","该公司对市场的价值很高。","source:ai-generated"
"valve","The water valve is leaking.","水阀正在漏水。","source:ai-generated"
"vanish","The cloud vanished quickly.","云很快消失了。","source:ai-generated"
"vanity","Her vanity made her ignore others' opinions.","她的虚荣心使她忽视他人的意见。","source:ai-generated"
"vapour","The steam from the kettle is vapour.","水壶冒出的蒸汽是水蒸气。","source:ai-generated"
"variable","The variable temperature affects the experiment.","温度的可变性影响了实验。","source:ai-generated"
"variation","The variation in the data is significant.","数据中的变化是显著的。","source:ai-generated"
"variety","The garden has a wide variety of flowers.","花园里有各种各样的花。","source:ai-generated"
"vase","She placed the fresh flowers in a vase.","她把新鲜的花放进花瓶里。","source:ai-generated"
"vault","The vault in the church has a beautiful arch.","教堂里的拱顶有美丽的拱形结构。","source:ai-generated"
"vector","The satellite uses a vector to guide the signal.","卫星使用矢量来引导信号。","source:ai-generated"
"vegetable","Tomatoes are a common vegetable in Italian cuisine.","番茄是意大利菜中常见的蔬菜。","source:ai-generated"
"vegetation","The forest is covered with dense vegetation.","森林覆盖着茂密的植被。","source:ai-generated"
"veil","She covered her face with a veil during the ceremony.","她在仪式中用面纱遮住了脸。","source:ai-generated"
"vein","The vein in his hand is very visible.","他手上的静脉非常明显。","source:ai-generated"
"velocity","The car's velocity increased as it accelerated.","汽车的速度随着加速而增加。","source:ai-generated"
"velvet","She bought a velvet cushion for her chair.","她为椅子买了一个天鹅绒垫子。","source:ai-generated"
"vengeance","He sought vengeance for his brother's death.","他为弟弟的死亡寻求复仇。","source:ai-generated"
"ventilate","The teacher asked students to ventilate their ideas in class.","老师要求学生在课堂上公开讨论他们的想法。","source:ai-generated"
"venus","Venus is the morning star visible in the sky.","金星是天空中可见的晨星。","source:ai-generated"
"verb","The teacher asked the class to identify the main verb in the sentence.","老师让全班找出这个句子里的主要动词。","source:ai-generated"
"versus","The team played against the rivals in the match versus.","球队在比赛中对阵对手。","source:ai-generated"
"vertical","The wall has a vertical line that runs from top to bottom.","墙上有从上到下的一条垂直线。","source:ai-generated"
"very","She is very happy today.","她今天非常开心。","source:ai-generated"
"vessel","The ship is a large vessel.","这艘船是一个大容器。","source:ai-generated"
"vest","He put on his vest before going to work.","他上班前穿上了背心。","source:ai-generated"
"veteran","He is a veteran of the military.","他是军队的退伍军人。","source:ai-generated"
"vex","The noise vexed him.","噪音使他烦恼。","source:ai-generated"
"via","We traveled via train to the city.","我们乘火车到达城市。","source:ai-generated"
"vibrate","The table vibrates when the machine runs.","当机器运行时，桌子会颤动。","source:ai-generated"
"vibration","The machine produces a strong vibration.","机器产生强烈的震动。","source:ai-generated"
"victorious","The victorious team won the championship.","获胜的队伍赢得了冠军。","source:ai-generated"
"victory","The victory brought hope to the struggling community.","这场胜利给挣扎的社区带来了希望。","source:ai-generated"
"video","She watched a video of her childhood home.","她观看了一段童年家的视频。","source:ai-generated"
"view","He has a clear view of the city from his window.","他从窗户可以看到整座城市。","source:ai-generated"
"viewpoint","The scientist's viewpoint on climate change is well-founded.","这位科学家对气候变化的观点很有根据。","source:ai-generated"
"vigor","The athlete's vigor helped him run the marathon.","运动员的精力帮助他完成了马拉松比赛。","source:ai-generated"
"vigorous","The young tree showed vigorous growth after the rain.","雨后，这棵小树展现出旺盛的生长。","source:ai-generated"
"vigour","The vigour of the young athlete was evident in his quick movements.","这位年轻运动员的精力在快速的动作中表现得十分明显。","source:ai-generated"
"villa","She bought a luxurious villa on the coast.","她买了一座海滨豪华别墅。","source:ai-generated"
"village","The old village is surrounded by dense forests.","这个古老的小村庄被茂密的森林环绕。","source:ai-generated"
"vine","The vine climbs the wall quickly.","藤蔓迅速攀上墙。","source:ai-generated"
"vinegar","He added vinegar to the salad for a tangy flavor.","他往沙拉里加了醋，以增添酸味。","source:ai-generated"
"violation","The police found a violation of traffic rules.","警察发现了一起违反交通规则的行为。","source:ai-generated"
"violence","The violence in the neighborhood has been increasing.","社区内的暴力行为正在增多。","source:ai-generated"
"violently","He spoke violently to his friend.","他对朋友说话非常激烈。","source:ai-generated"
"violet","She wore a violet dress to the party.","她穿了一件紫罗兰色的裙子去参加派对。","source:ai-generated"
"violin","She played a beautiful melody on the violin.","她用小提琴演奏了一段优美的旋律。","source:ai-generated"
"virtually","The meeting was virtually over by the time we arrived.","我们到达时，会议实际上已经结束了。","source:ai-generated"
"virus","The virus spreads through close contact.","病毒通过密切接触传播。","source:ai-generated"
"viscous","The liquid was viscous, making it difficult to pour.","这种液体很粘稠，难以倒出。","source:ai-generated"
"visible","The visible light from the sun helps us see.","太阳发出的可见光帮助我们看见。","source:ai-generated"
"visit","He visited his grandmother last week.","他上周探望了祖母。","source:ai-generated"
"visitor","The visitor arrived at the museum entrance.","这位游客在博物馆入口处到达。","source:ai-generated"
"visual","The visual impairment affects his ability to see clearly.","视觉障碍影响了他清晰地看见的能力。","source:ai-generated"
"visualize","She visualized the complex process of building a new city in her mind.","她脑海中想象出建造一座新城市的复杂过程。","source:ai-generated"
"vitamin","The doctor prescribed vitamin C to boost her immune system.","医生开出了维生素C来增强她的免疫系统。","source:ai-generated"
"vitamine","The product contains vitamine A for better vision.","该产品含有维生素A，有助于改善视力。","source:ai-generated"
"vivid","The painting has vivid colors that catch the eye immediately.","这幅画色彩鲜明，一目了然。","source:ai-generated"
"vividly","He described the scene vividly, making it easy to picture.","他生动地描述了场景，让人容易想象。","source:ai-generated"
"vocabulary","Learning a new vocabulary helps improve language skills.","学习新词汇有助于提高语言能力。","source:ai-generated"
"vocation","Her vocation as a teacher inspired many students to pursue education.","她作为一名教师的职业使命激励了许多学生追求教育。","source:ai-generated"
"voice","She used her voice to advocate for environmental protection.","她利用自己的声音为环境保护发声。","source:ai-generated"
"volcano","Mount Fuji is a famous volcano in Japan.","富士山是日本著名的火山。","source:ai-generated"
"volleyball","We play volleyball every afternoon.","我们每天下午打排球。","source:ai-generated"
"volt","The battery provides 12 volts of electricity.","电池提供12伏的电力。","source:ai-generated"
"voltage","The voltage of the power outlet is 220 volts.","电源插座的电压是220伏。","source:ai-generated"
"vote","The citizens voted for the new leader in the election.","选民在选举中投票支持新领导人。","source:ai-generated"
"vow","She made a vow to help the poor.","她发誓要帮助穷人。","source:ai-generated"
"vowel","The English language has five vowels.","英语有五个元音。","source:ai-generated"
"voyage","The ship embarked on a long voyage across the ocean.","船开始了一段横跨海洋的漫长航行。","source:ai-generated"
"wade","He waded through the muddy river to reach the other side.","他涉过泥泞的河流到达对岸。","source:ai-generated"
"wag","The dog wagged its tail happily.","狗开心地摇着尾巴。","source:ai-generated"
"wage","She earns a high wage as a software engineer.","她作为软件工程师的工资很高。","source:ai-generated"
"waggon","The waggon carried the heavy goods across the fields.","这辆货车载着重物穿过田野。","source:ai-generated"
"waist","The belt is tight around his waist.","腰带紧贴他的腰部。","source:ai-generated"
"wait","Please wait for the bus at the stop.","请在车站等公交车。","source:ai-generated"
"waiter","The waiter brought the coffee to the table.","服务员把咖啡端到桌上。","source:ai-generated"
"waitress","The waitress smiled and served the customers.","女服务员微笑着为顾客服务。","source:ai-generated"
"wake","She wakes up early in the morning.","她清晨就醒来。","source:ai-generated"
"waken","He was waken by the alarm clock.","闹钟把他叫醒。","source:ai-generated"
"walk","They walked to the park for a picnic.","他们去公园野餐时步行了。","source:ai-generated"
"wall","The wall separates the two rooms.","墙把两个房间隔开。","source:ai-generated"
"walnut","I ate a walnut from the tree.","我吃了一颗树上的胡桃。","source:ai-generated"
"wander","The cat wandered around the garden.","猫在花园里游荡。","source:ai-generated"
"want","I want to go to the beach.","我想去海滩。","source:ai-generated"
"war","The country is at war with its neighbor.","这个国家与邻国处于战争状态。","source:ai-generated"
"ward","The patient was moved to the hospital ward.","病人被转移到医院病房。","source:ai-generated"
"wardrobe","She hung her clothes in the wardrobe.","她把衣服挂进衣柜。","source:ai-generated"
"ware","The ware was carefully inspected before use.","物品在使用前被仔细检查。","source:ai-generated"
"warm","The weather is warm today.","今天天气暖和。","source:ai-generated"
"warmth","She felt a sense of warmth in her heart.","她心中感到一阵温暖。","source:ai-generated"
"warn","Please warn me if you see the danger.","如果你看到危险，请提醒我。","source:ai-generated"
"warning","The warning sign indicates a potential hazard.","警告标志表明存在潜在危险。","source:ai-generated"
"wash","He washed his hands with warm water.","他用温水洗手。","source:ai-generated"
"wasp","The wasp stung me accidentally.","那只黄蜂不小心蜇了我。","source:ai-generated"
"waste","He wasted money on unnecessary purchases.","他为不必要的购买浪费了钱。","source:ai-generated"
"wasteful","She is a wasteful person who throws away food.","她是个浪费食物的人。","source:ai-generated"
"watch","I watch the birds flying in the sky.","我看着天空中飞鸟。","source:ai-generated"
"watchful","He is watchful of his surroundings to avoid danger.","他警惕周围环境以避免危险。","source:ai-generated"
"water","The river flows with clear water.","河流清澈地流动。","source:ai-generated"
"waterfall","The waterfall is a natural attraction in the mountains.","瀑布是山中一处自然景点。","source:ai-generated"
"waterproof","The raincoat is waterproof, so it keeps me dry.","雨衣是防水的，所以它能保持我干。","source:ai-generated"
"watertight","The sealant made the container watertight.","密封剂使容器完全不漏水。","source:ai-generated"
"watery","The soup was watery after the rice was added.","加了米饭后汤变得很稀薄。","source:ai-generated"
"watt","The light bulb uses 60 watts of power.","这个灯泡功率为60瓦。","source:ai-generated"
"wave","She waved hello to her friend.","她向朋友挥手打招呼。","source:ai-generated"
"wavelength","The wavelength of the radio signal is 100 meters.","该无线电波的波长为100米。","source:ai-generated"
"waver","He wavered between two choices.","他在两个选择之间犹豫不决。","source:ai-generated"
"wax","The candle wax melted slowly.","蜡烛的蜡慢慢融化了。","source:ai-generated"
"way","There is only one way to solve this problem.","解决这个问题只有一条路。","source:ai-generated"
"we","We are going to the park.","我们去公园。","source:ai-generated"
"weak","The bridge is weak and needs repair.","这座桥很弱，需要修理。","source:ai-generated"
"weaken","The wind weakened the bridge's structure.","风使这座桥的结构变弱了。","source:ai-generated"
"weakness","His weakness is his lack of confidence.","他的弱点是缺乏自信。","source:ai-generated"
"wear","She wears a red dress to the party.","她穿红裙子去派对。","source:ai-generated"
"weather","The weather is nice today.","今天天气不错。","source:ai-generated"
"weave","She weaves colorful threads into a tapestry.","她把彩色的丝线编织成一幅挂毯。","source:ai-generated"
"weaver","The weaver is skilled in creating intricate patterns.","织布工擅长制作复杂的图案。","source:ai-generated"
"wedding","She attended her wedding ceremony last year.","她去年参加了婚礼仪式。","source:ai-generated"
"wedge","He used a wedge to pry open the stuck door.","他用楔子撬开卡住的门。","source:ai-generated"
"wednesday","I have a meeting on Wednesday at 3 PM.","我周三下午三点有会议。","source:ai-generated"
"weed","The gardener weeds the garden every morning.","园丁每天早晨除草。","source:ai-generated"
"week","We have a week to finish the project.","我们有整整一周时间完成这个项目。","source:ai-generated"
"weekday","He works on weekday mornings.","他工作日的早晨上班。","source:ai-generated"
"weekend","They plan to have a picnic on the weekend.","他们计划在周末野餐。","source:ai-generated"
"weekly","The newspaper publishes a weekly edition.","这份报纸每周出版一期。","source:ai-generated"
"weep","She wept bitterly when she heard the news.","听到消息时，她悲痛地哭泣。","source:ai-generated"
"weigh","The scale weighs the object to determine its mass.","天平称量物体以确定其质量。","source:ai-generated"
"weight","The heavy weight of the backpack made him tired.","背包的重量让他感到疲惫。","source:ai-generated"
"welcome","We welcome new students to our school.","我们欢迎新同学加入学校。","source:ai-generated"
"weld","The welder welded the metal pieces together.","焊工将金属部件焊接在一起。","source:ai-generated"
"welfare","The government provides welfare benefits to the poor.","政府为穷人提供福利补助。","source:ai-generated"
"well","He is well prepared for the exam.","他为考试准备充分。","source:ai-generated"
"well-known","The well-known author wrote a popular book.","这位广为人知的作家写了一本畅销书。","source:ai-generated"
"west","The sun sets in the west.","太阳在西方落下。","source:ai-generated"
"western","He is a westerner who loves the western genre.","他是一位热爱西部片的西方人。","source:ai-generated"
"westward","The ship sailed westward along the coast.","船沿着海岸向西航行。","source:ai-generated"
"wet","The clothes are wet after the rain.","雨后衣服湿了。","source:ai-generated"
"whale","The whale is a large marine animal.","鲸鱼是一种大型海洋动物。","source:ai-generated"
"wharf","The cargo was unloaded at the wharf.","货物在码头卸下。","source:ai-generated"
"what","What is your name?","你叫什么名字？","source:ai-generated"
"whatever","Whatever you say is correct.","你说什么都是对的。","source:ai-generated"
"wheat","The farmer harvested the wheat from the field.","农民从田里收获了小麦。","source:ai-generated"
"wheel","The car's wheel turned smoothly on the road.","汽车的车轮在道路上平稳转动。","source:ai-generated"
"when","When the sun rises, it brings light to the world.","当太阳升起时，它为世界带来光明。","source:ai-generated"
"whenever","Whenever it rains, the streets get wet.","下雨时，街道就会变湿。","source:ai-generated"
"where","Where is the nearest hospital?","最近的医院在哪里？","source:ai-generated"
"whereby","The method works whereby the data is processed quickly.","该方法通过快速处理数据来实现。","source:ai-generated"
"wherever","Wherever you go, I will follow you.","无论你去哪里，我都会跟着你。","source:ai-generated"
"whether","Whether it rains or not, we will go to the park.","无论是否下雨，我们都会去公园。","source:ai-generated"
"which","Which book do you prefer?","你更喜欢哪本书？","source:ai-generated"
"whichever","Take whichever option you like.","你喜欢哪个选项就选哪个。","source:ai-generated"
"while","While waiting for the bus, I read a book.","等公交车时，我读了一本书。","source:ai-generated"
"whilst","Whilst he was sleeping, the cat jumped on the table.","他睡觉时，猫跳上了桌子。","source:ai-generated"
"whip","The teacher used a whip to discipline the students.","老师用鞭子来管教学生。","source:ai-generated"
"whirl","The wind whirled the leaves around the garden.","风把花园里的树叶卷得旋转起来。","source:ai-generated"
"whisker","The cat has a long whisker on its nose.","猫的鼻子上有一根长胡须。","source:ai-generated"
"whisky","He drinks whisky after dinner.","他饭后喝威士忌。","source:ai-generated"
"whisper","She whispered a secret to her friend.","她向朋友低语了一个秘密。","source:ai-generated"
"whistle","He whistled a tune to his dog.","他吹着曲调叫他的狗。","source:ai-generated"
"white","The sky was white with snow.","天空被雪覆盖得一片洁白。","source:ai-generated"
"whitewash","The teacher gave the class a whitewash for their poor performance.","老师因为他们的表现差而给了全班一记白眼。","source:ai-generated"
"who","Who is coming to the party?","谁要来参加派对？","source:ai-generated"
"whoever","Whoever breaks the rule will be punished.","谁违反规则就会被惩罚。","source:ai-generated"
"whole","The whole team worked together to finish the project.","整个团队共同努力完成了这个项目。","source:ai-generated"
"wholesome","The food was wholesome and full of nutrients.","这食物很健康，富含营养。","source:ai-generated"
"wholly","She was wholly convinced by the evidence.","她完全被证据说服了。","source:ai-generated"
"whom","Who is the person whom you are talking to?","你正在和谁说话？","source:ai-generated"
"whose","This is the book whose pages are torn.","这本书的页码被撕掉了。","source:ai-generated"
"why","Why did you leave early?","你为什么早走了？","source:ai-generated"
"wicked","The wicked man stole the money.","那个坏人偷了钱。","source:ai-generated"
"wide","The river flows through a wide valley.","这条河流经一个宽阔的山谷。","source:ai-generated"
"widely","The new policy is widely supported.","这项新政策得到了广泛支持。","source:ai-generated"
"widen","The river widened after the heavy rain.","暴雨过后，河流变宽了。","source:ai-generated"
"widespread","The widespread use of smartphones has transformed how people communicate.","智能手机的广泛使用改变了人们的交流方式。","source:ai-generated"
"widow","After her husband's death, she became a widow.","丈夫去世后，她成了寡妇。","source:ai-generated"
"width","The width of the road is 10 meters.","这条路的宽度是10米。","source:ai-generated"
"wield","He wielded a sword with great skill.","他挥舞剑术十分娴熟。","source:ai-generated"
"wife","She is my wife.","她是我的妻子。","source:ai-generated"
"wild","The wild animals live in the forest.","野生动物生活在森林中。","source:ai-generated"
"wilful","He is a wilful child who refuses to listen.","他是个任性的孩子，拒绝听从。","source:ai-generated"
"will","She will help us finish the project.","她会帮助我们完成这个项目。","source:ai-generated"
"willing","She is willing to help with the project.","她愿意帮忙完成这个项目。","source:ai-generated"
"willow","The willow tree by the river is very beautiful.","河岸边的柳树非常美丽。","source:ai-generated"
"win","He won the competition by working hard.","他通过努力赢得了比赛。","source:ai-generated"
"wind","The wind blew the leaves across the street.","风把树叶吹到了街道上。","source:ai-generated"
"winding","The winding path leads to the lake.","蜿蜒的小路通向湖边。","source:ai-generated"
"windmill","The old windmill stood in the field.","那座老风车矗立在田野里。","source:ai-generated"
"window","She opened the window to let fresh air in.","她打开窗户让新鲜空气进来。","source:ai-generated"
"windy","It is windy outside today.","今天外面风很大。","source:ai-generated"
"wine","He drank a glass of red wine.","他喝了一杯红酒。","source:ai-generated"
"wing","The bird's wing helped it fly.","鸟的翅膀帮助它飞行。","source:ai-generated"
"wink","She winked at him to signal a secret message.","她朝他眨了眨眼，示意一个秘密信息。","source:ai-generated"
"winner","The winner of the race was the fastest runner.","比赛中获胜的是跑得最快的人。","source:ai-generated"
"winter","It is winter in the northern hemisphere.","北半球现在是冬季。","source:ai-generated"
"wipe","He wiped the table with a cloth.","他用布擦了桌子。","source:ai-generated"
"wire","The electric wire connected the two houses.","电线将两栋房子连接起来。","source:ai-generated"
"wireless","The wireless signal reached the farthest point.","无线电信号到达了最远点。","source:ai-generated"
"wisdom","His wisdom benefited the entire team greatly.","他的智慧让整个团队都受益匪浅。","source:ai-generated"
"wise","The wise suggestion made the team's decision more efficient.","这个明智的建议让团队的决策更加高效。","source:ai-generated"
"wish","His biggest wish is to become a doctor.","他最大的愿望是成为一名医生。","source:ai-generated"
"wit","His wit made the entire meeting light and enjoyable.","他的机智让整个会议都变得轻松愉快。","source:ai-generated"
"with","We are working with the team to complete the project.","和...在一起","source:ai-generated"
"wither","The leaves withered in the cold wind.","叶子在冷风中枯萎了。","source:ai-generated"
"withhold","He decided to withhold the message from others temporarily to avoid unnecessary trouble.","他决定暂时不把消息告诉别人，以免引起不必要的麻烦。","source:ai-generated"
"within","He felt warmth and hope flowing within.","他感到内心深处的温暖和希望在其中流动。","source:ai-generated"
"without","There is no option without this.","没有这个选项。","source:ai-generated"
"withstand","He withstood the immense pressure.","他顶住了巨大的压力。","source:ai-generated"
"witty","She is a witty person.","她是个富于机智的人。","source:ai-generated"
"woe","He felt deep woe.","他感到深深的悲伤。","source:ai-generated"
"wolf","The wolf devoured the entire cake.","狼吞虎咽地吃掉了整个蛋糕。","source:ai-generated"
"woman","She is a gentle woman.","她是个温柔的女仆。","source:ai-generated"
"wonder","This discovery is a wonder.","这个发现令人惊讶。","source:ai-generated"
"wonderful","This plan is wonderful.","这个计划非常奇妙。","source:ai-generated"
"wood","Wood is an indispensable material in construction.","木材是建筑中不可或缺的材料。","source:ai-generated"
"wooden","This wooden chair looks quite stupid.","这个木制的椅子看起来很呆笨。","source:ai-generated"
"woodpecker","The woodpecker was tapping on the tree bark.","那只啄木鸟在树干上敲击着树皮。","source:ai-generated"
"wool","This sweater is made from wool.","这件毛衣是用羊毛制成的。","source:ai-generated"
"woollen","This woollen garment surprised everyone.","这件毛织品是用羊毛制成的。","source:ai-generated"
"word","This word confused him.","这句话让他感到困惑。","source:ai-generated"
"work","This work requires teamwork to complete.","这项工作需要团队合作才能完成。","source:ai-generated"
"worker","This worker works 12 hours a day.","这位工人每天工作12小时。","source:ai-generated"
"workman","The workman repaired the fence outside the factory.","工人在工厂外修好了篱笆。","source:ai-generated"
"workpiece","A workpiece is a part produced during manufacturing.","工件是制造过程中产生的零件。","source:ai-generated"
"workshop","The workshop was filled with enthusiastic discussions as everyone actively brainstormed solutions.","这个技术研讨会的现场气氛非常热烈，大家在工作坊里积极讨论着解决方案。","source:ai-generated"
"world","The world is the space where humans live together.","世界是人类共同生活的空间。","source:ai-generated"
"world-wide","This product has a world-wide coverage.","这个产品具有全球覆盖的特性。","source:ai-generated"
"worm","The worm slowly crawls on the grass.","蜗牛缓慢地爬行在草地上。","source:ai-generated"
"worry","He worries that it will rain tomorrow.","他担心明天会下雨。","source:ai-generated"
"worse","The situation gets worse.","情况变得更糟了。","source:ai-generated"
"worship","I worship God with devotion.","我虔诚地崇拜上帝。","source:ai-generated"
"worst","His worst decision led to a disaster.","他最坏的决定导致了灾难。","source:ai-generated"
"worth","The economic worth of this project is worth further investment.","这个项目的经济价值值得我们进一步投资。","source:ai-generated"
"worthless","This idea is worthless and not worth considering.","这个想法毫无价值，完全不值得考虑。","source:ai-generated"
"would","I hope you would help me.","我希望你能愿意帮助我。","source:ai-generated"
"wound","He accidentally cut himself and left a wound.","他不小心割伤了手，留下了一道伤口。","source:ai-generated"
"wrap","She wrapped her face with a tissue.","她用纸巾把脸裹起来。","source:ai-generated"
"wrath","His wrath made him lose his sanity.","他的愤怒使他失去了理智。","source:ai-generated"
"wreath","They laid a wreath at the memorial on Remembrance Day.","纪念日当天，他们在纪念碑前敬献了花圈。","source:ai-generated"
"wrench","He used the wrench to tighten the bolt.","他用扳手拧紧了螺栓。","source:ai-generated"
"wrestle","He engaged in a fierce wrestle with his opponent in the competition.","他和对手在摔跤比赛中激烈地扭斗。","source:ai-generated"
"wretched","The wretched result made us feel very unfortunate.","这个糟糕的结果让人感到非常不幸。","source:ai-generated"
"wring","He wrung the wet towel dry before hanging it outside.","他把湿毛巾拧干后，挂到外面晾晒。","source:ai-generated"
"wrinkle","The wrinkle on his face gave him a sense of wisdom.","他脸上的一道皱纹让他显得格外有智慧。","source:ai-generated"
"wrist","His wrist was very flexible during the exercise.","他的手腕在运动时很灵活。","source:ai-generated"
"write","He wrote a letter to his friend with a pen.","他用钢笔写了一封信给朋友。","source:ai-generated"
"writer","The writer recently published a new book.","这位作家最近出版了一本新书。","source:ai-generated"
"writing","His calligraphy writing attracted widespread attention at the exhibition.","他的书法作品在展览中引起了广泛关注","source:ai-generated"
"wrong","The wrong decision made the team stuck in trouble.","这个错误的决定让团队陷入了困境。","source:ai-generated"
"x-ray","The x-ray result showed an anomaly.","X光检查结果显示有异常。","source:ai-generated"
"xerox","The office uses xerox to make copies quickly.","静电复印","source:ai-generated"
"yard","The yard was filled with all kinds of tools.","这个小院里堆满了各种各样的工具。","source:ai-generated"
"yawn","He yawned and rubbed his eyes.","他打了个哈欠，然后揉了揉眼睛。","source:ai-generated"
"year","This year is 2:23.","今年的年份是2023年。","source:ai-generated"
"yearly","The event is held yearly.","每年举办一次的活动","source:ai-generated"
"yearn","He yearns to go home.","他渴望回家","source:ai-generated"
"yeast","Bread needs yeast to ferment.","面包需要酵母发酵","source:ai-generated"
"yellow","The sun is yellow.","太阳是黄色的","source:ai-generated"
"yes","Yes, I agree.","是的，我同意","source:ai-generated"
"yesterday","I went to the park yesterday.","昨天我去了公园","source:ai-generated"
"yet","Although he was tired, he worked yet.","尽管他很累，他仍然坚持工作","source:ai-generated"
"yielding","This material is yielding.","这个材料容易弯曲","source:ai-generated"
"yoke","The yoke is the device used to connect two oxen for pulling heavy loads.","牛轭是牛和牛之间用来拉重物的连接装置。","source:ai-generated"
"yolk","The yolk is the most important part of the egg, containing rich protein and fat.","蛋黄是鸡蛋中最重要的部分，它含有丰富的蛋白质和脂肪。","source:ai-generated"
"you","Have you eaten today?","你今天吃饭了吗？","source:ai-generated"
"young","The young engineers are discussing the project plan.","年轻的工程师们正在讨论项目计划。","source:ai-generated"
"youngster","The youngster was running happily in the park.","这个年轻人在公园里开心地跑步。","source:ai-generated"
"your","Your phone is on the table.","你的手机在桌子上。","source:ai-generated"
"yours","This is yours, not mine.","你的(东西)","source:ai-generated"
"yourself","You have to be careful yourself.","你自己要小心点。","source:ai-generated"
"youth","Youth students actively participate in club activities at university.","年轻人在大学里积极参加社团活动","source:ai-generated"
"youthful","The youthful energy of this young man made him stand out in the team.","这个年轻人的青春活力让他在团队中脱颖而出。","source:ai-generated"
"zeal","His zeal for helping others brought the community together.","他的热心帮助让社区更加团结。","source:ai-generated"
"zealous","He is zealous about learning new skills.","他热衷于学习新技能。","source:ai-generated"
"zebra","Zebra stripes are the most distinctive feature of zebras.","斑马的条纹是其最显著的特征","source:ai-generated"
"zero","In scientific experiments, we need to zero the sensor.","在科学实验中，我们需要将传感器归零","source:ai-generated"
"zinc","The bicycle chain needs to be zinc-coated to prevent rust.","自行车链条需要镀锌以防止生锈","source:ai-generated"
"zone","This area is divided into three distinct functional zones.","这个区域被划分为三个不同的功能区","source:ai-generated"
"zoo","The zoo has many different animals.","动物园里有各种各样的动物。","source:ai-generated"
"a","Each person has a unique identity.","每个人都有独特的身份。","source:ai-generated"
"i","I need to finish my homework before dinner.","我需要在晚餐前完成作业。","source:ai-generated"
"labor","The labor market requires skilled workers.","劳动力市场需要技术熟练的工人。","source:ai-generated"
"gender","Gender equality is important for social progress.","性别平等对社会进步很重要。","source:ai-generated"
"identity","Her identity as a teacher is well-known.","她作为教师的身份广为人知。","source:ai-generated"
"fat","Excess fat can lead to health problems.","过多的脂肪可能导致健康问题。","source:ai-generated"
"obesity","Obesity rates are rising globally.","全球肥胖率正在上升。","source:ai-generated"
"gene","The new gene discovery could lead to better cancer treatments.","新的基因发现可能带来更有效的癌症治疗。","source:ai-generated"
"homework","Homework helps students reinforce their learning.","作业帮助学生巩固所学知识。","source:ai-generated"
"email","Send an email to your friend to share the news.","给朋友发电子邮件分享消息。","source:ai-generated"
"favor","She expressed her favor for the new policy proposal.","她对新政策提案表示支持。","source:ai-generated"
"worldwide","The problem affects people worldwide.","这个问题影响全球人群。","source:ai-generated"
"excerpt","The excerpt from the book explains the concept clearly.","书中的摘录清晰地解释了该概念。","source:ai-generated"
"guideline","Follow the guideline for proper communication.","遵循正确的沟通指导原则。","source:ai-generated"
"judgment","The judge made a fair judgment in the case.","法官在该案中做出了公正的裁决。","source:ai-generated"
"honor","He earned honor through his hard work.","他通过辛勤工作赢得了荣誉。","source:ai-generated"
"favorite","Her favorite color is blue.","她最喜欢的颜色是蓝色。","source:ai-generated"
"neighbor","The neighbor helped me fix the leaky faucet.","邻居帮我修理漏水的水龙头。","source:ai-generated"
"neighborhood","The neighborhood park is a popular spot for families.","小区公园是家庭们常去的热门场所。","source:ai-generated"
"defense","Military defense is crucial for national security.","军事防卫对国家安全至关重要。","source:ai-generated"
"ethic","The company follows a strict ethic of honesty and fairness.","这家公司恪守诚实与公平的原则。","source:ai-generated"
"humor","His humor makes the conversation enjoyable.","他的幽默感让对话变得愉快。","source:ai-generated"
"tension","The tension between the two teams was high.","两队之间的紧张局势很高。","source:ai-generated"
"celebrity","The celebrity attended the charity event.","名人参加了慈善活动。","source:ai-generated"
"copyright","Respect copyright laws when sharing content.","分享内容时要尊重版权法。","source:ai-generated"
"holder","The copyright holder has the right to distribute the work.","版权持有者有权分发该作品。","source:ai-generated"
"housework","Housework includes cleaning and cooking.","家务包括清洁和烹饪。","source:ai-generated"
"habitat","The animal's habitat is in the forest.","该动物的栖息地在森林中。","source:ai-generated"
"guy","That guy is always late.","那个家伙总是迟到。","source:ai-generated"
"organisation","The organisation supports environmental causes.","该组织支持环保事业。","source:ai-generated"
"esteem","People esteem him for his kindness.","人们因他的善良而尊敬他。","source:ai-generated"
"chat","We chat online to stay connected.","我们在线聊天以保持联系。","source:ai-generated"
"pyramid","I saw a pyramid-shaped building near the museum.","我在博物馆附近看到一座金字塔形的建筑。","source:ai-generated"
"chef","The chef prepared a delicious meal for the family dinner.","厨师为家庭晚餐准备了一道美味的菜肴。","source:ai-generated"
"click","I clicked the button to submit the form.","我点击了提交表单的按钮。","source:ai-generated"
"gadget","I found a small gadget in my pocket that could help me fix the broken watch.","我在口袋里发现了一个小玩意儿，能帮我修好坏掉的手表。","source:ai-generated"
"agenda","We reviewed the meeting agenda before the conference started.","会议开始前，我们回顾了议程。","source:ai-generated"
"excitement","The children's excitement when they saw the fireworks display was so strong that they couldn't stop jumping.","当孩子们看到烟花表演时，他们兴奋得跳个不停。","source:ai-generated"
"laptop","I need to check my laptop for the latest updates.","我需要检查笔记本电脑以获取最新更新。","source:ai-generated"
"underlie","The economic policies of the country really **underlie** the stability of the nation.","该国的经济政策实际上构成了国家稳定的基石。","source:ai-generated"
"hormone","The doctor explained that the hormone levels in her blood were too high.","医生解释说她的血液中激素水平过高。","source:ai-generated"
"enrol","I need to enrol in the new online course before the deadline.","我需要在截止日期前报名参加新在线课程。","source:ai-generated"
"realise","After studying the report carefully, I realised that the company's strategy was outdated.","仔细阅读报告后，我意识到公司的战略已经过时了。","source:ai-generated"
"opt","I'll opt for the blue shirt.","我选择蓝色衬衫。","source:ai-generated"
"blog","I read a blog about gardening that my friend shared with me yesterday.","我昨天朋友分享给我一个关于园艺的博客。","source:ai-generated"
"favorable","The weather forecast predicts favorable conditions for the upcoming hiking trip.","天气预报显示即将到来的徒步旅行条件有利。","source:ai-generated"
"demographic","The city's demographic data shows a growing number of young people.","该城市的人口数据显示年轻人口正在增加。","source:ai-generated"
"downtown","I need to go downtown to buy some groceries.","我需要去市中心买一些杂货。","source:ai-generated"
"practitioner","The doctor is a practitioner of medicine.","这位医生是医学的从业者。","source:ai-generated"
"cyberspace","When I checked my email, I found a suspicious link in cyberspace that might be a phishing attempt.","当我检查电子邮件时，在网络空间中发现了一个可疑的链接，可能是钓鱼攻击。","source:ai-generated"
"kindergarten","My little brother is in kindergarten and he loves to play with the other kids.","我弟弟上幼儿园，他喜欢和其他小朋友一起玩。","source:ai-generated"
"blueprint","The architect showed me the blueprint for the new school building.","建筑师向我展示了新学校建筑的蓝图。","source:ai-generated"
"sociable","She is a sociable person who always makes friends easily.","她是个善于交际的人，总能轻易交到朋友。","source:ai-generated"
"diabetes","My doctor told me that I have diabetes, so I need to monitor my blood sugar levels carefully.","我的医生告诉我我患有糖尿病，因此我需要仔细监测我的血糖水平。","source:ai-generated"
"empathy","When I saw my friend crying, I felt a sudden sense of empathy.","当我看到朋友在哭泣时，我突然产生了一种共鸣。","source:ai-generated"
"vaccine","The doctor gave me a vaccine to prevent the flu.","医生给我打了一针流感疫苗来预防流感。","source:ai-generated"
"predator","The lion is a predator that hunts in the savanna.","狮子是草原上捕食的食肉动物。","source:ai-generated"
"tactic","The team used a clever tactic to win the game.","球队用了一个巧妙的策略来赢得比赛。","source:ai-generated"
"algorithm","To find the shortest path from point A to point B, I used a specific algorithm.","为了找到从A点到B点的最短路径，我使用了一个特定的算法。","source:ai-generated"
"affluent","The affluent family decided to buy a new house in the city center.","这个富裕的家庭决定在市中心买一套新房子。","source:ai-generated"
"tangible","A tangible object can be touched and measured.","有形的物体可以被触摸和测量。","source:ai-generated"
"gram","I need to weigh the apples to know how many grams they weigh.","我需要称苹果的重量，以知道它们有多少克。","source:ai-generated"
"renovate","The old library needs to be renovated to improve its condition.","旧图书馆需要翻新以改善其状况。","source:ai-generated"
"trash","I threw the plastic bottles into the trash bin.","我把塑料瓶扔进了垃圾桶。","source:ai-generated"
"embryo","The embryo developed into a baby after several weeks of growth in the mother's womb.","胚胎在母亲子宫中经过数周的发育后，最终成长为一个婴儿。","source:ai-generated"
"vapor","The steam from the boiling water rises as vapor.","沸水产生的蒸汽上升为水蒸气。","source:ai-generated"
"chancellor","The chancellor of Germany is the head of government.","德国总理是政府首脑。","source:ai-generated"
"hijack","The airline staff hijacked the plane to demand ransom.","航空公司人员劫持飞机索要赎金。","source:ai-generated"
"fiscal","The government's fiscal policy affects the economy.","政府的财政政策影响经济。","source:ai-generated"
"archive","I need to check the archive for last month's sales report.","我需要查阅上个月的销售报告存档。","source:ai-generated"
"hybrid","The farmer planted a hybrid rice variety to increase crop yield.","农民种植了杂交水稻品种以提高产量。","source:ai-generated"
"broker","The real estate broker helped me find a suitable apartment in the city.","房地产经纪人帮我找到了城里的合适公寓。","source:ai-generated"
"beverage","I need to buy a beverage for the party.","我需要为派对买一瓶饮料。","source:ai-generated"
"marital","The marital status of the couple is important for legal purposes.","这对夫妇的婚姻状况对法律事务很重要。","source:ai-generated"
"pub","After work, I went to the pub to drink with my friends.","下班后，我和朋友去酒吧喝酒。","source:ai-generated"
"organise","I need to organise the students' club meeting next week.","我需要下周组织学生会会议。","source:ai-generated"
"situate","The ancient city is situate on a hill overlooking the river.","这座古老的城市坐落在河对岸的山丘上。","source:ai-generated"
"accountant","The company's accountant helps me with my tax returns.","公司的会计师帮我处理税务申报。","source:ai-generated"
"erase","I erased the mistake on the paper with a pencil.","我用铅笔把纸上的错误抹去了。","source:ai-generated"
"aluminum","The new smartphone uses aluminum for the frame to make it lightweight and strong.","这款新智能手机使用铝材作为框架，使其轻便且坚固。","source:ai-generated"
"gut","After the surgery, the doctor checked his gut for any signs of infection.","手术后，医生检查了他的内脏是否有感染迹象。","source:ai-generated"
"scenario","The actor's first scene in the play was a busy market scenario.","演员在戏剧中第一次出现的场景是一个繁忙的市场场景。","source:ai-generated"
"juvenile","The juvenile in the biology class was excited to learn about the life cycle of insects.","生物课上，这位青少年对昆虫生命周期很兴奋。","source:ai-generated"
"evade","To evade the police, she ran through the alleyway.","为了躲避警察，她穿过小巷跑开。","source:ai-generated"
"dental","The dentist checked my dental health during the appointment.","牙医在预约时检查了我的牙齿健康。","source:ai-generated"
"flavor","The chef added a pinch of salt to enhance the flavor of the dish.","厨师往菜里加了一点盐，以提升这道菜的风味。","source:ai-generated"
"administer","The manager has to administer the team's daily tasks.","经理需要管理团队的日常任务。","source:ai-generated"
"aspire","She aspires to become a doctor.","她立志成为一名医生。","source:ai-generated"
"clause","The contract includes a clause that requires both parties to sign before the payment is made.","合同中包含一条款，要求双方在付款前签署。","source:ai-generated"
"doorway","I saw a cat at the doorway.","我在门口看到一只猫。","source:ai-generated"
"prosper","Small businesses can prosper with the right support.","得到适当支持后，小企业也能兴旺发展。","source:ai-generated"
"awe","The ancient temple's towering stone pillars made me feel a deep sense of awe.","古庙高耸的石柱让我感到深深的敬畏。","source:ai-generated"
"eyebrow","She gently touched her eyebrow with a finger to check if it was clean.","她用手指轻轻碰了碰眉毛，确认是否干净。","source:ai-generated"
"heroin","She found a small packet of heroin hidden under her bed.","她在床底发现了一小包海洛因。","source:ai-generated"
"lottery","I bought a lottery ticket this morning and hope to win the big prize.","今早我买了一张彩票，希望能中大奖。","source:ai-generated"
"pottery","I bought a beautiful pottery vase from the antique shop.","我在古董店买了一个漂亮的陶器花瓶。","source:ai-generated"
"jewelry","She carefully put the diamond jewelry on the display case.","她仔细地将钻石珠宝放在展示柜里。","source:ai-generated"
"recognise","I realised that I had recognised the sign of danger when I saw the smoke.","当我看到烟雾时，我意识到自己已经察觉到危险的征兆。","source:ai-generated"
"courtyard","After the rain, the courtyard was covered with a layer of water.","雨后，院子里铺了一层水。","source:ai-generated"
"fax","I need to send a fax to my client about the new project proposal.","我需要向我的客户发送一份关于新项目提案的传真。","source:ai-generated"
"meditation","After a long day of work, I practice meditation to relax my mind.","工作了一整天后，我通过冥想来放松头脑。","source:ai-generated"
"mandate","The company's new CEO was given a mandate to negotiate a deal with the rival firm.","这家公司的新CEO被授权与竞争对手公司谈判达成协议。","source:ai-generated"
"hygiene","After washing hands with soap, I checked the hygiene of my kitchen.","用肥皂洗手后，我检查了厨房的卫生。","source:ai-generated"
"anecdote","My grandmother told me an anecdote about how she once helped a lost child find their way home.","我奶奶曾给我讲过一个轶事，说她有一次帮迷路的孩子找到了回家的路。","source:ai-generated"
"dividend","In the math problem, 12 is the dividend when we divide 24 by 2.","在数学题中，当我们将24除以2时，12是被除数。","source:ai-generated"
"toil","After working 12 hours a day for three months, she finally finished the project, but her body was too tired to continue toil.","她连续三个月每天工作12小时，终于完成了项目，但身体太累，再也无法继续辛苦。","source:ai-generated"
"coke","The factory used coke to make steel.","工厂用焦炭炼钢。","source:ai-generated"
"custody","The police took the suspect into custody after the robbery.","抢劫后，警方将嫌疑人带入了羁押状态。","source:ai-generated"
"erode","The river's constant flow slowly erodes the limestone cliffs over time.","河流的持续流动会随着时间慢慢侵蚀石灰岩峭壁。","source:ai-generated"
"mentor","My high school teacher, who was my mentor during my first year of college, helped me with my math problems.","我的高中老师，他在大学大一期间担任我的导师，帮助我解决数学问题。","source:ai-generated"
"taboo","In some cultures, it's a taboo to speak about money openly.","在某些文化中，公开谈论金钱是禁忌。","source:ai-generated"
"mold","The plastic mold for making toy cars is very detailed.","制作玩具汽车的塑料模子非常精细。","source:ai-generated"
"surveillance","The security camera in the park is constantly monitoring the area for any signs of surveillance.","公园里的安全摄像头一直在监视该区域，以防有可疑的监视行为。","source:ai-generated"
"align","I need to align the screws so that they are all in a straight line.","我需要将螺丝调整成一条直线。","source:ai-generated"
"criticise","The teacher criticised the student for not completing the homework.","老师因为学生没完成作业而批评了他。","source:ai-generated"
"genre","This novel belongs to the fantasy genre.","这部小说属于奇幻类型。","source:ai-generated"
"acclaim","The audience acclaims the winner with loud cheers.","观众用热烈的掌声欢呼庆祝获胜者。","source:ai-generated"
"carbohydrate","The doctor told me that my diet needs more carbohydrates to maintain energy levels.","医生告诉我，我的饮食需要更多的碳水化合物来维持能量水平。","source:ai-generated"
"cop","I saw a cop at the corner of the street.","我在街角看到一个警察。","source:ai-generated"
"rumor","The teacher said that the rumor about the school's new policy was spreading quickly among students.","老师说，关于学校新政策的传闻在学生中迅速传播。","source:ai-generated"
"characterise","Clear, simple lines characterise her paintings.","她的画作以清晰简洁的线条为特色。","source:ai-generated"
"sarcastic","His sarcastic remark about the new policy made everyone laugh.","他对新政策的讽刺性评论让大家笑起来。","source:ai-generated"
"ape","The monkey was an ape that lived in the jungle.","这只猴子是生活在丛林里的猿。","source:ai-generated"
"audio","I need to check the audio settings on my smartphone to make sure the sound works properly.","我需要检查智能手机上的音频设置，以确保声音正常工作。","source:ai-generated"
"deplete","The battery of my phone was completely depleted after using it for two hours.","我用手机两小时后，电池完全耗尽了。","source:ai-generated"
"drone","The police used a drone to survey the area after the earthquake.","地震后，警察用无人机对现场进行勘查。","source:ai-generated"
"industrialise","The government plans to industrialise the rural areas by building new factories and improving transportation.","政府计划通过建设新工厂和改善交通来实现农村地区工业化。","source:ai-generated"
"kilometre","The distance from my home to school is three kilometres.","我家到学校的距离是三公里。","source:ai-generated"
"lapse","The password expired after a lapse of 30 days.","密码在30天后失效。","source:ai-generated"
"rehearse","The drama club students rehearsed their play for the school festival.","戏剧社的学生们为校庆排演了他们的戏剧。","source:ai-generated"
"utilise","I need to utilise the solar energy to power my home.","我需要利用太阳能来为家供电。","source:ai-generated"
"vegetarian","I am a vegetarian, so I don't eat meat.","我是素食者，所以我不吃肉。","source:ai-generated"
"brochure","I need to download the product brochure to get started.","我需要下载产品手册以开始。","source:ai-generated"
"doll","My little sister played with the doll.","我妹妹在玩玩具娃娃。","source:ai-generated"
"doze","I was dozing off in the classroom when the teacher called my name.","我在课堂上打瞌睡时，老师叫了我的名字。","source:ai-generated"
"lucrative","The job offer is very lucrative, so I accepted it.","这份工作报酬丰厚，所以我接受了它。","source:ai-generated"
"aftermath","The aftermath of the accident left many people injured.","事故的后果导致许多人受伤。","source:ai-generated"
"bin","I put the plastic bottles in the bin.","我把塑料瓶放进垃圾桶。","source:ai-generated"
"bride","The bride was wearing a beautiful red dress for the wedding ceremony.","新娘在婚礼仪式上穿着一件漂亮的红色礼服。","source:ai-generated"
"feat","Her impressive feat of climbing the mountain peak in one day was recognized by the local community.","她一天内攀上山顶的壮举在当地社区中得到了认可。","source:ai-generated"
"intrude","I accidentally intruded into my friend's private conversation.","我不小心打扰了朋友的私人谈话。","source:ai-generated"
"metaphor","The teacher used a metaphor to explain the concept of time, saying that time is like a river that flows continuously.","老师用隐喻来解释时间的概念，说时间就像一条不断流动的河流。","source:ai-generated"
"dinosaur","The museum exhibit shows a fossilized dinosaur bone.","博物馆的展品展示了一块化石恐龙骨。","source:ai-generated"
"litre","The recipe requires 2 litres of water.","食谱需要2公升水。","source:ai-generated"
"memorandum","I need to send a memorandum to the client about the project deadline.","我需要向客户发送一份关于项目截止日期的备忘录。","source:ai-generated"
"postcard","I sent a postcard to my friend in Japan yesterday.","我昨天给日本的朋友寄了一张明信片。","source:ai-generated"
"resilient","The rubber band is resilient, so it can stretch and return to its original shape.","这个橡皮筋很弹力，所以可以拉伸并恢复原状。","source:ai-generated"
"censorship","The government's censorship system ensures that all online content is checked for inappropriate material before it is published.","政府的审查制度确保所有在线内容在发布前都经过不当内容的检查。","source:ai-generated"
"lateral","The lateral side of the building is painted blue.","建筑物的侧面被涂成蓝色。","source:ai-generated"
"query","The teacher asked the student a question to query his understanding of the lesson.","老师问学生一个问题以质问他对于这堂课的理解。","source:ai-generated"
"viable","The project is viable if we can secure funding by next quarter.","如果我们能在下一季度获得资金，这个项目就是可行的。","source:ai-generated"
"equity","The company's equity in the project is fair and transparent, so all stakeholders feel confident.","公司对该项目的权益公平透明，因此所有利益相关方都感到放心。","source:ai-generated"
"guild","The local craft guild helped me find a job at a pottery studio.","当地的工艺协会帮我找到了一家陶艺工作室的工作。","source:ai-generated"
"workout","After a long day at work, I did a quick workout to stay fit.","工作一天后，我做了一次快速锻炼以保持健康。","source:ai-generated"
"advent","The advent of the new technology has transformed the industry.","新技术的出现已改变了整个行业。","source:ai-generated"
"audit","The company's financial audit revealed that the accounts were not properly reconciled.","公司财务审计发现账目未正确核对。","source:ai-generated"
"conspiracy","The company's new policy might be a conspiracy to hide financial losses.","公司新政策可能是掩盖财务亏损的阴谋。","source:ai-generated"
"endorse","The teacher endorsed the student's idea for the science project.","老师支持了学生关于科学项目的创意。","source:ai-generated"
"specialise","The new software engineer specialised in machine learning algorithms to solve complex problems.","这位新软件工程师专门研究机器学习算法来解决复杂问题。","source:ai-generated"
"stance","The company's stance on environmental protection is very clear.","公司对环境保护的立场非常明确。","source:ai-generated"
"briefcase","I need to carry my briefcase to the meeting.","我需要把公文包带到会议上。","source:ai-generated"
"futile","Trying to fix the broken window with a piece of string is a futile effort.","用一根绳子去修破了的窗户是徒劳的。","source:ai-generated"
"jargon","In the tech meeting, he explained the new jargon that the team uses to communicate quickly.","在技术会议上，他解释了团队用来快速沟通的行话。","source:ai-generated"
"pharmacy","I went to the pharmacy to get some medicine for my headache.","我去看药房买头痛药。","source:ai-generated"
"protocol","The company agreed to the new data sharing protocol after negotiations.","公司在谈判后同意了新的数据共享协议。","source:ai-generated"
"sibling","My sibling is my brother.","我的兄弟是我的兄弟。","source:ai-generated"
"venue","The court case was held at the city's central venue for criminal trials.","该刑事审判在城市中心的刑事审判地举行。","source:ai-generated"
"thrift","She practiced thrift by only buying necessary items.","她通过只购买必需品来培养节俭的习惯。","source:ai-generated"
"irrigate","The farmer irrigates the crops with water from the river.","农民用河水灌溉庄稼。","source:ai-generated"
"deter","The strong wind deterred the children from playing in the open field.","强风阻止了孩子们在空地上玩耍。","source:ai-generated"
"epic","The epic poem 'Beowulf' tells the story of a hero's battles against monsters.","史诗《贝奥武甫》讲述了英雄与怪物战斗的故事。","source:ai-generated"
"fabulous","The new restaurant has fabulous food that makes everyone happy.","这家新餐厅的食物非常棒，让每个人都很开心。","source:ai-generated"
"hearing","The patient's hearing was tested using a hearing aid.","患者使用助听器进行了听力测试。","source:ai-generated"
"satire","The cartoonist used satire to criticize the government's corruption.","漫画家用讽刺来批评政府的腐败。","source:ai-generated"
"whatsoever","I'll do whatever you want, but I won't do anything whatsoever.","我会做你想要的任何事，但绝不会做任何事。","source:ai-generated"
"bail","The police officer asked, 'Can you provide a bail bond for your release?'.","警官问：'你能提供保释金吗？'。","source:ai-generated"
"bolster","The new policy will bolster the economy by encouraging investment.","新政策将通过鼓励投资来支持经济。","source:ai-generated"
"coronavirus","I got a cold from the coronavirus.","我从冠状病毒中得了感冒。","source:ai-generated"
"fertiliser","The farmer used the new fertiliser to grow more vegetables.","农民使用新型化肥来种植更多蔬菜。","source:ai-generated"
"feudal","In the feudal system, land was divided among nobles who held power over their territories.","在封建制度下，土地被分给贵族，他们掌管各自领地。","source:ai-generated"
"imminent","The storm is imminent, so we must leave the house immediately.","暴风雨即将来临，我们必须马上离开家。","source:ai-generated"
"plagiarism","The student accused his professor of plagiarism after finding identical text in his assignment.","学生在发现作业中存在与教授完全相同的文本后，指控教授剽窃。","source:ai-generated"
"plight","After losing his job, John found himself in a desperate plight.","约翰失业后，发现自己陷入了困境。","source:ai-generated"
"portfolio","After reviewing my portfolio of recent projects, I realized I need to add more diverse investment options.","在回顾我最近的项目作品集后，我意识到需要增加更多样化的投资选项。","source:ai-generated"
"tumor","The doctor found a small tumor on the patient's shoulder.","医生在患者肩部发现了一个小肿块。","source:ai-generated"
"wary","She was wary of the stranger's sudden movements.","她对陌生人突然的动作很机警。","source:ai-generated"
"statute","The new statute requires that all businesses must register their online transactions with the government.","新法规要求所有企业必须向政府登记其在线交易。","source:ai-generated"
"jurisdiction","The court has jurisdiction over all criminal cases in this district.","这家法院对本辖区内的所有刑事案件有管辖权。","source:ai-generated"
"abound","The forest abounds with rare plants.","森林里充满了稀有植物。","source:ai-generated"
"eminent","The eminent scientist Dr. Smith has made groundbreaking discoveries in the field of quantum physics.","量子物理领域的著名科学家史密斯博士做出了突破性发现。","source:ai-generated"
"rhetoric","The politician used fiery rhetoric to win support.","这位政治家用激烈的言辞争取支持。","source:ai-generated"
"cab","The driver opened the cab door to let the passenger out.","司机打开驾驶室门让乘客下车。","source:ai-generated"
"plumber","My neighbor needs a plumber to fix the leaky faucet in his kitchen.","我邻居需要请管道工修理他厨房里漏水的水龙头。","source:ai-generated"
"psychiatry","Psychiatry is the branch of medicine that deals with mental disorders.","精神病学是研究精神疾病的医学分支。","source:ai-generated"
"cashier","The cashier at the supermarket asked me to pay for my groceries with cash.","超市的收银员让我用现金支付我的杂货。","source:ai-generated"
"civilisation","The ancient Egyptian civilisation developed advanced mathematics and astronomy.","古埃及文明发展出了先进的数学和天文学。","source:ai-generated"
"compassion","When I saw the little child crying in the rain, I felt deep compassion for her.","当我看到小雨中哭泣的孩子时，我对她产生了深深的同情。","source:ai-generated"
"discretion","When discussing sensitive topics, it's important to show discretion by not revealing too much personal information.","在讨论敏感话题时，需要谨慎地避免透露过多个人信息。","source:ai-generated"
"glacier","The small glacier at the top of the mountain was melting quickly due to the rising temperatures.","山峰顶部的小冰川因气温上升而迅速融化。","source:ai-generated"
"honorable","The honorable veteran shared his story of serving in the war.","这位光荣的退伍军人分享了他在战争中服役的故事。","source:ai-generated"
"pickup","A pickup passed us on the country road.","一辆小型卡车从乡间道路上驶过。","source:ai-generated"
"stagnant","The river water was stagnant due to the heavy rain last week.","上周暴雨导致河水停滞不前。","source:ai-generated"
"wagon","The delivery truck was a big wagon that could carry 1000 kilograms of goods.","这辆送货卡车是一辆能载1000公斤货物的货车。","source:ai-generated"
"fume","The factory's smokestack was emitting thick fumes that smelled like burnt metal.","工厂的烟囱正排放着浓重的烟，气味像烧焦的金属。","source:ai-generated"
"superfluous","I don't need this superfluous detail in the report.","报告中不需要这个多余的细节。","source:ai-generated"
"defer","The meeting has been deferred to next week.","会议被推迟到下周。","source:ai-generated"
"humiliate","When he accidentally spilled coffee on his presentation slides, he humiliated himself in front of the whole class.","当他不小心把咖啡洒在演示文稿上时，他在全班同学面前丢脸了。","source:ai-generated"
"monotonous","The monotonous sound of the dripping water was the only thing that broke the silence in the empty room.","空房间里，滴水声的单调声响是唯一打破寂静的东西。","source:ai-generated"
"overhaul","After the company's financial audit, the manager decided to overhaul the entire IT system to improve efficiency.","公司财务审计后，经理决定彻底检查并革新整个IT系统以提高效率。","source:ai-generated"
"barbecue","We had a barbecue at the park last weekend.","上周末我们在公园里烧烤。","source:ai-generated"
"benevolent","The benevolent teacher always encouraged students to participate in class discussions.","这位仁慈的老师总是鼓励学生参与课堂讨论。","source:ai-generated"
"dynasty","The Ming dynasty was the last imperial dynasty in China before the Qing dynasty.","明朝是清朝之前中国最后一个王朝。","source:ai-generated"
"escalate","The conflict between the two countries escalated when they started trading weapons.","当两国开始交易武器时，冲突升级了。","source:ai-generated"
"fairy","She saw a fairy dancing in the garden.","她在花园里看见一只仙女在跳舞。","source:ai-generated"
"icon","On social media, the most popular icon for a new app is often a simple, recognizable image.","在社交媒体上，新应用最流行的图标通常是一个简单且容易识别的图像。","source:ai-generated"
"lad","The little lad ran quickly to the park.","那个小男孩飞快地跑向公园。","source:ai-generated"
"locker","I need to put my laptop in the locker before the class starts.","上课前我需要把笔记本电脑放进储物柜。","source:ai-generated"
"paradigm","The teacher showed the students a clear paradigm of how to solve quadratic equations.","老师向学生们展示了一个解二次方程的清晰范例。","source:ai-generated"
"skilful","She is a skilful cook who can prepare delicious meals with ease.","她是一位烹饪熟练的厨师，能轻松地准备美味的餐点。","source:ai-generated"
"stagnate","The river has been stagnate for days due to heavy rain.","由于暴雨，这条河已经停滞不前数天了。","source:ai-generated"
"warranty","The warranty period for this smartphone is 12 months.","这款智能手机的保修期是12个月。","source:ai-generated"
"enquiry","I need to make an enquiry about the flight schedule to Beijing.","我需要咨询北京的航班时间表。","source:ai-generated"
"hypocrisy","He noticed his friend's hypocrisy when he saw him lying about his charity work.","当他看到朋友在慈善工作上说谎时，他察觉到了他的伪善。","source:ai-generated"
"bloody","The bloody knife lay on the floor.","那把血淋淋的刀躺在地板上。","source:ai-generated"
"choir","The choir practiced singing the new song in the school auditorium.","合唱团在学校的礼堂练习新歌。","source:ai-generated"
"debut","At the school play, her debut performance was a huge success.","在学校演出中，她的首次登台表演非常成功。","source:ai-generated"
"inhale","She inhaled deeply through her nose to smell the fresh air.","她深深吸气，闻到新鲜的空气。","source:ai-generated"
"obstruct","The narrow alley obstructed the delivery of the emergency medical supplies.","狭窄的巷道妨碍了急救物资的运送。","source:ai-generated"
"panorama","I took a photo of the city skyline from the hilltop, capturing the entire panorama.","我从山顶拍下了城市天际线的全景。","source:ai-generated"
"auditorium","After the school play, we went to the auditorium to watch the final performance.","学校演出结束后，我们去了礼堂观看最终的表演。","source:ai-generated"
"clergy","The priest, who is part of the clergy, gave a blessing at the church.","作为神职人员的牧师在教堂为人们祝福。","source:ai-generated"
"cohesive","The team's strong cohesive bonds helped them overcome the challenges together.","团队的紧密团结使他们能够共同克服挑战。","source:ai-generated"
"contagious","The flu is contagious, so we should wear masks when we go out.","流感具有传染性，所以我们外出时应该戴口罩。","source:ai-generated"
"deplore","The UN Security Council deplored the recent escalation of violence in the conflict zone.","联合国安理会谴责冲突地区近期暴力局势的升级。","source:ai-generated"
"disc","I used the disc to spin the top of the game.","我用这个圆盘来玩旋转游戏。","source:ai-generated"
"emphasise","The teacher emphasised that the main point of the lesson was understanding the importance of teamwork.","老师着重强调了本节课的重点在于理解团队合作的重要性。","source:ai-generated"
"freelance","She works as a freelance graphic designer to create social media content for small businesses.","她作为自由职业平面设计师为小型企业创建社交媒体内容。","source:ai-generated"
"inverse","The inverse of 5 is 1/5.","5的倒数是1/5。","source:ai-generated"
"judicial","The judicial system ensures fairness in legal proceedings.","司法系统确保法律程序的公正性。","source:ai-generated"
"malignant","The doctor warned that the tumor was malignant, so it could spread to other parts of the body.","医生警告说这个肿瘤是恶性的，因此可能扩散到身体的其他部位。","source:ai-generated"
"numb","After the cold wind blew, his fingers felt numb.","寒风一吹，他的手指就麻木了。","source:ai-generated"
"obstruction","The narrow alleyway created an obstruction for the delivery truck to pass through.","狭窄的巷道让送货卡车无法通过。","source:ai-generated"
"outing","We went on an outing to the park this weekend.","这个周末我们去公园郊游了。","source:ai-generated"
"pneumonia","My brother has pneumonia after a cold.","感冒后，我哥哥患了肺炎。","source:ai-generated"
"sophomore","After the first year of college, I became a sophomore.","大学大一结束后，我成为了大二学生。","source:ai-generated"
"spicy","The chili peppers in the dish are very spicy.","这道菜里的辣椒非常辛辣。","source:ai-generated"
"stipulate","The company stipulates that all employees must complete their training within two weeks.","公司规定所有员工必须在两周内完成培训。","source:ai-generated"
"zip","The zipper on my jacket is broken, making a sharp zip sound when I try to open it.","我夹克上的拉链坏了，当我试图打开它时会发出尖锐的拉链声。","source:ai-generated"
"abdomen","After the surgery, the doctor checked his abdomen for any signs of infection.","手术后，医生检查了他的腹部是否有感染迹象。","source:ai-generated"
"agitate","The teacher agitated the students by asking too many questions.","老师问太多问题，让学生们躁动不安。","source:ai-generated"
"amiable","She is an amiable person who always makes friends easily.","她是个很亲切的人，很容易交朋友。","source:ai-generated"
"contingent","The contingent of Chinese delegates arrived at the conference venue at 9 AM.","中国代表团于上午9点抵达会议场地。","source:ai-generated"
"culprit","The suspect was identified as the culprit after the police found the stolen money.","警方在发现被盗的钱款后，将嫌疑人认定为罪犯。","source:ai-generated"
"minimise","To minimise the risk of errors, we should double-check all calculations before submitting the report.","为了尽量减少错误风险，我们在提交报告前应重新核对所有计算。","source:ai-generated"
"paddle","I used a paddle to row the boat in the river.","我在河里划船时用了一根桨。","source:ai-generated"
"physiology","The student studied physiology to understand how the human body works.","这位学生学习生理学以了解人体如何运作。","source:ai-generated"
"anguish","She felt deep anguish when she heard the news about her sister's accident.","当听到妹妹出车祸的消息时，她感到深深的痛苦。","source:ai-generated"
"appal","The sudden loud noise appalled the children, making them run away in fear.","突然的巨响吓坏了孩子们，他们吓得赶紧跑开。","source:ai-generated"
"brevity","The brevity of the answer was appreciated.","回答的简洁性得到了赞赏。","source:ai-generated"
"buffet","At the hotel, I chose a buffet lunch with a variety of dishes.","在酒店，我选择了一顿自助餐，有各种各样的菜肴。","source:ai-generated"
"cosy","The two companies had a cosy relationship that kept new competitors out.","这两家公司关系密切，排斥了新竞争者。","source:ai-generated"
"encyclopedia","I looked up the definition of 'encyclopedia' in the dictionary to understand what it means.","我查阅字典中‘百科全书’的定义以了解其含义。","source:ai-generated"
"enquire","I need to enquire about the train schedule to the airport.","我需要询问机场的火车时刻表。","source:ai-generated"
"generalise","The teacher asked the students to generalise the pattern from the first three examples.","老师要求学生从前三个例子中概括出规律。","source:ai-generated"
"harassment","The constant phone calls from strangers are a form of harassment.","陌生人不断打来的电话是一种骚扰。","source:ai-generated"
"lyric","She wrote a beautiful lyric poem about her childhood memories.","她写了一首关于童年回忆的抒情诗。","source:ai-generated"
"mosaic","The mosaic on the wall is made of small tiles that are all different colors.","墙上这幅马赛克是由各种不同颜色的小瓷砖组成的。","source:ai-generated"
"noodle","I'm eating a bowl of hot noodle.","我正在吃一碗热面条。","source:ai-generated"
"nostalgic","I feel nostalgic when I see old photos from my childhood.","当我看到童年旧照片时，我感到怀旧。","source:ai-generated"
"obsolete","This old telephone model is obsolete because it doesn't work with modern networks.","这款旧电话型号已经过时，因为它无法与现代网络兼容。","source:ai-generated"
"passerby","A passerby saw the dog running in the park.","公园里，一个过路人看到狗在奔跑。","source:ai-generated"
"peanut","I bought a bag of peanuts at the store.","我在商店买了一袋花生。","source:ai-generated"
"redeem","I redeemed my phone by paying the full amount at the store.","我在商店用全额支付赎回了我的手机。","source:ai-generated"
"salient","The salient feature of the new smartphone is its long-lasting battery.","新智能手机最突出的特征是其电池续航时间长。","source:ai-generated"
"sane","After the surgery, he felt completely sane and could think clearly.","手术后，他感觉完全心智健全，思维清晰。","source:ai-generated"
"sprout","The bean sprout grew quickly in the warm soil.","豆芽在温暖的土壤中迅速生长。","source:ai-generated"
"summarise","I can summarise the main points of this report in two sentences.","我可以在这份报告中用两句话概括主要观点。","source:ai-generated"
"temporal","I borrowed my friend's laptop for a temporal period to finish the report.","我向朋友借了电脑，暂时用一段时间完成报告。","source:ai-generated"
"variance","The variance in weather conditions this week caused the team to adjust their outdoor activities.","本周天气条件的变化导致团队调整了户外活动。","source:ai-generated"
"volatile","The volatile oil in the lab experiment caused the mixture to become unstable.","实验室中不稳定的油导致混合物变得不稳定。","source:ai-generated"
"witch","The little girl saw a witch in the forest.","小女孩在森林里看见了一个女巫。","source:ai-generated"
"according to","According to the report, the new policy will reduce carbon emissions by 15%.","据报告，新政策将减少碳排放量15%。","source:ai-generated"
"air conditioning","The air conditioning in my office is broken, so I have to work in the hot summer heat.","我办公室的空调坏了，所以我在炎热的夏天得在热乎乎的房间里工作。","source:ai-generated"
"albeit","He is very rich, albeit he is not happy.","他非常富有，虽然他并不快乐。","source:ai-generated"
"analog","The new smartphone has an analog clock display that shows the time without digital numbers.","这款新智能手机配备了模拟时钟显示，可以不使用数字来显示时间。","source:ai-generated"
"apologise","I apologised to my friend after he accidentally broke my phone.","我朋友不小心摔坏了我的手机后，我向他道歉。","source:ai-generated"
"artefact","The ancient artefact found in the museum is a pottery shard from the Neolithic period.","博物馆中发现的这件古代人工制品是新石器时代的陶片。","source:ai-generated"
"botany","In my biology class, we studied botany to understand how plants grow.","在生物课上，我们学习了植物学，以了解植物如何生长。","source:ai-generated"
"bowling","I love playing bowling with my friends after dinner.","晚饭后，我喜欢和朋友们打保龄球。","source:ai-generated"
"buffer","When the website is slow, the buffer helps to smooth out the loading time.","当网站加载缓慢时，缓冲区可以平滑加载时间。","source:ai-generated"
"civilise","The teacher tried to civilise the children by teaching them to share toys fairly.","老师通过教孩子们公平分享玩具来使他们文明。","source:ai-generated"
"concurrent","The concurrent events of the two meetings were scheduled to take place at the same time.","两个会议同时进行的活动时间被安排在了同一时间。","source:ai-generated"
"daunting","The towering mountain peak, with its steep slopes and icy winds, is a daunting sight for beginners.","对初学者来说，高耸入云的山峰，陡峭的斜坡和刺骨的寒风，令人畏惧。","source:ai-generated"
"ebb","The tide ebbed away slowly as the sun set.","太阳下山时，潮水慢慢退去。","source:ai-generated"
"franchise","In the 19th century, American citizens who were not slaves had the right to vote, which was a form of political franchise.","19世纪，美国非奴隶公民拥有投票权，这是政治特权的一种形式。","source:ai-generated"
"glamor","Her natural glamor captivated the audience.","她的天然魅力征服了观众。","source:ai-generated"
"grown-up","After finishing school, I became a grown-up and started working.","毕业后，我成为一名成年人并开始工作。","source:ai-generated"
"ice cream","I love eating ice cream on a hot summer day.","我喜欢在炎热的夏天吃冰淇淋。","source:ai-generated"
"influenza","I got influenza last week because I was exposed to someone who had the flu.","上周我因为接触了有流感的人而得了流行性感冒。","source:ai-generated"
"infrared","The remote control uses infrared light to send signals to the TV.","遥控器使用红外线向电视发送信号。","source:ai-generated"
"instalment","I need to pay the car loan in instalments of $500 each month.","我需要每月分期付款500美元来还汽车贷款。","source:ai-generated"
"internet","I checked the internet for information about the new smartphone model.","我查询了因特网上的新款智能手机信息。","source:ai-generated"
"invoke","The lawyer invoked the law to request a legal remedy for the client.","律师援引法律为客户提供法律救济。","source:ai-generated"
"living room","After the movie, we went to the living room to watch the game on the TV.","电影结束后，我们去了客厅看电视上的比赛。","source:ai-generated"
"mobilise","The teacher mobilised the students to prepare for the upcoming science fair.","老师动员学生们为即将到来的科学展览做准备。","source:ai-generated"
"modernisation","The country's modernisation has improved living standards significantly.","该国的现代化显著提高了生活水平。","source:ai-generated"
"normalisation","The process of normalisation in the workplace helps employees to work more efficiently.","工作场所中的正常化过程有助于员工更高效地工作。","source:ai-generated"
"o'clock","It's 3 o'clock.","现在是3点钟。","source:ai-generated"
"odds","The odds of winning the lottery are very low.","中奖的可能性非常低。","source:ai-generated"
"ought to","You ought to finish your homework before going to bed.","你睡觉前应该完成作业。","source:ai-generated"
"outskirts","I live in the outskirts of the city, where the air is cleaner.","我住在城市郊区，那里空气更清新。","source:ai-generated"
"owing to","The project was delayed owing to unexpected technical issues.","由于意外的技术问题，该项目被推迟。","source:ai-generated"
"plaintiff","In the court case, the plaintiff was the person who filed the lawsuit against the defendant.","在法庭案件中，原告是向被告提起诉讼的人。","source:ai-generated"
"proximate","The proximate cause of the accident was the driver's distraction.","事故的最接近原因是司机分心。","source:ai-generated"
"quarantine","The health authorities ordered a quarantine for all travelers arriving from the affected area.","卫生部门要求所有从受影响区域抵达的旅客进行隔离。","source:ai-generated"
"strenuous","The strenuous physical labor made him sweat profusely.","繁重的体力劳动让他大汗淋漓。","source:ai-generated"
"sympathise","I sympathise with your situation because you've been through so much hardship.","我理解你所经历的困难，因为你的处境非常艰难。","source:ai-generated"
"yourselves","You should take care of yourselves when you go out.","你们自己出去时要多加小心。","source:ai-generated"
"zigzag","The river flows in a zigzag pattern through the mountains.","河流在山间曲折蜿蜒地流淌。","source:ai-generated"
"zoom","The stock prices zoomed up rapidly after the company announced a major breakthrough.","公司宣布重大突破后，股价飞驰般急剧上涨。","source:ai-generated"
"archeology","She studied archeology at the university.","她在大学学习考古学。","source:manual"
